date,gross_return,total_cost,cost_return_drag,net_return,net_equity,gross_equity,scenario
2008-12-31,-0.0152752787995948,126.99762907583644,0.0012699762907583644,-0.016545255090353164,0.9834547449096468,0.9847247212004052,impact_Y_0.5
2009-01-08,-0.0181874529073417,129.99647779187225,0.0012999647779187225,-0.019487417685260425,0.9642897515210412,0.9668150867068777,impact_Y_0.5
2009-01-15,-0.0020912654248463,55.06360098631285,0.0005506360098631285,-0.0026419014347094285,0.9617421930430222,0.9647932197438278,impact_Y_0.5
2009-01-23,0.0130979589518689,0.0,0.0,0.0130979589518689,0.9743390528097802,0.9774300417330739,impact_Y_0.5
2009-01-30,0.0122206010226717,0.0,0.0,0.0122206010226717,0.9862460616349764,0.9893748243006673,impact_Y_0.5
2009-02-06,-0.0176382044105967,59.471833436067456,0.0005947183343606746,-0.018232922744957376,0.9682639133856674,0.9719240289109539,impact_Y_0.5
2009-02-13,0.0243696662295381,159.048842744135,0.0015904884274413498,0.022779177802096748,0.9903201692280335,0.9956094930959817,impact_Y_0.5
2009-02-23,-0.0064732504528787,0.0,0.0,-0.0064732504528787,0.9839095787440831,0.9891646634939077,impact_Y_0.5
2009-03-02,0.0112085626544352,114.7428584418231,0.001147428584418231,0.010061134070016969,0.9938088249286012,1.0002517776002324,impact_Y_0.5
2009-03-09,0.0111088853080752,218.6084895849015,0.002186084895849015,0.008922800412226185,1.002676382721348,1.0113634598767918,impact_Y_0.5
2009-03-16,0.0072303200657822,139.1325904357861,0.001391325904357861,0.005838994161424339,1.008531004265856,1.0186759413945379,impact_Y_0.5
2009-03-23,-0.0069316504445668,102.19969487825612,0.0010219969487825613,-0.007953647393349361,1.0005095042726648,1.011614835852501,impact_Y_0.5
2009-03-30,0.0065259698061286,121.24678124887006,0.0012124678124887007,0.0053135019936398995,1.0058257135182733,1.0182166037267062,impact_Y_0.5
2009-04-06,0.0142413583769294,93.14963046109247,0.0009314963046109247,0.013309862072318475,1.019213115033993,1.0327173912857182,impact_Y_0.5
2009-04-14,0.0126338824948372,0.0,0.0,0.0126338824948372,1.0320897337665293,1.0457646214575966,impact_Y_0.5
2009-04-21,0.0031888845550771,130.44540662945093,0.0013044540662945092,0.0018844304887825909,1.0340346351279985,1.0490994441072088,impact_Y_0.5
2009-04-28,0.0376836961340653,0.0,0.0,0.0376836961340653,1.0730008821102612,1.0886333887733617,impact_Y_0.5
2009-05-05,-0.059576256044096,56.39970550391428,0.0005639970550391427,-0.06014025309913514,1.0084703374845547,1.023776687265648,impact_Y_0.5
2009-05-12,0.008774555207399,43.78064812671019,0.0004378064812671019,0.008336748726131899,1.016877701285921,1.0327598723281084,impact_Y_0.5
2009-05-19,-0.019395139147033,0.0,0.0,-0.019395139147033,0.9971552167739655,1.0127293508988326,impact_Y_0.5
2009-05-27,0.0261113516469262,0.0,0.0,0.0261113516469262,1.0231922872857175,1.0391730831033155,impact_Y_0.5
2009-06-03,0.0150781115714093,458.5469164390134,0.0045854691643901335,0.010492642407019167,1.0339282780698265,1.0548418507923527,impact_Y_0.5
2009-06-10,-0.0653655711311343,0.0,0.0,-0.0653655711311343,0.966344965665162,0.9858915107622879,impact_Y_0.5
2009-06-17,-0.0104932927978886,536.5480786092525,0.005365480786092524,-0.015858773583981123,0.9510199196506582,0.9755462624729064,impact_Y_0.5
2009-06-24,-0.0073527059721916,555.8666038610589,0.005558666038610589,-0.01291137201080219,0.9387409476783654,0.9683733576426726,impact_Y_0.5
2009-07-01,-0.0431661515777054,0.0,0.0,-0.0431661515777054,0.8982191136386822,0.9265724065028574,impact_Y_0.5
2009-07-09,0.032520679792189,623.5201886529557,0.0062352018865295565,0.02628547790565944,0.9218292323046727,0.956705171039015,impact_Y_0.5
2009-07-16,0.032846055462156,489.15478164261833,0.004891547816426183,0.027954507645729817,0.9475985146271908,0.9881291621478938,impact_Y_0.5
2009-07-23,0.0041602366025208,319.0318790683512,0.003190318790683512,0.0009699178118372882,0.9485176073049982,0.9922400132562798,impact_Y_0.5
2009-07-30,0.0192251823899743,161.73939549818206,0.0016173939549818206,0.01760778843499248,0.96521890466129,1.0113160084857622,impact_Y_0.5
2009-08-06,-0.0048294248954703,0.0,0.0,-0.0048294248954703,0.9605574524535402,1.0064319337771934,impact_Y_0.5
2009-08-13,0.0408574155252868,120.24373517264053,0.0012024373517264054,0.039654978173560396,0.9986483372650361,1.047552141493446,impact_Y_0.5
2009-08-20,-0.0193170624258641,90.48968055172273,0.0009048968055172272,-0.02022195923138133,0.9784537113023758,1.0273165113818696,impact_Y_0.5
2009-08-27,-0.0096602542754356,0.0,0.0,-0.0096602542754356,0.9690015996544512,1.0173923726605674,impact_Y_0.5
2009-09-03,0.0161312836008107,236.4559261341272,0.002364559261341272,0.013766724339469428,0.982341577561399,1.0338042175572566,impact_Y_0.5
2009-09-11,0.0034015333850357,304.5171117654413,0.0030451711176544133,0.00035636226738128664,0.9826916470333216,1.0373207371168682,impact_Y_0.5
2009-09-18,0.0171654707467512,192.98487184232917,0.0019298487184232916,0.01523562202832791,0.9976635655379162,1.0551268358848462,impact_Y_0.5
2009-09-25,-0.0056695149469962,0.0,0.0,-0.0056695149469962,0.9920072970410255,1.0491447785178203,impact_Y_0.5
2009-10-02,0.0132368370011745,0.0,0.0,0.0132368370011745,1.0051383359359332,1.063032136941694,impact_Y_0.5
2009-10-09,-0.0123983795583268,194.87278737896304,0.0019487278737896304,-0.01434710743211643,0.9907175082461216,1.0498522610251917,impact_Y_0.5
2009-10-16,-0.0209216092559243,171.76269508035986,0.0017176269508035987,-0.0226392362067279,0.9682884205627967,1.027887662243574,impact_Y_0.5
2009-10-23,-0.0444350543368196,67.837749292639,0.00067837749292639,-0.04511343182974599,0.9246056069102045,0.9822134181196343,impact_Y_0.5
2009-10-30,0.0583040400012195,195.48772361735763,0.001954877236173576,0.056349162765045924,0.9767063587474617,1.039480428539416,impact_Y_0.5
2009-11-06,0.0095994875252223,0.0,0.0,0.0095994875252223,0.9860822392540632,1.0494589079458927,impact_Y_0.5
2009-11-13,0.0145936332221394,324.2987853773948,0.003242987853773948,0.011350645368365452,0.9972749090558798,1.0647743263301621,impact_Y_0.5
2009-11-20,0.0112783961835382,0.0,0.0,0.0112783961835382,1.0085225705841139,1.0767832730285736,impact_Y_0.5
2009-11-30,0.0136895709810135,0.0,0.0,0.0136895709810135,1.0223288119000793,1.0915239740758662,impact_Y_0.5
2009-12-07,0.0065694468895973,0.0,0.0,0.0065694468895973,1.029044946733562,1.09869468285228,impact_Y_0.5
2009-12-14,0.0108662918143008,58.02998309828996,0.0005802998309828996,0.0102859919833179,1.0396296948061372,1.1106334198909733,impact_Y_0.5
2009-12-21,0.0095202638998132,0.0,0.0,0.0095202638998132,1.049527243858774,1.1212069431442875,impact_Y_0.5
2009-12-29,0.0044074453394692,73.53921195710822,0.0007353921195710822,0.003672053219898118,1.0533811637539563,1.1261486014604292,impact_Y_0.5
2010-01-06,-0.0116416035029028,207.1014299404201,0.002071014299404201,-0.013712617802307,1.0389365504552488,1.1130384259568784,impact_Y_0.5
2010-01-13,-0.0310509288299101,120.38456440682906,0.0012038456440682905,-0.03225477447397839,1.0054258863275416,1.0784775490075362,impact_Y_0.5
2010-01-21,0.0125155440288851,0.0,0.0,0.0125155440288851,1.0180093382756548,1.0919752822563042,impact_Y_0.5
2010-01-28,-0.0105714742297558,168.26237868965754,0.0016826237868965753,-0.012254098016652375,1.0055345520625576,1.0804314937004014,impact_Y_0.5
2010-02-04,0.0516643090383989,118.50329113104237,0.0011850329113104238,0.050479276127088475,1.0562932083714516,1.1362512402857576,impact_Y_0.5
2010-02-11,0.0271354037568698,0.0,0.0,0.0271354037568698,1.0849561510662504,1.1670838764601559,impact_Y_0.5
2010-02-19,-0.0098131853572311,0.0,0.0,-0.0098131853572311,1.0743092752513692,1.1556310660530167,impact_Y_0.5
2010-02-26,0.0140852788761265,0.0,0.0,0.0140852788761265,1.0894412209924942,1.1719084518962888,impact_Y_0.5
2010-03-05,0.0013801678497606,0.0,0.0,0.0013801678497606,1.090944832739912,1.173525882264459,impact_Y_0.5
2010-03-12,0.0211668041406389,40.508438940708565,0.0004050843894070857,0.020761719751231814,1.1135947236213124,1.1983656747683213,impact_Y_0.5
2010-03-19,0.0108583996773983,0.0,0.0,0.0108583996773983,1.1256865802090346,1.2113780082246308,impact_Y_0.5
2010-03-26,0.0020171896889912,136.75244072692473,0.0013675244072692474,0.0006496652817219526,1.1264178996982968,1.2138215874522922,impact_Y_0.5
2010-04-05,0.0044218062319542,115.45980844421932,0.0011545980844421932,0.0032672081475120067,1.1300981414376945,1.2191888713121692,impact_Y_0.5
2010-04-12,0.0296379526814319,144.50156313592834,0.0014450156313592834,0.028192937050072614,1.1619589271996515,1.2553231333898476,impact_Y_0.5
2010-04-19,0.0212847204876635,0.0,0.0,0.0212847204876635,1.1866908981832414,1.2820423354057482,impact_Y_0.5
2010-04-26,-0.0188817343576647,207.00857819621552,0.0020700857819621553,-0.020951820139626855,1.1618275639231739,1.2578351525933367,impact_Y_0.5
2010-05-03,-0.0121218686054548,0.0,0.0,-0.0121218686054548,1.1477440428511014,1.242587840146278,impact_Y_0.5
2010-05-10,-0.0087263538200542,141.38876423774104,0.0014138876423774103,-0.010140241462431612,1.1361056411195238,1.2317445790006647,impact_Y_0.5
2010-05-17,-0.0196543479838371,102.78022945399266,0.0010278022945399267,-0.020682150278377026,1.112608533517778,1.2075354424177807,impact_Y_0.5
2010-05-24,0.015037893866662,290.8261572489486,0.002908261572489486,0.012129632294172514,1.126104065916707,1.225694232241092,impact_Y_0.5
2010-06-01,0.0009618702298615,0.0,0.0,0.0009618702298615,1.1271872318934382,1.2268731910339976,impact_Y_0.5
2010-06-08,0.0219180156703182,92.40911112158238,0.0009240911112158238,0.020993924559102376,1.1508513156037925,1.253763816860574,impact_Y_0.5
2010-06-15,-0.0169389718560266,153.71296233923388,0.0015371296233923388,-0.01847610147941894,1.129588069908974,1.2325263468526684,impact_Y_0.5
2010-06-22,-0.0485314292232077,103.02917478013966,0.0010302917478013966,-0.0495617209710091,1.0736037411759647,1.1727100816846494,impact_Y_0.5
2010-06-29,0.024882304613224,103.30980420068559,0.001033098042006856,0.023849206571217144,1.0992083385749019,1.2018898111601257,impact_Y_0.5
2010-07-07,0.0096577486279869,52.80841103718361,0.0005280841103718361,0.009129664517615063,1.1092437419410557,1.213497360834849,impact_Y_0.5
2010-07-14,-0.0228680114095328,65.98131965989334,0.0006598131965989334,-0.023527824606131734,1.0831456497352172,1.1857470893418398,impact_Y_0.5
2010-07-21,-0.0033119450483583,149.57666171193603,0.0014957666171193603,-0.00480771166547766,1.077938197759574,1.181819960140689,impact_Y_0.5
2010-07-28,0.0327397776532722,74.14923703119646,0.0007414923703119646,0.03199828528296023,1.1124303717288848,1.2205124828618943,impact_Y_0.5
2010-08-04,-0.0029538848761026,79.74458475210221,0.0007974458475210221,-0.003751330723623622,1.1082572774975261,1.2169072294976742,impact_Y_0.5
2010-08-11,0.0016630161772406,148.43097109600578,0.0014843097109600578,0.00017870646628054222,1.1084553302393174,1.21893096590653,impact_Y_0.5
2010-08-18,-0.009604199398983,73.09808438095602,0.0007309808438095602,-0.01033518024279256,1.09699924461021,1.2072241098563685,impact_Y_0.5
2010-08-25,0.0179783114979192,32.14793416640429,0.0003214793416640429,0.017656832156255155,1.1163687761478311,1.2289279609511647,impact_Y_0.5
2010-09-01,0.0074692609782586,50.48038195511413,0.0005048038195511413,0.006964457158707459,1.1241436786626315,1.238107144614988,impact_Y_0.5
2010-09-09,0.0024154798135667,43.06156988510986,0.0004306156988510986,0.0019848641147156014,1.1263749511101933,1.2410977674298382,impact_Y_0.5
2010-09-16,0.0127953253482859,108.44771435871981,0.001084477143587198,0.011710848204698702,1.1395657571842197,1.2569780171531344,impact_Y_0.5
2010-09-23,-0.0231664204506647,224.82827797851246,0.002248282779785125,-0.025414703230449826,1.1106040316538,1.227858335910522,impact_Y_0.5
2010-09-30,0.0112520525535877,27.406740833755592,0.0002740674083375559,0.010977985145250144,1.1227962262155502,1.241674262434548,impact_Y_0.5
2010-10-07,0.0279868341871782,129.43650121886628,0.0012943650121886629,0.026692469174989537,1.1527664298736033,1.2764247941317906,impact_Y_0.5
2010-10-14,-0.0027706816134786,0.0,0.0,-0.0027706816134786,1.1495724811217172,1.2728882274237014,impact_Y_0.5
2010-10-21,0.0021370837614973,116.08872185949735,0.0011608872185949735,0.0009761965429023263,1.1506946898036037,1.2756084961847298,impact_Y_0.5
2010-10-28,0.0081030040367112,81.33793619256372,0.0008133793619256372,0.007289624674785563,1.1590828222075407,1.2859447569785778,impact_Y_0.5
2010-11-04,-0.0178779640295961,42.19905120219017,0.0004219905120219017,-0.018299954541618,1.1378716592511724,1.262954682869267,impact_Y_0.5
2010-11-11,-0.0030790131006881,326.6118190063595,0.003266118190063595,-0.006345131290751695,1.1306517141811983,1.2590660288551372,impact_Y_0.5
2010-11-18,0.0127512891393403,0.0,0.0,0.0127512891393403,1.1450689811046133,1.27512074383459,impact_Y_0.5
2010-11-26,0.0153806569657988,220.923239916941,0.00220923239916941,0.01317142456662939,1.16015117081282,1.294732938585484,impact_Y_0.5
2010-12-03,0.0022834625002717,166.75026428618926,0.0016675026428618926,0.0006159598574098073,1.1608657773625677,1.2976894126986105,impact_Y_0.5
2010-12-10,0.00734461983225,0.0,0.0,0.00734461983225,1.1693918951735651,1.3072204480952176,impact_Y_0.5
2010-12-17,0.0040244484125775,57.94190373396506,0.0005794190373396506,0.003445029375237849,1.1734204846036032,1.3124812893524433,impact_Y_0.5
2010-12-27,0.027396792570213,224.7836654205605,0.002247836654205605,0.025148955916007396,1.2029307846418391,1.348439066989118,impact_Y_0.5
2011-01-03,0.0386142346762809,0.0,0.0,0.0386142346762809,1.2493810362593218,1.4005080095685012,impact_Y_0.5
2011-01-10,0.0230420485221005,331.0584658243679,0.003310584658243679,0.01973146386385682,1.2740331530284605,1.432778583080569,impact_Y_0.5
2011-01-18,0.0031101323642877,0.0,0.0,0.0031101323642877,1.2779955647708698,1.4372347141226662,impact_Y_0.5
2011-01-25,0.0220460848632462,0.0,0.0,0.0220460848632462,1.3061703634466608,1.468920112598618,impact_Y_0.5
2011-02-01,-0.0242202740865081,136.4586492622123,0.001364586492622123,-0.025584860579130224,1.272752176805286,1.4333424648602953,impact_Y_0.5
2011-02-08,0.0110215312486789,203.36736946408743,0.0020336736946408745,0.008987857554038026,1.284191492072004,1.4491400936268115,impact_Y_0.5
2011-02-15,-0.0299721704252332,0.0,0.0,-0.0299721704252332,1.2457014858129873,1.4057062197705903,impact_Y_0.5
2011-02-23,-0.0061102898788157,246.24377299987796,0.00246243772999878,-0.00857272760881448,1.2350224262932172,1.3971169472833378,impact_Y_0.5
2011-03-02,-0.0558730293273733,36.94446453403131,0.0003694446453403131,-0.05624247397271361,1.1655617096267032,1.3190557911140057,impact_Y_0.5
2011-03-09,-0.0071345246831765,201.79591039929767,0.0020179591039929767,-0.009152483787169477,1.1548939249763992,1.3096449550138158,impact_Y_0.5
2011-03-16,0.036775183733445,61.93066873542651,0.0006193066873542651,0.03615587704609074,1.196650127729123,1.3578073888600282,impact_Y_0.5
2011-03-23,0.0148247005233404,229.16061579760975,0.0022916061579760973,0.012533094365364303,1.2116478567022775,1.377936476768257,impact_Y_0.5
2011-03-30,-0.0057054366101006,179.19746808608525,0.0017919746808608525,-0.007497411290961452,1.2025636343807686,1.3700747475473103,impact_Y_0.5
2011-04-06,-0.0044778452806517,179.41111870711865,0.0017941111870711864,-0.006271956467722887,1.1950212076162658,1.3639397648048657,impact_Y_0.5
2011-04-13,0.0241274771936135,116.0727770341094,0.001160727770341094,0.02296674942327241,1.222466960247085,1.3968481903736576,impact_Y_0.5
2011-04-20,0.0229595006493964,185.64344354640696,0.0018564344354640697,0.02110306621393233,1.248264761453524,1.4289191273076496,impact_Y_0.5
2011-04-28,-0.0164289932755342,217.08532443827778,0.002170853244382778,-0.018599846519916977,1.2250472284742677,1.40544342457383,impact_Y_0.5
2011-05-05,0.0120346277913884,102.34021695997296,0.0010234021695997297,0.01101122562178867,1.238536499904345,1.4223574130704302,impact_Y_0.5
2011-05-12,0.0071634098034334,0.0,0.0,0.0071634098034334,1.24740864440967,1.432546342107205,impact_Y_0.5
2011-05-19,0.0006398003335509,64.25869730313119,0.0006425869730313119,-2.786639480411939e-06,1.2474051683314933,1.4334628857347123,impact_Y_0.5
2011-05-26,-0.0287105889030139,81.45470524038001,0.0008145470524038,-0.029525135955417697,1.2105753611450152,1.392307322114655,impact_Y_0.5
2011-06-03,-0.0160761067469428,175.23565896720504,0.0017523565896720504,-0.01782846333661485,1.1889926627026322,1.3699244409797897,impact_Y_0.5
2011-06-10,-0.0123769213595236,61.13092789936667,0.0006113092789936667,-0.012988230638517267,1.1735497517719455,1.3529689939052936,impact_Y_0.5
2011-06-17,0.0189046967751284,80.45660339051605,0.0008045660339051605,0.01810013074122324,1.1947911557103477,1.3785464624812236,impact_Y_0.5
2011-06-24,0.0464423369782225,114.39389173984719,0.001143938917398472,0.04529839806082402,1.2489132810812669,1.4425693818319132,impact_Y_0.5
2011-07-01,-0.0188545647244945,0.0,0.0,-0.0188545647244945,1.2253655647878392,1.4153703640525892,impact_Y_0.5
2011-07-11,0.0146740234231431,0.0,0.0,0.0146740234231431,1.2433466077874489,1.4361395419271195,impact_Y_0.5
2011-07-18,-0.0302147473276882,228.32154259598963,0.002283215425959896,-0.032497962753648094,1.2029403760376975,1.3927469485404895,impact_Y_0.5
2011-07-25,-0.0264913033898776,361.2778933036367,0.003612778933036367,-0.030104082322913967,1.1667269599279015,1.3558512665813771,impact_Y_0.5
2011-08-01,-0.0122492431386554,307.3621451208745,0.003073621451208745,-0.015322864589864146,1.1488493607075825,1.339243114757168,impact_Y_0.5
2011-08-08,-0.0085599952806742,112.53397173194274,0.0011253397173194273,-0.009685334997993627,1.1377223697868988,1.3277792000151711,impact_Y_0.5
2011-08-15,-0.0020577210426227,39.873124276633504,0.000398731242766335,-0.002456452285389035,1.1349276090714975,1.3250470008153432,impact_Y_0.5
2011-08-22,0.0110010656328782,177.35025205264358,0.001773502520526436,0.009227563112351764,1.1454002252121551,1.3396239298379613,impact_Y_0.5
2011-08-29,-7.139651381244996e-08,0.0,0.0,-7.139651381244996e-08,1.1454001434345722,1.339623834193483,impact_Y_0.5
2011-09-06,-0.0042235753132361,48.04967679529824,0.0004804967679529824,-0.004704072081189082,1.1400120985980517,1.3339658320383607,impact_Y_0.5
2011-09-13,0.0114107293570142,0.0,0.0,0.0114107293570142,1.153020468118876,1.3491873551192548,impact_Y_0.5
2011-09-20,-0.0195578256966578,245.99599949384944,0.0024599599949384943,-0.022017785691596292,1.1276335105538107,1.3228001839956978,impact_Y_0.5
2011-09-27,-0.0118916871216408,101.76617156871207,0.0010176617156871207,-0.01290934883732792,1.1130764962054107,1.307069858083172,impact_Y_0.5
2011-10-04,0.0116983994525135,72.4360678407019,0.000724360678407019,0.010974038774106482,1.1252914408333154,1.3223604833953693,impact_Y_0.5
2011-10-11,-0.0047674664917717,86.78747225666704,0.0008678747225666705,-0.005635341214338371,1.1189500395986451,1.3160561741007388,impact_Y_0.5
2011-10-18,-0.0222647350910231,114.9822921606395,0.001149822921606395,-0.023414558012629493,1.0927503189832286,1.2867545320194804,impact_Y_0.5
2011-10-25,0.0064003415850327,333.38414440440624,0.0033338414440440625,0.003066500140988637,1.096101237990456,1.2949902005604939,impact_Y_0.5
2011-11-01,-0.0045713246168537,132.48564556437174,0.0013248564556437173,-0.005896181072497417,1.0896384266174757,1.2890703799780874,impact_Y_0.5
2011-11-08,-0.0115492675372058,290.896679769034,0.00290896679769034,-0.014458234334896139,1.0738841789051328,1.274182561285433,impact_Y_0.5
2011-11-15,-0.018711470704749,35.06207449898131,0.0003506207449898131,-0.019062091449738812,1.0534137004804154,1.2503407316174386,impact_Y_0.5
2011-11-22,0.0186945487459207,119.5161449241881,0.001195161449241881,0.01749938729667882,1.07184779480875,1.273715287373671,impact_Y_0.5
2011-11-30,-0.0008305791756835,145.6170647719827,0.0014561706477198271,-0.002286749823403327,1.0693967470532557,1.2726573659802287,impact_Y_0.5
2011-12-07,-0.0177528542521499,330.2648235804375,0.003302648235804375,-0.021055502487954274,1.0468800611850657,1.2500640652490567,impact_Y_0.5
2011-12-14,0.0083215055477277,250.33226461747515,0.0025033226461747514,0.0058181829015529485,1.0529710008570292,1.2604664803030416,impact_Y_0.5
2011-12-21,-0.0032530847460288,91.83970080232625,0.0009183970080232624,-0.004171481754052062,1.0485785515394082,1.2563660760230873,impact_Y_0.5
2011-12-29,0.012278711801858,156.693467734923,0.00156693467734923,0.01071177712450877,1.0598106912810386,1.2717926329882059,impact_Y_0.5
2012-01-06,0.0049792012798117,250.4104006066846,0.002504104006066846,0.002475097273744854,1.0624338258337138,1.278125144494036,impact_Y_0.5
2012-01-13,0.0209292838383119,186.9801977646885,0.001869801977646885,0.019059481860665015,1.0826832640653485,1.3048753884240352,impact_Y_0.5
2012-01-23,0.0204743946425563,154.8910769889939,0.0015489107698899388,0.018925483872666363,1.1031735687186233,1.3315919220859878,impact_Y_0.5
2012-01-30,0.0302696707556567,322.7371294294629,0.003227371294294629,0.02704229946136207,1.1330059187217718,1.3718987711484227,impact_Y_0.5
2012-02-06,0.0155213337370484,0.0,0.0,0.0155213337370484,1.1505916817123034,1.3931924698288638,impact_Y_0.5
2012-02-13,-0.0375048005840786,0.0,0.0,-0.0375048005840786,1.107438970135984,1.3409410640726924,impact_Y_0.5
2012-02-21,0.0060488221809509,0.0,0.0,0.0060488221809509,1.114137671542592,1.3490521781244034,impact_Y_0.5
2012-02-28,-0.0045084234770864,0.0,0.0,-0.0045084234770864,1.109114667107503,1.3429700796127328,impact_Y_0.5
2012-03-06,0.0163079589380349,0.0,0.0,0.0163079589380349,1.1272020635562643,1.3648711805260667,impact_Y_0.5
2012-03-13,0.031889234355182,0.0,0.0,0.031889234355182,1.1631476743266547,1.4083958774664964,impact_Y_0.5
2012-03-20,-0.0053291228262736,0.0,0.0,-0.0053291228262736,1.1569491175050735,1.40089036284746,impact_Y_0.5
2012-03-27,0.0034726640466862,0.0,0.0,0.0034726640466862,1.1609668131092787,1.4057551844438696,impact_Y_0.5
2012-04-03,-0.0071185068168737,53.66270076605444,0.0005366270076605444,-0.007655133824534244,1.1520794567890842,1.3957483065805505,impact_Y_0.5
2012-04-11,0.0015094567857296,0.0,0.0,0.0015094567857296,1.1538184709428343,1.3978551283330891,impact_Y_0.5
2012-04-18,-0.0184762126981032,0.0,0.0,-0.0184762126981032,1.1325002754586944,1.3720280596608727,impact_Y_0.5
2012-04-25,-0.0018682452450369,194.4866274538944,0.001944866274538944,-0.0038131115195758443,1.12818192561242,1.369464774762354,impact_Y_0.5
2012-05-02,-0.0321061064107065,0.0,0.0,-0.0321061064107065,1.0919603966580718,1.3254965929781197,impact_Y_0.5
2012-05-09,-0.0241611811308886,174.19310412269704,0.0017419310412269704,-0.02590311217211557,1.06367522401593,1.2934710297067997,impact_Y_0.5
2012-05-16,0.0216835948766968,74.80053359961549,0.0007480053359961549,0.020935589540700645,1.0859438919105402,1.3215181314997058,impact_Y_0.5
2012-05-23,-0.0272740643916725,0.0,0.0,-0.0272740643916725,1.0563257882768287,1.2854749608864202,impact_Y_0.5
2012-05-31,0.0203370235367194,0.0,0.0,0.0203370235367194,1.0778083106954581,1.3116176954218306,impact_Y_0.5
2012-06-07,-0.0129331852114947,0.0,0.0,-0.0129331852114947,1.0638688161907455,1.2946543008402662,impact_Y_0.5
2012-06-14,0.0026477720659326,199.35720416436007,0.0019935720416436008,0.0006542000242889994,1.0645647991961378,1.2980822503330707,impact_Y_0.5
2012-06-21,-0.0382483300573176,0.0,0.0,-0.0382483300573176,1.0238469733890818,1.2484327719807857,impact_Y_0.5
2012-06-28,-0.00288044985006,25.403505173938196,0.000254035051739382,-0.003134484901799382,1.0206377405092408,1.2448367239899236,impact_Y_0.5
2012-07-06,-0.0073251038278188,0.0,0.0,-0.0073251038278188,1.0131614630894203,1.2357181657380156,impact_Y_0.5
2012-07-13,-0.037569673094865,0.0,0.0,-0.037569673094865,0.9750973181288357,1.1892926382138522,impact_Y_0.5
2012-07-20,0.0164482643929917,309.34306317005183,0.003093430631700518,0.013354833761291181,0.9881195807135272,1.2088544379678323,impact_Y_0.5
2012-07-27,-0.0051696882491171,196.16550089281054,0.0019616550089281053,-0.007131343258045205,0.9810729608034634,1.202605037384977,impact_Y_0.5
2012-08-03,0.0116994989759568,204.36125632115449,0.002043612563211545,0.009655886412745255,0.9905460898755972,1.2166749137883432,impact_Y_0.5
2012-08-10,0.0187876430331079,246.2353487048058,0.002462353487048058,0.016325289546059843,1.0067170416015339,1.2395333677559361,impact_Y_0.5
2012-08-17,-0.0074316242529071,0.0,0.0,-0.0074316242529071,0.999235498819353,1.2303216215178334,impact_Y_0.5
2012-08-24,-0.0005208241148858,0.0,0.0,-0.0005208241148858,0.998715072875118,1.2296808403482815,impact_Y_0.5
2012-08-31,-0.0027172111964516,0.0,0.0,-0.0027172111964516,0.9960013530970366,1.226339537800825,impact_Y_0.5
2012-09-10,0.0065028882672952,107.45395113440803,0.0010745395113440804,0.00542834875595112,1.0014079958030466,1.2343142867929104,impact_Y_0.5
2012-09-17,0.0032979347015527,82.65772972414507,0.0008265772972414507,0.002471357404311249,1.0038828328682108,1.238384974711947,impact_Y_0.5
2012-09-24,0.0434380954222344,0.0,0.0,0.0434380954222344,1.0474895911550832,1.292178059412946,impact_Y_0.5
2012-10-01,-0.0159203911792531,0.0,0.0,-0.0159203911792531,1.0308131471076984,1.2716060792338437,impact_Y_0.5
2012-10-08,-0.0153850088585284,0.0,0.0,-0.0153850088585284,1.0149540777079589,1.2520424084402724,impact_Y_0.5
2012-10-15,-0.013695410494238,156.4192562049044,0.001564192562049044,-0.015259603056287043,0.9994662813617755,1.2348951737004885,impact_Y_0.5
2012-10-22,0.0171810398581833,79.70303674495078,0.0007970303674495078,0.016384009490733792,1.015841546401275,1.2561119569005148,impact_Y_0.5
2012-10-31,-0.0180211271668339,171.0973013935415,0.001710973013935415,-0.019732100180769315,0.9957968592398975,1.23347540358943,impact_Y_0.5
2012-11-07,0.0303266743741983,74.13324627708464,0.0007413324627708464,0.029585341911427452,1.0252578497948353,1.2708826105026696,impact_Y_0.5
2012-11-14,0.0160586631745632,195.47272608764828,0.001954727260876483,0.014103935913686718,1.0397180208033459,1.2912912862791415,impact_Y_0.5
2012-11-21,-0.0035181039129765,0.0,0.0,-0.0035181039129765,1.0360601847659654,1.2867483893520903,impact_Y_0.5
2012-11-29,0.0005319117230829,246.933600144661,0.00246933600144661,-0.0019374242783637102,1.0340528966101539,1.2874328259050447,impact_Y_0.5
2012-12-06,0.0130370686623479,162.43961545613604,0.0016243961545613604,0.011412672507786539,1.0458542036748937,1.3042171760545296,impact_Y_0.5
2012-12-13,-0.0224293372694861,41.94859268674348,0.00041948592686743484,-0.022848823196353535,1.021957665885963,1.2749644491401457,impact_Y_0.5
2012-12-20,-0.0045310542401894,121.16098855985055,0.0012116098855985055,-0.005742664125787906,1.0160889062600058,1.2691875160667785,impact_Y_0.5
2012-12-28,0.0186275689369118,82.43515068889289,0.0008243515068889289,0.01780321743002287,1.034178557986387,1.2928293940161801,impact_Y_0.5
2013-01-07,-0.0004724012795307,65.67636009709452,0.0006567636009709452,-0.0011291648805016453,1.033010799878541,1.292218659756232,impact_Y_0.5
2013-01-14,0.0139240967394123,81.3061578298105,0.0008130615782981051,0.013111035161114195,1.046554640797559,1.3102116373831514,impact_Y_0.5
2013-01-22,0.091380387256944,0.0,0.0,0.091380387256944,1.1421892091591919,1.4299392841957785,impact_Y_0.5
2013-01-29,0.014215371572022,153.20303328039216,0.0015320303328039216,0.012683341239218078,1.1566759846587105,1.4502664024460525,impact_Y_0.5
2013-02-05,-0.0148587951442234,258.04183271955753,0.0025804183271955754,-0.017439213471418975,1.1365044652449834,1.428717191067557,impact_Y_0.5
2013-02-12,-0.0235647683478132,285.5349380132377,0.002855349380132377,-0.02642011772794558,1.106477883474875,1.3950498014255115,impact_Y_0.5
2013-02-20,-0.0209481782911574,137.8862048927675,0.0013788620489276749,-0.022327040340085078,1.0817735071351195,1.3658260494602061,impact_Y_0.5
2013-02-27,0.0005671863199509,173.17274855656262,0.0017317274855656263,-0.0011645411656147262,1.0805137373541893,1.3666007273108927,impact_Y_0.5
2013-03-06,0.0207710158504606,215.0967740289299,0.002150967740289299,0.018620048110171303,1.1006329551274252,1.3949864126791183,impact_Y_0.5
2013-03-13,-0.0173197362194616,207.56496274397585,0.0020756496274397587,-0.01939538584690136,1.0792857542869134,1.3708256159817829,impact_Y_0.5
2013-03-20,0.0088516600581579,166.54129934451453,0.0016654129934451452,0.007186247064712754,1.0870417683706441,1.3829596983334684,impact_Y_0.5
2013-03-27,-0.0418415626634805,0.0,0.0,-0.0418415626634805,1.0415582421015432,1.3250945034545805,impact_Y_0.5
2013-04-04,0.0149563154100681,323.205215856002,0.0032320521585600197,0.01172426325150808,1.0537697451237196,1.3449130347963947,impact_Y_0.5
2013-04-11,-0.0175041272024386,0.0,0.0,-0.0175041272024386,1.0353244254629927,1.321371505959101,impact_Y_0.5
2013-04-18,0.0719914943889936,58.35990061642777,0.0005835990061642777,0.07140789538282932,1.1092547637237422,1.4164990153161316,impact_Y_0.5
2013-04-25,0.002670174674018,197.60297619225696,0.0019760297619225695,0.0006941449120954303,1.1100247472741986,1.4202813151126004,impact_Y_0.5
2013-05-02,0.0120217263655554,138.52757630740598,0.0013852757630740597,0.010636450602481341,1.1218314706661126,1.4373555484449951,impact_Y_0.5
2013-05-09,0.008811226694234,168.30849120388316,0.0016830849120388317,0.007128141782195169,1.129828044444749,1.450020414022559,impact_Y_0.5
2013-05-16,-0.0066068417289375,0.0,0.0,-0.0066068417289375,1.1223634493741876,1.4404403586433834,impact_Y_0.5
2013-05-23,-0.0202496392683376,219.28548089170215,0.0021928548089170216,-0.02244249407725462,1.0971748143090803,1.4112719609933,impact_Y_0.5
2013-05-31,0.0260169870655273,0.0,0.0,0.0260169870655273,1.125719997261582,1.4479890053484041,impact_Y_0.5
2013-06-07,-0.0156766957412662,0.0,0.0,-0.0156766957412662,1.1080724273746532,1.4252893222748586,impact_Y_0.5
2013-06-14,-0.0107062648819254,210.13949770464558,0.002101394977046456,-0.012807659858971856,1.0938806126257334,1.410029797257204,impact_Y_0.5
2013-06-21,0.0263124575142055,0.0,0.0,0.0263124575142055,1.122663299771061,1.447131146391298,impact_Y_0.5
2013-06-28,-0.010760656828592,0.0,0.0,-0.010760656828592,1.11058270526817,1.4315590647390144,impact_Y_0.5
2013-07-08,0.0441608807432172,0.0,0.0,0.0441608807432172,1.1596270156709974,1.4947779738738256,impact_Y_0.5
2013-07-15,-0.0268830574161947,309.33332621970726,0.0030933332621970724,-0.029976390678391772,1.124865583208026,1.4545937717777124,impact_Y_0.5
2013-07-22,-0.000240210264785,203.89134684097783,0.0020389134684097782,-0.0022791237331947784,1.1223018753606826,1.454244363422639,impact_Y_0.5
2013-07-29,-0.0073139014233198,309.61133766252175,0.0030961133766252173,-0.010410014799945017,1.1106186962281719,1.4436081635031475,impact_Y_0.5
2013-08-05,-0.0005089475834205,135.72642270121517,0.0013572642270121517,-0.0018662118104326515,1.1085460465003836,1.4428734426169265,impact_Y_0.5
2013-08-12,-0.0188033268241054,149.35260920820292,0.0014935260920820293,-0.02029685291618743,1.0860460504437441,1.4157426217095785,impact_Y_0.5
2013-08-19,-0.0042308584671833,0.0,0.0,-0.0042308584671833,1.0814511433154732,1.4097528150511662,impact_Y_0.5
2013-08-26,0.0226836099049914,111.00301830356969,0.001110030183035697,0.021573579721955706,1.1047819157711896,1.4417310979702505,impact_Y_0.5
2013-09-03,0.0140196902937401,0.0,0.0,0.0140196902937401,1.1202706160724265,1.4619437214506474,impact_Y_0.5
2013-09-10,0.0028544383699055,29.70302625565178,0.0002970302625565178,0.002557408107348982,1.123135605228395,1.4661167497037983,impact_Y_0.5
2013-09-17,-0.0126113446061329,168.64408629609022,0.0016864408629609022,-0.014297785469093802,1.1070772532921385,1.4476270461404603,impact_Y_0.5
2013-09-24,0.0246388207017935,172.61360892897383,0.0017261360892897382,0.022912684612503762,1.1324433652384982,1.4832948693733823,impact_Y_0.5
2013-10-01,-0.0378835025440656,0.0,0.0,-0.0378835025440656,1.0895424441304753,1.4271024644158763,impact_Y_0.5
2013-10-08,0.0357058712787723,163.89903268746627,0.0016389903268746626,0.03406688095189764,1.1266597568667078,1.4780584013119284,impact_Y_0.5
2013-10-15,-0.0053033934190461,0.0,0.0,-0.0053033934190461,1.120684636926637,1.470219676113445,impact_Y_0.5
2013-10-22,-0.0041814380661464,0.0,0.0,-0.0041814380661464,1.1159985635256466,1.4640720435941468,impact_Y_0.5
2013-10-29,0.0051416295684592,0.0,0.0,0.0051416295684592,1.1217366147382282,1.471599759703845,impact_Y_0.5
2013-11-05,0.0501381812144277,89.32643802139673,0.0008932643802139672,0.04924491683421373,1.1769764410409047,1.5453830951309846,impact_Y_0.5
2013-11-12,-0.0002337171348335,0.0,0.0,-0.0002337171348335,1.176701361479338,1.5450219126217704,impact_Y_0.5
2013-11-19,0.0384061135667061,169.3554151271032,0.001693554151271032,0.03671255941543507,1.2199010801268717,1.6043601996609718,impact_Y_0.5
2013-11-26,-0.0018682315952079,234.53484612189274,0.0023453484612189273,-0.004213580056426827,1.2147609292648356,1.601362883245871,impact_Y_0.5
2013-12-04,0.0193196359869756,0.0,0.0,0.0193196359869756,1.2382296682294325,1.632300631233235,impact_Y_0.5
2013-12-11,0.0100059903997916,0.0,0.0,0.0100059903997916,1.2506193824024732,1.6486334156789286,impact_Y_0.5
2013-12-18,0.0152164613826451,42.76398146420115,0.0004276398146420115,0.014788821568003088,1.2691145692983095,1.6737197823827454,impact_Y_0.5
2013-12-26,-0.007238674126004,206.92959435990716,0.0020692959435990714,-0.009307970069603072,1.2573016888723836,1.6616042702998304,impact_Y_0.5
2014-01-03,0.0106140589027157,43.561046971324174,0.00043561046971324173,0.010178448433002458,1.2700990692772982,1.6792406358977967,impact_Y_0.5
2014-01-10,0.0357047931764142,0.0,0.0,0.0357047931764142,1.3154476938594004,1.7391975754959579,impact_Y_0.5
2014-01-17,-0.0253223225137688,97.26299532412474,0.0009726299532412475,-0.02629495246701005,1.2808580592765295,1.6951570535740845,impact_Y_0.5
2014-01-27,-0.0073161185486546,90.15376688637555,0.0009015376688637555,-0.008217656217518356,1.2703324080819574,1.6827550836115486,impact_Y_0.5
2014-02-03,0.0353367131772362,95.03448800818184,0.0009503448800818184,0.03438636829715438,1.3140145261260745,1.742218117348666,impact_Y_0.5
2014-02-10,0.0330654654667625,0.0,0.0,0.0330654654667625,1.3574630280625206,1.7998253703434264,impact_Y_0.5
2014-02-18,0.0029733659636153,0.0,0.0,0.0029733659636153,1.361499262427028,1.8051769098400567,impact_Y_0.5
2014-02-25,0.0162291601891658,210.41091475080327,0.0021041091475080325,0.014125051041657767,1.380730509001989,1.8344734150796342,impact_Y_0.5
2014-03-04,-0.0365249606983462,0.0,0.0,-0.0365249606983462,1.3302993814256838,1.7674693456916897,impact_Y_0.5
2014-03-11,-0.0043383314287449,65.56864319010901,0.0006556864319010901,-0.00499401786064599,1.3236558425548377,1.7598014778799322,impact_Y_0.5
2014-03-18,-0.0441040727805889,0.0,0.0,-0.0441040727805889,1.2652772289383474,1.6821870654201279,impact_Y_0.5
2014-03-25,0.0116159498605338,119.42361339529855,0.0011942361339529854,0.010421713726580814,1.2784635860031042,1.7017272660280864,impact_Y_0.5
2014-04-01,-0.0462932029099491,258.37009180520226,0.002583700918052023,-0.048876903828001125,1.215976244262429,1.6229488604044553,impact_Y_0.5
2014-04-08,-0.0163213684533864,342.041353273336,0.0034204135327333598,-0.019741781986119762,1.1919707063478993,1.5964601140727905,impact_Y_0.5
2014-04-15,0.0059858703474309,247.49470659609574,0.0024749470659609575,0.0035109232814699424,1.1961556240516462,1.6060163173304751,impact_Y_0.5
2014-04-23,0.0026259675781135,70.48786859969564,0.0007048786859969564,0.0019210888921165437,1.1984535453342546,1.6102336641097061,impact_Y_0.5
2014-04-30,0.042089300956875,120.63397922274436,0.0012063397922274437,0.040882961164647555,1.2474498750857892,1.6780072734093112,impact_Y_0.5
2014-05-07,-0.0045528101987767,0.0,0.0,-0.0045528101987767,1.2417704725720358,1.6703676247813117,impact_Y_0.5
2014-05-14,-0.0171670810815631,0.0,0.0,-0.0171670810815631,1.2204528981847007,1.641692288330673,impact_Y_0.5
2014-05-21,0.0058992151486157,0.0,0.0,0.0058992151486157,1.227652612409844,1.651376984347359,impact_Y_0.5
2014-05-29,0.0109171929672727,180.62043750111576,0.0018062043750111576,0.009110988592261542,1.2388377413567702,1.6694053855471918,impact_Y_0.5
2014-06-05,0.0101130260513754,177.27345919817506,0.0017727345919817507,0.008340291459393648,1.2491700091905826,1.6862881257015367,impact_Y_0.5
2014-06-12,0.0255900906817582,189.96021813824717,0.0018996021813824718,0.02369048850037573,1.2787634569283264,1.729440391753811,impact_Y_0.5
2014-06-19,-0.025126670654986,68.06510449114484,0.0006806510449114484,-0.025807321699897447,1.2457619970173042,1.685985312612783,impact_Y_0.5
2014-06-26,0.0088111871699338,128.3827849142676,0.001283827849142676,0.007527359320791124,1.2551392951970397,1.7008408447679737,impact_Y_0.5
2014-07-03,0.0042117089359778,116.32593030582343,0.0011632593030582344,0.0030484496329195657,1.258965524120746,1.708004291352559,impact_Y_0.5
2014-07-11,0.0099008115188509,0.0,0.0,0.0099008115188509,1.2714303044837967,1.724914919914629,impact_Y_0.5
2014-07-18,-0.0266894679889196,33.048258385307065,0.00033048258385307065,-0.02701995057277267,1.2370763204999193,1.6788778583759576,impact_Y_0.5
2014-07-25,-0.0054715350185961,22.826312106623096,0.00022826312106623097,-0.005699798139662331,1.2300252351897136,1.669691819381908,impact_Y_0.5
2014-08-01,-0.0095902301278526,22.37759825297228,0.00022377598252972282,-0.009814006110382323,1.2179537600156374,1.6536790905914425,impact_Y_0.5
2014-08-08,0.0176547259441179,428.0980653424111,0.004280980653424111,0.013373745290693791,1.2342423633779291,1.6828743417353527,impact_Y_0.5
2014-08-15,0.0033576753006409,547.970322740835,0.00547970322740835,-0.00212202792676745,1.2316232666144418,1.6885248873466796,impact_Y_0.5
2014-08-22,0.0067961437532698,0.0,0.0,0.0067961437532698,1.2399935553842252,1.7000003452120613,impact_Y_0.5
2014-08-29,-0.0161641852483002,193.178497590666,0.0019317849759066601,-0.01809597022420686,1.2175546689277839,1.6725212247098793,impact_Y_0.5
2014-09-08,-0.0053403475473708,309.0095228122784,0.0030900952281227843,-0.008430442775493584,1.2072901439653532,1.6635893800895742,impact_Y_0.5
2014-09-15,0.0161599810632556,110.44163873553484,0.0011044163873553483,0.015055564675900251,1.2254665788104004,1.690472952968855,impact_Y_0.5
2014-09-22,0.0157055277295532,146.3978303260333,0.001463978303260333,0.014241549426292867,1.2429191216627988,1.717022722807767,impact_Y_0.5
2014-09-29,-0.019858809199158,0.0,0.0,-0.019858809199158,1.2182362279757122,1.6829246961649087,impact_Y_0.5
2014-10-06,-0.0070639613971898,73.87350123904116,0.0007387350123904116,-0.007802696409580211,1.2087307005336656,1.6710365810768224,impact_Y_0.5
2014-10-13,0.0263290220895528,55.23198493827857,0.0005523198493827857,0.025776702240170014,1.239887791889874,1.715033340132445,impact_Y_0.5
2014-10-20,0.0046459775031676,52.20979112268478,0.0005220979112268478,0.004123879591940753,1.2450009398511452,1.7230013464478826,impact_Y_0.5
2014-10-27,-0.0042722679730995,86.48431965244556,0.0008648431965244557,-0.005137111169623955,1.2386052316168434,1.715640222977846,impact_Y_0.5
2014-11-03,0.0308980282828424,78.69824737348418,0.0007869824737348418,0.030111045809107558,1.2759009304854585,1.7686501231105975,impact_Y_0.5
2014-11-10,0.0070615672102173,125.37754144287901,0.00125377541442879,0.005807791795788509,1.283311097441771,1.781139564826302,impact_Y_0.5
2014-11-17,-0.004489617682777,0.0,0.0,-0.004489617682777,1.2775495212461925,1.773142929140564,impact_Y_0.5
2014-11-24,-8.042536677536124e-05,108.95636024455767,0.0010895636024455767,-0.001169988969220938,1.2760548023987008,1.7730003234701428,impact_Y_0.5
2014-12-02,-0.0069184667041753,149.817881293813,0.00149817881293813,-0.00841664551711343,1.2653147014665007,1.7607338797657226,impact_Y_0.5
2014-12-09,-0.008035780390545,57.343819224623424,0.0005734381922462342,-0.008609218582791234,1.2544213306255563,1.746585008981733,impact_Y_0.5
2014-12-16,0.0059200339048644,115.09355680879088,0.0011509355680879088,0.0047690983367764915,1.2604037893070597,1.7569248514526328,impact_Y_0.5
2014-12-23,-0.0069877659011534,0.0,0.0,-0.0069877659011534,1.2515963826864553,1.7446478718847631,impact_Y_0.5
2014-12-31,0.0138213199796925,90.69858611723151,0.0009069858611723151,0.012914334118520185,1.2677599165539997,1.768761208373972,impact_Y_0.5
2015-01-08,-0.0042095540885162,48.71078305702527,0.0004871078305702527,-0.004696661919086453,1.2618056768313763,1.7613155123976525,impact_Y_0.5
2015-01-15,0.0257783957175396,132.22923609532478,0.0013222923609532478,0.02445610335658635,1.292664526879892,1.8067194006596803,impact_Y_0.5
2015-01-23,0.0068423047090853,118.0826549827425,0.001180826549827425,0.005661478159257874,1.2999829188660699,1.8190815253228099,impact_Y_0.5
2015-01-30,-0.0144054751957906,0.0,0.0,-0.0144054751957906,1.2812560471733931,1.7928767915306512,impact_Y_0.5
2015-02-06,0.0121532932858781,395.1606054245492,0.003951606054245492,0.008201687231632608,1.2917645085359473,1.8146661490035674,impact_Y_0.5
2015-02-13,0.0015544770636804,0.0,0.0,0.0015544770636804,1.2937725268361429,1.8174870059104307,impact_Y_0.5
2015-02-23,0.0049012472310598,29.754460546140123,0.00029754460546140124,0.004603702625598399,1.2997286708148656,1.8263949590656365,impact_Y_0.5
2015-03-02,-0.0074855533426718,124.75902803472786,0.0012475902803472786,-0.008733143623019078,1.2883779536616837,1.812723382174764,impact_Y_0.5
2015-03-09,0.0050442156960285,138.03382827155374,0.0013803382827155374,0.0036638774133129623,1.293098412545915,1.8218671499116876,impact_Y_0.5
2015-03-16,0.0115932506002533,0.0,0.0,0.0115932506002533,1.3080896264933497,1.8429885123409833,impact_Y_0.5
2015-03-23,-0.0179898610161275,123.81929909167539,0.001238192990916754,-0.019228054007044255,1.2829376085090811,1.8098334051496494,impact_Y_0.5
2015-03-30,0.0206549487290204,151.923165637456,0.0015192316563745602,0.019135717072645837,1.3074875396073677,1.8472154213410839,impact_Y_0.5
2015-04-07,0.0134149552431472,0.0,0.0,0.0134149552431472,1.3250274264321733,1.871995733542826,impact_Y_0.5
2015-04-14,0.0039474531884473,177.0308031232761,0.001770308031232761,0.0021771451572145393,1.3279122034768065,1.8793853490699595,impact_Y_0.5
2015-04-21,-0.007889010764581,244.63098997885186,0.0024463098997885187,-0.010335320664369518,1.3141878050397442,1.8645588578203507,impact_Y_0.5
2015-04-28,0.0077136884952949,114.15529807125209,0.0011415529807125208,0.00657213551458238,1.322824825386077,1.8789414840307197,impact_Y_0.5
2015-05-05,-0.0120360234033271,248.23312057725573,0.0024823312057725574,-0.014518354609099659,1.3036195854854016,1.8563265003554439,impact_Y_0.5
2015-05-12,-0.0073531803991402,0.0,0.0,-0.0073531803991402,1.294033835501475,1.8426765967186256,impact_Y_0.5
2015-05-19,-0.0093255278332592,209.60741459034338,0.0020960741459034337,-0.011421601979162633,1.279253896084808,1.8254926648282306,impact_Y_0.5
2015-05-27,0.000122306501268,61.196685677660035,0.0006119668567766003,-0.0004896603555086003,1.2786274961672655,1.8257159344491563,impact_Y_0.5
2015-06-03,0.0163793940428924,0.0,0.0,0.0163793940428924,1.299570639761066,1.8556200551498867,impact_Y_0.5
2015-06-10,0.0117301478591577,0.0,0.0,0.0117301478591577,1.3148147955188834,1.877386752767213,impact_Y_0.5
2015-06-17,-0.010769358757248,0.0,0.0,-0.010769358757248,1.3006550832866028,1.8571685013005579,impact_Y_0.5
2015-06-24,-0.0104452051232384,0.0,0.0,-0.0104452051232384,1.2870694741470916,1.8377699953560562,impact_Y_0.5
2015-07-01,0.0057667588552551,113.92087630109467,0.0011392087630109466,0.004627550092244153,1.2930254526109055,1.8483679717506978,impact_Y_0.5
2015-07-09,0.0416911576053667,70.1631866196281,0.000701631866196281,0.04098952573917042,1.3460259526821026,1.9254285721736681,impact_Y_0.5
2015-07-16,-0.0135119725148994,0.0,0.0,-0.0135119725148994,1.3278384870051207,1.8994122342270554,impact_Y_0.5
2015-07-23,0.0135291741596344,72.5825685603116,0.000725825685603116,0.012803348474031284,1.3448392658714778,1.9251097131448536,impact_Y_0.5
2015-07-30,0.0256863640825645,62.773432656242875,0.0006277343265624287,0.025058629756002072,1.3785390951162848,1.9745587821355735,impact_Y_0.5
2015-08-06,0.0124483779827469,0.0,0.0,0.0124483779827469,1.395699670836286,1.9991388362047495,impact_Y_0.5
2015-08-13,-0.0549523027373934,0.0,0.0,-0.0549523027373934,1.3190027599940102,1.8892815536635459,impact_Y_0.5
2015-08-20,0.0291511176931846,115.87127701885267,0.0011587127701885266,0.027992404922996074,1.3559248193463118,1.9443562225899547,impact_Y_0.5
2015-08-27,-0.0208544519857594,267.5441127766273,0.002675441127766273,-0.023529893113525675,1.3240200532771165,1.90380773910274,impact_Y_0.5
2015-09-03,0.0077053029452767,44.37817869375844,0.0004437817869375844,0.007261521158339115,1.3336344529080535,1.9184771544820889,impact_Y_0.5
2015-09-11,0.0082509827240855,95.66213811158046,0.0009566213811158047,0.007294361342969695,1.3433624645069986,1.9343064763402733,impact_Y_0.5
2015-09-18,-0.033871697308346,63.94246013613257,0.0006394246013613256,-0.03451112190970733,1.2970015187254726,1.8687882328721022,impact_Y_0.5
2015-09-25,0.0100786717360659,43.69067785719666,0.0004369067785719666,0.009641764957493934,1.3095069025185364,1.8876231360154427,impact_Y_0.5
2015-10-02,0.0064463693266051,42.31358817655628,0.0004231358817655628,0.006023233444839537,1.3173943682900344,1.8997914518996426,impact_Y_0.5
2015-10-09,0.0056564104148122,0.0,0.0,0.0056564104148122,1.3248460915152451,1.910537452054139,impact_Y_0.5
2015-10-16,0.0078345629085294,53.2320847027143,0.0005323208470271431,0.007302242061502258,1.3345204383697247,1.9255056779113586,impact_Y_0.5
2015-10-23,0.0069433092645913,108.41214032390913,0.0010841214032390914,0.005859187861352208,1.3423396443229472,1.9388750593238235,impact_Y_0.5
2015-10-30,0.0191676789352294,0.0,0.0,0.0191676789352294,1.3680691796473594,1.9760387939564663,impact_Y_0.5
2015-11-06,-0.0123155681432815,0.0,0.0,-0.0123155681432815,1.351220630440689,1.9517027535357276,impact_Y_0.5
2015-11-13,0.0147914053241005,82.84807975120505,0.0008284807975120505,0.01396292452658845,1.3700876221223017,1.9805711800354375,impact_Y_0.5
2015-11-20,0.014337290411852,75.280150918475,0.00075280150918475,0.013584488902667249,1.388699562220704,2.00896720422495,impact_Y_0.5
2015-11-30,0.0001128709259979,51.619023812798574,0.0005161902381279858,-0.0004033193121300858,1.3881394728685137,2.00919395821359,impact_Y_0.5
2015-12-07,-0.0116506809694545,0.0,0.0,-0.0116506809694545,1.3719667027290159,1.985785480400688,impact_Y_0.5
2015-12-14,-0.0012738483004385,121.37545264509481,0.0012137545264509482,-0.002487602826889448,1.368553794480909,1.9832558909414442,impact_Y_0.5
2015-12-21,0.0112788374365362,123.04224554387564,0.0012304224554387563,0.010048414981097443,1.3823055909318087,2.0056247117304253,impact_Y_0.5
2015-12-29,-0.0719186969752124,89.20618394929764,0.0008920618394929764,-0.07281075881470538,1.2816588719422541,1.8613827958414872,impact_Y_0.5
2016-01-06,-0.0051002187945873,62.4053996907617,0.000624053996907617,-0.005724272791494916,1.2743223069336171,1.851889336322215,impact_Y_0.5
2016-01-13,-0.0075766500041557,227.46716289333474,0.0022746716289333475,-0.009851321633089048,1.2617685480237941,1.8378582189744734,impact_Y_0.5
2016-01-21,-0.0188478668281405,224.96070493198985,0.0022496070493198987,-0.021097473877460398,1.2351484190424609,1.803218512014239,impact_Y_0.5
2016-01-28,0.0047018665176891,189.63034164911306,0.0018963034164911307,0.002805563101197969,1.2386137058714295,1.8116970047599557,impact_Y_0.5
2016-02-04,-0.0109429571387476,140.22400633391294,0.0014022400633391294,-0.01234519720208673,1.2233227754152394,1.7918716820884701,impact_Y_0.5
2016-02-11,0.010723688276215,72.12086328176841,0.0007212086328176841,0.010002479643397316,1.2355590365736346,1.8110871554381638,impact_Y_0.5
2016-02-19,-0.0011050798359282,77.52347354419828,0.0007752347354419828,-0.0018803145713701828,1.2332357969133771,1.8090857595415806,impact_Y_0.5
2016-02-26,0.0078459354551761,128.76857798438846,0.0012876857798438846,0.006558249675332216,1.2413236651780923,1.8232797296438221,impact_Y_0.5
2016-03-04,-0.0104390798387663,162.45552522634983,0.0016245552522634983,-0.012063635091029798,1.2263487894515241,1.8042463669776658,impact_Y_0.5
2016-03-11,0.0151359120281188,0.0,0.0,0.0151359120281188,1.2449106968444523,1.8315552812652927,impact_Y_0.5
2016-03-18,0.0062286487790567,219.5770293759001,0.002195770293759001,0.004032878485297699,1.2499312704098733,1.8429633958317204,impact_Y_0.5
2016-03-28,-0.0167451928782489,0.0,0.0,-0.0167451928782489,1.2290009302023053,1.8121026183009656,impact_Y_0.5
2016-04-04,0.0289226758411547,212.12393637879939,0.0021212393637879937,0.026801436477366707,1.261939920563747,1.8645134749209922,impact_Y_0.5
2016-04-11,0.0239981747031811,210.76325869260165,0.0021076325869260164,0.021890542116255084,1.2895644695430313,1.9092583950285813,impact_Y_0.5
2016-04-18,-0.0215633559255273,0.0,0.0,-0.0215633559255273,1.261757131897361,1.8680883767027792,impact_Y_0.5
2016-04-25,0.0071234506196578,0.0,0.0,0.0071234506196578,1.270745196520433,1.881395612007378,impact_Y_0.5
2016-05-02,-0.0064328516234034,107.81367902826662,0.0010781367902826663,-0.007510988413686066,1.261200644072621,1.8692928731904124,impact_Y_0.5
2016-05-09,-0.0014555788489778,178.39734868698133,0.0017839734868698132,-0.0032395523358476133,1.257114918580143,1.8665719700216514,impact_Y_0.5
2016-05-16,-0.0041153903391421,0.0,0.0,-0.0041153903391421,1.2519413999890268,1.8588902977689108,impact_Y_0.5
2016-05-23,0.0039348444225824,0.0,0.0,0.0039348444225824,1.2568675946241736,1.8662047418892793,impact_Y_0.5
2016-05-31,0.0042267695602219,60.66409875523677,0.0006066409875523678,0.0036201285726695323,1.2614176169155351,1.8740927592854386,impact_Y_0.5
2016-06-07,0.004391415577362,0.0,0.0,0.004391415577362,1.2669570258880167,1.8823226794219858,impact_Y_0.5
2016-06-14,0.021708065865024,0.0,0.0,0.021708065865024,1.2944602124541487,1.9231842641261065,impact_Y_0.5
2016-06-21,0.008515992749996,100.97392417337903,0.0010097392417337903,0.007506253508262209,1.3041767589651885,1.9395620873763109,impact_Y_0.5
2016-06-28,0.0005136307305052,156.14643723165048,0.0015614643723165047,-0.0010478336418113048,1.3028101986822764,1.94055830606811,impact_Y_0.5
2016-07-06,0.0408454268411348,197.03297677459125,0.0019703297677459127,0.03887509707338888,1.3534570716242509,2.0198212383895715,impact_Y_0.5
2016-07-13,0.0166134321758762,0.0,0.0,0.0166134321758762,1.3759426388866405,2.053377401540951,impact_Y_0.5
2016-07-20,0.0575022854508659,0.0,0.0,0.0575022854508659,1.4550624852719178,2.1714512950227163,impact_Y_0.5
2016-07-27,0.0048683588139023,0.0,0.0,0.0048683588139023,1.46214625154687,2.1820226990737996,impact_Y_0.5
2016-08-03,0.0127106092541088,0.0,0.0,0.0127106092541088,1.4807310212226419,2.209757536985322,impact_Y_0.5
2016-08-10,0.029805278939695,0.0,0.0,0.029805278939695,1.524864622344842,2.275619976764263,impact_Y_0.5
2016-08-17,0.0007442031398119,73.62727755189039,0.0007362727755189039,7.93036429299612e-06,1.5248767150767948,2.27731350029599,impact_Y_0.5
2016-08-24,-0.0046196105449085,195.86322548837782,0.0019586322548837782,-0.006578242799792278,1.51484570580527,2.26679319883596,impact_Y_0.5
2016-08-31,-0.0390620038718706,0.0,0.0,-0.0390620038718706,1.455672796979818,2.1782477141262997,impact_Y_0.5
2016-09-08,0.0116922771245899,237.95771321124272,0.0023795771321124272,0.009312699992477472,1.4692290410253017,2.203716390045869,impact_Y_0.5
2016-09-15,0.0187519395614378,0.0,0.0,0.0187519395614378,1.4967799352045172,2.245040346602559,impact_Y_0.5
2016-09-22,0.0162894499159214,522.6224862130574,0.005226224862130574,0.011063225053790825,1.5133391484836831,2.2816108188877644,impact_Y_0.5
2016-09-29,-0.0062407402495208,206.9454217513161,0.002069454217513161,-0.00831019446703396,1.5007630058652082,2.2673718784165895,impact_Y_0.5
2016-10-06,-0.0156698071881222,90.67452046861365,0.0009067452046861365,-0.016576552392808336,1.4758855292692952,2.231842598258031,impact_Y_0.5
2016-10-13,0.0165618752864575,343.504655051707,0.00343504655051707,0.01312682873594043,1.4952592258458661,2.2688060970293837,impact_Y_0.5
2016-10-20,0.0175594654494303,195.27803706703622,0.0019527803706703621,0.015606685078759936,1.518595265694753,2.308645119301628,impact_Y_0.5
2016-10-27,-0.0407397376629838,0.0,0.0,-0.0407397376629838,1.4567280929540996,2.214591522784352,impact_Y_0.5
2016-11-03,0.0622856832454877,186.7399789245937,0.0018673997892459369,0.06041828345624176,1.5447411037928707,2.3525288688906403,impact_Y_0.5
2016-11-10,-0.0087358581185022,152.17073091671477,0.0015217073091671478,-0.010257565427669348,1.5288958208519052,2.3319775104723313,impact_Y_0.5
2016-11-17,0.0541081744021828,0.0,0.0,0.0541081744021828,1.6116215825693285,2.458156556310936,impact_Y_0.5
2016-11-25,-0.0069372188356132,0.0,0.0,-0.0069372188356132,1.6004414109708478,2.44110378634761,impact_Y_0.5
2016-12-02,0.0109410442814302,0.0,0.0,0.0109410442814302,1.6179519113181144,2.467812010969606,impact_Y_0.5
2016-12-09,0.0087411352954219,301.96035843300206,0.0030196035843300206,0.005721531711091878,1.6272090744857428,2.4893834896411584,impact_Y_0.5
2016-12-16,0.0454648842784112,0.0,0.0,0.0454648842784112,1.7011899467540175,2.602563021922281,impact_Y_0.5
2016-12-23,-0.0203983930796572,0.0,0.0,-0.0203983930796572,1.666488405516968,2.5494749183865295,impact_Y_0.5
2017-01-03,0.0228297272085118,0.0,0.0,0.0228297272085118,1.7045338812110682,2.607678735298237,impact_Y_0.5
2017-01-10,-0.0021650884768872,0.0,0.0,-0.0021650884768872,1.7008434145463942,2.6020328801170187,impact_Y_0.5
2017-01-18,0.0310664482785118,0.0,0.0,0.0310664482785118,1.7536825785142474,2.6828688000061613,impact_Y_0.5
2017-01-25,0.0230544602474449,196.2164874316033,0.001962164874316033,0.02109229537312887,1.7906717694509802,2.744720892105014,impact_Y_0.5
2017-02-01,0.013254517068206,0.0,0.0,0.013254517068206,1.8144062589827226,2.781100842016881,impact_Y_0.5
2017-02-08,-0.0034316593313393,0.0,0.0,-0.0034316593313393,1.808179834813244,2.771557051360978,impact_Y_0.5
2017-02-15,0.0037447769091151,0.0,0.0,0.0037447769091151,1.8149510649061802,2.7819359142092095,impact_Y_0.5
2017-02-23,-0.0178127074474176,0.0,0.0,-0.0178127074474176,1.7826218725556273,2.7323821036319367,impact_Y_0.5
2017-03-02,-0.0003161634750327,46.86905442161116,0.0004686905442161116,-0.0007848540192488116,1.7812227746141513,2.731518224210935,impact_Y_0.5
2017-03-09,-0.0001747748219562,174.9229832016166,0.001749229832016166,-0.001924004653972366,1.7777956937060322,2.7310408235996286,impact_Y_0.5
2017-03-16,-0.0071702322645388,84.7308030785345,0.000847308030785345,-0.008017540295324145,1.7635421450948903,2.7114586265704816,impact_Y_0.5
2017-03-23,0.0162269335007255,0.0,0.0,0.0162269335007255,1.7921590262090719,2.7554572853938093,impact_Y_0.5
2017-03-30,0.0098671911418459,229.46127645537166,0.0022946127645537165,0.0075725783772921836,1.8057302908996118,2.782645909111982,impact_Y_0.5
2017-04-06,-0.0158500552012241,167.03694854091634,0.0016703694854091635,-0.017520424686633264,1.7740931293335327,2.738540817847097,impact_Y_0.5
2017-04-13,0.0087034988038487,106.33110618241665,0.0010633110618241664,0.0076401877420245335,1.7876475339134765,2.7623757045795205,impact_Y_0.5
2017-04-21,0.0171973089042498,122.31657647100793,0.0012231657647100793,0.015974143139539723,1.8162036715032557,2.8098811328807693,impact_Y_0.5
2017-04-28,-0.0227988156846828,0.0,0.0,-0.0227988156846828,1.7747963787508088,2.745819170836353,impact_Y_0.5
2017-05-05,0.0179135300702416,81.73620238095364,0.0008173620238095365,0.017096168046432065,1.8051385958901318,2.7950064851205756,impact_Y_0.5
2017-05-12,-0.0068208622523702,0.0,0.0,-0.0068208622523702,1.7928259941811282,2.7759421308910865,impact_Y_0.5
2017-05-19,0.0146715745535639,31.76326263700898,0.00031763262637008984,0.01435394192719381,1.8185601143871677,2.8166695728208344,impact_Y_0.5
2017-05-26,0.0161187614201093,0.0,0.0,0.0161187614201093,1.847873050999101,2.8620707976644146,impact_Y_0.5
2017-06-05,-0.011267198111442,0.0,0.0,-0.011267198111442,1.8270526992486993,2.8298232789781568,impact_Y_0.5
2017-06-12,0.0045446443841511,0.0,0.0,0.0045446443841511,1.8353560040378878,2.842683819451105,impact_Y_0.5
2017-06-19,-0.0205606048501464,0.0,0.0,-0.0205606048501464,1.797619974479521,2.784236520725466,impact_Y_0.5
2017-06-26,-0.0112974525159767,187.5168437427873,0.001875168437427873,-0.013172620953404574,1.7739406079374334,2.7527817408393216,impact_Y_0.5
2017-07-03,0.0475824266689398,71.51250656282704,0.0007151250656282704,0.04686730160331153,1.8570804174359987,2.883765776158405,impact_Y_0.5
2017-07-11,0.011617184931924,70.33859332919359,0.0007033859332919359,0.010913798998632065,1.877348219836191,2.9172670164803907,impact_Y_0.5
2017-07-18,0.011756805278742,58.29214260065259,0.0005829214260065259,0.011173883852735475,1.8983254907957805,2.951564756739247,impact_Y_0.5
2017-07-25,-0.0142739343458231,110.66256838290094,0.0011066256838290094,-0.015380560029652109,1.869128181628777,2.9094343151841056,impact_Y_0.5
2017-08-01,-0.0201640652150636,0.0,0.0,-0.0201640652150636,1.8314389590791011,2.850768291913789,impact_Y_0.5
2017-08-08,-0.0104735389122165,74.4001264501144,0.000744001264501144,-0.011217540176717644,1.8108947189744256,2.820910659278717,impact_Y_0.5
2017-08-15,0.0056537373654317,0.0,0.0,0.0056537373654317,1.8211330421119543,2.836859347277626,impact_Y_0.5
2017-08-22,0.010708271795536,123.65819560006004,0.0012365819560006003,0.0094716898395354,1.8383822494433684,2.8672372082139814,impact_Y_0.5
2017-08-29,0.0181680795067792,108.5852848541477,0.001085852848541477,0.01708222665823772,1.869785911712841,2.9193294017776084,impact_Y_0.5
2017-09-06,-0.0139022202531135,51.101528766989354,0.0005110152876698935,-0.014413235540783394,1.8428362469564854,2.878744241442706,impact_Y_0.5
2017-09-13,0.008310991138941,0.0,0.0,0.008310991138941,1.8581520426754599,2.902669459324614,impact_Y_0.5
2017-09-20,-0.0147565002600246,178.87060844126518,0.0017887060844126517,-0.016545206344437253,1.8274085337100567,2.8598362166933247,impact_Y_0.5
2017-09-27,0.0238880906673651,310.18876814554073,0.0031018876814554075,0.020786202985909694,1.8653934184299374,2.928152243531509,impact_Y_0.5
2017-10-04,0.0119572862295084,77.91643330733734,0.0007791643330733734,0.011178121896435026,1.886245013445955,2.9631649980309924,impact_Y_0.5
2017-10-11,0.0129908456803918,0.0,0.0,0.0129908456803918,1.91074893133104,3.0016590172459514,impact_Y_0.5
2017-10-18,0.0026366806187038,0.0,0.0,0.0026366806187038,1.9157869660054894,3.009573433400681,impact_Y_0.5
2017-10-25,0.032218909679839,0.0,0.0,0.032218909679839,1.9775115332290332,3.106538608026261,impact_Y_0.5
2017-11-01,0.0042401707564939,137.98696386972458,0.0013798696386972458,0.0028603011177966544,1.9831678116779838,3.119710862185933,impact_Y_0.5
2017-11-08,0.0166022750411739,0.0,0.0,0.0166022750411739,2.0160929091402644,3.1715051599688815,impact_Y_0.5
2017-11-15,0.0134776102381383,59.46083594815082,0.0005946083594815082,0.012883001878656791,2.042066237876265,3.2142494703831863,impact_Y_0.5
2017-11-22,-0.039905285513533,151.05125308116226,0.0015105125308116226,-0.04141579804434462,1.9574924349752072,3.085983927555823,impact_Y_0.5
2017-11-30,-0.0049617074217868,263.6818503808141,0.0026368185038081414,-0.007598525925594941,1.9426183779588921,3.0706721781989543,impact_Y_0.5
2017-12-07,2.593784301436206e-05,75.68594468336582,0.0007568594468336582,-0.0007309216038192961,1.9411984762184658,3.070751824811861,impact_Y_0.5
2017-12-14,0.0161718876917796,0.0,0.0,0.0161718876917796,1.9725913199633245,3.1204116784520455,impact_Y_0.5
2017-12-21,0.0052235703277351,190.7845308714728,0.001907845308714728,0.0033157250190203715,1.9791318903552293,3.1367113683059253,impact_Y_0.5
2017-12-29,-0.000792537467938,109.58024113333985,0.0010958024113333984,-0.0018883398792713985,1.9753946166803338,3.134225407020436,impact_Y_0.5
2018-01-08,0.0080703961577114,23.90737937854834,0.0002390737937854834,0.007831322363925917,1.9908645687195214,3.1595198477026547,impact_Y_0.5
2018-01-16,0.0098691490298075,0.0,0.0,0.0098691490298075,2.010512707846378,3.190701619942267,impact_Y_0.5
2018-01-23,0.0249421192046167,280.1580781424056,0.002801580781424056,0.022140538423192645,2.055026541704768,3.2702844800932307,impact_Y_0.5
2018-01-30,-0.0361967031544876,0.0,0.0,-0.0361967031544876,1.980641356000087,3.151910963536568,impact_Y_0.5
2018-02-06,0.0308204896878967,256.7199591469258,0.002567199591469258,0.028253290096427443,2.036600990808139,3.2490544028854154,impact_Y_0.5
2018-02-13,0.00852069506438,0.0,0.0,0.00852069506438,2.053954246818629,3.276738604699983,impact_Y_0.5
2018-02-21,0.0138799075587964,0.0,0.0,0.0138799075587964,2.0824629418944687,3.322219433627558,impact_Y_0.5
2018-02-28,0.0265163720244268,185.58576448535737,0.0018558576448535738,0.02466051437957323,2.133817549217986,3.4103126400764068,impact_Y_0.5
2018-03-07,-0.0017591004577742,242.7321637748097,0.002427321637748097,-0.004186422095522297,2.1248844882821265,3.404313557550095,impact_Y_0.5
2018-03-14,-0.0198520427317273,241.26771780189594,0.0024126771780189596,-0.02226471990974626,2.0775745303099606,3.3367309793334123,impact_Y_0.5
2018-03-21,-0.0261645515706879,85.94037109560558,0.0008594037109560559,-0.027023955281643957,2.021430249108582,3.2494269095471315,impact_Y_0.5
2018-03-28,-0.0257393245681249,134.2495207260907,0.001342495207260907,-0.027081819775385804,1.96668623941371,3.1657888556618987,impact_Y_0.5
2018-04-05,0.0304828174101248,0.0,0.0,0.0304828174101248,2.026636376952763,3.2622910193080483,impact_Y_0.5
2018-04-12,0.006625638350922,0.0,0.0,0.006625638350922,2.0400641366552748,3.2839057797974442,impact_Y_0.5
2018-04-19,-0.012449898978295,0.0,0.0,-0.012449898978295,2.014665544244674,3.243021484584727,impact_Y_0.5
2018-04-26,0.0260712292797431,63.00496173355451,0.0006300496173355451,0.025441179662407557,2.0659210123154654,3.3275710412684685,impact_Y_0.5
2018-05-03,0.0149172224737461,0.0,0.0,0.0149172224737461,2.096738815669362,3.3772091587882653,impact_Y_0.5
2018-05-10,-0.002934434386766,96.78209953313956,0.0009678209953313956,-0.0039022553820973957,2.0885568053410637,3.367298960101416,impact_Y_0.5
2018-05-17,0.0156974238284505,0.0,0.0,0.0156974238284505,2.1213417667042966,3.420156879035228,impact_Y_0.5
2018-05-24,0.0243214319497967,0.0,0.0,0.0243214319497967,2.1729358361254567,3.503339991826312,impact_Y_0.5
2018-06-01,0.0184614611510271,0.0,0.0,0.0184614611510271,2.213051406647762,3.5680167669842535,impact_Y_0.5
2018-06-08,0.0377138233103478,224.657971242776,0.00224657971242776,0.035467243597920035,2.2915422399820575,3.702580320902656,impact_Y_0.5
2018-06-15,-0.0292371608694695,0.0,0.0,-0.0292371608694695,2.2245440508725176,3.5943273844282935,impact_Y_0.5
2018-06-22,0.0068155210802718,0.0,0.0,0.0068155210802718,2.2397054777452325,3.618824598486263,impact_Y_0.5
2018-06-29,0.0306228982249551,34.31574550469631,0.0003431574550469631,0.030279740769908137,2.3075231790123016,3.7296434958596714,impact_Y_0.5
2018-07-09,-0.0196654309191616,0.0,0.0,-0.0196654309191616,2.262144741341071,3.6562984493387427,impact_Y_0.5
2018-07-16,-0.0048005786274548,70.85251734650973,0.0007085251734650973,-0.005509103800919897,2.249682351148318,3.6387461011472513,impact_Y_0.5
2018-07-23,0.0073366004628384,0.0,0.0,0.0073366004628384,2.266187371726992,3.6654421274770796,impact_Y_0.5
2018-07-30,0.0159356196685481,0.0,0.0,0.0159356196685481,2.3023004717805,3.723853219137628,impact_Y_0.5
2018-08-06,0.0127328335637345,85.59406254528642,0.0008559406254528642,0.011876892938281636,2.329644647995592,3.7712684223926844,impact_Y_0.5
2018-08-13,0.0382019115203352,0.0,0.0,0.0382019115203352,2.418641526712142,3.9153380849843638,impact_Y_0.5
2018-08-20,0.037768081797427,0.0,0.0,0.037768081797427,2.50998897773166,4.063212894042635,impact_Y_0.5
2018-08-27,0.018169606895315,0.0,0.0,0.018169606895315,2.555594490768618,4.137039875059364,impact_Y_0.5
2018-09-04,0.0452728855268965,0.0,0.0,0.0452728855268965,2.6712936276023527,4.324335607743133,impact_Y_0.5
2018-09-11,-0.0295444353177343,0.0,0.0,-0.0295444353177343,2.592371765806979,4.196575554087991,impact_Y_0.5
2018-09-18,-0.0043899478535027,0.0,0.0,-0.0043899478535027,2.5809913889381937,4.17815280624226,impact_Y_0.5
2018-09-25,-0.0352309530048364,205.6510510168552,0.002056510510168552,-0.03728746351500495,2.484752766690619,4.030952501078514,impact_Y_0.5
2018-10-02,-0.016195202121626,236.73928488876325,0.0023673928488876323,-0.018562594970513633,2.438629307480678,3.9656704105808736,impact_Y_0.5
2018-10-09,0.0464642613400489,0.0,0.0,0.0464642613400489,2.551938416934963,4.149932356926603,impact_Y_0.5
2018-10-16,-0.0571336942216912,0.0,0.0,-0.0571336942216912,2.4061367477492137,3.912831390605256,impact_Y_0.5
2018-10-23,0.0036280075776699,0.0,0.0,0.0036280075776699,2.4148662301029575,3.927027172540516,impact_Y_0.5
2018-10-30,0.014839447546916,241.8179897515844,0.002418179897515844,0.012421267649400157,2.4448619298845644,3.985302086282745,impact_Y_0.5
2018-11-06,-0.0106685701445676,0.0,0.0,-0.0106685701445676,2.418778748891808,3.942784611427946,impact_Y_0.5
2018-11-13,-0.0104879464745019,0.0,0.0,-0.0104879464745019,2.393410726839768,3.9014328974628,impact_Y_0.5
2018-11-20,0.0003194192549445,65.81358837826934,0.0006581358837826934,-0.0003387166288381934,2.3926000388269477,3.9026790902521236,impact_Y_0.5
2018-11-28,-0.0052140082359812,118.17161786950203,0.0011817161786950203,-0.006395724414676221,2.377297628344067,3.8823304893331576,impact_Y_0.5
2018-12-06,-0.0018231720826421,0.0,0.0,-0.0018231720826421,2.3729634056759386,3.875252332769415,impact_Y_0.5
2018-12-13,-0.0194635209589355,0.0,0.0,-0.0194635209589355,2.326777182694778,3.7998262777693936,impact_Y_0.5
2018-12-20,0.0035810881876392,47.60850147422603,0.0004760850147422603,0.0031050031728969397,2.3340018332296695,3.8134337907677947,impact_Y_0.5
2018-12-28,-0.0026228221621188,39.166232044711265,0.00039166232044711267,-0.0030144844825659126,2.3269660209211183,3.803431832107596,impact_Y_0.5
2019-01-07,-0.0040336346662182,173.4849612961481,0.001734849612961481,-0.005768484279179681,2.3135429540112495,3.788090177619009,impact_Y_0.5
2019-01-14,-0.0014480997693417,145.12860626808543,0.0014512860626808544,-0.002899385832022554,2.306835100348614,3.782604645106553,impact_Y_0.5
2019-01-22,0.0017372272293807,87.94706969976406,0.0008794706969976405,0.0008577565323830595,2.3088138032250685,3.789175888894014,impact_Y_0.5
2019-01-29,0.007494845609683,157.66934958832715,0.0015766934958832716,0.005918152113799729,2.322477714514995,3.8175751771692084,impact_Y_0.5
2019-02-05,0.0049816123352768,170.82114123938584,0.0017082114123938585,0.0032734009228829416,2.3300801152090633,3.8365928567626413,impact_Y_0.5
2019-02-12,-0.0031233288856244,126.08951921232809,0.0012608951921232808,-0.004384224077747681,2.319864521864883,3.8246099154707345,impact_Y_0.5
2019-02-20,-0.0113981130677636,334.07462409424943,0.003340746240942494,-0.014738859308706094,2.2856723650618576,3.7810165792141093,impact_Y_0.5
2019-02-27,-0.0066902313557907,166.6334503359934,0.0016663345033599338,-0.008356565859150634,2.2665719934107775,3.7557207035390863,impact_Y_0.5
2019-03-06,0.0330789537561772,55.21851553251024,0.0005521851553251023,0.032526768600852095,2.340296256157622,3.8799560150125734,impact_Y_0.5
2019-03-13,0.0201103425333118,0.0,0.0,0.0201103425333118,2.387360415498379,3.9579832594886595,impact_Y_0.5
2019-03-20,-0.0076547994415407,0.0,0.0,-0.0076547994415407,2.3690856503230657,3.927685691444298,impact_Y_0.5
2019-03-27,0.0240690789338089,0.0,0.0,0.0240690789338089,2.426107359841646,4.022221468378863,impact_Y_0.5
2019-04-03,-0.0039781570368252,308.72138446732225,0.0030872138446732225,-0.0070653708814984225,2.4089660115460316,4.006220439740762,impact_Y_0.5
2019-04-10,-0.0070789088327832,0.0,0.0,-0.0070789088327832,2.391913160769024,3.9778607704838045,impact_Y_0.5
2019-04-17,0.0165953309406466,182.12683426619046,0.0018212683426619045,0.014774062597984696,2.427251435535169,4.043874686405799,impact_Y_0.5
2019-04-25,0.0062296365045009,0.0,0.0,0.0062296365045009,2.442372329683581,4.069066555771859,impact_Y_0.5
2019-05-02,-0.0302799953947755,0.0,0.0,-0.0302799953947755,2.368417306788435,3.945855239202052,impact_Y_0.5
2019-05-09,-0.0112315071016225,74.13124952371071,0.0007413124952371071,-0.011972819596859608,2.340060673644177,3.90153733806098,impact_Y_0.5
2019-05-16,-0.0338708881377803,0.0,0.0,-0.0338708881377803,2.2608007403315566,3.7693888033181433,impact_Y_0.5
2019-05-23,0.0047185665963073,194.8799430452074,0.001948799430452074,0.002769767165855226,2.2670626319906684,3.7871749154139747,impact_Y_0.5
2019-05-31,0.0656538171465755,0.0,0.0,0.0656538171465755,2.415903947491218,4.035817404812661,impact_Y_0.5
2019-06-07,-0.0279163215699877,188.92982077814236,0.0018892982077814236,-0.029805619777769125,2.3438964330126835,3.923152228342158,impact_Y_0.5
2019-06-14,0.0100295906856988,292.18707542419645,0.0029218707542419645,0.0071077199314568355,2.3605561924068783,3.962499839390117,impact_Y_0.5
2019-06-21,0.0112981963933125,385.70106678363095,0.0038570106678363094,0.007441185725476191,2.378121529450001,4.007268940784016,impact_Y_0.5
2019-06-28,-0.0060375975618609,101.81557738583076,0.0010181557738583077,-0.007055753335719208,2.3613420905358384,3.9830746635974172,impact_Y_0.5
2019-07-08,0.0078573212660641,0.0,0.0,0.0078573212660641,2.379895913960258,4.014370960856023,impact_Y_0.5
2019-07-15,0.0080238007707714,39.603186738651516,0.0003960318673865152,0.007627768903384884,2.3980492100060564,4.046581473665902,impact_Y_0.5
2019-07-22,0.0098072554829284,195.91604623436797,0.0019591604623436796,0.00784809502058472,2.4168693280702223,4.086267332010628,impact_Y_0.5
2019-07-29,-0.0143326393999839,285.00867024010677,0.002850086702401068,-0.017182726102384967,2.3753409243807364,4.027700335848985,impact_Y_0.5
2019-08-05,0.0175907807538941,55.6273761613369,0.000556273761613369,0.01703450699228073,2.415803685966151,4.098550729399291,impact_Y_0.5
2019-08-12,0.0029466581263267,263.67641925549896,0.0026367641925549895,0.00030989393377171045,2.4165523288736153,4.110627757212237,impact_Y_0.5
2019-08-19,0.0066063261082253,26.05554852385699,0.0002605554852385699,0.0063457706229867305,2.431887215651092,4.137783904685904,impact_Y_0.5
2019-08-26,0.0054618031287728,92.42831664997358,0.0009242831664997358,0.0045375199622730645,2.4429219524381054,4.160383665762703,impact_Y_0.5
2019-09-03,-0.0377105554296697,0.0,0.0,-0.0377105554296697,2.3507980087403313,4.0034932869262665,impact_Y_0.5
2019-09-10,0.0096872483496915,227.91339298836195,0.0022791339298836194,0.0074081144198078815,2.368212989366936,4.042276120663044,impact_Y_0.5
2019-09-17,-0.0020386511048026,0.0,0.0,-0.0020386511048026,2.363385029339755,4.0340353299837375,impact_Y_0.5
2019-09-24,-0.0456291399428322,49.50846032811121,0.0004950846032811122,-0.04612422454611331,2.2543757275575658,3.8499657673775802,impact_Y_0.5
2019-10-01,0.0119223573478883,46.00600797894705,0.00046006007978947053,0.01146229726809883,2.2802160523008173,3.895866435033393,impact_Y_0.5
2019-10-08,0.0100988731738925,62.024913465335665,0.0006202491346533566,0.009478624039239145,2.3018293629888147,3.93521029606322,impact_Y_0.5
2019-10-15,0.0001260784466399,242.96728947732902,0.00242967289477329,-0.00230359444813339,2.296526881647683,3.935706441264549,impact_Y_0.5
2019-10-22,0.0165816991468864,365.8326721353749,0.003658326721353749,0.012923372425532651,2.326205753824463,4.00096714140406,impact_Y_0.5
2019-10-29,0.0008478840818921,176.9976750779693,0.001769976750779693,-0.0009220926688875929,2.3240607765525376,4.004359497755431,impact_Y_0.5
2019-11-05,-0.0040130338698042,246.53270548990108,0.002465327054899011,-0.0064783609247032106,2.3090046720310844,3.988289867464066,impact_Y_0.5
2019-11-12,0.0158285088271964,215.22851507920333,0.0021522851507920332,0.013676223676404366,2.340583136395644,4.051418548836638,impact_Y_0.5
2019-11-19,-0.0018342611293164,160.9394987607861,0.001609394987607861,-0.003443656116924261,2.3325229729608257,4.043987189273916,impact_Y_0.5
2019-11-26,-0.0003361208684559,17.024334946139966,0.00017024334946139967,-0.0005063642179172997,2.3313418667898484,4.042627920787833,impact_Y_0.5
2019-12-04,0.0004877126102726,44.536734087770554,0.0004453673408777055,4.234526939489447e-05,2.3314405880892495,4.044599561403442,impact_Y_0.5
2019-12-11,0.0140353094776059,86.13123492183199,0.0008613123492183199,0.01317399712838758,2.362154979701743,4.101366767960728,impact_Y_0.5
2019-12-18,0.0157696559809785,0.0,0.0,0.0157696559809785,2.399405351105395,4.166043910943287,impact_Y_0.5
2019-12-26,0.0033334550264383,258.1377772137319,0.002581377772137319,0.0007520772543009807,2.40120988929381,4.179931230958584,impact_Y_0.5
2020-01-03,0.0052090568471211,153.53491402522783,0.0015353491402522784,0.0036737077068688213,2.4100312325699185,4.2017047303577035,impact_Y_0.5
2020-01-10,-0.0047717603431352,250.03391538974026,0.0025003391538974025,-0.007272099497032602,2.392505245655714,4.181655202351819,impact_Y_0.5
2020-01-17,-0.0063193115875612,191.18670965480197,0.0019118670965480198,-0.00823117868410922,2.372812107476053,4.155230020176412,impact_Y_0.5
2020-01-27,0.0096659787261365,0.0,0.0,0.0096659787261365,2.3957476588280353,4.195394385153641,impact_Y_0.5
2020-02-03,0.0195504593984608,47.1899560595225,0.000471899560595225,0.019078559837865574,2.441455073893412,4.277416272741117,impact_Y_0.5
2020-02-10,0.0443953593140367,0.0,0.0,0.0443953593140367,2.549844349147988,4.467313705105167,impact_Y_0.5
2020-02-18,-0.0639963494849739,118.93538805517665,0.0011893538805517665,-0.06518570336552566,2.3836309517761656,4.181421935974243,impact_Y_0.5
2020-02-25,0.0250137918920476,234.58204522610077,0.002345820452261008,0.02266797143978659,2.437663030114019,4.286015154093546,impact_Y_0.5
2020-03-03,-0.0590891783224374,0.0,0.0,-0.0590891783224374,2.2936235246375984,4.032758040360643,impact_Y_0.5
2020-03-10,-0.0448041473840123,191.78124156016702,0.0019178124156016701,-0.046721959799613966,2.1864609385240317,3.8520737547562645,impact_Y_0.5
2020-03-17,-0.0295933182099501,160.0442408174642,0.0016004424081746422,-0.03119376061812474,2.1182569994068325,3.7380781103635647,impact_Y_0.5
2020-03-24,0.0245630053791198,0.0,0.0,0.0245630053791198,2.1702877574776207,3.8298965430959946,impact_Y_0.5
2020-03-31,0.0065277063112921,138.66482663642032,0.0013866482663642031,0.005141058044927897,2.1814453328130092,3.854896982931958,impact_Y_0.5
2020-04-07,0.0093176018367052,166.44911624904117,0.0016644911624904117,0.0076531106742147885,2.1981401753747765,3.890815378140434,impact_Y_0.5
2020-04-15,0.0086691679724858,154.95174959506045,0.0015495174959506044,0.007119650476535196,2.2137901651218748,3.924545510203464,impact_Y_0.5
2020-04-22,0.0034685731144822,0.0,0.0,0.0034685731144822,2.2214688581697213,3.9381580832467176,impact_Y_0.5
2020-04-29,0.0234539717285713,0.0,0.0,0.0234539717285713,2.2735711259651357,4.030523531593831,impact_Y_0.5
2020-05-06,0.0023982531234088,0.0,0.0,0.0023982531234088,2.2790237250192735,4.040189747242448,impact_Y_0.5
2020-05-13,-0.0087632131788756,0.0,0.0,-0.0087632131788756,2.2590521542772146,4.004784703204255,impact_Y_0.5
2020-05-20,0.0143936109345603,47.50860567112952,0.0004750860567112952,0.013918524877849005,2.2904948278868806,4.062428016098855,impact_Y_0.5
2020-05-28,-0.0103555427634024,127.36124158523916,0.0012736124158523915,-0.01162915517925479,2.2638583080961037,4.0203593690548995,impact_Y_0.5
2020-06-04,-0.0120125156798665,287.8313775728596,0.002878313775728596,-0.014890829455595096,2.230147580118613,3.9720647390954293,impact_Y_0.5
2020-06-11,0.0089279484395781,192.00461184784803,0.0019200461184784802,0.007007902321099619,2.2457762365217206,4.00752712828474,impact_Y_0.5
2020-06-18,-0.0164152934645702,458.7342254274197,0.004587342254274197,-0.021002635718844396,2.1986090163200176,3.94174239440672,impact_Y_0.5
2020-06-25,0.0149125646065108,183.90261043259522,0.0018390261043259523,0.013073538502184847,2.2273526159461285,4.000523882525532,impact_Y_0.5
2020-07-02,-0.0140254135700471,253.32837070257108,0.002533283707025711,-0.01655869727707281,2.1904705582493804,3.9444148805762613,impact_Y_0.5
2020-07-10,0.0284137158580707,125.53182191558503,0.0012553182191558502,0.02715839763891485,2.249960228686653,4.056490364219301,impact_Y_0.5
2020-07-17,0.0133372037235766,0.0,0.0,0.0133372037235766,2.2799684066265917,4.11059260260962,impact_Y_0.5
2020-07-24,0.0337826486999817,0.0,0.0,0.0337826486999817,2.3569917783547147,4.249459308452324,impact_Y_0.5
2020-07-31,-0.007275089384641,63.067313074226604,0.0006306731307422661,-0.007905762515383266,2.3383579611043315,4.2185441121469385,impact_Y_0.5
2020-08-07,-0.0404961063430023,181.72193036703618,0.0018172193036703618,-0.04231332564667266,2.2394142592176345,4.04770950116879,impact_Y_0.5
2020-08-14,-0.0030863633978952,167.58124637128498,0.0016758124637128499,-0.004762175861608049,2.2287497746882474,4.03521679871907,impact_Y_0.5
2020-08-21,0.024577127221532,159.10522165706544,0.0015910522165706543,0.022986075004961345,2.279979984176522,4.134390835347651,impact_Y_0.5
2020-08-28,-0.0567223473744756,0.0,0.0,-0.0567223473744756,2.15065416750721,3.8998784822032135,impact_Y_0.5
2020-09-04,0.0341954127715292,256.7859399107052,0.002567859399107052,0.03162755337242215,2.2186740969756666,4.033236436660957,impact_Y_0.5
2020-09-14,-0.019915392442473,0.0,0.0,-0.019915392442473,2.174488331632447,3.9529129502115725,impact_Y_0.5
2020-09-21,0.0179509132216485,0.0,0.0,0.0179509132216485,2.2135223829750683,4.023871347553551,impact_Y_0.5
2020-09-28,0.0144039577294026,0.0,0.0,0.0144039577294026,2.2454058658125278,4.081831020352267,impact_Y_0.5
2020-10-05,0.0292997170266463,0.0,0.0,0.0292997170266463,2.3111956222908066,4.201427514199175,impact_Y_0.5
2020-10-12,-0.0105986442516109,175.22453131712726,0.0017522453131712725,-0.012350889564782173,2.2826503003972847,4.156898078627248,impact_Y_0.5
2020-10-19,-0.0146421784579958,525.8361899746833,0.005258361899746833,-0.019900540357742632,2.2372243259716154,4.096032035128288,impact_Y_0.5
2020-10-26,-0.017413454308951,242.90266585002212,0.0024290266585002213,-0.01984248096745122,2.1928322448636046,4.024705968436582,impact_Y_0.5
2020-11-02,0.0277646292659847,209.516151885914,0.00209516151885914,0.025669467747125557,2.249121081447988,4.13645043755482,impact_Y_0.5
2020-11-09,0.0383847405688685,271.348291626028,0.00271348291626028,0.03567125765260822,2.3293500590362317,4.295227014476344,impact_Y_0.5
2020-11-16,0.0451917500325635,194.2698422961317,0.001942698422961317,0.043249051609602185,2.43009223995632,4.489335840047674,impact_Y_0.5
2020-11-23,0.0399094920813042,219.69489172710104,0.0021969489172710102,0.037712543164033184,2.521737198448255,4.668502953206371,impact_Y_0.5
2020-12-01,0.0019425213449522,183.14076451398088,0.001831407645139809,0.00011111369981239112,2.5220173979983294,4.677571619841947,impact_Y_0.5
2020-12-08,0.0087255495564175,309.0169575334155,0.003090169575334155,0.005635379981083344,2.536229924354953,4.7183860028145705,impact_Y_0.5
2020-12-15,0.0102795547273262,160.26494887059403,0.0016026494887059403,0.008676905238620261,2.558236551071934,4.766888909955153,impact_Y_0.5
2020-12-22,0.0264523860865336,309.0836786060734,0.0030908367860607343,0.023361549300472868,2.618000920382072,4.892984495832901,impact_Y_0.5
2020-12-30,0.0736841946890247,98.97068676570292,0.0009897068676570293,0.07269448782136768,2.8083151564051163,5.253520118034232,impact_Y_0.5
2021-01-07,0.0133346626984316,106.12371456773246,0.0010612371456773246,0.012273425552754276,2.8427828034059264,5.323574036787644,impact_Y_0.5
2021-01-14,0.0044632765215893,167.05773622672035,0.0016705773622672036,0.0027926991593220964,2.8507218405511336,5.347334619796981,impact_Y_0.5
2021-01-22,0.0087107535940818,0.0,0.0,0.0087107535940818,2.875553776069442,5.393913934055136,impact_Y_0.5
2021-01-29,0.1239178901819779,0.0,0.0,0.1239178901819779,3.231886333104787,6.062316368586421,impact_Y_0.5
2021-02-05,0.019963713349772,0.0,0.0,0.019963713349772,3.296406785437937,6.183342714804511,impact_Y_0.5
2021-02-12,-0.0090473049743805,0.0,0.0,-0.0090473049743805,3.2665831879304625,6.12740012750256,impact_Y_0.5
2021-02-22,0.0324999618478703,0.0,0.0,0.0324999618478703,3.372747016911097,6.326540397873029,impact_Y_0.5
2021-03-01,-0.006742069583529,0.0,0.0,-0.006742069583529,3.3500077218354427,6.283886422287562,impact_Y_0.5
2021-03-08,0.0478856917218386,265.2656627068685,0.002652656627068685,0.04523303509476991,3.5015387386849754,6.584794670320272,impact_Y_0.5
2021-03-15,-0.0347968447061176,0.0,0.0,-0.0347968447061176,3.3796962389624996,6.355664592755467,impact_Y_0.5
2021-03-22,-0.0774961562930273,0.0,0.0,-0.0774961562930273,3.1177827710049053,5.86312501612923,impact_Y_0.5
2021-03-29,0.0155731776769003,153.9099501475678,0.001539099501475678,0.014034078175424623,3.16153797814718,5.95443250374729,impact_Y_0.5
2021-04-06,-0.0087609849512024,120.6799423595793,0.001206799423595793,-0.009967784374798193,3.130024449288274,5.90226581018901,impact_Y_0.5
2021-04-13,-0.0215115723328429,150.73320740295947,0.0015073320740295946,-0.023018904406872494,3.057974715698933,5.775298792285463,impact_Y_0.5
2021-04-20,0.0109403851114068,269.3406079371508,0.0026934060793715082,0.008246979032035293,3.083193769059796,5.838482785206509,impact_Y_0.5
2021-04-27,-0.0154350891850435,160.94170873847867,0.0016094170873847866,-0.017044506272428286,3.0306422535239443,5.748365282711505,impact_Y_0.5
2021-05-04,-0.0326992246227427,316.196583444119,0.0031619658344411903,-0.03586119045718389,2.921959814462733,5.5603981951185455,impact_Y_0.5
2021-05-11,0.0140118790875585,308.40570532813285,0.0030840570532813284,0.010927822034277172,2.9538904713064915,5.638309822307225,impact_Y_0.5
2021-05-18,0.0138751943023062,0.0,0.0,0.0138751943023062,2.9948762755435996,5.716542466628339,impact_Y_0.5
2021-05-25,0.0376502550760062,309.6646926473928,0.003096646926473928,0.034553608149532275,3.0983600568250638,5.931771748649719,impact_Y_0.5
2021-06-02,0.0011494337249536,169.1063302569499,0.0016910633025694988,-0.0005416295776158988,3.0966818933761835,5.938589927146343,impact_Y_0.5
2021-06-09,-0.0139773581546579,66.3976454014971,0.0006639764540149711,-0.014641334608672871,3.051342337598644,5.855584128800975,impact_Y_0.5
2021-06-16,-0.0008004271117576,0.0,0.0,-0.0008004271117576,3.048899960464376,5.8508971605091045,impact_Y_0.5
2021-06-23,0.0064710861910117,68.65019994771524,0.0006865019994771524,0.005784584191534548,3.0665365789772485,5.888758820329505,impact_Y_0.5
2021-06-30,-0.0144672597679172,0.0,0.0,-0.0144672597679172,3.0221721977013645,5.803564616765184,impact_Y_0.5
2021-07-08,-0.0206844859712923,180.29683902511863,0.0018029683902511862,-0.022487454361543487,2.9542112383328294,5.683520865866217,impact_Y_0.5
2021-07-15,0.0196256218658774,0.0,0.0,0.0196256218658774,3.0121894710082753,5.795063497246532,impact_Y_0.5
2021-07-22,0.0058825970632172,178.93839862425915,0.0017893839862425916,0.004093213076974609,3.0245190043413315,5.829153520756591,impact_Y_0.5
2021-07-29,0.009441134274599,162.15740243241092,0.0016215740243241091,0.00781956025027489,3.0481694129238797,5.884187341853306,impact_Y_0.5
2021-08-05,-0.0084085121956076,134.76760797985062,0.0013476760797985063,-0.009756188275406107,3.01843089823606,5.834710080828093,impact_Y_0.5
2021-08-12,-0.0070377132319204,205.01496815826073,0.0020501496815826074,-0.009087862913503008,2.990999812019009,5.79364706448783,impact_Y_0.5
2021-08-19,0.0213277920018495,52.765804244664764,0.0005276580424466476,0.020800133959402854,3.0532130087815528,5.917212764011353,impact_Y_0.5
2021-08-26,0.0067356491802769,0.0,0.0,0.0067356491802769,3.0737783804813628,5.95706903331479,impact_Y_0.5
2021-09-02,-0.0209738989446163,235.44711243164275,0.0023544711243164277,-0.02332837006893273,3.0020721409116087,5.832126069403942,impact_Y_0.5
2021-09-10,-0.0238137628439008,245.48572235719615,0.0024548572235719617,-0.02626862006747276,2.923211848426857,5.693241202311425,impact_Y_0.5
2021-09-17,0.0092369379892223,69.50770795839085,0.0006950770795839086,0.00854186090963839,2.948181517445526,5.745829318254861,impact_Y_0.5
2021-09-24,-0.0425034836449299,207.27196884811673,0.0020727196884811673,-0.04457620333341107,2.81676277866007,5.501611555799856,impact_Y_0.5
2021-10-01,-0.0011192443419277,191.27356824216164,0.0019127356824216164,-0.0030319800243493165,2.808222410181842,5.495453908194544,impact_Y_0.5
2021-10-08,0.0575724675936534,467.80808038670114,0.004678080803867011,0.05289438678978639,2.9567616125377465,5.81184075023649,impact_Y_0.5
2021-10-15,0.0105234370767211,0.0,0.0,0.0105234370767211,2.9878769073181517,5.873001290671527,impact_Y_0.5
2021-10-22,-0.0040465282653344,162.01310125802948,0.0016201310125802948,-0.005666659277914695,2.9709456269200305,5.84923602494648,impact_Y_0.5
2021-10-29,0.0661610312806597,0.0,0.0,0.0661610312806597,3.167506453475826,6.236227512560926,impact_Y_0.5
2021-11-05,-0.006166287189302,54.92394814202181,0.0005492394814202181,-0.006715526670722218,3.146234979407825,6.197773142740648,impact_Y_0.5
2021-11-12,-0.0022798680319987,0.0,0.0,-0.0022798680319987,3.1390619788571166,6.183643037882933,impact_Y_0.5
2021-11-19,-0.0001801563315937,181.8121701909779,0.001818121701909779,-0.001998278033503479,3.1327892602589604,6.182529015437343,impact_Y_0.5
2021-11-29,-0.0027553210213272,0.0,0.0,-0.0027553210213272,3.1241574201547806,6.165494163276143,impact_Y_0.5
2021-12-06,-0.0421916385735957,382.02002739732563,0.003820200273973256,-0.04601183884756896,2.980409192404182,5.905361861911582,impact_Y_0.5
2021-12-13,0.013273249066469,309.26792341460566,0.003092679234146057,0.010180569832322944,3.01075145631635,5.983745200732362,impact_Y_0.5
2021-12-20,0.0175236107346058,163.31786426540623,0.0016331786426540622,0.015890432091951737,3.05859359787869,6.088602022365062,impact_Y_0.5
2021-12-28,-0.0350108071134769,230.6572902691517,0.002306572902691517,-0.03731738001616842,2.9444548982716308,5.875435151369313,impact_Y_0.5
2022-01-04,0.0008911356200889,170.67376033082007,0.0017067376033082008,-0.0008156019832193008,2.942053395017101,5.880670960916221,impact_Y_0.5
2022-01-11,-0.0772100251849313,196.25112106032861,0.0019625112106032862,-0.07917253639553458,2.7091235655225034,5.426624207919585,impact_Y_0.5
2022-01-19,-0.0396458539974517,165.87147029144742,0.0016587147029144742,-0.041304568700366175,2.5972243850925985,5.211481056873368,impact_Y_0.5
2022-01-26,0.0038838718491325,403.5060995591389,0.004035060995591389,-0.00015118914645888878,2.5968317129546543,5.231721781442446,impact_Y_0.5
2022-02-02,0.0468820219677203,254.53675320210237,0.002545367532021024,0.04433665443569928,2.71196654323959,5.476995476929032,impact_Y_0.5
2022-02-09,-0.0016390196979406,205.200221354862,0.00205200221354862,-0.00369102191148922,2.701956615305267,5.468018573456813,impact_Y_0.5
2022-02-16,0.0067351444841202,0.0,0.0,0.0067351444841202,2.7201546834991723,5.504846468590897,impact_Y_0.5
2022-02-24,0.005200345187275,112.22643710449626,0.0011222643710449625,0.004078080816230037,2.7312476941311283,5.533473570430522,impact_Y_0.5
2022-03-03,-0.0151768039810013,113.28759950007141,0.0011328759950007142,-0.016309679976002016,2.6867019183046565,5.449493126718047,impact_Y_0.5
2022-03-10,-0.0059780252437489,54.466347803695456,0.0005446634780369546,-0.006522688721785855,2.66917739800333,5.41691591924089,impact_Y_0.5
2022-03-17,0.0216416225480556,0.0,0.0,0.0216416225480556,2.7269427277647194,5.534146768939655,impact_Y_0.5
2022-03-24,0.0065704969808792,129.43716792078257,0.0012943716792078257,0.005276125301671375,2.7413304192868875,5.570508863576716,impact_Y_0.5
2022-03-31,0.0013675788806581,0.0,0.0,0.0013675788806581,2.74507940487321,5.578126973853063,impact_Y_0.5
2022-04-07,-0.0019947033559708,0.0,0.0,-0.0019947033559708,2.739603785771903,5.567000265258287,impact_Y_0.5
2022-04-14,-0.0331203848779266,243.1723092447554,0.002431723092447554,-0.035552107970374155,2.6422050961840946,5.382619073857413,impact_Y_0.5
2022-04-22,-0.0083147763174868,93.4385734692851,0.0009343857346928511,-0.009249162052179651,2.617766913074393,5.33786380025605,impact_Y_0.5
2022-04-29,-0.013289280040554,122.65457108318952,0.0012265457108318952,-0.014515825751385896,2.579767864706462,5.266927433396112,impact_Y_0.5
2022-05-06,0.014490154703869,22.105384088007447,0.00022105384088007447,0.014269100862988925,2.616578832571056,5.343246026720073,impact_Y_0.5
2022-05-13,0.00397355446313,89.9892905370592,0.0008998929053705921,0.003073661557759408,2.6246213103415768,5.364477705817149,impact_Y_0.5
2022-05-20,-0.0001871168270153,0.0,0.0,-0.0001871168270153,2.6241301995298687,5.363473921770241,impact_Y_0.5
2022-05-27,0.0109066652696587,50.00648683846748,0.0005000648683846748,0.010406600401274025,2.6514384739172914,5.421971536517534,impact_Y_0.5
2022-06-06,-0.0272566950713317,102.7589641809964,0.001027589641809964,-0.028284284713141664,2.5764444332216367,5.274186511661235,impact_Y_0.5
2022-06-13,-0.015282361408617,68.17400482457933,0.0006817400482457932,-0.015964101456862795,2.5353138128917174,5.193584487253575,impact_Y_0.5
2022-06-21,0.0071206486435033,245.59838163651193,0.0024559838163651193,0.0046646648271381815,2.547140202060471,5.230566177587657,impact_Y_0.5
2022-06-28,0.006342869470808,0.0,0.0,0.006342869470808,2.5632963798859887,5.263742976110519,impact_Y_0.5
2022-07-06,-0.0055344667689865,0.0,0.0,-0.0055344667689865,2.549109901252446,5.234610965528749,impact_Y_0.5
2022-07-13,0.0014342230380195,0.0,0.0,0.0014342230380195,2.552765893399266,5.24211856517058,impact_Y_0.5
2022-07-20,0.0012339243239748,166.38455530210058,0.001663845553021006,-0.0004299212290462058,2.551668405148909,5.248586942777304,impact_Y_0.5
2022-07-27,0.0051938233311138,140.0355894143105,0.0014003558941431049,0.003793467436970695,2.561348076153788,5.27584717609608,impact_Y_0.5
2022-08-03,0.0029386546619038,105.67575886840872,0.0010567575886840871,0.001881897073219713,2.566168269601799,5.291351068995607,impact_Y_0.5
2022-08-10,0.0014602103871556,70.30601950668546,0.0007030601950668546,0.0007571501920887455,2.56811124440006,5.299077554788641,impact_Y_0.5
2022-08-17,-0.0123895706801279,173.35212202269787,0.0017335212202269786,-0.014123091900354878,2.531841573285063,5.233424258884108,impact_Y_0.5
2022-08-24,-0.0276602563698397,266.11057011930745,0.0026611057011930745,-0.030321362071032774,2.4550726882349934,5.088666402191236,impact_Y_0.5
2022-08-31,0.0189387367605641,74.97669820664063,0.0007497669820664063,0.018188969778497693,2.4997279311653147,5.185039315644662,impact_Y_0.5
2022-09-08,-0.0130127708809707,69.21110776499567,0.0006921110776499567,-0.013704881958620657,2.465469454940027,5.117567587021353,impact_Y_0.5
2022-09-15,-0.0277169892885842,128.75197466776677,0.0012875197466776678,-0.029004509035261868,2.3939597238580568,4.975724021028276,impact_Y_0.5
2022-09-22,0.0016512009283962,73.3987171237812,0.000733987171237812,0.000917213757158388,2.3961554966508625,4.983939941151241,impact_Y_0.5
2022-09-29,0.0162044496349396,23.546792603959585,0.00023546792603959584,0.015968981708900005,2.43441965994856,5.06470194491119,impact_Y_0.5
2022-10-06,-0.0204223106021809,83.0904348637821,0.0008309043486378209,-0.021253214950818722,2.3826804156351744,4.961269028684743,impact_Y_0.5
2022-10-13,0.0351393387163132,103.78399859049563,0.0010378399859049562,0.03410149873040825,2.463933388803926,5.135604741546451,impact_Y_0.5
2022-10-20,-0.0026259923731299,0.0,0.0,-0.0026259923731299,2.4574631185170266,5.12211868266374,impact_Y_0.5
2022-10-27,-0.0006335947195965,96.54715189771403,0.0009654715189771403,-0.0015990662385736403,2.453533472211666,5.118873335313258,impact_Y_0.5
2022-11-03,0.0127714123087568,91.19149611023683,0.0009119149611023683,0.011859497347654433,2.4826311459177415,5.184248577234844,impact_Y_0.5
2022-11-10,-0.0007615249090856,0.0,0.0,-0.0007615249090856,2.4807405604600534,5.180300642808388,impact_Y_0.5
2022-11-17,0.0084097744806587,53.71108045155292,0.0005371108045155292,0.007872663676143171,2.5002705965603225,5.223865802956417,impact_Y_0.5
2022-11-25,-0.0028174006460616,0.0,0.0,-0.0028174006460616,2.4932263325662447,5.209148080068228,impact_Y_0.5
2022-12-02,-0.0050341124336374,220.79074978558472,0.002207907497855847,-0.007242019931493247,2.4751703377720764,5.182924642949699,impact_Y_0.5
2022-12-09,-0.0031968655265805,130.74275507125492,0.0013074275507125492,-0.004504293077293049,2.4640214451545286,5.1663555298317885,impact_Y_0.5
2022-12-16,0.0111245975458388,133.52643979649477,0.0013352643979649477,0.009789333147873851,2.4881425719646515,5.223829155879885,impact_Y_0.5
2022-12-23,0.0058006088358509,0.0,0.0,0.0058006088358509,2.5025753137524465,5.254130545438458,impact_Y_0.5
2023-01-03,0.0049691048244625,0.0,0.0,0.0049691048244625,2.5150108728175944,5.280238870880152,impact_Y_0.5
2023-01-10,0.008766275055343,129.45052569809815,0.0012945052569809815,0.0074717697983620185,2.5338024550996647,5.326526897180201,impact_Y_0.5
2023-01-18,0.0289701083463765,140.07804890701357,0.0014007804890701356,0.027569327857306362,2.603657685709955,5.480836958501399,impact_Y_0.5
2023-01-25,0.0012518665923864,173.66006342941967,0.0017366006342941966,-0.0004847340419077966,2.6023956041962166,5.487698235188064,impact_Y_0.5
2023-02-01,-0.0040646197830698,276.42767377324446,0.0027642767377324446,-0.006828896520802244,2.58462411390897,5.465392828377801,impact_Y_0.5
2023-02-08,0.018307241856389,275.95503251089644,0.0027595503251089644,0.015547691531280036,2.6248090523563348,5.565449096727087,impact_Y_0.5
2023-02-15,-0.0192932351578837,20.75157518675944,0.00020751575186759438,-0.019500750909751296,2.5736233048406736,5.4580735785447,impact_Y_0.5
2023-02-23,0.0061465311483938,0.0,0.0,0.0061465311483938,2.5894421606481086,5.49162179780545,impact_Y_0.5
2023-03-02,-0.0594727461848084,272.5895994944007,0.0027258959949440073,-0.062198642179752406,2.428382374252792,5.165019968481605,impact_Y_0.5
2023-03-09,0.000146070720566,261.2993471674937,0.002612993471674937,-0.002466922751108937,2.4223917425253556,5.165774426670139,impact_Y_0.5
2023-03-16,0.014218738777674,258.0662166573546,0.002580662166573546,0.011638076611100454,2.4505837232069627,5.239225223827351,impact_Y_0.5
2023-03-23,0.0080718057148136,289.2970849751531,0.0028929708497515308,0.005178834865062069,2.4632748916324605,5.2815152319302365,impact_Y_0.5
2023-03-30,-0.0008927381231828,193.642128714598,0.00193642128714598,-0.00282915941032878,2.456305894292572,5.276800221934522,impact_Y_0.5
2023-04-06,-0.0135673078103452,0.0,0.0,-0.0135673078103452,2.4229804361483396,5.205208249069838,impact_Y_0.5
2023-04-14,-0.0225202202455719,194.26170654932287,0.0019426170654932287,-0.02446283731106513,2.363707459930949,5.087985812876718,impact_Y_0.5
2023-04-21,0.0269102463666443,81.08174473356507,0.0008108174473356508,0.02609942891930865,2.4253988747674566,5.224904764611222,impact_Y_0.5
2023-04-28,0.0400220107241935,173.5060958336652,0.001735060958336652,0.03828694976585685,2.518259999647844,5.434015959133382,impact_Y_0.5
2023-05-05,-0.0034307688742494,0.0,0.0,-0.0034307688742494,2.5096204316237847,5.415373106318612,impact_Y_0.5
2023-05-12,0.0581045587588406,239.06016132078986,0.0023906016132078985,0.0557139571456327,2.649441316803076,5.730030971175748,impact_Y_0.5
2023-05-19,0.101454750930016,129.43921781301808,0.0012943921781301809,0.10016035875188582,2.914810309586141,6.311369836177662,impact_Y_0.5
2023-05-26,0.0021034363523817,0.0,0.0,0.0021034363523817,2.9209414275516212,6.324645400924404,impact_Y_0.5
2023-06-05,0.0121312636364561,0.0,0.0,0.0121312636364561,2.9563761380758966,6.401371341690118,impact_Y_0.5
2023-06-12,-0.0213584710935912,291.40169921212885,0.0029140169921212885,-0.02427248808571249,2.8846175334875648,6.264647836929286,impact_Y_0.5
2023-06-20,0.0061904418620095,308.4261784316674,0.0030842617843166737,0.003106180077692826,2.8935776750018474,6.303428775149761,impact_Y_0.5
2023-06-27,-0.0009715058029882,0.0,0.0,-0.0009715058029882,2.8907665474991857,6.29730495751598,impact_Y_0.5
2023-07-05,0.0510396782427477,0.0,0.0,0.0510396782427477,3.038310341958443,6.618717376344056,impact_Y_0.5
2023-07-12,-0.0082530441926874,162.818197359942,0.0016281819735994199,-0.00988122616628682,3.008288110306183,6.56409280933818,impact_Y_0.5
2023-07-19,0.0216466747796588,178.93795772287245,0.0017893795772287245,0.019857295202430077,3.0680245753664934,6.706183591605421,impact_Y_0.5
2023-07-26,-0.0122212637334671,309.21603756940635,0.0030921603756940636,-0.015313424109161165,3.021042613866577,6.624225553287362,impact_Y_0.5
2023-08-02,-0.0294107637230186,306.78530010852444,0.0030678530010852445,-0.03247861672410384,2.92292332870362,6.4294020206916445,impact_Y_0.5
2023-08-09,-0.0223036277640694,0.0,0.0,-0.0223036277640694,2.8577315347972996,6.286003031276583,impact_Y_0.5
2023-08-16,0.0161129357257974,114.97745102846098,0.0011497745102846098,0.01496316121551279,2.9004922324631264,6.38728899409171,impact_Y_0.5
2023-08-23,0.0155994582111173,238.64971608985968,0.002386497160898597,0.013212961050218703,2.938816323357124,6.486927241837374,impact_Y_0.5
2023-08-30,0.0047526512578224,0.0,0.0,0.0047526512578224,2.952783492452836,6.517757344752694,impact_Y_0.5
2023-09-07,0.0068120030692532,11.680771095563383,0.00011680771095563382,0.006695195358297566,2.9725529547855642,6.562156327789797,impact_Y_0.5
2023-09-14,-0.0137763237404457,202.5916449459333,0.002025916449459333,-0.01580224018990503,2.9255799590168308,6.471753937782751,impact_Y_0.5
2023-09-21,-0.001707507356005,0.0,0.0,-0.001707507356005,2.9205845097162286,6.460703370327733,impact_Y_0.5
2023-09-28,0.0012594275707829,82.71598023770086,0.0008271598023770086,0.0004322677684058913,2.9218469842646844,6.468840158278973,impact_Y_0.5
2023-10-05,0.00108239466448,0.0,0.0,0.00108239466448,2.9250095758508796,6.475841996351669,impact_Y_0.5
2023-10-12,-0.0178378694608223,310.08203579466283,0.0031008203579466283,-0.020938689818768928,2.863763707625209,6.360326772171836,impact_Y_0.5
2023-10-19,-0.0376733329635047,136.30958877183096,0.0013630958877183096,-0.039036428851223014,2.751972599405783,6.1207120639271135,impact_Y_0.5
2023-10-26,0.0263539036242828,238.02579236326312,0.002380257923632631,0.023973645700650168,2.8179474154818345,6.282016719771834,impact_Y_0.5
2023-11-02,0.0234134549382189,86.13244005315813,0.0008613244005315813,0.02255213053768732,2.881498133444119,6.42910043516135,impact_Y_0.5
2023-11-09,0.0012592250667021,70.43120501246986,0.0007043120501246986,0.0005549130165774015,2.8830971142656105,6.43719611958565,impact_Y_0.5
2023-11-16,0.0102108070451175,204.61939770110197,0.00204619397701102,0.00816461306810648,2.906636486641364,6.502925087074318,impact_Y_0.5
2023-11-24,0.0124404112622355,0.0,0.0,0.0124404112622355,2.942796239925002,6.583824149565031,impact_Y_0.5
2023-12-01,0.0091597332399016,115.99597539540568,0.0011599597539540569,0.007999773485947543,2.9663379432597003,6.6441302224734695,impact_Y_0.5
2023-12-08,0.0161095595760522,41.41465588957088,0.0004141465588957088,0.015695413017156493,3.012895842427624,6.751164234123456,impact_Y_0.5
2023-12-15,0.0316714287964353,0.0,0.0,0.0316714287964353,3.1083185585721465,6.964983251457538,impact_Y_0.5
2023-12-22,-0.0179708307796143,257.7662987210614,0.0025776629872106137,-0.020548493766824914,3.0444472940460208,6.839816716062747,impact_Y_0.5
2024-01-02,0.010091079397035,134.77039482373323,0.0013477039482373322,0.008743375448797667,3.0710660397719414,6.908837849605703,impact_Y_0.5
2024-01-09,-0.0096495518210034,0.0,0.0,-0.0096495518210034,3.0414316288754386,6.842170660753023,impact_Y_0.5
2024-01-17,0.0153120673983465,0.0,0.0,0.0153120673983465,3.0880022349642418,6.946938439061462,impact_Y_0.5
2024-01-24,0.002470486683289,192.16783292971198,0.0019216783292971198,0.0005488083539918803,3.089696956387936,6.9641007579647916,impact_Y_0.5
2024-01-31,0.0313406141040718,0.0,0.0,0.0313406141040718,3.1865299563966154,7.18235995240204,impact_Y_0.5
2024-02-07,0.084291574324935,240.12119417662115,0.0024012119417662113,0.0818903623831688,3.4474760492707572,7.787772380158374,impact_Y_0.5
2024-02-14,-0.0153854970319844,217.88008954083938,0.002178800895408394,-0.017564297927392794,3.3869235528438146,7.667953631317676,impact_Y_0.5
2024-02-22,0.1222390132656857,0.0,0.0,0.1222390132656857,3.800937745949753,8.60527671697698,impact_Y_0.5
2024-02-29,0.1000551364406437,0.0,0.0,0.1000551364406437,4.181241090723148,9.466278853003606,impact_Y_0.5
2024-03-07,0.0168919355766846,0.0,0.0,0.0168919355766846,4.251870345858229,9.626182625539474,impact_Y_0.5
2024-03-14,-0.0332523346636184,0.0,0.0,-0.0332523346636184,4.110485730171437,9.306089579341927,impact_Y_0.5
2024-03-21,0.0179697795540898,0.0,0.0,0.0179697795540898,4.18435025260285,9.473317957593315,impact_Y_0.5
2024-03-28,-0.0434125577329089,0.0,0.0,-0.0434125577329089,4.002696905687017,9.062056994837093,impact_Y_0.5
2024-04-05,-0.0353565475605819,0.0,0.0,-0.0353565475605819,3.8611753621705,8.741653945702431,impact_Y_0.5
2024-04-12,-0.0530760563652258,156.08160796232212,0.0015608160796232212,-0.05463687244484902,3.6502128164203964,8.27768142815503,impact_Y_0.5
2024-04-19,0.0583366648365845,36.4121873355732,0.000364121873355732,0.05797254296322877,3.861824935745256,8.760573755253331,impact_Y_0.5
2024-04-26,-0.0064359203127909,8.126221170997823,8.126221170997822e-05,-0.006517182524500878,3.8366567177613353,8.704191400670192,impact_Y_0.5
2024-05-03,-0.0186183196897517,260.06811297869194,0.0026006811297869196,-0.02121900081953862,3.755246695722869,8.542133982531727,impact_Y_0.5
2024-05-10,0.0737522180493881,69.0212680769543,0.000690212680769543,0.07306200536861855,4.029612549966261,9.172135310618495,impact_Y_0.5
2024-05-17,0.0183291778265768,19.473305529223964,0.00019473305529223964,0.01813444477128456,4.102687336203299,9.340253009776246,impact_Y_0.5
2024-05-24,-0.0200339619567425,35.398604108684395,0.000353986041086844,-0.020387947997829343,4.019041960141434,9.15313073631204,impact_Y_0.5
2024-06-03,0.0080633910034242,0.0,0.0,0.0080633910034242,4.0514490669252226,9.226936008344385,impact_Y_0.5
2024-06-10,0.0357881907951722,0.0,0.0,0.0357881907951722,4.196443099129265,9.557151354665859,impact_Y_0.5
2024-06-17,-0.0419940660819409,224.4269899080142,0.002244269899080142,-0.044238335981021046,4.010799439384748,9.155807709122909,impact_Y_0.5
2024-06-25,0.0073029960840232,234.465604181973,0.00234465604181973,0.00495834004220347,4.030686346846297,9.222672536968703,impact_Y_0.5
2024-07-02,-0.0024010046107507,87.1119002319272,0.0008711190023192719,-0.003272123613069972,4.0174974428739025,9.200528857683999,impact_Y_0.5
2024-07-10,-0.0346522783526546,0.0,0.0,-0.0346522783526546,3.878282003202358,8.881709570715902,impact_Y_0.5
2024-07-17,-0.005562665022519,190.6021756161262,0.001906021756161262,-0.007468686778680262,3.849316329681047,8.832303595546708,impact_Y_0.5
2024-07-24,-0.0366069781999123,174.35530940057515,0.0017435530940057514,-0.03835053129391805,3.701693003319424,8.508979650369524,impact_Y_0.5
2024-07-31,-0.0214031365553658,166.62259996316686,0.0016662259996316686,-0.02306936255499747,3.6162973053585508,8.326860796965835,impact_Y_0.5
2024-08-07,0.0020379044016567,234.64262643157556,0.0023464262643157555,-0.00030852186265905527,3.6151815985779727,8.343830143235955,impact_Y_0.5
2024-08-14,0.0011051721368988,477.12208518828544,0.004771220851882855,-0.0036660487149840545,3.601928166724072,8.353051511825276,impact_Y_0.5
2024-08-21,0.0051635909555603,55.56327435733236,0.0005556327435733236,0.004607958211986976,3.618525701198915,8.396183253063066,impact_Y_0.5
2024-08-28,-0.0410784901789644,0.0,0.0,-0.0410784901789644,3.469882128719885,8.05128072176133,impact_Y_0.5
2024-09-05,0.023390671781605,213.1904060920329,0.002131904060920329,0.021258767720684673,3.5436475469124957,8.239605586545613,impact_Y_0.5
2024-09-12,0.0007387198297197,77.08928663530594,0.0007708928663530594,-3.2173036633359356e-05,3.5435335370101533,8.245692346581464,impact_Y_0.5
2024-09-19,-0.0015970059297313,0.0,0.0,-0.0015970059297313,3.537874492939346,8.232523927009233,impact_Y_0.5
2024-09-26,-0.0092139224996551,37.86849576743385,0.0003786849576743385,-0.009592607457329438,3.5039370516952806,8.156670089569213,impact_Y_0.5
2024-10-03,0.0521322559187513,75.50960607731844,0.0007550960607731844,0.05137715985797812,3.6839593857325217,8.58189570212346,impact_Y_0.5
2024-10-10,0.0040630585991973,67.38220315690755,0.0006738220315690755,0.0033892365676282243,3.696445195596304,8.616764447253386,impact_Y_0.5
2024-10-17,0.004621056377059,191.3399609282839,0.001913399609282839,0.0027076567677761605,3.7064539004468737,8.656583001551981,impact_Y_0.5
2024-10-24,-0.0163364354756055,146.30836321940504,0.0014630836321940504,-0.01779951910779955,3.6404808034236913,8.515165291907904,impact_Y_0.5
2024-10-31,0.0392439210553847,33.77657403619902,0.0003377657403619902,0.03890615531502271,3.782117914983052,8.84933376639709,impact_Y_0.5
2024-11-07,0.0210823296096266,24.295272874423382,0.00024295272874423382,0.020839376880882367,3.8609348956213205,9.03589833768587,impact_Y_0.5
2024-11-14,0.0824244790398835,210.82320004616062,0.0021082320004616063,0.08031624703942189,4.171030696501167,9.780677550826978,impact_Y_0.5
2024-11-21,-0.0036094901400151,0.0,0.0,-0.0036094901400151,4.155975402328446,9.7453742916446,impact_Y_0.5
2024-11-29,0.0146110368737741,0.0,0.0,0.0146110368737741,4.2166985121783656,9.88776431476855,impact_Y_0.5
2024-12-06,0.0604477290922966,0.0,0.0,0.0604477290922966,4.471588361506414,10.485457213396158,impact_Y_0.5
2024-12-13,-0.0446413296412288,0.0,0.0,-0.0446413296412288,4.271970711440524,10.01737246149394,impact_Y_0.5
2024-12-20,-0.0304949721668773,0.0,0.0,-0.0304949721668773,4.14169708349743,9.711892967095439,impact_Y_0.5
2024-12-30,0.0495895366958811,0.0,0.0,0.0495895366958811,4.34708192300275,10.193501239773688,impact_Y_0.5
2025-01-07,0.0158043619983313,0.0,0.0,0.0158043619983313,4.415784779350287,10.35460302339751,impact_Y_0.5
2025-01-15,-0.0020712619899326,0.0,0.0,-0.0020712619899326,4.406638532181096,10.333155927734307,impact_Y_0.5
2025-01-23,-0.0354528791728918,0.0,0.0,-0.0354528791728918,4.25041050874107,9.966815799153693,impact_Y_0.5
2025-01-30,-0.0148942282557208,0.0,0.0,-0.0148942282557208,4.187103924443366,9.818367769658373,impact_Y_0.5
2025-02-06,0.0073784552916026,408.1392025408464,0.004081392025408464,0.0032970632661941356,4.200909070984386,9.890812157283309,impact_Y_0.5
2025-02-13,-0.0076352695561043,281.1629843078738,0.002811629843078738,-0.010446899399183038,4.157022596534696,9.815293140333658,impact_Y_0.5
2025-02-21,-0.0565449363275032,258.6244075934252,0.002586244075934252,-0.059131180403437456,3.9112129434378367,9.260288014677712,impact_Y_0.5
2025-02-28,-0.0380940490059655,263.72680525826956,0.0026372680525826955,-0.04073131705854819,3.7519040889551727,8.907526149237224,impact_Y_0.5
2025-03-07,-0.0133275116925226,577.9000764000682,0.005779000764000682,-0.019106512456523284,3.68021828674387,8.788810990331815,impact_Y_0.5
2025-03-14,-0.0063512874667355,258.6874482001806,0.002586874482001806,-0.008938161948737306,3.6473238996902486,8.732990725241413,impact_Y_0.5
2025-03-21,0.0028441404173408,65.4356542256961,0.0006543565422569609,0.0021897838750838394,3.6553107507529985,8.757828577127333,impact_Y_0.5
2025-03-28,-0.0165522391901787,19.973569204224386,0.00019973569204224386,-0.01675197488222094,3.5940770768696724,8.612866903732138,impact_Y_0.5
2025-04-04,0.0105141366753918,39.32644582339473,0.00039326445823394725,0.010120872217157854,3.630452271703287,8.703423763524937,impact_Y_0.5
2025-04-11,-0.0035422321373535,44.109841368988306,0.00044109841368988303,-0.003983330551043383,3.6159909802553063,8.672594216164772,impact_Y_0.5
2025-04-21,-0.0037960886378473,23.953931074613195,0.00023953931074613194,-0.004035627948593432,3.601398185993526,8.639672279800129,impact_Y_0.5
2025-04-28,-0.0034241399201165,67.40299013722884,0.0006740299013722884,-0.004098169821488788,3.586639044632523,8.610088833050142,impact_Y_0.5
2025-05-05,-3.2158489028433e-05,38.36476431562711,0.0003836476431562711,-0.0004158061321847041,3.5851476981238317,8.609811945602871,impact_Y_0.5
2025-05-12,0.00234972725334,128.37164550767667,0.0012837164550767667,0.0010660107982632331,3.5889695042834,8.630042655377586,impact_Y_0.5
2025-05-19,-0.0303305150371032,296.32103091017797,0.0029632103091017797,-0.03329372534620498,3.469479339331883,8.368289016847815,impact_Y_0.5
2025-05-27,0.0075930523274482,181.3636965986342,0.001813636965986342,0.005779415361461858,3.489530901521892,8.431829873243949,impact_Y_0.5
2025-06-03,0.02366609444769,14.66156790844979,0.0001466156790844979,0.023519478768605502,3.571602849472629,8.631378355390995,impact_Y_0.5
2025-06-10,-0.0006143121695343,123.0329074617388,0.001230329074617388,-0.0018446412441516882,3.565014523548762,8.626075994627422,impact_Y_0.5
2025-06-17,0.029276479400441,308.19050623266867,0.0030819050623266866,0.026194574338114313,3.6583985615023167,8.87861713079077,impact_Y_0.5
2025-06-25,0.0038787958833917,0.0,0.0,0.0038787958833917,3.672588742782478,8.913055474367892,impact_Y_0.5
2025-07-02,-0.0073233902558275,50.03886948689134,0.0005003886948689134,-0.007823778950696414,3.643855220282132,8.847781690757257,impact_Y_0.5
2025-07-10,-0.0011880091119234,70.15359494776482,0.0007015359494776482,-0.0018895450614010482,3.6369699916461875,8.837270445488329,impact_Y_0.5
2025-07-17,0.0069817802027079,177.54953300862965,0.0017754953300862966,0.005206284872621604,3.6559050934958734,8.898970325330614,impact_Y_0.5
2025-07-24,-0.0028439910134982,0.0,0.0,-0.0028439910134982,3.645507732263769,8.873661733695988,impact_Y_0.5
2025-07-31,-0.0329022711730205,190.6200674410549,0.0019062006744105491,-0.03480847184743105,3.518613178995673,8.581698109036267,impact_Y_0.5
2025-08-07,0.0134496452753358,0.0,0.0,0.0134496452753358,3.565937278114287,8.697118904462826,impact_Y_0.5
2025-08-14,-0.0009122404857093,103.00810965979646,0.0010300810965979646,-0.0019423215823072646,3.559011081177852,8.689185040489148,impact_Y_0.5
2025-08-21,-0.0082449056087192,99.10017253053388,0.0009910017253053388,-0.009235907334024539,3.5261403846313266,8.61754353001362,impact_Y_0.5
2025-08-28,-0.0091462445386055,188.1773858153071,0.001881773858153071,-0.011028018396758571,3.4872540436000588,8.538725369566038,impact_Y_0.5
2025-09-05,0.0339714060407125,357.6745855360347,0.0035767458553603473,0.03039466018535215,3.593247945235278,8.8287978761657,impact_Y_0.5
2025-09-12,0.0010968588070704,310.3135446618295,0.003103135446618295,-0.002006276639547895,3.586038895822649,8.838481820872016,impact_Y_0.5
2025-09-19,-0.0143538542146616,0.0,0.0,-0.0143538542146616,3.5345654163039044,8.71161554133628,impact_Y_0.5
2025-09-26,0.0192393015590701,176.34547788906804,0.0017634547788906803,0.01747584678017942,3.5963349399537528,8.879220939802732,impact_Y_0.5
2025-10-03,-0.0154962169677296,0.0,0.0,-0.0154962169677296,3.5406053534356023,8.74162660561514,impact_Y_0.5
2025-10-10,0.026586687807953,307.0839439125829,0.003070839439125829,0.023515848368827173,3.6238656920608516,8.974037503112326,impact_Y_0.5
2025-10-17,0.0451446522763159,0.0,0.0,0.0451446522763159,3.7874638486250096,9.37916730570495,impact_Y_0.5
2025-10-24,0.0265952431033434,0.0,0.0,0.0265952431033434,3.888192370424316,9.628608540307104,impact_Y_0.5
2025-10-31,0.0159593315947652,0.0,0.0,0.0159593315947652,3.950245321768154,9.782274696798053,impact_Y_0.5
2025-11-07,-0.025454034127232,0.0,0.0,-0.025454034127232,3.849695642536929,9.533276342823797,impact_Y_0.5
2025-11-14,0.01155072767874,0.0,0.0,0.01155072767874,3.8941624285499055,9.64339262174593,impact_Y_0.5
2025-11-21,0.0524147135798123,0.0,0.0,0.0524147135798123,4.098273836875615,10.148848283952418,impact_Y_0.5
2025-12-01,0.0215783561799933,0.0,0.0,0.0215783561799933,4.186707849450865,10.367843747040258,impact_Y_0.5
2025-12-08,-0.0178083955530479,160.5412595363011,0.0016054125953630111,-0.019413808148410913,4.10542790648818,10.18320908456077,impact_Y_0.5
2025-12-15,0.0021186815072325,0.0,0.0,0.0021186815072325,4.1141260006729325,10.20478406133251,impact_Y_0.5
2025-12-22,0.0037290520603451,41.736092841165345,0.00041736092841165347,0.0033116911319334467,4.127750715265019,10.242838232361798,impact_Y_0.5
2025-12-30,0.0448718595575998,88.44822016482769,0.0008844822016482769,0.043987377355951526,4.3093196436086805,10.70245343099555,impact_Y_0.5
2026-01-07,0.0247035940756239,146.6296088344982,0.0014662960883449821,0.023237297987278915,4.4094565882896495,10.966842496168134,impact_Y_0.5
2026-01-14,0.0304306683452943,186.92891029225763,0.0018692891029225762,0.028561379242371725,4.535396750160565,11.300570842964106,impact_Y_0.5
2026-01-22,0.02102960478227,187.57657758423852,0.0018757657758423853,0.019153839006427614,4.622267009343416,11.538217381605685,impact_Y_0.5
2026-01-29,0.0045134602872817,0.0,0.0,0.0045134602872817,4.643129427927299,11.590294667543585,impact_Y_0.5
2026-02-05,0.0175933202887568,178.8095385546833,0.001788095385546833,0.015805224903209965,4.716515132790402,11.79420643387075,impact_Y_0.5
2026-02-12,0.0162799203752579,0.0,0.0,0.0162799203752579,4.793299623600929,11.98621517550352,impact_Y_0.5
2026-02-20,0.0002455265732447,0.0,0.0,0.0002455265732447,4.794476506032047,11.989158109841735,impact_Y_0.5
2026-02-27,-0.0420135090570499,0.0,0.0,-0.0420135090570499,4.593043723922056,11.485451507007497,impact_Y_0.5
2026-03-06,0.0205252108178099,160.15201995760245,0.0016015201995760245,0.018923690618233877,4.679961062349578,11.721192820526559,impact_Y_0.5
2026-03-13,-0.0008440256123187,0.0,0.0,-0.0008440256123187,4.676011055348301,11.711299833579108,impact_Y_0.5
2026-03-20,-0.0329800665414279,0.0,0.0,-0.0329800665414279,4.521795899594461,11.325060385781056,impact_Y_0.5
2026-03-27,0.0086111694207504,415.3223873558683,0.004153223873558683,0.004457945547191717,4.541953819490368,11.422582399463247,impact_Y_0.5
2026-04-06,0.0103870861589074,0.0,0.0,0.0103870861589074,4.589131485143194,11.541229747003692,impact_Y_0.5
2026-04-13,0.0300825042229966,359.902212262792,0.00359902212262792,0.02648348210036868,4.710667666686223,11.888418839606505,impact_Y_0.5
2026-04-20,0.0061320149914268,310.0251685012663,0.003100251685012663,0.003031763306414137,4.724949296066793,11.961318802155333,impact_Y_0.5
2026-04-27,0.051447059596487,309.3807352243389,0.0030938073522433886,0.04835325224424361,4.953415961220772,12.5766934834224,impact_Y_0.5
2026-05-04,0.0279266418723695,214.3245061526847,0.002143245061526847,0.025783396810842654,5.081131850518089,12.927918298272502,impact_Y_0.5
2026-05-11,-0.0213744976058629,307.38120387678333,0.003073812038767833,-0.024448309644630732,4.956906765691427,12.651590539557287,impact_Y_0.5
2026-05-18,0.0789047246068553,0.0,0.0,0.0789047246068553,5.348030128940167,13.64986080691975,impact_Y_0.5
2026-05-26,0.0983531454086835,0.0,0.0,0.0983531454086835,5.874025713861839,14.992367551671016,impact_Y_0.5
2026-06-02,-0.0765175733466113,307.3199367302201,0.003073199367302201,-0.0795907727139135,5.406507468354178,13.845187967896674,impact_Y_0.5
2026-06-09,0.0962571100753591,0.0,0.0,0.0962571100753591,5.926922252858797,15.177885750136541,impact_Y_0.5
2008-12-31,-0.0152752787995948,132.71261267736193,0.0013271261267736192,-0.01660240492636842,0.9833975950736316,0.9847247212004052,impact_Y_1.0
2009-01-08,-0.0181874529073417,134.1668690386888,0.001341668690386888,-0.01952912159772859,0.9641927038605248,0.9668150867068777,impact_Y_1.0
2009-01-15,-0.0020912654248463,57.88205799183365,0.0005788205799183365,-0.002670086004764637,0.9616182264160507,0.9647932197438278,impact_Y_1.0
2009-01-23,0.0130979589518689,0.0,0.0,0.0130979589518689,0.9742134624730171,0.9774300417330739,impact_Y_1.0
2009-01-30,0.0122206010226717,0.0,0.0,0.0122206010226717,0.9861189365088154,0.9893748243006673,impact_Y_1.0
2009-02-06,-0.0176382044105967,60.80829136153784,0.0006080829136153784,-0.018246287324212077,0.9681259270574292,0.9719240289109539,impact_Y_1.0
2009-02-13,0.0243696662295381,180.0814045735583,0.001800814045735583,0.022568852183802515,0.9899754180004952,0.9956094930959817,impact_Y_1.0
2009-02-23,-0.0064732504528787,0.0,0.0,-0.0064732504528787,0.9835670591775847,0.9891646634939077,impact_Y_1.0
2009-03-02,0.0112085626544352,121.91505319508906,0.0012191505319508907,0.00998941212248431,0.9933923158818095,1.0002517776002324,impact_Y_1.0
2009-03-09,0.0111088853080752,246.92454698304056,0.0024692454698304056,0.008639639838244794,1.0019748677091085,1.0113634598767918,impact_Y_1.0
2009-03-16,0.0072303200657822,157.52694768975488,0.0015752694768975488,0.005655050588884651,1.0076410862747944,1.0186759413945379,impact_Y_1.0
2009-03-23,-0.0069316504445668,124.3481976251124,0.001243481976251124,-0.008175132420817924,0.9994034869618412,1.011614835852501,impact_Y_1.0
2009-03-30,0.0065259698061286,141.26713108194662,0.0014126713108194662,0.005113298495309134,1.0045137353079299,1.0182166037267062,impact_Y_1.0
2009-04-06,0.0142413583769294,95.65475992149128,0.0009565475992149128,0.013284810777714488,1.017858510205111,1.0327173912857182,impact_Y_1.0
2009-04-14,0.0126338824948372,0.0,0.0,0.0126338824948372,1.0307180150194124,1.0457646214575966,impact_Y_1.0
2009-04-21,0.0031888845550771,135.76344835617283,0.0013576344835617283,0.0018312500715153717,1.032605517458129,1.0490994441072088,impact_Y_1.0
2009-04-28,0.0376836961340653,0.0,0.0,0.0376836961340653,1.0715179100043806,1.0886333887733617,impact_Y_1.0
2009-05-05,-0.059576256044096,61.189272313530374,0.0006118927231353038,-0.0601881487672313,1.007025230630284,1.023776687265648,impact_Y_1.0
2009-05-12,0.008774555207399,47.96296444655629,0.0004796296444655629,0.008294925562933438,1.0153784299583581,1.0327598723281084,impact_Y_1.0
2009-05-19,-0.019395139147033,0.0,0.0,-0.019395139147033,0.99568502402242,1.0127293508988326,impact_Y_1.0
2009-05-27,0.0261113516469262,0.0,0.0,0.0261113516469262,1.0216837058142476,1.0391730831033155,impact_Y_1.0
2009-06-03,0.0150781115714093,556.8831920185864,0.005568831920185865,0.009509279651223435,1.0313991818879336,1.0548418507923527,impact_Y_1.0
2009-06-10,-0.0653655711311343,0.0,0.0,-0.0653655711311343,0.9639811852996442,0.9858915107622879,impact_Y_1.0
2009-06-17,-0.0104932927978886,671.0543136233908,0.006710543136233908,-0.01720383593412251,0.9473970111441681,0.9755462624729064,impact_Y_1.0
2009-06-24,-0.0073527059721916,597.2553070539869,0.005972553070539869,-0.01332525904273147,0.9347727005543625,0.9683733576426726,impact_Y_1.0
2009-07-01,-0.0431661515777054,0.0,0.0,-0.0431661515777054,0.8944221604715318,0.9265724065028574,impact_Y_1.0
2009-07-09,0.032520679792189,763.1508596211011,0.007631508596211011,0.02488917119597799,0.9166835867449843,0.956705171039015,impact_Y_1.0
2009-07-16,0.032846055462156,611.2579694043638,0.0061125796940436385,0.02673347576811236,0.9411897251982576,0.9881291621478938,impact_Y_1.0
2009-07-23,0.0041602366025208,341.5807263800114,0.003415807263800114,0.0007444293387206861,0.9418903744429976,0.9922400132562798,impact_Y_1.0
2009-07-30,0.0192251823899743,185.58528010665788,0.0018558528010665788,0.01736932958890772,0.9582503787933178,1.0113160084857622,impact_Y_1.0
2009-08-06,-0.0048294248954703,0.0,0.0,-0.0048294248954703,0.9536225805578794,1.0064319337771934,impact_Y_1.0
2009-08-13,0.0408574155252868,127.48444544038418,0.0012748444544038418,0.039582571070882956,0.9913694141276106,1.047552141493446,impact_Y_1.0
2009-08-20,-0.0193170624258641,102.6278246235397,0.001026278246235397,-0.020343340672099496,0.9712016484041129,1.0273165113818696,impact_Y_1.0
2009-08-27,-0.0096602542754356,0.0,0.0,-0.0096602542754356,0.961819593527807,1.0173923726605674,impact_Y_1.0
2009-09-03,0.0161312836008107,245.2344798796857,0.0024523447987968568,0.013678938802013842,0.9749762648862517,1.0338042175572566,impact_Y_1.0
2009-09-11,0.0034015333850357,313.5445089587539,0.003135445089587539,0.000266088295448161,0.9752356946586777,1.0373207371168682,impact_Y_1.0
2009-09-18,0.0171654707467512,205.5866733004196,0.002055866733004196,0.015109604013747006,0.9899711198250418,1.0551268358848462,impact_Y_1.0
2009-09-25,-0.0056695149469962,0.0,0.0,-0.0056695149469962,0.9843584637640992,1.0491447785178203,impact_Y_1.0
2009-10-02,0.0132368370011745,0.0,0.0,0.0132368370011745,0.997388256299671,1.063032136941694,impact_Y_1.0
2009-10-09,-0.0123983795583268,214.17370428625134,0.0021417370428625133,-0.014540116601189314,0.9828861147564169,1.0498522610251917,impact_Y_1.0
2009-10-16,-0.0209216092559243,175.58743895053914,0.0017558743895053914,-0.02267748364542969,0.9605967309637083,1.027887662243574,impact_Y_1.0
2009-10-23,-0.0444350543368196,71.6005819500249,0.000716005819500249,-0.04515106015631985,0.9172247701780017,0.9822134181196343,impact_Y_1.0
2009-10-30,0.0583040400012195,213.09638712610186,0.0021309638712610187,0.05617307612995848,0.9687481070214944,1.039480428539416,impact_Y_1.0
2009-11-06,0.0095994875252223,0.0,0.0,0.0095994875252223,0.97804759238993,1.0494589079458927,impact_Y_1.0
2009-11-13,0.0145936332221394,336.4979756289913,0.003364979756289913,0.011228653465849487,0.9890297498779849,1.0647743263301621,impact_Y_1.0
2009-11-20,0.0112783961835382,0.0,0.0,0.0112783961835382,1.0001844192344145,1.0767832730285736,impact_Y_1.0
2009-11-30,0.0136895709810135,0.0,0.0,0.0136895709810135,1.0138765148356277,1.0915239740758662,impact_Y_1.0
2009-12-07,0.0065694468895973,0.0,0.0,0.0065694468895973,1.0205371227524505,1.09869468285228,impact_Y_1.0
2009-12-14,0.0108662918143008,79.66664058837162,0.0007966664058837162,0.010069625408417084,1.0308135492939514,1.1106334198909733,impact_Y_1.0
2009-12-21,0.0095202638998132,0.0,0.0,0.0095202638998132,1.040627166314733,1.1212069431442875,impact_Y_1.0
2009-12-29,0.0044074453394692,88.88827790541413,0.0008888827790541413,0.0035185625604150592,1.0442886781014789,1.1261486014604292,impact_Y_1.0
2010-01-06,-0.0116416035029028,213.77399131704857,0.002137739913170486,-0.013779343416073286,1.0298990657804012,1.1130384259568784,impact_Y_1.0
2010-01-13,-0.0310509288299101,146.3336517864009,0.001463336517864009,-0.03251426534777411,0.9964126542741926,1.0784775490075362,impact_Y_1.0
2010-01-21,0.0125155440288851,0.0,0.0,0.0125155440288851,1.0088833007196996,1.0919752822563042,impact_Y_1.0
2010-01-28,-0.0105714742297558,177.3160572282558,0.001773160572282558,-0.012344634802038358,0.9964290048144397,1.0804314937004014,impact_Y_1.0
2010-02-04,0.0516643090383989,135.3700858536879,0.001353700858536879,0.05031060817986202,1.046559954054709,1.1362512402857576,impact_Y_1.0
2010-02-11,0.0271354037568698,0.0,0.0,0.0271354037568698,1.0749587809637546,1.1670838764601559,impact_Y_1.0
2010-02-19,-0.0098131853572311,0.0,0.0,-0.0098131853572311,1.064410011194774,1.1556310660530167,impact_Y_1.0
2010-02-26,0.0140852788761265,0.0,0.0,0.0140852788761265,1.0794025230409934,1.1719084518962888,impact_Y_1.0
2010-03-05,0.0013801678497606,0.0,0.0,0.0013801678497606,1.0808922797002452,1.173525882264459,impact_Y_1.0
2010-03-12,0.0211668041406389,51.79475850475154,0.0005179475850475154,0.020648856555591386,1.1032114693358217,1.1983656747683213,impact_Y_1.0
2010-03-19,0.0108583996773983,0.0,0.0,0.0108583996773983,1.11519058039856,1.2113780082246308,impact_Y_1.0
2010-03-26,0.0020171896889912,140.74336648688273,0.0014074336648688273,0.0006097560241223726,1.1158705745730024,1.2138215874522922,impact_Y_1.0
2010-04-05,0.0044218062319542,120.00092293360922,0.0012000092293360921,0.003221797002618108,1.1194656830454714,1.2191888713121692,impact_Y_1.0
2010-04-12,0.0296379526814319,158.22765012059762,0.0015822765012059761,0.028055676180225923,1.1508730497438706,1.2553231333898476,impact_Y_1.0
2010-04-19,0.0212847204876635,0.0,0.0,0.0212847204876635,1.1753690609244536,1.2820423354057482,impact_Y_1.0
2010-04-26,-0.0188817343576647,212.26656222947764,0.0021226656222947766,-0.021004399979959478,1.150681139044727,1.2578351525933367,impact_Y_1.0
2010-05-03,-0.0121218686054548,0.0,0.0,-0.0121218686054548,1.1367327334704516,1.242587840146278,impact_Y_1.0
2010-05-10,-0.0087263538200542,144.3969933602954,0.0014439699336029539,-0.010170323753657154,1.1251717935496774,1.2317445790006647,impact_Y_1.0
2010-05-17,-0.0196543479838371,109.59395260297593,0.0010959395260297592,-0.02075028750986686,1.101824155335529,1.2075354424177807,impact_Y_1.0
2010-05-24,0.015037893866662,298.1513773218875,0.0029815137732188747,0.012056380093443125,1.1151081661483913,1.225694232241092,impact_Y_1.0
2010-06-01,0.0009618702298615,0.0,0.0,0.0009618702298615,1.1161807554964849,1.2268731910339976,impact_Y_1.0
2010-06-08,0.0219180156703182,94.40439550459595,0.0009440439550459595,0.020973971715272238,1.1395914990913993,1.253763816860574,impact_Y_1.0
2010-06-15,-0.0169389718560266,158.53474173319412,0.0015853474173319413,-0.01852431927335854,1.118481342321025,1.2325263468526684,impact_Y_1.0
2010-06-22,-0.0485314292232077,105.73681147668869,0.001057368114766887,-0.04958879733797459,1.0630171977103617,1.1727100816846494,impact_Y_1.0
2010-06-29,0.024882304613224,118.1863660998179,0.001181863660998179,0.023700440952225822,1.0882111740358968,1.2018898111601257,impact_Y_1.0
2010-07-07,0.0096577486279869,55.8961239898441,0.000558961239898441,0.009098787388088458,1.0981125761417918,1.213497360834849,impact_Y_1.0
2010-07-14,-0.0228680114095328,68.87834859162749,0.0006887834859162749,-0.023556794895449075,1.0722445634135065,1.1857470893418398,impact_Y_1.0
2010-07-21,-0.0033119450483583,157.54681228608757,0.0015754681228608758,-0.004887413171219176,1.067004061211511,1.181819960140689,impact_Y_1.0
2010-07-28,0.0327397776532722,78.65295224656973,0.0007865295224656972,0.0319532481308065,1.1010983067359807,1.2205124828618943,impact_Y_1.0
2010-08-04,-0.0029538848761026,85.09690201954191,0.0008509690201954192,-0.0038048538962980193,1.0969087885533892,1.2169072294976742,impact_Y_1.0
2010-08-11,0.0016630161772406,153.3090818745971,0.001533090818745971,0.00012992535849462908,1.0970513048209778,1.21893096590653,impact_Y_1.0
2010-08-18,-0.009604199398983,77.91660473350746,0.0007791660473350745,-0.010383365446318075,1.0856602202096615,1.2072241098563685,impact_Y_1.0
2010-08-25,0.0179783114979192,32.891718879712755,0.00032891718879712753,0.01764939430912207,1.10482146552187,1.2289279609511647,impact_Y_1.0
2010-09-01,0.0074692609782586,54.11237101328254,0.0005411237101328254,0.006928137268125775,1.1124758202917775,1.238107144614988,impact_Y_1.0
2010-09-09,0.0024154798135667,44.69087355097181,0.0004469087355097181,0.001968571078056982,1.1146658080166416,1.2410977674298382,impact_Y_1.0
2010-09-16,0.0127953253482859,114.11993703843787,0.0011411993703843786,0.011654125977901521,1.1276562637665268,1.2569780171531344,impact_Y_1.0
2010-09-23,-0.0231664204506647,227.93697493144305,0.0022793697493144307,-0.02544579019997913,1.0989621590610315,1.227858335910522,impact_Y_1.0
2010-09-30,0.0112520525535877,28.815310588344555,0.00028815310588344554,0.010963899447704255,1.1110110696698086,1.241674262434548,impact_Y_1.0
2010-10-07,0.0279868341871782,139.23444971358305,0.0013923444971358306,0.02659448969004237,1.1405578421076652,1.2764247941317906,impact_Y_1.0
2010-10-14,-0.0027706816134786,0.0,0.0,-0.0027706816134786,1.1373977194654286,1.2728882274237014,impact_Y_1.0
2010-10-21,0.0021370837614973,119.46678564907708,0.0011946678564907708,0.000942415905006529,1.1384696211665708,1.2756084961847298,impact_Y_1.0
2010-10-28,0.0081030040367112,84.9408328839709,0.000849408328839709,0.007253595707871491,1.1467276195242067,1.2859447569785778,impact_Y_1.0
2010-11-04,-0.0178779640295961,44.24937985104032,0.00044249379851040316,-0.018320457828106502,1.1257190445303884,1.262954682869267,impact_Y_1.0
2010-11-11,-0.0030790131006881,334.99126676512486,0.0033499126676512486,-0.006428925768339349,1.1184818803570966,1.2590660288551372,impact_Y_1.0
2010-11-18,0.0127512891393403,0.0,0.0,0.0127512891393403,1.1327439662106429,1.27512074383459,impact_Y_1.0
2010-11-26,0.0153806569657988,223.3083720111245,0.0022330837201112452,0.013147573245687555,1.147636800475008,1.294732938585484,impact_Y_1.0
2010-12-03,0.0022834625002717,170.66679468277292,0.001706667946827729,0.0005767945534439708,1.1482987511308538,1.2976894126986105,impact_Y_1.0
2010-12-10,0.00734461983225,0.0,0.0,0.00734461983225,1.1567325689117574,1.3072204480952176,impact_Y_1.0
2010-12-17,0.0040244484125775,61.841357520416594,0.0006184135752041659,0.003406034837373334,1.160672440338995,1.3124812893524433,impact_Y_1.0
2010-12-27,0.027396792570213,241.30228802874586,0.0024130228802874587,0.024983769689925543,1.1896704132738682,1.348439066989118,impact_Y_1.0
2011-01-03,0.0386142346762809,0.0,0.0,0.0386142346762809,1.2356086257994536,1.4005080095685012,impact_Y_1.0
2011-01-10,0.0230420485221005,347.7641097072798,0.0034776410970727978,0.019564407425027703,1.2597825763724726,1.432778583080569,impact_Y_1.0
2011-01-18,0.0031101323642877,0.0,0.0,0.0031101323642877,1.2637006669352144,1.4372347141226662,impact_Y_1.0
2011-01-25,0.0220460848632462,0.0,0.0,0.0220460848632462,1.291560319080209,1.468920112598618,impact_Y_1.0
2011-02-01,-0.0242202740865081,138.44425384883624,0.0013844425384883625,-0.02560471662499646,1.2584902831060703,1.4333424648602953,impact_Y_1.0
2011-02-08,0.0110215312486789,205.79501431852879,0.0020579501431852876,0.008963581105493612,1.269770862829167,1.4491400936268115,impact_Y_1.0
2011-02-15,-0.0299721704252332,0.0,0.0,-0.0299721704252332,1.231713074127456,1.4057062197705903,impact_Y_1.0
2011-02-23,-0.0061102898788157,251.86016943585733,0.0025186016943585733,-0.008628891573174273,1.221084755561549,1.3971169472833378,impact_Y_1.0
2011-03-02,-0.0558730293273733,42.38893629125868,0.0004238893629125868,-0.056296918690285885,1.152341446363753,1.3190557911140057,impact_Y_1.0
2011-03-09,-0.0071345246831765,210.4482934936969,0.002104482934936969,-0.009239007618113469,1.1416949549621302,1.3096449550138158,impact_Y_1.0
2011-03-16,0.036775183733445,71.12846350812785,0.0007112846350812785,0.03606389909836372,1.1828689266189953,1.3578073888600282,impact_Y_1.0
2011-03-23,0.0148247005233404,243.76903867564621,0.002437690386756462,0.012387010136583939,1.197521136003275,1.377936476768257,impact_Y_1.0
2011-03-30,-0.0057054366101006,193.5207283540849,0.001935207283540849,-0.007640643893641449,1.1883713034479648,1.3700747475473103,impact_Y_1.0
2011-04-06,-0.0044778452806517,182.9361557416417,0.001829361557416417,-0.006307206838068117,1.180875999836694,1.3639397648048657,impact_Y_1.0
2011-04-13,0.0241274771936135,120.17041546756839,0.001201704154675684,0.022925773038937818,1.2079484949960788,1.3968481903736576,impact_Y_1.0
2011-04-20,0.0229595006493964,190.15592183804057,0.0019015592183804057,0.021057941431015994,1.23338540365539,1.4289191273076496,impact_Y_1.0
2011-04-28,-0.0164289932755342,221.80626784799813,0.002218062678479981,-0.01864705595401418,1.2103863970205635,1.40544342457383,impact_Y_1.0
2011-05-05,0.0120346277913884,115.1232783760301,0.001151232783760301,0.010883395007628098,1.223559510291198,1.4223574130704302,impact_Y_1.0
2011-05-12,0.0071634098034334,0.0,0.0,0.0071634098034334,1.2323243684823022,1.432546342107205,impact_Y_1.0
2011-05-19,0.0006398003335509,77.0085666812202,0.000770085666812202,-0.00013028533326130208,1.2321638146912683,1.4334628857347123,impact_Y_1.0
2011-05-26,-0.0287105889030139,84.71683592656373,0.0008471683592656373,-0.029557757262279535,1.1957438157492595,1.392307322114655,impact_Y_1.0
2011-06-03,-0.0160761067469428,177.72452327347335,0.0017772452327347336,-0.017853351979677533,1.1743957805291654,1.3699244409797897,impact_Y_1.0
2011-06-10,-0.0123769213595236,68.56040238870872,0.0006856040238870872,-0.013062525383410687,1.1590552058358328,1.3529689939052936,impact_Y_1.0
2011-06-17,0.0189046967751284,84.88722315513712,0.0008488722315513713,0.01805582454357703,1.1799829032687241,1.3785464624812236,impact_Y_1.0
2011-06-24,0.0464423369782225,115.54886369113758,0.001155488636911376,0.04528684834131112,1.2334206100543947,1.4425693818319132,impact_Y_1.0
2011-07-01,-0.0188545647244945,0.0,0.0,-0.0188545647244945,1.2101650013295986,1.4153703640525892,impact_Y_1.0
2011-07-11,0.0146740234231431,0.0,0.0,0.0146740234231431,1.2279229909049771,1.4361395419271195,impact_Y_1.0
2011-07-18,-0.0302147473276882,237.50308231704918,0.0023750308231704916,-0.03258977815085869,1.187905253045045,1.3927469485404895,impact_Y_1.0
2011-07-25,-0.0264913033898776,368.3650588902201,0.003683650588902201,-0.0301749539787798,1.15206026670326,1.3558512665813771,impact_Y_1.0
2011-08-01,-0.0122492431386554,308.27024186812423,0.003082702418681242,-0.015331945557336642,1.134396941415395,1.339243114757168,impact_Y_1.0
2011-08-08,-0.0085599952806742,117.1000953741877,0.001171000953741877,-0.009730996234416077,1.1233581290501486,1.3277792000151711,impact_Y_1.0
2011-08-15,-0.0020577210426227,41.224864357509716,0.0004122486435750972,-0.002469969686197797,1.120583468524651,1.3250470008153432,impact_Y_1.0
2011-08-22,0.0110010656328782,180.43136486693285,0.0018043136486693286,0.009196751984208872,1.1308891967622767,1.3396239298379613,impact_Y_1.0
2011-08-29,-7.139651381244996e-08,0.0,0.0,-7.139651381244996e-08,1.1308891160207306,1.339623834193483,impact_Y_1.0
2011-09-06,-0.0042235753132361,50.84742991988397,0.0005084742991988397,-0.004732049612434939,1.1255376926175578,1.3339658320383607,impact_Y_1.0
2011-09-13,0.0114107293570142,0.0,0.0,0.0114107293570142,1.138380898609135,1.3491873551192548,impact_Y_1.0
2011-09-20,-0.0195578256966578,247.25834651532895,0.0024725834651532896,-0.022030409161811086,1.1133019016307857,1.3228001839956978,impact_Y_1.0
2011-09-27,-0.0118916871216408,102.71071362488077,0.0010271071362488078,-0.012918794257889608,1.0989193834167004,1.307069858083172,impact_Y_1.0
2011-10-04,0.0116983994525135,74.689227880319,0.0007468922788031899,0.010951507173710311,1.1109542069275176,1.3223604833953693,impact_Y_1.0
2011-10-11,-0.0047674664917717,87.54712832167814,0.0008754712832167815,-0.005642937774988482,1.104685161466964,1.3160561741007388,impact_Y_1.0
2011-10-18,-0.0222647350910231,116.22362310108734,0.0011622362310108735,-0.023426971322033974,1.0788057338694008,1.2867545320194804,impact_Y_1.0
2011-10-25,0.0064003415850327,339.4640005087176,0.0033946400050871763,0.0030057015799455234,1.0820483019681464,1.2949902005604939,impact_Y_1.0
2011-11-01,-0.0045713246168537,134.85515427791387,0.0013485515427791386,-0.005919876159632838,1.075642710021754,1.2890703799780874,impact_Y_1.0
2011-11-08,-0.0115492675372058,304.9734138875205,0.003049734138875205,-0.014599001676081004,1.0599394002952822,1.274182561285433,impact_Y_1.0
2011-11-15,-0.018711470704749,42.355996401772224,0.00042355996401772226,-0.019135030668766723,1.0396574273635977,1.2503407316174386,impact_Y_1.0
2011-11-22,0.0186945487459207,122.70226945643441,0.0012270226945643441,0.017467526051356354,1.0578176705605575,1.273715287373671,impact_Y_1.0
2011-11-30,-0.0008305791756835,151.78770589470471,0.001517877058947047,-0.0023484562346305473,1.0553334320570273,1.2726573659802287,impact_Y_1.0
2011-12-07,-0.0177528542521499,336.95382354816434,0.0033695382354816433,-0.021122392487631543,1.0330422650997995,1.2500640652490567,impact_Y_1.0
2011-12-14,0.0083215055477277,258.36798600619227,0.0025836798600619225,0.005737825687665777,1.0389696815449334,1.2604664803030416,impact_Y_1.0
2011-12-21,-0.0032530847460288,99.13248806720756,0.0009913248806720757,-0.004244409626700876,1.0345598686267337,1.2563660760230873,impact_Y_1.0
2011-12-29,0.012278711801858,159.34274650511537,0.0015934274650511537,0.010685284336806846,1.0456144349864598,1.2717926329882059,impact_Y_1.0
2012-01-06,0.0049792012798117,257.71695221629705,0.0025771695221629707,0.002402031757648729,1.0481260340655532,1.278125144494036,impact_Y_1.0
2012-01-13,0.0209292838383119,199.48707114521855,0.0019948707114521855,0.018934413126859714,1.0679716854035672,1.3048753884240352,impact_Y_1.0
2012-01-23,0.0204743946425563,160.00855985164537,0.0016000855985164536,0.018874309044039847,1.0881289130441583,1.3315919220859878,impact_Y_1.0
2012-01-30,0.0302696707556567,336.6328861775727,0.0033663288617757268,0.026903341893880973,1.1174032172164023,1.3718987711484227,impact_Y_1.0
2012-02-06,0.0155213337370484,0.0,0.0,0.0155213337370484,1.1347468054696697,1.3931924698288638,impact_Y_1.0
2012-02-13,-0.0375048005840786,0.0,0.0,-0.0375048005840786,1.0921883528171095,1.3409410640726924,impact_Y_1.0
2012-02-21,0.0060488221809509,0.0,0.0,0.0060488221809509,1.0987948059514059,1.3490521781244034,impact_Y_1.0
2012-02-28,-0.0045084234770864,0.0,0.0,-0.0045084234770864,1.093840973651754,1.3429700796127328,impact_Y_1.0
2012-03-06,0.0163079589380349,0.0,0.0,0.0163079589380349,1.111679287334807,1.3648711805260667,impact_Y_1.0
2012-03-13,0.031889234355182,0.0,0.0,0.031889234355182,1.1471298886564283,1.4083958774664964,impact_Y_1.0
2012-03-20,-0.0053291228262736,0.0,0.0,-0.0053291228262736,1.1410166925820886,1.40089036284746,impact_Y_1.0
2012-03-27,0.0034726640466862,0.0,0.0,0.0034726640466862,1.1449790602270873,1.4057551844438696,impact_Y_1.0
2012-04-03,-0.0071185068168737,55.22905337300041,0.0005522905337300041,-0.007670797350603704,1.1361961578854005,1.3957483065805505,impact_Y_1.0
2012-04-11,0.0015094567857296,0.0,0.0,0.0015094567857296,1.1379111968858406,1.3978551283330891,impact_Y_1.0
2012-04-18,-0.0184762126981032,0.0,0.0,-0.0184762126981032,1.1168869075806247,1.3720280596608727,impact_Y_1.0
2012-04-25,-0.0018682452450369,196.86284488329508,0.001968628448832951,-0.0038368736938698507,1.1126015535859008,1.369464774762354,impact_Y_1.0
2012-05-02,-0.0321061064107065,0.0,0.0,-0.0321061064107065,1.0768802497137544,1.3254965929781197,impact_Y_1.0
2012-05-09,-0.0241611811308886,192.8912786762834,0.001928912786762834,-0.026090093917651432,1.0487843428606587,1.2934710297067997,impact_Y_1.0
2012-05-16,0.0216835948766968,77.70055306917418,0.0007770055306917417,0.020906589346005058,1.0707108464293662,1.3215181314997058,impact_Y_1.0
2012-05-23,-0.0272740643916725,0.0,0.0,-0.0272740643916725,1.0415082098589896,1.2854749608864202,impact_Y_1.0
2012-05-31,0.0203370235367194,0.0,0.0,0.0203370235367194,1.0626893868365783,1.3116176954218306,impact_Y_1.0
2012-06-07,-0.0129331852114947,0.0,0.0,-0.0129331852114947,1.0489454281743311,1.2946543008402662,impact_Y_1.0
2012-06-14,0.0026477720659326,212.58976945771036,0.0021258976945771036,0.0005218743713554966,1.049492845910246,1.2980822503330707,impact_Y_1.0
2012-06-21,-0.0382483300573176,0.0,0.0,-0.0382483300573176,1.0093514971470772,1.2484327719807857,impact_Y_1.0
2012-06-28,-0.00288044985006,31.832933681966576,0.00031832933681966575,-0.003198779186879666,1.0061228045857573,1.2448367239899236,impact_Y_1.0
2012-07-06,-0.0073251038278188,0.0,0.0,-0.0073251038278188,0.9987528505786304,1.2357181657380156,impact_Y_1.0
2012-07-13,-0.037569673094865,0.0,0.0,-0.037569673094865,0.9612300324798266,1.1892926382138522,impact_Y_1.0
2012-07-20,0.0164482643929917,313.90970858483365,0.0031390970858483367,0.013309167307143363,0.9740232038027514,1.2088544379678323,impact_Y_1.0
2012-07-27,-0.0051696882491171,215.35204090061967,0.002153520409006197,-0.007323208658123297,0.9668902286434501,1.202605037384977,impact_Y_1.0
2012-08-03,0.0116994989759568,209.30117829626244,0.0020930117829626245,0.009606487192994177,0.9761786472419446,1.2166749137883432,impact_Y_1.0
2012-08-10,0.0187876430331079,252.13618064467073,0.0025213618064467073,0.016266281226661194,0.9920574436454438,1.2395333677559361,impact_Y_1.0
2012-08-17,-0.0074316242529071,0.0,0.0,-0.0074316242529071,0.9846848454869713,1.2303216215178334,impact_Y_1.0
2012-08-24,-0.0005208241148858,0.0,0.0,-0.0005208241148858,0.9841719978738791,1.2296808403482815,impact_Y_1.0
2012-08-31,-0.0027172111964516,0.0,0.0,-0.0027172111964516,0.981497794702022,1.226339537800825,impact_Y_1.0
2012-09-10,0.0065028882672952,111.84375178830412,0.0011184375178830413,0.005384450749412159,0.9867826212382517,1.2343142867929104,impact_Y_1.0
2012-09-17,0.0032979347015527,84.49649563273074,0.0008449649563273074,0.0024529697452253924,0.9892031691532632,1.238384974711947,impact_Y_1.0
2012-09-24,0.0434380954222344,0.0,0.0,0.0434380954222344,1.0321722708069194,1.292178059412946,impact_Y_1.0
2012-10-01,-0.0159203911792531,0.0,0.0,-0.0159203911792531,1.0157396844912951,1.2716060792338437,impact_Y_1.0
2012-10-08,-0.0153850088585284,0.0,0.0,-0.0153850088585284,1.0001125204474377,1.2520424084402724,impact_Y_1.0
2012-10-15,-0.013695410494238,159.2177697051585,0.001592177697051585,-0.015287588191289584,0.9848232120898845,1.2348951737004885,impact_Y_1.0
2012-10-22,0.0171810398581833,86.44444227902778,0.0008644444227902779,0.016316595435393023,1.0008921740169394,1.2561119569005148,impact_Y_1.0
2012-10-31,-0.0180211271668339,180.16216898923588,0.0018016216898923587,-0.019822748856726257,0.9810517398187388,1.23347540358943,impact_Y_1.0
2012-11-07,0.0303266743741983,78.92978173949484,0.0007892978173949484,0.02953737655680335,1.010029434479472,1.2708826105026696,impact_Y_1.0
2012-11-14,0.0160586631745632,197.91927337230638,0.001979192733723064,0.014079470440840137,1.0242501140466043,1.2912912862791415,impact_Y_1.0
2012-11-21,-0.0035181039129765,0.0,0.0,-0.0035181039129765,1.0206466957125102,1.2867483893520903,impact_Y_1.0
2012-11-29,0.0005319117230829,251.86538910771404,0.0025186538910771405,-0.0019867421679942406,1.018618933883514,1.2874328259050447,impact_Y_1.0
2012-12-06,0.0130370686623479,166.35128166791603,0.0016635128166791603,0.011373555845668739,1.0302042532134938,1.3042171760545296,impact_Y_1.0
2012-12-13,-0.0224293372694861,43.827970235973034,0.00043827970235973035,-0.02286761697184583,1.0066459369482412,1.2749644491401457,impact_Y_1.0
2012-12-20,-0.0045310542401894,135.25611227928093,0.0013525611227928093,-0.005883615362982209,1.000723219448529,1.2691875160667785,impact_Y_1.0
2012-12-28,0.0186275689369118,85.52755250706679,0.0008552755250706679,0.017772293411841132,1.0185083661286105,1.2928293940161801,impact_Y_1.0
2013-01-07,-0.0004724012795307,68.58674464990642,0.0006858674464990642,-0.0011582687260297641,1.0173286597409241,1.292218659756232,impact_Y_1.0
2013-01-14,0.0139240967394123,92.15689629743059,0.0009215689629743059,0.013002527776437994,1.030556503896972,1.3102116373831514,impact_Y_1.0
2013-01-22,0.091380387256944,0.0,0.0,0.091380387256944,1.1247291563132396,1.4299392841957785,impact_Y_1.0
2013-01-29,0.014215371572022,183.0919666074263,0.0018309196660742629,0.012384451905947738,1.138658310456818,1.4502664024460525,impact_Y_1.0
2013-02-05,-0.0148587951442234,288.86992061141655,0.0028886992061141654,-0.017747494350337567,1.1184499785250208,1.428717191067557,impact_Y_1.0
2013-02-12,-0.0235647683478132,315.6245759406057,0.0031562457594060574,-0.02672101410721926,1.0885638608706347,1.3950498014255115,impact_Y_1.0
2013-02-20,-0.0209481782911574,145.70890118603398,0.00145708901186034,-0.022405267303017742,1.0641742965914232,1.3658260494602061,impact_Y_1.0
2013-02-27,0.0005671863199509,178.73937794147236,0.0017873937794147235,-0.0012202074594638234,1.0628757831765527,1.3666007273108927,impact_Y_1.0
2013-03-06,0.0207710158504606,219.40278492167414,0.0021940278492167415,0.018576988001243862,1.0826208138474362,1.3949864126791183,impact_Y_1.0
2013-03-13,-0.0173197362194616,211.55625730165434,0.0021155625730165436,-0.019435298792478142,1.0615797548513555,1.3708256159817829,impact_Y_1.0
2013-03-20,0.0088516600581579,171.05597410909357,0.0017105597410909357,0.007141100317066964,1.0691606023753164,1.3829596983334684,impact_Y_1.0
2013-03-27,-0.0418415626634805,0.0,0.0,-0.0418415626634805,1.0244252520337052,1.3250945034545805,impact_Y_1.0
2013-04-04,0.0149563154100681,334.6753597600034,0.003346753597600034,0.011609561812468066,1.0363183803194436,1.3449130347963947,impact_Y_1.0
2013-04-11,-0.0175041272024386,0.0,0.0,-0.0175041272024386,1.018178531568107,1.321371505959101,impact_Y_1.0
2013-04-18,0.0719914943889936,67.36957846903152,0.0006736957846903152,0.07131779860430329,1.0907927830257063,1.4164990153161316,impact_Y_1.0
2013-04-25,0.002670174674018,209.63571966757053,0.0020963571966757053,0.0005738174773422945,1.091418698988765,1.4202813151126004,impact_Y_1.0
2013-05-02,0.0120217263655554,143.05121116063222,0.0014305121116063222,0.010591214253949079,1.1029781482705214,1.4373555484449951,impact_Y_1.0
2013-05-09,0.008811226694234,175.07708217768402,0.0017507708217768402,0.0070604558724571605,1.11076567681467,1.450020414022559,impact_Y_1.0
2013-05-16,-0.0066068417289375,0.0,0.0,-0.0066068417289375,1.1034270237900194,1.4404403586433834,impact_Y_1.0
2013-05-23,-0.0202496392683376,224.15952486292912,0.002241595248629291,-0.02249123451696689,1.0786095878255992,1.4112719609933,impact_Y_1.0
2013-05-31,0.0260169870655273,0.0,0.0,0.0260169870655273,1.1066717595208115,1.4479890053484041,impact_Y_1.0
2013-06-07,-0.0156766957412662,0.0,0.0,-0.0156766957412662,1.089322803061352,1.4252893222748586,impact_Y_1.0
2013-06-14,-0.0107062648819254,214.50808630019299,0.00214508086300193,-0.012851345744927332,1.0753235390913771,1.410029797257204,impact_Y_1.0
2013-06-21,0.0263124575142055,0.0,0.0,0.0263124575142055,1.103617944027744,1.447131146391298,impact_Y_1.0
2013-06-28,-0.010760656828592,0.0,0.0,-0.010760656828592,1.0917422900621854,1.4315590647390144,impact_Y_1.0
2013-07-08,0.0441608807432172,0.0,0.0,0.0441608807432172,1.1399545911359483,1.4947779738738256,impact_Y_1.0
2013-07-15,-0.0268830574161947,311.5555436995121,0.003115555436995121,-0.02999861285318982,1.1057575346862447,1.4545937717777124,impact_Y_1.0
2013-07-22,-0.000240210264785,210.88009699922446,0.0021088009699922446,-0.0023490112347772448,1.1031600978143272,1.454244363422639,impact_Y_1.0
2013-07-29,-0.0073139014233198,328.0697604766934,0.0032806976047669335,-0.010594599028086734,1.0914725589141996,1.4436081635031475,impact_Y_1.0
2013-08-05,-0.0005089475834205,141.0843254910382,0.0014108432549103818,-0.001919790838330882,1.0893771598953066,1.4428734426169265,impact_Y_1.0
2013-08-12,-0.0188033268241054,163.7540209777506,0.001637540209777506,-0.020440867033882905,1.0671093462201375,1.4157426217095785,impact_Y_1.0
2013-08-19,-0.0042308584671833,0.0,0.0,-0.0042308584671833,1.0625945576072717,1.4097528150511662,impact_Y_1.0
2013-08-26,0.0226836099049914,114.54082736393475,0.0011454082736393476,0.021538201631352054,1.0854809334413946,1.4417310979702505,impact_Y_1.0
2013-09-03,0.0140196902937401,0.0,0.0,0.0140196902937401,1.100699039948003,1.4619437214506474,impact_Y_1.0
2013-09-10,0.0028544383699055,34.88387660479623,0.0003488387660479623,0.0025055996038575376,1.103456951026463,1.4661167497037983,impact_Y_1.0
2013-09-17,-0.0126113446061329,173.04245308323448,0.0017304245308323448,-0.014341769136965245,1.0876314261822617,1.4476270461404603,impact_Y_1.0
2013-09-24,0.0246388207017935,179.61988212054493,0.0017961988212054493,0.02284262188058805,1.1124757795959876,1.4832948693733823,impact_Y_1.0
2013-10-01,-0.0378835025440656,0.0,0.0,-0.0378835025440656,1.0703313005694517,1.4271024644158763,impact_Y_1.0
2013-10-08,0.0357058712787723,166.2299864336497,0.0016622998643364972,0.0340435714144358,1.1067692006374938,1.4780584013119284,impact_Y_1.0
2013-10-15,-0.0053033934190461,0.0,0.0,-0.0053033934190461,1.10089956814243,1.470219676113445,impact_Y_1.0
2013-10-22,-0.0041814380661464,0.0,0.0,-0.0041814380661464,1.0962962247811951,1.4640720435941468,impact_Y_1.0
2013-10-29,0.0051416295684592,0.0,0.0,0.0051416295684592,1.1019329738663204,1.471599759703845,impact_Y_1.0
2013-11-05,0.0501381812144277,104.46103687631006,0.0010446103687631006,0.049093570845664604,1.1560307983860005,1.5453830951309846,impact_Y_1.0
2013-11-12,-0.0002337171348335,0.0,0.0,-0.0002337171348335,1.1557606141800225,1.5450219126217704,impact_Y_1.0
2013-11-19,0.0384061135667061,176.72855880174578,0.0017672855880174578,0.03663882797868864,1.198106328507508,1.6043601996609718,impact_Y_1.0
2013-11-26,-0.0018682315952079,247.77570671841383,0.002477757067184138,-0.004345988662392038,1.1928993719874743,1.601362883245871,impact_Y_1.0
2013-12-04,0.0193196359869756,0.0,0.0,0.0193196359869756,1.2159457536233642,1.632300631233235,impact_Y_1.0
2013-12-11,0.0100059903997916,0.0,0.0,0.0100059903997916,1.228112495160787,1.6486334156789286,impact_Y_1.0
2013-12-18,0.0152164613826451,45.34310146711128,0.0004534310146711128,0.014763030367973988,1.246243157222134,1.6737197823827454,impact_Y_1.0
2013-12-26,-0.007238674126004,210.3250916451727,0.002103250916451727,-0.009341925042455727,1.2346008470626915,1.6616042702998304,impact_Y_1.0
2014-01-03,0.0106140589027157,45.00306602225746,0.00045003066022257455,0.010164028242493125,1.2471493649404426,1.6792406358977967,impact_Y_1.0
2014-01-10,0.0357047931764142,0.0,0.0,0.0357047931764142,1.2916785750757376,1.7391975754959579,impact_Y_1.0
2014-01-17,-0.0253223225137688,103.40269667700362,0.0010340269667700362,-0.026356349480538836,1.257634643134517,1.6951570535740845,impact_Y_1.0
2014-01-27,-0.0073161185486546,116.76107894357457,0.0011676107894357456,-0.008483729338090346,1.2469652112159577,1.6827550836115486,impact_Y_1.0
2014-02-03,0.0353367131772362,101.46867768619516,0.0010146867768619516,0.034322026400374246,1.28976358411566,1.742218117348666,impact_Y_1.0
2014-02-10,0.0330654654667625,0.0,0.0,0.0330654654667625,1.3324102173665244,1.7998253703434264,impact_Y_1.0
2014-02-18,0.0029733659636153,0.0,0.0,0.0029733659636153,1.3363719605564153,1.8051769098400567,impact_Y_1.0
2014-02-25,0.0162291601891658,214.82858393119278,0.002148285839311928,0.014080874349853872,1.3551892462176782,1.8344734150796342,impact_Y_1.0
2014-03-04,-0.0365249606983462,0.0,0.0,-0.0365249606983462,1.3056910122607561,1.7674693456916897,impact_Y_1.0
2014-03-11,-0.0043383314287449,74.29175254985796,0.0007429175254985796,-0.005081248954243479,1.2990564711701411,1.7598014778799322,impact_Y_1.0
2014-03-18,-0.0441040727805889,0.0,0.0,-0.0441040727805889,1.2417627900195582,1.6821870654201279,impact_Y_1.0
2014-03-25,0.0116159498605338,121.4502172052687,0.001214502172052687,0.010401447688481112,1.254678920721449,1.7017272660280864,impact_Y_1.0
2014-04-01,-0.0462932029099491,263.4599626419921,0.0026345996264199208,-0.048927802536369025,1.1932902382418453,1.6229488604044553,impact_Y_1.0
2014-04-08,-0.0163213684533864,350.3141762600341,0.0035031417626003414,-0.019824510215986742,1.1696338437231826,1.5964601140727905,impact_Y_1.0
2014-04-15,0.0059858703474309,250.55082706094865,0.0025055082706094867,0.0034803620768214132,1.1737045929966434,1.6060163173304751,impact_Y_1.0
2014-04-23,0.0026259675781135,72.0088559702977,0.000720088559702977,0.0019058790184105232,1.1759415319542479,1.6102336641097061,impact_Y_1.0
2014-04-30,0.042089300956875,123.67672267028145,0.0012367672267028145,0.04085253373017218,1.2239817230531191,1.6780072734093112,impact_Y_1.0
2014-05-07,-0.0045528101987767,0.0,0.0,-0.0045528101987767,1.2184091665812866,1.6703676247813117,impact_Y_1.0
2014-05-14,-0.0171670810815631,0.0,0.0,-0.0171670810815631,1.197492637628066,1.641692288330673,impact_Y_1.0
2014-05-21,0.0058992151486157,0.0,0.0,0.0058992151486157,1.2045569043363171,1.651376984347359,impact_Y_1.0
2014-05-29,0.0109171929672727,183.18257808641332,0.0018318257808641332,0.009085367186408568,1.2155007461091363,1.6694053855471918,impact_Y_1.0
2014-06-05,0.0101130260513754,179.08141850825155,0.0017908141850825155,0.008322211866292884,1.2256164008418935,1.6862881257015367,impact_Y_1.0
2014-06-12,0.0255900906817582,199.3092676295632,0.001993092676295632,0.02359699800546257,1.254537268608022,1.729440391753811,impact_Y_1.0
2014-06-19,-0.025126670654986,69.43580536808395,0.0006943580536808395,-0.02582102870866684,1.2221438257792019,1.685985312612783,impact_Y_1.0
2014-06-26,0.0088111871699338,135.86143618701396,0.0013586143618701397,0.00745257280806366,1.2312519416227468,1.7008408447679737,impact_Y_1.0
2014-07-03,0.0042117089359778,118.33537011158502,0.00118335370111585,0.00302835523486195,1.234980609885594,1.708004291352559,impact_Y_1.0
2014-07-11,0.0099008115188509,0.0,0.0,0.0099008115188509,1.2472079201335067,1.724914919914629,impact_Y_1.0
2014-07-18,-0.0266894679889196,34.61933839342414,0.00034619338393424134,-0.02703566137285384,1.2134888291432357,1.6788778583759576,impact_Y_1.0
2014-07-25,-0.0054715350185961,27.077805206170428,0.0002707780520617043,-0.005742313070657804,1.2065205963785495,1.669691819381908,impact_Y_1.0
2014-08-01,-0.0095902301278526,30.51409802998279,0.0003051409802998279,-0.009895371108152428,1.1945816273277543,1.6536790905914425,impact_Y_1.0
2014-08-08,0.0176547259441179,446.62631006960964,0.004466263100696096,0.013188462843421806,1.2103363227332007,1.6828743417353527,impact_Y_1.0
2014-08-15,0.0033576753006409,572.4176232881333,0.005724176232881333,-0.0023665009322404334,1.207472060697128,1.6885248873466796,impact_Y_1.0
2014-08-22,0.0067961437532698,0.0,0.0,0.0067961437532698,1.2156782143996827,1.7000003452120613,impact_Y_1.0
2014-08-29,-0.0161641852483002,195.4851885867545,0.001954851885867545,-0.018119037134167747,1.1936512956897762,1.6725212247098793,impact_Y_1.0
2014-09-08,-0.0053403475473708,311.01587135379737,0.0031101587135379735,-0.008450506260908774,1.1835643379422078,1.6635893800895742,impact_Y_1.0
2014-09-15,0.0161599810632556,112.82073357228043,0.0011282073357228044,0.015031773727532794,1.2013554092621321,1.690472952968855,impact_Y_1.0
2014-09-22,0.0157055277295532,147.7052567500895,0.001477052567500895,0.014228475162052305,1.2184488648636156,1.717022722807767,impact_Y_1.0
2014-09-29,-0.019858809199158,0.0,0.0,-0.019858809199158,1.1942519213373584,1.6829246961649087,impact_Y_1.0
2014-10-06,-0.0070639613971898,75.7278200729317,0.0007572782007293171,-0.007821239597919118,1.1849113909203035,1.6710365810768224,impact_Y_1.0
2014-10-13,0.0263290220895528,56.71065340909064,0.0005671065340909064,0.025761915555461895,1.2154369781138972,1.715033340132445,impact_Y_1.0
2014-10-20,0.0046459775031676,53.30724094195563,0.0005330724094195563,0.004112905093748044,1.2204359550523116,1.7230013464478826,impact_Y_1.0
2014-10-27,-0.0042722679730995,89.33274866498975,0.0008933274866498975,-0.005165595459749398,1.2141316766239785,1.715640222977846,impact_Y_1.0
2014-11-03,0.0308980282828424,87.68736472812901,0.0008768736472812901,0.03002115463556111,1.25058131143584,1.7686501231105975,impact_Y_1.0
2014-11-10,0.0070615672102173,133.0253635377642,0.001330253635377642,0.005731313574839658,1.2577487850825129,1.781139564826302,impact_Y_1.0
2014-11-17,-0.004489617682777,0.0,0.0,-0.004489617682777,1.2521019738965151,1.773142929140564,impact_Y_1.0
2014-11-24,-8.042536677536124e-05,119.64071811110583,0.0011964071811110583,-0.0012768325478864195,1.250503249342971,1.7730003234701428,impact_Y_1.0
2014-12-02,-0.0069184667041753,162.2970911727015,0.001622970911727015,-0.008541437615902316,1.239822153850225,1.7607338797657226,impact_Y_1.0
2014-12-09,-0.008035780390545,59.116160441319195,0.0005911616044131919,-0.008626941994958191,1.229126280044895,1.746585008981733,impact_Y_1.0
2014-12-16,0.0059200339048644,118.10818803543708,0.0011810818803543708,0.00473895202451003,1.2349510505180923,1.7569248514526328,impact_Y_1.0
2014-12-23,-0.0069877659011534,0.0,0.0,-0.0069877659011534,1.2263215016776885,1.7446478718847631,impact_Y_1.0
2014-12-31,0.0138213199796925,100.90815423837043,0.0010090815423837044,0.012812238437308795,1.2420334251579817,1.768761208373972,impact_Y_1.0
2015-01-08,-0.0042095540885162,52.01742472284412,0.0005201742472284412,-0.004729728335744641,1.23615894447307,1.7613155123976525,impact_Y_1.0
2015-01-15,0.0257783957175396,146.11365827635927,0.0014611365827635928,0.024317259134776007,1.2662189418575929,1.8067194006596803,impact_Y_1.0
2015-01-23,0.0068423047090853,121.97705648297017,0.0012197705648297017,0.005622534144255598,1.2733383010922903,1.8190815253228099,impact_Y_1.0
2015-01-30,-0.0144054751957906,0.0,0.0,-0.0144054751957906,1.2549952577800552,1.7928767915306512,impact_Y_1.0
2015-02-06,0.0121532932858781,405.35977582136417,0.004053597758213642,0.008099695527664458,1.2651603372567364,1.8146661490035674,impact_Y_1.0
2015-02-13,0.0015544770636804,0.0,0.0,0.0015544770636804,1.26712699998288,1.8174870059104307,impact_Y_1.0
2015-02-23,0.0049012472310598,33.02127963096654,0.00033021279630966537,0.004571034434750134,1.2729190811330033,1.8263949590656365,impact_Y_1.0
2015-03-02,-0.0074855533426718,131.21321340620443,0.0013121321340620444,-0.008797685476733845,1.2617203394198622,1.812723382174764,impact_Y_1.0
2015-03-09,0.0050442156960285,141.60454278440452,0.0014160454278440452,0.0036281702681844547,1.266298075642109,1.8218671499116876,impact_Y_1.0
2015-03-16,0.0115932506002533,0.0,0.0,0.0115932506002533,1.2809785865676466,1.8429885123409833,impact_Y_1.0
2015-03-23,-0.0179898610161275,127.49323762488491,0.001274932376248849,-0.01926479339237635,1.2563007987573627,1.8098334051496494,impact_Y_1.0
2015-03-30,0.0206549487290204,155.69195918740084,0.0015569195918740085,0.01909802913714639,1.280293668017051,1.8472154213410839,impact_Y_1.0
2015-04-07,0.0134149552431472,0.0,0.0,0.0134149552431472,1.2974687502715845,1.871995733542826,impact_Y_1.0
2015-04-14,0.0039474531884473,179.8600636262624,0.0017986006362626238,0.0021488525521846766,1.3002568193069854,1.8793853490699595,impact_Y_1.0
2015-04-21,-0.007889010764581,248.45702166900406,0.0024845702166900407,-0.01037358098127104,1.2867684998954545,1.8645588578203507,impact_Y_1.0
2015-04-28,0.0077136884952949,115.6617253173166,0.001156617253173166,0.006557071242121734,1.295205932621387,1.8789414840307197,impact_Y_1.0
2015-05-05,-0.0120360234033271,252.29145968929987,0.002522914596892999,-0.014558938000220099,1.2763491097508348,1.8563265003554439,impact_Y_1.0
2015-05-12,-0.0073531803991402,0.0,0.0,-0.0073531803991402,1.266963884494555,1.8426765967186256,impact_Y_1.0
2015-05-19,-0.0093255278332592,213.73191156051863,0.0021373191156051864,-0.011462846948864385,1.2524408713968553,1.8254926648282306,impact_Y_1.0
2015-05-27,0.000122306501268,62.4681948328563,0.000624681948328563,-0.000502375447060563,1.2518116758541704,1.8257159344491563,impact_Y_1.0
2015-06-03,0.0163793940428924,0.0,0.0,0.0163793940428924,1.2723155925604794,1.8556200551498867,impact_Y_1.0
2015-06-10,0.0117301478591577,0.0,0.0,0.0117301478591577,1.2872400425847257,1.877386752767213,impact_Y_1.0
2015-06-17,-0.010769358757248,0.0,0.0,-0.010769358757248,1.2733772927594356,1.8571685013005579,impact_Y_1.0
2015-06-24,-0.0104452051232384,0.0,0.0,-0.0104452051232384,1.2600766057372892,1.8377699953560562,impact_Y_1.0
2015-07-01,0.0057667588552551,117.31827006858686,0.0011731827006858685,0.004593576154569231,1.2658648635863345,1.8483679717506978,impact_Y_1.0
2015-07-09,0.0416911576053667,72.65582747775699,0.0007265582747775698,0.04096459933058913,1.3177205105298195,1.9254285721736681,impact_Y_1.0
2015-07-16,-0.0135119725148994,0.0,0.0,-0.0135119725148994,1.2999155072092214,1.8994122342270554,impact_Y_1.0
2015-07-23,0.0135291741596344,74.57544202835791,0.0007457544202835792,0.012783419739350821,1.3165328727635681,1.9251097131448536,impact_Y_1.0
2015-07-30,0.0256863640825645,65.16007199695237,0.0006516007199695237,0.025034763362594976,1.3494919616922814,1.9745587821355735,impact_Y_1.0
2015-08-06,0.0124483779827469,0.0,0.0,0.0124483779827469,1.3662909477161054,1.9991388362047495,impact_Y_1.0
2015-08-13,-0.0549523027373934,0.0,0.0,-0.0549523027373934,1.2912101139298497,1.8892815536635459,impact_Y_1.0
2015-08-20,0.0291511176931846,123.81852060147199,0.00123818520601472,0.027912932487169882,1.3272515746667246,1.9443562225899547,impact_Y_1.0
2015-08-27,-0.0208544519857594,272.46019268427926,0.0027246019268427927,-0.023579053912602194,1.2959562382320717,1.90380773910274,impact_Y_1.0
2015-09-03,0.0077053029452767,45.14324393006078,0.00045143243930060776,0.007253870505976092,1.305356936965619,1.9184771544820889,impact_Y_1.0
2015-09-11,0.0082509827240855,96.2455581075015,0.0009624555810750149,0.007288527143010486,1.31487106643201,1.9343064763402733,impact_Y_1.0
2015-09-18,-0.033871697308346,64.98470014870168,0.0006498470014870167,-0.034521544309833015,1.26947968665046,1.8687882328721022,impact_Y_1.0
2015-09-25,0.0100786717360659,44.60557334381346,0.0004460557334381346,0.009632616002627766,1.2817080969951,1.8876231360154427,impact_Y_1.0
2015-10-02,0.0064463693266051,43.53348735381487,0.0004353348735381487,0.006011034453066951,1.2894124885249125,1.8997914518996426,impact_Y_1.0
2015-10-09,0.0056564104148122,0.0,0.0,0.0056564104148122,1.2967059347539938,1.910537452054139,impact_Y_1.0
2015-10-16,0.0078345629085294,54.3132713735703,0.000543132713735703,0.0072914301947936975,1.3061607755604272,1.9255056779113586,impact_Y_1.0
2015-10-23,0.0069433092645913,114.60586068460435,0.0011460586068460436,0.005797250657745256,1.313732916975666,1.9388750593238235,impact_Y_1.0
2015-10-30,0.0191676789352294,0.0,0.0,0.0191676789352294,1.3389141277348977,1.9760387939564663,impact_Y_1.0
2015-11-06,-0.0123155681432815,0.0,0.0,-0.0123155681432815,1.3224246395567762,1.9517027535357276,impact_Y_1.0
2015-11-13,0.0147914053241005,83.99449329454967,0.0008399449329454967,0.013951460391155003,1.3408743945358401,1.9805711800354375,impact_Y_1.0
2015-11-20,0.014337290411852,75.88665970292558,0.0007588665970292559,0.013578423814822743,1.3590813553472916,2.00896720422495,impact_Y_1.0
2015-11-30,0.0001128709259979,53.715839461449306,0.000537158394614493,-0.00042428746861659304,1.3585047141593873,2.00919395821359,impact_Y_1.0
2015-12-07,-0.0116506809694545,0.0,0.0,-0.0116506809694545,1.3426772091392163,1.985785480400688,impact_Y_1.0
2015-12-14,-0.0012738483004385,122.5619914640063,0.001225619914640063,-0.002499468215078563,1.3393212301318624,1.9832558909414442,impact_Y_1.0
2015-12-21,0.0112788374365362,127.2316390778619,0.001272316390778619,0.010006521045757581,1.3527231762082068,2.0056247117304253,impact_Y_1.0
2015-12-29,-0.0719186969752124,91.00320696203632,0.0009100320696203631,-0.07282872904483276,1.2542060665354737,1.8613827958414872,impact_Y_1.0
2016-01-06,-0.0051002187945873,64.36538994473266,0.0006436538994473265,-0.005743872694034626,1.247002066557208,1.851889336322215,impact_Y_1.0
2016-01-13,-0.0075766500041557,229.3562900374994,0.002293562900374994,-0.009870212904530693,1.2346938906678986,1.8378582189744734,impact_Y_1.0
2016-01-21,-0.0188478668281405,231.3544360007179,0.002313544360007179,-0.021161411188147676,1.2085660255559814,1.803218512014239,impact_Y_1.0
2016-01-28,0.0047018665176891,191.63982537108004,0.0019163982537108003,0.0027854682639782994,1.21193244786509,1.8116970047599557,impact_Y_1.0
2016-02-04,-0.0109429571387476,145.08752541876495,0.0014508752541876496,-0.012393832392935249,1.1969119602346903,1.7918716820884701,impact_Y_1.0
2016-02-11,0.010723688276215,72.839667032953,0.00072839667032953,0.00999529160588547,1.2088754443038079,1.8110871554381638,impact_Y_1.0
2016-02-19,-0.0011050798359282,78.49245842200195,0.0007849245842200195,-0.0018900044201482194,1.206590664370665,1.8090857595415806,impact_Y_1.0
2016-02-26,0.0078459354551761,129.61429664064744,0.0012961429664064743,0.006549792488769626,1.2144935828411796,1.8232797296438221,impact_Y_1.0
2016-03-04,-0.0104390798387663,167.68272404114305,0.0016768272404114304,-0.01211590707917773,1.1997788914432181,1.8042463669776658,impact_Y_1.0
2016-03-11,0.0151359120281188,0.0,0.0,0.0151359120281188,1.2179386391972964,1.8315552812652927,impact_Y_1.0
2016-03-18,0.0062286487790567,226.0886594811619,0.002260886594811619,0.003967762184245081,1.2227711300726343,1.8429633958317204,impact_Y_1.0
2016-03-28,-0.0167451928782489,0.0,0.0,-0.0167451928782489,1.2022955916536135,1.8121026183009656,impact_Y_1.0
2016-04-04,0.0289226758411547,221.09349688445073,0.002210934968844507,0.026711740872310194,1.2344109999497856,1.8645134749209922,impact_Y_1.0
2016-04-11,0.0239981747031811,218.82570074078782,0.0021882570074078784,0.021809917695773222,1.2613334022614475,1.9092583950285813,impact_Y_1.0
2016-04-18,-0.0215633559255273,0.0,0.0,-0.0215633559255273,1.2341348211677277,1.8680883767027792,impact_Y_1.0
2016-04-25,0.0071234506196578,0.0,0.0,0.0071234506196578,1.2429261196243162,1.881395612007378,impact_Y_1.0
2016-05-02,-0.0064328516234034,109.43332654515213,0.0010943332654515213,-0.007527184888854921,1.233570384918717,1.8692928731904124,impact_Y_1.0
2016-05-09,-0.0014555788489778,189.5396742205052,0.001895396742205052,-0.0033509755911828518,1.2294367206688483,1.8665719700216514,impact_Y_1.0
2016-05-16,-0.0041153903391421,0.0,0.0,-0.0041153903391421,1.2243771086660211,1.8588902977689108,impact_Y_1.0
2016-05-23,0.0039348444225824,0.0,0.0,0.0039348444225824,1.229194842103193,1.8662047418892793,impact_Y_1.0
2016-05-31,0.0042267695602219,64.52679826003114,0.0006452679826003114,0.0035815015776215885,1.2335972053693898,1.8740927592854386,impact_Y_1.0
2016-06-07,0.004391415577362,0.0,0.0,0.004391415577362,1.239014443353239,1.8823226794219858,impact_Y_1.0
2016-06-14,0.021708065865024,0.0,0.0,0.021708065865024,1.2659110504972673,1.9231842641261065,impact_Y_1.0
2016-06-21,0.008515992749996,104.43752056508016,0.0010443752056508017,0.007471617544345197,1.275369453711743,1.9395620873763109,impact_Y_1.0
2016-06-28,0.0005136307305052,161.34267421014448,0.0016134267421014448,-0.001099796011596245,1.273966807473239,1.94055830606811,impact_Y_1.0
2016-07-06,0.0408454268411348,201.99340967995943,0.002019934096799594,0.0388254927443352,1.3234291965133151,2.0198212383895715,impact_Y_1.0
2016-07-13,0.0166134321758762,0.0,0.0,0.0166134321758762,1.3454158977091635,2.053377401540951,impact_Y_1.0
2016-07-20,0.0575022854508659,0.0,0.0,0.0575022854508659,1.422780386709369,2.1714512950227163,impact_Y_1.0
2016-07-27,0.0048683588139023,0.0,0.0,0.0048683588139023,1.4297069921452528,2.1820226990737996,impact_Y_1.0
2016-08-03,0.0127106092541088,0.0,0.0,0.0127106092541088,1.447879439070278,2.209757536985322,impact_Y_1.0
2016-08-10,0.029805278939695,0.0,0.0,0.029805278939695,1.4910338896228168,2.275619976764263,impact_Y_1.0
2016-08-17,0.0007442031398119,78.0077045222757,0.000780077045222757,-3.5873905410856925e-05,1.490980400414096,2.27731350029599,impact_Y_1.0
2016-08-24,-0.0046196105449085,199.38696840944397,0.0019938696840944396,-0.00661348022900294,1.4811198310141265,2.26679319883596,impact_Y_1.0
2016-08-31,-0.0390620038718706,0.0,0.0,-0.0390620038718706,1.4232643224403483,2.1782477141262997,impact_Y_1.0
2016-09-08,0.0116922771245899,241.0256148591132,0.002410256148591132,0.009282020975998768,1.4364750917356301,2.203716390045869,impact_Y_1.0
2016-09-15,0.0187519395614378,0.0,0.0,0.0187519395614378,1.4634117858373674,2.245040346602559,impact_Y_1.0
2016-09-22,0.0162894499159214,530.391532001746,0.00530391532001746,0.010985534595903939,1.4794881466387375,2.2816108188877644,impact_Y_1.0
2016-09-29,-0.0062407402495208,215.55951262039085,0.0021555951262039086,-0.008396335375724708,1.4670658679751494,2.2673718784165895,impact_Y_1.0
2016-10-06,-0.0156698071881222,93.17456347474685,0.0009317456347474684,-0.016601552822869667,1.4427102964733307,2.231842598258031,impact_Y_1.0
2016-10-13,0.0165618752864575,350.3777403336849,0.003503777403336849,0.01305809788312065,1.4615493487416655,2.2688060970293837,impact_Y_1.0
2016-10-20,0.0175594654494303,198.0081116842681,0.0019800811168426812,0.015579384332587617,1.4843193877667549,2.308645119301628,impact_Y_1.0
2016-10-27,-0.0407397376629838,0.0,0.0,-0.0407397376629838,1.4238486053010566,2.214591522784352,impact_Y_1.0
2016-11-03,0.0622856832454877,190.02105393845522,0.0019002105393845523,0.06038547270610315,1.5098283763940865,2.3525288688906403,impact_Y_1.0
2016-11-10,-0.0087358581185022,156.12878711095817,0.0015612878711095818,-0.010297145989611782,1.4942814531830981,2.3319775104723313,impact_Y_1.0
2016-11-17,0.0541081744021828,0.0,0.0,0.0541081744021828,1.5751342946578764,2.458156556310936,impact_Y_1.0
2016-11-25,-0.0069372188356132,0.0,0.0,-0.0069372188356132,1.5642072433603555,2.44110378634761,impact_Y_1.0
2016-12-02,0.0109410442814302,0.0,0.0,0.0109410442814302,1.581321304075295,2.467812010969606,impact_Y_1.0
2016-12-09,0.0087411352954219,305.8784251014465,0.003058784251014465,0.005682351044407435,1.590306926839051,2.4893834896411584,impact_Y_1.0
2016-12-16,0.0454648842784112,0.0,0.0,0.0454648842784112,1.662610047234944,2.602563021922281,impact_Y_1.0
2016-12-23,-0.0203983930796572,0.0,0.0,-0.0203983930796572,1.6286954739532584,2.5494749183865295,impact_Y_1.0
2017-01-03,0.0228297272085118,0.0,0.0,0.0228297272085118,1.6658781473293491,2.607678735298237,impact_Y_1.0
2017-01-10,-0.0021650884768872,0.0,0.0,-0.0021650884768872,1.662271373748668,2.6020328801170187,impact_Y_1.0
2017-01-18,0.0310664482785118,0.0,0.0,0.0310664482785118,1.713912241406082,2.6828688000061613,impact_Y_1.0
2017-01-25,0.0230544602474449,199.0837117884889,0.001990837117884889,0.021063623129560012,1.750013442936199,2.744720892105014,impact_Y_1.0
2017-02-01,0.013254517068206,0.0,0.0,0.013254517068206,1.7732090259851867,2.781100842016881,impact_Y_1.0
2017-02-08,-0.0034316593313393,0.0,0.0,-0.0034316593313393,1.7671239766847495,2.771557051360978,impact_Y_1.0
2017-02-15,0.0037447769091151,0.0,0.0,0.0037447769091151,1.7737414617481821,2.7819359142092095,impact_Y_1.0
2017-02-23,-0.0178127074474176,0.0,0.0,-0.0178127074474176,1.7421463240027069,2.7323821036319367,impact_Y_1.0
2017-03-02,-0.0003161634750327,48.447466180579596,0.00048447466180579597,-0.000800638136838496,1.7407514952157572,2.731518224210935,impact_Y_1.0
2017-03-09,-0.0001747748219562,176.3165175279433,0.0017631651752794328,-0.001937939997235633,1.7373780232679308,2.7310408235996286,impact_Y_1.0
2017-03-16,-0.0071702322645388,89.92232613156791,0.0008992232613156792,-0.00806945552585448,1.7233583285775733,2.7114586265704816,impact_Y_1.0
2017-03-23,0.0162269335007255,0.0,0.0,0.0162269335007255,1.751323149573323,2.7554572853938093,impact_Y_1.0
2017-03-30,0.0098671911418459,234.6150156388864,0.002346150156388864,0.007521040985457037,1.764494922760044,2.782645909111982,impact_Y_1.0
2017-04-06,-0.0158500552012241,171.40383407413955,0.0017140383407413956,-0.017564093541965496,1.7335031688823632,2.738540817847097,impact_Y_1.0
2017-04-13,0.0087034988038487,109.66383201521293,0.0010966383201521292,0.007606860483696571,1.7466896856360972,2.7623757045795205,impact_Y_1.0
2017-04-21,0.0171973089042498,125.69960290797657,0.0012569960290797657,0.015940312875170035,1.774532465720969,2.8098811328807693,impact_Y_1.0
2017-04-28,-0.0227988156846828,0.0,0.0,-0.0227988156846828,1.734075227108511,2.745819170836353,impact_Y_1.0
2017-05-05,0.0179135300702416,84.6829186552593,0.000846829186552593,0.017066700883689008,1.763670170319387,2.7950064851205756,impact_Y_1.0
2017-05-12,-0.0068208622523702,0.0,0.0,-0.0068208622523702,1.7516404190290242,2.7759421308910865,impact_Y_1.0
2017-05-19,0.0146715745535639,33.9273654233002,0.00033927365423300204,0.014332300899330897,1.776745456581978,2.8166695728208344,impact_Y_1.0
2017-05-26,0.0161187614201093,0.0,0.0,0.0161187614201093,1.8053843927008861,2.8620707976644146,impact_Y_1.0
2017-06-05,-0.011267198111442,0.0,0.0,-0.011267198111442,1.7850427690810198,2.8298232789781568,impact_Y_1.0
2017-06-12,0.0045446443841511,0.0,0.0,0.0045446443841511,1.7931551536769932,2.842683819451105,impact_Y_1.0
2017-06-19,-0.0205606048501464,0.0,0.0,-0.0205606048501464,1.7562867991272368,2.784236520725466,impact_Y_1.0
2017-06-26,-0.0112974525159767,189.76192526185991,0.0018976192526185991,-0.0131950717685953,1.7331124687665165,2.7527817408393216,impact_Y_1.0
2017-07-03,0.0475824266689398,73.06683616663332,0.0007306683616663332,0.04685175830727347,1.8143118352724872,2.883765776158405,impact_Y_1.0
2017-07-11,0.011617184931924,72.38387727709909,0.0007238387727709908,0.01089334615915301,1.8340757621347585,2.9172670164803907,impact_Y_1.0
2017-07-18,0.011756805278742,60.59824937014478,0.0006059824937014478,0.011150822785040553,1.8545272159326613,2.951564756739247,impact_Y_1.0
2017-07-25,-0.0142739343458231,114.13958946801947,0.0011413958946801946,-0.015415330240503294,1.825939066459058,2.9094343151841056,impact_Y_1.0
2017-08-01,-0.0201640652150636,0.0,0.0,-0.0201640652150636,1.7891207120442452,2.850768291913789,impact_Y_1.0
2017-08-08,-0.0104735389122165,78.14433639633711,0.0007814433639633711,-0.01125498227617987,1.768984190140241,2.820910659278717,impact_Y_1.0
2017-08-15,0.0056537373654317,0.0,0.0,0.0056537373654317,1.778985562154895,2.836859347277626,impact_Y_1.0
2017-08-22,0.010708271795536,124.77776071105542,0.0012477776071105541,0.009460494188425445,1.7958156447269542,2.8672372082139814,impact_Y_1.0
2017-08-29,0.0181680795067792,110.50455091252887,0.0011050455091252886,0.01706303399765391,1.8264577081264488,2.9193294017776084,impact_Y_1.0
2017-09-06,-0.0139022202531135,52.80151353472359,0.0005280151353472359,-0.014430235388460737,1.8001014934711155,2.878744241442706,impact_Y_1.0
2017-09-13,0.008310991138941,0.0,0.0,0.008310991138941,1.8150621210325484,2.902669459324614,impact_Y_1.0
2017-09-20,-0.0147565002600246,181.16782389085006,0.0018116782389085006,-0.0165681784989331,1.7849898478246289,2.8598362166933247,impact_Y_1.0
2017-09-27,0.0238880906673651,312.9812802425679,0.003129812802425679,0.020758277864939424,1.8220431630718683,2.928152243531509,impact_Y_1.0
2017-10-04,0.0119572862295084,80.03913448106084,0.0008003913448106085,0.011156894884697791,1.8423715071176434,2.9631649980309924,impact_Y_1.0
2017-10-11,0.0129908456803918,0.0,0.0,0.0129908456803918,1.8663054710525595,3.0016590172459514,impact_Y_1.0
2017-10-18,0.0026366806187038,0.0,0.0,0.0026366806187038,1.8712263225166645,3.009573433400681,impact_Y_1.0
2017-10-25,0.032218909679839,0.0,0.0,0.032218909679839,1.9315151943923665,3.106538608026261,impact_Y_1.0
2017-11-01,0.0042401707564939,139.3139220106148,0.001393139220106148,0.0028470315363877522,1.9370142790638136,3.119710862185933,impact_Y_1.0
2017-11-08,0.0166022750411739,0.0,0.0,0.0166022750411739,1.969173122883512,3.1715051599688815,impact_Y_1.0
2017-11-15,0.0134776102381383,61.07345325376009,0.000610734532537601,0.0128668757056007,1.994510228698464,3.2142494703831863,impact_Y_1.0
2017-11-22,-0.039905285513533,155.04016982974366,0.0015504016982974367,-0.04145568721183043,1.9118264365167439,3.085983927555823,impact_Y_1.0
2017-11-30,-0.0049617074217868,268.3331398533997,0.002683331398533997,-0.007645038820320797,1.897210449191858,3.0706721781989543,impact_Y_1.0
2017-12-07,2.593784301436206e-05,77.8715211532565,0.0007787152115325649,-0.0007527773685182029,1.89578227210239,3.070751824811861,impact_Y_1.0
2017-12-14,0.0161718876917796,0.0,0.0,0.0161718876917796,1.9264406500948965,3.1204116784520455,impact_Y_1.0
2017-12-21,0.0052235703277351,193.27466249169146,0.0019327466249169146,0.003290823702818185,1.9327802266483012,3.1367113683059253,impact_Y_1.0
2017-12-29,-0.000792537467938,113.30383020276699,0.0011330383020276699,-0.00192557576996567,1.9290585118751984,3.134225407020436,impact_Y_1.0
2018-01-08,0.0080703961577114,26.041837369537298,0.000260418373695373,0.007809977784016027,1.9441244159970106,3.1595198477026547,impact_Y_1.0
2018-01-16,0.0098691490298075,0.0,0.0,0.0098691490298075,1.9633112695909725,3.190701619942267,impact_Y_1.0
2018-01-23,0.0249421192046167,281.8434036576336,0.002818434036576336,0.022123685168040363,2.006746950006269,3.2702844800932307,impact_Y_1.0
2018-01-30,-0.0361967031544876,0.0,0.0,-0.0361967031544876,1.9341093263507185,3.151910963536568,impact_Y_1.0
2018-02-06,0.0308204896878967,259.95089132305543,0.0025995089132305545,0.028220980774666147,1.9886917884657644,3.2490544028854154,impact_Y_1.0
2018-02-13,0.00852069506438,0.0,0.0,0.00852069506438,2.0056368247723175,3.276738604699983,impact_Y_1.0
2018-02-21,0.0138799075587964,0.0,0.0,0.0138799075587964,2.033474878496675,3.322219433627558,impact_Y_1.0
2018-02-28,0.0265163720244268,189.13532072875637,0.0018913532072875638,0.024625018817139237,2.0835492356438357,3.4103126400764068,impact_Y_1.0
2018-03-07,-0.0017591004577742,245.72436184481506,0.0024572436184481508,-0.004216344076222351,2.074764275166611,3.404313557550095,impact_Y_1.0
2018-03-14,-0.0198520427317273,243.28361855662547,0.0024328361855662545,-0.022284878917293555,2.0285284045125964,3.3367309793334123,impact_Y_1.0
2018-03-21,-0.0261645515706879,88.47179915814235,0.0008847179915814234,-0.027049269562269326,1.9736581928842152,3.2494269095471315,impact_Y_1.0
2018-03-28,-0.0257393245681249,137.68078558002279,0.0013768078558002278,-0.027116132423925125,1.920140215966402,3.1657888556618987,impact_Y_1.0
2018-04-05,0.0304828174101248,0.0,0.0,0.0304828174101248,1.9786714995715435,3.2622910193080483,impact_Y_1.0
2018-04-12,0.006625638350922,0.0,0.0,0.006625638350922,1.9917814613429812,3.2839057797974442,impact_Y_1.0
2018-04-19,-0.012449898978295,0.0,0.0,-0.012449898978295,1.9669839833624203,3.243021484584727,impact_Y_1.0
2018-04-26,0.0260712292797431,64.92700017457989,0.0006492700017457989,0.025421959277997303,2.016988570087933,3.3275710412684685,impact_Y_1.0
2018-05-03,0.0149172224737461,0.0,0.0,0.0149172224737461,2.0470764373149377,3.3772091587882653,impact_Y_1.0
2018-05-10,-0.002934434386766,112.30692203791055,0.0011230692203791056,-0.0040575036071451055,2.0387704172864307,3.367298960101416,impact_Y_1.0
2018-05-17,0.0156974238284505,0.0,0.0,0.0156974238284505,2.0707738606154824,3.420156879035228,impact_Y_1.0
2018-05-24,0.0243214319497967,0.0,0.0,0.0243214319497967,2.1211380461498597,3.503339991826312,impact_Y_1.0
2018-06-01,0.0184614611510271,0.0,0.0,0.0184614611510271,2.160297353784821,3.5680167669842535,impact_Y_1.0
2018-06-08,0.0377138233103478,229.23905792510348,0.0022923905792510348,0.03542143273109676,2.236818181181076,3.702580320902656,impact_Y_1.0
2018-06-15,-0.0292371608694695,0.0,0.0,-0.0292371608694695,2.1714199681821307,3.5943273844282935,impact_Y_1.0
2018-06-22,0.0068155210802718,0.0,0.0,0.0068155210802718,2.186219326749399,3.618824598486263,impact_Y_1.0
2018-06-29,0.0306228982249551,38.19774517911306,0.00038197745179113064,0.030240920773163968,2.2523326122023875,3.7296434958596714,impact_Y_1.0
2018-07-09,-0.0196654309191616,0.0,0.0,-0.0196654309191616,2.2080395208101464,3.6562984493387427,impact_Y_1.0
2018-07-16,-0.0048005786274548,73.09955814754855,0.0007309955814754855,-0.0055315742089302854,2.1958255863445344,3.6387461011472513,impact_Y_1.0
2018-07-23,0.0073366004628384,0.0,0.0,0.0073366004628384,2.211935481357622,3.6654421274770796,impact_Y_1.0
2018-07-30,0.0159356196685481,0.0,0.0,0.0159356196685481,2.247184043919904,3.723853219137628,impact_Y_1.0
2018-08-06,0.0127328335637345,93.4198600748162,0.000934198600748162,0.011798634962986339,2.2736977481487624,3.7712684223926844,impact_Y_1.0
2018-08-13,0.0382019115203352,0.0,0.0,0.0382019115203352,2.360557348347527,3.9153380849843638,impact_Y_1.0
2018-08-20,0.037768081797427,0.0,0.0,0.037768081797427,2.449711071367434,4.063212894042635,impact_Y_1.0
2018-08-27,0.018169606895315,0.0,0.0,0.018169606895315,2.494221358541281,4.137039875059364,impact_Y_1.0
2018-09-04,0.0452728855268965,0.0,0.0,0.0452728855268965,2.6071419565852607,4.324335607743133,impact_Y_1.0
2018-09-11,-0.0295444353177343,0.0,0.0,-0.0295444353177343,2.530115419684776,4.196575554087991,impact_Y_1.0
2018-09-18,-0.0043899478535027,0.0,0.0,-0.0043899478535027,2.519008344929017,4.17815280624226,impact_Y_1.0
2018-09-25,-0.0352309530048364,209.381465091166,0.00209381465091166,-0.037324767655748055,2.4249869437316507,4.030952501078514,impact_Y_1.0
2018-10-02,-0.016195202121626,239.23987257894177,0.0023923987257894177,-0.01858760084741542,2.379912254361373,3.9656704105808736,impact_Y_1.0
2018-10-09,0.0464642613400489,0.0,0.0,0.0464642613400489,2.490493119314405,4.149932356926603,impact_Y_1.0
2018-10-16,-0.0571336942216912,0.0,0.0,-0.0571336942216912,2.3482020469742695,3.912831390605256,impact_Y_1.0
2018-10-23,0.0036280075776699,0.0,0.0,0.0036280075776699,2.356721341794592,3.927027172540516,impact_Y_1.0
2018-10-30,0.014839447546916,245.69386403202265,0.0024569386403202266,0.012382508906595775,2.385903464799728,3.985302086282745,impact_Y_1.0
2018-11-06,-0.0106685701445676,0.0,0.0,-0.0106685701445676,2.3604492863273454,3.942784611427946,impact_Y_1.0
2018-11-13,-0.0104879464745019,0.0,0.0,-0.0104879464745019,2.335693020556568,3.9014328974628,impact_Y_1.0
2018-11-20,0.0003194192549445,67.89510176727973,0.0006789510176727973,-0.00035953176272829725,2.334853264727695,3.9026790902521236,impact_Y_1.0
2018-11-28,-0.0052140082359812,120.69995256975872,0.0012069995256975873,-0.006421007761678787,2.319861153792498,3.8823304893331576,impact_Y_1.0
2018-12-06,-0.0018231720826421,0.0,0.0,-0.0018231720826421,2.3156316477012973,3.875252332769415,impact_Y_1.0
2018-12-13,-0.0194635209589355,0.0,0.0,-0.0194635209589355,2.2705613025930886,3.7998262777693936,impact_Y_1.0
2018-12-20,0.0035810881876392,48.40187462046884,0.0004840187462046884,0.0030970694414345114,2.2775933886182536,3.8134337907677947,impact_Y_1.0
2018-12-28,-0.0026228221621188,40.774230906296914,0.0004077423090629691,-0.0030305644711817693,2.270690995014909,3.803431832107596,impact_Y_1.0
2019-01-07,-0.0040336346662182,180.4885743363281,0.001804885743363281,-0.005838520409581481,2.2574335192966615,3.788090177619009,impact_Y_1.0
2019-01-14,-0.0014480997693417,152.65462985447328,0.001526546298544733,-0.0029746460678864326,2.2507184535549705,3.782604645106553,impact_Y_1.0
2019-01-22,0.0017372272293807,89.13625670933354,0.0008913625670933353,0.0008458646622873647,2.2526222567595906,3.789175888894014,impact_Y_1.0
2019-01-29,0.007494845609683,159.2943628265206,0.001592943628265206,0.0059019019814177945,2.2659170125201458,3.8175751771692084,impact_Y_1.0
2019-02-05,0.0049816123352768,173.15523002315592,0.0017315523002315591,0.003250060035045241,2.273281378845266,3.8365928567626413,impact_Y_1.0
2019-02-12,-0.0031233288856244,127.25636812248486,0.0012725636812248487,-0.004395892566849248,2.2632882781296435,3.8246099154707345,impact_Y_1.0
2019-02-20,-0.0113981130677636,362.18511474318973,0.003621851147431897,-0.015019964215195497,2.2292937691834647,3.7810165792141093,impact_Y_1.0
2019-02-27,-0.0066902313557907,171.62032161494824,0.0017162032161494823,-0.008406434571940184,2.21055335697119,3.7557207035390863,impact_Y_1.0
2019-03-06,0.0330789537561772,56.706574579182345,0.0005670657457918234,0.032511888010385376,2.2824226201540188,3.8799560150125734,impact_Y_1.0
2019-03-13,0.0201103425333118,0.0,0.0,0.0201103425333118,2.328322920851095,3.9579832594886595,impact_Y_1.0
2019-03-20,-0.0076547994415407,0.0,0.0,-0.0076547994415407,2.3105000758568375,3.927685691444298,impact_Y_1.0
2019-03-27,0.0240690789338089,0.0,0.0,0.0240690789338089,2.366111684559207,4.022221468378863,impact_Y_1.0
2019-04-03,-0.0039781570368252,310.5356407788704,0.003105356407788704,-0.007083513444613904,2.349351300630174,4.006220439740762,impact_Y_1.0
2019-04-10,-0.0070789088327832,0.0,0.0,-0.0070789088327832,2.3327204569568325,3.9778607704838045,impact_Y_1.0
2019-04-17,0.0165953309406466,186.8894954587483,0.0018688949545874831,0.014726435986059118,2.367073115439578,4.043874686405799,impact_Y_1.0
2019-04-25,0.0062296365045009,0.0,0.0,0.0062296365045009,2.381819120528343,4.069066555771859,impact_Y_1.0
2019-05-02,-0.0302799953947755,0.0,0.0,-0.0302799953947755,2.3096976485275564,3.945855239202052,impact_Y_1.0
2019-05-09,-0.0112315071016225,82.56305196084423,0.0008256305196084424,-0.012057137621230942,2.2818493061158263,3.90153733806098,impact_Y_1.0
2019-05-16,-0.0338708881377803,0.0,0.0,-0.0338708881377803,2.2045610435211054,3.7693888033181433,impact_Y_1.0
2019-05-23,0.0047185665963073,196.90040636068517,0.001969004063606852,0.002749562532700448,2.2106226219674223,3.7871749154139747,impact_Y_1.0
2019-05-31,0.0656538171465755,0.0,0.0,0.0656538171465755,2.355758435370155,4.035817404812661,impact_Y_1.0
2019-06-07,-0.0279163215699877,192.35735232222046,0.0019235735232222047,-0.029839895093209903,2.285462850793765,3.923152228342158,impact_Y_1.0
2019-06-14,0.0100295906856988,294.7042561609549,0.002947042561609549,0.00708254812408925,2.3016497514203302,3.962499839390117,impact_Y_1.0
2019-06-21,0.0112981963933125,393.2447191201753,0.003932447191201754,0.007365749202110747,2.3186031262403928,4.007268940784016,impact_Y_1.0
2019-06-28,-0.0060375975618609,104.5614125466343,0.001045614125466343,-0.007083211687327244,2.3021799694783334,3.9830746635974172,impact_Y_1.0
2019-07-08,0.0078573212660641,0.0,0.0,0.0078573212660641,2.3202689371108227,4.014370960856023,impact_Y_1.0
2019-07-15,0.0080238007707714,40.75611134475202,0.00040756111344752023,0.007616239657323879,2.3379406614053027,4.046581473665902,impact_Y_1.0
2019-07-22,0.0098072554829284,197.7278313786884,0.001977278313786884,0.007829977169141515,2.356246683406914,4.086267332010628,impact_Y_1.0
2019-07-29,-0.0143326393999839,288.61202210251514,0.0028861202210251516,-0.01721875962100905,2.31567503815753,4.027700335848985,impact_Y_1.0
2019-08-05,0.0175907807538941,58.50260859577973,0.0005850260859577973,0.0170057546679363,2.355054839747101,4.098550729399291,impact_Y_1.0
2019-08-12,0.0029466581263267,270.1217012698729,0.0027012170126987293,0.00024544111362797064,2.3556328670296236,4.110627757212237,impact_Y_1.0
2019-08-19,0.0066063261082253,28.90663473464125,0.0002890663473464125,0.006317259760878888,2.3705140117519137,4.137783904685904,impact_Y_1.0
2019-08-26,0.0054618031287728,94.69208187944416,0.0009469208187944416,0.0045148823099783585,2.3812166035291282,4.160383665762703,impact_Y_1.0
2019-09-03,-0.0377105554296697,0.0,0.0,-0.0377105554296697,2.2914196028116933,4.0034932869262665,impact_Y_1.0
2019-09-10,0.0096872483496915,232.52117899139205,0.0023252117899139205,0.00736203655977758,2.308289117701384,4.042276120663044,impact_Y_1.0
2019-09-17,-0.0020386511048026,0.0,0.0,-0.0020386511048026,2.303583321541378,4.0340353299837375,impact_Y_1.0
2019-09-24,-0.0456291399428322,50.416230167663464,0.0005041623016766347,-0.04613330224450884,2.1973114159233003,3.8499657673775802,impact_Y_1.0
2019-10-01,0.0119223573478883,46.97369394393217,0.0004697369394393217,0.011452620408448978,2.2224763894890214,3.895866435033393,impact_Y_1.0
2019-10-08,0.0100988731738925,64.455998272037,0.00064455998272037,0.00945431319117213,2.243488377335236,3.93521029606322,impact_Y_1.0
2019-10-15,0.0001260784466399,244.7299646265647,0.002447299646265647,-0.002321221199625747,2.2382807445526516,3.935706441264549,impact_Y_1.0
2019-10-22,0.0165816991468864,373.6627741284517,0.003736627741284517,0.012845071405601883,2.2670316205422143,4.00096714140406,impact_Y_1.0
2019-10-29,0.0008478840818921,181.62613039588308,0.0018162613039588308,-0.0009683772220667308,2.264836278759176,4.004359497755431,impact_Y_1.0
2019-11-05,-0.0040130338698042,247.47388460775812,0.002474738846077581,-0.006487772715881781,2.2501425357439033,3.988289867464066,impact_Y_1.0
2019-11-12,0.0158285088271964,220.27377532711003,0.0022027377532711,0.0136257710739253,2.2808024628196515,4.051418548836638,impact_Y_1.0
2019-11-19,-0.0018342611293164,161.96139517237077,0.0016196139517237077,-0.0034538750810401077,2.2729248560285438,4.043987189273916,impact_Y_1.0
2019-11-26,-0.0003361208684559,18.405064299821284,0.00018405064299821284,-0.0005201715114541128,2.2717425452707616,4.042627920787833,impact_Y_1.0
2019-12-04,0.0004877126102726,45.91639411359713,0.0004591639411359713,2.8548669136628686e-05,2.27180740049705,4.044599561403442,impact_Y_1.0
2019-12-11,0.0140353094776059,87.70169674124526,0.0008770169674124525,0.013158292510193449,2.3017005067996124,4.101366767960728,impact_Y_1.0
2019-12-18,0.0157696559809785,0.0,0.0,0.0157696559809785,2.337997531963086,4.166043910943287,impact_Y_1.0
2019-12-26,0.0033334550264383,264.25989132615814,0.0026425989132615813,0.0006908561131767185,2.339612751850635,4.179931230958584,impact_Y_1.0
2020-01-03,0.0052090568471211,155.95391693851818,0.0015595391693851819,0.0036495176777359183,2.3481512099475705,4.2017047303577035,impact_Y_1.0
2020-01-10,-0.0047717603431352,255.65928689542014,0.0025565928689542015,-0.007328353212089401,2.33094312848568,4.181655202351819,impact_Y_1.0
2020-01-17,-0.0063193115875612,211.06555055563797,0.0021106555055563797,-0.00842996709311758,2.311293354616617,4.155230020176412,impact_Y_1.0
2020-01-27,0.0096659787261365,0.0,0.0,0.0096659787261365,2.3336342670122017,4.195394385153641,impact_Y_1.0
2020-02-03,0.0195504593984608,51.479642121381225,0.0005147964212138123,0.019035662977246987,2.378056542431201,4.277416272741117,impact_Y_1.0
2020-02-10,0.0443953593140367,0.0,0.0,0.0443953593140367,2.4836312171015296,4.467313705105167,impact_Y_1.0
2020-02-18,-0.0639963494849739,121.49556653873086,0.0012149556653873086,-0.0652113051503612,2.3216703839221586,4.181421935974243,impact_Y_1.0
2020-02-25,0.0250137918920476,236.42753588858267,0.0023642753588858268,0.022649516533161773,2.3742550956673556,4.286015154093546,impact_Y_1.0
2020-03-03,-0.0590891783224374,0.0,0.0,-0.0590891783224374,2.2339623129365114,4.032758040360643,impact_Y_1.0
2020-03-10,-0.0448041473840123,198.17502799439026,0.0019817502799439027,-0.0467858976639562,2.1294443807783288,3.8520737547562645,impact_Y_1.0
2020-03-17,-0.0295933182099501,168.34674143338745,0.0016834674143338744,-0.03127678562428397,2.062842205381889,3.7380781103635647,impact_Y_1.0
2020-03-24,0.0245630053791198,0.0,0.0,0.0245630053791198,2.11351180956896,3.8298965430959946,impact_Y_1.0
2020-03-31,0.0065277063112921,140.57654361439606,0.0014057654361439606,0.00512194087514814,2.1243370920964995,3.854896982931958,impact_Y_1.0
2020-04-07,0.0093176018367052,168.3090737915365,0.0016830907379153648,0.007634511098789835,2.1405553672036812,3.890815378140434,impact_Y_1.0
2020-04-15,0.0086691679724858,156.75789037925577,0.0015675789037925577,0.007101589068693242,2.1557567118003473,3.924545510203464,impact_Y_1.0
2020-04-22,0.0034685731144822,0.0,0.0,0.0034685731144822,2.163234111572262,3.9381580832467176,impact_Y_1.0
2020-04-29,0.0234539717285713,0.0,0.0,0.0234539717285713,2.2139705432673593,4.030523531593831,impact_Y_1.0
2020-05-06,0.0023982531234088,0.0,0.0,0.0023982531234088,2.2192802050378853,4.040189747242448,impact_Y_1.0
2020-05-13,-0.0087632131788756,0.0,0.0,-0.0087632131788756,2.1998321794974793,4.004784703204255,impact_Y_1.0
2020-05-20,0.0143936109345603,48.79561100689252,0.0004879561100689252,0.013905654824491374,2.23042228645738,4.062428016098855,impact_Y_1.0
2020-05-28,-0.0103555427634024,129.4449055878109,0.001294449055878109,-0.011649991819280508,2.2044378850666106,4.0203593690548995,impact_Y_1.0
2020-06-04,-0.0120125156798665,292.41870460964196,0.0029241870460964196,-0.01493670272596292,2.1715108516995203,3.9720647390954293,impact_Y_1.0
2020-06-11,0.0089279484395781,207.52097899151178,0.002075209789915118,0.006852738649662982,2.1863916480411243,4.00752712828474,impact_Y_1.0
2020-06-18,-0.0164152934645702,485.03265211796315,0.004850326521179632,-0.021265619985749832,2.1398966741138645,3.94174239440672,impact_Y_1.0
2020-06-25,0.0149125646065108,188.39867716751152,0.0018839867716751151,0.013028577834835684,2.1677764844910627,4.000523882525532,impact_Y_1.0
2020-07-02,-0.0140254135700471,256.93077707010406,0.0025693077707010406,-0.01659472134074814,2.131802837801907,3.9444148805762613,impact_Y_1.0
2020-07-10,0.0284137158580707,136.85646659521052,0.0013685646659521052,0.027045151192118595,2.189457767862047,4.056490364219301,impact_Y_1.0
2020-07-17,0.0133372037235766,0.0,0.0,0.0133372037235766,2.2186590121561904,4.11059260260962,impact_Y_1.0
2020-07-24,0.0337826486999817,0.0,0.0,0.0337826486999817,2.2936111901489116,4.249459308452324,impact_Y_1.0
2020-07-31,-0.007275089384641,65.23658533745188,0.0006523658533745189,-0.007927455238015519,2.2754286901055947,4.2185441121469385,impact_Y_1.0
2020-08-07,-0.0404961063430023,184.3474601639249,0.001843474601639249,-0.04233958094464155,2.1790879928971094,4.04770950116879,impact_Y_1.0
2020-08-14,-0.0030863633978952,177.32313256089105,0.0017732313256089106,-0.004859594723504111,2.1684985083847756,4.03521679871907,impact_Y_1.0
2020-08-21,0.024577127221532,172.07284964883806,0.0017207284964883805,0.02285639872504362,2.2180625749270804,4.134390835347651,impact_Y_1.0
2020-08-28,-0.0567223473744756,0.0,0.0,-0.0567223473744756,2.092248859053743,3.8998784822032135,impact_Y_1.0
2020-09-04,0.0341954127715292,257.4896667909395,0.002574896667909395,0.03162051610361981,2.158406847794232,4.033236436660957,impact_Y_1.0
2020-09-14,-0.019915392442473,0.0,0.0,-0.019915392442473,2.1154213283698886,3.9529129502115725,impact_Y_1.0
2020-09-21,0.0179509132216485,0.0,0.0,0.0179509132216485,2.1533950730626805,4.023871347553551,impact_Y_1.0
2020-09-28,0.0144039577294026,0.0,0.0,0.0144039577294026,2.1844124846697794,4.081831020352267,impact_Y_1.0
2020-10-05,0.0292997170266463,0.0,0.0,0.0292997170266463,2.248415152340077,4.201427514199175,impact_Y_1.0
2020-10-12,-0.0105986442516109,185.61353395733622,0.0018561353395733621,-0.012454779591184262,2.2204116371882026,4.156898078627248,impact_Y_1.0
2020-10-19,-0.0146421784579958,532.9556778871593,0.005329556778871592,-0.01997173523686739,2.1760661638534207,4.096032035128288,impact_Y_1.0
2020-10-26,-0.017413454308951,251.90199957156554,0.0025190199957156553,-0.019932474304666655,2.132691780957158,4.024705968436582,impact_Y_1.0
2020-11-02,0.0277646292659847,210.6662388033861,0.002106662388033861,0.025657966877950838,2.187412316033835,4.13645043755482,impact_Y_1.0
2020-11-09,0.0383847405688685,277.31239616881425,0.0027731239616881425,0.03561161660718036,2.265309604794256,4.295227014476344,impact_Y_1.0
2020-11-16,0.0451917500325635,196.07920273623773,0.0019607920273623774,0.043230958005201124,2.3632411091878947,4.489335840047674,impact_Y_1.0
2020-11-23,0.0399094920813042,223.9004216283539,0.002239004216283539,0.037670487865020655,2.452265554713675,4.668502953206371,impact_Y_1.0
2020-12-01,0.0019425213449522,187.95071081628154,0.0018795071081628154,6.301423678938467e-05,2.4524200823560105,4.677571619841947,impact_Y_1.0
2020-12-08,0.0087255495564175,311.02826255569244,0.003110282625556924,0.005615266930860575,2.466191075745043,4.7183860028145705,impact_Y_1.0
2020-12-15,0.0102795547273262,162.1082481176567,0.001621082481176567,0.008658472246149634,2.4875445227280832,4.766888909955153,impact_Y_1.0
2020-12-22,0.0264523860865336,311.13946434345564,0.0031113946434345565,0.023340991443099045,2.5456062781474076,4.892984495832901,impact_Y_1.0
2020-12-30,0.0736841946890247,101.8406316916167,0.0010184063169161668,0.07266578837210853,2.730584765233978,5.253520118034232,impact_Y_1.0
2021-01-07,0.0133346626984316,108.60502304033537,0.0010860502304033536,0.012248612468028245,2.7640306398344308,5.323574036787644,impact_Y_1.0
2021-01-14,0.0044632765215893,169.5711477308208,0.001695711477308208,0.002767565044281092,2.7716802744145586,5.347334619796981,impact_Y_1.0
2021-01-22,0.0087107535940818,0.0,0.0,0.0087107535940818,2.795823698326561,5.393913934055136,impact_Y_1.0
2021-01-29,0.1239178901819779,0.0,0.0,0.1239178901819779,3.1422762723439632,6.062316368586421,impact_Y_1.0
2021-02-05,0.019963713349772,0.0,0.0,0.019963713349772,3.2050077751108286,6.183342714804511,impact_Y_1.0
2021-02-12,-0.0090473049743805,0.0,0.0,-0.0090473049743805,3.17601109232414,6.12740012750256,impact_Y_1.0
2021-02-22,0.0324999618478703,0.0,0.0,0.0324999618478703,3.279231331653087,6.326540397873029,impact_Y_1.0
2021-03-01,-0.006742069583529,0.0,0.0,-0.006742069583529,3.2571225258345935,6.283886422287562,impact_Y_1.0
2021-03-08,0.0478856917218386,268.13930239018777,0.0026813930239018777,0.04520429869793672,3.4043584653881984,6.584794670320272,impact_Y_1.0
2021-03-15,-0.0347968447061176,0.0,0.0,-0.0347968447061176,3.2858975325441286,6.355664592755467,impact_Y_1.0
2021-03-22,-0.0774961562930273,0.0,0.0,-0.0774961562930273,3.031253103799216,5.86312501612923,impact_Y_1.0
2021-03-29,0.0155731776769003,156.30423215894865,0.0015630423215894865,0.014010135355310814,3.073721370079649,5.95443250374729,impact_Y_1.0
2021-04-06,-0.0087609849512024,122.70734121437229,0.001227073412143723,-0.009988058363346122,3.043020861642629,5.90226581018901,impact_Y_1.0
2021-04-13,-0.0215115723328429,153.92884997727046,0.0015392884997727045,-0.023050860832615604,2.972876611250159,5.775298792285463,impact_Y_1.0
2021-04-20,0.0109403851114068,273.6708927284654,0.002736708927284654,0.008203676184122146,2.9972651283042056,5.838482785206509,impact_Y_1.0
2021-04-27,-0.0154350891850435,162.02170880638306,0.0016202170880638305,-0.01705530627310733,2.946145853559273,5.748365282711505,impact_Y_1.0
2021-05-04,-0.0326992246227427,320.7580619510207,0.003207580619510207,-0.035906805242252905,2.8403591681802496,5.5603981951185455,impact_Y_1.0
2021-05-11,0.0140118790875585,310.00950888022146,0.0031000950888022145,0.010911783998756286,2.8713525539023195,5.638309822307225,impact_Y_1.0
2021-05-18,0.0138751943023062,0.0,0.0,0.0138751943023062,2.911193128498137,5.716542466628339,impact_Y_1.0
2021-05-25,0.0376502550760062,312.10782107898797,0.0031210782107898797,0.034529176865216324,3.0117142309208513,5.931771748649719,impact_Y_1.0
2021-06-02,0.0011494337249536,172.96208634180846,0.0017296208634180845,-0.0005801871384644845,3.0099668730593403,5.938589927146343,impact_Y_1.0
2021-06-09,-0.0139773581546579,70.21707603941854,0.0007021707603941855,-0.014679528915052085,2.9657819773129166,5.855584128800975,impact_Y_1.0
2021-06-16,-0.0008004271117576,0.0,0.0,-0.0008004271117576,2.963408085010713,5.8508971605091045,impact_Y_1.0
2021-06-23,0.0064710861910117,72.13231560432065,0.0007213231560432065,0.005749763034968494,2.9804469792754347,5.888758820329505,impact_Y_1.0
2021-06-30,-0.0144672597679172,0.0,0.0,-0.0144672597679172,2.937328078601753,5.803564616765184,impact_Y_1.0
2021-07-08,-0.0206844859712923,181.38704769646097,0.0018138704769646097,-0.022498356448256908,2.8712430244838973,5.683520865866217,impact_Y_1.0
2021-07-15,0.0196256218658774,0.0,0.0,0.0196256218658774,2.927592954367457,5.795063497246532,impact_Y_1.0
2021-07-22,0.0058825970632172,181.4447187181824,0.001814447187181824,0.004068149876035376,2.9395028412818487,5.829153520756591,impact_Y_1.0
2021-07-29,0.009441134274599,164.03417467307918,0.0016403417467307918,0.007800792527868208,2.9624332930817676,5.884187341853306,impact_Y_1.0
2021-08-05,-0.0084085121956076,137.99336990375394,0.0013799336990375395,-0.009788445894645139,2.933435675075941,5.834710080828093,impact_Y_1.0
2021-08-12,-0.0070377132319204,209.68748192450118,0.002096874819245012,-0.009134588051165411,2.9066399486095302,5.79364706448783,impact_Y_1.0
2021-08-19,0.0213277920018495,55.106216961615154,0.0005510621696161516,0.02077672983223335,2.9670304215413674,5.917212764011353,impact_Y_1.0
2021-08-26,0.0067356491802769,0.0,0.0,0.0067356491802769,2.987015297568079,5.95706903331479,impact_Y_1.0
2021-09-02,-0.0209738989446163,239.53689590808486,0.0023953689590808487,-0.023369267903697147,2.917210936846769,5.832126069403942,impact_Y_1.0
2021-09-10,-0.0238137628439008,250.10205255352534,0.0025010205255352534,-0.026314783369436053,2.840445163000697,5.693241202311425,impact_Y_1.0
2021-09-17,0.0092369379892223,71.11500818582843,0.0007111500818582843,0.008525787907364015,2.8646621960229384,5.745829318254861,impact_Y_1.0
2021-09-24,-0.0425034836449299,211.32885722160552,0.002113288572216055,-0.04461677221714596,2.736850215343914,5.501611555799856,impact_Y_1.0
2021-10-01,-0.0011192443419277,195.02455130655426,0.0019502455130655425,-0.0030694898549932428,2.72844948137328,5.495453908194544,impact_Y_1.0
2021-10-08,0.0575724675936534,472.62162307353316,0.004726216230735332,0.05284625136291807,2.8726378084969553,5.81184075023649,impact_Y_1.0
2021-10-15,0.0105234370767211,0.0,0.0,0.0105234370767211,2.902867831718883,5.873001290671527,impact_Y_1.0
2021-10-22,-0.0040465282653344,163.2898509662429,0.001632898509662429,-0.005679426774996829,2.886381206431142,5.84923602494648,impact_Y_1.0
2021-10-29,0.0661610312806597,0.0,0.0,0.0661610312806597,3.077347163717741,6.236227512560926,impact_Y_1.0
2021-11-05,-0.006166287189302,56.56595013154594,0.0005656595013154593,-0.006731946690617459,3.0566306266630705,6.197773142740648,impact_Y_1.0
2021-11-12,-0.0022798680319987,0.0,0.0,-0.0022798680319987,3.0496619122117132,6.183643037882933,impact_Y_1.0
2021-11-19,-0.0001801563315937,184.19942129773645,0.0018419942129773645,-0.0020221505445710644,3.0434950367151767,6.182529015437343,impact_Y_1.0
2021-11-29,-0.0027553210213272,0.0,0.0,-0.0027553210213272,3.03510923086221,6.165494163276143,impact_Y_1.0
2021-12-06,-0.0421916385735957,389.0026720460946,0.0038900267204609457,-0.04608166529405665,2.895246343154716,5.905361861911582,impact_Y_1.0
2021-12-13,0.013273249066469,311.44653902434277,0.0031144653902434277,0.010158783676225571,2.924658524444208,5.983745200732362,impact_Y_1.0
2021-12-20,0.0175236107346058,165.474129504443,0.00165474129504443,0.015868869439561367,2.971069548723914,6.088602022365062,impact_Y_1.0
2021-12-28,-0.0350108071134769,233.84750291811008,0.0023384750291811007,-0.037349282142658,2.8601022338831648,5.875435151369313,impact_Y_1.0
2022-01-04,0.0008911356200889,171.47489843400177,0.0017147489843400178,-0.0008236133642511178,2.857746615460214,5.880670960916221,impact_Y_1.0
2022-01-11,-0.0772100251849313,197.427480092178,0.00197427480092178,-0.07918429998585308,2.631457950178056,5.426624207919585,impact_Y_1.0
2022-01-19,-0.0396458539974517,168.63414473658324,0.0016863414473658324,-0.04133219544481753,2.5226940158764775,5.211481056873368,impact_Y_1.0
2022-01-26,0.0038838718491325,405.8701430515086,0.004058701430515086,-0.00017482958138258578,2.5222529743377256,5.231721781442446,impact_Y_1.0
2022-02-02,0.0468820219677203,256.6506732001137,0.0025665067320011373,0.044315515235719166,2.6340279144503267,5.476995476929032,impact_Y_1.0
2022-02-09,-0.0016390196979406,206.00036892477004,0.0020600036892477005,-0.0036990233871883006,2.624284583592268,5.468018573456813,impact_Y_1.0
2022-02-16,0.0067351444841202,0.0,0.0,0.0067351444841202,2.6419595194302112,5.504846468590897,impact_Y_1.0
2022-02-24,0.005200345187275,112.75817513185913,0.0011275817513185914,0.004072763435956408,2.652719595560223,5.533473570430522,impact_Y_1.0
2022-03-03,-0.0151768039810013,113.71324292994596,0.0011371324292994596,-0.01631393641030076,2.609443296763895,5.449493126718047,impact_Y_1.0
2022-03-10,-0.0059780252437489,55.24248211894748,0.0005524248211894747,-0.006530450064938375,2.5924024576170903,5.41691591924089,impact_Y_1.0
2022-03-17,0.0216416225480556,0.0,0.0,0.0216416225480556,2.648506253097491,5.534146768939655,impact_Y_1.0
2022-03-24,0.0065704969808792,130.12395865823987,0.0013012395865823988,0.005269257394296801,2.6624619142554664,5.570508863576716,impact_Y_1.0
2022-03-31,0.0013675788806581,0.0,0.0,0.0013675788806581,2.666103040939959,5.578126973853063,impact_Y_1.0
2022-04-07,-0.0019947033559708,0.0,0.0,-0.0019947033559708,2.660784956256832,5.567000265258287,impact_Y_1.0
2022-04-14,-0.0331203848779266,244.38035735879205,0.0024438035735879207,-0.035564188451514524,2.566156298643559,5.382619073857413,impact_Y_1.0
2022-04-22,-0.0083147763174868,93.95164745664168,0.0009395164745664168,-0.009254292792053217,2.5424083369057398,5.33786380025605,impact_Y_1.0
2022-04-29,-0.013289280040554,123.0957400334973,0.0012309574003349728,-0.014520237440888973,2.505491964182173,5.266927433396112,impact_Y_1.0
2022-05-06,0.014490154703869,28.449386693743207,0.0002844938669374321,0.014205660836931568,2.5410841332550027,5.343246026720073,impact_Y_1.0
2022-05-13,0.00397355446313,90.37469190463362,0.0009037469190463362,0.0030698075440836643,2.54888477249742,5.364477705817149,impact_Y_1.0
2022-05-20,-0.0001871168270153,0.0,0.0,-0.0001871168270153,2.5484078332663627,5.363473921770241,impact_Y_1.0
2022-05-27,0.0109066652696587,50.56243705246504,0.0005056243705246504,0.010401040899134049,2.5749139273678394,5.421971536517534,impact_Y_1.0
2022-06-06,-0.0272566950713317,103.74109018882368,0.0010374109018882367,-0.028294105973219935,2.502059039834974,5.274186511661235,impact_Y_1.0
2022-06-13,-0.015282361408617,68.61631058804076,0.0006861631058804076,-0.015968524514497408,2.4621048487206494,5.193584487253575,impact_Y_1.0
2022-06-21,0.0071206486435033,249.3069266828505,0.002493069266828505,0.004627579376674795,2.4734984343418,5.230566177587657,impact_Y_1.0
2022-06-28,0.006342869470808,0.0,0.0,0.006342869470808,2.4891875120470783,5.263742976110519,impact_Y_1.0
2022-07-06,-0.0055344667689865,0.0,0.0,-0.0055344667689865,2.4754111864798776,5.234610965528749,impact_Y_1.0
2022-07-13,0.0014342230380195,0.0,0.0,0.0014342230380195,2.4789614782320983,5.24211856517058,impact_Y_1.0
2022-07-20,0.0012339243239748,168.00792661255974,0.0016800792661255974,-0.0004461549421507973,2.4778554773171835,5.248586942777304,impact_Y_1.0
2022-07-27,0.0051938233311138,142.54549963159008,0.0014254549963159007,0.003768368334797899,2.4871929494361114,5.27584717609608,impact_Y_1.0
2022-08-03,0.0029386546619038,109.14039707777772,0.0010914039707777773,0.0018472506911260229,2.491787418330921,5.291351068995607,impact_Y_1.0
2022-08-10,0.0014602103871556,71.07968234767556,0.0007107968234767556,0.0007494135636788445,2.4936547976200223,5.299077554788641,impact_Y_1.0
2022-08-17,-0.0123895706801279,178.28722967533244,0.0017828722967533244,-0.014172442976881224,2.458313617196726,5.233424258884108,impact_Y_1.0
2022-08-24,-0.0276602563698397,270.8162899448098,0.002708162899448098,-0.0303684192692878,2.3836585185742964,5.088666402191236,impact_Y_1.0
2022-08-31,0.0189387367605641,76.1909763373904,0.000761909763373904,0.018176826997190195,2.4269858670868003,5.185039315644662,impact_Y_1.0
2022-09-08,-0.0130127708809707,70.09350626835726,0.0007009350626835726,-0.013713705943654274,2.3937028965761673,5.117567587021353,impact_Y_1.0
2022-09-15,-0.0277169892885842,129.58662444627794,0.0012958662444627793,-0.02901285553304698,2.324254740248767,4.975724021028276,impact_Y_1.0
2022-09-22,0.0016512009283962,74.0846574163751,0.0007408465741637509,0.0009103543542324491,2.3263706356718976,4.983939941151241,impact_Y_1.0
2022-09-29,0.0162044496349396,25.261006072968527,0.0002526100607296853,0.015951839574209915,2.3634805268422885,5.06470194491119,impact_Y_1.0
2022-10-06,-0.0204223106021809,84.86514401531686,0.0008486514401531685,-0.02127096204233407,2.3132070222680303,4.961269028684743,impact_Y_1.0
2022-10-13,0.0351393387163132,105.09509414878094,0.0010509509414878095,0.034088387774825396,2.3920605202465524,5.135604741546451,impact_Y_1.0
2022-10-20,-0.0026259923731299,0.0,0.0,-0.0026259923731299,2.38577898756432,5.12211868266374,impact_Y_1.0
2022-10-27,-0.0006335947195965,97.59505019543934,0.0009759505019543934,-0.0016095452215508935,2.3819389683952092,5.118873335313258,impact_Y_1.0
2022-11-03,0.0127714123087568,92.36882694912173,0.0009236882694912173,0.011847724039265584,2.410159523971129,5.184248577234844,impact_Y_1.0
2022-11-10,-0.0007615249090856,0.0,0.0,-0.0007615249090856,2.408324127458755,5.180300642808388,impact_Y_1.0
2022-11-17,0.0084097744806587,54.65271258532808,0.0005465271258532808,0.00786324735480542,2.4272613757835093,5.223865802956417,impact_Y_1.0
2022-11-25,-0.0028174006460616,0.0,0.0,-0.0028174006460616,2.4204228080152164,5.209148080068228,impact_Y_1.0
2022-12-02,-0.0050341124336374,223.99948618234913,0.0022399948618234914,-0.007274107295460891,2.402816392809333,5.182924642949699,impact_Y_1.0
2022-12-09,-0.0031968655265805,132.10121309269783,0.0013210121309269783,-0.004517877657507478,2.3919607623131673,5.1663555298317885,impact_Y_1.0
2022-12-16,0.0111245975458388,135.33453795583463,0.0013533453795583463,0.009771252166280452,2.415333214093578,5.223829155879885,impact_Y_1.0
2022-12-23,0.0058006088358509,0.0,0.0,0.0058006088358509,2.429343617276773,5.254130545438458,impact_Y_1.0
2023-01-03,0.0049691048244625,0.0,0.0,0.0049691048244625,2.44141528036566,5.280238870880152,impact_Y_1.0
2023-01-10,0.008766275055343,130.75087616349688,0.0013075087616349688,0.0074587662937080305,2.459625226367795,5.326526897180201,impact_Y_1.0
2023-01-18,0.0289701083463765,141.44577201591372,0.0014144577201591372,0.02755565062621736,2.527401799777017,5.480836958501399,impact_Y_1.0
2023-01-25,0.0012518665923864,174.45246395562015,0.0017445246395562015,-0.0004926580471698015,2.5261566549419254,5.487698235188064,impact_Y_1.0
2023-02-01,-0.0040646197830698,281.78832585260733,0.002817883258526073,-0.006882503041595873,2.50877037408074,5.465392828377801,impact_Y_1.0
2023-02-08,0.018307241856389,288.82496320988025,0.0028882496320988024,0.015418992224290197,2.5474530849712207,5.565449096727087,impact_Y_1.0
2023-02-15,-0.0192932351578837,26.530623328508725,0.00026530623328508725,-0.019558541391168787,2.4976286183667504,5.4580735785447,impact_Y_1.0
2023-02-23,0.0061465311483938,0.0,0.0,0.0061465311483938,2.512980370466661,5.49162179780545,impact_Y_1.0
2023-03-02,-0.0594727461848084,277.7648277093595,0.002777648277093595,-0.06225039446190199,2.356546351130095,5.165019968481605,impact_Y_1.0
2023-03-09,0.000146070720566,266.76011649218304,0.0026676011649218304,-0.0025215304443558305,2.3506042477621847,5.165774426670139,impact_Y_1.0
2023-03-16,0.014218738777674,262.47360962744165,0.0026247360962744163,0.011594002681399583,2.377857159713649,5.239225223827351,impact_Y_1.0
2023-03-23,0.0080718057148136,293.89332236527304,0.0029389332236527304,0.00513287249116087,2.390062397316653,5.2815152319302365,impact_Y_1.0
2023-03-30,-0.0008927381231828,198.9993045982947,0.0019899930459829473,-0.0028827311691657473,2.383172489947657,5.276800221934522,impact_Y_1.0
2023-04-06,-0.0135673078103452,0.0,0.0,-0.0135673078103452,2.3508392552113904,5.205208249069838,impact_Y_1.0
2023-04-14,-0.0225202202455719,195.48624167695007,0.0019548624167695008,-0.0244750826623414,2.2933022701142143,5.087985812876718,impact_Y_1.0
2023-04-21,0.0269102463666443,83.03758969740448,0.0008303758969740449,0.026079870469670256,2.3531112962665937,5.224904764611222,impact_Y_1.0
2023-04-28,0.0400220107241935,177.02130014018115,0.0017702130014018115,0.03825179772279169,2.4431220335905994,5.434015959133382,impact_Y_1.0
2023-05-05,-0.0034307688742494,0.0,0.0,-0.0034307688742494,2.434740246561764,5.415373106318612,impact_Y_1.0
2023-05-12,0.0581045587588406,243.52538343406687,0.0024352538343406687,0.05566930492449993,2.5702805437595626,5.730030971175748,impact_Y_1.0
2023-05-19,0.101454750930016,130.75360108370194,0.0013075360108370194,0.10014721491917898,2.8276869817780357,6.311369836177662,impact_Y_1.0
2023-05-26,0.0021034363523817,0.0,0.0,0.0021034363523817,2.833634841368664,6.324645400924404,impact_Y_1.0
2023-06-05,0.0121312636364561,0.0,0.0,0.0121312636364561,2.8680104126787547,6.401371341690118,impact_Y_1.0
2023-06-12,-0.0213584710935912,294.64441561580156,0.0029464441561580157,-0.024304915249749218,2.798303662663199,6.264647836929286,impact_Y_1.0
2023-06-20,0.0061904418620095,310.0436307194457,0.0031004363071944568,0.003090005554815043,2.806950436524888,6.303428775149761,impact_Y_1.0
2023-06-27,-0.0009715058029882,0.0,0.0,-0.0009715058029882,2.8042234678871036,6.29730495751598,impact_Y_1.0
2023-07-05,0.0510396782427477,0.0,0.0,0.0510396782427477,2.947350131408824,6.618717376344056,impact_Y_1.0
2023-07-12,-0.0082530441926874,164.27492961905668,0.0016427492961905669,-0.009895793488877968,2.918183763168985,6.56409280933818,impact_Y_1.0
2023-07-19,0.0216466747796588,181.37834977193643,0.0018137834977193642,0.019832891281939435,2.976059784484636,6.706183591605421,impact_Y_1.0
2023-07-26,-0.0122212637334671,311.3600626156772,0.0031136006261567716,-0.015334864359623872,2.930422311363433,6.624225553287362,impact_Y_1.0
2023-08-02,-0.0294107637230186,307.30883351420744,0.0030730883351420745,-0.03248385205816067,2.83523090653317,6.4294020206916445,impact_Y_1.0
2023-08-09,-0.0223036277640694,0.0,0.0,-0.0223036277640694,2.7719949717686694,6.286003031276583,impact_Y_1.0
2023-08-16,0.0161129357257974,116.42081792173741,0.0011642081792173741,0.014948727546580026,2.8134327693621293,6.38728899409171,impact_Y_1.0
2023-08-23,0.0155994582111173,244.72933946537643,0.0024472933946537642,0.013152164816463537,2.85043550084482,6.486927241837374,impact_Y_1.0
2023-08-30,0.0047526512578224,0.0,0.0,0.0047526512578224,2.8639826267132515,6.517757344752694,impact_Y_1.0
2023-09-07,0.0068120030692532,13.46795182593897,0.0001346795182593897,0.00667732355099381,2.883106365356241,6.562156327789797,impact_Y_1.0
2023-09-14,-0.0137763237404457,204.58340111833056,0.0020458340111833054,-0.015822157751629005,2.837489401628849,6.471753937782751,impact_Y_1.0
2023-09-21,-0.001707507356005,0.0,0.0,-0.001707507356005,2.8326443676029815,6.460703370327733,impact_Y_1.0
2023-09-28,0.0012594275707829,85.34108990924253,0.0008534108990924253,0.00040601667169047465,2.8337944684411984,6.468840158278973,impact_Y_1.0
2023-10-05,0.00108239466448,0.0,0.0,0.00108239466448,2.8368617524540722,6.475841996351669,impact_Y_1.0
2023-10-12,-0.0178378694608223,312.8033929911048,0.0031280339299110476,-0.020965903390733346,2.7773843830192537,6.360326772171836,impact_Y_1.0
2023-10-19,-0.0376733329635047,137.69198292686235,0.0013769198292686235,-0.03905025279277333,2.6689268207596513,6.1207120639271135,impact_Y_1.0
2023-10-26,0.0263539036242828,241.4068886514314,0.002414068886514314,0.023939834737768485,2.732820487775835,6.282016719771834,impact_Y_1.0
2023-11-02,0.0234134549382189,87.92853924497197,0.0008792853924497197,0.02253416954576918,2.7944023279855275,6.42910043516135,impact_Y_1.0
2023-11-09,0.0012592250667021,71.93182332796992,0.0007193182332796992,0.0005399068334224009,2.7959110448977382,6.43719611958565,impact_Y_1.0
2023-11-16,0.0102108070451175,206.36188566621615,0.0020636188566621615,0.00814718818845534,2.818689858338701,6.502925087074318,impact_Y_1.0
2023-11-24,0.0124404112622355,0.0,0.0,0.0124404112622355,2.853755519397127,6.583824149565031,impact_Y_1.0
2023-12-01,0.0091597332399016,131.5508663652901,0.0013155086636529008,0.007844224576248698,2.8761410185769876,6.6441302224734695,impact_Y_1.0
2023-12-08,0.0161095595760522,45.23539388219424,0.0004523539388219424,0.01565720563723026,2.9211733499465202,6.751164234123456,impact_Y_1.0
2023-12-15,0.0316714287964353,0.0,0.0,0.0316714287964353,3.0136910837013957,6.964983251457538,impact_Y_1.0
2023-12-22,-0.0179708307796143,259.15171171569494,0.0025915171171569493,-0.02056234789677125,2.95172251918493,6.839816716062747,impact_Y_1.0
2024-01-02,0.010091079397035,138.97710183928555,0.0013897710183928555,0.008701308378642143,2.9774063670725406,6.908837849605703,impact_Y_1.0
2024-01-09,-0.0096495518210034,0.0,0.0,-0.0096495518210034,2.948675730041289,6.842170660753023,impact_Y_1.0
2024-01-17,0.0153120673983465,0.0,0.0,0.0153120673983465,2.9938260515555495,6.946938439061462,impact_Y_1.0
2024-01-24,0.002470486683289,196.11418722090926,0.0019611418722090927,0.0005093448110799073,2.9953509413201855,6.9641007579647916,impact_Y_1.0
2024-01-31,0.0313406141040718,0.0,0.0,0.0313406141040718,3.0892270792783694,7.18235995240204,impact_Y_1.0
2024-02-07,0.084291574324935,241.1018206810591,0.0024110182068105912,0.0818805561181244,3.3421747105048514,7.787772380158374,impact_Y_1.0
2024-02-14,-0.0153854970319844,220.53676609242598,0.00220536766092426,-0.01759086469290866,3.2833829673922996,7.667953631317676,impact_Y_1.0
2024-02-22,0.1222390132656857,0.0,0.0,0.1222390132656857,3.6847404614996933,8.60527671697698,impact_Y_1.0
2024-02-29,0.1000551364406437,0.0,0.0,0.1000551364406437,4.053417671123405,9.466278853003606,impact_Y_1.0
2024-03-07,0.0168919355766846,0.0,0.0,0.0168919355766846,4.121887741289417,9.626182625539474,impact_Y_1.0
2024-03-14,-0.0332523346636184,0.0,0.0,-0.0332523346636184,3.9848253506701945,9.306089579341927,impact_Y_1.0
2024-03-21,0.0179697795540898,0.0,0.0,0.0179697795540898,4.056431783783287,9.473317957593315,impact_Y_1.0
2024-03-28,-0.0434125577329089,0.0,0.0,-0.0434125577329089,3.8803317047801884,9.062056994837093,impact_Y_1.0
2024-04-05,-0.0353565475605819,0.0,0.0,-0.0353565475605819,3.7431365723092935,8.741653945702431,impact_Y_1.0
2024-04-12,-0.0530760563652258,156.60953196704423,0.0015660953196704422,-0.05464215168489624,3.5386035359478862,8.27768142815503,impact_Y_1.0
2024-04-19,0.0583366648365845,36.46844264358056,0.0003646844264358056,0.05797198041014869,3.74374339081314,8.760573755253331,impact_Y_1.0
2024-04-26,-0.0064359203127909,8.131467642511844,8.131467642511843e-05,-0.006517234989216018,3.7193445353958863,8.704191400670192,impact_Y_1.0
2024-05-03,-0.0186183196897517,263.7528990941929,0.0026375289909419293,-0.02125584868069363,3.6402867107601464,8.542133982531727,impact_Y_1.0
2024-05-10,0.0737522180493881,70.14966004416877,0.0007014966004416877,0.0730507214489464,3.9062122812621873,9.172135310618495,impact_Y_1.0
2024-05-17,0.0183291778265768,19.51122324649546,0.00019511223246495462,0.018134065594111844,3.9770477909951207,9.340253009776246,impact_Y_1.0
2024-05-24,-0.0200339619567425,35.58051586858562,0.00035580515868585623,-0.020389767115428357,3.8959567127298014,9.15313073631204,impact_Y_1.0
2024-06-03,0.0080633910034242,0.0,0.0,0.0080633910034242,3.9273713350369572,9.226936008344385,impact_Y_1.0
2024-06-10,0.0357881907951722,0.0,0.0,0.0357881907951722,4.06792484969875,9.557151354665859,impact_Y_1.0
2024-06-17,-0.0419940660819409,230.9351894339436,0.002309351894339436,-0.04430341797628034,3.887701874786449,9.155807709122909,impact_Y_1.0
2024-06-25,0.0073029960840232,235.64097229580508,0.002356409722958051,0.004946586361065149,3.906932727856155,9.222672536968703,impact_Y_1.0
2024-07-02,-0.0024010046107507,87.512076435836,0.00087512076435836,-0.00327612537510906,3.894133126407582,9.200528857683999,impact_Y_1.0
2024-07-10,-0.0346522783526546,0.0,0.0,-0.0346522783526546,3.7591925413690133,8.881709570715902,impact_Y_1.0
2024-07-17,-0.005562665022519,195.74083674197925,0.0019574083674197924,-0.007520073389938793,3.7309231375710077,8.832303595546708,impact_Y_1.0
2024-07-24,-0.0366069781999123,175.7277813082454,0.001757277813082454,-0.03836425601299476,3.587789047156428,8.508979650369524,impact_Y_1.0
2024-07-31,-0.0214031365553658,172.7043332719448,0.0017270433327194479,-0.02313017988808525,3.5048028410951977,8.326860796965835,impact_Y_1.0
2024-08-07,0.0020379044016567,237.91632111288448,0.0023791632111288446,-0.00034125880947214436,3.503606796250211,8.343830143235955,impact_Y_1.0
2024-08-14,0.0011051721368988,480.65238949502856,0.004806523894950286,-0.0037013517580514856,3.4906387150753893,8.353051511825276,impact_Y_1.0
2024-08-21,0.0051635909555603,57.59760167765539,0.000575976016776554,0.004587614938783746,3.5066524213905663,8.396183253063066,impact_Y_1.0
2024-08-28,-0.0410784901789644,0.0,0.0,-0.0410784901789644,3.3626044343374324,8.05128072176133,impact_Y_1.0
2024-09-05,0.023390671781605,218.8918673730484,0.002188918673730484,0.02120175310787452,3.433897543353699,8.239605586545613,impact_Y_1.0
2024-09-12,0.0007387198297197,80.80634039026884,0.0008080634039026885,-6.93435741829884e-05,3.433659424624665,8.245692346581464,impact_Y_1.0
2024-09-19,-0.0015970059297313,0.0,0.0,-0.0015970059297313,3.4281758501628614,8.232523927009233,impact_Y_1.0
2024-09-26,-0.0092139224996551,39.42076755549924,0.0003942076755549924,-0.009608130175210092,3.395237490330985,8.156670089569213,impact_Y_1.0
2024-10-03,0.0521322559187513,76.04547077145733,0.0007604547077145733,0.051371801211036724,3.5696569557485276,8.58189570212346,impact_Y_1.0
2024-10-10,0.0040630585991973,69.34572312620745,0.0006934572312620745,0.0033696013679352255,3.581685276709677,8.616764447253386,impact_Y_1.0
2024-10-17,0.004621056377059,195.76731004692414,0.0019576731004692415,0.002663383276589758,3.591224677377673,8.656583001551981,impact_Y_1.0
2024-10-24,-0.0163364354756055,147.0028920117986,0.0014700289201179859,-0.017806464395723486,3.527277663022904,8.515165291907904,impact_Y_1.0
2024-10-31,0.0392439210553847,34.734716993513175,0.00034734716993513174,0.038896573885449565,3.6644766792571706,8.84933376639709,impact_Y_1.0
2024-11-07,0.0210823296096266,25.525380027559095,0.00025525380027559096,0.02082707580935101,3.740797012857658,9.03589833768587,impact_Y_1.0
2024-11-14,0.0824244790398835,215.4799419116507,0.0021547994191165073,0.08026967962076699,4.041069590606065,9.780677550826978,impact_Y_1.0
2024-11-21,-0.0036094901400151,0.0,0.0,-0.0036094901400151,4.026483389763658,9.7453742916446,impact_Y_1.0
2024-11-29,0.0146110368737741,0.0,0.0,0.0146110368737741,4.085314487043133,9.88776431476855,impact_Y_1.0
2024-12-06,0.0604477290922966,0.0,0.0,0.0604477290922966,4.3322624704127515,10.485457213396158,impact_Y_1.0
2024-12-13,-0.0446413296412288,0.0,0.0,-0.0446413296412288,4.138864513378731,10.01737246149394,impact_Y_1.0
2024-12-20,-0.0304949721668773,0.0,0.0,-0.0304949721668773,4.0126499552407715,9.711892967095439,impact_Y_1.0
2024-12-30,0.0495895366958811,0.0,0.0,0.0495895366958811,4.21163540744391,10.193501239773688,impact_Y_1.0
2025-01-07,0.0158043619983313,0.0,0.0,0.0158043619983313,4.278197618028143,10.35460302339751,impact_Y_1.0
2025-01-15,-0.0020712619899326,0.0,0.0,-0.0020712619899326,4.269336349916501,10.333155927734307,impact_Y_1.0
2025-01-23,-0.0354528791728918,0.0,0.0,-0.0354528791728918,4.117976084154477,9.966815799153693,impact_Y_1.0
2025-01-30,-0.0148942282557208,0.0,0.0,-0.0148942282557208,4.056642008405481,9.818367769658373,impact_Y_1.0
2025-02-06,0.0073784552916026,412.0931977224523,0.004120931977224523,0.0032575233143780765,4.069856614325947,9.890812157283309,impact_Y_1.0
2025-02-13,-0.0076352695561043,282.7158751158497,0.002827158751158497,-0.010462428307262798,4.027276031277722,9.815293140333658,impact_Y_1.0
2025-02-21,-0.0565449363275032,262.0819197826984,0.002620819197826984,-0.05916575552533018,3.7889992021781222,9.260288014677712,impact_Y_1.0
2025-02-28,-0.0380940490059655,266.4155870224024,0.002664155870224024,-0.04075820487618952,3.634566396420028,8.907526149237224,impact_Y_1.0
2025-03-07,-0.0133275116925226,581.9132896460355,0.005819132896460355,-0.019146644588982957,3.564976645392713,8.788810990331815,impact_Y_1.0
2025-03-14,-0.0063512874667355,259.53546230870023,0.0025953546230870024,-0.008946642089822501,3.5330820752878083,8.732990725241413,impact_Y_1.0
2025-03-21,0.0028441404173408,65.62580639373839,0.0006562580639373839,0.0021878823534034163,3.540812043213456,8.757828577127333,impact_Y_1.0
2025-03-28,-0.0165522391901787,20.410756347713765,0.00020410756347713765,-0.016756346753655837,3.481480968827851,8.612866903732138,impact_Y_1.0
2025-04-04,0.0105141366753918,40.20231328742876,0.0004020231328742876,0.010112113542517513,3.516686099680752,8.703423763524937,impact_Y_1.0
2025-04-11,-0.0035422321373535,44.37903554542129,0.0004437903554542129,-0.003986022492807713,3.5026685097872807,8.672594216164772,impact_Y_1.0
2025-04-21,-0.0037960886378473,24.254221020400497,0.00024254221020400497,-0.004038630848051305,3.4885225246931557,8.639672279800129,impact_Y_1.0
2025-04-28,-0.0034241399201165,68.36447029610304,0.0006836447029610304,-0.00410778462307753,3.474192425508962,8.610088833050142,impact_Y_1.0
2025-05-05,-3.2158489028433e-05,38.89580911227766,0.0003889580911227766,-0.0004211165801512096,3.4727293854759442,8.609811945602871,impact_Y_1.0
2025-05-12,0.00234972725334,128.95274251279446,0.0012895274251279445,0.0010601998282120553,3.4764111725738527,8.630042655377586,impact_Y_1.0
2025-05-19,-0.0303305150371032,298.23122720750314,0.0029823122720750313,-0.033312827309178235,3.360602087526202,8.368289016847815,impact_Y_1.0
2025-05-27,0.0075930523274482,183.81814067349407,0.0018381814067349408,0.00575487092071326,3.379941918755795,8.431829873243949,impact_Y_1.0
2025-06-03,0.02366609444769,15.25786277730183,0.0001525786277730183,0.02351351581991698,3.4594162365328596,8.631378355390995,impact_Y_1.0
2025-06-10,-0.0006143121695343,124.38229995360959,0.001243822999536096,-0.001858135169070396,3.4529881735593047,8.626075994627422,impact_Y_1.0
2025-06-17,0.029276479400441,309.6508437211145,0.003096508437211145,0.026179970963229857,3.543387303679463,8.87861713079077,impact_Y_1.0
2025-06-25,0.0038787958833917,0.0,0.0,0.0038787958833917,3.557131379766237,8.913055474367892,impact_Y_1.0
2025-07-02,-0.0073233902558275,51.1074146659007,0.000511074146659007,-0.007834464402486507,3.529263160596491,8.847781690757257,impact_Y_1.0
2025-07-10,-0.0011880091119234,70.74250247946443,0.0007074250247946443,-0.0018954341367180445,3.5225736747244354,8.837270445488329,impact_Y_1.0
2025-07-17,0.0069817802027079,178.30375538260927,0.0017830375538260927,0.005198742648881807,3.5408866287210534,8.898970325330614,impact_Y_1.0
2025-07-24,-0.0028439910134982,0.0,0.0,-0.0028439910134982,3.530816378969155,8.873661733695988,impact_Y_1.0
2025-07-31,-0.0329022711730205,192.33938371103443,0.0019233938371103444,-0.03482566501013084,3.407853350542892,8.581698109036267,impact_Y_1.0
2025-08-07,0.0134496452753358,0.0,0.0,0.0134496452753358,3.4536877692580585,8.697118904462826,impact_Y_1.0
2025-08-14,-0.0009122404857093,104.5828705711051,0.001045828705711051,-0.0019580691914203507,3.446925209640289,8.689185040489148,impact_Y_1.0
2025-08-21,-0.0082449056087192,102.90331919926447,0.0010290331919926448,-0.009273938800711845,3.414958636195454,8.61754353001362,impact_Y_1.0
2025-08-28,-0.0091462445386055,192.1516890608213,0.001921516890608213,-0.011067761429213712,3.3771626887194097,8.538725369566038,impact_Y_1.0
2025-09-05,0.0339714060407125,360.49388328061696,0.0036049388328061698,0.03036646720790633,3.4797151887621722,8.8287978761657,impact_Y_1.0
2025-09-12,0.0010968588070704,313.1892411030492,0.003131892411030492,-0.0020350336039600923,3.472633851420831,8.838481820872016,impact_Y_1.0
2025-09-19,-0.0143538542146616,0.0,0.0,-0.0143538542146616,3.4227881713766375,8.71161554133628,impact_Y_1.0
2025-09-26,0.0192393015590701,177.54542915968887,0.0017754542915968887,0.01746384726747321,3.4825632212304733,8.879220939802732,impact_Y_1.0
2025-10-03,-0.0154962169677296,0.0,0.0,-0.0154962169677296,3.4285966659504505,8.74162660561514,impact_Y_1.0
2025-10-10,0.026586687807953,307.8065731876382,0.003078065731876382,0.023508622076076617,3.5091982492215754,8.974037503112326,impact_Y_1.0
2025-10-17,0.0451446522763159,0.0,0.0,0.0451446522763159,3.66761978395134,9.37916730570495,impact_Y_1.0
2025-10-24,0.0265952431033434,0.0,0.0,0.0265952431033434,3.7651610237161575,9.628608540307104,impact_Y_1.0
2025-10-31,0.0159593315947652,0.0,0.0,0.0159593315947652,3.8252504770013296,9.782274696798053,impact_Y_1.0
2025-11-07,-0.025454034127232,0.0,0.0,-0.025454034127232,3.7278824208145274,9.533276342823797,impact_Y_1.0
2025-11-14,0.01155072767874,0.0,0.0,0.01155072767874,3.770942175475718,9.64339262174593,impact_Y_1.0
2025-11-21,0.0524147135798123,0.0,0.0,0.0524147135798123,3.9685950295293124,10.148848283952418,impact_Y_1.0
2025-12-01,0.0215783561799933,0.0,0.0,0.0215783561799933,4.054230786610647,10.367843747040258,impact_Y_1.0
2025-12-08,-0.0178083955530479,161.68985657096792,0.0016168985657096793,-0.01942529411875758,3.9754761611554135,10.18320908456077,impact_Y_1.0
2025-12-15,0.0021186815072325,0.0,0.0,0.0021186815072325,3.983898928980497,10.20478406133251,impact_Y_1.0
2025-12-22,0.0037290520603451,42.47383174404249,0.00042473831744042494,0.003304313742904675,3.9970629809618705,10.242838232361798,impact_Y_1.0
2025-12-30,0.0448718595575998,89.25417326449289,0.0008925417326449289,0.04397931782495487,4.172851084167954,10.70245343099555,impact_Y_1.0
2026-01-07,0.0247035940756239,148.3037876996373,0.001483037876996373,0.023220556198627524,4.26974700727638,10.966842496168134,impact_Y_1.0
2026-01-14,0.0304306683452943,189.25477752517028,0.0018925477752517027,0.028538120570042597,4.391597562173612,11.300570842964106,impact_Y_1.0
2026-01-22,0.02102960478227,188.5001530778685,0.001885001530778685,0.019144603251491314,4.475672955141642,11.538217381605685,impact_Y_1.0
2026-01-29,0.0045134602872817,0.0,0.0,0.0045134602872817,4.495873727283533,11.590294667543585,impact_Y_1.0
2026-02-05,0.0175933202887568,181.33171464098905,0.0018133171464098906,0.01578000314234691,4.566818628827662,11.79420643387075,impact_Y_1.0
2026-02-12,0.0162799203752579,0.0,0.0,0.0162799203752579,4.641166072473221,11.98621517550352,impact_Y_1.0
2026-02-20,0.0002455265732447,0.0,0.0,0.0002455265732447,4.642305602074855,11.989158109841735,impact_Y_1.0
2026-02-27,-0.0420135090570499,0.0,0.0,-0.0420135090570499,4.44726605361649,11.485451507007497,impact_Y_1.0
2026-03-06,0.0205252108178099,161.92003326267073,0.0016192003326267073,0.018906010485183193,4.531346112256562,11.721192820526559,impact_Y_1.0
2026-03-13,-0.0008440256123187,0.0,0.0,-0.0008440256123187,4.527521540079537,11.711299833579108,impact_Y_1.0
2026-03-20,-0.0329800665414279,0.0,0.0,-0.0329800665414279,4.378203578419965,11.325060385781056,impact_Y_1.0
2026-03-27,0.0086111694207504,417.21007410347465,0.004172100741034746,0.0044390686797156536,4.397638724798348,11.422582399463247,impact_Y_1.0
2026-04-06,0.0103870861589074,0.0,0.0,0.0103870861589074,4.443317377128577,11.541229747003692,impact_Y_1.0
2026-04-13,0.0300825042229966,362.07478287695767,0.0036207478287695765,0.026461756394227022,4.560895359144389,11.888418839606505,impact_Y_1.0
2026-04-20,0.0061320149914268,312.7086141687773,0.003127086141687773,0.003004928849739027,4.574600525189724,11.961318802155333,impact_Y_1.0
2026-04-27,0.051447059596487,311.63455870723135,0.0031163455870723135,0.04833071400941469,4.795694234879987,12.5766934834224,impact_Y_1.0
2026-05-04,0.0279266418723695,215.90222193581167,0.0021590222193581168,0.025767619653011387,4.919267859896514,12.927918298272502,impact_Y_1.0
2026-05-11,-0.0213744976058629,308.30200646130555,0.0030830200646130555,-0.024457517670475958,4.79895477928729,12.651590539557287,impact_Y_1.0
2026-05-18,0.0789047246068553,0.0,0.0,0.0789047246068553,5.177614984547706,13.64986080691975,impact_Y_1.0
2026-05-26,0.0983531454086835,0.0,0.0,0.0983531454086835,5.686849703993104,14.992367551671016,impact_Y_1.0
2026-06-02,-0.0765175733466113,308.1998945503668,0.0030819989455036683,-0.07959957229211496,5.234178899865713,13.845187967896674,impact_Y_1.0
2026-06-09,0.0962571100753591,0.0,0.0,0.0962571100753591,5.738005834384208,15.177885750136541,impact_Y_1.0
2008-12-31,-0.0152752787995948,138.42759627888742,0.0013842759627888741,-0.016659554762383674,0.9833404452376163,0.9847247212004052,impact_Y_1.5
2009-01-08,-0.0181874529073417,138.33726028550535,0.0013833726028550535,-0.019570825510196756,0.9640956609667518,0.9668150867068777,impact_Y_1.5
2009-01-15,-0.0020912654248463,60.700514997354446,0.0006070051499735444,-0.0026982705748198445,0.9614942700134537,0.9647932197438278,impact_Y_1.5
2009-01-23,0.0130979589518689,0.0,0.0,0.0130979589518689,0.974087882494547,0.9774300417330739,impact_Y_1.5
2009-01-30,0.0122206010226717,0.0,0.0,0.0122206010226717,0.9859918218675321,0.9893748243006673,impact_Y_1.5
2009-02-06,-0.0176382044105967,62.14474928700822,0.0006214474928700822,-0.018259651903466782,0.967987954420566,0.9719240289109539,impact_Y_1.5
2009-02-13,0.0243696662295381,201.11396640298165,0.0020111396640298163,0.022358526565508283,0.9896307388145701,0.9956094930959817,impact_Y_1.5
2009-02-23,-0.0064732504528787,0.0,0.0,-0.0064732504528787,0.983224611186356,0.9891646634939077,impact_Y_1.5
2009-03-02,0.0112085626544352,129.087247948355,0.00129087247948355,0.00991769017495165,0.9929759282524895,1.0002517776002324,impact_Y_1.5
2009-03-09,0.0111088853080752,275.24060438117965,0.0027524060438117964,0.008356479264263403,1.0012737110068441,1.0113634598767918,impact_Y_1.5
2009-03-16,0.0072303200657822,175.9213049437236,0.0017592130494372361,0.005471107016344964,1.0067517866324154,1.0186759413945379,impact_Y_1.5
2009-03-23,-0.0069316504445668,146.49670037196867,0.0014649670037196866,-0.008396617448286486,0.9982984770146841,1.011614835852501,impact_Y_1.5
2009-03-30,0.0065259698061286,161.28748091502317,0.0016128748091502317,0.004913094996978369,1.0032032122675962,1.0182166037267062,impact_Y_1.5
2009-04-06,0.0142413583769294,98.15988938189008,0.0009815988938189008,0.013259759483110499,1.0165054455749485,1.0327173912857182,impact_Y_1.5
2009-04-14,0.0126338824948372,0.0,0.0,0.0126338824948372,1.0293478559297045,1.0457646214575966,impact_Y_1.5
2009-04-21,0.0031888845550771,141.08149008289476,0.0014108149008289475,0.0017780696542481526,1.0311781081159985,1.0490994441072088,impact_Y_1.5
2009-04-28,0.0376836961340653,0.0,0.0,0.0376836961340653,1.0700367106023423,1.0886333887733617,impact_Y_1.5
2009-05-05,-0.059576256044096,65.97883912314649,0.0006597883912314649,-0.060236044435327464,1.005581931755068,1.023776687265648,impact_Y_1.5
2009-05-12,0.008774555207399,52.14528076640241,0.000521452807664024,0.008253102399734976,1.0138811024091658,1.0327598723281084,impact_Y_1.5
2009-05-19,-0.019395139147033,0.0,0.0,-0.019395139147033,0.9942167373493929,1.0127293508988326,impact_Y_1.5
2009-05-27,0.0261113516469262,0.0,0.0,0.0261113516469262,1.0201770801915826,1.0391730831033155,impact_Y_1.5
2009-06-03,0.0150781115714093,655.2194675981596,0.006552194675981595,0.008525916895427706,1.028875025195916,1.0548418507923527,impact_Y_1.5
2009-06-10,-0.0653655711311343,0.0,0.0,-0.0653655711311343,0.9616220215514247,0.9858915107622879,impact_Y_1.5
2009-06-17,-0.0104932927978886,805.5605486375292,0.008055605486375293,-0.01854889828426389,0.9437849924857592,0.9755462624729064,impact_Y_1.5
2009-06-24,-0.0073527059721916,638.6440102469148,0.006386440102469148,-0.013739146074660747,0.9308181926109248,0.9683733576426726,impact_Y_1.5
2009-07-01,-0.0431661515777054,0.0,0.0,-0.0431661515777054,0.8906383534173958,0.9265724065028574,impact_Y_1.5
2009-07-09,0.032520679792189,902.7815305892466,0.009027815305892466,0.023492864486296533,0.9115619995605291,0.956705171039015,impact_Y_1.5
2009-07-16,0.032846055462156,733.3611571661093,0.007333611571661093,0.025512443890494906,0.9348181739270245,0.9881291621478938,impact_Y_1.5
2009-07-23,0.0041602366025208,364.12957369167157,0.0036412957369167157,0.0005189408656040844,0.9353032892793847,0.9922400132562798,impact_Y_1.5
2009-07-30,0.0192251823899743,209.43116471513372,0.002094311647151337,0.017130870742822962,0.951325849033367,1.0113160084857622,impact_Y_1.5
2009-08-06,-0.0048294248954703,0.0,0.0,-0.0048294248954703,0.9467314922943408,1.0064319337771934,impact_Y_1.5
2009-08-13,0.0408574155252868,134.72515570812783,0.0013472515570812783,0.039510163968205524,0.9841370087887542,1.047552141493446,impact_Y_1.5
2009-08-20,-0.0193170624258641,114.76596869535668,0.0011476596869535668,-0.020464722112817666,0.9639969183829528,1.0273165113818696,impact_Y_1.5
2009-08-27,-0.0096602542754356,0.0,0.0,-0.0096602542754356,0.9546844630306371,1.0173923726605674,impact_Y_1.5
2009-09-03,0.0161312836008107,254.0130336252442,0.002540130336252442,0.013591153264558257,0.967659725886979,1.0338042175572566,impact_Y_1.5
2009-09-11,0.0034015333850357,322.5719061520665,0.003225719061520665,0.0001758143235150349,0.9678298543270787,1.0373207371168682,impact_Y_1.5
2009-09-18,0.0171654707467512,218.18847475851004,0.0021818847475851004,0.014983585999166101,0.9823314161819489,1.0551268358848462,impact_Y_1.5
2009-09-25,-0.0056695149469962,0.0,0.0,-0.0056695149469962,0.9767620735350013,1.0491447785178203,impact_Y_1.5
2009-10-02,0.0132368370011745,0.0,0.0,0.0132368370011745,0.9896913138913133,1.063032136941694,impact_Y_1.5
2009-10-09,-0.0123983795583268,233.47462119353966,0.0023347462119353967,-0.014733125770262197,0.9751100672900165,1.0498522610251917,impact_Y_1.5
2009-10-16,-0.0209216092559243,179.41218282071844,0.0017941218282071843,-0.022715731084131482,0.952959729224027,1.027887662243574,impact_Y_1.5
2009-10-23,-0.0444350543368196,75.36341460741079,0.0007536341460741079,-0.04518868848289371,0.9098967288833798,0.9822134181196343,impact_Y_1.5
2009-10-30,0.0583040400012195,230.70505063484603,0.0023070505063484603,0.05599698949487104,0.96084820645208,1.039480428539416,impact_Y_1.5
2009-11-06,0.0095994875252223,0.0,0.0,0.0095994875252223,0.970071856823549,1.0494589079458927,impact_Y_1.5
2009-11-13,0.0145936332221394,348.69716588058776,0.0034869716588058776,0.011106661563333523,0.9808461166294027,1.0647743263301621,impact_Y_1.5
2009-11-20,0.0112783961835382,0.0,0.0,0.0112783961835382,0.9919084877278339,1.0767832730285736,impact_Y_1.5
2009-11-30,0.0136895709810135,0.0,0.0,0.0136895709810135,1.0054872893772537,1.0915239740758662,impact_Y_1.5
2009-12-07,0.0065694468895973,0.0,0.0,0.0065694468895973,1.0120927847229828,1.09869468285228,impact_Y_1.5
2009-12-14,0.0108662918143008,101.30329807845328,0.0010130329807845329,0.009853258833516268,1.0220651968943926,1.1106334198909733,impact_Y_1.5
2009-12-21,0.0095202638998132,0.0,0.0,0.0095202638998132,1.031795527291642,1.1212069431442875,impact_Y_1.5
2009-12-29,0.0044074453394692,104.23734385372003,0.0010423734385372003,0.003365071900932,1.0352675934280382,1.1261486014604292,impact_Y_1.5
2010-01-06,-0.0116416035029028,220.44655269367706,0.0022044655269367708,-0.01384606902983957,1.0209332068650778,1.1130384259568784,impact_Y_1.5
2010-01-13,-0.0310509288299101,172.2827391659727,0.0017228273916597271,-0.032773756221569826,0.9874733908247763,1.0784775490075362,impact_Y_1.5
2010-01-21,0.0125155440288851,0.0,0.0,0.0125155440288851,0.9998321575249962,1.0919752822563042,impact_Y_1.5
2010-01-28,-0.0105714742297558,186.369735766854,0.00186369735766854,-0.01243517158742434,0.9873990730875482,1.0804314937004014,impact_Y_1.5
2010-02-04,0.0516643090383989,152.23688057633345,0.0015223688057633344,0.050141940232635566,1.0369091783960638,1.1362512402857576,impact_Y_1.5
2010-02-11,0.0271354037568698,0.0,0.0,0.0271354037568698,1.0650461276110452,1.1670838764601559,impact_Y_1.5
2010-02-19,-0.0098131853572311,0.0,0.0,-0.0098131853572311,1.0545946325467968,1.1556310660530167,impact_Y_1.5
2010-02-26,0.0140852788761265,0.0,0.0,0.0140852788761265,1.0694488920474845,1.1719084518962888,impact_Y_1.5
2010-03-05,0.0013801678497606,0.0,0.0,0.0013801678497606,1.0709249110252506,1.173525882264459,impact_Y_1.5
2010-03-12,0.0211668041406389,63.08107806879453,0.0006308107806879454,0.020535993359950957,1.092917417887071,1.1983656747683213,impact_Y_1.5
2010-03-19,0.0108583996773983,0.0,0.0,0.0108583996773983,1.104784752024879,1.2113780082246308,impact_Y_1.5
2010-03-26,0.0020171896889912,144.7342922468407,0.0014473429224684071,0.0005698467665227929,1.105414310043524,1.2138215874522922,impact_Y_1.5
2010-04-05,0.0044218062319542,124.54203742299912,0.001245420374229991,0.003176385857724209,1.1089255324248724,1.2191888713121692,impact_Y_1.5
2010-04-12,0.0296379526814319,171.95373710526692,0.0017195373710526692,0.02791841531037923,1.1398849759873935,1.2553231333898476,impact_Y_1.5
2010-04-19,0.0212847204876635,0.0,0.0,0.0212847204876635,1.164147109089372,1.2820423354057482,impact_Y_1.5
2010-04-26,-0.0188817343576647,217.52454626273976,0.0021752454626273975,-0.021056979820292098,1.1396336869054258,1.2578351525933367,impact_Y_1.5
2010-05-03,-0.0121218686054548,0.0,0.0,-0.0121218686054548,1.1258191970944083,1.242587840146278,impact_Y_1.5
2010-05-10,-0.0087263538200542,147.40522248284975,0.0014740522248284976,-0.010200406044882699,1.1143353841509214,1.2317445790006647,impact_Y_1.5
2010-05-17,-0.0196543479838371,116.4076757519592,0.001164076757519592,-0.020818424741356693,1.0911366768193447,1.2075354424177807,impact_Y_1.5
2010-05-24,0.015037893866662,305.4765973948263,0.003054765973948263,0.011983127892713736,1.1042119071661016,1.225694232241092,impact_Y_1.5
2010-06-01,0.0009618702298615,0.0,0.0,0.0009618702298615,1.1052740157270633,1.2268731910339976,impact_Y_1.5
2010-06-08,0.0219180156703182,96.39967988760951,0.0009639967988760951,0.020954018871442104,1.1284339483107229,1.253763816860574,impact_Y_1.5
2010-06-15,-0.0169389718560266,163.35652112715437,0.0016335652112715437,-0.018572537067298146,1.1074760669777244,1.2325263468526684,impact_Y_1.5
2010-06-22,-0.0485314292232077,108.44444817323773,0.0010844444817323772,-0.04961587370494008,1.0525276743073138,1.1727100816846494,impact_Y_1.5
2010-06-29,0.024882304613224,133.06292799895022,0.0013306292799895021,0.023551675333234497,1.077316464371844,1.2018898111601257,impact_Y_1.5
2010-07-07,0.0096577486279869,58.983836942504595,0.000589838369425046,0.009067910258561853,1.087085473390839,1.213497360834849,impact_Y_1.5
2010-07-14,-0.0228680114095328,71.77537752336164,0.0007177537752336165,-0.023585765184766416,1.061445730679672,1.1857470893418398,impact_Y_1.5
2010-07-21,-0.0033119450483583,165.51696286023915,0.0016551696286023914,-0.004967114676960691,1.0561734080120158,1.181819960140689,impact_Y_1.5
2010-07-28,0.0327397776532722,83.15666746194297,0.0008315666746194297,0.03190821097865277,1.089874011944906,1.2205124828618943,impact_Y_1.5
2010-08-04,-0.0029538848761026,90.44921928698162,0.0009044921928698162,-0.0038583770689724164,1.0856688670491488,1.2169072294976742,impact_Y_1.5
2010-08-11,0.0016630161772406,158.18719265318842,0.001581871926531884,8.114425070871595e-05,1.0857569628358832,1.21893096590653,impact_Y_1.5
2010-08-18,-0.009604199398983,82.73512508605887,0.0008273512508605887,-0.010431550649843588,1.0744308340846402,1.2072241098563685,impact_Y_1.5
2010-08-25,0.0179783114979192,33.63550359302123,0.00033635503593021224,0.017641956461988986,1.09338589608098,1.2289279609511647,impact_Y_1.5
2010-09-01,0.0074692609782586,57.74436007145095,0.0005774436007145095,0.00689181737754409,1.1009213119999524,1.238107144614988,impact_Y_1.5
2010-09-09,0.0024154798135667,46.32017721683374,0.0004632017721683374,0.0019522780413983626,1.1030706165026773,1.2410977674298382,impact_Y_1.5
2010-09-16,0.0127953253482859,119.79215971815593,0.0011979215971815592,0.011597403751104341,1.1158633718082385,1.2569780171531344,impact_Y_1.5
2010-09-23,-0.0231664204506647,231.04567188437363,0.0023104567188437365,-0.025476877169508437,1.0874346577467264,1.227858335910522,impact_Y_1.5
2010-09-30,0.0112520525535877,30.22388034293352,0.0003022388034293352,0.010949813750158365,1.0993418647145203,1.241674262434548,impact_Y_1.5
2010-10-07,0.0279868341871782,149.03239820829987,0.0014903239820829987,0.0264965102050952,1.1284705876518168,1.2764247941317906,impact_Y_1.5
2010-10-14,-0.0027706816134786,0.0,0.0,-0.0027706816134786,1.1253439549432587,1.2728882274237014,impact_Y_1.5
2010-10-21,0.0021370837614973,122.8448494386568,0.001228448494386568,0.0009086352671107318,1.1263664821483501,1.2756084961847298,impact_Y_1.5
2010-10-28,0.0081030040367112,88.54372957537808,0.0008854372957537808,0.0072175667409574195,1.1344961074080333,1.2859447569785778,impact_Y_1.5
2010-11-04,-0.0178779640295961,46.29970849989047,0.0004629970849989047,-0.018340961114595003,1.113688358417403,1.262954682869267,impact_Y_1.5
2010-11-11,-0.0030790131006881,343.3707145238903,0.0034337071452389028,-0.006512720245927002,1.1064352176978849,1.2590660288551372,impact_Y_1.5
2010-11-18,0.0127512891393403,0.0,0.0,0.0127512891393403,1.1205436930726995,1.27512074383459,impact_Y_1.5
2010-11-26,0.0153806569657988,225.69350410530805,0.0022569350410530805,0.013123721924745719,1.1352493969051134,1.294732938585484,impact_Y_1.5
2010-12-03,0.0022834625002717,174.5833250793566,0.001745833250793566,0.0005376292494781339,1.135859740186342,1.2976894126986105,impact_Y_1.5
2010-12-10,0.00734461983225,0.0,0.0,0.00734461983225,1.1442021981607688,1.3072204480952176,impact_Y_1.5
2010-12-17,0.0040244484125775,65.74081130686812,0.0006574081130686812,0.0033670402995088188,1.1480547730727626,1.3124812893524433,impact_Y_1.5
2010-12-27,0.027396792570213,257.8209106369312,0.0025782091063693124,0.02481858346384369,1.1765478662793332,1.348439066989118,impact_Y_1.5
2011-01-03,0.0386142346762809,0.0,0.0,0.0386142346762809,1.221979361695721,1.4005080095685012,impact_Y_1.5
2011-01-10,0.0230420485221005,364.46975359019166,0.0036446975359019167,0.019397350986198585,1.2456825242724239,1.432778583080569,impact_Y_1.5
2011-01-18,0.0031101323642877,0.0,0.0,0.0031101323642877,1.249556761806791,1.4372347141226662,impact_Y_1.5
2011-01-25,0.0220460848632462,0.0,0.0,0.0220460848632462,1.2771045962190268,1.468920112598618,impact_Y_1.5
2011-02-01,-0.0242202740865081,140.42985843546018,0.0014042985843546018,-0.0256245726708627,1.2443793366849196,1.4333424648602953,impact_Y_1.5
2011-02-08,0.0110215312486789,208.2226591729701,0.0020822265917297012,0.008939304656949199,1.2555032226843585,1.4491400936268115,impact_Y_1.5
2011-02-15,-0.0299721704252332,0.0,0.0,-0.0299721704252332,1.2178730661246335,1.4057062197705903,impact_Y_1.5
2011-02-23,-0.0061102898788157,257.47656587183667,0.002574765658718367,-0.008685055537534066,1.2072957709076741,1.3971169472833378,impact_Y_1.5
2011-03-02,-0.0558730293273733,47.83340804848604,0.00047833408048486044,-0.05635136340785816,1.1392630081804855,1.3190557911140057,impact_Y_1.5
2011-03-09,-0.0071345246831765,219.1006765880961,0.0021910067658809608,-0.009325531449057461,1.1286387751689506,1.3096449550138158,impact_Y_1.5
2011-03-16,0.036775183733445,80.32625828082922,0.0008032625828082922,0.03597192115063671,1.1692380801968791,1.3578073888600282,impact_Y_1.5
2011-03-23,0.0148247005233404,258.3774615536826,0.0025837746155368264,0.012240925907803573,1.1835506369051516,1.377936476768257,impact_Y_1.5
2011-03-30,-0.0057054366101006,207.84398862208454,0.0020784398862208455,-0.007783876496321445,1.1743380249203395,1.3700747475473103,impact_Y_1.5
2011-04-06,-0.0044778452806517,186.4611927761647,0.001864611927761647,-0.006342457208413347,1.1668898362490696,1.3639397648048657,impact_Y_1.5
2011-04-13,0.0241274771936135,124.26805390102739,0.0012426805390102738,0.022884796654603228,1.1935938728699529,1.3968481903736576,impact_Y_1.5
2011-04-20,0.0229595006493964,194.6684001296742,0.0019466840012967422,0.021012816648099657,1.2186746420728642,1.4289191273076496,impact_Y_1.5
2011-04-28,-0.0164289932755342,226.52721125771853,0.0022652721125771855,-0.018694265388111385,1.1958924148921926,1.40544342457383,impact_Y_1.5
2011-05-05,0.0120346277913884,127.90633979208721,0.001279063397920872,0.010755564393467528,1.2087549127682249,1.4223574130704302,impact_Y_1.5
2011-05-12,0.0071634098034334,0.0,0.0,0.0071634098034334,1.2174137195602972,1.432546342107205,impact_Y_1.5
2011-05-19,0.0006398003335509,89.75843605930923,0.0008975843605930924,-0.00025778402704219243,1.2170998897490926,1.4334628857347123,impact_Y_1.5
2011-05-26,-0.0287105889030139,87.97896661274746,0.0008797896661274745,-0.029590378569141373,1.1810854432549567,1.392307322114655,impact_Y_1.5
2011-06-03,-0.0160761067469428,180.2133875797417,0.0018021338757974168,-0.017878240622740217,1.1599697135044287,1.3699244409797897,impact_Y_1.5
2011-06-10,-0.0123769213595236,75.98987687805078,0.0007598987687805077,-0.013136820128304107,1.1447314000238407,1.3529689939052936,impact_Y_1.5
2011-06-17,0.0189046967751284,89.31784291975819,0.0008931784291975819,0.01801151834593082,1.1653497506365331,1.3785464624812236,impact_Y_1.5
2011-06-24,0.0464423369782225,116.70383564242799,0.0011670383564242799,0.045275298621798216,1.2181113085954403,1.4425693818319132,impact_Y_1.5
2011-07-01,-0.0188545647244945,0.0,0.0,-0.0188545647244945,1.1951443500858887,1.4153703640525892,impact_Y_1.5
2011-07-11,0.0146740234231431,0.0,0.0,0.0146740234231431,1.2126819262730861,1.4361395419271195,impact_Y_1.5
2011-07-18,-0.0302147473276882,246.6846220381087,0.002466846220381087,-0.032681593548069286,1.1730495484555394,1.3927469485404895,impact_Y_1.5
2011-07-25,-0.0264913033898776,375.4522244768035,0.003754522244768035,-0.030245825634645635,1.1375696963521533,1.3558512665813771,impact_Y_1.5
2011-08-01,-0.0122492431386554,309.17833861537395,0.0030917833861537395,-0.01534102652480914,1.1201182094665958,1.339243114757168,impact_Y_1.5
2011-08-08,-0.0085599952806742,121.66621901643266,0.0012166621901643266,-0.009776657470838527,1.109167197405792,1.3277792000151711,impact_Y_1.5
2011-08-15,-0.0020577210426227,42.576604438385935,0.00042576604438385933,-0.002483487087006559,1.1064125949937034,1.3250470008153432,impact_Y_1.5
2011-08-22,0.0110010656328782,183.51247768122215,0.0018351247768122216,0.00916594085606598,1.1165539074018223,1.3396239298379613,impact_Y_1.5
2011-08-29,-7.139651381244996e-08,0.0,0.0,-7.139651381244996e-08,1.1165538276837659,1.339623834193483,impact_Y_1.5
2011-09-06,-0.0042235753132361,53.645183044469704,0.000536451830444697,-0.0047600271436807964,1.1112390011566105,1.3339658320383607,impact_Y_1.5
2011-09-13,0.0114107293570142,0.0,0.0,0.0114107293570142,1.1239190486497674,1.3491873551192548,impact_Y_1.5
2011-09-20,-0.0195578256966578,248.5206935368085,0.002485206935368085,-0.022043032632025884,1.099144464384625,1.3228001839956978,impact_Y_1.5
2011-09-27,-0.0118916871216408,103.65525568104948,0.001036552556810495,-0.012928239678451295,1.0849344613078178,1.307069858083172,impact_Y_1.5
2011-10-04,0.0116983994525135,76.9423879199361,0.000769423879199361,0.01092897557331414,1.0967916835340976,1.3223604833953693,impact_Y_1.5
2011-10-11,-0.0047674664917717,88.30678438668924,0.0008830678438668925,-0.005650534335638593,1.0905942244672453,1.3160561741007388,impact_Y_1.5
2011-10-18,-0.0222647350910231,117.46495404153521,0.001174649540415352,-0.02343938463143845,1.0650313669631322,1.2867545320194804,impact_Y_1.5
2011-10-25,0.0064003415850327,345.543856613029,0.00345543856613029,0.0029449030189024096,1.0681677810509276,1.2949902005604939,impact_Y_1.5
2011-11-01,-0.0045713246168537,137.22466299145597,0.0013722466299145597,-0.005943571246768259,1.0618190497407491,1.2890703799780874,impact_Y_1.5
2011-11-08,-0.0115492675372058,319.050148006007,0.0031905014800600704,-0.014739769017265869,1.0461680822094377,1.274182561285433,impact_Y_1.5
2011-11-15,-0.018711470704749,49.64991830456314,0.0004964991830456314,-0.01920796988779463,1.026073317188787,1.2503407316174386,impact_Y_1.5
2011-11-22,0.0186945487459207,125.88839398868073,0.0012588839398868074,0.017435664806033892,1.043963587613706,1.273715287373671,impact_Y_1.5
2011-11-30,-0.0008305791756835,157.95834701742672,0.0015795834701742672,-0.002410162645857767,1.0414474655712036,1.2726573659802287,impact_Y_1.5
2011-12-07,-0.0177528542521499,343.64282351589105,0.0034364282351589106,-0.02118928248730881,1.0193799410275235,1.2500640652490567,impact_Y_1.5
2011-12-14,0.0083215055477277,266.40370739490936,0.0026640370739490936,0.005657468473778606,1.0251470509066891,1.2604664803030416,impact_Y_1.5
2011-12-21,-0.0032530847460288,106.42527533208887,0.0010642527533208886,-0.004317337499349689,1.020721145101462,1.2563660760230873,impact_Y_1.5
2011-12-29,0.012278711801858,161.99202527530775,0.0016199202527530775,0.010658791549104922,1.031600799016862,1.2717926329882059,impact_Y_1.5
2012-01-06,0.0049792012798117,265.0235038259095,0.0026502350382590946,0.002328966241552605,1.034003362452531,1.278125144494036,impact_Y_1.5
2012-01-13,0.0209292838383119,211.99394452574856,0.0021199394452574858,0.018809344393054414,1.053452287800477,1.3048753884240352,impact_Y_1.5
2012-01-23,0.0204743946425563,165.12604271429683,0.0016512604271429682,0.01882313421541333,1.0732815616032796,1.3315919220859878,impact_Y_1.5
2012-01-30,0.0302696707556567,350.5286429256824,0.003505286429256824,0.026764384326399875,1.1020072818084683,1.3718987711484227,impact_Y_1.5
2012-02-06,0.0155213337370484,0.0,0.0,0.0155213337370484,1.119111904610075,1.3931924698288638,impact_Y_1.5
2012-02-13,-0.0375048005840786,0.0,0.0,-0.0375048005840786,1.0771398357964057,1.3409410640726924,impact_Y_1.5
2012-02-21,0.0060488221809509,0.0,0.0,0.0060488221809509,1.0836552631271568,1.3490521781244034,impact_Y_1.5
2012-02-28,-0.0045084234770864,0.0,0.0,-0.0045084234770864,1.078769686297806,1.3429700796127328,impact_Y_1.5
2012-03-06,0.0163079589380349,0.0,0.0,0.0163079589380349,1.0963622180455472,1.3648711805260667,impact_Y_1.5
2012-03-13,0.031889234355182,0.0,0.0,0.031889234355182,1.1313243697549689,1.4083958774664964,impact_Y_1.5
2012-03-20,-0.0053291228262736,0.0,0.0,-0.0053291228262736,1.125295403232188,1.40089036284746,impact_Y_1.5
2012-03-27,0.0034726640466862,0.0,0.0,0.0034726640466862,1.1292031761208938,1.4057551844438696,impact_Y_1.5
2012-04-03,-0.0071185068168737,56.795405979946366,0.0005679540597994636,-0.007686460876673164,1.1205236000858256,1.3957483065805505,impact_Y_1.5
2012-04-11,0.0015094567857296,0.0,0.0,0.0015094567857296,1.1222149820375453,1.3978551283330891,impact_Y_1.5
2012-04-18,-0.0184762126981032,0.0,0.0,-0.0184762126981032,1.1014806993364217,1.3720280596608727,impact_Y_1.5
2012-04-25,-0.0018682452450369,199.23906231269578,0.0019923906231269577,-0.003860635868163858,1.0972282834404732,1.369464774762354,impact_Y_1.5
2012-05-02,-0.0321061064107065,0.0,0.0,-0.0321061064107065,1.0620005554154965,1.3254965929781197,impact_Y_1.5
2012-05-09,-0.0241611811308886,211.5894532298698,0.002115894532298698,-0.026277075663187297,1.0340942864664966,1.2934710297067997,impact_Y_1.5
2012-05-16,0.0216835948766968,80.60057253873285,0.0008060057253873285,0.02087758915130947,1.0556836821230606,1.3215181314997058,impact_Y_1.5
2012-05-23,-0.0272740643916725,0.0,0.0,-0.0272740643916725,1.0268908973995985,1.2854749608864202,impact_Y_1.5
2012-05-31,0.0203370235367194,0.0,0.0,0.0203370235367194,1.0477748017496569,1.3116176954218306,impact_Y_1.5
2012-06-07,-0.0129331852114947,0.0,0.0,-0.0129331852114947,1.0342237361786915,1.2946543008402662,impact_Y_1.5
2012-06-14,0.0026477720659326,225.8223347510606,0.002258223347510606,0.0003895487184219942,1.0346266167096816,1.2980822503330707,impact_Y_1.5
2012-06-21,-0.0382483300573176,0.0,0.0,-0.0382483300573176,0.9950538763876838,1.2484327719807857,impact_Y_1.5
2012-06-28,-0.00288044985006,38.26236218999496,0.0003826236218999496,-0.0032630734719599494,0.9918069424804722,1.2448367239899236,impact_Y_1.5
2012-07-06,-0.0073251038278188,0.0,0.0,-0.0073251038278188,0.9845418536496512,1.2357181657380156,impact_Y_1.5
2012-07-13,-0.037569673094865,0.0,0.0,-0.037569673094865,0.9475529380598213,1.1892926382138522,impact_Y_1.5
2012-07-20,0.0164482643929917,318.4763539996155,0.003184763539996155,0.013263500852995543,0.9601208072620362,1.2088544379678323,impact_Y_1.5
2012-07-27,-0.0051696882491171,234.5385809084288,0.002345385809084288,-0.007515074058201388,0.9529054282906418,1.202605037384977,impact_Y_1.5
2012-08-03,0.0116994989759568,214.24110027137036,0.0021424110027137037,0.009557087973243096,0.9620124292989964,1.2166749137883432,impact_Y_1.5
2012-08-10,0.0187876430331079,258.0370125845356,0.002580370125845356,0.016207272907262545,0.977604027280824,1.2395333677559361,impact_Y_1.5
2012-08-17,-0.0074316242529071,0.0,0.0,-0.0074316242529071,0.9703388414819442,1.2303216215178334,impact_Y_1.5
2012-08-24,-0.0005208241148858,0.0,0.0,-0.0005208241148858,0.96983346561369,1.2296808403482815,impact_Y_1.5
2012-08-31,-0.0027172111964516,0.0,0.0,-0.0027172111964516,0.967198223262231,1.226339537800825,impact_Y_1.5
2012-09-10,0.0065028882672952,116.2335524422002,0.0011623355244220022,0.005340552742873198,0.9723635963863761,1.2343142867929104,impact_Y_1.5
2012-09-17,0.0032979347015527,86.3352615413164,0.000863352615413164,0.002434582086139536,0.9747308953793526,1.238384974711947,impact_Y_1.5
2012-09-24,0.0434380954222344,0.0,0.0,0.0434380954222344,1.017071349023841,1.292178059412946,impact_Y_1.5
2012-10-01,-0.0159203911792531,0.0,0.0,-0.0159203911792531,1.0008791752901707,1.2716060792338437,impact_Y_1.5
2012-10-08,-0.0153850088585284,0.0,0.0,-0.0153850088585284,0.9854806403120148,1.2520424084402724,impact_Y_1.5
2012-10-15,-0.013695410494238,162.01628320541258,0.0016201628320541258,-0.015315573326292124,0.9703874393036749,1.2348951737004885,impact_Y_1.5
2012-10-22,0.0171810398581833,93.18584781310476,0.0009318584781310476,0.016249181380052255,0.9861554408138448,1.2561119569005148,impact_Y_1.5
2012-10-31,-0.0180211271668339,189.22703658493023,0.0018922703658493024,-0.019913397532683202,0.9665177354919002,1.23347540358943,impact_Y_1.5
2012-11-07,0.0303266743741983,83.72631720190508,0.0008372631720190508,0.02948941120217925,0.99501977442802,1.2708826105026696,impact_Y_1.5
2012-11-14,0.0160586631745632,200.36582065696444,0.0020036582065696444,0.014055004967993556,1.0090047823008577,1.2912912862791415,impact_Y_1.5
2012-11-21,-0.0035181039129765,0.0,0.0,-0.0035181039129765,1.005454998628033,1.2867483893520903,impact_Y_1.5
2012-11-29,0.0005319117230829,256.7971780707671,0.002567971780707671,-0.002036060057624771,1.0034078318655872,1.2874328259050447,impact_Y_1.5
2012-12-06,0.0130370686623479,170.262947879696,0.0017026294787969598,0.01133443918355094,1.0147808969121666,1.3042171760545296,impact_Y_1.5
2012-12-13,-0.0224293372694861,45.707347785202586,0.00045707347785202586,-0.022886410747338125,0.9915562044868825,1.2749644491401457,impact_Y_1.5
2012-12-20,-0.0045310542401894,149.3512359987113,0.001493512359987113,-0.006024566600176513,0.9855825080951331,1.2691875160667785,impact_Y_1.5
2012-12-28,0.0186275689369118,88.61995432524068,0.0008861995432524069,0.017741369393659393,1.0030680914391783,1.2928293940161801,impact_Y_1.5
2013-01-07,-0.0004724012795307,71.49712920271834,0.0007149712920271834,-0.0011873725715578834,1.0018770758999984,1.292218659756232,impact_Y_1.5
2013-01-14,0.0139240967394123,103.00763476505068,0.001030076347650507,0.012894020391761792,1.0147952993466918,1.3102116373831514,impact_Y_1.5
2013-01-22,0.091380387256944,0.0,0.0,0.091380387256944,1.107527686787519,1.4299392841957785,impact_Y_1.5
2013-01-29,0.014215371572022,212.98089993446035,0.0021298089993446036,0.012085562572677396,1.1209127819471623,1.4502664024460525,impact_Y_1.5
2013-02-05,-0.0148587951442234,319.69800850327556,0.0031969800850327555,-0.018055775229256155,1.100673832704724,1.428717191067557,impact_Y_1.5
2013-02-12,-0.0235647683478132,345.71421386797374,0.0034571421386797373,-0.02702191048649294,1.070931522922552,1.3950498014255115,impact_Y_1.5
2013-02-20,-0.0209481782911574,153.53159747930047,0.0015353159747930048,-0.022483494265950407,1.0468532401676973,1.3658260494602061,impact_Y_1.5
2013-02-27,0.0005671863199509,184.3060073263821,0.0018430600732638209,-0.001275873753312921,1.0455175875949967,1.3666007273108927,impact_Y_1.5
2013-03-06,0.0207710158504606,223.7087958144184,0.0022370879581441842,0.018533927892316417,1.064895135173631,1.3949864126791183,impact_Y_1.5
2013-03-13,-0.0173197362194616,215.5475518593328,0.002155475518593328,-0.01947521173805493,1.0441560769373,1.3708256159817829,impact_Y_1.5
2013-03-20,0.0088516600581579,175.57064887367264,0.0017557064887367263,0.007095953569421173,1.051565359978476,1.3829596983334684,impact_Y_1.5
2013-03-27,-0.0418415626634805,0.0,0.0,-0.0418415626634805,1.0075662220741912,1.3250945034545805,impact_Y_1.5
2013-04-04,0.0149563154100681,346.1455036640047,0.003461455036640047,0.011494860373428053,1.0191480551139163,1.3449130347963947,impact_Y_1.5
2013-04-11,-0.0175041272024386,0.0,0.0,-0.0175041272024386,1.0013087579190845,1.321371505959101,impact_Y_1.5
2013-04-18,0.0719914943889936,76.37925632163527,0.0007637925632163527,0.07122770182577726,1.0726296795636843,1.4164990153161316,impact_Y_1.5
2013-04-25,0.002670174674018,221.66846314288406,0.0022166846314288407,0.00045349004258915917,1.0731161064427521,1.4202813151126004,impact_Y_1.5
2013-05-02,0.0120217263655554,147.57484601385846,0.0014757484601385846,0.010545977905416816,1.0844331651912444,1.4373555484449951,impact_Y_1.5
2013-05-09,0.008811226694234,181.84567315148493,0.0018184567315148493,0.006992769962719151,1.0920163568553702,1.450020414022559,impact_Y_1.5
2013-05-16,-0.0066068417289375,0.0,0.0,-0.0066068417289375,1.0848015776202158,1.4404403586433834,impact_Y_1.5
2013-05-23,-0.0202496392683376,229.03356883415609,0.002290335688341561,-0.02253997495667916,1.0603501772276902,1.4112719609933,impact_Y_1.5
2013-05-31,0.0260169870655273,0.0,0.0,0.0260169870655273,1.0879372940735526,1.4479890053484041,impact_Y_1.5
2013-06-07,-0.0156766957412662,0.0,0.0,-0.0156766957412662,1.070882032128785,1.4252893222748586,impact_Y_1.5
2013-06-14,-0.0107062648819254,218.8766748957404,0.002188766748957404,-0.012895031630882806,1.0570729744515404,1.410029797257204,impact_Y_1.5
2013-06-21,0.0263124575142055,0.0,0.0,0.0263124575142055,1.0848871621812113,1.447131146391298,impact_Y_1.5
2013-06-28,-0.010760656828592,0.0,0.0,-0.010760656828592,1.0732130637312343,1.4315590647390144,impact_Y_1.5
2013-07-08,0.0441608807432172,0.0,0.0,0.0441608807432172,1.120607097850732,1.4947779738738256,impact_Y_1.5
2013-07-15,-0.0268830574161947,313.77776117931694,0.0031377776117931695,-0.030020835027987868,1.086965537034963,1.4545937717777124,impact_Y_1.5
2013-07-22,-0.000240210264785,217.86884715747115,0.0021786884715747114,-0.0024188987363597115,1.0843362774709624,1.454244363422639,impact_Y_1.5
2013-07-29,-0.0073139014233198,346.528183290865,0.00346528183290865,-0.01077918325622845,1.0726480180247264,1.4436081635031475,impact_Y_1.5
2013-08-05,-0.0005089475834205,146.44222828086117,0.0014644222828086118,-0.001973369866229112,1.070531286748886,1.4428734426169265,impact_Y_1.5
2013-08-12,-0.0188033268241054,178.15543274729828,0.0017815543274729828,-0.020584881151578385,1.048494527442114,1.4157426217095785,impact_Y_1.5
2013-08-19,-0.0042308584671833,0.0,0.0,-0.0042308584671833,1.0440584954928902,1.4097528150511662,impact_Y_1.5
2013-08-26,0.0226836099049914,118.07863642429982,0.0011807863642429983,0.0215028235407484,1.066508701087693,1.4417310979702505,impact_Y_1.5
2013-09-03,0.0140196902937401,0.0,0.0,0.0140196902937401,1.0814608227725215,1.4619437214506474,impact_Y_1.5
2013-09-10,0.0028544383699055,40.064726953940664,0.00040064726953940665,0.0024537911003660933,1.0841145017148355,1.4661167497037983,impact_Y_1.5
2013-09-17,-0.0126113446061329,177.44081987037873,0.0017744081987037873,-0.014385752804836689,1.068518698481027,1.4476270461404603,impact_Y_1.5
2013-09-24,0.0246388207017935,186.62615531211605,0.0018662615531211606,0.02277255914867234,1.0928516037436486,1.4832948693733823,impact_Y_1.5
2013-10-01,-0.0378835025440656,0.0,0.0,-0.0378835025440656,1.05145055723294,1.4271024644158763,impact_Y_1.5
2013-10-08,0.0357058712787723,168.56094017983318,0.0016856094017983318,0.03402026187697396,1.0872211805406948,1.4780584013119284,impact_Y_1.5
2013-10-15,-0.0053033934190461,0.0,0.0,-0.0053033934190461,1.0814552188867679,1.470219676113445,impact_Y_1.5
2013-10-22,-0.0041814380661464,0.0,0.0,-0.0041814380661464,1.076933180867682,1.4640720435941468,impact_Y_1.5
2013-10-29,0.0051416295684592,0.0,0.0,0.0051416295684592,1.0824703723536861,1.471599759703845,impact_Y_1.5
2013-11-05,0.0501381812144277,119.59563573122338,0.0011959563573122338,0.04894222485711547,1.1354488807185856,1.5453830951309846,impact_Y_1.5
2013-11-12,-0.0002337171348335,0.0,0.0,-0.0002337171348335,1.135183506859434,1.5450219126217704,impact_Y_1.5
2013-11-19,0.0384061135667061,184.10170247638837,0.0018410170247638838,0.03656509654194221,1.1766916013805697,1.6043601996609718,impact_Y_1.5
2013-11-26,-0.0018682315952079,261.0165673149349,0.002610165673149349,-0.004478397268357249,1.171421908927248,1.601362883245871,impact_Y_1.5
2013-12-04,0.0193196359869756,0.0,0.0,0.0193196359869756,1.1940533537948905,1.632300631233235,impact_Y_1.5
2013-12-11,0.0100059903997916,0.0,0.0,0.0100059903997916,1.2060010401898011,1.6486334156789286,impact_Y_1.5
2013-12-18,0.0152164613826451,47.92222147002141,0.0004792222147002141,0.014737239167944886,1.2237741659558685,1.6737197823827454,impact_Y_1.5
2013-12-26,-0.007238674126004,213.7205889304383,0.0021372058893043833,-0.009375880015308383,1.212300206210032,1.6616042702998304,impact_Y_1.5
2014-01-03,0.0106140589027157,46.44508507319073,0.0004644508507319073,0.010149608051983793,1.224604578144403,1.6792406358977967,impact_Y_1.5
2014-01-10,0.0357047931764142,0.0,0.0,0.0357047931764142,1.268328831329939,1.7391975754959579,impact_Y_1.5
2014-01-17,-0.0253223225137688,109.54239802988252,0.0010954239802988253,-0.026417746494067626,1.2348224417927476,1.6951570535740845,impact_Y_1.5
2014-01-27,-0.0073161185486546,143.36839100077358,0.0014336839100077359,-0.008749802458662337,1.224017989355538,1.6827550836115486,impact_Y_1.5
2014-02-03,0.0353367131772362,107.9028673642085,0.0010790286736420851,0.034257684503594114,1.2659500114616036,1.742218117348666,impact_Y_1.5
2014-02-10,0.0330654654667625,0.0,0.0,0.0330654654667625,1.3078092378482349,1.7998253703434264,impact_Y_1.5
2014-02-18,0.0029733659636153,0.0,0.0,0.0029733659636153,1.3116978333229545,1.8051769098400567,impact_Y_1.5
2014-02-25,0.0162291601891658,219.2462531115823,0.002192462531115823,0.014036697658049978,1.330109739228028,1.8344734150796342,impact_Y_1.5
2014-03-04,-0.0365249606983462,0.0,0.0,-0.0365249606983462,1.2815275332782368,1.7674693456916897,impact_Y_1.5
2014-03-11,-0.0043383314287449,83.0148619096069,0.0008301486190960691,-0.005168480047840969,1.2749039837917293,1.7598014778799322,impact_Y_1.5
2014-03-18,-0.0441040727805889,0.0,0.0,-0.0441040727805889,1.218675525702316,1.6821870654201279,impact_Y_1.5
2014-03-25,0.0116159498605338,123.47682101523885,0.0012347682101523886,0.01038118165038141,1.2313268177075058,1.7017272660280864,impact_Y_1.5
2014-04-01,-0.0462932029099491,268.54983347878186,0.0026854983347878187,-0.04897870124473692,1.1710180293683774,1.6229488604044553,impact_Y_1.5
2014-04-08,-0.0163213684533864,358.5869992467323,0.0035858699924673234,-0.019907238445853723,1.1477062942333474,1.5964601140727905,impact_Y_1.5
2014-04-15,0.0059858703474309,253.6069475258015,0.002536069475258015,0.003449800872172885,1.1516656524081919,1.6060163173304751,impact_Y_1.5
2014-04-23,0.0026259675781135,73.52984334089977,0.0007352984334089977,0.0018906691447045025,1.153843071122216,1.6102336641097061,impact_Y_1.5
2014-04-30,0.042089300956875,126.71946611781853,0.0012671946611781853,0.04082210629569681,1.2009453756201205,1.6780072734093112,impact_Y_1.5
2014-05-07,-0.0045528101987767,0.0,0.0,-0.0045528101987767,1.1954776992658234,1.6703676247813117,impact_Y_1.5
2014-05-14,-0.0171670810815631,0.0,0.0,-0.0171670810815631,1.1749548366713265,1.641692288330673,impact_Y_1.5
2014-05-21,0.0058992151486157,0.0,0.0,0.0058992151486157,1.1818861480427572,1.651376984347359,impact_Y_1.5
2014-05-29,0.0109171929672727,185.7447186717109,0.001857447186717109,0.009059745780555592,1.1925937360855847,1.6694053855471918,impact_Y_1.5
2014-06-05,0.0101130260513754,180.889377818328,0.00180889377818328,0.008304132273192119,1.2024971922182197,1.6862881257015367,impact_Y_1.5
2014-06-12,0.0255900906817582,208.65831712087925,0.0020865831712087923,0.023503507510549408,1.2307600940069352,1.729440391753811,impact_Y_1.5
2014-06-19,-0.025126670654986,70.80650624502304,0.0007080650624502304,-0.02583473571743623,1.198963732246699,1.685985312612783,impact_Y_1.5
2014-06-26,0.0088111871699338,143.34008745976035,0.0014334008745976036,0.0073777862953361955,1.2078094304390739,1.7008408447679737,impact_Y_1.5
2014-07-03,0.0042117089359778,120.34480991734661,0.001203448099173466,0.003008260836804334,1.2114428362469867,1.708004291352559,impact_Y_1.5
2014-07-11,0.0099008115188509,0.0,0.0,0.0099008115188509,1.2234371034345302,1.724914919914629,impact_Y_1.5
2014-07-18,-0.0266894679889196,36.19041840154121,0.0003619041840154121,-0.027051372172935014,1.190341451019345,1.6788778583759576,impact_Y_1.5
2014-07-25,-0.0054715350185961,31.32929830571776,0.0003132929830571776,-0.005784828001653278,1.1834555304619598,1.669691819381908,impact_Y_1.5
2014-08-01,-0.0095902301278526,38.6505978069933,0.000386505978069933,-0.009976736105922533,1.1716485069414464,1.6536790905914425,impact_Y_1.5
2014-08-08,0.0176547259441179,465.15455479680816,0.0046515455479680815,0.013003180396149821,1.1868836638380857,1.6828743417353527,impact_Y_1.5
2014-08-15,0.0033576753006409,596.8649238354317,0.005968649238354317,-0.002610973937713417,1.1837847415247067,1.6885248873466796,impact_Y_1.5
2014-08-22,0.0067961437532698,0.0,0.0,0.0067961437532698,1.191829912801036,1.7000003452120613,impact_Y_1.5
2014-08-29,-0.0161641852483002,197.791879582843,0.00197791879582843,-0.01814210404412863,1.1702076105200947,1.6725212247098793,impact_Y_1.5
2014-09-08,-0.0053403475473708,313.0222198953163,0.003130222198953163,-0.008470569746323963,1.160295285337505,1.6635893800895742,impact_Y_1.5
2014-09-15,0.0161599810632556,115.19982840902605,0.0011519982840902606,0.015007982779165338,1.1777089769985971,1.690472952968855,impact_Y_1.5
2014-09-22,0.0157055277295532,149.0126831741457,0.001490126831741457,0.014215400897811743,1.194450582247584,1.717022722807767,impact_Y_1.5
2014-09-29,-0.019858809199158,0.0,0.0,-0.019858809199158,1.170730216036906,1.6829246961649087,impact_Y_1.5
2014-10-06,-0.0070639613971898,77.58213890682222,0.0007758213890682222,-0.007839782786258022,1.1615519454418677,1.6710365810768224,impact_Y_1.5
2014-10-13,0.0263290220895528,58.18932187990272,0.0005818932187990272,0.025747128870753772,1.1914585730712342,1.715033340132445,impact_Y_1.5
2014-10-20,0.0046459775031676,54.404690761226476,0.0005440469076122647,0.004101930595555336,1.1963458534454519,1.7230013464478826,impact_Y_1.5
2014-10-27,-0.0042722679730995,92.18117767753395,0.0009218117767753395,-0.005194079749874839,1.190131937674224,1.715640222977846,impact_Y_1.5
2014-11-03,0.0308980282828424,96.67648208277384,0.0009667648208277384,0.029931263462014662,1.2257540902553092,1.7686501231105975,impact_Y_1.5
2014-11-10,0.0070615672102173,140.6731856326494,0.001406731856326494,0.005654835353890806,1.2326855278200612,1.781139564826302,impact_Y_1.5
2014-11-17,-0.004489617682777,0.0,0.0,-0.004489617682777,1.227151241077057,1.773142929140564,impact_Y_1.5
2014-11-24,-8.042536677536124e-05,130.32507597765397,0.0013032507597765396,-0.0013836761265519008,1.2254532612011102,1.7730003234701428,impact_Y_1.5
2014-12-02,-0.0069184667041753,174.77630105159,0.0017477630105159,-0.0086662297146912,1.214833201734924,1.7607338797657226,impact_Y_1.5
2014-12-09,-0.008035780390545,60.88850165801496,0.0006088850165801496,-0.008644665407125149,1.204331375180459,1.746585008981733,impact_Y_1.5
2014-12-16,0.0059200339048644,121.1228192620833,0.0012112281926208329,0.004708805712243568,1.2100023376393427,1.7569248514526328,impact_Y_1.5
2014-12-23,-0.0069877659011534,0.0,0.0,-0.0069877659011534,1.2015471245640708,1.7446478718847631,impact_Y_1.5
2014-12-31,0.0138213199796925,111.11772235950934,0.0011111772235950935,0.012710142756097406,1.2168189600454584,1.768761208373972,impact_Y_1.5
2015-01-08,-0.0042095540885162,55.32406638866297,0.0005532406638866297,-0.00476279475240283,1.2110235010879296,1.7613155123976525,impact_Y_1.5
2015-01-15,0.0257783957175396,159.99808045739383,0.0015999808045739383,0.02417841491296566,1.2403041297665858,1.8067194006596803,impact_Y_1.5
2015-01-23,0.0068423047090853,125.87145798319787,0.0012587145798319786,0.005583590129253321,1.2472294796628227,1.8190815253228099,impact_Y_1.5
2015-01-30,-0.0144054751957906,0.0,0.0,-0.0144054751957906,1.229262546330081,1.7928767915306512,impact_Y_1.5
2015-02-06,0.0121532932858781,415.55894621817913,0.0041555894621817914,0.007997703823696307,1.2390938240971916,1.8146661490035674,impact_Y_1.5
2015-02-13,0.0015544770636804,0.0,0.0,0.0015544770636804,1.2410199670264987,1.8174870059104307,impact_Y_1.5
2015-02-23,0.0049012472310598,36.288098715792955,0.00036288098715792956,0.00453836624390187,1.24665217015286,1.8263949590656365,impact_Y_1.5
2015-03-02,-0.0074855533426718,137.66739877768097,0.0013766739877768097,-0.00886222733044861,1.2356040552189682,1.812723382174764,impact_Y_1.5
2015-03-09,0.0050442156960285,145.17525729725526,0.0014517525729725526,0.003592463123055947,1.2400429172220406,1.8218671499116876,impact_Y_1.5
2015-03-16,0.0115932506002533,0.0,0.0,0.0115932506002533,1.254419045516465,1.8429885123409833,impact_Y_1.5
2015-03-23,-0.0179898610161275,131.16717615809443,0.0013116717615809443,-0.019301532777708446,1.2302068351924473,1.8098334051496494,impact_Y_1.5
2015-03-30,0.0206549487290204,159.46075273734567,0.0015946075273734568,0.019060341201646944,1.2536549972198137,1.8472154213410839,impact_Y_1.5
2015-04-07,0.0134149552431472,0.0,0.0,0.0134149552431472,1.2704727228978654,1.871995733542826,impact_Y_1.5
2015-04-14,0.0039474531884473,182.68932412924863,0.0018268932412924862,0.002120559947154814,1.2731668364679953,1.8793853490699595,impact_Y_1.5
2015-04-21,-0.007889010764581,252.28305335915627,0.0025228305335915626,-0.010411841298172561,1.2599108254205942,1.8645588578203507,impact_Y_1.5
2015-04-28,0.0077136884952949,117.16815256338108,0.001171681525633811,0.00654200696966109,1.2681531708216471,1.8789414840307197,impact_Y_1.5
2015-05-05,-0.0120360234033271,256.3497988013439,0.0025634979880134394,-0.01459952139134054,1.24963874147674,1.8563265003554439,impact_Y_1.5
2015-05-12,-0.0073531803991402,0.0,0.0,-0.0073531803991402,1.240449922376907,1.8426765967186256,impact_Y_1.5
2015-05-19,-0.0093255278332592,217.85640853069387,0.0021785640853069386,-0.011504091918566137,1.2261796724495049,1.8254926648282306,impact_Y_1.5
2015-05-27,0.000122306501268,63.73970398805256,0.0006373970398805256,-0.0005150905386125256,1.2255480789015871,1.8257159344491563,impact_Y_1.5
2015-06-03,0.0163793940428924,0.0,0.0,0.0163793940428924,1.2456218138044262,1.8556200551498867,impact_Y_1.5
2015-06-10,0.0117301478591577,0.0,0.0,0.0117301478591577,1.2602331418569441,1.877386752767213,impact_Y_1.5
2015-06-17,-0.010769358757248,0.0,0.0,-0.010769358757248,1.2466612390345129,1.8571685013005579,impact_Y_1.5
2015-06-24,-0.0104452051232384,0.0,0.0,-0.0104452051232384,1.2336396066736068,1.8377699953560562,impact_Y_1.5
2015-07-01,0.0057667588552551,120.71566383607906,0.0012071566383607907,0.004559602216894309,1.2392645125590445,1.8483679717506978,impact_Y_1.5
2015-07-09,0.0416911576053667,75.14846833588584,0.0007514846833588584,0.04093967292200784,1.2899995963670632,1.9254285721736681,impact_Y_1.5
2015-07-16,-0.0135119725148994,0.0,0.0,-0.0135119725148994,1.2725691572767202,1.8994122342270554,impact_Y_1.5
2015-07-23,0.0135291741596344,76.56831549640422,0.0007656831549640422,0.012763491004670356,1.2888115822684425,1.9251097131448536,impact_Y_1.5
2015-07-30,0.0256863640825645,67.54671133766186,0.0006754671133766187,0.02501089696918788,1.3210459159652543,1.9745587821355735,impact_Y_1.5
2015-08-06,0.0124483779827469,0.0,0.0,0.0124483779827469,1.3374907948597539,1.9991388362047495,impact_Y_1.5
2015-08-13,-0.0549523027373934,0.0,0.0,-0.0549523027373934,1.2639925957921438,1.8892815536635459,impact_Y_1.5
2015-08-20,0.0291511176931846,131.76576418409132,0.0013176576418409132,0.027833460051343687,1.2991738832123187,1.9443562225899547,impact_Y_1.5
2015-08-27,-0.0208544519857594,277.3762725919313,0.002773762725919313,-0.023628214711678714,1.2684767237519727,1.90380773910274,impact_Y_1.5
2015-09-03,0.0077053029452767,45.90830916636311,0.0004590830916636311,0.007246219853613068,1.2776683849714705,1.9184771544820889,impact_Y_1.5
2015-09-11,0.0082509827240855,96.82897810342251,0.0009682897810342251,0.007282692943051275,1.2869732515022618,1.9343064763402733,impact_Y_1.5
2015-09-18,-0.033871697308346,66.0269401612708,0.000660269401612708,-0.03453196670995871,1.2425315340247785,1.8687882328721022,impact_Y_1.5
2015-09-25,0.0100786717360659,45.52046883043026,0.0004552046883043026,0.009623467047761597,1.2544889952982705,1.8876231360154427,impact_Y_1.5
2015-10-02,0.0064463693266051,44.753386531073474,0.00044753386531073475,0.005998835461294366,1.2620144683690693,1.8997914518996426,impact_Y_1.5
2015-10-09,0.0056564104148122,0.0,0.0,0.0056564104148122,1.2691529401515957,1.910537452054139,impact_Y_1.5
2015-10-16,0.0078345629085294,55.3944580444263,0.000553944580444263,0.007280618328085138,1.2783931583088066,1.9255056779113586,impact_Y_1.5
2015-10-23,0.0069433092645913,120.79958104529958,0.0012079958104529958,0.005735313454138304,1.2857251437893333,1.9388750593238235,impact_Y_1.5
2015-10-30,0.0191676789352294,0.0,0.0,0.0191676789352294,1.3103695105444388,1.9760387939564663,impact_Y_1.5
2015-11-06,-0.0123155681432815,0.0,0.0,-0.0123155681432815,1.2942315655444503,1.9517027535357276,impact_Y_1.5
2015-11-13,0.0147914053241005,85.14090683789428,0.0008514090683789428,0.013939996255721558,1.3122731487221766,1.9805711800354375,impact_Y_1.5
2015-11-20,0.014337290411852,76.49316848737618,0.0007649316848737618,0.013572358726978238,1.3300837906444152,2.00896720422495,impact_Y_1.5
2015-11-30,0.0001128709259979,55.812655110100025,0.0005581265511010003,-0.0004452556251031003,1.3294915633547724,2.00919395821359,impact_Y_1.5
2015-12-07,-0.0116506809694545,0.0,0.0,-0.0116506809694545,1.3140020812985445,1.985785480400688,impact_Y_1.5
2015-12-14,-0.0012738483004385,123.74853028291777,0.0012374853028291777,-0.0025113336032676777,1.3107021837170156,1.9832558909414442,impact_Y_1.5
2015-12-21,0.0112788374365362,131.42103261184812,0.0013142103261184813,0.009964627110417719,1.3237628422305658,2.0056247117304253,impact_Y_1.5
2015-12-29,-0.0719186969752124,92.800229974775,0.0009280022997477499,-0.07284669927496015,1.2273310885512294,1.8613827958414872,impact_Y_1.5
2016-01-06,-0.0051002187945873,66.32538019870363,0.0006632538019870363,-0.005763472596574336,1.2202573994554407,1.851889336322215,impact_Y_1.5
2016-01-13,-0.0075766500041557,231.24541718166407,0.0023124541718166406,-0.00988910417597234,1.2081901469107248,1.8378582189744734,impact_Y_1.5
2016-01-21,-0.0188478668281405,237.74816706944597,0.00237748167069446,-0.021225348498834958,1.1825458899896861,1.803218512014239,impact_Y_1.5
2016-01-28,0.0047018665176891,193.64930909304698,0.0019364930909304698,0.00276537342675863,1.185816070969786,1.8116970047599557,impact_Y_1.5
2016-02-04,-0.0109429571387476,149.951044503617,0.00149951044503617,-0.01244246758378377,1.1710615929464145,1.7918716820884701,impact_Y_1.5
2016-02-11,0.010723688276215,73.5584707841376,0.000735584707841376,0.009988103568373624,1.1827582774217078,1.8110871554381638,impact_Y_1.5
2016-02-19,-0.0011050798359282,79.46144329980564,0.0007946144329980564,-0.0018996942689262564,1.1805113983005648,1.8090857595415806,impact_Y_1.5
2016-02-26,0.0078459354551761,130.46001529690642,0.0013046001529690642,0.006541335302207036,1.188233519184926,1.8232797296438221,impact_Y_1.5
2016-03-04,-0.0104390798387663,172.90992285593626,0.0017290992285593626,-0.012168179067325662,1.1737748809496853,1.8042463669776658,impact_Y_1.5
2016-03-11,0.0151359120281188,0.0,0.0,0.0151359120281188,1.1915410342885553,1.8315552812652927,impact_Y_1.5
2016-03-18,0.0062286487790567,232.60028958642366,0.0023260028958642367,0.0039026458831924633,1.1961911970006764,1.8429633958317204,impact_Y_1.5
2016-03-28,-0.0167451928782489,0.0,0.0,-0.0167451928782489,1.1761607446876365,1.8121026183009656,impact_Y_1.5
2016-04-04,0.0289226758411547,230.06305739010207,0.0023006305739010206,0.026622045267253678,1.2074725492742775,1.8645134749209922,impact_Y_1.5
2016-04-11,0.0239981747031811,226.888142788974,0.00226888142788974,0.02172929327529136,1.233710074419322,1.9092583950285813,impact_Y_1.5
2016-04-18,-0.0215633559255273,0.0,0.0,-0.0215633559255273,1.2071071449757094,1.8680883767027792,impact_Y_1.5
2016-04-25,0.0071234506196578,0.0,0.0,0.0071234506196578,1.2157059131155799,1.881395612007378,impact_Y_1.5
2016-05-02,-0.0064328516234034,111.05297406203762,0.0011105297406203763,-0.0075433813640237764,1.2065353797864502,1.8692928731904124,impact_Y_1.5
2016-05-09,-0.0014555788489778,200.68199975402908,0.002006819997540291,-0.003462398846518091,1.2023578730791944,1.8665719700216514,impact_Y_1.5
2016-05-16,-0.0041153903391421,0.0,0.0,-0.0041153903391421,1.197409701104133,1.8588902977689108,impact_Y_1.5
2016-05-23,0.0039348444225824,0.0,0.0,0.0039348444225824,1.2021213219880686,1.8662047418892793,impact_Y_1.5
2016-05-31,0.0042267695602219,68.38949776482549,0.0006838949776482549,0.0035428745825736453,1.20638028706491,1.8740927592854386,impact_Y_1.5
2016-06-07,0.004391415577362,0.0,0.0,0.004391415577362,1.2116780042497493,1.8823226794219858,impact_Y_1.5
2016-06-14,0.021708065865024,0.0,0.0,0.021708065865024,1.2379811901732036,1.9231842641261065,impact_Y_1.5
2016-06-21,0.008515992749996,107.9011169567813,0.0010790111695678129,0.007436981580428187,1.2471880334814385,1.9395620873763109,impact_Y_1.5
2016-06-28,0.0005136307305052,166.5389111886385,0.0016653891118863851,-0.001151758381381185,1.245751574210718,1.94055830606811,impact_Y_1.5
2016-07-06,0.0408454268411348,206.9538425853276,0.002069538425853276,0.03877588841528152,1.294056698245474,2.0198212383895715,impact_Y_1.5
2016-07-13,0.0166134321758762,0.0,0.0,0.0166134321758762,1.3155554214335134,2.053377401540951,impact_Y_1.5
2016-07-20,0.0575022854508659,0.0,0.0,0.0575022854508659,1.3912028648032178,2.1714512950227163,impact_Y_1.5
2016-07-27,0.0048683588139023,0.0,0.0,0.0048683588139023,1.3979757395320085,2.1820226990737996,impact_Y_1.5
2016-08-03,0.0127106092541088,0.0,0.0,0.0127106092541088,1.4157448629039235,2.209757536985322,impact_Y_1.5
2016-08-10,0.029805278939695,0.0,0.0,0.029805278939695,1.4579415334502153,2.275619976764263,impact_Y_1.5
2016-08-17,0.0007442031398119,82.388131492661,0.00082388131492661,-7.967817511470997e-05,1.4578253673294062,2.27731350029599,impact_Y_1.5
2016-08-24,-0.0046196105449085,202.9107113305101,0.002029107113305101,-0.006648717658213601,1.4481326980670515,2.26679319883596,impact_Y_1.5
2016-08-31,-0.0390620038718706,0.0,0.0,-0.0390620038718706,1.3915657330081739,2.1782477141262997,impact_Y_1.5
2016-09-08,0.0116922771245899,244.09351650698375,0.0024409351650698376,0.009251341959520062,1.4044395834633827,2.203716390045869,impact_Y_1.5
2016-09-15,0.0187519395614378,0.0,0.0,0.0187519395614378,1.4307755496501788,2.245040346602559,impact_Y_1.5
2016-09-22,0.0162894499159214,538.1605777904346,0.005381605777904345,0.010907844138017053,1.4463822263422486,2.2816108188877644,impact_Y_1.5
2016-09-29,-0.0062407402495208,224.1736034894656,0.002241736034894656,-0.008482476284415456,1.4341133234091004,2.2673718784165895,impact_Y_1.5
2016-10-06,-0.0156698071881222,95.67460648088006,0.0009567460648088005,-0.016626553252931,1.410268961866701,2.231842598258031,impact_Y_1.5
2016-10-13,0.0165618752864575,357.2508256156629,0.003572508256156629,0.012989367030300871,1.428587463023829,2.2688060970293837,impact_Y_1.5
2016-10-20,0.0175594654494303,200.73818630149992,0.0020073818630149992,0.0155520835864153,1.4508049746592808,2.308645119301628,impact_Y_1.5
2016-10-27,-0.0407397376629838,0.0,0.0,-0.0407397376629838,1.39169956059151,2.214591522784352,impact_Y_1.5
2016-11-03,0.0622856832454877,193.30212895231674,0.0019330212895231674,0.06035266195596453,1.4756923337161536,2.3525288688906403,impact_Y_1.5
2016-11-10,-0.0087358581185022,160.0868433052016,0.001600868433052016,-0.010336726551554216,1.4604385055883047,2.3319775104723313,impact_Y_1.5
2016-11-17,0.0541081744021828,0.0,0.0,0.0541081744021828,1.5394601669523398,2.458156556310936,impact_Y_1.5
2016-11-25,-0.0069372188356132,0.0,0.0,-0.0069372188356132,1.5287805948854818,2.44110378634761,impact_Y_1.5
2016-12-02,0.0109410442814302,0.0,0.0,0.0109410442814302,1.545507051070715,2.467812010969606,impact_Y_1.5
2016-12-09,0.0087411352954219,309.79649176989085,0.0030979649176989085,0.005643170377722991,1.554228610679879,2.4893834896411584,impact_Y_1.5
2016-12-16,0.0454648842784112,0.0,0.0,0.0454648842784112,1.6248914346066354,2.602563021922281,impact_Y_1.5
2016-12-23,-0.0203983930796572,0.0,0.0,-0.0203983930796572,1.5917462604117611,2.5494749183865295,impact_Y_1.5
2017-01-03,0.0228297272085118,0.0,0.0,0.0228297272085118,1.6280853933221304,2.607678735298237,impact_Y_1.5
2017-01-10,-0.0021650884768872,0.0,0.0,-0.0021650884768872,1.6245604443976602,2.6020328801170187,impact_Y_1.5
2017-01-18,0.0310664482785118,0.0,0.0,0.0310664482785118,1.6750297674188566,2.6828688000061613,impact_Y_1.5
2017-01-25,0.0230544602474449,201.95093614537453,0.0020195093614537455,0.021034950885991156,1.7102639363090852,2.744720892105014,impact_Y_1.5
2017-02-01,0.013254517068206,0.0,0.0,0.013254517068206,1.732932658844031,2.781100842016881,impact_Y_1.5
2017-02-08,-0.0034316593313393,0.0,0.0,-0.0034316593313393,1.7269858243147262,2.771557051360978,impact_Y_1.5
2017-02-15,0.0037447769091151,0.0,0.0,0.0037447769091151,1.733453000951989,2.7819359142092095,impact_Y_1.5
2017-02-23,-0.0178127074474176,0.0,0.0,-0.0178127074474176,1.7025755097721833,2.7323821036319367,impact_Y_1.5
2017-03-02,-0.0003161634750327,50.025877939548025,0.0005002587793954803,-0.0008164222544281804,1.701185489236161,2.731518224210935,impact_Y_1.5
2017-03-09,-0.0001747748219562,177.71005185426995,0.0017771005185426994,-0.0019518753404988995,1.6978649872301064,2.7310408235996286,impact_Y_1.5
2017-03-16,-0.0071702322645388,95.1138491846013,0.0009511384918460131,-0.008121370756384813,1.684075996174526,2.7114586265704816,impact_Y_1.5
2017-03-23,0.0162269335007255,0.0,0.0,0.0162269335007255,1.711403385374618,2.7554572853938093,impact_Y_1.5
2017-03-30,0.0098671911418459,239.76875482240118,0.0023976875482240117,0.007469503593621888,1.7241867191118103,2.782645909111982,impact_Y_1.5
2017-04-06,-0.0158500552012241,175.77071960736276,0.0017577071960736277,-0.01760776239729773,1.6938276490331132,2.738540817847097,impact_Y_1.5
2017-04-13,0.0087034988038487,112.9965578480092,0.001129965578480092,0.007573533225368608,1.7066559090111135,2.7623757045795205,impact_Y_1.5
2017-04-21,0.0171973089042498,129.08262934494522,0.0012908262934494521,0.01590648261080035,1.7338028015504185,2.8098811328807693,impact_Y_1.5
2017-04-28,-0.0227988156846828,0.0,0.0,-0.0227988156846828,1.694274151044284,2.745819170836353,impact_Y_1.5
2017-05-05,0.0179135300702416,87.62963492956494,0.0008762963492956494,0.01703723372094595,1.7231398957429827,2.7950064851205756,impact_Y_1.5
2017-05-12,-0.0068208622523702,0.0,0.0,-0.0068208622523702,1.7113865958725563,2.7759421308910865,impact_Y_1.5
2017-05-19,0.0146715745535639,36.09146820959142,0.0003609146820959142,0.014310659871467984,1.7358776673546779,2.8166695728208344,impact_Y_1.5
2017-05-26,0.0161187614201093,0.0,0.0,0.0161187614201093,1.7638578653292636,2.8620707976644146,impact_Y_1.5
2017-06-05,-0.011267198111442,0.0,0.0,-0.011267198111442,1.7439841293201734,2.8298232789781568,impact_Y_1.5
2017-06-12,0.0045446443841511,0.0,0.0,0.0045446443841511,1.751909916999537,2.842683819451105,impact_Y_1.5
2017-06-19,-0.0205606048501464,0.0,0.0,-0.0205606048501464,1.7158895894630566,2.784236520725466,impact_Y_1.5
2017-06-26,-0.0112974525159767,192.0070067809325,0.001920070067809325,-0.013217522583786025,1.6932097800630452,2.7527817408393216,impact_Y_1.5
2017-07-03,0.0475824266689398,74.6211657704396,0.000746211657704396,0.04683621501123541,1.7725133173812047,2.883765776158405,impact_Y_1.5
2017-07-11,0.011617184931924,74.42916122500459,0.0007442916122500459,0.010872893319673956,1.791785665588792,2.9172670164803907,impact_Y_1.5
2017-07-18,0.011756805278742,62.90435613963696,0.0006290435613963696,0.01112776171734563,1.8117242295240195,2.951564756739247,impact_Y_1.5
2017-07-25,-0.0142739343458231,117.61661055313797,0.0011761661055313798,-0.01545010045135448,1.7837329081877205,2.9094343151841056,impact_Y_1.5
2017-08-01,-0.0201640652150636,0.0,0.0,-0.0201640652150636,1.747765601500768,2.850768291913789,impact_Y_1.5
2017-08-08,-0.0104735389122165,81.8885463425598,0.000818885463425598,-0.011292424375642098,1.728029090619472,2.820910659278717,impact_Y_1.5
2017-08-15,0.0056537373654317,0.0,0.0,0.0056537373654317,1.7377989132576603,2.836859347277626,impact_Y_1.5
2017-08-22,0.010708271795536,125.89732582205082,0.0012589732582205082,0.009449298537315493,1.7542198939868545,2.8672372082139814,impact_Y_1.5
2017-08-29,0.0181680795067792,112.42381697091002,0.0011242381697091003,0.017043841337070098,1.7841185395302985,2.9193294017776084,impact_Y_1.5
2017-09-06,-0.0139022202531135,54.501498302457826,0.0005450149830245782,-0.014447235236138079,1.758342959300549,2.878744241442706,impact_Y_1.5
2017-09-13,0.008310991138941,0.0,0.0,0.008310991138941,1.772956532054515,2.902669459324614,impact_Y_1.5
2017-09-20,-0.0147565002600246,183.4650393404349,0.0018346503934043492,-0.01659115065342895,1.7435411431292176,2.8598362166933247,impact_Y_1.5
2017-09-27,0.0238880906673651,315.773792339595,0.00315773792339595,0.02073035274396915,1.7796853660499092,2.928152243531509,impact_Y_1.5
2017-10-04,0.0119572862295084,82.16183565478437,0.0008216183565478436,0.011135667872960556,1.7995033512046092,2.9631649980309924,impact_Y_1.5
2017-10-11,0.0129908456803918,0.0,0.0,0.0129908456803918,1.8228804215414562,3.0016590172459514,impact_Y_1.5
2017-10-18,0.0026366806187038,0.0,0.0,0.0026366806187038,1.827686775019149,3.009573433400681,impact_Y_1.5
2017-10-25,0.032218909679839,0.0,0.0,0.032218909679839,1.8865728501465273,3.106538608026261,impact_Y_1.5
2017-11-01,0.0042401707564939,140.64088015150497,0.0014064088015150497,0.0028337619549788505,1.8919189485145684,3.119710862185933,impact_Y_1.5
2017-11-08,0.0166022750411739,0.0,0.0,0.0166022750411739,1.9233291072534158,3.1715051599688815,impact_Y_1.5
2017-11-15,0.0134776102381383,62.686070559369355,0.0006268607055936935,0.012850749532544607,1.948045327879382,3.2142494703831863,impact_Y_1.5
2017-11-22,-0.039905285513533,159.02908657832506,0.0015902908657832507,-0.04149557637931625,1.8672100641859928,3.085983927555823,impact_Y_1.5
2017-11-30,-0.0049617074217868,272.9844293259853,0.0027298442932598525,-0.0076915517150466526,1.8528483214144507,3.0706721781989543,impact_Y_1.5
2017-12-07,2.593784301436206e-05,80.05709762314717,0.0008005709762314718,-0.0007746331332171097,1.8514130437138574,3.070751824811861,impact_Y_1.5
2017-12-14,0.0161718876917796,0.0,0.0,0.0161718876917796,1.8813538875278937,3.1204116784520455,impact_Y_1.5
2017-12-21,0.0052235703277351,195.76479411191016,0.0019576479411191018,0.003265922386615998,1.887498243306318,3.1367113683059253,impact_Y_1.5
2017-12-29,-0.000792537467938,117.02741927219411,0.001170274192721941,-0.001962811660659941,1.8837934397448814,3.134225407020436,impact_Y_1.5
2018-01-08,0.0080703961577114,28.176295360526247,0.0002817629536052625,0.007788633204106138,1.8984656158793558,3.1595198477026547,impact_Y_1.5
2018-01-16,0.0098691490298075,0.0,0.0,0.0098691490298075,1.9172018559704345,3.190701619942267,impact_Y_1.5
2018-01-23,0.0249421192046167,283.52872917286163,0.0028352872917286162,0.022106831912888085,1.95958511514345,3.2702844800932307,impact_Y_1.5
2018-01-30,-0.0361967031544876,0.0,0.0,-0.0361967031544876,1.88865459442465,3.151910963536568,impact_Y_1.5
2018-02-06,0.0308204896878967,263.18182349918493,0.0026318182349918495,0.02818867145290485,1.9418932582749058,3.2490544028854154,impact_Y_1.5
2018-02-13,0.00852069506438,0.0,0.0,0.00852069506438,1.9584395385762414,3.276738604699983,impact_Y_1.5
2018-02-21,0.0138799075587964,0.0,0.0,0.0138799075587964,1.9856224983311714,3.322219433627558,impact_Y_1.5
2018-02-28,0.0265163720244268,192.68487697215537,0.0019268487697215537,0.02458952325470525,2.034448008928952,3.4103126400764068,impact_Y_1.5
2018-03-07,-0.0017591004577742,248.71655991482044,0.0024871655991482045,-0.004246266056922405,2.025809201404064,3.404313557550095,impact_Y_1.5
2018-03-14,-0.0198520427317273,245.29951931135503,0.0024529951931135502,-0.02230503792484085,1.9806234503382547,3.3367309793334123,impact_Y_1.5
2018-03-21,-0.0261645515706879,91.00322722067908,0.0009100322722067908,-0.02707458384289469,1.9269988946708683,3.2494269095471315,impact_Y_1.5
2018-03-28,-0.0257393245681249,141.11205043395483,0.0014111205043395483,-0.027150445072464446,1.874680017026407,3.1657888556618987,impact_Y_1.5
2018-04-05,0.0304828174101248,0.0,0.0,0.0304828174101248,1.9318255456878328,3.2622910193080483,impact_Y_1.5
2018-04-12,0.006625638350922,0.0,0.0,0.006625638350922,1.9446251231106328,3.2839057797974442,impact_Y_1.5
2018-04-19,-0.012449898978295,0.0,0.0,-0.012449898978295,1.920414736777251,3.243021484584727,impact_Y_1.5
2018-04-26,0.0260712292797431,66.84903861560527,0.0006684903861560527,0.02540273889358705,1.9691985309030005,3.3275710412684685,impact_Y_1.5
2018-05-03,0.0149172224737461,0.0,0.0,0.0149172224737461,1.9985735034834546,3.3772091587882653,impact_Y_1.5
2018-05-10,-0.002934434386766,127.83174454268155,0.0012783174454268154,-0.004212751832192815,1.9901540092948826,3.367298960101416,impact_Y_1.5
2018-05-17,0.0156974238284505,0.0,0.0,0.0156974238284505,2.021394300262674,3.420156879035228,impact_Y_1.5
2018-05-24,0.0243214319497967,0.0,0.0,0.0243214319497967,2.0705575041802198,3.503339991826312,impact_Y_1.5
2018-06-01,0.0184614611510271,0.0,0.0,0.0184614611510271,2.108783021104611,3.5680167669842535,impact_Y_1.5
2018-06-08,0.0377138233103478,233.82014460743102,0.00233820144607431,0.03537562186427349,2.183382531853008,3.702580320902656,impact_Y_1.5
2018-06-15,-0.0292371608694695,0.0,0.0,-0.0292371608694695,2.119546625529632,3.5943273844282935,impact_Y_1.5
2018-06-22,0.0068155210802718,0.0,0.0,0.0068155210802718,2.133992440236548,3.618824598486263,impact_Y_1.5
2018-06-29,0.0306228982249551,42.07974485352982,0.0004207974485352982,0.0302021007764198,2.19844349497269,3.7296434958596714,impact_Y_1.5
2018-07-09,-0.0196654309191616,0.0,0.0,-0.0196654309191616,2.1552101562926245,3.6562984493387427,impact_Y_1.5
2018-07-16,-0.0048005786274548,75.34659894858737,0.0007534659894858737,-0.005554044616940673,2.1432400229256916,3.6387461011472513,impact_Y_1.5
2018-07-23,0.0073366004628384,0.0,0.0,0.0073366004628384,2.158964118669862,3.6654421274770796,impact_Y_1.5
2018-07-30,0.0159356196685481,0.0,0.0,0.0159356196685481,2.193368549743027,3.723853219137628,impact_Y_1.5
2018-08-06,0.0127328335637345,101.24565760434595,0.0010124565760434596,0.011720376987691041,2.2190756560189606,3.7712684223926844,impact_Y_1.5
2018-08-13,0.0382019115203352,0.0,0.0,0.0382019115203352,2.3038485878871264,3.9153380849843638,impact_Y_1.5
2018-08-20,0.037768081797427,0.0,0.0,0.037768081797427,2.390860529803334,4.063212894042635,impact_Y_1.5
2018-08-27,0.018169606895315,0.0,0.0,0.018169606895315,2.434301525771385,4.137039875059364,impact_Y_1.5
2018-09-04,0.0452728855268965,0.0,0.0,0.0452728855268965,2.5445093800855823,4.324335607743133,impact_Y_1.5
2018-09-11,-0.0295444353177343,0.0,0.0,-0.0295444353177343,2.4693332872902753,4.196575554087991,impact_Y_1.5
2018-09-18,-0.0043899478535027,0.0,0.0,-0.0043899478535027,2.4584930429261527,4.17815280624226,impact_Y_1.5
2018-09-25,-0.0352309530048364,213.1118791654768,0.002131118791654768,-0.03736207179649117,2.3666386493451714,4.030952501078514,impact_Y_1.5
2018-10-02,-0.016195202121626,241.74046026912026,0.0024174046026912027,-0.018612606724317204,2.3225893349063407,3.9656704105808736,impact_Y_1.5
2018-10-09,0.0464642613400489,0.0,0.0,0.0464642613400489,2.4305067327490395,4.149932356926603,impact_Y_1.5
2018-10-16,-0.0571336942216912,0.0,0.0,-0.0571336942216912,2.291642904276394,3.912831390605256,impact_Y_1.5
2018-10-23,0.0036280075776699,0.0,0.0,0.0036280075776699,2.299957002098422,3.927027172540516,impact_Y_1.5
2018-10-30,0.014839447546916,249.56973831246088,0.0024956973831246087,0.012343750163791392,2.3283470967197872,3.985302086282745,impact_Y_1.5
2018-11-06,-0.0106685701445676,0.0,0.0,-0.0106685701445676,2.303506962397532,3.942784611427946,impact_Y_1.5
2018-11-13,-0.0104879464745019,0.0,0.0,-0.0104879464745019,2.2793479046722642,3.9014328974628,impact_Y_1.5
2018-11-20,0.0003194192549445,69.97661515629012,0.0006997661515629012,-0.0003803468966184012,2.2784809617704087,3.9026790902521236,impact_Y_1.5
2018-11-28,-0.0052140082359812,123.22828727001541,0.0012322828727001542,-0.006446291108681354,2.2637932102052485,3.8823304893331576,impact_Y_1.5
2018-12-06,-0.0018231720826421,0.0,0.0,-0.0018231720826421,2.259665925623527,3.875252332769415,impact_Y_1.5
2018-12-13,-0.0194635209589355,0.0,0.0,-0.0194635209589355,2.215684870519961,3.7998262777693936,impact_Y_1.5
2018-12-20,0.0035810881876392,49.19524776671165,0.0004919524776671165,0.0030891357099720835,2.222529421775529,3.8134337907677947,impact_Y_1.5
2018-12-28,-0.0026228221621188,42.382229767882556,0.00042382229767882557,-0.0030466444597976256,2.2157581648259392,3.803431832107596,impact_Y_1.5
2019-01-07,-0.0040336346662182,187.49218737650807,0.0018749218737650808,-0.005908556539983281,2.202666232430136,3.788090177619009,impact_Y_1.5
2019-01-14,-0.0014480997693417,160.1806534408612,0.0016018065344086119,-0.003049906303750312,2.195948306802789,3.782604645106553,impact_Y_1.5
2019-01-22,0.0017372272293807,90.32544371890303,0.0009032544371890303,0.0008339727921916697,2.1977796679437223,3.789175888894014,impact_Y_1.5
2019-01-29,0.007494845609683,160.91937606471407,0.0016091937606471406,0.005885651849035859,2.2107150339101285,3.8175751771692084,impact_Y_1.5
2019-02-05,0.0049816123352768,175.48931880692604,0.0017548931880692605,0.00322671914720754,2.2178483904390656,3.8365928567626413,impact_Y_1.5
2019-02-12,-0.0031233288856244,128.42321703264162,0.0012842321703264161,-0.004407561055950816,2.208073088245363,3.8246099154707345,impact_Y_1.5
2019-02-20,-0.0113981130677636,390.29560539212997,0.0039029560539212997,-0.015301069121684899,2.1742872092963887,3.7810165792141093,impact_Y_1.5
2019-02-27,-0.0066902313557907,176.6071928939031,0.0017660719289390309,-0.008456303284729731,2.1559007772264698,3.7557207035390863,impact_Y_1.5
2019-03-06,0.0330789537561772,58.19463362585445,0.0005819463362585445,0.03249700741991866,2.225961100780607,3.8799560150125734,impact_Y_1.5
2019-03-13,0.0201103425333118,0.0,0.0,0.0201103425333118,2.2707259409831324,3.9579832594886595,impact_Y_1.5
2019-03-20,-0.0076547994415407,0.0,0.0,-0.0076547994415407,2.2533439893182026,3.927685691444298,impact_Y_1.5
2019-03-27,0.0240690789338089,0.0,0.0,0.0240690789338089,2.3075799036621265,4.022221468378863,impact_Y_1.5
2019-04-03,-0.0039781570368252,312.3498970904186,0.003123498970904186,-0.007101656007729386,2.291192264975969,4.006220439740762,impact_Y_1.5
2019-04-10,-0.0070789088327832,0.0,0.0,-0.0070789088327832,2.274973123813826,3.9778607704838045,impact_Y_1.5
2019-04-17,0.0165953309406466,191.65215665130623,0.0019165215665130622,0.014678809374133538,2.308367020629566,4.043874686405799,impact_Y_1.5
2019-04-25,0.0062296365045009,0.0,0.0,0.0062296365045009,2.322747308087066,4.069066555771859,impact_Y_1.5
2019-05-02,-0.0302799953947755,0.0,0.0,-0.0302799953947755,2.2524145302949625,3.945855239202052,impact_Y_1.5
2019-05-09,-0.0112315071016225,90.99485439797775,0.0009099485439797775,-0.012141455645602277,2.225066939179876,3.90153733806098,impact_Y_1.5
2019-05-16,-0.0338708881377803,0.0,0.0,-0.0338708881377803,2.1497019457838413,3.7693888033181433,impact_Y_1.5
2019-05-23,0.0047185665963073,198.92086967616294,0.0019892086967616294,0.0027293578995456706,2.1555692517712353,3.7871749154139747,impact_Y_1.5
2019-05-31,0.0656538171465755,0.0,0.0,0.0656538171465755,2.2970906012738044,4.035817404812661,impact_Y_1.5
2019-06-07,-0.0279163215699877,195.78488386629857,0.0019578488386629857,-0.029874170408650685,2.2284669252072407,3.923152228342158,impact_Y_1.5
2019-06-14,0.0100295906856988,297.2214368977134,0.002972214368977134,0.007057376316721665,2.244194054907796,3.962499839390117,impact_Y_1.5
2019-06-21,0.0112981963933125,400.78837145671974,0.004007883714567197,0.007290312678745303,2.260554931279855,4.007268940784016,impact_Y_1.5
2019-06-28,-0.0060375975618609,107.30724770743782,0.0010730724770743783,-0.007110670038935278,2.2444808710586357,3.9830746635974172,impact_Y_1.5
2019-07-08,0.0078573212660641,0.0,0.0,0.0078573212660641,2.262116478338079,4.014370960856023,impact_Y_1.5
2019-07-15,0.0080238007707714,41.90903595085252,0.0004190903595085252,0.007604710411262874,2.279319219072386,4.046581473665902,impact_Y_1.5
2019-07-22,0.0098072554829284,199.5396165230088,0.001995396165230088,0.007811859317698311,2.297124940151906,4.086267332010628,impact_Y_1.5
2019-07-29,-0.0143326393999839,292.2153739649236,0.0029221537396492358,-0.017254793139633136,2.2574885244936924,4.027700335848985,impact_Y_1.5
2019-08-05,0.0175907807538941,61.377841030222584,0.0006137784103022258,0.016977002343591875,2.2958139124646535,4.098550729399291,impact_Y_1.5
2019-08-12,0.0029466581263267,276.56698328424693,0.002765669832842469,0.00018098829348423082,2.296229427906828,4.110627757212237,impact_Y_1.5
2019-08-19,0.0066063261082253,31.75772094542551,0.0003175772094542551,0.006288748898771045,2.310669838192903,4.137783904685904,impact_Y_1.5
2019-08-26,0.0054618031287728,96.95584710891474,0.0009695584710891474,0.004492244657683653,2.3210499324291956,4.160383665762703,impact_Y_1.5
2019-09-03,-0.0377105554296697,0.0,0.0,-0.0377105554296697,2.233521850297293,4.0034932869262665,impact_Y_1.5
2019-09-10,0.0096872483496915,237.12896499442218,0.0023712896499442217,0.007315958699747278,2.2498622039090512,4.042276120663044,impact_Y_1.5
2019-09-17,-0.0020386511048026,0.0,0.0,-0.0020386511048026,2.2452755198413983,4.0340353299837375,impact_Y_1.5
2019-09-24,-0.0456291399428322,51.324000007215716,0.0005132400000721571,-0.046142379942904356,2.1416731637283744,3.8499657673775802,impact_Y_1.5
2019-10-01,0.0119223573478883,47.941379908917284,0.00047941379908917286,0.011442943548799126,2.166180208840896,3.895866435033393,impact_Y_1.5
2019-10-08,0.0100988731738925,66.88708307873833,0.0006688708307873832,0.009430002343105117,2.1866072932858533,3.93521029606322,impact_Y_1.5
2019-10-15,0.0001260784466399,246.49263977580043,0.002464926397758004,-0.002338847951118104,2.181493151298052,3.935706441264549,impact_Y_1.5
2019-10-22,0.0165816991468864,381.49287612152864,0.0038149287612152865,0.012766770385671113,2.2093437734585883,4.00096714140406,impact_Y_1.5
2019-10-29,0.0008478840818921,186.2545857137969,0.001862545857137969,-0.001014661775245869,2.2071020367832825,4.004359497755431,impact_Y_1.5
2019-11-05,-0.0040130338698042,248.41506372561514,0.0024841506372561516,-0.006497184507060352,2.1927620876243927,3.988289867464066,impact_Y_1.5
2019-11-12,0.0158285088271964,225.31903557501676,0.0022531903557501676,0.013575318471446232,2.222529531296007,4.051418548836638,impact_Y_1.5
2019-11-19,-0.0018342611293164,162.98329158395546,0.0016298329158395547,-0.0034640940451559545,2.2148304799814613,4.043987189273916,impact_Y_1.5
2019-11-26,-0.0003361208684559,19.785793653502605,0.00019785793653502606,-0.0005339788049909261,2.213647807448503,4.042627920787833,impact_Y_1.5
2019-12-04,0.0004877126102726,47.29605413942371,0.0004729605413942371,1.4752068878362903e-05,2.2136804633334313,4.044599561403442,impact_Y_1.5
2019-12-11,0.0140353094776059,89.2721585606585,0.000892721585606585,0.013142587891999315,2.2427739533875926,4.101366767960728,impact_Y_1.5
2019-12-18,0.0157696559809785,0.0,0.0,0.0157696559809785,2.278141727075614,4.166043910943287,impact_Y_1.5
2019-12-26,0.0033334550264383,270.38200543858443,0.0027038200543858444,0.0006296349720524555,2.279576124778273,4.179931230958584,impact_Y_1.5
2020-01-03,0.0052090568471211,158.3729198518085,0.0015837291985180849,0.0036253276486030153,2.287840335130527,4.2017047303577035,impact_Y_1.5
2020-01-10,-0.0047717603431352,261.2846584011,0.002612846584011,-0.0073846069271462,2.2709455335435176,4.181655202351819,impact_Y_1.5
2020-01-17,-0.0063193115875612,230.94439145647394,0.0023094439145647395,-0.00862875550212594,2.2513500997759257,4.155230020176412,impact_Y_1.5
2020-01-27,0.0096659787261365,0.0,0.0,0.0096659787261365,2.2731116019454447,4.195394385153641,impact_Y_1.5
2020-02-03,0.0195504593984608,55.769328183239956,0.0005576932818323996,0.0189927661166284,2.3162842789581894,4.277416272741117,impact_Y_1.5
2020-02-10,0.0443953593140367,0.0,0.0,0.0443953593140367,2.4191165517959927,4.467313705105167,impact_Y_1.5
2020-02-18,-0.0639963494849739,124.05574502228507,0.0012405574502228507,-0.06523690693519675,2.2613008704410835,4.181421935974243,impact_Y_1.5
2020-02-25,0.0250137918920476,238.2730265510646,0.002382730265510646,0.022631061626536955,2.3124765097961775,4.286015154093546,impact_Y_1.5
2020-03-03,-0.0590891783224374,0.0,0.0,-0.0590891783224374,2.1758341729423836,4.032758040360643,impact_Y_1.5
2020-03-10,-0.0448041473840123,204.5688144286135,0.002045688144286135,-0.04684983552829843,2.0738966998031816,3.8520737547562645,impact_Y_1.5
2020-03-17,-0.0295933182099501,176.6492420493107,0.0017664924204931068,-0.031359810630443206,2.008859692030253,3.7380781103635647,impact_Y_1.5
2020-03-24,0.0245630053791198,0.0,0.0,0.0245630053791198,2.0582033234514885,3.8298965430959946,impact_Y_1.5
2020-03-31,0.0065277063112921,142.48826059237177,0.0014248826059237178,0.005102823705368382,2.0687059721608647,3.854896982931958,impact_Y_1.5
2020-04-07,0.0093176018367052,170.1690313340318,0.0017016903133403182,0.007615911523364882,2.0844610538126984,3.890815378140434,impact_Y_1.5
2020-04-15,0.0086691679724858,158.56403116345112,0.001585640311634511,0.0070835276608512895,2.0992263913453475,3.924545510203464,impact_Y_1.5
2020-04-22,0.0034685731144822,0.0,0.0,0.0034685731144822,2.106507711567579,3.9381580832467176,impact_Y_1.5
2020-04-29,0.0234539717285713,0.0,0.0,0.0234539717285713,2.1559136838807027,4.030523531593831,impact_Y_1.5
2020-05-06,0.0023982531234088,0.0,0.0,0.0023982531234088,2.1610841106068692,4.040189747242448,impact_Y_1.5
2020-05-13,-0.0087632131788756,0.0,0.0,-0.0087632131788756,2.1421460698481405,4.004784703204255,impact_Y_1.5
2020-05-20,0.0143936109345603,50.08261634265553,0.0005008261634265553,0.013892784771133745,2.1719064441448706,4.062428016098855,impact_Y_1.5
2020-05-28,-0.0103555427634024,131.52856959038263,0.0013152856959038263,-0.011670828459306226,2.146558496605594,4.0203593690548995,impact_Y_1.5
2020-06-04,-0.0120125156798665,297.0060316464244,0.0029700603164642438,-0.014982575996330743,2.1143975207996313,3.9720647390954293,impact_Y_1.5
2020-06-11,0.0089279484395781,223.03734613517548,0.002230373461351755,0.006697574978226345,2.128558856728963,4.00752712828474,impact_Y_1.5
2020-06-18,-0.0164152934645702,511.3310788085066,0.005113310788085066,-0.021528604252655265,2.0827339554739606,3.94174239440672,impact_Y_1.5
2020-06-25,0.0149125646065108,192.8947439024278,0.001928947439024278,0.012983617167486522,2.1097753758135593,4.000523882525532,impact_Y_1.5
2020-07-02,-0.0140254135700471,260.5331834376369,0.002605331834376369,-0.01663074540442347,2.0746882386778824,3.9444148805762613,impact_Y_1.5
2020-07-10,0.0284137158580707,148.18111127483604,0.0014818111127483603,0.02693190474532234,2.1305635446981954,4.056490364219301,impact_Y_1.5
2020-07-17,0.0133372037235766,0.0,0.0,0.0133372037235766,2.158979304739861,4.11059260260962,impact_Y_1.5
2020-07-24,0.0337826486999817,0.0,0.0,0.0337826486999817,2.2319153441424184,4.249459308452324,impact_Y_1.5
2020-07-31,-0.007275089384641,67.40585760067715,0.0006740585760067715,-0.007949147960647772,2.21417351883619,4.2185441121469385,impact_Y_1.5
2020-08-07,-0.0404961063430023,186.97298996081366,0.0018697298996081366,-0.042365836242610436,2.1203682061244518,4.04770950116879,impact_Y_1.5
2020-08-14,-0.0030863633978952,187.06501875049713,0.0018706501875049714,-0.004957013585400171,2.109857512120642,4.03521679871907,impact_Y_1.5
2020-08-21,0.024577127221532,185.04047764061065,0.0018504047764061064,0.022726722445125892,2.157807658197372,4.134390835347651,impact_Y_1.5
2020-08-28,-0.0567223473744756,0.0,0.0,-0.0567223473744756,2.0354117426417973,3.8998784822032135,impact_Y_1.5
2020-09-04,0.0341954127715292,258.19339367117385,0.0025819339367117384,0.031613478834817466,2.0997581886879426,4.033236436660957,impact_Y_1.5
2020-09-14,-0.019915392442473,0.0,0.0,-0.019915392442473,2.057940680325926,3.9529129502115725,impact_Y_1.5
2020-09-21,0.0179509132216485,0.0,0.0,0.0179509132216485,2.094882594893757,4.023871347553551,impact_Y_1.5
2020-09-28,0.0144039577294026,0.0,0.0,0.0144039577294026,2.125057195238668,4.081831020352267,impact_Y_1.5
2020-10-05,0.0292997170266463,0.0,0.0,0.0292997170266463,2.1873207697245993,4.201427514199175,impact_Y_1.5
2020-10-12,-0.0105986442516109,196.00253659754517,0.0019600253659754516,-0.012558669617586352,2.1598509308299434,4.156898078627248,impact_Y_1.5
2020-10-19,-0.0146421784579958,540.0751657996353,0.005400751657996353,-0.020042930115992154,2.116561189562358,4.096032035128288,impact_Y_1.5
2020-10-26,-0.017413454308951,260.9013332931089,0.0026090133329310893,-0.020022467641882088,2.0741824116322825,4.024705968436582,impact_Y_1.5
2020-11-02,0.0277646292659847,211.81632572085817,0.002118163257208582,0.02564646600877612,2.127377860348211,4.13645043755482,impact_Y_1.5
2020-11-09,0.0383847405688685,283.2765007116004,0.002832765007116004,0.0355519755617525,2.203010346049924,4.295227014476344,impact_Y_1.5
2020-11-16,0.0451917500325635,197.88856317634375,0.0019788856317634377,0.04321286440080006,2.298208733407339,4.489335840047674,impact_Y_1.5
2020-11-23,0.0399094920813042,228.10595152960678,0.0022810595152960677,0.03762843256600813,2.384686725754968,4.668502953206371,impact_Y_1.5
2020-12-01,0.0019425213449522,192.76065711858223,0.0019276065711858223,1.491477376637778e-05,2.3847222928179863,4.677571619841947,impact_Y_1.5
2020-12-08,0.0087255495564175,313.03956757796936,0.0031303956757796937,0.005595153880637806,2.3980651810088904,4.7183860028145705,impact_Y_1.5
2020-12-15,0.0102795547273262,163.95154736471937,0.0016395154736471938,0.008640039253679007,2.418784558305688,4.766888909955153,impact_Y_1.5
2020-12-22,0.0264523860865336,313.1952500808379,0.003131952500808379,0.023320433585725223,2.475191662955834,4.892984495832901,impact_Y_1.5
2020-12-30,0.0736841946890247,104.71057661753046,0.0010471057661753046,0.0726370889228494,2.654982379879052,5.253520118034232,impact_Y_1.5
2021-01-07,0.0133346626984316,111.08633151293826,0.0011108633151293826,0.012223799383302217,2.6874363518568964,5.323574036787644,impact_Y_1.5
2021-01-14,0.0044632765215893,172.08455923492122,0.0017208455923492121,0.0027424309292400878,2.694806460428593,5.347334619796981,impact_Y_1.5
2021-01-22,0.0087107535940818,0.0,0.0,0.0087107535940818,2.718280255489126,5.393913934055136,impact_Y_1.5
2021-01-29,0.1239178901819779,0.0,0.0,0.1239178901819779,3.0551238096726663,6.062316368586421,impact_Y_1.5
2021-02-05,0.019963713349772,0.0,0.0,0.019963713349772,3.116115425657035,6.183342714804511,impact_Y_1.5
2021-02-12,-0.0090473049743805,0.0,0.0,-0.0090473049743805,3.0879229790657443,6.12740012750256,impact_Y_1.5
2021-02-22,0.0324999618478703,0.0,0.0,0.0324999618478703,3.188280358074543,6.326540397873029,impact_Y_1.5
2021-03-01,-0.006742069583529,0.0,0.0,-0.006742069583529,3.1667847500486057,6.283886422287562,impact_Y_1.5
2021-03-08,0.0478856917218386,271.0129420735071,0.002710129420735071,0.045175562301103526,3.3098460318186107,6.584794670320272,impact_Y_1.5
2021-03-15,-0.0347968447061176,0.0,0.0,-0.0347968447061176,3.194673833448259,6.355664592755467,impact_Y_1.5
2021-03-22,-0.0774961562930273,0.0,0.0,-0.0774961562930273,2.947098890746108,5.86312501612923,impact_Y_1.5
2021-03-29,0.0155731776769003,158.69851417032953,0.0015869851417032953,0.013986192535197004,2.9883175832523485,5.95443250374729,impact_Y_1.5
2021-04-06,-0.0087609849512024,124.73474006916526,0.0012473474006916526,-0.010008332351894052,2.95840950770615,5.90226581018901,impact_Y_1.5
2021-04-13,-0.0215115723328429,157.12449255158145,0.0015712449255158144,-0.023082817258358715,2.890121081664378,5.775298792285463,impact_Y_1.5
2021-04-20,0.0109403851114068,278.00117751977996,0.0027800117751977994,0.008160373336209002,2.9137055486776076,5.838482785206509,impact_Y_1.5
2021-04-27,-0.0154350891850435,163.1017088742874,0.001631017088742874,-0.017066106273786373,2.8639799401333543,5.748365282711505,impact_Y_1.5
2021-05-04,-0.0326992246227427,325.31954045792236,0.0032531954045792234,-0.03595242002732192,2.761012930375856,5.5603981951185455,impact_Y_1.5
2021-05-11,0.0140118790875585,311.61331243231,0.0031161331243231,0.0108957459632354,2.79109622586644,5.638309822307225,impact_Y_1.5
2021-05-18,0.0138751943023062,0.0,0.0,0.0138751943023062,2.8298232283167697,5.716542466628339,impact_Y_1.5
2021-05-25,0.0376502550760062,314.55094951058317,0.0031455094951058317,0.03450474558090037,2.927465558848762,5.931771748649719,impact_Y_1.5
2021-06-02,0.0011494337249536,176.81784242666703,0.0017681784242666702,-0.0006187446993130702,2.925654205051803,5.938589927146343,impact_Y_1.5
2021-06-09,-0.0139773581546579,74.03650667733997,0.0007403650667733997,-0.014717723221431299,2.882595236220234,5.855584128800975,impact_Y_1.5
2021-06-16,-0.0008004271117576,0.0,0.0,-0.0008004271117576,2.8802879288409398,5.8508971605091045,impact_Y_1.5
2021-06-23,0.0064710861910117,75.61443126092607,0.0007561443126092607,0.00571494187840244,2.89674860694733,5.888758820329505,impact_Y_1.5
2021-06-30,-0.0144672597679172,0.0,0.0,-0.0144672597679172,2.8548405923682707,5.803564616765184,impact_Y_1.5
2021-07-08,-0.0206844859712923,182.47725636780328,0.0018247725636780327,-0.022509258534970333,2.7905802473985255,5.683520865866217,impact_Y_1.5
2021-07-15,0.0196256218658774,0.0,0.0,0.0196256218658774,2.8453471201203557,5.795063497246532,impact_Y_1.5
2021-07-22,0.0058825970632172,183.95103881210565,0.0018395103881210565,0.0040430866750961435,2.856851105147738,5.829153520756591,impact_Y_1.5
2021-07-29,0.009441134274599,165.91094691374744,0.0016591094691374743,0.007782024805461526,2.8790831913135073,5.884187341853306,impact_Y_1.5
2021-08-05,-0.0084085121956076,141.21913182765726,0.0014121913182765726,-0.009820703513884171,2.8508085688998097,5.834710080828093,impact_Y_1.5
2021-08-12,-0.0070377132319204,214.35999569074164,0.0021435999569074165,-0.009181313188827816,2.824634402587346,5.79364706448783,impact_Y_1.5
2021-08-19,0.0213277920018495,57.44662967856553,0.0005744662967856553,0.020753325705063847,2.88325496034197,5.917212764011353,impact_Y_1.5
2021-08-26,0.0067356491802769,0.0,0.0,0.0067356491802769,2.9026755542521263,5.95706903331479,impact_Y_1.5
2021-09-02,-0.0209738989446163,243.626679384527,0.0024362667938452698,-0.02341016573846157,2.8347234384421034,5.832126069403942,impact_Y_1.5
2021-09-10,-0.0238137628439008,254.71838274985458,0.002547183827498546,-0.026360946671399346,2.7599974450531652,5.693241202311425,impact_Y_1.5
2021-09-17,0.0092369379892223,72.72230841326602,0.0007272230841326602,0.00850971490508964,2.7834842364493437,5.745829318254861,impact_Y_1.5
2021-09-24,-0.0425034836449299,215.38574559509433,0.002153857455950943,-0.04465734110088085,2.6591812314533008,5.501611555799856,impact_Y_1.5
2021-10-01,-0.0011192443419277,198.77553437094693,0.001987755343709469,-0.0031069996856371695,2.650919156203123,5.495453908194544,impact_Y_1.5
2021-10-08,0.0575724675936534,477.43516576036524,0.0047743516576036526,0.052798115936049744,2.7908826931494306,5.81184075023649,impact_Y_1.5
2021-10-15,0.0105234370767211,0.0,0.0,0.0105234370767211,2.8202523715592984,5.873001290671527,impact_Y_1.5
2021-10-22,-0.0040465282653344,164.5666006744563,0.001645666006744563,-0.005692194272078963,2.804198947164091,5.84923602494648,impact_Y_1.5
2021-10-29,0.0661610312806597,0.0,0.0,0.0661610312806597,2.989727641424608,6.236227512560926,impact_Y_1.5
2021-11-05,-0.006166287189302,58.20795212107007,0.0005820795212107007,-0.0067483667105127,2.9695518629357185,6.197773142740648,impact_Y_1.5
2021-11-12,-0.0022798680319987,0.0,0.0,-0.0022798680319987,2.962781676574049,6.183643037882933,impact_Y_1.5
2021-11-19,-0.0001801563315937,186.586672404495,0.00186586672404495,-0.00204602305563865,2.956719756954955,6.182529015437343,impact_Y_1.5
2021-11-29,-0.0027553210213272,0.0,0.0,-0.0027553210213272,2.9485730448544434,6.165494163276143,impact_Y_1.5
2021-12-06,-0.0421916385735957,395.9853166948635,0.003959853166948635,-0.04615149174054434,2.8124920003284517,5.905361861911582,impact_Y_1.5
2021-12-13,0.013273249066469,313.6251546340799,0.0031362515463407986,0.010136997520128201,2.8410022247611617,5.983745200732362,impact_Y_1.5
2021-12-20,0.0175236107346058,167.63039474347974,0.0016763039474347974,0.015847306787171,2.8860244585999872,6.088602022365062,impact_Y_1.5
2021-12-28,-0.0350108071134769,237.03771556706846,0.0023703771556706846,-0.037381184269147584,2.778141446507794,5.875435151369313,impact_Y_1.5
2022-01-04,0.0008911356200889,172.27603653718353,0.0017227603653718353,-0.0008316247452829353,2.775831075334982,5.880670960916221,impact_Y_1.5
2022-01-11,-0.0772100251849313,198.6038391240274,0.001986038391240274,-0.07919606357617157,2.55599618101604,5.426624207919585,impact_Y_1.5
2022-01-19,-0.0396458539974517,171.39681918171905,0.0017139681918171906,-0.04135982218926889,2.450280633452766,5.211481056873368,impact_Y_1.5
2022-01-26,0.0038838718491325,408.2341865438783,0.004082341865438783,-0.00019847001630628278,2.44979432621549,5.231721781442446,impact_Y_1.5
2022-02-02,0.0468820219677203,258.764593198125,0.00258764593198125,0.044294376035739054,2.558306437311099,5.476995476929032,impact_Y_1.5
2022-02-09,-0.0016390196979406,206.8005164946781,0.002068005164946781,-0.003707024862887381,2.548822731741102,5.468018573456813,impact_Y_1.5
2022-02-16,0.0067351444841202,0.0,0.0,0.0067351444841202,2.565989421103788,5.504846468590897,impact_Y_1.5
2022-02-24,0.005200345187275,113.289913159222,0.00113289913159222,0.00406744605568278,2.5764264446535807,5.533473570430522,impact_Y_1.5
2022-03-03,-0.0151768039810013,114.13888635982053,0.0011413888635982052,-0.016318192844599504,2.534383821079798,5.449493126718047,impact_Y_1.5
2022-03-10,-0.0059780252437489,56.0186164341995,0.000560186164341995,-0.006538211408090895,2.5178134838683333,5.41691591924089,impact_Y_1.5
2022-03-17,0.0216416225480556,0.0,0.0,0.0216416225480556,2.5723030529326167,5.534146768939655,impact_Y_1.5
2022-03-24,0.0065704969808792,130.8107493956972,0.001308107493956972,0.005262389486922228,2.585839513475547,5.570508863576716,impact_Y_1.5
2022-03-31,0.0013675788806581,0.0,0.0,0.0013675788806581,2.5893758529829474,5.578126973853063,impact_Y_1.5
2022-04-07,-0.0019947033559708,0.0,0.0,-0.0019947033559708,2.5842108162791324,5.567000265258287,impact_Y_1.5
2022-04-14,-0.0331203848779266,245.58840547282873,0.002455884054728287,-0.03557626893265489,2.4922742373005105,5.382619073857413,impact_Y_1.5
2022-04-22,-0.0083147763174868,94.46472144399826,0.0009446472144399825,-0.009259423531926783,2.4691972145796353,5.33786380025605,impact_Y_1.5
2022-04-29,-0.013289280040554,123.53690898380509,0.001235369089838051,-0.01452464913039205,2.4333329914041246,5.266927433396112,impact_Y_1.5
2022-05-06,0.014490154703869,34.79338929947897,0.0003479338929947897,0.01414222081087421,2.4677457238749465,5.343246026720073,impact_Y_1.5
2022-05-13,0.00397355446313,90.76009327220805,0.0009076009327220805,0.0030659535304079196,2.47531171758921,5.364477705817149,impact_Y_1.5
2022-05-20,-0.0001871168270153,0.0,0.0,-0.0001871168270153,2.4748485451147406,5.363473921770241,impact_Y_1.5
2022-05-27,0.0109066652696587,51.11838726646262,0.0005111838726646262,0.010395481396994073,2.5005757871258587,5.421971536517534,impact_Y_1.5
2022-06-06,-0.0272566950713317,104.72321619665097,0.0010472321619665096,-0.028303927233298207,2.429799672005701,5.274186511661235,impact_Y_1.5
2022-06-13,-0.015282361408617,69.05861635150221,0.0006905861635150221,-0.015972947572132024,2.3909886092339705,5.193584487253575,impact_Y_1.5
2022-06-21,0.0071206486435033,253.01547172918907,0.0025301547172918906,0.00459049392621141,2.4019644279222994,5.230566177587657,impact_Y_1.5
2022-06-28,0.006342869470808,0.0,0.0,0.006342869470808,2.4171997747621345,5.263742976110519,impact_Y_1.5
2022-07-06,-0.0055344667689865,0.0,0.0,-0.0055344667689865,2.403821862934712,5.234610965528749,impact_Y_1.5
2022-07-13,0.0014342230380195,0.0,0.0,0.0014342230380195,2.4072694796298277,5.24211856517058,impact_Y_1.5
2022-07-20,0.0012339243239748,169.6312979230189,0.001696312979230189,-0.000462388655255389,2.4061563855323045,5.248586942777304,impact_Y_1.5
2022-07-27,0.0051938233311138,145.05540984886966,0.0014505540984886965,0.0037432692326251032,2.415163276699152,5.27584717609608,impact_Y_1.5
2022-08-03,0.0029386546619038,112.60503528714672,0.0011260503528714673,0.001812604309032333,2.4195410120615137,5.291351068995607,impact_Y_1.5
2022-08-10,0.0014602103871556,71.85334518866566,0.0007185334518866566,0.0007416769352689435,2.4213355298240975,5.299077554788641,impact_Y_1.5
2022-08-17,-0.0123895706801279,183.222337327967,0.0018322233732796702,-0.01422179405340757,2.3868997945847408,5.233424258884108,impact_Y_1.5
2022-08-24,-0.0276602563698397,275.52200977031214,0.0027552200977031213,-0.030415476467542824,2.3143011000521656,5.088666402191236,impact_Y_1.5
2022-08-31,0.0189387367605641,77.40525446814019,0.0007740525446814019,0.018164684215882698,2.356339648715083,5.185039315644662,impact_Y_1.5
2022-09-08,-0.0130127708809707,70.97590477171883,0.0007097590477171883,-0.01372252992868789,2.3240047073634362,5.117567587021353,impact_Y_1.5
2022-09-15,-0.0277169892885842,130.4212742247891,0.001304212742247891,-0.02902120203083209,2.256559297230437,4.975724021028276,impact_Y_1.5
2022-09-22,0.0016512009283962,74.77059770896898,0.0007477059770896897,0.0009034949513065103,2.258598087162808,4.983939941151241,impact_Y_1.5
2022-09-29,0.0162044496349396,26.975219541977463,0.00026975219541977466,0.015934697439519824,2.294588164319226,5.06470194491119,impact_Y_1.5
2022-10-06,-0.0204223106021809,86.63985316685164,0.0008663985316685164,-0.021288709133849417,2.2457393443070606,4.961269028684743,impact_Y_1.5
2022-10-13,0.0351393387163132,106.40618970706628,0.0010640618970706628,0.034075276819242536,2.322263534128188,5.135604741546451,impact_Y_1.5
2022-10-20,-0.0026259923731299,0.0,0.0,-0.0026259923731299,2.3161652877991696,5.12211868266374,impact_Y_1.5
2022-10-27,-0.0006335947195965,98.64294849316462,0.0009864294849316463,-0.0016200242045281464,2.3124130439712474,5.118873335313258,impact_Y_1.5
2022-11-03,0.0127714123087568,93.5461577880066,0.0009354615778800659,0.011835950730876735,2.339782650829128,5.184248577234844,impact_Y_1.5
2022-11-10,-0.0007615249090856,0.0,0.0,-0.0007615249090856,2.338000848058675,5.180300642808388,impact_Y_1.5
2022-11-17,0.0084097744806587,55.59434471910325,0.0005559434471910325,0.007853831033467668,2.356363111675432,5.223865802956417,impact_Y_1.5
2022-11-25,-0.0028174006460616,0.0,0.0,-0.0028174006460616,2.3497242927222417,5.209148080068228,impact_Y_1.5
2022-12-02,-0.0050341124336374,227.2082225791135,0.0022720822257911353,-0.007306194659428535,2.3325567496436252,5.182924642949699,impact_Y_1.5
2022-12-09,-0.0031968655265805,133.4596711141407,0.001334596711141407,-0.004531462237721906,2.321986856815272,5.1663555298317885,impact_Y_1.5
2022-12-16,0.0111245975458388,137.1426361151745,0.001371426361151745,0.009753171184687055,2.3446335921183845,5.223829155879885,impact_Y_1.5
2022-12-23,0.0058006088358509,0.0,0.0,0.0058006088358509,2.358233894449659,5.254130545438458,impact_Y_1.5
2023-01-03,0.0049691048244625,0.0,0.0,0.0049691048244625,2.3699522058717797,5.280238870880152,impact_Y_1.5
2023-01-10,0.008766275055343,132.05122662889562,0.0013205122662889562,0.007445762789054043,2.3875983078180965,5.326526897180201,impact_Y_1.5
2023-01-18,0.0289701083463765,142.81349512481387,0.0014281349512481386,0.027541973395128358,2.4533574768902757,5.480836958501399,impact_Y_1.5
2023-01-25,0.0012518665923864,175.24486448182063,0.0017524486448182062,-0.0005005820524318061,2.4521293701691453,5.487698235188064,impact_Y_1.5
2023-02-01,-0.0040646197830698,287.1489779319702,0.0028714897793197017,-0.006936109562389502,2.4351211321964987,5.465392828377801,impact_Y_1.5
2023-02-08,0.018307241856389,301.6948939088641,0.0030169489390886413,0.015290292917300358,2.4723548475968915,5.565449096727087,impact_Y_1.5
2023-02-15,-0.0192932351578837,32.30967147025802,0.0003230967147025802,-0.019616331872586282,2.4238563143996332,5.4580735785447,impact_Y_1.5
2023-02-23,0.0061465311483938,0.0,0.0,0.0061465311483938,2.4387546227353214,5.49162179780545,impact_Y_1.5
2023-03-02,-0.0594727461848084,282.94005592431836,0.0028294005592431836,-0.06230214674405158,2.2868149743569313,5.165019968481605,impact_Y_1.5
2023-03-09,0.000146070720566,272.22088581687245,0.0027222088581687247,-0.0025761381376027247,2.2809238230878495,5.165774426670139,impact_Y_1.5
2023-03-16,0.014218738777674,266.8810025975287,0.0026688100259752872,0.011549928751698713,2.3072683307325663,5.239225223827351,impact_Y_1.5
2023-03-23,0.0080718057148136,298.4895597553929,0.002984895597553929,0.005086910117259671,2.3190051973474026,5.2815152319302365,impact_Y_1.5
2023-03-30,-0.0008927381231828,204.3564804819914,0.002043564804819914,-0.002936302928002714,2.312195895596378,5.276800221934522,impact_Y_1.5
2023-04-06,-0.0135673078103452,0.0,0.0,-0.0135673078103452,2.280825622163005,5.205208249069838,impact_Y_1.5
2023-04-14,-0.0225202202455719,196.71077680457725,0.0019671077680457724,-0.024487328013617672,2.224974297011236,5.087985812876718,impact_Y_1.5
2023-04-21,0.0269102463666443,84.9934346612439,0.0008499343466124389,0.02606031202003186,2.2829578214278996,5.224904764611222,impact_Y_1.5
2023-04-28,0.0400220107241935,180.5365044466971,0.001805365044466971,0.03821664567972653,2.37020481159117,5.434015959133382,impact_Y_1.5
2023-05-05,-0.0034307688742494,0.0,0.0,-0.0034307688742494,2.362073186697967,5.415373106318612,impact_Y_1.5
2023-05-12,0.0581045587588406,247.99060554734388,0.002479906055473439,0.05562465270336717,2.4934626873679773,5.730030971175748,impact_Y_1.5
2023-05-19,0.101454750930016,132.0679843543858,0.001320679843543858,0.10013407108647215,2.743143257356348,6.311369836177662,impact_Y_1.5
2023-05-26,0.0021034363523817,0.0,0.0,0.0021034363523817,2.7489132846036624,6.324645400924404,impact_Y_1.5
2023-06-05,0.0121312636364561,0.0,0.0,0.0121312636364561,2.782261076372946,6.401371341690118,impact_Y_1.5
2023-06-12,-0.0213584710935912,297.8871320194743,0.002978871320194743,-0.024337342413785944,2.7145482358727087,6.264647836929286,impact_Y_1.5
2023-06-20,0.0061904418620095,311.6610830072239,0.003116610830072239,0.003073831031937261,2.722892298477825,6.303428775149761,impact_Y_1.5
2023-06-27,-0.0009715058029882,0.0,0.0,-0.0009715058029882,2.7202469928089417,6.29730495751598,impact_Y_1.5
2023-07-05,0.0510396782427477,0.0,0.0,0.0510396782427477,2.8590875240627125,6.618717376344056,impact_Y_1.5
2023-07-12,-0.0082530441926874,165.73166187817137,0.0016573166187817136,-0.009910360811469114,2.830752935107681,6.56409280933818,impact_Y_1.5
2023-07-19,0.0216466747796588,183.81874182100037,0.0018381874182100038,0.019808487361448798,2.8868258688461457,6.706183591605421,impact_Y_1.5
2023-07-26,-0.0122212637334671,313.50408766194806,0.0031350408766194805,-0.015356304610086581,2.842494891447866,6.624225553287362,impact_Y_1.5
2023-08-02,-0.0294107637230186,307.83236691989043,0.003078323669198904,-0.0324890873922175,2.7501448265076847,6.4294020206916445,impact_Y_1.5
2023-08-09,-0.0223036277640694,0.0,0.0,-0.0223036277640694,2.6888066199999763,6.286003031276583,impact_Y_1.5
2023-08-16,0.0161129357257974,117.86418481501386,0.0011786418481501385,0.014934293877647262,2.7289620482432198,6.38728899409171,impact_Y_1.5
2023-08-23,0.0155994582111173,250.8089628408932,0.002508089628408932,0.013091368582708368,2.7646878962649946,6.486927241837374,impact_Y_1.5
2023-08-30,0.0047526512578224,0.0,0.0,0.0047526512578224,2.777827493672665,6.517757344752694,impact_Y_1.5
2023-09-07,0.0068120030692532,15.255132556314557,0.00015255132556314557,0.006659451743690054,2.7963263018190734,6.562156327789797,impact_Y_1.5
2023-09-14,-0.0137763237404457,206.57515729072782,0.0020657515729072783,-0.01584207531335298,2.7520266899449455,6.471753937782751,impact_Y_1.5
2023-09-21,-0.001707507356005,0.0,0.0,-0.001707507356005,2.7473275841279423,6.460703370327733,impact_Y_1.5
2023-09-28,0.0012594275707829,87.9661995807842,0.000879661995807842,0.0003797655749750579,2.7483709245675736,6.468840158278973,impact_Y_1.5
2023-10-05,0.00108239466448,0.0,0.0,0.00108239466448,2.7513457465923374,6.475841996351669,impact_Y_1.5
2023-10-12,-0.0178378694608223,315.52475018754666,0.0031552475018754664,-0.020993116962697768,2.6935864235293034,6.360326772171836,impact_Y_1.5
2023-10-19,-0.0376733329635047,139.07437708189374,0.0013907437708189374,-0.03906407673432364,2.5883639567900225,6.1207120639271135,impact_Y_1.5
2023-10-26,0.0263539036242828,244.78798493959968,0.0024478798493959967,0.023906023774886802,2.6502414470791047,6.282016719771834,impact_Y_1.5
2023-11-02,0.0234134549382189,89.7246384367858,0.0008972463843678579,0.02251620855385104,2.709914836219598,6.42910043516135,impact_Y_1.5
2023-11-09,0.0012592250667021,73.43244164346999,0.0007343244164346998,0.0005249006502674003,2.711337272279299,6.43719611958565,impact_Y_1.5
2023-11-16,0.0102108070451175,208.1043736313303,0.002081043736313303,0.008129763308804197,2.7333798025532685,6.502925087074318,impact_Y_1.5
2023-11-24,0.0124404112622355,0.0,0.0,0.0124404112622355,2.7673841714329197,6.583824149565031,impact_Y_1.5
2023-12-01,0.0091597332399016,147.10575733517447,0.0014710575733517448,0.007688675666549855,2.7886616907718116,6.6441302224734695,impact_Y_1.5
2023-12-08,0.0161095595760522,49.056131874817595,0.000490561318748176,0.015618998257304026,2.8322177928601873,6.751164234123456,impact_Y_1.5
2023-12-15,0.0316714287964353,0.0,0.0,0.0316714287964353,2.921918177022756,6.964983251457538,impact_Y_1.5
2023-12-22,-0.0179708307796143,260.53712471032844,0.0026053712471032844,-0.020576202026717585,2.861796198306797,6.839816716062747,impact_Y_1.5
2024-01-02,0.010091079397035,143.18380885483785,0.0014318380885483784,0.008659241308486621,2.886577182163646,6.908837849605703,impact_Y_1.5
2024-01-09,-0.0096495518210034,0.0,0.0,-0.0096495518210034,2.858723006059032,6.842170660753023,impact_Y_1.5
2024-01-17,0.0153120673983465,0.0,0.0,0.0153120673983465,2.902495965401011,6.946938439061462,impact_Y_1.5
2024-01-24,0.002470486683289,200.06054151210654,0.0020006054151210655,0.0004698812681679346,2.903859793886086,6.9641007579647916,impact_Y_1.5
2024-01-31,0.0313406141040718,0.0,0.0,0.0313406141040718,2.9948685430985993,7.18235995240204,impact_Y_1.5
2024-02-07,0.084291574324935,242.08244718549702,0.0024208244718549703,0.08187074985308003,3.2400606764334827,7.787772380158374,impact_Y_1.5
2024-02-14,-0.0153854970319844,223.19344264401258,0.002231934426440126,-0.017617431458424523,3.1829791295452794,7.667953631317676,impact_Y_1.5
2024-02-22,0.1222390132656857,0.0,0.0,0.1222390132656857,3.5720633575861656,8.60527671697698,impact_Y_1.5
2024-02-29,0.1000551364406437,0.0,0.0,0.1000551364406437,3.9294666442040733,9.466278853003606,impact_Y_1.5
2024-03-07,0.0168919355766846,0.0,0.0,0.0168919355766846,3.9958429416086996,9.626182625539474,impact_Y_1.5
2024-03-14,-0.0332523346636184,0.0,0.0,-0.0332523346636184,3.8629718348510695,9.306089579341927,impact_Y_1.5
2024-03-21,0.0179697795540898,0.0,0.0,0.0179697795540898,3.9323885871470012,9.473317957593315,impact_Y_1.5
2024-03-28,-0.0434125577329089,0.0,0.0,-0.0434125577329089,3.7616735405792503,9.062056994837093,impact_Y_1.5
2024-04-05,-0.0353565475605819,0.0,0.0,-0.0353565475605819,3.6286737511343774,8.741653945702431,impact_Y_1.5
2024-04-12,-0.0530760563652258,157.13745597176631,0.0015713745597176632,-0.05464743092494346,3.430376052970106,8.27768142815503,impact_Y_1.5
2024-04-19,0.0583366648365845,36.52469795158792,0.00036524697951587917,0.05797141785706862,3.629239816543718,8.760573755253331,impact_Y_1.5
2024-04-26,-0.0064359203127909,8.136714114025864,8.136714114025864e-05,-0.006517287453931159,3.60558701742005,8.704191400670192,impact_Y_1.5
2024-05-03,-0.0186183196897517,267.4376852096939,0.002674376852096939,-0.021292696541848642,3.528814347202896,8.542133982531727,impact_Y_1.5
2024-05-10,0.0737522180493881,71.27805201138322,0.0007127805201138322,0.07303943752927426,3.7865569622678286,9.172135310618495,impact_Y_1.5
2024-05-17,0.0183291778265768,19.54914096376696,0.0001954914096376696,0.01813368641693913,3.8552211988214706,9.340253009776246,impact_Y_1.5
2024-05-24,-0.0200339619567425,35.76242762848684,0.0003576242762848684,-0.020391586233027368,3.7766071232983074,9.15313073631204,impact_Y_1.5
2024-06-03,0.0080633910034242,0.0,0.0,0.0080633910034242,3.8070593831997788,9.226936008344385,impact_Y_1.5
2024-06-10,0.0357881907951722,0.0,0.0,0.0357881907951722,3.943307150774283,9.557151354665859,impact_Y_1.5
2024-06-17,-0.0419940660819409,237.44338895987298,0.0023744338895987298,-0.04436849997153963,3.7683485275673823,9.155807709122909,impact_Y_1.5
2024-06-25,0.0073029960840232,236.8163404096372,0.002368163404096372,0.004934832679926828,3.7869446970305756,9.222672536968703,impact_Y_1.5
2024-07-02,-0.0024010046107507,87.91225263974479,0.000879122526397448,-0.0032801271371481477,3.7745230369629663,9.200528857683999,impact_Y_1.5
2024-07-10,-0.0346522783526546,0.0,0.0,-0.0346522783526546,3.6437272140376185,8.881709570715902,impact_Y_1.5
2024-07-17,-0.005562665022519,200.87949786783233,0.0020087949786783232,-0.007571460001197324,3.6161388791812583,8.832303595546708,impact_Y_1.5
2024-07-24,-0.0366069781999123,177.10025321591564,0.0017710025321591564,-0.03837798073207146,3.4773587709515454,8.508979650369524,impact_Y_1.5
2024-07-31,-0.0214031365553658,178.78606658072266,0.0017878606658072267,-0.02319099722117303,3.3967153533573864,8.326860796965835,impact_Y_1.5
2024-08-07,0.0020379044016567,241.1900157941934,0.002411900157941934,-0.0003739957562852339,3.3954449962299216,8.343830143235955,impact_Y_1.5
2024-08-14,0.0011051721368988,484.1826938017717,0.004841826938017717,-0.0037366548011189167,3.3827573903828236,8.353051511825276,impact_Y_1.5
2024-08-21,0.0051635909555603,59.63192899797843,0.0005963192899797843,0.0045672716655805155,3.398207362363452,8.396183253063066,impact_Y_1.5
2024-08-28,-0.0410784901789644,0.0,0.0,-0.0410784901789644,3.2586141346025204,8.05128072176133,impact_Y_1.5
2024-09-05,0.023390671781605,224.59332865406387,0.0022459332865406387,0.02114473849506436,3.327516678335011,8.239605586545613,impact_Y_1.5
2024-09-12,0.0007387198297197,84.52339414523175,0.0008452339414523175,-0.00010651411173261745,3.327162250851743,8.245692346581464,impact_Y_1.5
2024-09-19,-0.0015970059297313,0.0,0.0,-0.0015970059297313,3.3218487530079543,8.232523927009233,impact_Y_1.5
2024-09-26,-0.0092139224996551,40.97303934356464,0.00040973039343564644,-0.009623652893090745,3.2898804336456595,8.156670089569213,impact_Y_1.5
2024-10-03,0.0521322559187513,76.58133546559623,0.0007658133546559622,0.05136644256409534,3.4588698879832607,8.58189570212346,impact_Y_1.5
2024-10-10,0.0040630585991973,71.30924309550734,0.0007130924309550734,0.0033499661682422264,3.470456985088356,8.616764447253386,impact_Y_1.5
2024-10-17,0.004621056377059,200.19465916556442,0.0020019465916556443,0.0026191097854033553,3.4795464929378226,8.656583001551981,impact_Y_1.5
2024-10-24,-0.0163364354756055,147.69742080419215,0.0014769742080419214,-0.017813409683647422,3.4175639057458227,8.515165291907904,impact_Y_1.5
2024-10-31,0.0392439210553847,35.69285995082733,0.0003569285995082733,0.03888699245587642,3.5504626875660357,8.84933376639709,impact_Y_1.5
2024-11-07,0.0210823296096266,26.755487180694807,0.00026755487180694806,0.02081477473781965,3.624364768622756,9.03589833768587,impact_Y_1.5
2024-11-14,0.0824244790398835,220.1366837771408,0.002201366837771408,0.08022311220211209,3.915122590117362,9.780677550826978,impact_Y_1.5
2024-11-21,-0.0036094901400151,0.0,0.0,-0.0036094901400151,3.9009909937313827,9.7453742916446,impact_Y_1.5
2024-11-29,0.0146110368737741,0.0,0.0,0.0146110368737741,3.957988516985053,9.88776431476855,impact_Y_1.5
2024-12-06,0.0604477290922966,0.0,0.0,0.0604477290922966,4.197239934610186,10.485457213396158,impact_Y_1.5
2024-12-13,-0.0446413296412288,0.0,0.0,-0.0446413296412288,4.009869563105924,10.01737246149394,impact_Y_1.5
2024-12-20,-0.0304949721668773,0.0,0.0,-0.0304949721668773,3.8875887023862004,9.711892967095439,impact_Y_1.5
2024-12-30,0.0495895366958811,0.0,0.0,0.0495895366958811,4.0803724250016735,10.193501239773688,impact_Y_1.5
2025-01-07,0.0158043619983313,0.0,0.0,0.0158043619983313,4.1448601078944085,10.35460302339751,impact_Y_1.5
2025-01-15,-0.0020712619899326,0.0,0.0,-0.0020712619899326,4.136275016699339,10.333155927734307,impact_Y_1.5
2025-01-23,-0.0354528791728918,0.0,0.0,-0.0354528791728918,3.989632158306447,9.966815799153693,impact_Y_1.5
2025-01-30,-0.0148942282557208,0.0,0.0,-0.0148942282557208,3.9302096662842665,9.818367769658373,impact_Y_1.5
2025-02-06,0.0073784552916026,416.0471929040583,0.004160471929040583,0.0032179833625620166,3.9428570156017497,9.890812157283309,impact_Y_1.5
2025-02-13,-0.0076352695561043,284.2687659238256,0.002842687659238256,-0.010477957215342556,3.9015439284860616,9.815293140333658,impact_Y_1.5
2025-02-21,-0.0565449363275032,265.5394319719716,0.002655394319719716,-0.05920033064722292,3.6705712378850217,9.260288014677712,impact_Y_1.5
2025-02-28,-0.0380940490059655,269.10436878653525,0.0026910436878653525,-0.04078509269383085,3.5208666497085717,8.907526149237224,impact_Y_1.5
2025-03-07,-0.0133275116925226,585.9265028920031,0.005859265028920031,-0.01918677672144263,3.4533125674346397,8.788810990331815,impact_Y_1.5
2025-03-14,-0.0063512874667355,260.38347641721987,0.002603834764172199,-0.008955122230907699,3.422387731291733,8.732990725241413,impact_Y_1.5
2025-03-21,0.0028441404173408,65.81595856178066,0.0006581595856178066,0.0021859808317229936,3.429869005271061,8.757828577127333,impact_Y_1.5
2025-03-28,-0.0165522391901787,20.847943491203146,0.00020847943491203146,-0.01676071862509073,3.372381935952793,8.612866903732138,impact_Y_1.5
2025-04-04,0.0105141366753918,41.07818075146279,0.0004107818075146279,0.010103354867877171,3.406454307401743,8.703423763524937,impact_Y_1.5
2025-04-11,-0.0035422321373535,44.64822972185428,0.0004464822972185428,-0.003988714434572042,3.392866933935099,8.672594216164772,impact_Y_1.5
2025-04-21,-0.0037960886378473,24.55451096618779,0.0002455451096618779,-0.004041633747509178,3.379154208434099,8.639672279800129,impact_Y_1.5
2025-04-28,-0.0034241399201165,69.32595045497723,0.0006932595045497723,-0.0041173994246662725,3.365240880840434,8.610088833050142,impact_Y_1.5
2025-05-05,-3.2158489028433e-05,39.42685390892821,0.0003942685390892821,-0.0004264270281177151,3.363805851172717,8.609811945602871,impact_Y_1.5
2025-05-12,0.00234972725334,129.53383951791224,0.0012953383951791223,0.0010543888581608775,3.3673526105832097,8.630042655377586,impact_Y_1.5
2025-05-19,-0.0303305150371032,300.1414235048283,0.003001414235048283,-0.033331929272151485,3.2551122515328554,8.368289016847815,impact_Y_1.5
2025-05-27,0.0075930523274482,186.27258474835398,0.0018627258474835397,0.00573032647996466,3.2737651074630714,8.431829873243949,impact_Y_1.5
2025-06-03,0.02366609444769,15.854157646153865,0.00015854157646153866,0.02350755287122846,3.3507233138147425,8.631378355390995,impact_Y_1.5
2025-06-10,-0.0006143121695343,125.73169244548039,0.001257316924454804,-0.001871629093989104,3.3444520025746995,8.626075994627422,impact_Y_1.5
2025-06-17,0.029276479400441,311.1111812095602,0.003111111812095602,0.0261653675883454,3.431960818603644,8.87861713079077,impact_Y_1.5
2025-06-25,0.0038787958833917,0.0,0.0,0.0038787958833917,3.4452726940988057,8.913055474367892,impact_Y_1.5
2025-07-02,-0.0073233902558275,52.17595984491004,0.0005217595984491004,-0.0078451498542766,3.418244013524753,8.847781690757257,impact_Y_1.5
2025-07-10,-0.0011880091119234,71.33141001116408,0.0007133141001116408,-0.001901323212035041,3.4117448268374386,8.837270445488329,impact_Y_1.5
2025-07-17,0.0069817802027079,179.05797775658885,0.0017905797775658885,0.005191200425142012,3.429455878032993,8.898970325330614,impact_Y_1.5
2025-07-24,-0.0028439910134982,0.0,0.0,-0.0028439910134982,3.4197025363346785,8.873661733695988,impact_Y_1.5
2025-07-31,-0.0329022711730205,194.05869998101392,0.0019405869998101392,-0.034842858172830636,3.3005503258679,8.581698109036267,impact_Y_1.5
2025-08-07,0.0134496452753358,0.0,0.0,0.0134496452753358,3.344941556964218,8.697118904462826,impact_Y_1.5
2025-08-14,-0.0009122404857093,106.15763148241375,0.0010615763148241375,-0.0019738168005334375,3.3383392551222792,8.689185040489148,impact_Y_1.5
2025-08-21,-0.0082449056087192,106.70646586799506,0.0010670646586799506,-0.00931197026739915,3.3072527392360893,8.61754353001362,impact_Y_1.5
2025-08-28,-0.0091462445386055,196.12599230633552,0.0019612599230633553,-0.011107504461668855,3.270517414679158,8.538725369566038,impact_Y_1.5
2025-09-05,0.0339714060407125,363.31318102519924,0.0036331318102519926,0.030338274230460507,3.369739268881191,8.8287978761657,impact_Y_1.5
2025-09-12,0.0010968588070704,316.06493754426884,0.0031606493754426884,-0.0020637905683722887,3.3627848327602003,8.838481820872016,impact_Y_1.5
2025-09-19,-0.0143538542146616,0.0,0.0,-0.0143538542146616,3.3145159095154852,8.71161554133628,impact_Y_1.5
2025-09-26,0.0192393015590701,178.74538043030972,0.0017874538043030973,0.017451847754767002,3.3723603365491024,8.879220939802732,impact_Y_1.5
2025-10-03,-0.0154962169677296,0.0,0.0,-0.0154962169677296,3.3201015090805717,8.74162660561514,impact_Y_1.5
2025-10-10,0.026586687807953,308.5292024626935,0.003085292024626935,0.023501395783326065,3.3981285286862923,8.974037503112326,impact_Y_1.5
2025-10-17,0.0451446522763159,0.0,0.0,0.0451446522763159,3.5515358595040643,9.37916730570495,impact_Y_1.5
2025-10-24,0.0265952431033434,0.0,0.0,0.0265952431033434,3.6459898190778164,9.628608540307104,impact_Y_1.5
2025-10-31,0.0159593315947652,0.0,0.0,0.0159593315947652,3.7041773795916173,9.782274696798053,impact_Y_1.5
2025-11-07,-0.025454034127232,0.0,0.0,-0.025454034127232,3.6098911221581713,9.533276342823797,impact_Y_1.5
2025-11-14,0.01155072767874,0.0,0.0,0.01155072767874,3.6515879914601217,9.64339262174593,impact_Y_1.5
2025-11-21,0.0524147135798123,0.0,0.0,0.0524147135798123,3.8429849301439862,10.148848283952418,impact_Y_1.5
2025-12-01,0.0215783561799933,0.0,0.0,0.0215783561799933,3.9259102277609803,10.367843747040258,impact_Y_1.5
2025-12-08,-0.0178083955530479,162.83845360563473,0.0016283845360563472,-0.01943678008910425,3.849603174014425,10.18320908456077,impact_Y_1.5
2025-12-15,0.0021186815072325,0.0,0.0,0.0021186815072325,3.857759257069393,10.20478406133251,impact_Y_1.5
2025-12-22,0.0037290520603451,43.21157064691963,0.0004321157064691963,0.0032969363538759037,3.8704780438085264,10.242838232361798,impact_Y_1.5
2025-12-30,0.0448718595575998,90.0601263641581,0.0009006012636415809,0.04397125829395822,4.0406678335939255,10.70245343099555,impact_Y_1.5
2026-01-07,0.0247035940756239,149.97796656477638,0.0014997796656477638,0.023203814409976136,4.134426740096999,10.966842496168134,impact_Y_1.5
2026-01-14,0.0304306683452943,191.5806447580829,0.001915806447580829,0.028514861897713472,4.252319347617079,11.300570842964106,impact_Y_1.5
2026-01-22,0.02102960478227,189.4237285714985,0.0018942372857149849,0.019135367496555013,4.333689041046443,11.538217381605685,impact_Y_1.5
2026-01-29,0.0045134602872817,0.0,0.0,0.0045134602872817,4.353248974430634,11.590294667543585,impact_Y_1.5
2026-02-05,0.0175933202887568,183.85389072729484,0.0018385389072729484,0.01575478138148385,4.421833460321957,11.79420643387075,impact_Y_1.5
2026-02-12,0.0162799203752579,0.0,0.0,0.0162799203752579,4.493820556968649,11.98621517550352,impact_Y_1.5
2026-02-20,0.0002455265732447,0.0,0.0,0.0002455265732447,4.494923909330778,11.989158109841735,impact_Y_1.5
2026-02-27,-0.0420135090570499,0.0,0.0,-0.0420135090570499,4.306076382955359,11.485451507007497,impact_Y_1.5
2026-03-06,0.0205252108178099,163.68804656773904,0.0016368804656773904,0.018888330352132512,4.387410976198136,11.721192820526559,impact_Y_1.5
2026-03-13,-0.0008440256123187,0.0,0.0,-0.0008440256123187,4.383707888962457,11.711299833579108,impact_Y_1.5
2026-03-20,-0.0329800665414279,0.0,0.0,-0.0329800665414279,4.239132911086292,11.325060385781056,impact_Y_1.5
2026-03-27,0.0086111694207504,419.0977608510811,0.0041909776085108106,0.004420191812239589,4.257870691670871,11.422582399463247,impact_Y_1.5
2026-04-06,0.0103870861589074,0.0,0.0,0.0103870861589074,4.302097561398743,11.541229747003692,impact_Y_1.5
2026-04-13,0.0300825042229966,364.24735349112325,0.0036424735349112323,0.026440030688085366,4.415845152945264,11.888418839606505,impact_Y_1.5
2026-04-20,0.0061320149914268,315.3920598362881,0.003153920598362881,0.002978094393063919,4.428995956635888,11.961318802155333,impact_Y_1.5
2026-04-27,0.051447059596487,313.88838219012393,0.003138883821901239,0.048308175774585765,4.642952671813984,12.5766934834224,impact_Y_1.5
2026-05-04,0.0279266418723695,217.47993771893866,0.0021747993771893868,0.025751842495180116,4.762517257731114,12.927918298272502,impact_Y_1.5
2026-05-11,-0.0213744976058629,309.2228090458278,0.003092228090458278,-0.02446672569632118,4.645994054362211,12.651590539557287,impact_Y_1.5
2026-05-18,0.0789047246068553,0.0,0.0,0.0789047246068553,5.012584935746748,13.64986080691975,impact_Y_1.5
2026-05-26,0.0983531454086835,0.0,0.0,0.0983531454086835,5.505588430805624,14.992367551671016,impact_Y_1.5
2026-06-02,-0.0765175733466113,309.07985237051355,0.0030907985237051353,-0.07960837187031644,5.067297499641138,13.845187967896674,impact_Y_1.5
2026-06-09,0.0962571100753591,0.0,0.0,0.0962571100753591,5.555060912848687,15.177885750136541,impact_Y_1.5
