date,ticker,raw_target_return,raw_target_return_exact,raw_expected_daily_return_exact,raw_target_price_exact,time_to_target,signal_strength_adjustment_value,final_expected_return_after_adjustments,raw_target_rank,raw_target_feature_source,exact_raw_target_available,quality_pass,passed_tradability_filter,tradability_exclusion_reason,exclusion_reason,final_exclusion_reason,local_ohlcv_available,yahoo_fetch_attempted,yahoo_fetch_success,median_60d_dollar_volume,market_cap,trading_history_days,realized_vol_60d,holding_quality_classification,holding_risk_notes,company_name,sector,industry,exchange,avg_volume_20d,return_1d,return_5d,return_20d,is_crypto_linked,is_spac_linked,is_biotech_binary_risk,is_adr,is_microcap_or_low_float,is_distressed,realized_vol_60d,raw_target_selected,soft_exit_status,prior_position_status,vol_target_exposure,volatility_target_exposure,uncapped_volatility_target_exposure,raw_volatility_target_exposure,exposure_cap,exposure_cap_60,dual_trend_cap,final_exposure,rolling_volatility_used,volatility_source,volatility_source_date,volatility_is_fresh,spy_close,spy_ma_200,qqq_close,qqq_ma_200,spy_below_200d,qqq_below_200d,dual_trend_reason,rolling_volatility_used,volatility_source,volatility_source_date,volatility_is_fresh,final_growth_weight,cash_weight,data_source,growth_paper_model,growth_paper_variant,exact_growth_features_available,fallback_reason
2026-08-13,AAPL,0.0493093625830873,0.0493093625830873,0.0003999812834065,318.8850128173828,120.36018979116665,0.0015247467212593,0.0004172676327021,51.0,raw_target_return_exact,True,True,True,,,,True,False,False,12778866643.753052,,6403,0.2326872131606025,not_a_final_holding,,,,,,,,,,,,,,,,0.2326872131606025,False,not_prior_position,new_or_unheld,0.43525840694911355,0.43525840694911355,0.43525840694911355,0.43525840694911355,0.6,0.6,0.6,0.43525840694911355,0.5054468713012599,fresh_selected_holdings_ohlcv,2026-08-13,True,777.6599731445312,702.2683215332031,733.030029296875,649.473754272461,False,False,SPY and QQQ above 200D MA,0.5054468713012599,fresh_selected_holdings_ohlcv,2026-08-13,True,0.0,0.5647415930508864,current_growth_feature_generation,growth_champion_final,growth_v1_exposure_cap_60_dual_trend_filter,True,exact raw pre-signal target captured from expected_returns_model diagnostics
2026-08-13,NVDA,0.0769781814354815,0.0769781814354815,0.0058268020464744,242.9770481709943,12.764289026824432,-0.003107372282024,-0.0002757158916694,22.0,raw_target_return_exact,True,True,True,,,,True,False,False,32356917505.35736,,6403,0.4105833344694613,not_a_final_holding,,,,,,,,,,,,,,,,0.4105833344694613,False,not_prior_position,new_or_unheld,0.43525840694911355,0.43525840694911355,0.43525840694911355,0.43525840694911355,0.6,0.6,0.6,0.43525840694911355,0.5054468713012599,fresh_selected_holdings_ohlcv,2026-08-13,True,777.6599731445312,702.2683215332031,733.030029296875,649.473754272461,False,False,SPY and QQQ above 200D MA,0.5054468713012599,fresh_selected_holdings_ohlcv,2026-08-13,True,0.0,0.5647415930508864,current_growth_feature_generation,growth_champion_final,growth_v1_exposure_cap_60_dual_trend_filter,True,exact raw pre-signal target captured from expected_returns_model diagnostics
2026-08-13,MSTR,0.0714756860199712,0.0714756860199712,0.0004470557233731,101.7259042466435,154.46010650839116,0.0009522188639572,0.0001636853823787,25.0,raw_target_return_exact,True,True,True,,,,True,False,False,2611668027.5756836,,6403,0.7319515510460486,not_a_final_holding,,,,,,,,,,,,,,,,0.7319515510460486,False,not_prior_position,new_or_unheld,0.43525840694911355,0.43525840694911355,0.43525840694911355,0.43525840694911355,0.6,0.6,0.6,0.43525840694911355,0.5054468713012599,fresh_selected_holdings_ohlcv,2026-08-13,True,777.6599731445312,702.2683215332031,733.030029296875,649.473754272461,False,False,SPY and QQQ above 200D MA,0.5054468713012599,fresh_selected_holdings_ohlcv,2026-08-13,True,0.0,0.5647415930508864,current_growth_feature_generation,growth_champion_final,growth_v1_exposure_cap_60_dual_trend_filter,True,exact raw pre-signal target captured from expected_returns_model diagnostics
2026-08-13,SNAP,0.0547623164843373,0.0547623164843373,0.0002823811205268,5.557437082414588,188.8333621539036,0.0010635931988313,-0.0010070097050367,,raw_target_return_exact,True,False,False,current price below $5,price below $5; current price below $5,price below $5; current price below $5,True,False,False,246797993.25447083,,2338,0.7160874436462371,not_a_final_holding,,,,,,,,,,,,,,,,0.7160874436462371,False,not_prior_position,new_or_unheld,0.43525840694911355,0.43525840694911355,0.43525840694911355,0.43525840694911355,0.6,0.6,0.6,0.43525840694911355,0.5054468713012599,fresh_selected_holdings_ohlcv,2026-08-13,True,777.6599731445312,702.2683215332031,733.030029296875,649.473754272461,False,False,SPY and QQQ above 200D MA,0.5054468713012599,fresh_selected_holdings_ohlcv,2026-08-13,True,0.0,0.5647415930508864,current_growth_feature_generation,growth_champion_final,growth_v1_exposure_cap_60_dual_trend_filter,True,exact raw pre-signal target captured from expected_returns_model diagnostics
2026-08-13,OKLO,0.1583787913273626,0.1583787913273626,0.0007500595546856,54.20054470673475,196.08651539291537,0.0010635994608176,-0.0011377572542046,6.0,raw_target_return_exact,True,True,True,,,,True,False,False,490463427.1774292,,1281,0.8758341191675961,speculative_but_tradable,high-volatility,,,,,9681730.35,0.036563276511278886,0.10879600139423196,0.12182496211603167,False,False,False,False,False,False,0.8758341191675961,True,retained_positive_raw_target,prior_position,0.43525840694911355,0.43525840694911355,0.43525840694911355,0.43525840694911355,0.6,0.6,0.6,0.43525840694911355,0.5054468713012599,fresh_selected_holdings_ohlcv,2026-08-13,True,777.6599731445312,702.2683215332031,733.030029296875,649.473754272461,False,False,SPY and QQQ above 200D MA,0.5054468713012599,fresh_selected_holdings_ohlcv,2026-08-13,True,0.10881460173727839,0.5647415930508864,current_growth_feature_generation,growth_champion_final,growth_v1_exposure_cap_60_dual_trend_filter,True,exact raw pre-signal target captured from expected_returns_model diagnostics
2026-08-13,JMIA,0.1028439528838098,0.1028439528838098,0.0005094571243855,6.891671941504229,192.1990767018667,0.0010635956974523,4.269400487443844e-05,,raw_target_return_exact,True,False,False,"median 60D dollar volume below $50,000,000","median 20D dollar volume below $20,000,000; median 60D dollar volume below $50,000,000","median 20D dollar volume below $20,000,000; median 60D dollar volume below $50,000,000",True,False,False,12258878.564929962,,1806,0.7073509088844698,not_a_final_holding,,,,,,,,,,,,,,,,0.7073509088844698,False,not_prior_position,new_or_unheld,0.43525840694911355,0.43525840694911355,0.43525840694911355,0.43525840694911355,0.6,0.6,0.6,0.43525840694911355,0.5054468713012599,fresh_selected_holdings_ohlcv,2026-08-13,True,777.6599731445312,702.2683215332031,733.030029296875,649.473754272461,False,False,SPY and QQQ above 200D MA,0.5054468713012599,fresh_selected_holdings_ohlcv,2026-08-13,True,0.0,0.5647415930508864,current_growth_feature_generation,growth_champion_final,growth_v1_exposure_cap_60_dual_trend_filter,True,exact raw pre-signal target captured from expected_returns_model diagnostics
2026-08-13,XYZ,0.0559801841343188,0.0559801841343188,0.0012402867142531,86.47421663424021,43.94402627080533,-5.759749692388261e-05,5.7920850953609485e-05,33.0,raw_target_return_exact,True,True,True,,,,True,False,False,371157362.714386,,2659,0.4408874597688618,not_a_final_holding,,,,,,,,,,,,,,,,0.4408874597688618,False,not_prior_position,new_or_unheld,0.43525840694911355,0.43525840694911355,0.43525840694911355,0.43525840694911355,0.6,0.6,0.6,0.43525840694911355,0.5054468713012599,fresh_selected_holdings_ohlcv,2026-08-13,True,777.6599731445312,702.2683215332031,733.030029296875,649.473754272461,False,False,SPY and QQQ above 200D MA,0.5054468713012599,fresh_selected_holdings_ohlcv,2026-08-13,True,0.0,0.5647415930508864,current_growth_feature_generation,growth_champion_final,growth_v1_exposure_cap_60_dual_trend_filter,True,exact raw pre-signal target captured from expected_returns_model diagnostics
2026-08-13,RKLB,0.1450640796875983,0.1450640796875983,0.0006943607965552,92.16620532793402,195.1544855781319,0.0010635991054924,0.0003812373142234,9.0,raw_target_return_exact,True,True,True,,,,True,False,False,2371267435.2859497,,1397,1.1723466877749842,not_a_final_holding,,,,,,,,,,,,,,,,1.1723466877749842,False,not_prior_position,new_or_unheld,0.43525840694911355,0.43525840694911355,0.43525840694911355,0.43525840694911355,0.6,0.6,0.6,0.43525840694911355,0.5054468713012599,fresh_selected_holdings_ohlcv,2026-08-13,True,777.6599731445312,702.2683215332031,733.030029296875,649.473754272461,False,False,SPY and QQQ above 200D MA,0.5054468713012599,fresh_selected_holdings_ohlcv,2026-08-13,True,0.0,0.5647415930508864,current_growth_feature_generation,growth_champion_final,growth_v1_exposure_cap_60_dual_trend_filter,True,exact raw pre-signal target captured from expected_returns_model diagnostics
2026-08-13,RBLX,0.0871885094454665,0.0871885094454665,0.0004375295812275,40.77935257319067,191.10319566118267,0.0034762045729709,-0.0002680821179902,19.0,raw_target_return_exact,True,True,True,,,,True,False,False,481571633.61034393,,1326,0.707156433778784,not_a_final_holding,,,,,,,,,,,,,,,,0.707156433778784,False,not_prior_position,new_or_unheld,0.43525840694911355,0.43525840694911355,0.43525840694911355,0.43525840694911355,0.6,0.6,0.6,0.43525840694911355,0.5054468713012599,fresh_selected_holdings_ohlcv,2026-08-13,True,777.6599731445312,702.2683215332031,733.030029296875,649.473754272461,False,False,SPY and QQQ above 200D MA,0.5054468713012599,fresh_selected_holdings_ohlcv,2026-08-13,True,0.0,0.5647415930508864,current_growth_feature_generation,growth_champion_final,growth_v1_exposure_cap_60_dual_trend_filter,True,exact raw pre-signal target captured from expected_returns_model diagnostics
2026-08-13,AVGO,0.0597959158987393,0.0597959158987393,0.0034903728748818,445.1301971405632,16.668033678674732,-0.0018859259053114,-0.0001636105496524,30.0,raw_target_return_exact,True,True,True,,,,True,False,False,8929509646.185303,,4243,0.5443097973423604,not_a_final_holding,,,,,,,,,,,,,,,,0.5443097973423604,False,not_prior_position,new_or_unheld,0.43525840694911355,0.43525840694911355,0.43525840694911355,0.43525840694911355,0.6,0.6,0.6,0.43525840694911355,0.5054468713012599,fresh_selected_holdings_ohlcv,2026-08-13,True,777.6599731445312,702.2683215332031,733.030029296875,649.473754272461,False,False,SPY and QQQ above 200D MA,0.5054468713012599,fresh_selected_holdings_ohlcv,2026-08-13,True,0.0,0.5647415930508864,current_growth_feature_generation,growth_champion_final,growth_v1_exposure_cap_60_dual_trend_filter,True,exact raw pre-signal target captured from expected_returns_model diagnostics
2026-08-13,INTC,0.1430095412890921,0.1430095412890921,0.0006856576242495,120.41034152237474,195.01066789023645,0.0010635970287432,0.0002684738252985,10.0,raw_target_return_exact,True,True,True,,,,True,False,False,13244827642.591095,,6403,0.9754050466276402,not_a_final_holding,,,,,,,,,,,,,,,,0.9754050466276402,False,not_prior_position,new_or_unheld,0.43525840694911355,0.43525840694911355,0.43525840694911355,0.43525840694911355,0.6,0.6,0.6,0.43525840694911355,0.5054468713012599,fresh_selected_holdings_ohlcv,2026-08-13,True,777.6599731445312,702.2683215332031,733.030029296875,649.473754272461,False,False,SPY and QQQ above 200D MA,0.5054468713012599,fresh_selected_holdings_ohlcv,2026-08-13,True,0.0,0.5647415930508864,current_growth_feature_generation,growth_champion_final,growth_v1_exposure_cap_60_dual_trend_filter,True,exact raw pre-signal target captured from expected_returns_model diagnostics
2026-08-13,TWLO,0.1898190493493798,0.1898190493493798,0.0055893288995916,298.9658376134741,31.182008474874333,-0.0035916252394751,-0.0012156394924136,2.0,raw_target_return_exact,True,True,True,,,,True,False,False,413558986.3845825,,2549,0.7570324727226077,institutional_quality,no major holding-level risk flags detected,,,,,2393754.8,0.017557383491947576,0.2989130481998459,0.21407837761642656,False,False,False,False,False,False,0.7570324727226077,True,not_prior_position,new_or_unheld,0.43525840694911355,0.43525840694911355,0.43525840694911355,0.43525840694911355,0.6,0.6,0.6,0.43525840694911355,0.5054468713012599,fresh_selected_holdings_ohlcv,2026-08-13,True,777.6599731445312,702.2683215332031,733.030029296875,649.473754272461,False,False,SPY and QQQ above 200D MA,0.5054468713012599,fresh_selected_holdings_ohlcv,2026-08-13,True,0.10881460173727839,0.5647415930508864,current_growth_feature_generation,growth_champion_final,growth_v1_exposure_cap_60_dual_trend_filter,True,exact raw pre-signal target captured from expected_returns_model diagnostics
2026-08-13,SPOT,0.0498086612706965,0.0498086612706965,0.001321348415183,520.0935939786177,36.810902087142736,-0.0001244315076652,-7.8187919956878e-05,46.0,raw_target_return_exact,True,True,True,,,,True,False,False,839262898.2086182,,2065,0.5107028137266147,not_a_final_holding,,,,,,,,,,,,,,,,0.5107028137266147,False,not_prior_position,new_or_unheld,0.43525840694911355,0.43525840694911355,0.43525840694911355,0.43525840694911355,0.6,0.6,0.6,0.43525840694911355,0.5054468713012599,fresh_selected_holdings_ohlcv,2026-08-13,True,777.6599731445312,702.2683215332031,733.030029296875,649.473754272461,False,False,SPY and QQQ above 200D MA,0.5054468713012599,fresh_selected_holdings_ohlcv,2026-08-13,True,0.0,0.5647415930508864,current_growth_feature_generation,growth_champion_final,growth_v1_exposure_cap_60_dual_trend_filter,True,exact raw pre-signal target captured from expected_returns_model diagnostics
2026-08-13,TEAM,0.3001612628206744,0.3001612628206744,0.0233886179536795,211.19819870681215,11.353646340519049,-0.0123355093850179,0.0082780939121026,1.0,raw_target_return_exact,True,True,True,,,,True,False,False,385760463.3670807,,2684,1.0349993348645594,speculative_but_tradable,high-volatility,,,,,5264940.3,0.0414519281814707,0.46750481745338446,0.7504872453805238,False,False,False,False,False,False,1.0349993348645594,True,retained_positive_raw_target,prior_position,0.43525840694911355,0.43525840694911355,0.43525840694911355,0.43525840694911355,0.6,0.6,0.6,0.43525840694911355,0.5054468713012599,fresh_selected_holdings_ohlcv,2026-08-13,True,777.6599731445312,702.2683215332031,733.030029296875,649.473754272461,False,False,SPY and QQQ above 200D MA,0.5054468713012599,fresh_selected_holdings_ohlcv,2026-08-13,True,0.10881460173727839,0.5647415930508864,current_growth_feature_generation,growth_champion_final,growth_v1_exposure_cap_60_dual_trend_filter,True,exact raw pre-signal target captured from expected_returns_model diagnostics
2026-08-13,SPCE,0.112958599866493,0.112958599866493,0.0060972047761878,3.4056532519074665,17.606069543894595,-0.0014296701029222,-0.0010626703441966,,raw_target_return_exact,True,False,False,"median 60D dollar volume below $50,000,000; current price below $5; 60D annualized volatility above 120%","price below $5; 20D realized volatility above 150% annualized; median 60D dollar volume below $50,000,000; current price below $5; 60D annualized volatility above 120%","price below $5; 20D realized volatility above 150% annualized; median 60D dollar volume below $50,000,000; current price below $5; 60D annualized volatility above 120%",True,False,False,34646968.08550358,,2191,1.8239162039318197,not_a_final_holding,,,,,,,,,,,,,,,,1.8239162039318197,False,not_prior_position,new_or_unheld,0.43525840694911355,0.43525840694911355,0.43525840694911355,0.43525840694911355,0.6,0.6,0.6,0.43525840694911355,0.5054468713012599,fresh_selected_holdings_ohlcv,2026-08-13,True,777.6599731445312,702.2683215332031,733.030029296875,649.473754272461,False,False,SPY and QQQ above 200D MA,0.5054468713012599,fresh_selected_holdings_ohlcv,2026-08-13,True,0.0,0.5647415930508864,current_growth_feature_generation,growth_champion_final,growth_v1_exposure_cap_60_dual_trend_filter,True,exact raw pre-signal target captured from expected_returns_model diagnostics
2026-08-13,SNOW,0.1098188243269593,0.1098188243269593,0.0094394928871659,376.2285814468392,11.090404351741848,-0.0059762295814106,0.001493552782408,14.0,raw_target_return_exact,True,True,True,,,,True,False,False,1141357592.7474976,,1446,0.9825421766414121,not_a_final_holding,,,,,,,,,,,,,,,,0.9825421766414121,False,not_prior_position,new_or_unheld,0.43525840694911355,0.43525840694911355,0.43525840694911355,0.43525840694911355,0.6,0.6,0.6,0.43525840694911355,0.5054468713012599,fresh_selected_holdings_ohlcv,2026-08-13,True,777.6599731445312,702.2683215332031,733.030029296875,649.473754272461,False,False,SPY and QQQ above 200D MA,0.5054468713012599,fresh_selected_holdings_ohlcv,2026-08-13,True,0.0,0.5647415930508864,current_growth_feature_generation,growth_champion_final,growth_v1_exposure_cap_60_dual_trend_filter,True,exact raw pre-signal target captured from expected_returns_model diagnostics
2026-08-13,TSM,0.0752246389209576,0.0752246389209576,0.0028368822022835,466.057740714934,25.60290890103384,-0.0014212736091374,-0.001092805081363,23.0,raw_target_return_exact,True,True,True,,,,True,False,False,4872485575.099182,,6403,0.46506736995673065,not_a_final_holding,,,,,,,,,,,,,,,,0.46506736995673065,False,not_prior_position,new_or_unheld,0.43525840694911355,0.43525840694911355,0.43525840694911355,0.43525840694911355,0.6,0.6,0.6,0.43525840694911355,0.5054468713012599,fresh_selected_holdings_ohlcv,2026-08-13,True,777.6599731445312,702.2683215332031,733.030029296875,649.473754272461,False,False,SPY and QQQ above 200D MA,0.5054468713012599,fresh_selected_holdings_ohlcv,2026-08-13,True,0.0,0.5647415930508864,current_growth_feature_generation,growth_champion_final,growth_v1_exposure_cap_60_dual_trend_filter,True,exact raw pre-signal target captured from expected_returns_model diagnostics
2026-08-13,LRCX,0.1565397300848692,0.1565397300848692,0.000742438170443,394.4494375191621,195.95778110594085,0.001063597414181,-5.234376310748578e-05,8.0,raw_target_return_exact,True,True,True,,,,True,False,False,2672597697.418213,,6403,0.6643465598873877,not_a_final_holding,,,,,,,,,,,,,,,,0.6643465598873877,False,not_prior_position,new_or_unheld,0.43525840694911355,0.43525840694911355,0.43525840694911355,0.43525840694911355,0.6,0.6,0.6,0.43525840694911355,0.5054468713012599,fresh_selected_holdings_ohlcv,2026-08-13,True,777.6599731445312,702.2683215332031,733.030029296875,649.473754272461,False,False,SPY and QQQ above 200D MA,0.5054468713012599,fresh_selected_holdings_ohlcv,2026-08-13,True,0.0,0.5647415930508864,current_growth_feature_generation,growth_champion_final,growth_v1_exposure_cap_60_dual_trend_filter,True,exact raw pre-signal target captured from expected_returns_model diagnostics
2026-08-13,TSLA,0.0825648662479785,0.0825648662479785,0.0004489061943928,366.39680125167774,176.76500781173516,0.0010635898616789,0.0002044227713566,20.0,raw_target_return_exact,True,True,True,,,,True,False,False,21401690452.926636,,4018,0.4438946430550363,not_a_final_holding,,,,,,,,,,,,,,,,0.4438946430550363,False,not_prior_position,new_or_unheld,0.43525840694911355,0.43525840694911355,0.43525840694911355,0.43525840694911355,0.6,0.6,0.6,0.43525840694911355,0.5054468713012599,fresh_selected_holdings_ohlcv,2026-08-13,True,777.6599731445312,702.2683215332031,733.030029296875,649.473754272461,False,False,SPY and QQQ above 200D MA,0.5054468713012599,fresh_selected_holdings_ohlcv,2026-08-13,True,0.0,0.5647415930508864,current_growth_feature_generation,growth_champion_final,growth_v1_exposure_cap_60_dual_trend_filter,True,exact raw pre-signal target captured from expected_returns_model diagnostics
2026-08-13,ASTS,0.1497279235808251,0.1497279235808251,0.0007140088489741,82.42399764846229,195.48095465065776,0.0010636013767989,0.0004358527880348,,raw_target_return_exact,True,False,False,60D annualized volatility above 120%,60D annualized volatility above 120%,60D annualized volatility above 120%,True,False,False,1683414922.114563,,1665,1.2065269241572185,not_a_final_holding,,,,,,,,,,,,,,,,1.2065269241572185,False,not_prior_position,new_or_unheld,0.43525840694911355,0.43525840694911355,0.43525840694911355,0.43525840694911355,0.6,0.6,0.6,0.43525840694911355,0.5054468713012599,fresh_selected_holdings_ohlcv,2026-08-13,True,777.6599731445312,702.2683215332031,733.030029296875,649.473754272461,False,False,SPY and QQQ above 200D MA,0.5054468713012599,fresh_selected_holdings_ohlcv,2026-08-13,True,0.0,0.5647415930508864,current_growth_feature_generation,growth_champion_final,growth_v1_exposure_cap_60_dual_trend_filter,True,exact raw pre-signal target captured from expected_returns_model diagnostics
2026-08-13,RGTI,0.1856386324742993,0.1856386324742993,0.0037895931367957,22.100303385664542,45.01908229500353,-0.0006138283304384,0.0002511960823471,,raw_target_return_exact,True,False,True,,20D realized volatility above 150% annualized,20D realized volatility above 150% annualized,True,False,False,574337157.0280075,,1296,1.1989921484617239,not_a_final_holding,,,,,,,,,,,,,,,,1.1989921484617239,False,not_prior_position,new_or_unheld,0.43525840694911355,0.43525840694911355,0.43525840694911355,0.43525840694911355,0.6,0.6,0.6,0.43525840694911355,0.5054468713012599,fresh_selected_holdings_ohlcv,2026-08-13,True,777.6599731445312,702.2683215332031,733.030029296875,649.473754272461,False,False,SPY and QQQ above 200D MA,0.5054468713012599,fresh_selected_holdings_ohlcv,2026-08-13,True,0.0,0.5647415930508864,current_growth_feature_generation,growth_champion_final,growth_v1_exposure_cap_60_dual_trend_filter,True,exact raw pre-signal target captured from expected_returns_model diagnostics
2026-08-13,KEEL,0.1112353393097878,0.1112353393097878,0.0005472436402256,3.667076566734469,192.78647375168515,0.0010636011705991,-0.0002108029517973,,raw_target_return_exact,True,False,False,current price below $5,price below $5; current price below $5,price below $5; current price below $5,True,False,False,190616129.247427,,1742,0.9923215200212451,not_a_final_holding,,,,,,,,,,,,,,,,0.9923215200212451,False,not_prior_position,new_or_unheld,0.43525840694911355,0.43525840694911355,0.43525840694911355,0.43525840694911355,0.6,0.6,0.6,0.43525840694911355,0.5054468713012599,fresh_selected_holdings_ohlcv,2026-08-13,True,777.6599731445312,702.2683215332031,733.030029296875,649.473754272461,False,False,SPY and QQQ above 200D MA,0.5054468713012599,fresh_selected_holdings_ohlcv,2026-08-13,True,0.0,0.5647415930508864,current_growth_feature_generation,growth_champion_final,growth_v1_exposure_cap_60_dual_trend_filter,True,exact raw pre-signal target captured from expected_returns_model diagnostics
2026-08-13,CCJ,0.0897233060262929,0.0897233060262929,0.0036158074932923,106.83102829697356,23.806318515999862,-0.0005377140905008,-0.0001680062875732,18.0,raw_target_return_exact,True,True,True,,,,True,False,False,336615045.15876776,,6403,0.5684948072123549,not_a_final_holding,,,,,,,,,,,,,,,,0.5684948072123549,False,not_prior_position,new_or_unheld,0.43525840694911355,0.43525840694911355,0.43525840694911355,0.43525840694911355,0.6,0.6,0.6,0.43525840694911355,0.5054468713012599,fresh_selected_holdings_ohlcv,2026-08-13,True,777.6599731445312,702.2683215332031,733.030029296875,649.473754272461,False,False,SPY and QQQ above 200D MA,0.5054468713012599,fresh_selected_holdings_ohlcv,2026-08-13,True,0.0,0.5647415930508864,current_growth_feature_generation,growth_champion_final,growth_v1_exposure_cap_60_dual_trend_filter,True,exact raw pre-signal target captured from expected_returns_model diagnostics
2026-08-13,YPF,0.0502282420841462,0.0502282420841462,0.0002984551536497,51.74999823121743,164.22844863001532,0.0010635879122294,0.0003743059400675,40.0,raw_target_return_exact,True,True,True,,,,True,False,False,75437301.72595978,,6422,0.41003835992151944,not_a_final_holding,,,,,,,,,,,,,,,,0.41003835992151944,False,not_prior_position,new_or_unheld,0.43525840694911355,0.43525840694911355,0.43525840694911355,0.43525840694911355,0.6,0.6,0.6,0.43525840694911355,0.5054468713012599,fresh_selected_holdings_ohlcv,2026-08-13,True,777.6599731445312,702.2683215332031,733.030029296875,649.473754272461,False,False,SPY and QQQ above 200D MA,0.5054468713012599,fresh_selected_holdings_ohlcv,2026-08-13,True,0.0,0.5647415930508864,current_growth_feature_generation,growth_champion_final,growth_v1_exposure_cap_60_dual_trend_filter,True,exact raw pre-signal target captured from expected_returns_model diagnostics
2026-08-13,VIST,0.0490629179634571,0.0490629179634571,0.0003086858266796,69.70949935913086,155.1891751984793,0.0010635859061502,0.0004128505258496,52.0,raw_target_return_exact,True,True,True,,,,True,False,False,55647639.37988281,,1772,0.37656462343413566,speculative_but_tradable,below-100M-median-dollar-volume,,,,,863749.65,0.007574609662458487,0.0030162054742950417,0.06620713365499187,False,False,False,False,False,False,0.37656462343413566,True,retained_positive_raw_target,prior_position,0.43525840694911355,0.43525840694911355,0.43525840694911355,0.43525840694911355,0.6,0.6,0.6,0.43525840694911355,0.5054468713012599,fresh_selected_holdings_ohlcv,2026-08-13,True,777.6599731445312,702.2683215332031,733.030029296875,649.473754272461,False,False,SPY and QQQ above 200D MA,0.5054468713012599,fresh_selected_holdings_ohlcv,2026-08-13,True,0.10881460173727839,0.5647415930508864,current_growth_feature_generation,growth_champion_final,growth_v1_exposure_cap_60_dual_trend_filter,True,exact raw pre-signal target captured from expected_returns_model diagnostics
2026-08-13,ASML,0.1233540408734634,0.1233540408734634,0.0034585979580852,2098.015746481501,33.68993023698325,-0.0019577479545003,-0.001120473202196,12.0,raw_target_return_exact,True,True,True,,,,True,False,False,2588782914.4958496,,6403,0.5495576439006324,not_a_final_holding,,,,,,,,,,,,,,,,0.5495576439006324,False,not_prior_position,new_or_unheld,0.43525840694911355,0.43525840694911355,0.43525840694911355,0.43525840694911355,0.6,0.6,0.6,0.43525840694911355,0.5054468713012599,fresh_selected_holdings_ohlcv,2026-08-13,True,777.6599731445312,702.2683215332031,733.030029296875,649.473754272461,False,False,SPY and QQQ above 200D MA,0.5054468713012599,fresh_selected_holdings_ohlcv,2026-08-13,True,0.0,0.5647415930508864,current_growth_feature_generation,growth_champion_final,growth_v1_exposure_cap_60_dual_trend_filter,True,exact raw pre-signal target captured from expected_returns_model diagnostics
2026-08-13,ARM,0.1207401001018204,0.1207401001018204,0.0005894122289926,317.21428750945586,193.45180700712743,0.0010636001346523,-0.0012145802434313,13.0,raw_target_return_exact,True,True,True,,,,True,False,False,2489161205.279541,,731,1.0870536313248367,not_a_final_holding,,,,,,,,,,,,,,,,1.0870536313248367,False,retained_positive_raw_target,prior_position,0.43525840694911355,0.43525840694911355,0.43525840694911355,0.43525840694911355,0.6,0.6,0.6,0.43525840694911355,0.5054468713012599,fresh_selected_holdings_ohlcv,2026-08-13,True,777.6599731445312,702.2683215332031,733.030029296875,649.473754272461,False,False,SPY and QQQ above 200D MA,0.5054468713012599,fresh_selected_holdings_ohlcv,2026-08-13,True,0.0,0.5647415930508864,current_growth_feature_generation,growth_champion_final,growth_v1_exposure_cap_60_dual_trend_filter,True,exact raw pre-signal target captured from expected_returns_model diagnostics
2026-08-13,BABA,0.0495694291808574,0.0495694291808574,0.0030722724158782,127.96350288391112,15.771483239797467,-0.0008366388276047,0.0001904775757661,49.0,raw_target_return_exact,True,True,True,,,,True,False,False,1355960378.604126,,2978,0.45846775526251804,not_a_final_holding,,,,,,,,,,,,,,,,0.45846775526251804,False,not_prior_position,new_or_unheld,0.43525840694911355,0.43525840694911355,0.43525840694911355,0.43525840694911355,0.6,0.6,0.6,0.43525840694911355,0.5054468713012599,fresh_selected_holdings_ohlcv,2026-08-13,True,777.6599731445312,702.2683215332031,733.030029296875,649.473754272461,False,False,SPY and QQQ above 200D MA,0.5054468713012599,fresh_selected_holdings_ohlcv,2026-08-13,True,0.0,0.5647415930508864,current_growth_feature_generation,growth_champion_final,growth_v1_exposure_cap_60_dual_trend_filter,True,exact raw pre-signal target captured from expected_returns_model diagnostics
2026-08-13,TCEHY,0.0501899445906082,0.0501899445906082,0.0003481910355216,58.04399871826172,140.66867773027127,0.0010635818007919,0.000273245939274,42.0,raw_target_return_exact,True,True,True,,,,True,False,False,224692457.3020935,,4139,0.3376633374947547,not_a_final_holding,,,,,,,,,,,,,,,,0.3376633374947547,False,not_prior_position,new_or_unheld,0.43525840694911355,0.43525840694911355,0.43525840694911355,0.43525840694911355,0.6,0.6,0.6,0.43525840694911355,0.5054468713012599,fresh_selected_holdings_ohlcv,2026-08-13,True,777.6599731445312,702.2683215332031,733.030029296875,649.473754272461,False,False,SPY and QQQ above 200D MA,0.5054468713012599,fresh_selected_holdings_ohlcv,2026-08-13,True,0.0,0.5647415930508864,current_growth_feature_generation,growth_champion_final,growth_v1_exposure_cap_60_dual_trend_filter,True,exact raw pre-signal target captured from expected_returns_model diagnostics
2026-08-13,TM,0.05,0.05,0.0004684317015315,197.683504486084,104.18080276745836,0.0010635621350922,-0.0010143822085358,43.0,raw_target_return_exact,True,True,True,,,,True,False,False,84496452.77252197,,6403,0.2819151658387781,not_a_final_holding,,,,,,,,,,,,,,,,0.2819151658387781,False,not_prior_position,new_or_unheld,0.43525840694911355,0.43525840694911355,0.43525840694911355,0.43525840694911355,0.6,0.6,0.6,0.43525840694911355,0.5054468713012599,fresh_selected_holdings_ohlcv,2026-08-13,True,777.6599731445312,702.2683215332031,733.030029296875,649.473754272461,False,False,SPY and QQQ above 200D MA,0.5054468713012599,fresh_selected_holdings_ohlcv,2026-08-13,True,0.0,0.5647415930508864,current_growth_feature_generation,growth_champion_final,growth_v1_exposure_cap_60_dual_trend_filter,True,exact raw pre-signal target captured from expected_returns_model diagnostics
2026-08-13,SONY,0.0502236999263072,0.0502236999263072,0.0084402506228957,24.64349927902222,5.830359919189298,-0.0019903669516824,0.0043992242759046,41.0,raw_target_return_exact,True,True,True,,,,True,False,False,118107187.52365112,,6403,0.31887752586536766,not_a_final_holding,,,,,,,,,,,,,,,,0.31887752586536766,False,not_prior_position,new_or_unheld,0.43525840694911355,0.43525840694911355,0.43525840694911355,0.43525840694911355,0.6,0.6,0.6,0.43525840694911355,0.5054468713012599,fresh_selected_holdings_ohlcv,2026-08-13,True,777.6599731445312,702.2683215332031,733.030029296875,649.473754272461,False,False,SPY and QQQ above 200D MA,0.5054468713012599,fresh_selected_holdings_ohlcv,2026-08-13,True,0.0,0.5647415930508864,current_growth_feature_generation,growth_champion_final,growth_v1_exposure_cap_60_dual_trend_filter,True,exact raw pre-signal target captured from expected_returns_model diagnostics
2026-08-13,NVO,0.0497716533342404,0.0497716533342404,0.0003109680823614,48.26325016021729,156.2225261772888,0.0016570571288912,0.000340601157459,47.0,raw_target_return_exact,True,True,True,,,,True,False,False,611419483.8897705,,6403,0.3384750244382172,not_a_final_holding,,,,,,,,,,,,,,,,0.3384750244382172,False,not_prior_position,new_or_unheld,0.43525840694911355,0.43525840694911355,0.43525840694911355,0.43525840694911355,0.6,0.6,0.6,0.43525840694911355,0.5054468713012599,fresh_selected_holdings_ohlcv,2026-08-13,True,777.6599731445312,702.2683215332031,733.030029296875,649.473754272461,False,False,SPY and QQQ above 200D MA,0.5054468713012599,fresh_selected_holdings_ohlcv,2026-08-13,True,0.0,0.5647415930508864,current_growth_feature_generation,growth_champion_final,growth_v1_exposure_cap_60_dual_trend_filter,True,exact raw pre-signal target captured from expected_returns_model diagnostics
2026-08-13,SAP,0.0692819426863231,0.0692819426863231,0.0123878742978638,221.44829685671655,5.440917785463988,-0.0033616980212876,0.0070813151618456,26.0,raw_target_return_exact,True,True,True,,,,True,False,False,482562696.84906006,,6441,0.48245911230031235,not_a_final_holding,,,,,,,,,,,,,,,,0.48245911230031235,False,not_prior_position,new_or_unheld,0.43525840694911355,0.43525840694911355,0.43525840694911355,0.43525840694911355,0.6,0.6,0.6,0.43525840694911355,0.5054468713012599,fresh_selected_holdings_ohlcv,2026-08-13,True,777.6599731445312,702.2683215332031,733.030029296875,649.473754272461,False,False,SPY and QQQ above 200D MA,0.5054468713012599,fresh_selected_holdings_ohlcv,2026-08-13,True,0.0,0.5647415930508864,current_growth_feature_generation,growth_champion_final,growth_v1_exposure_cap_60_dual_trend_filter,True,exact raw pre-signal target captured from expected_returns_model diagnostics
2026-08-13,SHEL,0.0498246076123169,0.0498246076123169,0.0008279590544872,94.26899871826171,58.75077490765304,0.0005131259167586,-0.0010288059085757,45.0,raw_target_return_exact,True,True,True,,,,True,False,False,584462022.3637466,,6403,0.23465351924404088,not_a_final_holding,,,,,,,,,,,,,,,,0.23465351924404088,False,not_prior_position,new_or_unheld,0.43525840694911355,0.43525840694911355,0.43525840694911355,0.43525840694911355,0.6,0.6,0.6,0.43525840694911355,0.5054468713012599,fresh_selected_holdings_ohlcv,2026-08-13,True,777.6599731445312,702.2683215332031,733.030029296875,649.473754272461,False,False,SPY and QQQ above 200D MA,0.5054468713012599,fresh_selected_holdings_ohlcv,2026-08-13,True,0.0,0.5647415930508864,current_growth_feature_generation,growth_champion_final,growth_v1_exposure_cap_60_dual_trend_filter,True,exact raw pre-signal target captured from expected_returns_model diagnostics
2026-08-13,BP,0.0498773102426495,0.0498773102426495,0.0004040042779802,44.93474807739258,120.5015492620283,0.0010635734024496,-0.0011287272509144,44.0,raw_target_return_exact,True,True,True,,,,True,False,False,418113540.127182,,6403,0.291844553767072,not_a_final_holding,,,,,,,,,,,,,,,,0.291844553767072,False,not_prior_position,new_or_unheld,0.43525840694911355,0.43525840694911355,0.43525840694911355,0.43525840694911355,0.6,0.6,0.6,0.43525840694911355,0.5054468713012599,fresh_selected_holdings_ohlcv,2026-08-13,True,777.6599731445312,702.2683215332031,733.030029296875,649.473754272461,False,False,SPY and QQQ above 200D MA,0.5054468713012599,fresh_selected_holdings_ohlcv,2026-08-13,True,0.0,0.5647415930508864,current_growth_feature_generation,growth_champion_final,growth_v1_exposure_cap_60_dual_trend_filter,True,exact raw pre-signal target captured from expected_returns_model diagnostics
2026-08-13,RIO,0.050588358424459,0.050588358424459,0.0047217628604856,103.1204990386963,10.476334560509455,-0.0013997796338266,-0.0004288654264775,37.0,raw_target_return_exact,True,True,True,,,,True,False,False,250986445.57647705,,6403,0.35463660983420314,not_a_final_holding,,,,,,,,,,,,,,,,0.35463660983420314,False,not_prior_position,new_or_unheld,0.43525840694911355,0.43525840694911355,0.43525840694911355,0.43525840694911355,0.6,0.6,0.6,0.43525840694911355,0.5054468713012599,fresh_selected_holdings_ohlcv,2026-08-13,True,777.6599731445312,702.2683215332031,733.030029296875,649.473754272461,False,False,SPY and QQQ above 200D MA,0.5054468713012599,fresh_selected_holdings_ohlcv,2026-08-13,True,0.0,0.5647415930508864,current_growth_feature_generation,growth_champion_final,growth_v1_exposure_cap_60_dual_trend_filter,True,exact raw pre-signal target captured from expected_returns_model diagnostics
2026-08-13,BHP,0.0509596929484625,0.0509596929484625,0.002251725262518,91.99050064086914,22.09846798392451,-0.000328928716316,-0.0012070124425501,35.0,raw_target_return_exact,True,True,True,,,,True,False,False,210069349.08103943,,6403,0.3935621964840429,not_a_final_holding,,,,,,,,,,,,,,,,0.3935621964840429,False,not_prior_position,new_or_unheld,0.43525840694911355,0.43525840694911355,0.43525840694911355,0.43525840694911355,0.6,0.6,0.6,0.43525840694911355,0.5054468713012599,fresh_selected_holdings_ohlcv,2026-08-13,True,777.6599731445312,702.2683215332031,733.030029296875,649.473754272461,False,False,SPY and QQQ above 200D MA,0.5054468713012599,fresh_selected_holdings_ohlcv,2026-08-13,True,0.0,0.5647415930508864,current_growth_feature_generation,growth_champion_final,growth_v1_exposure_cap_60_dual_trend_filter,True,exact raw pre-signal target captured from expected_returns_model diagnostics
2026-08-13,VALE,0.0496201070709916,0.0496201070709916,0.0003879282725682,14.505749559402467,124.86248640289598,0.0010635756047931,-0.0001010421900047,48.0,raw_target_return_exact,True,True,True,,,,True,False,False,359461981.87994957,,6101,0.3284022963891392,not_a_final_holding,,,,,,,,,,,,,,,,0.3284022963891392,False,not_prior_position,new_or_unheld,0.43525840694911355,0.43525840694911355,0.43525840694911355,0.43525840694911355,0.6,0.6,0.6,0.43525840694911355,0.5054468713012599,fresh_selected_holdings_ohlcv,2026-08-13,True,777.6599731445312,702.2683215332031,733.030029296875,649.473754272461,False,False,SPY and QQQ above 200D MA,0.5054468713012599,fresh_selected_holdings_ohlcv,2026-08-13,True,0.0,0.5647415930508864,current_growth_feature_generation,growth_champion_final,growth_v1_exposure_cap_60_dual_trend_filter,True,exact raw pre-signal target captured from expected_returns_model diagnostics
2026-08-13,MELI,0.0506903828660103,0.0506903828660103,0.0003554591221943,1917.5099487304688,139.13342002942971,0.0008278634764208,0.0002724204596128,36.0,raw_target_return_exact,True,True,True,,,,True,False,False,786674798.4924316,,4744,0.42525816308522824,not_a_final_holding,,,,,,,,,,,,,,,,0.42525816308522824,False,not_prior_position,new_or_unheld,0.43525840694911355,0.43525840694911355,0.43525840694911355,0.43525840694911355,0.6,0.6,0.6,0.43525840694911355,0.5054468713012599,fresh_selected_holdings_ohlcv,2026-08-13,True,777.6599731445312,702.2683215332031,733.030029296875,649.473754272461,False,False,SPY and QQQ above 200D MA,0.5054468713012599,fresh_selected_holdings_ohlcv,2026-08-13,True,0.0,0.5647415930508864,current_growth_feature_generation,growth_champion_final,growth_v1_exposure_cap_60_dual_trend_filter,True,exact raw pre-signal target captured from expected_returns_model diagnostics
2026-08-13,SHOP,0.1623166479668918,0.1623166479668918,0.0097621968641572,182.66968865100745,15.48300328619036,-0.0055034283728605,0.0023516978522392,5.0,raw_target_return_exact,True,True,True,,,,True,False,False,950830921.5259552,,2787,0.6261204853201101,not_a_final_holding,,,,,,,,,,,,,,,,0.6261204853201101,False,not_prior_position,new_or_unheld,0.43525840694911355,0.43525840694911355,0.43525840694911355,0.43525840694911355,0.6,0.6,0.6,0.43525840694911355,0.5054468713012599,fresh_selected_holdings_ohlcv,2026-08-13,True,777.6599731445312,702.2683215332031,733.030029296875,649.473754272461,False,False,SPY and QQQ above 200D MA,0.5054468713012599,fresh_selected_holdings_ohlcv,2026-08-13,True,0.0,0.5647415930508864,current_growth_feature_generation,growth_champion_final,growth_v1_exposure_cap_60_dual_trend_filter,True,exact raw pre-signal target captured from expected_returns_model diagnostics
2026-08-13,SE,0.1052879483542355,0.1052879483542355,0.0047649354892258,136.51411686238143,21.058878570090368,-0.0029263850627446,-0.0012484715535759,16.0,raw_target_return_exact,True,True,True,,,,True,False,False,335695042.33818054,,2195,0.5288837347836337,not_a_final_holding,,,,,,,,,,,,,,,,0.5288837347836337,False,not_prior_position,new_or_unheld,0.43525840694911355,0.43525840694911355,0.43525840694911355,0.43525840694911355,0.6,0.6,0.6,0.43525840694911355,0.5054468713012599,fresh_selected_holdings_ohlcv,2026-08-13,True,777.6599731445312,702.2683215332031,733.030029296875,649.473754272461,False,False,SPY and QQQ above 200D MA,0.5054468713012599,fresh_selected_holdings_ohlcv,2026-08-13,True,0.0,0.5647415930508864,current_growth_feature_generation,growth_champion_final,growth_v1_exposure_cap_60_dual_trend_filter,True,exact raw pre-signal target captured from expected_returns_model diagnostics
2026-08-13,NU,0.0511314914082303,0.0511314914082303,0.0005231368887685,14.631750440597536,95.34834657449652,0.0008010760249857,-0.0003572977722429,34.0,raw_target_return_exact,True,True,True,,,,True,False,False,630606115.6899452,,1135,0.39331165414229713,not_a_final_holding,,,,,,,,,,,,,,,,0.39331165414229713,False,not_prior_position,new_or_unheld,0.43525840694911355,0.43525840694911355,0.43525840694911355,0.43525840694911355,0.6,0.6,0.6,0.43525840694911355,0.5054468713012599,fresh_selected_holdings_ohlcv,2026-08-13,True,777.6599731445312,702.2683215332031,733.030029296875,649.473754272461,False,False,SPY and QQQ above 200D MA,0.5054468713012599,fresh_selected_holdings_ohlcv,2026-08-13,True,0.0,0.5647415930508864,current_growth_feature_generation,growth_champion_final,growth_v1_exposure_cap_60_dual_trend_filter,True,exact raw pre-signal target captured from expected_returns_model diagnostics
2026-08-13,PBR,0.0494145391336158,0.0494145391336158,0.0004016267517275,18.821249198913574,120.11677943800709,0.0010635732135234,-0.001189754417614,50.0,raw_target_return_exact,True,True,True,,,,True,False,False,348440780.01556396,,6403,0.3551568349992026,not_a_final_holding,,,,,,,,,,,,,,,,0.3551568349992026,False,not_prior_position,new_or_unheld,0.43525840694911355,0.43525840694911355,0.43525840694911355,0.43525840694911355,0.6,0.6,0.6,0.43525840694911355,0.5054468713012599,fresh_selected_holdings_ohlcv,2026-08-13,True,777.6599731445312,702.2683215332031,733.030029296875,649.473754272461,False,False,SPY and QQQ above 200D MA,0.5054468713012599,fresh_selected_holdings_ohlcv,2026-08-13,True,0.0,0.5647415930508864,current_growth_feature_generation,growth_champion_final,growth_v1_exposure_cap_60_dual_trend_filter,True,exact raw pre-signal target captured from expected_returns_model diagnostics
2026-08-13,EC,0.0576904854714503,0.0576904854714503,0.0035479943647793,18.21342943355996,15.83632295099013,-0.001908196231222,0.000260700337687,,raw_target_return_exact,True,False,False,"median 60D dollar volume below $50,000,000","median 60D dollar volume below $50,000,000","median 60D dollar volume below $50,000,000",True,False,False,38567843.90563965,,4465,0.4842528316476715,not_a_final_holding,,,,,,,,,,,,,,,,0.4842528316476715,False,not_prior_position,new_or_unheld,0.43525840694911355,0.43525840694911355,0.43525840694911355,0.43525840694911355,0.6,0.6,0.6,0.43525840694911355,0.5054468713012599,fresh_selected_holdings_ohlcv,2026-08-13,True,777.6599731445312,702.2683215332031,733.030029296875,649.473754272461,False,False,SPY and QQQ above 200D MA,0.5054468713012599,fresh_selected_holdings_ohlcv,2026-08-13,True,0.0,0.5647415930508864,current_growth_feature_generation,growth_champion_final,growth_v1_exposure_cap_60_dual_trend_filter,True,exact raw pre-signal target captured from expected_returns_model diagnostics
2026-08-13,GLOB,0.1083902107736185,0.1083902107736185,0.0100027210497473,44.47970034223378,10.339439772974783,-0.0056882281497054,0.0023923028066578,15.0,raw_target_return_exact,True,True,True,,,,True,False,False,56871413.48075867,,2998,0.6598487729081557,not_a_final_holding,,,,,,,,,,,,,,,,0.6598487729081557,False,not_prior_position,new_or_unheld,0.43525840694911355,0.43525840694911355,0.43525840694911355,0.43525840694911355,0.6,0.6,0.6,0.43525840694911355,0.5054468713012599,fresh_selected_holdings_ohlcv,2026-08-13,True,777.6599731445312,702.2683215332031,733.030029296875,649.473754272461,False,False,SPY and QQQ above 200D MA,0.5054468713012599,fresh_selected_holdings_ohlcv,2026-08-13,True,0.0,0.5647415930508864,current_growth_feature_generation,growth_champion_final,growth_v1_exposure_cap_60_dual_trend_filter,True,exact raw pre-signal target captured from expected_returns_model diagnostics
2026-08-13,UBER,0.0630525732044184,0.0630525732044184,0.0026269908517093,80.39866319168908,23.306070313261603,-0.0012255363081159,0.0003109281118795,29.0,raw_target_return_exact,True,True,True,,,,True,False,False,1222931577.4047852,,1787,0.35553256875005357,not_a_final_holding,,,,,,,,,,,,,,,,0.35553256875005357,False,not_prior_position,new_or_unheld,0.43525840694911355,0.43525840694911355,0.43525840694911355,0.43525840694911355,0.6,0.6,0.6,0.43525840694911355,0.5054468713012599,fresh_selected_holdings_ohlcv,2026-08-13,True,777.6599731445312,702.2683215332031,733.030029296875,649.473754272461,False,False,SPY and QQQ above 200D MA,0.5054468713012599,fresh_selected_holdings_ohlcv,2026-08-13,True,0.0,0.5647415930508864,current_growth_feature_generation,growth_champion_final,growth_v1_exposure_cap_60_dual_trend_filter,True,exact raw pre-signal target captured from expected_returns_model diagnostics
2026-08-13,COIN,0.0685553494537078,0.0685553494537078,0.0003494181910654,160.01616358069276,189.7988744617596,0.0012132932261538,-0.0012366615119448,27.0,raw_target_return_exact,True,True,True,,,,True,False,False,1617936100.302124,,1302,0.6492470843871081,not_a_final_holding,,,,,,,,,,,,,,,,0.6492470843871081,False,not_prior_position,new_or_unheld,0.43525840694911355,0.43525840694911355,0.43525840694911355,0.43525840694911355,0.6,0.6,0.6,0.43525840694911355,0.5054468713012599,fresh_selected_holdings_ohlcv,2026-08-13,True,777.6599731445312,702.2683215332031,733.030029296875,649.473754272461,False,False,SPY and QQQ above 200D MA,0.5054468713012599,fresh_selected_holdings_ohlcv,2026-08-13,True,0.0,0.5647415930508864,current_growth_feature_generation,growth_champion_final,growth_v1_exposure_cap_60_dual_trend_filter,True,exact raw pre-signal target captured from expected_returns_model diagnostics
2026-08-13,PLTR,0.1728417260260044,0.1728417260260044,0.0130018968893699,209.0706522619165,12.341571644294406,-0.0071813679612386,0.0037927498202033,3.0,raw_target_return_exact,True,True,True,,,,True,False,False,5579110354.325867,,1436,0.5520062305369718,not_a_final_holding,,,,,,,,,,,,,,,,0.5520062305369718,False,not_prior_position,new_or_unheld,0.43525840694911355,0.43525840694911355,0.43525840694911355,0.43525840694911355,0.6,0.6,0.6,0.43525840694911355,0.5054468713012599,fresh_selected_holdings_ohlcv,2026-08-13,True,777.6599731445312,702.2683215332031,733.030029296875,649.473754272461,False,False,SPY and QQQ above 200D MA,0.5054468713012599,fresh_selected_holdings_ohlcv,2026-08-13,True,0.0,0.5647415930508864,current_growth_feature_generation,growth_champion_final,growth_v1_exposure_cap_60_dual_trend_filter,True,exact raw pre-signal target captured from expected_returns_model diagnostics
2026-08-13,AMD,0.0774979679359373,0.0774979679359373,0.000392051167511,527.6884515434447,190.4248577555156,0.0010635958922936,0.0004563789001815,21.0,raw_target_return_exact,True,True,True,,,,True,False,False,14904576926.290894,,6426,0.8233623718653117,not_a_final_holding,,,,,,,,,,,,,,,,0.8233623718653117,False,not_prior_position,new_or_unheld,0.43525840694911355,0.43525840694911355,0.43525840694911355,0.43525840694911355,0.6,0.6,0.6,0.43525840694911355,0.5054468713012599,fresh_selected_holdings_ohlcv,2026-08-13,True,777.6599731445312,702.2683215332031,733.030029296875,649.473754272461,False,False,SPY and QQQ above 200D MA,0.5054468713012599,fresh_selected_holdings_ohlcv,2026-08-13,True,0.0,0.5647415930508864,current_growth_feature_generation,growth_champion_final,growth_v1_exposure_cap_60_dual_trend_filter,True,exact raw pre-signal target captured from expected_returns_model diagnostics
2026-08-13,SMCI,0.3221867477142539,0.3221867477142539,0.0135283278807221,52.22637653471303,20.783936309334702,-0.0090324057754389,0.0021329015384729,,raw_target_return_exact,True,False,False,60D annualized volatility above 120%,60D annualized volatility above 120%,60D annualized volatility above 120%,True,False,False,1449240412.1061327,,4862,1.2091890035559487,not_a_final_holding,,,,,,,,,,,,,,,,1.2091890035559487,False,not_prior_position,new_or_unheld,0.43525840694911355,0.43525840694911355,0.43525840694911355,0.43525840694911355,0.6,0.6,0.6,0.43525840694911355,0.5054468713012599,fresh_selected_holdings_ohlcv,2026-08-13,True,777.6599731445312,702.2683215332031,733.030029296875,649.473754272461,False,False,SPY and QQQ above 200D MA,0.5054468713012599,fresh_selected_holdings_ohlcv,2026-08-13,True,0.0,0.5647415930508864,current_growth_feature_generation,growth_champion_final,growth_v1_exposure_cap_60_dual_trend_filter,True,exact raw pre-signal target captured from expected_returns_model diagnostics
2026-08-13,MU,0.171011756534354,0.171011756534354,0.000801801012402,1129.5433312952357,196.9708229574048,0.0010636004374477,-5.004275177472752e-05,4.0,raw_target_return_exact,True,True,True,,,,True,False,False,47186394616.96167,,6427,1.0913734324446744,not_a_final_holding,,,,,,,,,,,,,,,,1.0913734324446744,False,not_prior_position,new_or_unheld,0.43525840694911355,0.43525840694911355,0.43525840694911355,0.43525840694911355,0.6,0.6,0.6,0.43525840694911355,0.5054468713012599,fresh_selected_holdings_ohlcv,2026-08-13,True,777.6599731445312,702.2683215332031,733.030029296875,649.473754272461,False,False,SPY and QQQ above 200D MA,0.5054468713012599,fresh_selected_holdings_ohlcv,2026-08-13,True,0.0,0.5647415930508864,current_growth_feature_generation,growth_champion_final,growth_v1_exposure_cap_60_dual_trend_filter,True,exact raw pre-signal target captured from expected_returns_model diagnostics
2026-08-13,NET,0.1579149746136805,0.1579149746136805,0.0072586039273045,383.09617641828834,20.272829853770386,-0.0044965581625471,0.0003948653618637,7.0,raw_target_return_exact,True,True,True,,,,True,False,False,725152242.0715332,,1717,0.7586321306006606,not_a_final_holding,,,,,,,,,,,,,,,,0.7586321306006606,False,not_prior_position,new_or_unheld,0.43525840694911355,0.43525840694911355,0.43525840694911355,0.43525840694911355,0.6,0.6,0.6,0.43525840694911355,0.5054468713012599,fresh_selected_holdings_ohlcv,2026-08-13,True,777.6599731445312,702.2683215332031,733.030029296875,649.473754272461,False,False,SPY and QQQ above 200D MA,0.5054468713012599,fresh_selected_holdings_ohlcv,2026-08-13,True,0.0,0.5647415930508864,current_growth_feature_generation,growth_champion_final,growth_v1_exposure_cap_60_dual_trend_filter,True,exact raw pre-signal target captured from expected_returns_model diagnostics
2026-08-13,AACG,0.2570316148670586,0.2570316148670586,0.0041605057633706,1.332453439831156,55.096334038105766,-0.0003396902614481,-9.562756204853194e-05,,raw_target_return_exact,True,False,False,"median 60D dollar volume below $50,000,000; current price below $5","price below $5; median 20D dollar volume below $20,000,000; median 60D dollar volume below $50,000,000; current price below $5","price below $5; median 20D dollar volume below $20,000,000; median 60D dollar volume below $50,000,000; current price below $5",True,False,False,4401.999980211258,,753,0.6613640479065236,not_a_final_holding,,,,,,,,,,,,,,,,0.6613640479065236,False,not_prior_position,new_or_unheld,0.43525840694911355,0.43525840694911355,0.43525840694911355,0.43525840694911355,0.6,0.6,0.6,0.43525840694911355,0.5054468713012599,fresh_selected_holdings_ohlcv,2026-08-13,True,777.6599731445312,702.2683215332031,733.030029296875,649.473754272461,False,False,SPY and QQQ above 200D MA,0.5054468713012599,fresh_selected_holdings_ohlcv,2026-08-13,True,0.0,0.5647415930508864,current_growth_feature_generation,growth_champion_final,growth_v1_exposure_cap_60_dual_trend_filter,True,exact raw pre-signal target captured from expected_returns_model diagnostics
2026-08-13,AAL,0.0504749497849958,0.0504749497849958,0.0002877195278916,15.791264963150024,171.17183198090083,0.0010635892624302,0.0004167193895975,,raw_target_return_exact,True,False,True,,missing OHLCV data,missing OHLCV data,False,False,False,,,0,,not_a_final_holding,,,,,,,,,,,,,,,,,False,not_prior_position,new_or_unheld,0.43525840694911355,0.43525840694911355,0.43525840694911355,0.43525840694911355,0.6,0.6,0.6,0.43525840694911355,0.5054468713012599,fresh_selected_holdings_ohlcv,2026-08-13,True,777.6599731445312,702.2683215332031,733.030029296875,649.473754272461,False,False,SPY and QQQ above 200D MA,0.5054468713012599,fresh_selected_holdings_ohlcv,2026-08-13,True,0.0,0.5647415930508864,current_growth_feature_generation,growth_champion_final,growth_v1_exposure_cap_60_dual_trend_filter,True,exact raw pre-signal target captured from expected_returns_model diagnostics
2026-08-13,AAOI,0.2043145900004426,0.2043145900004426,0.0039005213773413,162.01270991704334,47.75590773679791,-0.0023143868894236,8.860277599108087e-05,,raw_target_return_exact,True,False,False,less than 2 years of trading history; 60D annualized volatility above 120%,20D realized volatility above 150% annualized; less than 2 years of trading history; 60D annualized volatility above 120%,20D realized volatility above 150% annualized; less than 2 years of trading history; 60D annualized volatility above 120%,True,False,False,1645661637.8051758,,502,1.453805138982982,not_a_final_holding,,,,,,,,,,,,,,,,1.453805138982982,False,not_prior_position,new_or_unheld,0.43525840694911355,0.43525840694911355,0.43525840694911355,0.43525840694911355,0.6,0.6,0.6,0.43525840694911355,0.5054468713012599,fresh_selected_holdings_ohlcv,2026-08-13,True,777.6599731445312,702.2683215332031,733.030029296875,649.473754272461,False,False,SPY and QQQ above 200D MA,0.5054468713012599,fresh_selected_holdings_ohlcv,2026-08-13,True,0.0,0.5647415930508864,current_growth_feature_generation,growth_champion_final,growth_v1_exposure_cap_60_dual_trend_filter,True,exact raw pre-signal target captured from expected_returns_model diagnostics
2026-08-13,AAON,0.0604769383676533,0.0604769383676533,0.0003103461879765,96.04739598432649,189.23338568573573,0.002066616079604,-0.0001843194873674,,raw_target_return_exact,True,False,True,,missing OHLCV data,missing OHLCV data,False,False,False,,,0,,not_a_final_holding,,,,,,,,,,,,,,,,,False,not_prior_position,new_or_unheld,0.43525840694911355,0.43525840694911355,0.43525840694911355,0.43525840694911355,0.6,0.6,0.6,0.43525840694911355,0.5054468713012599,fresh_selected_holdings_ohlcv,2026-08-13,True,777.6599731445312,702.2683215332031,733.030029296875,649.473754272461,False,False,SPY and QQQ above 200D MA,0.5054468713012599,fresh_selected_holdings_ohlcv,2026-08-13,True,0.0,0.5647415930508864,current_growth_feature_generation,growth_champion_final,growth_v1_exposure_cap_60_dual_trend_filter,True,exact raw pre-signal target captured from expected_returns_model diagnostics
2026-08-13,AAPG,0.1117773781506406,0.1117773781506406,0.0005944314221095,21.107094202764973,178.30730709923597,0.0010635897737339,-0.0011529562090701,,raw_target_return_exact,True,False,True,,missing OHLCV data,missing OHLCV data,False,False,False,,,0,,not_a_final_holding,,,,,,,,,,,,,,,,,False,not_prior_position,new_or_unheld,0.43525840694911355,0.43525840694911355,0.43525840694911355,0.43525840694911355,0.6,0.6,0.6,0.43525840694911355,0.5054468713012599,fresh_selected_holdings_ohlcv,2026-08-13,True,777.6599731445312,702.2683215332031,733.030029296875,649.473754272461,False,False,SPY and QQQ above 200D MA,0.5054468713012599,fresh_selected_holdings_ohlcv,2026-08-13,True,0.0,0.5647415930508864,current_growth_feature_generation,growth_champion_final,growth_v1_exposure_cap_60_dual_trend_filter,True,exact raw pre-signal target captured from expected_returns_model diagnostics
2026-08-13,AARD,0.1250337359846123,0.1250337359846123,0.0101122506799549,7.200216017593096,11.709332077471494,-0.0046819416671694,0.0002174545011025,,raw_target_return_exact,True,False,False,"median 60D dollar volume below $50,000,000; 20D average volume below 500,000 shares; 60D annualized volatility above 120%","median 20D dollar volume below $20,000,000; 20D realized volatility above 150% annualized; suspicious spike/gap behavior; missing OHLCV data above 5%; median 60D dollar volume below $50,000,000; 20D average volume below 500,000 shares; 60D annualized volatility above 120%","median 20D dollar volume below $20,000,000; 20D realized volatility above 150% annualized; suspicious spike/gap behavior; missing OHLCV data above 5%; median 60D dollar volume below $50,000,000; 20D average volume below 500,000 shares; 60D annualized volatility above 120%",True,False,False,781684.0016007423,,774,1.556552932470436,not_a_final_holding,,,,,,,,,,,,,,,,1.556552932470436,False,not_prior_position,new_or_unheld,0.43525840694911355,0.43525840694911355,0.43525840694911355,0.43525840694911355,0.6,0.6,0.6,0.43525840694911355,0.5054468713012599,fresh_selected_holdings_ohlcv,2026-08-13,True,777.6599731445312,702.2683215332031,733.030029296875,649.473754272461,False,False,SPY and QQQ above 200D MA,0.5054468713012599,fresh_selected_holdings_ohlcv,2026-08-13,True,0.0,0.5647415930508864,current_growth_feature_generation,growth_champion_final,growth_v1_exposure_cap_60_dual_trend_filter,True,exact raw pre-signal target captured from expected_returns_model diagnostics
2026-08-13,ABAT,0.1624920093907491,0.1624920093907491,0.0007670230439369,2.923667525567999,196.37444065735244,0.0010635990035076,-3.658367902509432e-05,,raw_target_return_exact,True,False,True,,missing OHLCV data,missing OHLCV data,False,False,False,,,0,,not_a_final_holding,,,,,,,,,,,,,,,,,False,not_prior_position,new_or_unheld,0.43525840694911355,0.43525840694911355,0.43525840694911355,0.43525840694911355,0.6,0.6,0.6,0.43525840694911355,0.5054468713012599,fresh_selected_holdings_ohlcv,2026-08-13,True,777.6599731445312,702.2683215332031,733.030029296875,649.473754272461,False,False,SPY and QQQ above 200D MA,0.5054468713012599,fresh_selected_holdings_ohlcv,2026-08-13,True,0.0,0.5647415930508864,current_growth_feature_generation,growth_champion_final,growth_v1_exposure_cap_60_dual_trend_filter,True,exact raw pre-signal target captured from expected_returns_model diagnostics
2026-08-13,ABCL,0.4637571412874632,0.4637571412874632,0.0155491788792347,15.753392804922674,24.693333933450614,-0.0100192575611661,0.0030548369692223,,raw_target_return_exact,True,False,False,"median 60D dollar volume below $50,000,000","median 60D dollar volume below $50,000,000","median 60D dollar volume below $50,000,000",True,False,False,32006422.722005844,,753,0.8308907393865207,not_a_final_holding,,,,,,,,,,,,,,,,0.8308907393865207,False,not_prior_position,new_or_unheld,0.43525840694911355,0.43525840694911355,0.43525840694911355,0.43525840694911355,0.6,0.6,0.6,0.43525840694911355,0.5054468713012599,fresh_selected_holdings_ohlcv,2026-08-13,True,777.6599731445312,702.2683215332031,733.030029296875,649.473754272461,False,False,SPY and QQQ above 200D MA,0.5054468713012599,fresh_selected_holdings_ohlcv,2026-08-13,True,0.0,0.5647415930508864,current_growth_feature_generation,growth_champion_final,growth_v1_exposure_cap_60_dual_trend_filter,True,exact raw pre-signal target captured from expected_returns_model diagnostics
2026-08-13,ABEO,0.054301370011935,0.054301370011935,0.0002801135471335,6.70008522653505,188.80109590083543,0.0010635934038825,0.0004475216863068,,raw_target_return_exact,True,False,False,"median 60D dollar volume below $50,000,000","median 20D dollar volume below $20,000,000; median 60D dollar volume below $50,000,000","median 20D dollar volume below $20,000,000; median 60D dollar volume below $50,000,000",True,False,False,5850222.953367233,,753,0.47072692953245293,not_a_final_holding,,,,,,,,,,,,,,,,0.47072692953245293,False,not_prior_position,new_or_unheld,0.43525840694911355,0.43525840694911355,0.43525840694911355,0.43525840694911355,0.6,0.6,0.6,0.43525840694911355,0.5054468713012599,fresh_selected_holdings_ohlcv,2026-08-13,True,777.6599731445312,702.2683215332031,733.030029296875,649.473754272461,False,False,SPY and QQQ above 200D MA,0.5054468713012599,fresh_selected_holdings_ohlcv,2026-08-13,True,0.0,0.5647415930508864,current_growth_feature_generation,growth_champion_final,growth_v1_exposure_cap_60_dual_trend_filter,True,exact raw pre-signal target captured from expected_returns_model diagnostics
2026-08-13,ABLV,0.0982060504930157,0.0982060504930157,0.0004883446959602,0.7550166597139484,191.8744235345111,0.0010635997501041,-0.0011301533969947,,raw_target_return_exact,True,False,True,,missing OHLCV data,missing OHLCV data,False,False,False,,,0,,not_a_final_holding,,,,,,,,,,,,,,,,,False,not_prior_position,new_or_unheld,0.43525840694911355,0.43525840694911355,0.43525840694911355,0.43525840694911355,0.6,0.6,0.6,0.43525840694911355,0.5054468713012599,fresh_selected_holdings_ohlcv,2026-08-13,True,777.6599731445312,702.2683215332031,733.030029296875,649.473754272461,False,False,SPY and QQQ above 200D MA,0.5054468713012599,fresh_selected_holdings_ohlcv,2026-08-13,True,0.0,0.5647415930508864,current_growth_feature_generation,growth_champion_final,growth_v1_exposure_cap_60_dual_trend_filter,True,exact raw pre-signal target captured from expected_returns_model diagnostics
2026-08-13,ABNB,0.1381114008779287,0.1381114008779287,0.0104054293575921,209.76530951721875,12.497527335747352,-0.004474607266974,0.0041105522119733,11.0,raw_target_return_exact,True,True,True,,,,True,False,False,471028158.3694458,,1386,0.3051652968254536,not_a_final_holding,,,,,,,,,,,,,,,,0.3051652968254536,False,not_prior_position,new_or_unheld,0.43525840694911355,0.43525840694911355,0.43525840694911355,0.43525840694911355,0.6,0.6,0.6,0.43525840694911355,0.5054468713012599,fresh_selected_holdings_ohlcv,2026-08-13,True,777.6599731445312,702.2683215332031,733.030029296875,649.473754272461,False,False,SPY and QQQ above 200D MA,0.5054468713012599,fresh_selected_holdings_ohlcv,2026-08-13,True,0.0,0.5647415930508864,current_growth_feature_generation,growth_champion_final,growth_v1_exposure_cap_60_dual_trend_filter,True,exact raw pre-signal target captured from expected_returns_model diagnostics
2026-08-13,ABOS,0.1304656622610798,0.1304656622610798,0.0006318793449673,2.763988468761616,194.1325963582756,0.001063595791842,-0.0011637310851441,,raw_target_return_exact,True,False,True,,missing OHLCV data,missing OHLCV data,False,False,False,,,0,,not_a_final_holding,,,,,,,,,,,,,,,,,False,not_prior_position,new_or_unheld,0.43525840694911355,0.43525840694911355,0.43525840694911355,0.43525840694911355,0.6,0.6,0.6,0.43525840694911355,0.5054468713012599,fresh_selected_holdings_ohlcv,2026-08-13,True,777.6599731445312,702.2683215332031,733.030029296875,649.473754272461,False,False,SPY and QQQ above 200D MA,0.5054468713012599,fresh_selected_holdings_ohlcv,2026-08-13,True,0.0,0.5647415930508864,current_growth_feature_generation,growth_champion_final,growth_v1_exposure_cap_60_dual_trend_filter,True,exact raw pre-signal target captured from expected_returns_model diagnostics
2026-08-13,ABSI,0.1832531116270699,0.1832531116270699,0.0008509378960923,11.152160802772752,197.8277178138949,0.0010636014044287,0.0001745728605647,,raw_target_return_exact,True,False,False,"median 60D dollar volume below $50,000,000","median 60D dollar volume below $50,000,000","median 60D dollar volume below $50,000,000",True,False,False,21561190.30189514,,752,1.1046681396124989,not_a_final_holding,,,,,,,,,,,,,,,,1.1046681396124989,False,not_prior_position,new_or_unheld,0.43525840694911355,0.43525840694911355,0.43525840694911355,0.43525840694911355,0.6,0.6,0.6,0.43525840694911355,0.5054468713012599,fresh_selected_holdings_ohlcv,2026-08-13,True,777.6599731445312,702.2683215332031,733.030029296875,649.473754272461,False,False,SPY and QQQ above 200D MA,0.5054468713012599,fresh_selected_holdings_ohlcv,2026-08-13,True,0.0,0.5647415930508864,current_growth_feature_generation,growth_champion_final,growth_v1_exposure_cap_60_dual_trend_filter,True,exact raw pre-signal target captured from expected_returns_model diagnostics
2026-08-13,ABTC,0.2273682223028799,0.2273682223028799,0.0078440332016418,8.911675047099196,26.22052724449881,-0.0022039060157168,-0.0010865936045525,,raw_target_return_exact,True,False,False,"median 60D dollar volume below $50,000,000; 60D annualized volatility above 120%; reverse split/extreme discontinuity suspected","median 20D dollar volume below $20,000,000; 1D absolute move above 80% in last 60D; suspicious spike/gap behavior; median 60D dollar volume below $50,000,000; 60D annualized volatility above 120%; reverse split/extreme discontinuity suspected","median 20D dollar volume below $20,000,000; 1D absolute move above 80% in last 60D; suspicious spike/gap behavior; median 60D dollar volume below $50,000,000; 60D annualized volatility above 120%; reverse split/extreme discontinuity suspected",True,False,False,10042813.997840881,,773,28.37122790606529,not_a_final_holding,,,,,,,,,,,,,,,,28.37122790606529,False,not_prior_position,new_or_unheld,0.43525840694911355,0.43525840694911355,0.43525840694911355,0.43525840694911355,0.6,0.6,0.6,0.43525840694911355,0.5054468713012599,fresh_selected_holdings_ohlcv,2026-08-13,True,777.6599731445312,702.2683215332031,733.030029296875,649.473754272461,False,False,SPY and QQQ above 200D MA,0.5054468713012599,fresh_selected_holdings_ohlcv,2026-08-13,True,0.0,0.5647415930508864,current_growth_feature_generation,growth_champion_final,growth_v1_exposure_cap_60_dual_trend_filter,True,exact raw pre-signal target captured from expected_returns_model diagnostics
2026-08-13,ABTS,0.2027961410270873,0.2027961410270873,0.0041892584933673,1.5756628759209372,44.16902555240163,-0.0007113349392964,-0.0011826468804719,,raw_target_return_exact,True,False,False,"median 60D dollar volume below $50,000,000; 20D average volume below 500,000 shares; current price below $5; 60D annualized volatility above 120%; reverse split/extreme discontinuity suspected","price below $5; median 20D dollar volume below $20,000,000; 1D absolute move above 80% in last 60D; suspicious spike/gap behavior; median 60D dollar volume below $50,000,000; 20D average volume below 500,000 shares; current price below $5; 60D annualized volatility above 120%; reverse split/extreme discontinuity suspected","price below $5; median 20D dollar volume below $20,000,000; 1D absolute move above 80% in last 60D; suspicious spike/gap behavior; median 60D dollar volume below $50,000,000; 20D average volume below 500,000 shares; current price below $5; 60D annualized volatility above 120%; reverse split/extreme discontinuity suspected",True,False,False,39682.45002925396,,775,2.764179625333455,not_a_final_holding,,,,,,,,,,,,,,,,2.764179625333455,False,not_prior_position,new_or_unheld,0.43525840694911355,0.43525840694911355,0.43525840694911355,0.43525840694911355,0.6,0.6,0.6,0.43525840694911355,0.5054468713012599,fresh_selected_holdings_ohlcv,2026-08-13,True,777.6599731445312,702.2683215332031,733.030029296875,649.473754272461,False,False,SPY and QQQ above 200D MA,0.5054468713012599,fresh_selected_holdings_ohlcv,2026-08-13,True,0.0,0.5647415930508864,current_growth_feature_generation,growth_champion_final,growth_v1_exposure_cap_60_dual_trend_filter,True,exact raw pre-signal target captured from expected_returns_model diagnostics
2026-08-13,ABUS,0.047941203074391,0.047941203074391,0.0006541842502931,4.756500220298768,71.60489662954917,0.0004704604920753,0.0001598278946743,,raw_target_return_exact,True,False,True,,missing OHLCV data,missing OHLCV data,False,False,False,,,0,,not_a_final_holding,,,,,,,,,,,,,,,,,False,not_prior_position,new_or_unheld,0.43525840694911355,0.43525840694911355,0.43525840694911355,0.43525840694911355,0.6,0.6,0.6,0.43525840694911355,0.5054468713012599,fresh_selected_holdings_ohlcv,2026-08-13,True,777.6599731445312,702.2683215332031,733.030029296875,649.473754272461,False,False,SPY and QQQ above 200D MA,0.5054468713012599,fresh_selected_holdings_ohlcv,2026-08-13,True,0.0,0.5647415930508864,current_growth_feature_generation,growth_champion_final,growth_v1_exposure_cap_60_dual_trend_filter,True,exact raw pre-signal target captured from expected_returns_model diagnostics
2026-08-13,ABVC,0.0794185533802054,0.0794185533802054,0.0004011236742729,1.0015924932844678,190.5592987366144,0.0010636002865335,-0.0011224837978808,,raw_target_return_exact,True,False,False,"median 60D dollar volume below $50,000,000; 20D average volume below 500,000 shares; current price below $5","price below $5; median 20D dollar volume below $20,000,000; median 60D dollar volume below $50,000,000; 20D average volume below 500,000 shares; current price below $5","price below $5; median 20D dollar volume below $20,000,000; median 60D dollar volume below $50,000,000; 20D average volume below 500,000 shares; current price below $5",True,False,False,123006.50028586388,,752,0.7482947262691172,not_a_final_holding,,,,,,,,,,,,,,,,0.7482947262691172,False,not_prior_position,new_or_unheld,0.43525840694911355,0.43525840694911355,0.43525840694911355,0.43525840694911355,0.6,0.6,0.6,0.43525840694911355,0.5054468713012599,fresh_selected_holdings_ohlcv,2026-08-13,True,777.6599731445312,702.2683215332031,733.030029296875,649.473754272461,False,False,SPY and QQQ above 200D MA,0.5054468713012599,fresh_selected_holdings_ohlcv,2026-08-13,True,0.0,0.5647415930508864,current_growth_feature_generation,growth_champion_final,growth_v1_exposure_cap_60_dual_trend_filter,True,exact raw pre-signal target captured from expected_returns_model diagnostics
2026-08-13,ABVX,0.0825022293020603,0.0825022293020603,0.0004156291382169,132.93127706182764,190.77515605114425,0.0010636037144069,-0.000288602528241,,raw_target_return_exact,True,False,False,60D annualized volatility above 120%; reverse split/extreme discontinuity suspected,missing OHLCV data above 5%; 60D annualized volatility above 120%; reverse split/extreme discontinuity suspected,missing OHLCV data above 5%; 60D annualized volatility above 120%; reverse split/extreme discontinuity suspected,True,False,False,149979900.94795227,,773,1.4248881957395219,not_a_final_holding,,,,,,,,,,,,,,,,1.4248881957395219,False,not_prior_position,new_or_unheld,0.43525840694911355,0.43525840694911355,0.43525840694911355,0.43525840694911355,0.6,0.6,0.6,0.43525840694911355,0.5054468713012599,fresh_selected_holdings_ohlcv,2026-08-13,True,777.6599731445312,702.2683215332031,733.030029296875,649.473754272461,False,False,SPY and QQQ above 200D MA,0.5054468713012599,fresh_selected_holdings_ohlcv,2026-08-13,True,0.0,0.5647415930508864,current_growth_feature_generation,growth_champion_final,growth_v1_exposure_cap_60_dual_trend_filter,True,exact raw pre-signal target captured from expected_returns_model diagnostics
2026-08-13,ACAD,0.0501135405771784,0.0501135405771784,0.0069343520313243,30.033247661093828,7.07602321119469,-0.0031933862196713,0.0017102317656748,,raw_target_return_exact,True,False,True,,missing OHLCV data,missing OHLCV data,False,False,False,,,0,,not_a_final_holding,,,,,,,,,,,,,,,,,False,not_prior_position,new_or_unheld,0.43525840694911355,0.43525840694911355,0.43525840694911355,0.43525840694911355,0.6,0.6,0.6,0.43525840694911355,0.5054468713012599,fresh_selected_holdings_ohlcv,2026-08-13,True,777.6599731445312,702.2683215332031,733.030029296875,649.473754272461,False,False,SPY and QQQ above 200D MA,0.5054468713012599,fresh_selected_holdings_ohlcv,2026-08-13,True,0.0,0.5647415930508864,current_growth_feature_generation,growth_champion_final,growth_v1_exposure_cap_60_dual_trend_filter,True,exact raw pre-signal target captured from expected_returns_model diagnostics
2026-08-13,ACB,0.2681026438451379,0.2681026438451379,0.0134962072689519,4.787087601451088,17.717647476959826,-0.0069737201628741,0.0045161824152677,,raw_target_return_exact,True,False,False,"median 60D dollar volume below $50,000,000; current price below $5","price below $5; median 20D dollar volume below $20,000,000; median 60D dollar volume below $50,000,000; current price below $5","price below $5; median 20D dollar volume below $20,000,000; median 60D dollar volume below $50,000,000; current price below $5",True,False,False,2990483.498632908,,753,0.596284397308355,not_a_final_holding,,,,,,,,,,,,,,,,0.596284397308355,False,not_prior_position,new_or_unheld,0.43525840694911355,0.43525840694911355,0.43525840694911355,0.43525840694911355,0.6,0.6,0.6,0.43525840694911355,0.5054468713012599,fresh_selected_holdings_ohlcv,2026-08-13,True,777.6599731445312,702.2683215332031,733.030029296875,649.473754272461,False,False,SPY and QQQ above 200D MA,0.5054468713012599,fresh_selected_holdings_ohlcv,2026-08-13,True,0.0,0.5647415930508864,current_growth_feature_generation,growth_champion_final,growth_v1_exposure_cap_60_dual_trend_filter,True,exact raw pre-signal target captured from expected_returns_model diagnostics
2026-08-13,ACDC,0.2349454579576613,0.2349454579576613,0.0038196818843889,6.662530722126867,55.35266638847065,-0.0006378969911325,-0.0004428876981584,,raw_target_return_exact,True,False,False,"median 60D dollar volume below $50,000,000; current price below $5; less than 2 years of trading history","price below $5; median 20D dollar volume below $20,000,000; median 60D dollar volume below $50,000,000; current price below $5; less than 2 years of trading history","price below $5; median 20D dollar volume below $20,000,000; median 60D dollar volume below $50,000,000; current price below $5; less than 2 years of trading history",True,False,False,8627559.099268913,,502,0.9412117527462459,not_a_final_holding,,,,,,,,,,,,,,,,0.9412117527462459,False,not_prior_position,new_or_unheld,0.43525840694911355,0.43525840694911355,0.43525840694911355,0.43525840694911355,0.6,0.6,0.6,0.43525840694911355,0.5054468713012599,fresh_selected_holdings_ohlcv,2026-08-13,True,777.6599731445312,702.2683215332031,733.030029296875,649.473754272461,False,False,SPY and QQQ above 200D MA,0.5054468713012599,fresh_selected_holdings_ohlcv,2026-08-13,True,0.0,0.5647415930508864,current_growth_feature_generation,growth_champion_final,growth_v1_exposure_cap_60_dual_trend_filter,True,exact raw pre-signal target captured from expected_returns_model diagnostics
2026-08-13,ACET,0.071442242173342,0.071442242173342,0.0003632516610485,8.860827833240874,190.00095695213395,0.0010635946896157,1.3297711822848717e-05,,raw_target_return_exact,True,False,True,,missing OHLCV data,missing OHLCV data,False,False,False,,,0,,not_a_final_holding,,,,,,,,,,,,,,,,,False,not_prior_position,new_or_unheld,0.43525840694911355,0.43525840694911355,0.43525840694911355,0.43525840694911355,0.6,0.6,0.6,0.43525840694911355,0.5054468713012599,fresh_selected_holdings_ohlcv,2026-08-13,True,777.6599731445312,702.2683215332031,733.030029296875,649.473754272461,False,False,SPY and QQQ above 200D MA,0.5054468713012599,fresh_selected_holdings_ohlcv,2026-08-13,True,0.0,0.5647415930508864,current_growth_feature_generation,growth_champion_final,growth_v1_exposure_cap_60_dual_trend_filter,True,exact raw pre-signal target captured from expected_returns_model diagnostics
2026-08-13,ACFN,0.0781581658950143,0.0781581658950143,0.003383530861188,19.838109841183563,22.27892316609949,-0.0009872475585264,0.0003814075603747,,raw_target_return_exact,True,False,False,"median 60D dollar volume below $50,000,000; 20D average volume below 500,000 shares; less than 2 years of trading history","median 20D dollar volume below $20,000,000; median 60D dollar volume below $50,000,000; 20D average volume below 500,000 shares; less than 2 years of trading history","median 20D dollar volume below $20,000,000; median 60D dollar volume below $50,000,000; 20D average volume below 500,000 shares; less than 2 years of trading history",True,False,False,131812.49904632568,,501,0.5258297635582057,not_a_final_holding,,,,,,,,,,,,,,,,0.5258297635582057,False,not_prior_position,new_or_unheld,0.43525840694911355,0.43525840694911355,0.43525840694911355,0.43525840694911355,0.6,0.6,0.6,0.43525840694911355,0.5054468713012599,fresh_selected_holdings_ohlcv,2026-08-13,True,777.6599731445312,702.2683215332031,733.030029296875,649.473754272461,False,False,SPY and QQQ above 200D MA,0.5054468713012599,fresh_selected_holdings_ohlcv,2026-08-13,True,0.0,0.5647415930508864,current_growth_feature_generation,growth_champion_final,growth_v1_exposure_cap_60_dual_trend_filter,True,exact raw pre-signal target captured from expected_returns_model diagnostics
2026-08-13,ACGL,0.05,0.05,0.0004776506343002,102.52724647521973,102.1705239436174,0.0010635602739514,5.539908777977621e-05,,raw_target_return_exact,True,False,True,,missing OHLCV data,missing OHLCV data,False,False,False,,,0,,not_a_final_holding,,,,,,,,,,,,,,,,,False,not_prior_position,new_or_unheld,0.43525840694911355,0.43525840694911355,0.43525840694911355,0.43525840694911355,0.6,0.6,0.6,0.43525840694911355,0.5054468713012599,fresh_selected_holdings_ohlcv,2026-08-13,True,777.6599731445312,702.2683215332031,733.030029296875,649.473754272461,False,False,SPY and QQQ above 200D MA,0.5054468713012599,fresh_selected_holdings_ohlcv,2026-08-13,True,0.0,0.5647415930508864,current_growth_feature_generation,growth_champion_final,growth_v1_exposure_cap_60_dual_trend_filter,True,exact raw pre-signal target captured from expected_returns_model diagnostics
2026-08-13,ACGLN,0.05,0.05,0.0007124699993523,17.07824935913086,68.5046990256121,0.0010634735051348,-1.859163939754173e-05,,raw_target_return_exact,True,False,True,,missing OHLCV data,missing OHLCV data,False,False,False,,,0,,not_a_final_holding,,,,,,,,,,,,,,,,,False,not_prior_position,new_or_unheld,0.43525840694911355,0.43525840694911355,0.43525840694911355,0.43525840694911355,0.6,0.6,0.6,0.43525840694911355,0.5054468713012599,fresh_selected_holdings_ohlcv,2026-08-13,True,777.6599731445312,702.2683215332031,733.030029296875,649.473754272461,False,False,SPY and QQQ above 200D MA,0.5054468713012599,fresh_selected_holdings_ohlcv,2026-08-13,True,0.0,0.5647415930508864,current_growth_feature_generation,growth_champion_final,growth_v1_exposure_cap_60_dual_trend_filter,True,exact raw pre-signal target captured from expected_returns_model diagnostics
2026-08-13,ACGLO,0.0470719051768491,0.0470719051768491,0.0006886155299168,20.31319456100464,66.82022171902146,0.0011932231843923,-0.0001762530045685,,raw_target_return_exact,True,False,True,,missing OHLCV data,missing OHLCV data,False,False,False,,,0,,not_a_final_holding,,,,,,,,,,,,,,,,,False,not_prior_position,new_or_unheld,0.43525840694911355,0.43525840694911355,0.43525840694911355,0.43525840694911355,0.6,0.6,0.6,0.43525840694911355,0.5054468713012599,fresh_selected_holdings_ohlcv,2026-08-13,True,777.6599731445312,702.2683215332031,733.030029296875,649.473754272461,False,False,SPY and QQQ above 200D MA,0.5054468713012599,fresh_selected_holdings_ohlcv,2026-08-13,True,0.0,0.5647415930508864,current_growth_feature_generation,growth_champion_final,growth_v1_exposure_cap_60_dual_trend_filter,True,exact raw pre-signal target captured from expected_returns_model diagnostics
2026-08-13,ACHC,0.0639572490127544,0.0639572490127544,0.0003272447391045,32.79116208987911,189.4770074308928,0.0010635929593135,-0.0001903495315438,,raw_target_return_exact,True,False,True,,missing OHLCV data,missing OHLCV data,False,False,False,,,0,,not_a_final_holding,,,,,,,,,,,,,,,,,False,not_prior_position,new_or_unheld,0.43525840694911355,0.43525840694911355,0.43525840694911355,0.43525840694911355,0.6,0.6,0.6,0.43525840694911355,0.5054468713012599,fresh_selected_holdings_ohlcv,2026-08-13,True,777.6599731445312,702.2683215332031,733.030029296875,649.473754272461,False,False,SPY and QQQ above 200D MA,0.5054468713012599,fresh_selected_holdings_ohlcv,2026-08-13,True,0.0,0.5647415930508864,current_growth_feature_generation,growth_champion_final,growth_v1_exposure_cap_60_dual_trend_filter,True,exact raw pre-signal target captured from expected_returns_model diagnostics
2026-08-13,ACHV,0.1581994467563194,0.1581994467563194,0.0041887788710064,8.223215961515361,35.135294610798006,-0.0025847763166238,-0.0004420371082824,,raw_target_return_exact,True,False,True,,missing OHLCV data,missing OHLCV data,False,False,False,,,0,,not_a_final_holding,,,,,,,,,,,,,,,,,False,not_prior_position,new_or_unheld,0.43525840694911355,0.43525840694911355,0.43525840694911355,0.43525840694911355,0.6,0.6,0.6,0.43525840694911355,0.5054468713012599,fresh_selected_holdings_ohlcv,2026-08-13,True,777.6599731445312,702.2683215332031,733.030029296875,649.473754272461,False,False,SPY and QQQ above 200D MA,0.5054468713012599,fresh_selected_holdings_ohlcv,2026-08-13,True,0.0,0.5647415930508864,current_growth_feature_generation,growth_champion_final,growth_v1_exposure_cap_60_dual_trend_filter,True,exact raw pre-signal target captured from expected_returns_model diagnostics
2026-08-13,ACIC,0.0510758442704597,0.0510758442704597,0.0003801264613041,10.258500480651856,131.07143419950214,0.0010635782858308,0.0002116336824453,,raw_target_return_exact,True,False,True,,missing OHLCV data,missing OHLCV data,False,False,False,,,0,,not_a_final_holding,,,,,,,,,,,,,,,,,False,not_prior_position,new_or_unheld,0.43525840694911355,0.43525840694911355,0.43525840694911355,0.43525840694911355,0.6,0.6,0.6,0.43525840694911355,0.5054468713012599,fresh_selected_holdings_ohlcv,2026-08-13,True,777.6599731445312,702.2683215332031,733.030029296875,649.473754272461,False,False,SPY and QQQ above 200D MA,0.5054468713012599,fresh_selected_holdings_ohlcv,2026-08-13,True,0.0,0.5647415930508864,current_growth_feature_generation,growth_champion_final,growth_v1_exposure_cap_60_dual_trend_filter,True,exact raw pre-signal target captured from expected_returns_model diagnostics
2026-08-13,ACLS,0.1184319188951703,0.1184319188951703,0.0005792328061311,161.1884026900786,193.29023432266192,0.0010635976286338,-0.0001645580558799,,raw_target_return_exact,True,False,True,,missing OHLCV data,missing OHLCV data,False,False,False,,,0,,not_a_final_holding,,,,,,,,,,,,,,,,,False,not_prior_position,new_or_unheld,0.43525840694911355,0.43525840694911355,0.43525840694911355,0.43525840694911355,0.6,0.6,0.6,0.43525840694911355,0.5054468713012599,fresh_selected_holdings_ohlcv,2026-08-13,True,777.6599731445312,702.2683215332031,733.030029296875,649.473754272461,False,False,SPY and QQQ above 200D MA,0.5054468713012599,fresh_selected_holdings_ohlcv,2026-08-13,True,0.0,0.5647415930508864,current_growth_feature_generation,growth_champion_final,growth_v1_exposure_cap_60_dual_trend_filter,True,exact raw pre-signal target captured from expected_returns_model diagnostics
2026-08-13,ACNB,0.0485378901624482,0.0485378901624482,0.0031816955357417,67.76700096130371,14.920368305112603,-0.0013702987357299,-0.0011210171276952,,raw_target_return_exact,True,False,True,,missing OHLCV data,missing OHLCV data,False,False,False,,,0,,not_a_final_holding,,,,,,,,,,,,,,,,,False,not_prior_position,new_or_unheld,0.43525840694911355,0.43525840694911355,0.43525840694911355,0.43525840694911355,0.6,0.6,0.6,0.43525840694911355,0.5054468713012599,fresh_selected_holdings_ohlcv,2026-08-13,True,777.6599731445312,702.2683215332031,733.030029296875,649.473754272461,False,False,SPY and QQQ above 200D MA,0.5054468713012599,fresh_selected_holdings_ohlcv,2026-08-13,True,0.0,0.5647415930508864,current_growth_feature_generation,growth_champion_final,growth_v1_exposure_cap_60_dual_trend_filter,True,exact raw pre-signal target captured from expected_returns_model diagnostics
2026-08-13,ACNT,0.05,0.05,0.0003628425094357,15.875999879837035,134.49089877294563,0.0010635796487371,-0.0011766125416415,,raw_target_return_exact,True,False,True,,missing OHLCV data,missing OHLCV data,False,False,False,,,0,,not_a_final_holding,,,,,,,,,,,,,,,,,False,not_prior_position,new_or_unheld,0.43525840694911355,0.43525840694911355,0.43525840694911355,0.43525840694911355,0.6,0.6,0.6,0.43525840694911355,0.5054468713012599,fresh_selected_holdings_ohlcv,2026-08-13,True,777.6599731445312,702.2683215332031,733.030029296875,649.473754272461,False,False,SPY and QQQ above 200D MA,0.5054468713012599,fresh_selected_holdings_ohlcv,2026-08-13,True,0.0,0.5647415930508864,current_growth_feature_generation,growth_champion_final,growth_v1_exposure_cap_60_dual_trend_filter,True,exact raw pre-signal target captured from expected_returns_model diagnostics
2026-08-13,ACOG,0.0920997973098489,0.0920997973098489,0.0021947322173196,9.82889817578864,40.18663736744748,-0.0008846276989004,-0.000168434369228,,raw_target_return_exact,True,False,False,"median 60D dollar volume below $50,000,000; 20D average volume below 500,000 shares","median 20D dollar volume below $20,000,000; missing OHLCV data above 5%; median 60D dollar volume below $50,000,000; 20D average volume below 500,000 shares","median 20D dollar volume below $20,000,000; missing OHLCV data above 5%; median 60D dollar volume below $50,000,000; 20D average volume below 500,000 shares",True,False,False,244617.99755096436,,752,0.5903203994023887,not_a_final_holding,,,,,,,,,,,,,,,,0.5903203994023887,False,not_prior_position,new_or_unheld,0.43525840694911355,0.43525840694911355,0.43525840694911355,0.43525840694911355,0.6,0.6,0.6,0.43525840694911355,0.5054468713012599,fresh_selected_holdings_ohlcv,2026-08-13,True,777.6599731445312,702.2683215332031,733.030029296875,649.473754272461,False,False,SPY and QQQ above 200D MA,0.5054468713012599,fresh_selected_holdings_ohlcv,2026-08-13,True,0.0,0.5647415930508864,current_growth_feature_generation,growth_champion_final,growth_v1_exposure_cap_60_dual_trend_filter,True,exact raw pre-signal target captured from expected_returns_model diagnostics
2026-08-13,ACON,0.0988411081269244,0.0988411081269244,0.0004912452443599,2.538322896897003,191.9188775688847,0.0018552753252627,-0.0004271924909132,,raw_target_return_exact,True,False,True,,missing OHLCV data,missing OHLCV data,False,False,False,,,0,,not_a_final_holding,,,,,,,,,,,,,,,,,False,not_prior_position,new_or_unheld,0.43525840694911355,0.43525840694911355,0.43525840694911355,0.43525840694911355,0.6,0.6,0.6,0.43525840694911355,0.5054468713012599,fresh_selected_holdings_ohlcv,2026-08-13,True,777.6599731445312,702.2683215332031,733.030029296875,649.473754272461,False,False,SPY and QQQ above 200D MA,0.5054468713012599,fresh_selected_holdings_ohlcv,2026-08-13,True,0.0,0.5647415930508864,current_growth_feature_generation,growth_champion_final,growth_v1_exposure_cap_60_dual_trend_filter,True,exact raw pre-signal target captured from expected_returns_model diagnostics
2026-08-13,ACRS,0.1012021388324593,0.1012021388324593,0.0014795610265394,6.530128494242608,65.20429634129017,-0.0002639088766883,-0.0002996756193823,,raw_target_return_exact,True,False,True,,missing OHLCV data,missing OHLCV data,False,False,False,,,0,,not_a_final_holding,,,,,,,,,,,,,,,,,False,not_prior_position,new_or_unheld,0.43525840694911355,0.43525840694911355,0.43525840694911355,0.43525840694911355,0.6,0.6,0.6,0.43525840694911355,0.5054468713012599,fresh_selected_holdings_ohlcv,2026-08-13,True,777.6599731445312,702.2683215332031,733.030029296875,649.473754272461,False,False,SPY and QQQ above 200D MA,0.5054468713012599,fresh_selected_holdings_ohlcv,2026-08-13,True,0.0,0.5647415930508864,current_growth_feature_generation,growth_champion_final,growth_v1_exposure_cap_60_dual_trend_filter,True,exact raw pre-signal target captured from expected_returns_model diagnostics
2026-08-13,ACRV,0.1923155485784067,0.1923155485784067,0.0008866944262708,2.199822221239582,198.46208840048848,0.0010635973892871,-0.0010587354637377,,raw_target_return_exact,True,False,False,"median 60D dollar volume below $50,000,000; current price below $5","price below $5; median 20D dollar volume below $20,000,000; median 60D dollar volume below $50,000,000; current price below $5","price below $5; median 20D dollar volume below $20,000,000; median 60D dollar volume below $50,000,000; current price below $5",True,False,False,745684.4837486744,,756,0.7119342223092745,not_a_final_holding,,,,,,,,,,,,,,,,0.7119342223092745,False,not_prior_position,new_or_unheld,0.43525840694911355,0.43525840694911355,0.43525840694911355,0.43525840694911355,0.6,0.6,0.6,0.43525840694911355,0.5054468713012599,fresh_selected_holdings_ohlcv,2026-08-13,True,777.6599731445312,702.2683215332031,733.030029296875,649.473754272461,False,False,SPY and QQQ above 200D MA,0.5054468713012599,fresh_selected_holdings_ohlcv,2026-08-13,True,0.0,0.5647415930508864,current_growth_feature_generation,growth_champion_final,growth_v1_exposure_cap_60_dual_trend_filter,True,exact raw pre-signal target captured from expected_returns_model diagnostics
2026-08-13,ACT,0.05,0.05,0.0022316741324062,52.01700096130372,21.88697046174749,-0.0008138816581791,-0.0010848327413713,,raw_target_return_exact,True,False,True,,missing OHLCV data,missing OHLCV data,False,False,False,,,0,,not_a_final_holding,,,,,,,,,,,,,,,,,False,not_prior_position,new_or_unheld,0.43525840694911355,0.43525840694911355,0.43525840694911355,0.43525840694911355,0.6,0.6,0.6,0.43525840694911355,0.5054468713012599,fresh_selected_holdings_ohlcv,2026-08-13,True,777.6599731445312,702.2683215332031,733.030029296875,649.473754272461,False,False,SPY and QQQ above 200D MA,0.5054468713012599,fresh_selected_holdings_ohlcv,2026-08-13,True,0.0,0.5647415930508864,current_growth_feature_generation,growth_champion_final,growth_v1_exposure_cap_60_dual_trend_filter,True,exact raw pre-signal target captured from expected_returns_model diagnostics
2026-08-13,ACTG,0.05,0.05,0.0019186366175878,4.824749779701233,25.45398855979903,-0.0001443191531998,-2.136243406328155e-05,,raw_target_return_exact,True,False,True,,missing OHLCV data,missing OHLCV data,False,False,False,,,0,,not_a_final_holding,,,,,,,,,,,,,,,,,False,not_prior_position,new_or_unheld,0.43525840694911355,0.43525840694911355,0.43525840694911355,0.43525840694911355,0.6,0.6,0.6,0.43525840694911355,0.5054468713012599,fresh_selected_holdings_ohlcv,2026-08-13,True,777.6599731445312,702.2683215332031,733.030029296875,649.473754272461,False,False,SPY and QQQ above 200D MA,0.5054468713012599,fresh_selected_holdings_ohlcv,2026-08-13,True,0.0,0.5647415930508864,current_growth_feature_generation,growth_champion_final,growth_v1_exposure_cap_60_dual_trend_filter,True,exact raw pre-signal target captured from expected_returns_model diagnostics
2026-08-13,ADAG,0.090615769165637,0.090615769165637,0.0004534374402989,4.03527839791747,191.3431038415946,0.0010635965780136,-0.0011138677939723,,raw_target_return_exact,True,False,True,,missing OHLCV data,missing OHLCV data,False,False,False,,,0,,not_a_final_holding,,,,,,,,,,,,,,,,,False,not_prior_position,new_or_unheld,0.43525840694911355,0.43525840694911355,0.43525840694911355,0.43525840694911355,0.6,0.6,0.6,0.43525840694911355,0.5054468713012599,fresh_selected_holdings_ohlcv,2026-08-13,True,777.6599731445312,702.2683215332031,733.030029296875,649.473754272461,False,False,SPY and QQQ above 200D MA,0.5054468713012599,fresh_selected_holdings_ohlcv,2026-08-13,True,0.0,0.5647415930508864,current_growth_feature_generation,growth_champion_final,growth_v1_exposure_cap_60_dual_trend_filter,True,exact raw pre-signal target captured from expected_returns_model diagnostics
2026-08-13,ADAM,0.0768170254766935,0.0768170254766935,0.0112866651318355,10.94584502289328,6.594186059386633,0.0020651378074937,0.0116423414443238,,raw_target_return_exact,True,False,True,,missing OHLCV data,missing OHLCV data,False,False,False,,,0,,not_a_final_holding,,,,,,,,,,,,,,,,,False,not_prior_position,new_or_unheld,0.43525840694911355,0.43525840694911355,0.43525840694911355,0.43525840694911355,0.6,0.6,0.6,0.43525840694911355,0.5054468713012599,fresh_selected_holdings_ohlcv,2026-08-13,True,777.6599731445312,702.2683215332031,733.030029296875,649.473754272461,False,False,SPY and QQQ above 200D MA,0.5054468713012599,fresh_selected_holdings_ohlcv,2026-08-13,True,0.0,0.5647415930508864,current_growth_feature_generation,growth_champion_final,growth_v1_exposure_cap_60_dual_trend_filter,True,exact raw pre-signal target captured from expected_returns_model diagnostics
2026-08-13,ADAMG,0.05,0.05,0.0007814754146278,26.33924903869629,62.45778808985544,0.0010634135596807,-0.0004194879161295,,raw_target_return_exact,True,False,True,,missing OHLCV data,missing OHLCV data,False,False,False,,,0,,not_a_final_holding,,,,,,,,,,,,,,,,,False,not_prior_position,new_or_unheld,0.43525840694911355,0.43525840694911355,0.43525840694911355,0.43525840694911355,0.6,0.6,0.6,0.43525840694911355,0.5054468713012599,fresh_selected_holdings_ohlcv,2026-08-13,True,777.6599731445312,702.2683215332031,733.030029296875,649.473754272461,False,False,SPY and QQQ above 200D MA,0.5054468713012599,fresh_selected_holdings_ohlcv,2026-08-13,True,0.0,0.5647415930508864,current_growth_feature_generation,growth_champion_final,growth_v1_exposure_cap_60_dual_trend_filter,True,exact raw pre-signal target captured from expected_returns_model diagnostics
2026-08-13,ADAMH,0.05,0.05,0.0007879074534404,26.73299903869629,61.948116495436274,0.0010634060427083,0.0002140206932174,,raw_target_return_exact,True,False,True,,missing OHLCV data,missing OHLCV data,False,False,False,,,0,,not_a_final_holding,,,,,,,,,,,,,,,,,False,not_prior_position,new_or_unheld,0.43525840694911355,0.43525840694911355,0.43525840694911355,0.43525840694911355,0.6,0.6,0.6,0.43525840694911355,0.5054468713012599,fresh_selected_holdings_ohlcv,2026-08-13,True,777.6599731445312,702.2683215332031,733.030029296875,649.473754272461,False,False,SPY and QQQ above 200D MA,0.5054468713012599,fresh_selected_holdings_ohlcv,2026-08-13,True,0.0,0.5647415930508864,current_growth_feature_generation,growth_champion_final,growth_v1_exposure_cap_60_dual_trend_filter,True,exact raw pre-signal target captured from expected_returns_model diagnostics
2026-08-13,ADAMI,0.05,0.05,0.000787849973262,26.47049903869629,61.9526343440637,0.0010634061118436,-0.0001970447566566,,raw_target_return_exact,True,False,True,,missing OHLCV data,missing OHLCV data,False,False,False,,,0,,not_a_final_holding,,,,,,,,,,,,,,,,,False,not_prior_position,new_or_unheld,0.43525840694911355,0.43525840694911355,0.43525840694911355,0.43525840694911355,0.6,0.6,0.6,0.43525840694911355,0.5054468713012599,fresh_selected_holdings_ohlcv,2026-08-13,True,777.6599731445312,702.2683215332031,733.030029296875,649.473754272461,False,False,SPY and QQQ above 200D MA,0.5054468713012599,fresh_selected_holdings_ohlcv,2026-08-13,True,0.0,0.5647415930508864,current_growth_feature_generation,growth_champion_final,growth_v1_exposure_cap_60_dual_trend_filter,True,exact raw pre-signal target captured from expected_returns_model diagnostics
2026-08-13,ADAML,0.05,0.05,0.0008136917191023,26.06099967956543,59.98587721732687,0.0002659416877614,-0.0004726640314658,,raw_target_return_exact,True,False,True,,missing OHLCV data,missing OHLCV data,False,False,False,,,0,,not_a_final_holding,,,,,,,,,,,,,,,,,False,not_prior_position,new_or_unheld,0.43525840694911355,0.43525840694911355,0.43525840694911355,0.43525840694911355,0.6,0.6,0.6,0.43525840694911355,0.5054468713012599,fresh_selected_holdings_ohlcv,2026-08-13,True,777.6599731445312,702.2683215332031,733.030029296875,649.473754272461,False,False,SPY and QQQ above 200D MA,0.5054468713012599,fresh_selected_holdings_ohlcv,2026-08-13,True,0.0,0.5647415930508864,current_growth_feature_generation,growth_champion_final,growth_v1_exposure_cap_60_dual_trend_filter,True,exact raw pre-signal target captured from expected_returns_model diagnostics
2026-08-13,ADAMM,0.05,0.05,0.0008076279610629,26.61750040054321,60.43607455674045,0.0010633799631067,0.000294027912616,,raw_target_return_exact,True,False,True,,missing OHLCV data,missing OHLCV data,False,False,False,,,0,,not_a_final_holding,,,,,,,,,,,,,,,,,False,not_prior_position,new_or_unheld,0.43525840694911355,0.43525840694911355,0.43525840694911355,0.43525840694911355,0.6,0.6,0.6,0.43525840694911355,0.5054468713012599,fresh_selected_holdings_ohlcv,2026-08-13,True,777.6599731445312,702.2683215332031,733.030029296875,649.473754272461,False,False,SPY and QQQ above 200D MA,0.5054468713012599,fresh_selected_holdings_ohlcv,2026-08-13,True,0.0,0.5647415930508864,current_growth_feature_generation,growth_champion_final,growth_v1_exposure_cap_60_dual_trend_filter,True,exact raw pre-signal target captured from expected_returns_model diagnostics
2026-08-13,ADAMN,0.05,0.05,0.0035006215866018,25.77760534286499,13.961952520131383,-0.0002818704560972,0.0013355980637721,,raw_target_return_exact,True,False,True,,missing OHLCV data,missing OHLCV data,False,False,False,,,0,,not_a_final_holding,,,,,,,,,,,,,,,,,False,not_prior_position,new_or_unheld,0.43525840694911355,0.43525840694911355,0.43525840694911355,0.43525840694911355,0.6,0.6,0.6,0.43525840694911355,0.5054468713012599,fresh_selected_holdings_ohlcv,2026-08-13,True,777.6599731445312,702.2683215332031,733.030029296875,649.473754272461,False,False,SPY and QQQ above 200D MA,0.5054468713012599,fresh_selected_holdings_ohlcv,2026-08-13,True,0.0,0.5647415930508864,current_growth_feature_generation,growth_champion_final,growth_v1_exposure_cap_60_dual_trend_filter,True,exact raw pre-signal target captured from expected_returns_model diagnostics
2026-08-13,ADAMZ,0.05,0.05,0.0006111851302965,19.414499759674072,79.85317401103286,0.0010635235775494,-0.0003194370856771,,raw_target_return_exact,True,False,True,,missing OHLCV data,missing OHLCV data,False,False,False,,,0,,not_a_final_holding,,,,,,,,,,,,,,,,,False,not_prior_position,new_or_unheld,0.43525840694911355,0.43525840694911355,0.43525840694911355,0.43525840694911355,0.6,0.6,0.6,0.43525840694911355,0.5054468713012599,fresh_selected_holdings_ohlcv,2026-08-13,True,777.6599731445312,702.2683215332031,733.030029296875,649.473754272461,False,False,SPY and QQQ above 200D MA,0.5054468713012599,fresh_selected_holdings_ohlcv,2026-08-13,True,0.0,0.5647415930508864,current_growth_feature_generation,growth_champion_final,growth_v1_exposure_cap_60_dual_trend_filter,True,exact raw pre-signal target captured from expected_returns_model diagnostics
2026-08-13,ADBE,0.0653977769287827,0.0653977769287827,0.0085238531494002,285.9953818398312,7.463506391969142,-0.0044524677413288,0.0020480844281037,28.0,raw_target_return_exact,True,True,True,,,,True,False,False,1278048292.9077148,,6420,0.4606873862548998,not_a_final_holding,,,,,,,,,,,,,,,,0.4606873862548998,False,not_prior_position,new_or_unheld,0.43525840694911355,0.43525840694911355,0.43525840694911355,0.43525840694911355,0.6,0.6,0.6,0.43525840694911355,0.5054468713012599,fresh_selected_holdings_ohlcv,2026-08-13,True,777.6599731445312,702.2683215332031,733.030029296875,649.473754272461,False,False,SPY and QQQ above 200D MA,0.5054468713012599,fresh_selected_holdings_ohlcv,2026-08-13,True,0.0,0.5647415930508864,current_growth_feature_generation,growth_champion_final,growth_v1_exposure_cap_60_dual_trend_filter,True,exact raw pre-signal target captured from expected_returns_model diagnostics
2026-08-13,ADEA,0.0674258689835476,0.0674258689835476,0.0006913074979606,30.464335278048026,94.41901273038263,0.0004464257316372,5.522253954460426e-05,,raw_target_return_exact,True,False,True,,missing OHLCV data,missing OHLCV data,False,False,False,,,0,,not_a_final_holding,,,,,,,,,,,,,,,,,False,not_prior_position,new_or_unheld,0.43525840694911355,0.43525840694911355,0.43525840694911355,0.43525840694911355,0.6,0.6,0.6,0.43525840694911355,0.5054468713012599,fresh_selected_holdings_ohlcv,2026-08-13,True,777.6599731445312,702.2683215332031,733.030029296875,649.473754272461,False,False,SPY and QQQ above 200D MA,0.5054468713012599,fresh_selected_holdings_ohlcv,2026-08-13,True,0.0,0.5647415930508864,current_growth_feature_generation,growth_champion_final,growth_v1_exposure_cap_60_dual_trend_filter,True,exact raw pre-signal target captured from expected_returns_model diagnostics
2026-08-13,ADI,0.0503146353636663,0.0503146353636663,0.0004357374061849,403.0529846191407,112.68361554756096,0.0006624764280454,-0.0011949439412598,38.0,raw_target_return_exact,True,True,True,,,,True,False,False,1520262812.27417,,6403,0.4295321044104932,not_a_final_holding,,,,,,,,,,,,,,,,0.4295321044104932,False,not_prior_position,new_or_unheld,0.43525840694911355,0.43525840694911355,0.43525840694911355,0.43525840694911355,0.6,0.6,0.6,0.43525840694911355,0.5054468713012599,fresh_selected_holdings_ohlcv,2026-08-13,True,777.6599731445312,702.2683215332031,733.030029296875,649.473754272461,False,False,SPY and QQQ above 200D MA,0.5054468713012599,fresh_selected_holdings_ohlcv,2026-08-13,True,0.0,0.5647415930508864,current_growth_feature_generation,growth_champion_final,growth_v1_exposure_cap_60_dual_trend_filter,True,exact raw pre-signal target captured from expected_returns_model diagnostics
2026-08-13,ADIL,0.1348049987791082,0.1348049987791082,0.0170230453168283,4.845617323142105,7.491854284700277,-0.0105262285189086,0.0040103375879009,,raw_target_return_exact,True,False,False,"median 60D dollar volume below $50,000,000; 20D average volume below 500,000 shares; current price below $5; less than 2 years of trading history; 60D annualized volatility above 120%","price below $5; median 20D dollar volume below $20,000,000; median 60D dollar volume below $50,000,000; 20D average volume below 500,000 shares; current price below $5; less than 2 years of trading history; 60D annualized volatility above 120%","price below $5; median 20D dollar volume below $20,000,000; median 60D dollar volume below $50,000,000; 20D average volume below 500,000 shares; current price below $5; less than 2 years of trading history; 60D annualized volatility above 120%",True,False,False,142672.49792814255,,502,1.231730292635284,not_a_final_holding,,,,,,,,,,,,,,,,1.231730292635284,False,not_prior_position,new_or_unheld,0.43525840694911355,0.43525840694911355,0.43525840694911355,0.43525840694911355,0.6,0.6,0.6,0.43525840694911355,0.5054468713012599,fresh_selected_holdings_ohlcv,2026-08-13,True,777.6599731445312,702.2683215332031,733.030029296875,649.473754272461,False,False,SPY and QQQ above 200D MA,0.5054468713012599,fresh_selected_holdings_ohlcv,2026-08-13,True,0.0,0.5647415930508864,current_growth_feature_generation,growth_champion_final,growth_v1_exposure_cap_60_dual_trend_filter,True,exact raw pre-signal target captured from expected_returns_model diagnostics
2026-08-13,ADMA,0.051317890572385,0.051317890572385,0.0021513295814516,9.903414609401056,23.287144515456912,-0.0002650853585591,-0.000225739461757,,raw_target_return_exact,True,False,True,,missing OHLCV data,missing OHLCV data,False,False,False,,,0,,not_a_final_holding,,,,,,,,,,,,,,,,,False,not_prior_position,new_or_unheld,0.43525840694911355,0.43525840694911355,0.43525840694911355,0.43525840694911355,0.6,0.6,0.6,0.43525840694911355,0.5054468713012599,fresh_selected_holdings_ohlcv,2026-08-13,True,777.6599731445312,702.2683215332031,733.030029296875,649.473754272461,False,False,SPY and QQQ above 200D MA,0.5054468713012599,fresh_selected_holdings_ohlcv,2026-08-13,True,0.0,0.5647415930508864,current_growth_feature_generation,growth_champion_final,growth_v1_exposure_cap_60_dual_trend_filter,True,exact raw pre-signal target captured from expected_returns_model diagnostics
2026-08-13,ADPT,0.0773820826383557,0.0773820826383557,0.0050489012882928,26.65443247787973,14.799675493746989,-0.0030642206712007,3.7879469335903794e-05,,raw_target_return_exact,True,False,True,,missing OHLCV data,missing OHLCV data,False,False,False,,,0,,not_a_final_holding,,,,,,,,,,,,,,,,,False,not_prior_position,new_or_unheld,0.43525840694911355,0.43525840694911355,0.43525840694911355,0.43525840694911355,0.6,0.6,0.6,0.43525840694911355,0.5054468713012599,fresh_selected_holdings_ohlcv,2026-08-13,True,777.6599731445312,702.2683215332031,733.030029296875,649.473754272461,False,False,SPY and QQQ above 200D MA,0.5054468713012599,fresh_selected_holdings_ohlcv,2026-08-13,True,0.0,0.5647415930508864,current_growth_feature_generation,growth_champion_final,growth_v1_exposure_cap_60_dual_trend_filter,True,exact raw pre-signal target captured from expected_returns_model diagnostics
2026-08-13,ADSE,0.050145439879119,0.050145439879119,0.0003321596166587,12.35496146071666,147.32915112985185,0.0010635838250849,-0.0012216228808629,,raw_target_return_exact,True,False,True,,missing OHLCV data,missing OHLCV data,False,False,False,,,0,,not_a_final_holding,,,,,,,,,,,,,,,,,False,not_prior_position,new_or_unheld,0.43525840694911355,0.43525840694911355,0.43525840694911355,0.43525840694911355,0.6,0.6,0.6,0.43525840694911355,0.5054468713012599,fresh_selected_holdings_ohlcv,2026-08-13,True,777.6599731445312,702.2683215332031,733.030029296875,649.473754272461,False,False,SPY and QQQ above 200D MA,0.5054468713012599,fresh_selected_holdings_ohlcv,2026-08-13,True,0.0,0.5647415930508864,current_growth_feature_generation,growth_champion_final,growth_v1_exposure_cap_60_dual_trend_filter,True,exact raw pre-signal target captured from expected_returns_model diagnostics
2026-08-13,ADSK,0.0578388535267782,0.0578388535267782,0.007310644632817,265.55985868717283,7.719331781852878,-0.0037157872103118,0.0016089071789912,31.0,raw_target_return_exact,True,True,True,,,,True,False,False,460473935.6140137,,6403,0.4281862547261867,not_a_final_holding,,,,,,,,,,,,,,,,0.4281862547261867,False,not_prior_position,new_or_unheld,0.43525840694911355,0.43525840694911355,0.43525840694911355,0.43525840694911355,0.6,0.6,0.6,0.43525840694911355,0.5054468713012599,fresh_selected_holdings_ohlcv,2026-08-13,True,777.6599731445312,702.2683215332031,733.030029296875,649.473754272461,False,False,SPY and QQQ above 200D MA,0.5054468713012599,fresh_selected_holdings_ohlcv,2026-08-13,True,0.0,0.5647415930508864,current_growth_feature_generation,growth_champion_final,growth_v1_exposure_cap_60_dual_trend_filter,True,exact raw pre-signal target captured from expected_returns_model diagnostics
2026-08-13,ADTN,0.075816310974381,0.075816310974381,0.0003840831470001,8.80017775208352,190.30714176820663,0.0049899377823941,0.0002006029967103,,raw_target_return_exact,True,False,True,,missing OHLCV data,missing OHLCV data,False,False,False,,,0,,not_a_final_holding,,,,,,,,,,,,,,,,,False,not_prior_position,new_or_unheld,0.43525840694911355,0.43525840694911355,0.43525840694911355,0.43525840694911355,0.6,0.6,0.6,0.43525840694911355,0.5054468713012599,fresh_selected_holdings_ohlcv,2026-08-13,True,777.6599731445312,702.2683215332031,733.030029296875,649.473754272461,False,False,SPY and QQQ above 200D MA,0.5054468713012599,fresh_selected_holdings_ohlcv,2026-08-13,True,0.0,0.5647415930508864,current_growth_feature_generation,growth_champion_final,growth_v1_exposure_cap_60_dual_trend_filter,True,exact raw pre-signal target captured from expected_returns_model diagnostics
2026-08-13,ADUS,0.050445357575855,0.050445357575855,0.0056006331310638,123.83700256347656,8.811845069095893,-0.0022295706463816,0.0013559735896897,,raw_target_return_exact,True,False,True,,missing OHLCV data,missing OHLCV data,False,False,False,,,0,,not_a_final_holding,,,,,,,,,,,,,,,,,False,not_prior_position,new_or_unheld,0.43525840694911355,0.43525840694911355,0.43525840694911355,0.43525840694911355,0.6,0.6,0.6,0.43525840694911355,0.5054468713012599,fresh_selected_holdings_ohlcv,2026-08-13,True,777.6599731445312,702.2683215332031,733.030029296875,649.473754272461,False,False,SPY and QQQ above 200D MA,0.5054468713012599,fresh_selected_holdings_ohlcv,2026-08-13,True,0.0,0.5647415930508864,current_growth_feature_generation,growth_champion_final,growth_v1_exposure_cap_60_dual_trend_filter,True,exact raw pre-signal target captured from expected_returns_model diagnostics
2026-08-13,ADV,0.0826531983414895,0.0826531983414895,0.0004163373573575,35.489370520035884,190.78572388390427,0.0022121225586741,0.0001601828478072,,raw_target_return_exact,True,False,True,,missing OHLCV data,missing OHLCV data,False,False,False,,,0,,not_a_final_holding,,,,,,,,,,,,,,,,,False,not_prior_position,new_or_unheld,0.43525840694911355,0.43525840694911355,0.43525840694911355,0.43525840694911355,0.6,0.6,0.6,0.43525840694911355,0.5054468713012599,fresh_selected_holdings_ohlcv,2026-08-13,True,777.6599731445312,702.2683215332031,733.030029296875,649.473754272461,False,False,SPY and QQQ above 200D MA,0.5054468713012599,fresh_selected_holdings_ohlcv,2026-08-13,True,0.0,0.5647415930508864,current_growth_feature_generation,growth_champion_final,growth_v1_exposure_cap_60_dual_trend_filter,True,exact raw pre-signal target captured from expected_returns_model diagnostics
2026-08-13,ADVB,0.2858895224468418,0.2858895224468418,0.0198309451494982,11.187367363603748,12.805027954093596,-0.0100361021519394,0.0015378900106702,,raw_target_return_exact,True,False,False,"median 60D dollar volume below $50,000,000; 60D annualized volatility above 120%","median 20D dollar volume below $20,000,000; 20D realized volatility above 150% annualized; suspicious spike/gap behavior; missing OHLCV data above 5%; median 60D dollar volume below $50,000,000; 60D annualized volatility above 120%","median 20D dollar volume below $20,000,000; 20D realized volatility above 150% annualized; suspicious spike/gap behavior; missing OHLCV data above 5%; median 60D dollar volume below $50,000,000; 60D annualized volatility above 120%",True,False,False,73898.9996433258,,776,2.6143198627672315,not_a_final_holding,,,,,,,,,,,,,,,,2.6143198627672315,False,not_prior_position,new_or_unheld,0.43525840694911355,0.43525840694911355,0.43525840694911355,0.43525840694911355,0.6,0.6,0.6,0.43525840694911355,0.5054468713012599,fresh_selected_holdings_ohlcv,2026-08-13,True,777.6599731445312,702.2683215332031,733.030029296875,649.473754272461,False,False,SPY and QQQ above 200D MA,0.5054468713012599,fresh_selected_holdings_ohlcv,2026-08-13,True,0.0,0.5647415930508864,current_growth_feature_generation,growth_champion_final,growth_v1_exposure_cap_60_dual_trend_filter,True,exact raw pre-signal target captured from expected_returns_model diagnostics
2026-08-13,ADXN,0.1134260534153823,0.1134260534153823,0.0005570219523538,6.624884805452359,192.9398237390768,0.001063593895923,0.0001009534290475,,raw_target_return_exact,True,False,True,,missing OHLCV data,missing OHLCV data,False,False,False,,,0,,not_a_final_holding,,,,,,,,,,,,,,,,,False,not_prior_position,new_or_unheld,0.43525840694911355,0.43525840694911355,0.43525840694911355,0.43525840694911355,0.6,0.6,0.6,0.43525840694911355,0.5054468713012599,fresh_selected_holdings_ohlcv,2026-08-13,True,777.6599731445312,702.2683215332031,733.030029296875,649.473754272461,False,False,SPY and QQQ above 200D MA,0.5054468713012599,fresh_selected_holdings_ohlcv,2026-08-13,True,0.0,0.5647415930508864,current_growth_feature_generation,growth_champion_final,growth_v1_exposure_cap_60_dual_trend_filter,True,exact raw pre-signal target captured from expected_returns_model diagnostics
2026-08-13,AEBI,0.10000280024068,0.10000280024068,0.004552349650823,15.294218945735668,20.9846600102065,-0.0027247396679969,0.0004544340037519,,raw_target_return_exact,True,False,True,,missing OHLCV data,missing OHLCV data,False,False,False,,,0,,not_a_final_holding,,,,,,,,,,,,,,,,,False,not_prior_position,new_or_unheld,0.43525840694911355,0.43525840694911355,0.43525840694911355,0.43525840694911355,0.6,0.6,0.6,0.43525840694911355,0.5054468713012599,fresh_selected_holdings_ohlcv,2026-08-13,True,777.6599731445312,702.2683215332031,733.030029296875,649.473754272461,False,False,SPY and QQQ above 200D MA,0.5054468713012599,fresh_selected_holdings_ohlcv,2026-08-13,True,0.0,0.5647415930508864,current_growth_feature_generation,growth_champion_final,growth_v1_exposure_cap_60_dual_trend_filter,True,exact raw pre-signal target captured from expected_returns_model diagnostics
2026-08-13,AEC,0.1015404197396832,0.1015404197396832,0.000698646647012,4.696748200523295,138.47251848979923,0.0007440438289674,0.0004823776085128,,raw_target_return_exact,True,False,True,,missing OHLCV data,missing OHLCV data,False,False,False,,,0,,not_a_final_holding,,,,,,,,,,,,,,,,,False,not_prior_position,new_or_unheld,0.43525840694911355,0.43525840694911355,0.43525840694911355,0.43525840694911355,0.6,0.6,0.6,0.43525840694911355,0.5054468713012599,fresh_selected_holdings_ohlcv,2026-08-13,True,777.6599731445312,702.2683215332031,733.030029296875,649.473754272461,False,False,SPY and QQQ above 200D MA,0.5054468713012599,fresh_selected_holdings_ohlcv,2026-08-13,True,0.0,0.5647415930508864,current_growth_feature_generation,growth_champion_final,growth_v1_exposure_cap_60_dual_trend_filter,True,exact raw pre-signal target captured from expected_returns_model diagnostics
2026-08-13,AEHL,0.75,0.75,0.0625220001789415,8.5284503698349,9.227681828003982,-0.0370898942865235,0.0066482636160398,,raw_target_return_exact,True,False,False,"median 60D dollar volume below $50,000,000; current price below $5; 60D annualized volatility above 120%; reverse split/extreme discontinuity suspected","price below $5; median 20D dollar volume below $20,000,000; 20D realized volatility above 150% annualized; suspicious spike/gap behavior; median 60D dollar volume below $50,000,000; current price below $5; 60D annualized volatility above 120%; reverse split/extreme discontinuity suspected","price below $5; median 20D dollar volume below $20,000,000; 20D realized volatility above 150% annualized; suspicious spike/gap behavior; median 60D dollar volume below $50,000,000; current price below $5; 60D annualized volatility above 120%; reverse split/extreme discontinuity suspected",True,False,False,290862.99726963043,,782,2.550967219031671,not_a_final_holding,,,,,,,,,,,,,,,,2.550967219031671,False,not_prior_position,new_or_unheld,0.43525840694911355,0.43525840694911355,0.43525840694911355,0.43525840694911355,0.6,0.6,0.6,0.43525840694911355,0.5054468713012599,fresh_selected_holdings_ohlcv,2026-08-13,True,777.6599731445312,702.2683215332031,733.030029296875,649.473754272461,False,False,SPY and QQQ above 200D MA,0.5054468713012599,fresh_selected_holdings_ohlcv,2026-08-13,True,0.0,0.5647415930508864,current_growth_feature_generation,growth_champion_final,growth_v1_exposure_cap_60_dual_trend_filter,True,exact raw pre-signal target captured from expected_returns_model diagnostics
2026-08-13,AEI,0.186487322005314,0.186487322005314,0.0008637586411499,1.3881901158277057,198.054112540372,0.0010636005864002,-0.0012347299751985,,raw_target_return_exact,True,False,True,,missing OHLCV data,missing OHLCV data,False,False,False,,,0,,not_a_final_holding,,,,,,,,,,,,,,,,,False,not_prior_position,new_or_unheld,0.43525840694911355,0.43525840694911355,0.43525840694911355,0.43525840694911355,0.6,0.6,0.6,0.43525840694911355,0.5054468713012599,fresh_selected_holdings_ohlcv,2026-08-13,True,777.6599731445312,702.2683215332031,733.030029296875,649.473754272461,False,False,SPY and QQQ above 200D MA,0.5054468713012599,fresh_selected_holdings_ohlcv,2026-08-13,True,0.0,0.5647415930508864,current_growth_feature_generation,growth_champion_final,growth_v1_exposure_cap_60_dual_trend_filter,True,exact raw pre-signal target captured from expected_returns_model diagnostics
2026-08-13,AEIS,0.1039240182228911,0.1039240182228911,0.00348587195925,372.7289216835389,28.412789873521326,-0.0020010785022229,0.0004495516387076,,raw_target_return_exact,True,False,True,,missing OHLCV data,missing OHLCV data,False,False,False,,,0,,not_a_final_holding,,,,,,,,,,,,,,,,,False,not_prior_position,new_or_unheld,0.43525840694911355,0.43525840694911355,0.43525840694911355,0.43525840694911355,0.6,0.6,0.6,0.43525840694911355,0.5054468713012599,fresh_selected_holdings_ohlcv,2026-08-13,True,777.6599731445312,702.2683215332031,733.030029296875,649.473754272461,False,False,SPY and QQQ above 200D MA,0.5054468713012599,fresh_selected_holdings_ohlcv,2026-08-13,True,0.0,0.5647415930508864,current_growth_feature_generation,growth_champion_final,growth_v1_exposure_cap_60_dual_trend_filter,True,exact raw pre-signal target captured from expected_returns_model diagnostics
2026-08-13,AEMD,0.556258323558041,0.556258323558041,0.0595131147951253,4.622087265492289,7.650725333015247,-0.0339178996423492,0.0143013585893782,,raw_target_return_exact,True,False,False,"median 60D dollar volume below $50,000,000; 20D average volume below 500,000 shares; current price below $5; less than 2 years of trading history; 60D annualized volatility above 120%; reverse split/extreme discontinuity suspected","price below $5; median 20D dollar volume below $20,000,000; 1D absolute move above 80% in last 60D; 20D realized volatility above 150% annualized; suspicious spike/gap behavior; median 60D dollar volume below $50,000,000; 20D average volume below 500,000 shares; current price below $5; less than 2 years of trading history; 60D annualized volatility above 120%; reverse split/extreme discontinuity suspected","price below $5; median 20D dollar volume below $20,000,000; 1D absolute move above 80% in last 60D; 20D realized volatility above 150% annualized; suspicious spike/gap behavior; median 60D dollar volume below $50,000,000; 20D average volume below 500,000 shares; current price below $5; less than 2 years of trading history; 60D annualized volatility above 120%; reverse split/extreme discontinuity suspected",True,False,False,188181.50359988213,,501,8.942064373253867,not_a_final_holding,,,,,,,,,,,,,,,,8.942064373253867,False,not_prior_position,new_or_unheld,0.43525840694911355,0.43525840694911355,0.43525840694911355,0.43525840694911355,0.6,0.6,0.6,0.43525840694911355,0.5054468713012599,fresh_selected_holdings_ohlcv,2026-08-13,True,777.6599731445312,702.2683215332031,733.030029296875,649.473754272461,False,False,SPY and QQQ above 200D MA,0.5054468713012599,fresh_selected_holdings_ohlcv,2026-08-13,True,0.0,0.5647415930508864,current_growth_feature_generation,growth_champion_final,growth_v1_exposure_cap_60_dual_trend_filter,True,exact raw pre-signal target captured from expected_returns_model diagnostics
2026-08-13,AENT,0.079073949970394,0.079073949970394,0.0004773252248924,6.096875974177955,159.47487616445588,0.0010635864258878,-7.710031253490668e-05,,raw_target_return_exact,True,False,True,,missing OHLCV data,missing OHLCV data,False,False,False,,,0,,not_a_final_holding,,,,,,,,,,,,,,,,,False,not_prior_position,new_or_unheld,0.43525840694911355,0.43525840694911355,0.43525840694911355,0.43525840694911355,0.6,0.6,0.6,0.43525840694911355,0.5054468713012599,fresh_selected_holdings_ohlcv,2026-08-13,True,777.6599731445312,702.2683215332031,733.030029296875,649.473754272461,False,False,SPY and QQQ above 200D MA,0.5054468713012599,fresh_selected_holdings_ohlcv,2026-08-13,True,0.0,0.5647415930508864,current_growth_feature_generation,growth_champion_final,growth_v1_exposure_cap_60_dual_trend_filter,True,exact raw pre-signal target captured from expected_returns_model diagnostics
2026-08-13,AEVA,0.1591911203333453,0.1591911203333453,0.0025530047197057,27.20633198029496,57.93602284013191,-0.0012854570204184,-0.0010048623104447,,raw_target_return_exact,True,False,False,"median 60D dollar volume below $50,000,000; 60D annualized volatility above 120%","20D realized volatility above 150% annualized; median 60D dollar volume below $50,000,000; 60D annualized volatility above 120%","20D realized volatility above 150% annualized; median 60D dollar volume below $50,000,000; 60D annualized volatility above 120%",True,False,False,40280401.165771484,,778,1.4749433666572855,not_a_final_holding,,,,,,,,,,,,,,,,1.4749433666572855,False,not_prior_position,new_or_unheld,0.43525840694911355,0.43525840694911355,0.43525840694911355,0.43525840694911355,0.6,0.6,0.6,0.43525840694911355,0.5054468713012599,fresh_selected_holdings_ohlcv,2026-08-13,True,777.6599731445312,702.2683215332031,733.030029296875,649.473754272461,False,False,SPY and QQQ above 200D MA,0.5054468713012599,fresh_selected_holdings_ohlcv,2026-08-13,True,0.0,0.5647415930508864,current_growth_feature_generation,growth_champion_final,growth_v1_exposure_cap_60_dual_trend_filter,True,exact raw pre-signal target captured from expected_returns_model diagnostics
2026-08-13,AEYE,0.0855752493061421,0.0855752493061421,0.0004379218403223,6.404894074434762,187.5403330018833,0.0018395790267958,8.631864816798375e-05,,raw_target_return_exact,True,False,False,"median 60D dollar volume below $50,000,000; 20D average volume below 500,000 shares","median 20D dollar volume below $20,000,000; median 60D dollar volume below $50,000,000; 20D average volume below 500,000 shares","median 20D dollar volume below $20,000,000; median 60D dollar volume below $50,000,000; 20D average volume below 500,000 shares",True,False,False,788644.9953079224,,752,0.6483850330551633,not_a_final_holding,,,,,,,,,,,,,,,,0.6483850330551633,False,not_prior_position,new_or_unheld,0.43525840694911355,0.43525840694911355,0.43525840694911355,0.43525840694911355,0.6,0.6,0.6,0.43525840694911355,0.5054468713012599,fresh_selected_holdings_ohlcv,2026-08-13,True,777.6599731445312,702.2683215332031,733.030029296875,649.473754272461,False,False,SPY and QQQ above 200D MA,0.5054468713012599,fresh_selected_holdings_ohlcv,2026-08-13,True,0.0,0.5647415930508864,current_growth_feature_generation,growth_champion_final,growth_v1_exposure_cap_60_dual_trend_filter,True,exact raw pre-signal target captured from expected_returns_model diagnostics
2026-08-13,AFCG,0.1364080271292245,0.1364080271292245,0.0021249559913025,3.431952220254995,60.24042320263839,0.000306190849825,0.0004565511813602,,raw_target_return_exact,True,False,True,,missing OHLCV data,missing OHLCV data,False,False,False,,,0,,not_a_final_holding,,,,,,,,,,,,,,,,,False,not_prior_position,new_or_unheld,0.43525840694911355,0.43525840694911355,0.43525840694911355,0.43525840694911355,0.6,0.6,0.6,0.43525840694911355,0.5054468713012599,fresh_selected_holdings_ohlcv,2026-08-13,True,777.6599731445312,702.2683215332031,733.030029296875,649.473754272461,False,False,SPY and QQQ above 200D MA,0.5054468713012599,fresh_selected_holdings_ohlcv,2026-08-13,True,0.0,0.5647415930508864,current_growth_feature_generation,growth_champion_final,growth_v1_exposure_cap_60_dual_trend_filter,True,exact raw pre-signal target captured from expected_returns_model diagnostics
2026-08-13,AFJK,0.75,0.75,0.0023590552041308,21.0,237.5,0.0026163538247919,-0.0010392545746002,,raw_target_return_exact,True,False,False,"median 60D dollar volume below $50,000,000; 20D average volume below 500,000 shares; 60D annualized volatility above 120%; reverse split/extreme discontinuity suspected","manual blacklist: unstable/low-quality growth paper ticker; median 20D dollar volume below $20,000,000; suspicious spike/gap behavior; median 60D dollar volume below $50,000,000; 20D average volume below 500,000 shares; 60D annualized volatility above 120%; reverse split/extreme discontinuity suspected","manual blacklist: unstable/low-quality growth paper ticker; median 20D dollar volume below $20,000,000; suspicious spike/gap behavior; median 60D dollar volume below $50,000,000; 20D average volume below 500,000 shares; 60D annualized volatility above 120%; reverse split/extreme discontinuity suspected",True,False,False,123864.89810943604,,520,1.2774270037762843,not_a_final_holding,,,,,,,,,,,,,,,,1.2774270037762843,False,not_prior_position,new_or_unheld,0.43525840694911355,0.43525840694911355,0.43525840694911355,0.43525840694911355,0.6,0.6,0.6,0.43525840694911355,0.5054468713012599,fresh_selected_holdings_ohlcv,2026-08-13,True,777.6599731445312,702.2683215332031,733.030029296875,649.473754272461,False,False,SPY and QQQ above 200D MA,0.5054468713012599,fresh_selected_holdings_ohlcv,2026-08-13,True,0.0,0.5647415930508864,current_growth_feature_generation,growth_champion_final,growth_v1_exposure_cap_60_dual_trend_filter,True,exact raw pre-signal target captured from expected_returns_model diagnostics
2026-08-13,AFRI,0.05,0.05,0.0017121178687606,11.261250400543211,28.521353820405757,-0.0004534993000039,-0.0003848867563967,,raw_target_return_exact,True,False,True,,missing OHLCV data,missing OHLCV data,False,False,False,,,0,,not_a_final_holding,,,,,,,,,,,,,,,,,False,not_prior_position,new_or_unheld,0.43525840694911355,0.43525840694911355,0.43525840694911355,0.43525840694911355,0.6,0.6,0.6,0.43525840694911355,0.5054468713012599,fresh_selected_holdings_ohlcv,2026-08-13,True,777.6599731445312,702.2683215332031,733.030029296875,649.473754272461,False,False,SPY and QQQ above 200D MA,0.5054468713012599,fresh_selected_holdings_ohlcv,2026-08-13,True,0.0,0.5647415930508864,current_growth_feature_generation,growth_champion_final,growth_v1_exposure_cap_60_dual_trend_filter,True,exact raw pre-signal target captured from expected_returns_model diagnostics
2026-08-13,AFRM,0.082448294227911,0.082448294227911,0.0004296526482368,84.12788274874126,184.43371271556583,0.0010635911228299,-0.0002292386759466,,raw_target_return_exact,True,False,True,,missing OHLCV data,missing OHLCV data,False,False,False,,,0,,not_a_final_holding,,,,,,,,,,,,,,,,,False,not_prior_position,new_or_unheld,0.43525840694911355,0.43525840694911355,0.43525840694911355,0.43525840694911355,0.6,0.6,0.6,0.43525840694911355,0.5054468713012599,fresh_selected_holdings_ohlcv,2026-08-13,True,777.6599731445312,702.2683215332031,733.030029296875,649.473754272461,False,False,SPY and QQQ above 200D MA,0.5054468713012599,fresh_selected_holdings_ohlcv,2026-08-13,True,0.0,0.5647415930508864,current_growth_feature_generation,growth_champion_final,growth_v1_exposure_cap_60_dual_trend_filter,True,exact raw pre-signal target captured from expected_returns_model diagnostics
2026-08-13,AFYA,0.05,0.05,0.0004453175493985,14.206499719619751,109.58702837422992,0.0010635665325171,-0.0004398190385564,,raw_target_return_exact,True,False,True,,missing OHLCV data,missing OHLCV data,False,False,False,,,0,,not_a_final_holding,,,,,,,,,,,,,,,,,False,not_prior_position,new_or_unheld,0.43525840694911355,0.43525840694911355,0.43525840694911355,0.43525840694911355,0.6,0.6,0.6,0.43525840694911355,0.5054468713012599,fresh_selected_holdings_ohlcv,2026-08-13,True,777.6599731445312,702.2683215332031,733.030029296875,649.473754272461,False,False,SPY and QQQ above 200D MA,0.5054468713012599,fresh_selected_holdings_ohlcv,2026-08-13,True,0.0,0.5647415930508864,current_growth_feature_generation,growth_champion_final,growth_v1_exposure_cap_60_dual_trend_filter,True,exact raw pre-signal target captured from expected_returns_model diagnostics
2026-08-13,AGEN,0.1117560738794971,0.1117560738794971,0.0306997326843472,7.671117015793851,3.503574344923495,-0.0100877850343483,0.0084558683723487,,raw_target_return_exact,True,False,False,"median 60D dollar volume below $50,000,000; 60D annualized volatility above 120%","median 20D dollar volume below $20,000,000; 1D absolute move above 80% in last 60D; 20D realized volatility above 150% annualized; suspicious spike/gap behavior; median 60D dollar volume below $50,000,000; 60D annualized volatility above 120%","median 20D dollar volume below $20,000,000; 1D absolute move above 80% in last 60D; 20D realized volatility above 150% annualized; suspicious spike/gap behavior; median 60D dollar volume below $50,000,000; 60D annualized volatility above 120%",True,False,False,2351902.4779200554,,510,1.887956653839225,not_a_final_holding,,,,,,,,,,,,,,,,1.887956653839225,False,not_prior_position,new_or_unheld,0.43525840694911355,0.43525840694911355,0.43525840694911355,0.43525840694911355,0.6,0.6,0.6,0.43525840694911355,0.5054468713012599,fresh_selected_holdings_ohlcv,2026-08-13,True,777.6599731445312,702.2683215332031,733.030029296875,649.473754272461,False,False,SPY and QQQ above 200D MA,0.5054468713012599,fresh_selected_holdings_ohlcv,2026-08-13,True,0.0,0.5647415930508864,current_growth_feature_generation,growth_champion_final,growth_v1_exposure_cap_60_dual_trend_filter,True,exact raw pre-signal target captured from expected_returns_model diagnostics
2026-08-13,AGIO,0.1175122331320321,0.1175122331320321,0.0005751660015,37.51488532520465,193.22585631924224,0.001063597346232,0.0004364647087408,,raw_target_return_exact,True,False,True,,missing OHLCV data,missing OHLCV data,False,False,False,,,0,,not_a_final_holding,,,,,,,,,,,,,,,,,False,not_prior_position,new_or_unheld,0.43525840694911355,0.43525840694911355,0.43525840694911355,0.43525840694911355,0.6,0.6,0.6,0.43525840694911355,0.5054468713012599,fresh_selected_holdings_ohlcv,2026-08-13,True,777.6599731445312,702.2683215332031,733.030029296875,649.473754272461,False,False,SPY and QQQ above 200D MA,0.5054468713012599,fresh_selected_holdings_ohlcv,2026-08-13,True,0.0,0.5647415930508864,current_growth_feature_generation,growth_champion_final,growth_v1_exposure_cap_60_dual_trend_filter,True,exact raw pre-signal target captured from expected_returns_model diagnostics
2026-08-13,AGMH,0.3805209600308461,0.3805209600308461,0.0015248162278862,1.3806590350351218,211.6364672021592,0.0010636037526005,-0.0004259299463887,,raw_target_return_exact,True,False,False,"median 60D dollar volume below $50,000,000; 20D average volume below 500,000 shares; current price below $5; 60D annualized volatility above 120%; reverse split/extreme discontinuity suspected","price below $5; median 20D dollar volume below $20,000,000; median 60D dollar volume below $50,000,000; 20D average volume below 500,000 shares; current price below $5; 60D annualized volatility above 120%; reverse split/extreme discontinuity suspected","price below $5; median 20D dollar volume below $20,000,000; median 60D dollar volume below $50,000,000; 20D average volume below 500,000 shares; current price below $5; 60D annualized volatility above 120%; reverse split/extreme discontinuity suspected",True,False,False,55167.0007109642,,753,1.2288969070545257,not_a_final_holding,,,,,,,,,,,,,,,,1.2288969070545257,False,not_prior_position,new_or_unheld,0.43525840694911355,0.43525840694911355,0.43525840694911355,0.43525840694911355,0.6,0.6,0.6,0.43525840694911355,0.5054468713012599,fresh_selected_holdings_ohlcv,2026-08-13,True,777.6599731445312,702.2683215332031,733.030029296875,649.473754272461,False,False,SPY and QQQ above 200D MA,0.5054468713012599,fresh_selected_holdings_ohlcv,2026-08-13,True,0.0,0.5647415930508864,current_growth_feature_generation,growth_champion_final,growth_v1_exposure_cap_60_dual_trend_filter,True,exact raw pre-signal target captured from expected_returns_model diagnostics
2026-08-13,AGNC,0.0495207558010473,0.0495207558010473,0.0005026227561228,11.497499799728391,96.18701524510512,0.001063553846418,2.607463842406585e-05,,raw_target_return_exact,True,False,True,,missing OHLCV data,missing OHLCV data,False,False,False,,,0,,not_a_final_holding,,,,,,,,,,,,,,,,,False,not_prior_position,new_or_unheld,0.43525840694911355,0.43525840694911355,0.43525840694911355,0.43525840694911355,0.6,0.6,0.6,0.43525840694911355,0.5054468713012599,fresh_selected_holdings_ohlcv,2026-08-13,True,777.6599731445312,702.2683215332031,733.030029296875,649.473754272461,False,False,SPY and QQQ above 200D MA,0.5054468713012599,fresh_selected_holdings_ohlcv,2026-08-13,True,0.0,0.5647415930508864,current_growth_feature_generation,growth_champion_final,growth_v1_exposure_cap_60_dual_trend_filter,True,exact raw pre-signal target captured from expected_returns_model diagnostics
2026-08-13,AGNCL,0.05,0.05,0.0008013277692215,26.460000801086423,60.9110427607032,0.001063388840183,-0.0010006094606968,,raw_target_return_exact,True,False,True,,missing OHLCV data,missing OHLCV data,False,False,False,,,0,,not_a_final_holding,,,,,,,,,,,,,,,,,False,not_prior_position,new_or_unheld,0.43525840694911355,0.43525840694911355,0.43525840694911355,0.43525840694911355,0.6,0.6,0.6,0.43525840694911355,0.5054468713012599,fresh_selected_holdings_ohlcv,2026-08-13,True,777.6599731445312,702.2683215332031,733.030029296875,649.473754272461,False,False,SPY and QQQ above 200D MA,0.5054468713012599,fresh_selected_holdings_ohlcv,2026-08-13,True,0.0,0.5647415930508864,current_growth_feature_generation,growth_champion_final,growth_v1_exposure_cap_60_dual_trend_filter,True,exact raw pre-signal target captured from expected_returns_model diagnostics
2026-08-13,AGNCM,0.05,0.05,0.0008187377150286,26.4549599647522,59.6163261114055,0.001063362856817,0.0004242051683891,,raw_target_return_exact,True,False,True,,missing OHLCV data,missing OHLCV data,False,False,False,,,0,,not_a_final_holding,,,,,,,,,,,,,,,,,False,not_prior_position,new_or_unheld,0.43525840694911355,0.43525840694911355,0.43525840694911355,0.43525840694911355,0.6,0.6,0.6,0.43525840694911355,0.5054468713012599,fresh_selected_holdings_ohlcv,2026-08-13,True,777.6599731445312,702.2683215332031,733.030029296875,649.473754272461,False,False,SPY and QQQ above 200D MA,0.5054468713012599,fresh_selected_holdings_ohlcv,2026-08-13,True,0.0,0.5647415930508864,current_growth_feature_generation,growth_champion_final,growth_v1_exposure_cap_60_dual_trend_filter,True,exact raw pre-signal target captured from expected_returns_model diagnostics
2026-08-13,AGNCN,0.05,0.05,0.0008115758815583,27.18449935913086,60.14220119387812,0.0010633741077717,-0.0011679997841938,,raw_target_return_exact,True,False,True,,missing OHLCV data,missing OHLCV data,False,False,False,,,0,,not_a_final_holding,,,,,,,,,,,,,,,,,False,not_prior_position,new_or_unheld,0.43525840694911355,0.43525840694911355,0.43525840694911355,0.43525840694911355,0.6,0.6,0.6,0.43525840694911355,0.5054468713012599,fresh_selected_holdings_ohlcv,2026-08-13,True,777.6599731445312,702.2683215332031,733.030029296875,649.473754272461,False,False,SPY and QQQ above 200D MA,0.5054468713012599,fresh_selected_holdings_ohlcv,2026-08-13,True,0.0,0.5647415930508864,current_growth_feature_generation,growth_champion_final,growth_v1_exposure_cap_60_dual_trend_filter,True,exact raw pre-signal target captured from expected_returns_model diagnostics
2026-08-13,AGNCO,0.05,0.05,0.0008294216243405,26.92199935913086,58.84871306670842,0.001063344380135,0.0001216105449923,,raw_target_return_exact,True,False,True,,missing OHLCV data,missing OHLCV data,False,False,False,,,0,,not_a_final_holding,,,,,,,,,,,,,,,,,False,not_prior_position,new_or_unheld,0.43525840694911355,0.43525840694911355,0.43525840694911355,0.43525840694911355,0.6,0.6,0.6,0.43525840694911355,0.5054468713012599,fresh_selected_holdings_ohlcv,2026-08-13,True,777.6599731445312,702.2683215332031,733.030029296875,649.473754272461,False,False,SPY and QQQ above 200D MA,0.5054468713012599,fresh_selected_holdings_ohlcv,2026-08-13,True,0.0,0.5647415930508864,current_growth_feature_generation,growth_champion_final,growth_v1_exposure_cap_60_dual_trend_filter,True,exact raw pre-signal target captured from expected_returns_model diagnostics
2026-08-13,AGNT,0.0914267251515952,0.0914267251515952,0.0004656902089259,4.807734953283217,187.9063160019878,0.0010635915540469,-0.0001057362157559,,raw_target_return_exact,True,False,True,,missing OHLCV data,missing OHLCV data,False,False,False,,,0,,not_a_final_holding,,,,,,,,,,,,,,,,,False,not_prior_position,new_or_unheld,0.43525840694911355,0.43525840694911355,0.43525840694911355,0.43525840694911355,0.6,0.6,0.6,0.43525840694911355,0.5054468713012599,fresh_selected_holdings_ohlcv,2026-08-13,True,777.6599731445312,702.2683215332031,733.030029296875,649.473754272461,False,False,SPY and QQQ above 200D MA,0.5054468713012599,fresh_selected_holdings_ohlcv,2026-08-13,True,0.0,0.5647415930508864,current_growth_feature_generation,growth_champion_final,growth_v1_exposure_cap_60_dual_trend_filter,True,exact raw pre-signal target captured from expected_returns_model diagnostics
2026-08-13,AGYS,0.0604764920354221,0.0604764920354221,0.0022906782374629,116.54106053228357,25.662947199742504,-0.0009485641461003,2.1910338137893e-05,,raw_target_return_exact,True,False,True,,missing OHLCV data,missing OHLCV data,False,False,False,,,0,,not_a_final_holding,,,,,,,,,,,,,,,,,False,not_prior_position,new_or_unheld,0.43525840694911355,0.43525840694911355,0.43525840694911355,0.43525840694911355,0.6,0.6,0.6,0.43525840694911355,0.5054468713012599,fresh_selected_holdings_ohlcv,2026-08-13,True,777.6599731445312,702.2683215332031,733.030029296875,649.473754272461,False,False,SPY and QQQ above 200D MA,0.5054468713012599,fresh_selected_holdings_ohlcv,2026-08-13,True,0.0,0.5647415930508864,current_growth_feature_generation,growth_champion_final,growth_v1_exposure_cap_60_dual_trend_filter,True,exact raw pre-signal target captured from expected_returns_model diagnostics
2026-08-13,AHCO,0.0601925933471354,0.0601925933471354,0.0003089611374273,6.037797001106057,189.2134815342995,0.0010636001406283,-0.0012239553034135,,raw_target_return_exact,True,False,True,,missing OHLCV data,missing OHLCV data,False,False,False,,,0,,not_a_final_holding,,,,,,,,,,,,,,,,,False,not_prior_position,new_or_unheld,0.43525840694911355,0.43525840694911355,0.43525840694911355,0.43525840694911355,0.6,0.6,0.6,0.43525840694911355,0.5054468713012599,fresh_selected_holdings_ohlcv,2026-08-13,True,777.6599731445312,702.2683215332031,733.030029296875,649.473754272461,False,False,SPY and QQQ above 200D MA,0.5054468713012599,fresh_selected_holdings_ohlcv,2026-08-13,True,0.0,0.5647415930508864,current_growth_feature_generation,growth_champion_final,growth_v1_exposure_cap_60_dual_trend_filter,True,exact raw pre-signal target captured from expected_returns_model diagnostics
2026-08-13,AHG,0.080711377920575,0.080711377920575,0.0004072142316162,1.4805745929044212,190.64979645444024,0.0010635975929123,-0.0004325873172157,,raw_target_return_exact,True,False,False,"median 60D dollar volume below $50,000,000; 20D average volume below 500,000 shares; current price below $5","price below $5; median 20D dollar volume below $20,000,000; median 60D dollar volume below $50,000,000; 20D average volume below 500,000 shares; current price below $5","price below $5; median 20D dollar volume below $20,000,000; median 60D dollar volume below $50,000,000; 20D average volume below 500,000 shares; current price below $5",True,False,False,334411.00734472275,,754,0.8051486484644418,not_a_final_holding,,,,,,,,,,,,,,,,0.8051486484644418,False,not_prior_position,new_or_unheld,0.43525840694911355,0.43525840694911355,0.43525840694911355,0.43525840694911355,0.6,0.6,0.6,0.43525840694911355,0.5054468713012599,fresh_selected_holdings_ohlcv,2026-08-13,True,777.6599731445312,702.2683215332031,733.030029296875,649.473754272461,False,False,SPY and QQQ above 200D MA,0.5054468713012599,fresh_selected_holdings_ohlcv,2026-08-13,True,0.0,0.5647415930508864,current_growth_feature_generation,growth_champion_final,growth_v1_exposure_cap_60_dual_trend_filter,True,exact raw pre-signal target captured from expected_returns_model diagnostics
2026-08-13,AIFA,0.560768642760755,0.560768642760755,0.0168894538635342,4.760344285997054,26.58033465580241,-0.0054401391341891,-0.0001829891075597,,raw_target_return_exact,True,False,False,"median 60D dollar volume below $50,000,000; 20D average volume below 500,000 shares; current price below $5; 60D annualized volatility above 120%","price below $5; median 20D dollar volume below $20,000,000; 20D realized volatility above 150% annualized; suspicious spike/gap behavior; median 60D dollar volume below $50,000,000; 20D average volume below 500,000 shares; current price below $5; 60D annualized volatility above 120%","price below $5; median 20D dollar volume below $20,000,000; 20D realized volatility above 150% annualized; suspicious spike/gap behavior; median 60D dollar volume below $50,000,000; 20D average volume below 500,000 shares; current price below $5; 60D annualized volatility above 120%",True,False,False,103522.62263083458,,753,1.548719918231221,not_a_final_holding,,,,,,,,,,,,,,,,1.548719918231221,False,not_prior_position,new_or_unheld,0.43525840694911355,0.43525840694911355,0.43525840694911355,0.43525840694911355,0.6,0.6,0.6,0.43525840694911355,0.5054468713012599,fresh_selected_holdings_ohlcv,2026-08-13,True,777.6599731445312,702.2683215332031,733.030029296875,649.473754272461,False,False,SPY and QQQ above 200D MA,0.5054468713012599,fresh_selected_holdings_ohlcv,2026-08-13,True,0.0,0.5647415930508864,current_growth_feature_generation,growth_champion_final,growth_v1_exposure_cap_60_dual_trend_filter,True,exact raw pre-signal target captured from expected_returns_model diagnostics
2026-08-13,AIFF,0.1926617270118846,0.1926617270118846,0.0008880499876944,1.3954141694204163,198.48632089083196,0.0010636015070944,-0.0001040801884065,,raw_target_return_exact,True,False,False,"median 60D dollar volume below $50,000,000; 20D average volume below 500,000 shares; current price below $5; reverse split/extreme discontinuity suspected","price below $5; median 20D dollar volume below $20,000,000; median 60D dollar volume below $50,000,000; 20D average volume below 500,000 shares; current price below $5; reverse split/extreme discontinuity suspected","price below $5; median 20D dollar volume below $20,000,000; median 60D dollar volume below $50,000,000; 20D average volume below 500,000 shares; current price below $5; reverse split/extreme discontinuity suspected",True,False,False,275020.00191807747,,510,0.6295352844001622,not_a_final_holding,,,,,,,,,,,,,,,,0.6295352844001622,False,not_prior_position,new_or_unheld,0.43525840694911355,0.43525840694911355,0.43525840694911355,0.43525840694911355,0.6,0.6,0.6,0.43525840694911355,0.5054468713012599,fresh_selected_holdings_ohlcv,2026-08-13,True,777.6599731445312,702.2683215332031,733.030029296875,649.473754272461,False,False,SPY and QQQ above 200D MA,0.5054468713012599,fresh_selected_holdings_ohlcv,2026-08-13,True,0.0,0.5647415930508864,current_growth_feature_generation,growth_champion_final,growth_v1_exposure_cap_60_dual_trend_filter,True,exact raw pre-signal target captured from expected_returns_model diagnostics
2026-08-13,AIHS,0.1112539332820978,0.1112539332820978,0.0042930058329835,1.6668808999231468,24.625011552709168,-0.001438079941763,-0.0010191203176414,,raw_target_return_exact,True,False,False,"median 60D dollar volume below $50,000,000; 20D average volume below 500,000 shares; current price below $5","price below $5; median 20D dollar volume below $20,000,000; median 60D dollar volume below $50,000,000; 20D average volume below 500,000 shares; current price below $5","price below $5; median 20D dollar volume below $20,000,000; median 60D dollar volume below $50,000,000; 20D average volume below 500,000 shares; current price below $5",True,False,False,11091.500353813171,,755,0.6598848124586634,not_a_final_holding,,,,,,,,,,,,,,,,0.6598848124586634,False,not_prior_position,new_or_unheld,0.43525840694911355,0.43525840694911355,0.43525840694911355,0.43525840694911355,0.6,0.6,0.6,0.43525840694911355,0.5054468713012599,fresh_selected_holdings_ohlcv,2026-08-13,True,777.6599731445312,702.2683215332031,733.030029296875,649.473754272461,False,False,SPY and QQQ above 200D MA,0.5054468713012599,fresh_selected_holdings_ohlcv,2026-08-13,True,0.0,0.5647415930508864,current_growth_feature_generation,growth_champion_final,growth_v1_exposure_cap_60_dual_trend_filter,True,exact raw pre-signal target captured from expected_returns_model diagnostics
2026-08-13,AIIO,0.2195947745658883,0.2195947745658883,0.0009912432277983,3.6831761959270586,200.3716342196122,0.0046690592797658,0.0001913256194166,,raw_target_return_exact,True,False,False,"median 60D dollar volume below $50,000,000; current price below $5; 60D annualized volatility above 120%; reverse split/extreme discontinuity suspected","price below $5; median 20D dollar volume below $20,000,000; 1D absolute move above 80% in last 60D; suspicious spike/gap behavior; median 60D dollar volume below $50,000,000; current price below $5; 60D annualized volatility above 120%; reverse split/extreme discontinuity suspected","price below $5; median 20D dollar volume below $20,000,000; 1D absolute move above 80% in last 60D; suspicious spike/gap behavior; median 60D dollar volume below $50,000,000; current price below $5; 60D annualized volatility above 120%; reverse split/extreme discontinuity suspected",True,False,False,5951409.045052528,,784,3.736015697078977,not_a_final_holding,,,,,,,,,,,,,,,,3.736015697078977,False,not_prior_position,new_or_unheld,0.43525840694911355,0.43525840694911355,0.43525840694911355,0.43525840694911355,0.6,0.6,0.6,0.43525840694911355,0.5054468713012599,fresh_selected_holdings_ohlcv,2026-08-13,True,777.6599731445312,702.2683215332031,733.030029296875,649.473754272461,False,False,SPY and QQQ above 200D MA,0.5054468713012599,fresh_selected_holdings_ohlcv,2026-08-13,True,0.0,0.5647415930508864,current_growth_feature_generation,growth_champion_final,growth_v1_exposure_cap_60_dual_trend_filter,True,exact raw pre-signal target captured from expected_returns_model diagnostics
2026-08-13,AIMD,0.1324161382785011,0.1324161382785011,0.0006403144657436,1.6306793039184129,194.26912967949508,0.0025633053465185,-5.6679967282522e-05,,raw_target_return_exact,True,False,True,,missing OHLCV data,missing OHLCV data,False,False,False,,,0,,not_a_final_holding,,,,,,,,,,,,,,,,,False,not_prior_position,new_or_unheld,0.43525840694911355,0.43525840694911355,0.43525840694911355,0.43525840694911355,0.6,0.6,0.6,0.43525840694911355,0.5054468713012599,fresh_selected_holdings_ohlcv,2026-08-13,True,777.6599731445312,702.2683215332031,733.030029296875,649.473754272461,False,False,SPY and QQQ above 200D MA,0.5054468713012599,fresh_selected_holdings_ohlcv,2026-08-13,True,0.0,0.5647415930508864,current_growth_feature_generation,growth_champion_final,growth_v1_exposure_cap_60_dual_trend_filter,True,exact raw pre-signal target captured from expected_returns_model diagnostics
2026-08-13,AIOS,0.1817697515255469,0.1817697515255469,0.0008450352996933,14.358502030226012,197.7238826067883,0.0015421100394222,-0.0004533137814263,,raw_target_return_exact,True,False,False,"median 60D dollar volume below $50,000,000; 20D average volume below 500,000 shares; 60D annualized volatility above 120%; reverse split/extreme discontinuity suspected","median 20D dollar volume below $20,000,000; 1D absolute move above 80% in last 60D; suspicious spike/gap behavior; median 60D dollar volume below $50,000,000; 20D average volume below 500,000 shares; 60D annualized volatility above 120%; reverse split/extreme discontinuity suspected","median 20D dollar volume below $20,000,000; 1D absolute move above 80% in last 60D; suspicious spike/gap behavior; median 60D dollar volume below $50,000,000; 20D average volume below 500,000 shares; 60D annualized volatility above 120%; reverse split/extreme discontinuity suspected",True,False,False,500514.00747299194,,775,3.159303994024965,not_a_final_holding,,,,,,,,,,,,,,,,3.159303994024965,False,not_prior_position,new_or_unheld,0.43525840694911355,0.43525840694911355,0.43525840694911355,0.43525840694911355,0.6,0.6,0.6,0.43525840694911355,0.5054468713012599,fresh_selected_holdings_ohlcv,2026-08-13,True,777.6599731445312,702.2683215332031,733.030029296875,649.473754272461,False,False,SPY and QQQ above 200D MA,0.5054468713012599,fresh_selected_holdings_ohlcv,2026-08-13,True,0.0,0.5647415930508864,current_growth_feature_generation,growth_champion_final,growth_v1_exposure_cap_60_dual_trend_filter,True,exact raw pre-signal target captured from expected_returns_model diagnostics
2026-08-13,AIOT,0.0635476437780444,0.0635476437780444,0.0003252610946553,3.312950920511389,189.44833506446312,0.0010636028655619,-0.0003253080721224,,raw_target_return_exact,True,False,True,,missing OHLCV data,missing OHLCV data,False,False,False,,,0,,not_a_final_holding,,,,,,,,,,,,,,,,,False,not_prior_position,new_or_unheld,0.43525840694911355,0.43525840694911355,0.43525840694911355,0.43525840694911355,0.6,0.6,0.6,0.43525840694911355,0.5054468713012599,fresh_selected_holdings_ohlcv,2026-08-13,True,777.6599731445312,702.2683215332031,733.030029296875,649.473754272461,False,False,SPY and QQQ above 200D MA,0.5054468713012599,fresh_selected_holdings_ohlcv,2026-08-13,True,0.0,0.5647415930508864,current_growth_feature_generation,growth_champion_final,growth_v1_exposure_cap_60_dual_trend_filter,True,exact raw pre-signal target captured from expected_returns_model diagnostics
2026-08-13,AIRE,0.1964670503886116,0.1964670503886116,0.0009029012507246,1.854523871050353,198.7526935272028,0.0010636007482987,-9.799411306635876e-05,,raw_target_return_exact,True,False,False,"median 60D dollar volume below $50,000,000; 20D average volume below 500,000 shares; current price below $5; 60D annualized volatility above 120%; reverse split/extreme discontinuity suspected","price below $5; median 20D dollar volume below $20,000,000; missing OHLCV data above 5%; median 60D dollar volume below $50,000,000; 20D average volume below 500,000 shares; current price below $5; 60D annualized volatility above 120%; reverse split/extreme discontinuity suspected","price below $5; median 20D dollar volume below $20,000,000; missing OHLCV data above 5%; median 60D dollar volume below $50,000,000; 20D average volume below 500,000 shares; current price below $5; 60D annualized volatility above 120%; reverse split/extreme discontinuity suspected",True,False,False,185485.49630641937,,771,1.2195461673526593,not_a_final_holding,,,,,,,,,,,,,,,,1.2195461673526593,False,not_prior_position,new_or_unheld,0.43525840694911355,0.43525840694911355,0.43525840694911355,0.43525840694911355,0.6,0.6,0.6,0.43525840694911355,0.5054468713012599,fresh_selected_holdings_ohlcv,2026-08-13,True,777.6599731445312,702.2683215332031,733.030029296875,649.473754272461,False,False,SPY and QQQ above 200D MA,0.5054468713012599,fresh_selected_holdings_ohlcv,2026-08-13,True,0.0,0.5647415930508864,current_growth_feature_generation,growth_champion_final,growth_v1_exposure_cap_60_dual_trend_filter,True,exact raw pre-signal target captured from expected_returns_model diagnostics
2026-08-13,AIRG,0.0546907616921628,0.0546907616921628,0.0003279422860578,5.568767443017547,162.395457796714,0.0010635874605955,-0.0011550852251474,,raw_target_return_exact,True,False,True,,missing OHLCV data,missing OHLCV data,False,False,False,,,0,,not_a_final_holding,,,,,,,,,,,,,,,,,False,not_prior_position,new_or_unheld,0.43525840694911355,0.43525840694911355,0.43525840694911355,0.43525840694911355,0.6,0.6,0.6,0.43525840694911355,0.5054468713012599,fresh_selected_holdings_ohlcv,2026-08-13,True,777.6599731445312,702.2683215332031,733.030029296875,649.473754272461,False,False,SPY and QQQ above 200D MA,0.5054468713012599,fresh_selected_holdings_ohlcv,2026-08-13,True,0.0,0.5647415930508864,current_growth_feature_generation,growth_champion_final,growth_v1_exposure_cap_60_dual_trend_filter,True,exact raw pre-signal target captured from expected_returns_model diagnostics
2026-08-13,AIRJ,0.1935309884534983,0.1935309884534983,0.0136769644343488,7.638598439926374,13.023593821570255,-0.0089582607840413,0.0023635363751573,,raw_target_return_exact,True,False,False,"median 60D dollar volume below $50,000,000; 60D annualized volatility above 120%","median 20D dollar volume below $20,000,000; median 60D dollar volume below $50,000,000; 60D annualized volatility above 120%","median 20D dollar volume below $20,000,000; median 60D dollar volume below $50,000,000; 60D annualized volatility above 120%",True,False,False,5921862.062048912,,513,1.222139372747824,not_a_final_holding,,,,,,,,,,,,,,,,1.222139372747824,False,not_prior_position,new_or_unheld,0.43525840694911355,0.43525840694911355,0.43525840694911355,0.43525840694911355,0.6,0.6,0.6,0.43525840694911355,0.5054468713012599,fresh_selected_holdings_ohlcv,2026-08-13,True,777.6599731445312,702.2683215332031,733.030029296875,649.473754272461,False,False,SPY and QQQ above 200D MA,0.5054468713012599,fresh_selected_holdings_ohlcv,2026-08-13,True,0.0,0.5647415930508864,current_growth_feature_generation,growth_champion_final,growth_v1_exposure_cap_60_dual_trend_filter,True,exact raw pre-signal target captured from expected_returns_model diagnostics
2026-08-13,AIRO,0.3939580496892216,0.3939580496892216,0.0193085123493588,14.859592596985983,17.367657635757837,-0.0099435228863536,0.0069882227101373,,raw_target_return_exact,True,False,False,"median 60D dollar volume below $50,000,000; 20D average volume below 500,000 shares; less than 2 years of trading history","median 20D dollar volume below $20,000,000; median 60D dollar volume below $50,000,000; 20D average volume below 500,000 shares; less than 2 years of trading history","median 20D dollar volume below $20,000,000; median 60D dollar volume below $50,000,000; 20D average volume below 500,000 shares; less than 2 years of trading history",True,False,False,3317060.9904289246,,278,0.9068713631825668,not_a_final_holding,,,,,,,,,,,,,,,,0.9068713631825668,False,not_prior_position,new_or_unheld,0.43525840694911355,0.43525840694911355,0.43525840694911355,0.43525840694911355,0.6,0.6,0.6,0.43525840694911355,0.5054468713012599,fresh_selected_holdings_ohlcv,2026-08-13,True,777.6599731445312,702.2683215332031,733.030029296875,649.473754272461,False,False,SPY and QQQ above 200D MA,0.5054468713012599,fresh_selected_holdings_ohlcv,2026-08-13,True,0.0,0.5647415930508864,current_growth_feature_generation,growth_champion_final,growth_v1_exposure_cap_60_dual_trend_filter,True,exact raw pre-signal target captured from expected_returns_model diagnostics
2026-08-13,AIRS,0.1286428551121301,0.1286428551121301,0.0006239718005836,3.7719244303956008,194.0049998578491,0.001063604674806,0.0002003456396417,,raw_target_return_exact,True,False,False,"median 60D dollar volume below $50,000,000; 20D average volume below 500,000 shares; current price below $5; less than 2 years of trading history","price below $5; median 20D dollar volume below $20,000,000; median 60D dollar volume below $50,000,000; 20D average volume below 500,000 shares; current price below $5; less than 2 years of trading history","price below $5; median 20D dollar volume below $20,000,000; median 60D dollar volume below $50,000,000; 20D average volume below 500,000 shares; current price below $5; less than 2 years of trading history",True,False,False,2910928.4167528152,,502,0.8430558940740808,not_a_final_holding,,,,,,,,,,,,,,,,0.8430558940740808,False,not_prior_position,new_or_unheld,0.43525840694911355,0.43525840694911355,0.43525840694911355,0.43525840694911355,0.6,0.6,0.6,0.43525840694911355,0.5054468713012599,fresh_selected_holdings_ohlcv,2026-08-13,True,777.6599731445312,702.2683215332031,733.030029296875,649.473754272461,False,False,SPY and QQQ above 200D MA,0.5054468713012599,fresh_selected_holdings_ohlcv,2026-08-13,True,0.0,0.5647415930508864,current_growth_feature_generation,growth_champion_final,growth_v1_exposure_cap_60_dual_trend_filter,True,exact raw pre-signal target captured from expected_returns_model diagnostics
2026-08-13,AIXC,0.1403177640882651,0.1403177640882651,0.0006742106083226,0.8410984153075081,194.82224348617856,0.0010636008304396,0.0001027823179821,,raw_target_return_exact,True,False,False,"median 60D dollar volume below $50,000,000; 20D average volume below 500,000 shares; current price below $5; less than 2 years of trading history; reverse split/extreme discontinuity suspected","price below $5; median 20D dollar volume below $20,000,000; median 60D dollar volume below $50,000,000; 20D average volume below 500,000 shares; current price below $5; less than 2 years of trading history; reverse split/extreme discontinuity suspected","price below $5; median 20D dollar volume below $20,000,000; median 60D dollar volume below $50,000,000; 20D average volume below 500,000 shares; current price below $5; less than 2 years of trading history; reverse split/extreme discontinuity suspected",True,False,False,44396.998846530914,,501,0.9563295719502687,not_a_final_holding,,,,,,,,,,,,,,,,0.9563295719502687,False,not_prior_position,new_or_unheld,0.43525840694911355,0.43525840694911355,0.43525840694911355,0.43525840694911355,0.6,0.6,0.6,0.43525840694911355,0.5054468713012599,fresh_selected_holdings_ohlcv,2026-08-13,True,777.6599731445312,702.2683215332031,733.030029296875,649.473754272461,False,False,SPY and QQQ above 200D MA,0.5054468713012599,fresh_selected_holdings_ohlcv,2026-08-13,True,0.0,0.5647415930508864,current_growth_feature_generation,growth_champion_final,growth_v1_exposure_cap_60_dual_trend_filter,True,exact raw pre-signal target captured from expected_returns_model diagnostics
2026-08-13,AIXI,0.5571654557734884,0.5571654557734884,0.0019790272366266,1.3438337504642883,224.0015819041442,0.0019963804401009,0.0004641614141026,,raw_target_return_exact,True,False,False,"median 60D dollar volume below $50,000,000; current price below $5; 60D annualized volatility above 120%; reverse split/extreme discontinuity suspected","manual blacklist: unstable/low-quality growth paper ticker; price below $5; median 20D dollar volume below $20,000,000; suspicious spike/gap behavior; median 60D dollar volume below $50,000,000; current price below $5; 60D annualized volatility above 120%; reverse split/extreme discontinuity suspected","manual blacklist: unstable/low-quality growth paper ticker; price below $5; median 20D dollar volume below $20,000,000; suspicious spike/gap behavior; median 60D dollar volume below $50,000,000; current price below $5; 60D annualized volatility above 120%; reverse split/extreme discontinuity suspected",True,False,False,1276084.9884986877,,520,1.6075055544705654,not_a_final_holding,,,,,,,,,,,,,,,,1.6075055544705654,False,not_prior_position,new_or_unheld,0.43525840694911355,0.43525840694911355,0.43525840694911355,0.43525840694911355,0.6,0.6,0.6,0.43525840694911355,0.5054468713012599,fresh_selected_holdings_ohlcv,2026-08-13,True,777.6599731445312,702.2683215332031,733.030029296875,649.473754272461,False,False,SPY and QQQ above 200D MA,0.5054468713012599,fresh_selected_holdings_ohlcv,2026-08-13,True,0.0,0.5647415930508864,current_growth_feature_generation,growth_champion_final,growth_v1_exposure_cap_60_dual_trend_filter,True,exact raw pre-signal target captured from expected_returns_model diagnostics
2026-08-13,AKAM,0.1019434743291145,0.1019434743291145,0.0005212185396856,137.5115271703896,186.295584031942,0.0010635911995342,0.0001091928172404,,raw_target_return_exact,True,False,True,,missing OHLCV data,missing OHLCV data,False,False,False,,,0,,not_a_final_holding,,,,,,,,,,,,,,,,,False,not_prior_position,new_or_unheld,0.43525840694911355,0.43525840694911355,0.43525840694911355,0.43525840694911355,0.6,0.6,0.6,0.43525840694911355,0.5054468713012599,fresh_selected_holdings_ohlcv,2026-08-13,True,777.6599731445312,702.2683215332031,733.030029296875,649.473754272461,False,False,SPY and QQQ above 200D MA,0.5054468713012599,fresh_selected_holdings_ohlcv,2026-08-13,True,0.0,0.5647415930508864,current_growth_feature_generation,growth_champion_final,growth_v1_exposure_cap_60_dual_trend_filter,True,exact raw pre-signal target captured from expected_returns_model diagnostics
2026-08-13,AKBA,0.0735118577577242,0.0735118577577242,0.0003731273901159,0.9314862182960076,190.1458300430407,0.0010635982243351,-0.0011490901918586,,raw_target_return_exact,True,False,False,"median 60D dollar volume below $50,000,000; current price below $5","price below $5; median 20D dollar volume below $20,000,000; median 60D dollar volume below $50,000,000; current price below $5","price below $5; median 20D dollar volume below $20,000,000; median 60D dollar volume below $50,000,000; current price below $5",True,False,False,4213813.423269987,,773,0.8775592511359296,not_a_final_holding,,,,,,,,,,,,,,,,0.8775592511359296,False,not_prior_position,new_or_unheld,0.43525840694911355,0.43525840694911355,0.43525840694911355,0.43525840694911355,0.6,0.6,0.6,0.43525840694911355,0.5054468713012599,fresh_selected_holdings_ohlcv,2026-08-13,True,777.6599731445312,702.2683215332031,733.030029296875,649.473754272461,False,False,SPY and QQQ above 200D MA,0.5054468713012599,fresh_selected_holdings_ohlcv,2026-08-13,True,0.0,0.5647415930508864,current_growth_feature_generation,growth_champion_final,growth_v1_exposure_cap_60_dual_trend_filter,True,exact raw pre-signal target captured from expected_returns_model diagnostics
2026-08-13,AKTX,0.2810494878838405,0.2810494878838405,0.0012108534785659,9.050614705201571,204.67346415186884,0.0024835028158488,0.0002813313951067,,raw_target_return_exact,True,False,False,"median 60D dollar volume below $50,000,000; 20D average volume below 500,000 shares; 60D annualized volatility above 120%; reverse split/extreme discontinuity suspected","median 20D dollar volume below $20,000,000; 1D absolute move above 80% in last 60D; suspicious spike/gap behavior; median 60D dollar volume below $50,000,000; 20D average volume below 500,000 shares; 60D annualized volatility above 120%; reverse split/extreme discontinuity suspected","median 20D dollar volume below $20,000,000; 1D absolute move above 80% in last 60D; suspicious spike/gap behavior; median 60D dollar volume below $50,000,000; 20D average volume below 500,000 shares; 60D annualized volatility above 120%; reverse split/extreme discontinuity suspected",True,False,False,573104.9981117249,,783,5.6305521566856,not_a_final_holding,,,,,,,,,,,,,,,,5.6305521566856,False,not_prior_position,new_or_unheld,0.43525840694911355,0.43525840694911355,0.43525840694911355,0.43525840694911355,0.6,0.6,0.6,0.43525840694911355,0.5054468713012599,fresh_selected_holdings_ohlcv,2026-08-13,True,777.6599731445312,702.2683215332031,733.030029296875,649.473754272461,False,False,SPY and QQQ above 200D MA,0.5054468713012599,fresh_selected_holdings_ohlcv,2026-08-13,True,0.0,0.5647415930508864,current_growth_feature_generation,growth_champion_final,growth_v1_exposure_cap_60_dual_trend_filter,True,exact raw pre-signal target captured from expected_returns_model diagnostics
2026-08-13,ALAB,0.0997586423764831,0.0997586423764831,0.0069700188787422,359.082205062176,13.690314167114837,-0.0045258591384481,-0.00043162574704,,raw_target_return_exact,True,False,True,,missing OHLCV data above 5%,missing OHLCV data above 5%,True,False,False,1368932299.6368408,,752,1.009665825645492,not_a_final_holding,,,,,,,,,,,,,,,,1.009665825645492,False,not_prior_position,new_or_unheld,0.43525840694911355,0.43525840694911355,0.43525840694911355,0.43525840694911355,0.6,0.6,0.6,0.43525840694911355,0.5054468713012599,fresh_selected_holdings_ohlcv,2026-08-13,True,777.6599731445312,702.2683215332031,733.030029296875,649.473754272461,False,False,SPY and QQQ above 200D MA,0.5054468713012599,fresh_selected_holdings_ohlcv,2026-08-13,True,0.0,0.5647415930508864,current_growth_feature_generation,growth_champion_final,growth_v1_exposure_cap_60_dual_trend_filter,True,exact raw pre-signal target captured from expected_returns_model diagnostics
2026-08-13,ALCO,0.0742429355924039,0.0742429355924039,0.0052771067805683,44.344747069922725,13.606881162245532,-0.0007273342997998,9.12842043839352e-05,,raw_target_return_exact,True,False,True,,missing OHLCV data,missing OHLCV data,False,False,False,,,0,,not_a_final_holding,,,,,,,,,,,,,,,,,False,not_prior_position,new_or_unheld,0.43525840694911355,0.43525840694911355,0.43525840694911355,0.43525840694911355,0.6,0.6,0.6,0.43525840694911355,0.5054468713012599,fresh_selected_holdings_ohlcv,2026-08-13,True,777.6599731445312,702.2683215332031,733.030029296875,649.473754272461,False,False,SPY and QQQ above 200D MA,0.5054468713012599,fresh_selected_holdings_ohlcv,2026-08-13,True,0.0,0.5647415930508864,current_growth_feature_generation,growth_champion_final,growth_v1_exposure_cap_60_dual_trend_filter,True,exact raw pre-signal target captured from expected_returns_model diagnostics
2026-08-13,ALDF,0.05,0.05,0.0009006499121291,11.318999719619752,54.196565884263386,0.0010631257595319,-0.0010333329580842,,raw_target_return_exact,True,False,True,,missing OHLCV data,missing OHLCV data,False,False,False,,,0,,not_a_final_holding,,,,,,,,,,,,,,,,,False,not_prior_position,new_or_unheld,0.43525840694911355,0.43525840694911355,0.43525840694911355,0.43525840694911355,0.6,0.6,0.6,0.43525840694911355,0.5054468713012599,fresh_selected_holdings_ohlcv,2026-08-13,True,777.6599731445312,702.2683215332031,733.030029296875,649.473754272461,False,False,SPY and QQQ above 200D MA,0.5054468713012599,fresh_selected_holdings_ohlcv,2026-08-13,True,0.0,0.5647415930508864,current_growth_feature_generation,growth_champion_final,growth_v1_exposure_cap_60_dual_trend_filter,True,exact raw pre-signal target captured from expected_returns_model diagnostics
2026-08-13,ALDX,0.1065358751311558,0.1065358751311558,0.0005261469464901,1.6874671831931416,192.4575112591809,0.0025254482012888,5.890710846523286e-07,,raw_target_return_exact,True,False,False,"median 60D dollar volume below $50,000,000; current price below $5","price below $5; median 20D dollar volume below $20,000,000; median 60D dollar volume below $50,000,000; current price below $5","price below $5; median 20D dollar volume below $20,000,000; median 60D dollar volume below $50,000,000; current price below $5",True,False,False,1937314.0132784843,,752,0.7820778414402335,not_a_final_holding,,,,,,,,,,,,,,,,0.7820778414402335,False,not_prior_position,new_or_unheld,0.43525840694911355,0.43525840694911355,0.43525840694911355,0.43525840694911355,0.6,0.6,0.6,0.43525840694911355,0.5054468713012599,fresh_selected_holdings_ohlcv,2026-08-13,True,777.6599731445312,702.2683215332031,733.030029296875,649.473754272461,False,False,SPY and QQQ above 200D MA,0.5054468713012599,fresh_selected_holdings_ohlcv,2026-08-13,True,0.0,0.5647415930508864,current_growth_feature_generation,growth_champion_final,growth_v1_exposure_cap_60_dual_trend_filter,True,exact raw pre-signal target captured from expected_returns_model diagnostics
2026-08-13,ALEC,0.2559282256784694,0.2559282256784694,0.0090889346400042,2.568373317332189,25.185452292850663,-0.0026712464418642,0.0002636371474206,,raw_target_return_exact,True,False,False,"median 60D dollar volume below $50,000,000; current price below $5","price below $5; median 20D dollar volume below $20,000,000; median 60D dollar volume below $50,000,000; current price below $5","price below $5; median 20D dollar volume below $20,000,000; median 60D dollar volume below $50,000,000; current price below $5",True,False,False,1073853.0089735985,,753,0.8120620043080193,not_a_final_holding,,,,,,,,,,,,,,,,0.8120620043080193,False,not_prior_position,new_or_unheld,0.43525840694911355,0.43525840694911355,0.43525840694911355,0.43525840694911355,0.6,0.6,0.6,0.43525840694911355,0.5054468713012599,fresh_selected_holdings_ohlcv,2026-08-13,True,777.6599731445312,702.2683215332031,733.030029296875,649.473754272461,False,False,SPY and QQQ above 200D MA,0.5054468713012599,fresh_selected_holdings_ohlcv,2026-08-13,True,0.0,0.5647415930508864,current_growth_feature_generation,growth_champion_final,growth_v1_exposure_cap_60_dual_trend_filter,True,exact raw pre-signal target captured from expected_returns_model diagnostics
2026-08-13,ALF,0.05,0.05,0.0008489883891404,11.382000160217286,57.49297988744507,0.0010633040374192,-0.0004979360746116,,raw_target_return_exact,True,False,True,,missing OHLCV data,missing OHLCV data,False,False,False,,,0,,not_a_final_holding,,,,,,,,,,,,,,,,,False,not_prior_position,new_or_unheld,0.43525840694911355,0.43525840694911355,0.43525840694911355,0.43525840694911355,0.6,0.6,0.6,0.43525840694911355,0.5054468713012599,fresh_selected_holdings_ohlcv,2026-08-13,True,777.6599731445312,702.2683215332031,733.030029296875,649.473754272461,False,False,SPY and QQQ above 200D MA,0.5054468713012599,fresh_selected_holdings_ohlcv,2026-08-13,True,0.0,0.5647415930508864,current_growth_feature_generation,growth_champion_final,growth_v1_exposure_cap_60_dual_trend_filter,True,exact raw pre-signal target captured from expected_returns_model diagnostics
2026-08-13,ALGM,0.1067398871656095,0.1067398871656095,0.0005270662204148,49.24992497886962,192.47179210159263,0.0010635984381254,-3.2977654087675955e-05,,raw_target_return_exact,True,False,True,,missing OHLCV data,missing OHLCV data,False,False,False,,,0,,not_a_final_holding,,,,,,,,,,,,,,,,,False,not_prior_position,new_or_unheld,0.43525840694911355,0.43525840694911355,0.43525840694911355,0.43525840694911355,0.6,0.6,0.6,0.43525840694911355,0.5054468713012599,fresh_selected_holdings_ohlcv,2026-08-13,True,777.6599731445312,702.2683215332031,733.030029296875,649.473754272461,False,False,SPY and QQQ above 200D MA,0.5054468713012599,fresh_selected_holdings_ohlcv,2026-08-13,True,0.0,0.5647415930508864,current_growth_feature_generation,growth_champion_final,growth_v1_exposure_cap_60_dual_trend_filter,True,exact raw pre-signal target captured from expected_returns_model diagnostics
2026-08-13,ALGN,0.0490652534737166,0.0490652534737166,0.0003278472053809,182.65275192260745,146.12717002586086,0.0010635835023076,-0.0003267676461773,,raw_target_return_exact,True,False,True,,missing OHLCV data,missing OHLCV data,False,False,False,,,0,,not_a_final_holding,,,,,,,,,,,,,,,,,False,not_prior_position,new_or_unheld,0.43525840694911355,0.43525840694911355,0.43525840694911355,0.43525840694911355,0.6,0.6,0.6,0.43525840694911355,0.5054468713012599,fresh_selected_holdings_ohlcv,2026-08-13,True,777.6599731445312,702.2683215332031,733.030029296875,649.473754272461,False,False,SPY and QQQ above 200D MA,0.5054468713012599,fresh_selected_holdings_ohlcv,2026-08-13,True,0.0,0.5647415930508864,current_growth_feature_generation,growth_champion_final,growth_v1_exposure_cap_60_dual_trend_filter,True,exact raw pre-signal target captured from expected_returns_model diagnostics
2026-08-13,ALGS,0.2612506935603713,0.2612506935603713,0.0011424034434379,8.626954936404523,203.287548549226,0.0010636001383957,-0.0001704511139608,,raw_target_return_exact,True,False,False,"median 60D dollar volume below $50,000,000; 20D average volume below 500,000 shares","median 20D dollar volume below $20,000,000; median 60D dollar volume below $50,000,000; 20D average volume below 500,000 shares","median 20D dollar volume below $20,000,000; median 60D dollar volume below $50,000,000; 20D average volume below 500,000 shares",True,False,False,719982.9811573029,,754,0.796901124655242,not_a_final_holding,,,,,,,,,,,,,,,,0.796901124655242,False,not_prior_position,new_or_unheld,0.43525840694911355,0.43525840694911355,0.43525840694911355,0.43525840694911355,0.6,0.6,0.6,0.43525840694911355,0.5054468713012599,fresh_selected_holdings_ohlcv,2026-08-13,True,777.6599731445312,702.2683215332031,733.030029296875,649.473754272461,False,False,SPY and QQQ above 200D MA,0.5054468713012599,fresh_selected_holdings_ohlcv,2026-08-13,True,0.0,0.5647415930508864,current_growth_feature_generation,growth_champion_final,growth_v1_exposure_cap_60_dual_trend_filter,True,exact raw pre-signal target captured from expected_returns_model diagnostics
2026-08-13,ALGT,0.0622035744635329,0.0622035744635329,0.0003187423092965,92.80472921830813,189.3542502124473,0.0010635952742894,-0.0003492618448564,,raw_target_return_exact,True,False,True,,missing OHLCV data,missing OHLCV data,False,False,False,,,0,,not_a_final_holding,,,,,,,,,,,,,,,,,False,not_prior_position,new_or_unheld,0.43525840694911355,0.43525840694911355,0.43525840694911355,0.43525840694911355,0.6,0.6,0.6,0.43525840694911355,0.5054468713012599,fresh_selected_holdings_ohlcv,2026-08-13,True,777.6599731445312,702.2683215332031,733.030029296875,649.473754272461,False,False,SPY and QQQ above 200D MA,0.5054468713012599,fresh_selected_holdings_ohlcv,2026-08-13,True,0.0,0.5647415930508864,current_growth_feature_generation,growth_champion_final,growth_v1_exposure_cap_60_dual_trend_filter,True,exact raw pre-signal target captured from expected_returns_model diagnostics
2026-08-13,ALHC,0.0589372524301199,0.0589372524301199,0.0003028383335024,14.36448338486682,189.1256076701084,0.0033386818634569,0.0004767635923565,,raw_target_return_exact,True,False,True,,missing OHLCV data,missing OHLCV data,False,False,False,,,0,,not_a_final_holding,,,,,,,,,,,,,,,,,False,not_prior_position,new_or_unheld,0.43525840694911355,0.43525840694911355,0.43525840694911355,0.43525840694911355,0.6,0.6,0.6,0.43525840694911355,0.5054468713012599,fresh_selected_holdings_ohlcv,2026-08-13,True,777.6599731445312,702.2683215332031,733.030029296875,649.473754272461,False,False,SPY and QQQ above 200D MA,0.5054468713012599,fresh_selected_holdings_ohlcv,2026-08-13,True,0.0,0.5647415930508864,current_growth_feature_generation,growth_champion_final,growth_v1_exposure_cap_60_dual_trend_filter,True,exact raw pre-signal target captured from expected_returns_model diagnostics
2026-08-13,ALKS,0.0512221007064661,0.0512221007064661,0.0049647169569115,51.93562660217285,10.086635975826438,-0.0026210405484814,0.0001552543953747,,raw_target_return_exact,True,False,True,,missing OHLCV data,missing OHLCV data,False,False,False,,,0,,not_a_final_holding,,,,,,,,,,,,,,,,,False,not_prior_position,new_or_unheld,0.43525840694911355,0.43525840694911355,0.43525840694911355,0.43525840694911355,0.6,0.6,0.6,0.43525840694911355,0.5054468713012599,fresh_selected_holdings_ohlcv,2026-08-13,True,777.6599731445312,702.2683215332031,733.030029296875,649.473754272461,False,False,SPY and QQQ above 200D MA,0.5054468713012599,fresh_selected_holdings_ohlcv,2026-08-13,True,0.0,0.5647415930508864,current_growth_feature_generation,growth_champion_final,growth_v1_exposure_cap_60_dual_trend_filter,True,exact raw pre-signal target captured from expected_returns_model diagnostics
2026-08-13,ALKT,0.0984277571918641,0.0984277571918641,0.0061708057116909,22.572689572258938,15.260439280816843,-0.0035208056021936,0.0003958903508073,,raw_target_return_exact,True,False,True,,missing OHLCV data,missing OHLCV data,False,False,False,,,0,,not_a_final_holding,,,,,,,,,,,,,,,,,False,not_prior_position,new_or_unheld,0.43525840694911355,0.43525840694911355,0.43525840694911355,0.43525840694911355,0.6,0.6,0.6,0.43525840694911355,0.5054468713012599,fresh_selected_holdings_ohlcv,2026-08-13,True,777.6599731445312,702.2683215332031,733.030029296875,649.473754272461,False,False,SPY and QQQ above 200D MA,0.5054468713012599,fresh_selected_holdings_ohlcv,2026-08-13,True,0.0,0.5647415930508864,current_growth_feature_generation,growth_champion_final,growth_v1_exposure_cap_60_dual_trend_filter,True,exact raw pre-signal target captured from expected_returns_model diagnostics
2026-08-13,ALLO,0.0867776655982921,0.0867776655982921,0.0004356164711372,2.195290863779911,191.07443659188044,0.0010635941544605,-0.0010667828929014,,raw_target_return_exact,True,False,True,,missing OHLCV data,missing OHLCV data,False,False,False,,,0,,not_a_final_holding,,,,,,,,,,,,,,,,,False,not_prior_position,new_or_unheld,0.43525840694911355,0.43525840694911355,0.43525840694911355,0.43525840694911355,0.6,0.6,0.6,0.43525840694911355,0.5054468713012599,fresh_selected_holdings_ohlcv,2026-08-13,True,777.6599731445312,702.2683215332031,733.030029296875,649.473754272461,False,False,SPY and QQQ above 200D MA,0.5054468713012599,fresh_selected_holdings_ohlcv,2026-08-13,True,0.0,0.5647415930508864,current_growth_feature_generation,growth_champion_final,growth_v1_exposure_cap_60_dual_trend_filter,True,exact raw pre-signal target captured from expected_returns_model diagnostics
2026-08-13,ALLT,0.069586312688511,0.069586312688511,0.0003543661431348,8.449731972242937,189.87104188819575,0.0011441365821015,-0.0010517393660907,,raw_target_return_exact,True,False,True,,missing OHLCV data,missing OHLCV data,False,False,False,,,0,,not_a_final_holding,,,,,,,,,,,,,,,,,False,not_prior_position,new_or_unheld,0.43525840694911355,0.43525840694911355,0.43525840694911355,0.43525840694911355,0.6,0.6,0.6,0.43525840694911355,0.5054468713012599,fresh_selected_holdings_ohlcv,2026-08-13,True,777.6599731445312,702.2683215332031,733.030029296875,649.473754272461,False,False,SPY and QQQ above 200D MA,0.5054468713012599,fresh_selected_holdings_ohlcv,2026-08-13,True,0.0,0.5647415930508864,current_growth_feature_generation,growth_champion_final,growth_v1_exposure_cap_60_dual_trend_filter,True,exact raw pre-signal target captured from expected_returns_model diagnostics
2026-08-13,ALM,0.1450999624198732,0.1450999624198732,0.0006945125382438,16.12300738350762,195.15699736939112,0.0010635992119505,0.0004140419707697,,raw_target_return_exact,True,False,True,,missing OHLCV data,missing OHLCV data,False,False,False,,,0,,not_a_final_holding,,,,,,,,,,,,,,,,,False,not_prior_position,new_or_unheld,0.43525840694911355,0.43525840694911355,0.43525840694911355,0.43525840694911355,0.6,0.6,0.6,0.43525840694911355,0.5054468713012599,fresh_selected_holdings_ohlcv,2026-08-13,True,777.6599731445312,702.2683215332031,733.030029296875,649.473754272461,False,False,SPY and QQQ above 200D MA,0.5054468713012599,fresh_selected_holdings_ohlcv,2026-08-13,True,0.0,0.5647415930508864,current_growth_feature_generation,growth_champion_final,growth_v1_exposure_cap_60_dual_trend_filter,True,exact raw pre-signal target captured from expected_returns_model diagnostics
2026-08-13,ALMS,0.1161870175610917,0.1161870175610917,0.0005692950530655,27.46936318344496,193.13309122927643,0.0010635998705084,-0.0001874435570415,,raw_target_return_exact,True,False,False,"median 60D dollar volume below $50,000,000; reverse split/extreme discontinuity suspected","missing OHLCV data above 5%; median 60D dollar volume below $50,000,000; reverse split/extreme discontinuity suspected","missing OHLCV data above 5%; median 60D dollar volume below $50,000,000; reverse split/extreme discontinuity suspected",True,False,False,27560039.746570587,,753,0.6435059528013816,not_a_final_holding,,,,,,,,,,,,,,,,0.6435059528013816,False,not_prior_position,new_or_unheld,0.43525840694911355,0.43525840694911355,0.43525840694911355,0.43525840694911355,0.6,0.6,0.6,0.43525840694911355,0.5054468713012599,fresh_selected_holdings_ohlcv,2026-08-13,True,777.6599731445312,702.2683215332031,733.030029296875,649.473754272461,False,False,SPY and QQQ above 200D MA,0.5054468713012599,fresh_selected_holdings_ohlcv,2026-08-13,True,0.0,0.5647415930508864,current_growth_feature_generation,growth_champion_final,growth_v1_exposure_cap_60_dual_trend_filter,True,exact raw pre-signal target captured from expected_returns_model diagnostics
2026-08-13,ALNT,0.1194945725108238,0.1194945725108238,0.0083651515332396,123.3459123408852,13.550115723563904,-0.0052376711002377,0.001179841478078,,raw_target_return_exact,True,False,False,"median 60D dollar volume below $50,000,000; 20D average volume below 500,000 shares; less than 2 years of trading history","median 20D dollar volume below $20,000,000; median 60D dollar volume below $50,000,000; 20D average volume below 500,000 shares; less than 2 years of trading history","median 20D dollar volume below $20,000,000; median 60D dollar volume below $50,000,000; 20D average volume below 500,000 shares; less than 2 years of trading history",True,False,False,21486437.45288849,,502,0.6954562865411711,not_a_final_holding,,,,,,,,,,,,,,,,0.6954562865411711,False,not_prior_position,new_or_unheld,0.43525840694911355,0.43525840694911355,0.43525840694911355,0.43525840694911355,0.6,0.6,0.6,0.43525840694911355,0.5054468713012599,fresh_selected_holdings_ohlcv,2026-08-13,True,777.6599731445312,702.2683215332031,733.030029296875,649.473754272461,False,False,SPY and QQQ above 200D MA,0.5054468713012599,fresh_selected_holdings_ohlcv,2026-08-13,True,0.0,0.5647415930508864,current_growth_feature_generation,growth_champion_final,growth_v1_exposure_cap_60_dual_trend_filter,True,exact raw pre-signal target captured from expected_returns_model diagnostics
2026-08-13,ALNY,0.0767665442875626,0.0767665442875626,0.0003885883171388,244.31832232678656,190.37365810012935,0.0016581566371025,0.0002114441136909,,raw_target_return_exact,True,False,True,,missing OHLCV data,missing OHLCV data,False,False,False,,,0,,not_a_final_holding,,,,,,,,,,,,,,,,,False,not_prior_position,new_or_unheld,0.43525840694911355,0.43525840694911355,0.43525840694911355,0.43525840694911355,0.6,0.6,0.6,0.43525840694911355,0.5054468713012599,fresh_selected_holdings_ohlcv,2026-08-13,True,777.6599731445312,702.2683215332031,733.030029296875,649.473754272461,False,False,SPY and QQQ above 200D MA,0.5054468713012599,fresh_selected_holdings_ohlcv,2026-08-13,True,0.0,0.5647415930508864,current_growth_feature_generation,growth_champion_final,growth_v1_exposure_cap_60_dual_trend_filter,True,exact raw pre-signal target captured from expected_returns_model diagnostics
2026-08-13,ALOT,0.0788906853242559,0.0788906853242559,0.0094934602516687,31.17994039430686,8.03639933512477,-0.0062328293207535,0.0001286953017175,,raw_target_return_exact,True,False,False,"median 60D dollar volume below $50,000,000; 20D average volume below 500,000 shares; 60D annualized volatility above 120%","median 20D dollar volume below $20,000,000; 20D realized volatility above 150% annualized; suspicious spike/gap behavior; median 60D dollar volume below $50,000,000; 20D average volume below 500,000 shares; 60D annualized volatility above 120%","median 20D dollar volume below $20,000,000; 20D realized volatility above 150% annualized; suspicious spike/gap behavior; median 60D dollar volume below $50,000,000; 20D average volume below 500,000 shares; 60D annualized volatility above 120%",True,False,False,740849.485874176,,752,1.4789205366607245,not_a_final_holding,,,,,,,,,,,,,,,,1.4789205366607245,False,not_prior_position,new_or_unheld,0.43525840694911355,0.43525840694911355,0.43525840694911355,0.43525840694911355,0.6,0.6,0.6,0.43525840694911355,0.5054468713012599,fresh_selected_holdings_ohlcv,2026-08-13,True,777.6599731445312,702.2683215332031,733.030029296875,649.473754272461,False,False,SPY and QQQ above 200D MA,0.5054468713012599,fresh_selected_holdings_ohlcv,2026-08-13,True,0.0,0.5647415930508864,current_growth_feature_generation,growth_champion_final,growth_v1_exposure_cap_60_dual_trend_filter,True,exact raw pre-signal target captured from expected_returns_model diagnostics
2026-08-13,ALOY,0.2715648307907787,0.2715648307907787,0.0011783263275897,16.415901771483558,204.0095381553545,0.001063602539993,0.0001743734427282,,raw_target_return_exact,True,False,False,"median 60D dollar volume below $50,000,000; 60D annualized volatility above 120%","median 60D dollar volume below $50,000,000; 60D annualized volatility above 120%","median 60D dollar volume below $50,000,000; 60D annualized volatility above 120%",True,False,False,27845634.192991257,,784,1.3170406663832677,not_a_final_holding,,,,,,,,,,,,,,,,1.3170406663832677,False,not_prior_position,new_or_unheld,0.43525840694911355,0.43525840694911355,0.43525840694911355,0.43525840694911355,0.6,0.6,0.6,0.43525840694911355,0.5054468713012599,fresh_selected_holdings_ohlcv,2026-08-13,True,777.6599731445312,702.2683215332031,733.030029296875,649.473754272461,False,False,SPY and QQQ above 200D MA,0.5054468713012599,fresh_selected_holdings_ohlcv,2026-08-13,True,0.0,0.5647415930508864,current_growth_feature_generation,growth_champion_final,growth_v1_exposure_cap_60_dual_trend_filter,True,exact raw pre-signal target captured from expected_returns_model diagnostics
2026-08-13,ALRM,0.05,0.05,0.0028690107918236,58.26450176239014,17.030302096970942,-0.0006461340313409,0.000404748897572,,raw_target_return_exact,True,False,True,,missing OHLCV data,missing OHLCV data,False,False,False,,,0,,not_a_final_holding,,,,,,,,,,,,,,,,,False,not_prior_position,new_or_unheld,0.43525840694911355,0.43525840694911355,0.43525840694911355,0.43525840694911355,0.6,0.6,0.6,0.43525840694911355,0.5054468713012599,fresh_selected_holdings_ohlcv,2026-08-13,True,777.6599731445312,702.2683215332031,733.030029296875,649.473754272461,False,False,SPY and QQQ above 200D MA,0.5054468713012599,fresh_selected_holdings_ohlcv,2026-08-13,True,0.0,0.5647415930508864,current_growth_feature_generation,growth_champion_final,growth_v1_exposure_cap_60_dual_trend_filter,True,exact raw pre-signal target captured from expected_returns_model diagnostics
2026-08-13,ALRS,0.0503103232941664,0.0503103232941664,0.0034784227901141,35.53200016021729,14.136000828462418,-0.0014670210626875,-0.0012458513911635,,raw_target_return_exact,True,False,True,,missing OHLCV data,missing OHLCV data,False,False,False,,,0,,not_a_final_holding,,,,,,,,,,,,,,,,,False,not_prior_position,new_or_unheld,0.43525840694911355,0.43525840694911355,0.43525840694911355,0.43525840694911355,0.6,0.6,0.6,0.43525840694911355,0.5054468713012599,fresh_selected_holdings_ohlcv,2026-08-13,True,777.6599731445312,702.2683215332031,733.030029296875,649.473754272461,False,False,SPY and QQQ above 200D MA,0.5054468713012599,fresh_selected_holdings_ohlcv,2026-08-13,True,0.0,0.5647415930508864,current_growth_feature_generation,growth_champion_final,growth_v1_exposure_cap_60_dual_trend_filter,True,exact raw pre-signal target captured from expected_returns_model diagnostics
2026-08-13,ALT,0.0679027976469457,0.0679027976469457,0.0003479121128961,3.064880907034958,188.864222317895,0.0010635919334786,-0.0010647341159366,,raw_target_return_exact,True,False,True,,missing OHLCV data,missing OHLCV data,False,False,False,,,0,,not_a_final_holding,,,,,,,,,,,,,,,,,False,not_prior_position,new_or_unheld,0.43525840694911355,0.43525840694911355,0.43525840694911355,0.43525840694911355,0.6,0.6,0.6,0.43525840694911355,0.5054468713012599,fresh_selected_holdings_ohlcv,2026-08-13,True,777.6599731445312,702.2683215332031,733.030029296875,649.473754272461,False,False,SPY and QQQ above 200D MA,0.5054468713012599,fresh_selected_holdings_ohlcv,2026-08-13,True,0.0,0.5647415930508864,current_growth_feature_generation,growth_champion_final,growth_v1_exposure_cap_60_dual_trend_filter,True,exact raw pre-signal target captured from expected_returns_model diagnostics
2026-08-13,ALTI,0.0765260903727402,0.0765260903727402,0.0056156886305149,4.532174881535448,13.167775823488208,-0.0035305329987525,-0.0001256184315072,,raw_target_return_exact,True,False,False,"median 60D dollar volume below $50,000,000; 20D average volume below 500,000 shares; current price below $5; less than 2 years of trading history","price below $5; median 20D dollar volume below $20,000,000; median 60D dollar volume below $50,000,000; 20D average volume below 500,000 shares; current price below $5; less than 2 years of trading history","price below $5; median 20D dollar volume below $20,000,000; median 60D dollar volume below $50,000,000; 20D average volume below 500,000 shares; current price below $5; less than 2 years of trading history",True,False,False,485462.49878406525,,502,0.8353885542600211,not_a_final_holding,,,,,,,,,,,,,,,,0.8353885542600211,False,not_prior_position,new_or_unheld,0.43525840694911355,0.43525840694911355,0.43525840694911355,0.43525840694911355,0.6,0.6,0.6,0.43525840694911355,0.5054468713012599,fresh_selected_holdings_ohlcv,2026-08-13,True,777.6599731445312,702.2683215332031,733.030029296875,649.473754272461,False,False,SPY and QQQ above 200D MA,0.5054468713012599,fresh_selected_holdings_ohlcv,2026-08-13,True,0.0,0.5647415930508864,current_growth_feature_generation,growth_champion_final,growth_v1_exposure_cap_60_dual_trend_filter,True,exact raw pre-signal target captured from expected_returns_model diagnostics
2026-08-13,ALTO,0.095211111013296,0.095211111013296,0.000474624092829,4.632743020475736,191.66477777093075,0.0010635984282589,-0.0011304645922249,,raw_target_return_exact,True,False,False,"median 60D dollar volume below $50,000,000; current price below $5; less than 2 years of trading history","price below $5; median 20D dollar volume below $20,000,000; median 60D dollar volume below $50,000,000; current price below $5; less than 2 years of trading history","price below $5; median 20D dollar volume below $20,000,000; median 60D dollar volume below $50,000,000; current price below $5; less than 2 years of trading history",True,False,False,11080042.66512394,,502,0.7735824033990282,not_a_final_holding,,,,,,,,,,,,,,,,0.7735824033990282,False,not_prior_position,new_or_unheld,0.43525840694911355,0.43525840694911355,0.43525840694911355,0.43525840694911355,0.6,0.6,0.6,0.43525840694911355,0.5054468713012599,fresh_selected_holdings_ohlcv,2026-08-13,True,777.6599731445312,702.2683215332031,733.030029296875,649.473754272461,False,False,SPY and QQQ above 200D MA,0.5054468713012599,fresh_selected_holdings_ohlcv,2026-08-13,True,0.0,0.5647415930508864,current_growth_feature_generation,growth_champion_final,growth_v1_exposure_cap_60_dual_trend_filter,True,exact raw pre-signal target captured from expected_returns_model diagnostics
2026-08-13,ALVO,0.1076572642218856,0.1076572642218856,0.0076007468900023,4.443810120866654,13.503317613908232,-0.0049634938904622,-0.0001470063849557,,raw_target_return_exact,True,False,True,,missing OHLCV data,missing OHLCV data,False,False,False,,,0,,not_a_final_holding,,,,,,,,,,,,,,,,,False,not_prior_position,new_or_unheld,0.43525840694911355,0.43525840694911355,0.43525840694911355,0.43525840694911355,0.6,0.6,0.6,0.43525840694911355,0.5054468713012599,fresh_selected_holdings_ohlcv,2026-08-13,True,777.6599731445312,702.2683215332031,733.030029296875,649.473754272461,False,False,SPY and QQQ above 200D MA,0.5054468713012599,fresh_selected_holdings_ohlcv,2026-08-13,True,0.0,0.5647415930508864,current_growth_feature_generation,growth_champion_final,growth_v1_exposure_cap_60_dual_trend_filter,True,exact raw pre-signal target captured from expected_returns_model diagnostics
2026-08-13,ALXO,0.1088049411988683,0.1088049411988683,0.0005363537601283,2.1788017464661342,192.6163458839208,0.0010635969374517,-0.001107718204986,,raw_target_return_exact,True,False,False,"median 60D dollar volume below $50,000,000; current price below $5","price below $5; median 20D dollar volume below $20,000,000; median 60D dollar volume below $50,000,000; current price below $5","price below $5; median 20D dollar volume below $20,000,000; median 60D dollar volume below $50,000,000; current price below $5",True,False,False,1439276.4519155025,,752,0.7934008784279453,not_a_final_holding,,,,,,,,,,,,,,,,0.7934008784279453,False,not_prior_position,new_or_unheld,0.43525840694911355,0.43525840694911355,0.43525840694911355,0.43525840694911355,0.6,0.6,0.6,0.43525840694911355,0.5054468713012599,fresh_selected_holdings_ohlcv,2026-08-13,True,777.6599731445312,702.2683215332031,733.030029296875,649.473754272461,False,False,SPY and QQQ above 200D MA,0.5054468713012599,fresh_selected_holdings_ohlcv,2026-08-13,True,0.0,0.5647415930508864,current_growth_feature_generation,growth_champion_final,growth_v1_exposure_cap_60_dual_trend_filter,True,exact raw pre-signal target captured from expected_returns_model diagnostics
2026-08-13,AMAL,0.05,0.05,0.002884584380135,53.424001121521,16.93848874595003,-0.0012860583251336,2.2754053995719834e-05,,raw_target_return_exact,True,False,True,,missing OHLCV data,missing OHLCV data,False,False,False,,,0,,not_a_final_holding,,,,,,,,,,,,,,,,,False,not_prior_position,new_or_unheld,0.43525840694911355,0.43525840694911355,0.43525840694911355,0.43525840694911355,0.6,0.6,0.6,0.43525840694911355,0.5054468713012599,fresh_selected_holdings_ohlcv,2026-08-13,True,777.6599731445312,702.2683215332031,733.030029296875,649.473754272461,False,False,SPY and QQQ above 200D MA,0.5054468713012599,fresh_selected_holdings_ohlcv,2026-08-13,True,0.0,0.5647415930508864,current_growth_feature_generation,growth_champion_final,growth_v1_exposure_cap_60_dual_trend_filter,True,exact raw pre-signal target captured from expected_returns_model diagnostics
2026-08-13,AMAT,0.1003223494177856,0.1003223494177856,0.0004979986868927,609.2484983042972,192.022564459245,0.0010635970366468,1.6669825409628965e-05,17.0,raw_target_return_exact,True,True,True,,,,True,False,False,2891075046.5393066,,6403,0.6039496425394332,not_a_final_holding,,,,,,,,,,,,,,,,0.6039496425394332,False,not_prior_position,new_or_unheld,0.43525840694911355,0.43525840694911355,0.43525840694911355,0.43525840694911355,0.6,0.6,0.6,0.43525840694911355,0.5054468713012599,fresh_selected_holdings_ohlcv,2026-08-13,True,777.6599731445312,702.2683215332031,733.030029296875,649.473754272461,False,False,SPY and QQQ above 200D MA,0.5054468713012599,fresh_selected_holdings_ohlcv,2026-08-13,True,0.0,0.5647415930508864,current_growth_feature_generation,growth_champion_final,growth_v1_exposure_cap_60_dual_trend_filter,True,exact raw pre-signal target captured from expected_returns_model diagnostics
2026-08-13,AMBA,0.0731032059100134,0.0731032059100134,0.0020172597081058,88.45589759064751,35.01075384730976,-0.0001780466272289,-0.0004341877648043,24.0,raw_target_return_exact,True,True,True,,,,True,False,False,65646822.35412598,,752,0.9623457687150583,not_a_final_holding,,,,,,,,,,,,,,,,0.9623457687150583,False,not_prior_position,new_or_unheld,0.43525840694911355,0.43525840694911355,0.43525840694911355,0.43525840694911355,0.6,0.6,0.6,0.43525840694911355,0.5054468713012599,fresh_selected_holdings_ohlcv,2026-08-13,True,777.6599731445312,702.2683215332031,733.030029296875,649.473754272461,False,False,SPY and QQQ above 200D MA,0.5054468713012599,fresh_selected_holdings_ohlcv,2026-08-13,True,0.0,0.5647415930508864,current_growth_feature_generation,growth_champion_final,growth_v1_exposure_cap_60_dual_trend_filter,True,exact raw pre-signal target captured from expected_returns_model diagnostics
2026-08-13,AMCI,0.2662516166777529,0.2662516166777529,0.0011598934304568,5.95138235686711,203.6376131674427,0.0010636041162169,-0.0010660718407917,,raw_target_return_exact,True,False,False,"median 60D dollar volume below $50,000,000; 20D average volume below 500,000 shares; current price below $5; reverse split/extreme discontinuity suspected","price below $5; median 20D dollar volume below $20,000,000; median 60D dollar volume below $50,000,000; 20D average volume below 500,000 shares; current price below $5; reverse split/extreme discontinuity suspected","price below $5; median 20D dollar volume below $20,000,000; median 60D dollar volume below $50,000,000; 20D average volume below 500,000 shares; current price below $5; reverse split/extreme discontinuity suspected",True,False,False,264910.99791526794,,783,1.1857789948591149,not_a_final_holding,,,,,,,,,,,,,,,,1.1857789948591149,False,not_prior_position,new_or_unheld,0.43525840694911355,0.43525840694911355,0.43525840694911355,0.43525840694911355,0.6,0.6,0.6,0.43525840694911355,0.5054468713012599,fresh_selected_holdings_ohlcv,2026-08-13,True,777.6599731445312,702.2683215332031,733.030029296875,649.473754272461,False,False,SPY and QQQ above 200D MA,0.5054468713012599,fresh_selected_holdings_ohlcv,2026-08-13,True,0.0,0.5647415930508864,current_growth_feature_generation,growth_champion_final,growth_v1_exposure_cap_60_dual_trend_filter,True,exact raw pre-signal target captured from expected_returns_model diagnostics
2026-08-13,AMCX,0.0780482856057338,0.0780482856057338,0.0082542728806325,12.979701317568756,9.14217437653733,-0.0047015747920036,0.0015367755715989,,raw_target_return_exact,True,False,True,,missing OHLCV data,missing OHLCV data,False,False,False,,,0,,not_a_final_holding,,,,,,,,,,,,,,,,,False,not_prior_position,new_or_unheld,0.43525840694911355,0.43525840694911355,0.43525840694911355,0.43525840694911355,0.6,0.6,0.6,0.43525840694911355,0.5054468713012599,fresh_selected_holdings_ohlcv,2026-08-13,True,777.6599731445312,702.2683215332031,733.030029296875,649.473754272461,False,False,SPY and QQQ above 200D MA,0.5054468713012599,fresh_selected_holdings_ohlcv,2026-08-13,True,0.0,0.5647415930508864,current_growth_feature_generation,growth_champion_final,growth_v1_exposure_cap_60_dual_trend_filter,True,exact raw pre-signal target captured from expected_returns_model diagnostics
2026-08-13,AMGN,0.0566977595361177,0.0566977595361177,0.0078520565958963,440.0125523811884,7.051013546667948,-0.0008335209768226,0.005148420806172,32.0,raw_target_return_exact,True,True,True,,,,True,False,False,872401070.854187,,6403,0.24704828020147684,not_a_final_holding,,,,,,,,,,,,,,,,0.24704828020147684,False,not_prior_position,new_or_unheld,0.43525840694911355,0.43525840694911355,0.43525840694911355,0.43525840694911355,0.6,0.6,0.6,0.43525840694911355,0.5054468713012599,fresh_selected_holdings_ohlcv,2026-08-13,True,777.6599731445312,702.2683215332031,733.030029296875,649.473754272461,False,False,SPY and QQQ above 200D MA,0.5054468713012599,fresh_selected_holdings_ohlcv,2026-08-13,True,0.0,0.5647415930508864,current_growth_feature_generation,growth_champion_final,growth_v1_exposure_cap_60_dual_trend_filter,True,exact raw pre-signal target captured from expected_returns_model diagnostics
2026-08-13,AMIX,0.4378428071075717,0.4378428071075717,0.0020538389049609,9.734339756237985,176.99378999215853,4.661236780556596e-05,-0.0011864871478067,,raw_target_return_exact,True,False,False,"median 60D dollar volume below $50,000,000; less than 2 years of trading history; 60D annualized volatility above 120%; reverse split/extreme discontinuity suspected","median 20D dollar volume below $20,000,000; 1D absolute move above 80% in last 60D; 20D realized volatility above 150% annualized; suspicious spike/gap behavior; median 60D dollar volume below $50,000,000; less than 2 years of trading history; 60D annualized volatility above 120%; reverse split/extreme discontinuity suspected","median 20D dollar volume below $20,000,000; 1D absolute move above 80% in last 60D; 20D realized volatility above 150% annualized; suspicious spike/gap behavior; median 60D dollar volume below $50,000,000; less than 2 years of trading history; 60D annualized volatility above 120%; reverse split/extreme discontinuity suspected",True,False,False,116461.79091691971,,502,9.052823596200975,not_a_final_holding,,,,,,,,,,,,,,,,9.052823596200975,False,not_prior_position,new_or_unheld,0.43525840694911355,0.43525840694911355,0.43525840694911355,0.43525840694911355,0.6,0.6,0.6,0.43525840694911355,0.5054468713012599,fresh_selected_holdings_ohlcv,2026-08-13,True,777.6599731445312,702.2683215332031,733.030029296875,649.473754272461,False,False,SPY and QQQ above 200D MA,0.5054468713012599,fresh_selected_holdings_ohlcv,2026-08-13,True,0.0,0.5647415930508864,current_growth_feature_generation,growth_champion_final,growth_v1_exposure_cap_60_dual_trend_filter,True,exact raw pre-signal target captured from expected_returns_model diagnostics
2026-08-13,AMLX,0.0754481342589741,0.0754481342589741,0.0084798272378325,24.391164013194256,8.61402104030839,-0.0049081493782192,0.0013774544189589,,raw_target_return_exact,True,False,True,,missing OHLCV data,missing OHLCV data,False,False,False,,,0,,not_a_final_holding,,,,,,,,,,,,,,,,,False,not_prior_position,new_or_unheld,0.43525840694911355,0.43525840694911355,0.43525840694911355,0.43525840694911355,0.6,0.6,0.6,0.43525840694911355,0.5054468713012599,fresh_selected_holdings_ohlcv,2026-08-13,True,777.6599731445312,702.2683215332031,733.030029296875,649.473754272461,False,False,SPY and QQQ above 200D MA,0.5054468713012599,fresh_selected_holdings_ohlcv,2026-08-13,True,0.0,0.5647415930508864,current_growth_feature_generation,growth_champion_final,growth_v1_exposure_cap_60_dual_trend_filter,True,exact raw pre-signal target captured from expected_returns_model diagnostics
2026-08-13,AMPG,0.2035510733048779,0.2035510733048779,0.0009303082004867,7.44998121262494,199.24857513134145,0.0010636024388436,0.000118779450346,,raw_target_return_exact,True,False,False,"median 60D dollar volume below $50,000,000; less than 2 years of trading history; 60D annualized volatility above 120%","median 60D dollar volume below $50,000,000; less than 2 years of trading history; 60D annualized volatility above 120%","median 60D dollar volume below $50,000,000; less than 2 years of trading history; 60D annualized volatility above 120%",True,False,False,17016559.14540291,,501,1.4311316123602669,not_a_final_holding,,,,,,,,,,,,,,,,1.4311316123602669,False,not_prior_position,new_or_unheld,0.43525840694911355,0.43525840694911355,0.43525840694911355,0.43525840694911355,0.6,0.6,0.6,0.43525840694911355,0.5054468713012599,fresh_selected_holdings_ohlcv,2026-08-13,True,777.6599731445312,702.2683215332031,733.030029296875,649.473754272461,False,False,SPY and QQQ above 200D MA,0.5054468713012599,fresh_selected_holdings_ohlcv,2026-08-13,True,0.0,0.5647415930508864,current_growth_feature_generation,growth_champion_final,growth_v1_exposure_cap_60_dual_trend_filter,True,exact raw pre-signal target captured from expected_returns_model diagnostics
2026-08-13,AMPH,0.05,0.05,0.0017822612425206,21.10500040054321,27.39981575663391,-5.055497365776157e-05,-0.0011758054847269,,raw_target_return_exact,True,False,True,,missing OHLCV data,missing OHLCV data,False,False,False,,,0,,not_a_final_holding,,,,,,,,,,,,,,,,,False,not_prior_position,new_or_unheld,0.43525840694911355,0.43525840694911355,0.43525840694911355,0.43525840694911355,0.6,0.6,0.6,0.43525840694911355,0.5054468713012599,fresh_selected_holdings_ohlcv,2026-08-13,True,777.6599731445312,702.2683215332031,733.030029296875,649.473754272461,False,False,SPY and QQQ above 200D MA,0.5054468713012599,fresh_selected_holdings_ohlcv,2026-08-13,True,0.0,0.5647415930508864,current_growth_feature_generation,growth_champion_final,growth_v1_exposure_cap_60_dual_trend_filter,True,exact raw pre-signal target captured from expected_returns_model diagnostics
2026-08-13,AMPL,0.2136118518087908,0.2136118518087908,0.0123378612570761,15.540300132776512,15.788213252405894,-0.0067714330260251,0.003582429157573,,raw_target_return_exact,True,False,False,"median 60D dollar volume below $50,000,000","median 20D dollar volume below $20,000,000; median 60D dollar volume below $50,000,000","median 20D dollar volume below $20,000,000; median 60D dollar volume below $50,000,000",True,False,False,15466412.105369568,,753,0.8599648383883404,not_a_final_holding,,,,,,,,,,,,,,,,0.8599648383883404,False,not_prior_position,new_or_unheld,0.43525840694911355,0.43525840694911355,0.43525840694911355,0.43525840694911355,0.6,0.6,0.6,0.43525840694911355,0.5054468713012599,fresh_selected_holdings_ohlcv,2026-08-13,True,777.6599731445312,702.2683215332031,733.030029296875,649.473754272461,False,False,SPY and QQQ above 200D MA,0.5054468713012599,fresh_selected_holdings_ohlcv,2026-08-13,True,0.0,0.5647415930508864,current_growth_feature_generation,growth_champion_final,growth_v1_exposure_cap_60_dual_trend_filter,True,exact raw pre-signal target captured from expected_returns_model diagnostics
2026-08-13,AMRN,0.05,0.05,0.0003707588844077,14.88900032043457,131.619794848619,0.0010635785374539,-0.0001417548472966,,raw_target_return_exact,True,False,True,,missing OHLCV data,missing OHLCV data,False,False,False,,,0,,not_a_final_holding,,,,,,,,,,,,,,,,,False,not_prior_position,new_or_unheld,0.43525840694911355,0.43525840694911355,0.43525840694911355,0.43525840694911355,0.6,0.6,0.6,0.43525840694911355,0.5054468713012599,fresh_selected_holdings_ohlcv,2026-08-13,True,777.6599731445312,702.2683215332031,733.030029296875,649.473754272461,False,False,SPY and QQQ above 200D MA,0.5054468713012599,fresh_selected_holdings_ohlcv,2026-08-13,True,0.0,0.5647415930508864,current_growth_feature_generation,growth_champion_final,growth_v1_exposure_cap_60_dual_trend_filter,True,exact raw pre-signal target captured from expected_returns_model diagnostics
2026-08-13,AMRX,0.0502967280184547,0.0502967280184547,0.0003766673379936,18.57974967956543,130.3058664074901,0.0010635779942798,0.0002232119401505,,raw_target_return_exact,True,False,True,,missing OHLCV data,missing OHLCV data,False,False,False,,,0,,not_a_final_holding,,,,,,,,,,,,,,,,,False,not_prior_position,new_or_unheld,0.43525840694911355,0.43525840694911355,0.43525840694911355,0.43525840694911355,0.6,0.6,0.6,0.43525840694911355,0.5054468713012599,fresh_selected_holdings_ohlcv,2026-08-13,True,777.6599731445312,702.2683215332031,733.030029296875,649.473754272461,False,False,SPY and QQQ above 200D MA,0.5054468713012599,fresh_selected_holdings_ohlcv,2026-08-13,True,0.0,0.5647415930508864,current_growth_feature_generation,growth_champion_final,growth_v1_exposure_cap_60_dual_trend_filter,True,exact raw pre-signal target captured from expected_returns_model diagnostics
2026-08-13,AMSC,0.0814212762519805,0.0814212762519805,0.0004105529591666,34.77850807925191,190.69948933763865,0.0019011843554747,9.353334183020264e-05,,raw_target_return_exact,True,False,False,"median 60D dollar volume below $50,000,000; less than 2 years of trading history","median 60D dollar volume below $50,000,000; less than 2 years of trading history","median 60D dollar volume below $50,000,000; less than 2 years of trading history",True,False,False,34421491.53461456,,502,0.7845056818819598,not_a_final_holding,,,,,,,,,,,,,,,,0.7845056818819598,False,not_prior_position,new_or_unheld,0.43525840694911355,0.43525840694911355,0.43525840694911355,0.43525840694911355,0.6,0.6,0.6,0.43525840694911355,0.5054468713012599,fresh_selected_holdings_ohlcv,2026-08-13,True,777.6599731445312,702.2683215332031,733.030029296875,649.473754272461,False,False,SPY and QQQ above 200D MA,0.5054468713012599,fresh_selected_holdings_ohlcv,2026-08-13,True,0.0,0.5647415930508864,current_growth_feature_generation,growth_champion_final,growth_v1_exposure_cap_60_dual_trend_filter,True,exact raw pre-signal target captured from expected_returns_model diagnostics
2026-08-13,AMSF,0.0515395512291245,0.0515395512291245,0.0003790719054803,28.68599967956543,132.59978758501427,0.00106357888309,-4.486444388466496e-05,,raw_target_return_exact,True,False,True,,missing OHLCV data,missing OHLCV data,False,False,False,,,0,,not_a_final_holding,,,,,,,,,,,,,,,,,False,not_prior_position,new_or_unheld,0.43525840694911355,0.43525840694911355,0.43525840694911355,0.43525840694911355,0.6,0.6,0.6,0.43525840694911355,0.5054468713012599,fresh_selected_holdings_ohlcv,2026-08-13,True,777.6599731445312,702.2683215332031,733.030029296875,649.473754272461,False,False,SPY and QQQ above 200D MA,0.5054468713012599,fresh_selected_holdings_ohlcv,2026-08-13,True,0.0,0.5647415930508864,current_growth_feature_generation,growth_champion_final,growth_v1_exposure_cap_60_dual_trend_filter,True,exact raw pre-signal target captured from expected_returns_model diagnostics
2026-08-13,AMST,0.1974181835267727,0.1974181835267727,0.0009065991454078,1.282674373952747,198.8192728468741,0.0010636055196252,4.7595925244943806e-05,,raw_target_return_exact,True,False,False,"median 60D dollar volume below $50,000,000; 20D average volume below 500,000 shares; current price below $5; 60D annualized volatility above 120%; reverse split/extreme discontinuity suspected","price below $5; median 20D dollar volume below $20,000,000; 1D absolute move above 80% in last 60D; suspicious spike/gap behavior; median 60D dollar volume below $50,000,000; 20D average volume below 500,000 shares; current price below $5; 60D annualized volatility above 120%; reverse split/extreme discontinuity suspected","price below $5; median 20D dollar volume below $20,000,000; 1D absolute move above 80% in last 60D; suspicious spike/gap behavior; median 60D dollar volume below $50,000,000; 20D average volume below 500,000 shares; current price below $5; 60D annualized volatility above 120%; reverse split/extreme discontinuity suspected",True,False,False,164973.45377504826,,752,2.921911654479534,not_a_final_holding,,,,,,,,,,,,,,,,2.921911654479534,False,not_prior_position,new_or_unheld,0.43525840694911355,0.43525840694911355,0.43525840694911355,0.43525840694911355,0.6,0.6,0.6,0.43525840694911355,0.5054468713012599,fresh_selected_holdings_ohlcv,2026-08-13,True,777.6599731445312,702.2683215332031,733.030029296875,649.473754272461,False,False,SPY and QQQ above 200D MA,0.5054468713012599,fresh_selected_holdings_ohlcv,2026-08-13,True,0.0,0.5647415930508864,current_growth_feature_generation,growth_champion_final,growth_v1_exposure_cap_60_dual_trend_filter,True,exact raw pre-signal target captured from expected_returns_model diagnostics
2026-08-13,AMTX,0.1637794728640664,0.1637794728640664,0.001862534023278,2.048251861142091,81.50942602914378,0.0002054266776305,-0.0010036126466911,,raw_target_return_exact,True,False,False,"median 60D dollar volume below $50,000,000; current price below $5; less than 2 years of trading history","price below $5; median 20D dollar volume below $20,000,000; median 60D dollar volume below $50,000,000; current price below $5; less than 2 years of trading history","price below $5; median 20D dollar volume below $20,000,000; median 60D dollar volume below $50,000,000; current price below $5; less than 2 years of trading history",True,False,False,2279326.541030407,,502,0.9206565869364508,not_a_final_holding,,,,,,,,,,,,,,,,0.9206565869364508,False,not_prior_position,new_or_unheld,0.43525840694911355,0.43525840694911355,0.43525840694911355,0.43525840694911355,0.6,0.6,0.6,0.43525840694911355,0.5054468713012599,fresh_selected_holdings_ohlcv,2026-08-13,True,777.6599731445312,702.2683215332031,733.030029296875,649.473754272461,False,False,SPY and QQQ above 200D MA,0.5054468713012599,fresh_selected_holdings_ohlcv,2026-08-13,True,0.0,0.5647415930508864,current_growth_feature_generation,growth_champion_final,growth_v1_exposure_cap_60_dual_trend_filter,True,exact raw pre-signal target captured from expected_returns_model diagnostics
2026-08-13,AMZN,0.0502760956021859,0.0502760956021859,0.0039204002386954,279.62549743652346,12.536773275577394,-0.0012468472324237,-2.762949878923007e-05,39.0,raw_target_return_exact,True,True,True,,,,True,False,False,10666086100.0,,6403,0.31075841558658046,not_a_final_holding,,,,,,,,,,,,,,,,0.31075841558658046,False,not_prior_position,new_or_unheld,0.43525840694911355,0.43525840694911355,0.43525840694911355,0.43525840694911355,0.6,0.6,0.6,0.43525840694911355,0.5054468713012599,fresh_selected_holdings_ohlcv,2026-08-13,True,777.6599731445312,702.2683215332031,733.030029296875,649.473754272461,False,False,SPY and QQQ above 200D MA,0.5054468713012599,fresh_selected_holdings_ohlcv,2026-08-13,True,0.0,0.5647415930508864,current_growth_feature_generation,growth_champion_final,growth_v1_exposure_cap_60_dual_trend_filter,True,exact raw pre-signal target captured from expected_returns_model diagnostics
2026-08-13,ANAB,0.081235854824913,0.081235854824913,0.0004096812875027,60.97088919364285,190.6865098377439,0.0010635932097869,-0.0004352215939443,,raw_target_return_exact,True,False,True,,missing OHLCV data,missing OHLCV data,False,False,False,,,0,,not_a_final_holding,,,,,,,,,,,,,,,,,False,not_prior_position,new_or_unheld,0.43525840694911355,0.43525840694911355,0.43525840694911355,0.43525840694911355,0.6,0.6,0.6,0.43525840694911355,0.5054468713012599,fresh_selected_holdings_ohlcv,2026-08-13,True,777.6599731445312,702.2683215332031,733.030029296875,649.473754272461,False,False,SPY and QQQ above 200D MA,0.5054468713012599,fresh_selected_holdings_ohlcv,2026-08-13,True,0.0,0.5647415930508864,current_growth_feature_generation,growth_champion_final,growth_v1_exposure_cap_60_dual_trend_filter,True,exact raw pre-signal target captured from expected_returns_model diagnostics
2026-08-13,ANDE,0.0480704000302838,0.0480704000302838,0.000356703777989,68.43900032043457,131.64742119555245,0.0010635786024757,-0.000387472115951,,raw_target_return_exact,True,False,True,,missing OHLCV data,missing OHLCV data,False,False,False,,,0,,not_a_final_holding,,,,,,,,,,,,,,,,,False,not_prior_position,new_or_unheld,0.43525840694911355,0.43525840694911355,0.43525840694911355,0.43525840694911355,0.6,0.6,0.6,0.43525840694911355,0.5054468713012599,fresh_selected_holdings_ohlcv,2026-08-13,True,777.6599731445312,702.2683215332031,733.030029296875,649.473754272461,False,False,SPY and QQQ above 200D MA,0.5054468713012599,fresh_selected_holdings_ohlcv,2026-08-13,True,0.0,0.5647415930508864,current_growth_feature_generation,growth_champion_final,growth_v1_exposure_cap_60_dual_trend_filter,True,exact raw pre-signal target captured from expected_returns_model diagnostics
2026-08-13,ANGH,0.1309997061008481,0.1309997061008481,0.0025110888978119,4.094218806652425,49.08485427697223,-0.0012346375112273,-0.0003175672078717,,raw_target_return_exact,True,False,False,"median 60D dollar volume below $50,000,000; 20D average volume below 500,000 shares; current price below $5; less than 2 years of trading history","price below $5; median 20D dollar volume below $20,000,000; median 60D dollar volume below $50,000,000; 20D average volume below 500,000 shares; current price below $5; less than 2 years of trading history","price below $5; median 20D dollar volume below $20,000,000; median 60D dollar volume below $50,000,000; 20D average volume below 500,000 shares; current price below $5; less than 2 years of trading history",True,False,False,34196.90034389496,,500,1.0905347707474373,not_a_final_holding,,,,,,,,,,,,,,,,1.0905347707474373,False,not_prior_position,new_or_unheld,0.43525840694911355,0.43525840694911355,0.43525840694911355,0.43525840694911355,0.6,0.6,0.6,0.43525840694911355,0.5054468713012599,fresh_selected_holdings_ohlcv,2026-08-13,True,777.6599731445312,702.2683215332031,733.030029296875,649.473754272461,False,False,SPY and QQQ above 200D MA,0.5054468713012599,fresh_selected_holdings_ohlcv,2026-08-13,True,0.0,0.5647415930508864,current_growth_feature_generation,growth_champion_final,growth_v1_exposure_cap_60_dual_trend_filter,True,exact raw pre-signal target captured from expected_returns_model diagnostics
2026-08-13,ANGI,0.0741231432960853,0.0741231432960853,0.0003760377011206,5.016155161141811,190.188620030726,0.0010635986903277,-0.0001000118431162,,raw_target_return_exact,True,False,True,,missing OHLCV data,missing OHLCV data,False,False,False,,,0,,not_a_final_holding,,,,,,,,,,,,,,,,,False,not_prior_position,new_or_unheld,0.43525840694911355,0.43525840694911355,0.43525840694911355,0.43525840694911355,0.6,0.6,0.6,0.43525840694911355,0.5054468713012599,fresh_selected_holdings_ohlcv,2026-08-13,True,777.6599731445312,702.2683215332031,733.030029296875,649.473754272461,False,False,SPY and QQQ above 200D MA,0.5054468713012599,fresh_selected_holdings_ohlcv,2026-08-13,True,0.0,0.5647415930508864,current_growth_feature_generation,growth_champion_final,growth_v1_exposure_cap_60_dual_trend_filter,True,exact raw pre-signal target captured from expected_returns_model diagnostics
2026-08-13,ANGO,0.0502694934394567,0.0502694934394567,0.0080861626888242,16.30018301895559,6.090011733231662,-0.0037205096371136,0.0022543102233004,,raw_target_return_exact,True,False,True,,missing OHLCV data,missing OHLCV data,False,False,False,,,0,,not_a_final_holding,,,,,,,,,,,,,,,,,False,not_prior_position,new_or_unheld,0.43525840694911355,0.43525840694911355,0.43525840694911355,0.43525840694911355,0.6,0.6,0.6,0.43525840694911355,0.5054468713012599,fresh_selected_holdings_ohlcv,2026-08-13,True,777.6599731445312,702.2683215332031,733.030029296875,649.473754272461,False,False,SPY and QQQ above 200D MA,0.5054468713012599,fresh_selected_holdings_ohlcv,2026-08-13,True,0.0,0.5647415930508864,current_growth_feature_generation,growth_champion_final,growth_v1_exposure_cap_60_dual_trend_filter,True,exact raw pre-signal target captured from expected_returns_model diagnostics
2026-08-13,ANIK,0.0833191375375892,0.0833191375375892,0.0130114938765284,23.04761423785876,6.19061386020436,-0.0054623800525084,0.0054932923029876,,raw_target_return_exact,True,False,True,,missing OHLCV data,missing OHLCV data,False,False,False,,,0,,not_a_final_holding,,,,,,,,,,,,,,,,,False,not_prior_position,new_or_unheld,0.43525840694911355,0.43525840694911355,0.43525840694911355,0.43525840694911355,0.6,0.6,0.6,0.43525840694911355,0.5054468713012599,fresh_selected_holdings_ohlcv,2026-08-13,True,777.6599731445312,702.2683215332031,733.030029296875,649.473754272461,False,False,SPY and QQQ above 200D MA,0.5054468713012599,fresh_selected_holdings_ohlcv,2026-08-13,True,0.0,0.5647415930508864,current_growth_feature_generation,growth_champion_final,growth_v1_exposure_cap_60_dual_trend_filter,True,exact raw pre-signal target captured from expected_returns_model diagnostics
2026-08-13,ANIX,0.0697980580959585,0.0697980580959585,0.0003553813144703,3.466145718433295,189.8858640667171,0.0010635924901683,-0.0003233562987309,,raw_target_return_exact,True,False,True,,missing OHLCV data,missing OHLCV data,False,False,False,,,0,,not_a_final_holding,,,,,,,,,,,,,,,,,False,not_prior_position,new_or_unheld,0.43525840694911355,0.43525840694911355,0.43525840694911355,0.43525840694911355,0.6,0.6,0.6,0.43525840694911355,0.5054468713012599,fresh_selected_holdings_ohlcv,2026-08-13,True,777.6599731445312,702.2683215332031,733.030029296875,649.473754272461,False,False,SPY and QQQ above 200D MA,0.5054468713012599,fresh_selected_holdings_ohlcv,2026-08-13,True,0.0,0.5647415930508864,current_growth_feature_generation,growth_champion_final,growth_v1_exposure_cap_60_dual_trend_filter,True,exact raw pre-signal target captured from expected_returns_model diagnostics
2026-08-13,ANL,0.143997127936386,0.143997127936386,0.0067465721474397,14.4544039733164,20.00744579966102,-0.0028493859884283,-4.152052540206584e-05,,raw_target_return_exact,True,False,False,"median 60D dollar volume below $50,000,000; 20D average volume below 500,000 shares","median 20D dollar volume below $20,000,000; median 60D dollar volume below $50,000,000; 20D average volume below 500,000 shares","median 20D dollar volume below $20,000,000; median 60D dollar volume below $50,000,000; 20D average volume below 500,000 shares",True,False,False,1885812.0324134827,,508,1.0188269414594853,not_a_final_holding,,,,,,,,,,,,,,,,1.0188269414594853,False,not_prior_position,new_or_unheld,0.43525840694911355,0.43525840694911355,0.43525840694911355,0.43525840694911355,0.6,0.6,0.6,0.43525840694911355,0.5054468713012599,fresh_selected_holdings_ohlcv,2026-08-13,True,777.6599731445312,702.2683215332031,733.030029296875,649.473754272461,False,False,SPY and QQQ above 200D MA,0.5054468713012599,fresh_selected_holdings_ohlcv,2026-08-13,True,0.0,0.5647415930508864,current_growth_feature_generation,growth_champion_final,growth_v1_exposure_cap_60_dual_trend_filter,True,exact raw pre-signal target captured from expected_returns_model diagnostics
2026-08-13,ANNA,0.1377049687109017,0.1377049687109017,0.0006630510003555,2.912524654799908,194.63934780976317,0.0023918290986515,-0.0011552771730992,,raw_target_return_exact,True,False,False,"median 60D dollar volume below $50,000,000; 20D average volume below 500,000 shares; current price below $5","price below $5; median 20D dollar volume below $20,000,000; median 60D dollar volume below $50,000,000; 20D average volume below 500,000 shares; current price below $5","price below $5; median 20D dollar volume below $20,000,000; median 60D dollar volume below $50,000,000; 20D average volume below 500,000 shares; current price below $5",True,False,False,1272823.5099077225,,763,0.8585818873327024,not_a_final_holding,,,,,,,,,,,,,,,,0.8585818873327024,False,not_prior_position,new_or_unheld,0.43525840694911355,0.43525840694911355,0.43525840694911355,0.43525840694911355,0.6,0.6,0.6,0.43525840694911355,0.5054468713012599,fresh_selected_holdings_ohlcv,2026-08-13,True,777.6599731445312,702.2683215332031,733.030029296875,649.473754272461,False,False,SPY and QQQ above 200D MA,0.5054468713012599,fresh_selected_holdings_ohlcv,2026-08-13,True,0.0,0.5647415930508864,current_growth_feature_generation,growth_champion_final,growth_v1_exposure_cap_60_dual_trend_filter,True,exact raw pre-signal target captured from expected_returns_model diagnostics
2026-08-13,ANNX,0.0756422990567671,0.0756422990567671,0.0003832573525519,5.6836938220477125,190.2949609339737,0.0020615267268506,-0.0001968940305993,,raw_target_return_exact,True,False,True,,missing OHLCV data,missing OHLCV data,False,False,False,,,0,,not_a_final_holding,,,,,,,,,,,,,,,,,False,not_prior_position,new_or_unheld,0.43525840694911355,0.43525840694911355,0.43525840694911355,0.43525840694911355,0.6,0.6,0.6,0.43525840694911355,0.5054468713012599,fresh_selected_holdings_ohlcv,2026-08-13,True,777.6599731445312,702.2683215332031,733.030029296875,649.473754272461,False,False,SPY and QQQ above 200D MA,0.5054468713012599,fresh_selected_holdings_ohlcv,2026-08-13,True,0.0,0.5647415930508864,current_growth_feature_generation,growth_champion_final,growth_v1_exposure_cap_60_dual_trend_filter,True,exact raw pre-signal target captured from expected_returns_model diagnostics
2026-08-13,ANPA,0.2988568687355248,0.2988568687355248,0.0012706422968697,5.462342724973859,205.91998081148677,0.0010636055050412,-0.0003795563910513,,raw_target_return_exact,True,False,False,"median 60D dollar volume below $50,000,000; 20D average volume below 500,000 shares; current price below $5; reverse split/extreme discontinuity suspected","price below $5; median 20D dollar volume below $20,000,000; missing OHLCV data above 5%; median 60D dollar volume below $50,000,000; 20D average volume below 500,000 shares; current price below $5; reverse split/extreme discontinuity suspected","price below $5; median 20D dollar volume below $20,000,000; missing OHLCV data above 5%; median 60D dollar volume below $50,000,000; 20D average volume below 500,000 shares; current price below $5; reverse split/extreme discontinuity suspected",True,False,False,35065.99967479706,,784,0.9335893945729102,not_a_final_holding,,,,,,,,,,,,,,,,0.9335893945729102,False,not_prior_position,new_or_unheld,0.43525840694911355,0.43525840694911355,0.43525840694911355,0.43525840694911355,0.6,0.6,0.6,0.43525840694911355,0.5054468713012599,fresh_selected_holdings_ohlcv,2026-08-13,True,777.6599731445312,702.2683215332031,733.030029296875,649.473754272461,False,False,SPY and QQQ above 200D MA,0.5054468713012599,fresh_selected_holdings_ohlcv,2026-08-13,True,0.0,0.5647415930508864,current_growth_feature_generation,growth_champion_final,growth_v1_exposure_cap_60_dual_trend_filter,True,exact raw pre-signal target captured from expected_returns_model diagnostics
2026-08-13,ANTA,0.0801995457504443,0.0801995457504443,0.0004048045524185,3.991337249436792,190.6139682025311,0.0027834184466605,-0.0011595214698425,,raw_target_return_exact,True,False,True,,missing OHLCV data,missing OHLCV data,False,False,False,,,0,,not_a_final_holding,,,,,,,,,,,,,,,,,False,not_prior_position,new_or_unheld,0.43525840694911355,0.43525840694911355,0.43525840694911355,0.43525840694911355,0.6,0.6,0.6,0.43525840694911355,0.5054468713012599,fresh_selected_holdings_ohlcv,2026-08-13,True,777.6599731445312,702.2683215332031,733.030029296875,649.473754272461,False,False,SPY and QQQ above 200D MA,0.5054468713012599,fresh_selected_holdings_ohlcv,2026-08-13,True,0.0,0.5647415930508864,current_growth_feature_generation,growth_champion_final,growth_v1_exposure_cap_60_dual_trend_filter,True,exact raw pre-signal target captured from expected_returns_model diagnostics
2026-08-13,ANTX,0.1383406671015754,0.1383406671015754,0.0102870992403087,6.830044002609452,12.660222791798455,-0.006443801239803,0.0015389757066876,,raw_target_return_exact,True,False,False,"median 60D dollar volume below $50,000,000; 20D average volume below 500,000 shares","median 20D dollar volume below $20,000,000; median 60D dollar volume below $50,000,000; 20D average volume below 500,000 shares","median 20D dollar volume below $20,000,000; median 60D dollar volume below $50,000,000; 20D average volume below 500,000 shares",True,False,False,907148.957490921,,752,0.7559614404327748,not_a_final_holding,,,,,,,,,,,,,,,,0.7559614404327748,False,not_prior_position,new_or_unheld,0.43525840694911355,0.43525840694911355,0.43525840694911355,0.43525840694911355,0.6,0.6,0.6,0.43525840694911355,0.5054468713012599,fresh_selected_holdings_ohlcv,2026-08-13,True,777.6599731445312,702.2683215332031,733.030029296875,649.473754272461,False,False,SPY and QQQ above 200D MA,0.5054468713012599,fresh_selected_holdings_ohlcv,2026-08-13,True,0.0,0.5647415930508864,current_growth_feature_generation,growth_champion_final,growth_v1_exposure_cap_60_dual_trend_filter,True,exact raw pre-signal target captured from expected_returns_model diagnostics
2026-08-13,ANY,0.1545547302565935,0.1545547302565935,0.0007341863095757,2.378382678264431,195.81883111796157,0.0010636059809674,8.311591633290629e-05,,raw_target_return_exact,True,False,False,"median 60D dollar volume below $50,000,000; current price below $5; less than 2 years of trading history; 60D annualized volatility above 120%; reverse split/extreme discontinuity suspected","price below $5; median 20D dollar volume below $20,000,000; 1D absolute move above 80% in last 60D; suspicious spike/gap behavior; median 60D dollar volume below $50,000,000; current price below $5; less than 2 years of trading history; 60D annualized volatility above 120%; reverse split/extreme discontinuity suspected","price below $5; median 20D dollar volume below $20,000,000; 1D absolute move above 80% in last 60D; suspicious spike/gap behavior; median 60D dollar volume below $50,000,000; current price below $5; less than 2 years of trading history; 60D annualized volatility above 120%; reverse split/extreme discontinuity suspected",True,False,False,537498.483467102,,502,2.8429473129365364,not_a_final_holding,,,,,,,,,,,,,,,,2.8429473129365364,False,not_prior_position,new_or_unheld,0.43525840694911355,0.43525840694911355,0.43525840694911355,0.43525840694911355,0.6,0.6,0.6,0.43525840694911355,0.5054468713012599,fresh_selected_holdings_ohlcv,2026-08-13,True,777.6599731445312,702.2683215332031,733.030029296875,649.473754272461,False,False,SPY and QQQ above 200D MA,0.5054468713012599,fresh_selected_holdings_ohlcv,2026-08-13,True,0.0,0.5647415930508864,current_growth_feature_generation,growth_champion_final,growth_v1_exposure_cap_60_dual_trend_filter,True,exact raw pre-signal target captured from expected_returns_model diagnostics
2026-08-13,AOSL,0.0874357179301483,0.0874357179301483,0.0004386800810538,32.938428891681326,191.1205002551104,0.0010636018249615,-0.0003587192279949,,raw_target_return_exact,True,False,True,,missing OHLCV data,missing OHLCV data,False,False,False,,,0,,not_a_final_holding,,,,,,,,,,,,,,,,,False,not_prior_position,new_or_unheld,0.43525840694911355,0.43525840694911355,0.43525840694911355,0.43525840694911355,0.6,0.6,0.6,0.43525840694911355,0.5054468713012599,fresh_selected_holdings_ohlcv,2026-08-13,True,777.6599731445312,702.2683215332031,733.030029296875,649.473754272461,False,False,SPY and QQQ above 200D MA,0.5054468713012599,fresh_selected_holdings_ohlcv,2026-08-13,True,0.0,0.5647415930508864,current_growth_feature_generation,growth_champion_final,growth_v1_exposure_cap_60_dual_trend_filter,True,exact raw pre-signal target captured from expected_returns_model diagnostics
2026-08-13,AOUT,0.0684844402537052,0.0684844402537052,0.0003490775554582,13.804819049596766,189.79391081775933,0.0010635932201185,0.0004788566941635,,raw_target_return_exact,True,False,False,"median 60D dollar volume below $50,000,000; 20D average volume below 500,000 shares","median 20D dollar volume below $20,000,000; median 60D dollar volume below $50,000,000; 20D average volume below 500,000 shares","median 20D dollar volume below $20,000,000; median 60D dollar volume below $50,000,000; 20D average volume below 500,000 shares",True,False,False,321048.50783348083,,754,0.5729976081626791,not_a_final_holding,,,,,,,,,,,,,,,,0.5729976081626791,False,not_prior_position,new_or_unheld,0.43525840694911355,0.43525840694911355,0.43525840694911355,0.43525840694911355,0.6,0.6,0.6,0.43525840694911355,0.5054468713012599,fresh_selected_holdings_ohlcv,2026-08-13,True,777.6599731445312,702.2683215332031,733.030029296875,649.473754272461,False,False,SPY and QQQ above 200D MA,0.5054468713012599,fresh_selected_holdings_ohlcv,2026-08-13,True,0.0,0.5647415930508864,current_growth_feature_generation,growth_champion_final,growth_v1_exposure_cap_60_dual_trend_filter,True,exact raw pre-signal target captured from expected_returns_model diagnostics
2026-08-13,APA,0.0874511446079544,0.0874511446079544,0.0073728018644678,43.21531031197075,11.412925074299856,-0.0039800508223404,0.0015245313453708,,raw_target_return_exact,True,False,True,,missing OHLCV data,missing OHLCV data,False,False,False,,,0,,not_a_final_holding,,,,,,,,,,,,,,,,,False,not_prior_position,new_or_unheld,0.43525840694911355,0.43525840694911355,0.43525840694911355,0.43525840694911355,0.6,0.6,0.6,0.43525840694911355,0.5054468713012599,fresh_selected_holdings_ohlcv,2026-08-13,True,777.6599731445312,702.2683215332031,733.030029296875,649.473754272461,False,False,SPY and QQQ above 200D MA,0.5054468713012599,fresh_selected_holdings_ohlcv,2026-08-13,True,0.0,0.5647415930508864,current_growth_feature_generation,growth_champion_final,growth_v1_exposure_cap_60_dual_trend_filter,True,exact raw pre-signal target captured from expected_returns_model diagnostics
2026-08-13,APEI,0.0521740905401912,0.0521740905401912,0.0003017102848499,48.27374839782715,168.59305226365865,0.0010635887550684,-0.0002802341512893,,raw_target_return_exact,True,False,True,,missing OHLCV data,missing OHLCV data,False,False,False,,,0,,not_a_final_holding,,,,,,,,,,,,,,,,,False,not_prior_position,new_or_unheld,0.43525840694911355,0.43525840694911355,0.43525840694911355,0.43525840694911355,0.6,0.6,0.6,0.43525840694911355,0.5054468713012599,fresh_selected_holdings_ohlcv,2026-08-13,True,777.6599731445312,702.2683215332031,733.030029296875,649.473754272461,False,False,SPY and QQQ above 200D MA,0.5054468713012599,fresh_selected_holdings_ohlcv,2026-08-13,True,0.0,0.5647415930508864,current_growth_feature_generation,growth_champion_final,growth_v1_exposure_cap_60_dual_trend_filter,True,exact raw pre-signal target captured from expected_returns_model diagnostics
2026-08-13,APGE,0.0673871420201495,0.0673871420201495,0.0050679485175073,143.57423860979762,12.90045651669385,-0.0030995457671739,-0.0010256887913908,,raw_target_return_exact,True,False,True,,20D realized volatility above 150% annualized,20D realized volatility above 150% annualized,True,False,False,62506152.6763916,,752,1.0553440982250786,not_a_final_holding,,,,,,,,,,,,,,,,1.0553440982250786,False,not_prior_position,new_or_unheld,0.43525840694911355,0.43525840694911355,0.43525840694911355,0.43525840694911355,0.6,0.6,0.6,0.43525840694911355,0.5054468713012599,fresh_selected_holdings_ohlcv,2026-08-13,True,777.6599731445312,702.2683215332031,733.030029296875,649.473754272461,False,False,SPY and QQQ above 200D MA,0.5054468713012599,fresh_selected_holdings_ohlcv,2026-08-13,True,0.0,0.5647415930508864,current_growth_feature_generation,growth_champion_final,growth_v1_exposure_cap_60_dual_trend_filter,True,exact raw pre-signal target captured from expected_returns_model diagnostics
2026-08-13,API,0.1447641406781656,0.1447641406781656,0.0037099486318286,5.437744300098014,36.509740093303805,-0.0021691886498588,0.0004511646462106,,raw_target_return_exact,True,False,True,,missing OHLCV data,missing OHLCV data,False,False,False,,,0,,not_a_final_holding,,,,,,,,,,,,,,,,,False,not_prior_position,new_or_unheld,0.43525840694911355,0.43525840694911355,0.43525840694911355,0.43525840694911355,0.6,0.6,0.6,0.43525840694911355,0.5054468713012599,fresh_selected_holdings_ohlcv,2026-08-13,True,777.6599731445312,702.2683215332031,733.030029296875,649.473754272461,False,False,SPY and QQQ above 200D MA,0.5054468713012599,fresh_selected_holdings_ohlcv,2026-08-13,True,0.0,0.5647415930508864,current_growth_feature_generation,growth_champion_final,growth_v1_exposure_cap_60_dual_trend_filter,True,exact raw pre-signal target captured from expected_returns_model diagnostics
2026-08-13,APLD,0.1350944187107718,0.1350944187107718,0.0006518530369346,34.64875669814215,194.45660930975404,0.0010635991866273,-0.0004052115443571,,raw_target_return_exact,True,False,True,,missing OHLCV data,missing OHLCV data,False,False,False,,,0,,not_a_final_holding,,,,,,,,,,,,,,,,,False,not_prior_position,new_or_unheld,0.43525840694911355,0.43525840694911355,0.43525840694911355,0.43525840694911355,0.6,0.6,0.6,0.43525840694911355,0.5054468713012599,fresh_selected_holdings_ohlcv,2026-08-13,True,777.6599731445312,702.2683215332031,733.030029296875,649.473754272461,False,False,SPY and QQQ above 200D MA,0.5054468713012599,fresh_selected_holdings_ohlcv,2026-08-13,True,0.0,0.5647415930508864,current_growth_feature_generation,growth_champion_final,growth_v1_exposure_cap_60_dual_trend_filter,True,exact raw pre-signal target captured from expected_returns_model diagnostics
2026-08-13,APLM,0.150432417854317,0.150432417854317,0.001961106107247,20.03109961556178,71.52864114283537,-0.0006531259104501,0.0002170098492497,,raw_target_return_exact,True,False,False,"median 60D dollar volume below $50,000,000; 20D average volume below 500,000 shares; 60D annualized volatility above 120%","median 20D dollar volume below $20,000,000; 20D realized volatility above 150% annualized; median 60D dollar volume below $50,000,000; 20D average volume below 500,000 shares; 60D annualized volatility above 120%","median 20D dollar volume below $20,000,000; 20D realized volatility above 150% annualized; median 60D dollar volume below $50,000,000; 20D average volume below 500,000 shares; 60D annualized volatility above 120%",True,False,False,118089.99953269958,,768,1.3136622459273701,not_a_final_holding,,,,,,,,,,,,,,,,1.3136622459273701,False,not_prior_position,new_or_unheld,0.43525840694911355,0.43525840694911355,0.43525840694911355,0.43525840694911355,0.6,0.6,0.6,0.43525840694911355,0.5054468713012599,fresh_selected_holdings_ohlcv,2026-08-13,True,777.6599731445312,702.2683215332031,733.030029296875,649.473754272461,False,False,SPY and QQQ above 200D MA,0.5054468713012599,fresh_selected_holdings_ohlcv,2026-08-13,True,0.0,0.5647415930508864,current_growth_feature_generation,growth_champion_final,growth_v1_exposure_cap_60_dual_trend_filter,True,exact raw pre-signal target captured from expected_returns_model diagnostics
2026-08-13,APOG,0.0497550872594052,0.0497550872594052,0.0024375277642583,44.551604461669925,19.94481573224693,-0.0004312721520896,5.546086107234029e-05,,raw_target_return_exact,True,False,True,,missing OHLCV data,missing OHLCV data,False,False,False,,,0,,not_a_final_holding,,,,,,,,,,,,,,,,,False,not_prior_position,new_or_unheld,0.43525840694911355,0.43525840694911355,0.43525840694911355,0.43525840694911355,0.6,0.6,0.6,0.43525840694911355,0.5054468713012599,fresh_selected_holdings_ohlcv,2026-08-13,True,777.6599731445312,702.2683215332031,733.030029296875,649.473754272461,False,False,SPY and QQQ above 200D MA,0.5054468713012599,fresh_selected_holdings_ohlcv,2026-08-13,True,0.0,0.5647415930508864,current_growth_feature_generation,growth_champion_final,growth_v1_exposure_cap_60_dual_trend_filter,True,exact raw pre-signal target captured from expected_returns_model diagnostics
2026-08-13,APPF,0.0585485859381156,0.0585485859381156,0.0063196540347687,213.7950591940948,9.03187299218324,-0.0037563575388474,-1.893544140987348e-05,,raw_target_return_exact,True,False,True,,missing OHLCV data,missing OHLCV data,False,False,False,,,0,,not_a_final_holding,,,,,,,,,,,,,,,,,False,not_prior_position,new_or_unheld,0.43525840694911355,0.43525840694911355,0.43525840694911355,0.43525840694911355,0.6,0.6,0.6,0.43525840694911355,0.5054468713012599,fresh_selected_holdings_ohlcv,2026-08-13,True,777.6599731445312,702.2683215332031,733.030029296875,649.473754272461,False,False,SPY and QQQ above 200D MA,0.5054468713012599,fresh_selected_holdings_ohlcv,2026-08-13,True,0.0,0.5647415930508864,current_growth_feature_generation,growth_champion_final,growth_v1_exposure_cap_60_dual_trend_filter,True,exact raw pre-signal target captured from expected_returns_model diagnostics
2026-08-13,APPN,0.1560834644434339,0.1560834644434339,0.0133360403957416,40.84443091563857,10.9479984404701,-0.0068544197676111,0.0045041906643651,,raw_target_return_exact,True,False,True,,missing OHLCV data,missing OHLCV data,False,False,False,,,0,,not_a_final_holding,,,,,,,,,,,,,,,,,False,not_prior_position,new_or_unheld,0.43525840694911355,0.43525840694911355,0.43525840694911355,0.43525840694911355,0.6,0.6,0.6,0.43525840694911355,0.5054468713012599,fresh_selected_holdings_ohlcv,2026-08-13,True,777.6599731445312,702.2683215332031,733.030029296875,649.473754272461,False,False,SPY and QQQ above 200D MA,0.5054468713012599,fresh_selected_holdings_ohlcv,2026-08-13,True,0.0,0.5647415930508864,current_growth_feature_generation,growth_champion_final,growth_v1_exposure_cap_60_dual_trend_filter,True,exact raw pre-signal target captured from expected_returns_model diagnostics
2026-08-13,APPS,0.1391099695380959,0.1391099695380959,0.0048933752441204,14.443914761371833,26.68212379152018,-0.0031302775943165,0.0004983673434056,,raw_target_return_exact,True,False,False,"median 60D dollar volume below $50,000,000; 60D annualized volatility above 120%","20D realized volatility above 150% annualized; median 60D dollar volume below $50,000,000; 60D annualized volatility above 120%","20D realized volatility above 150% annualized; median 60D dollar volume below $50,000,000; 60D annualized volatility above 120%",True,False,False,42890817.688941956,,778,1.4857925063443258,not_a_final_holding,,,,,,,,,,,,,,,,1.4857925063443258,False,not_prior_position,new_or_unheld,0.43525840694911355,0.43525840694911355,0.43525840694911355,0.43525840694911355,0.6,0.6,0.6,0.43525840694911355,0.5054468713012599,fresh_selected_holdings_ohlcv,2026-08-13,True,777.6599731445312,702.2683215332031,733.030029296875,649.473754272461,False,False,SPY and QQQ above 200D MA,0.5054468713012599,fresh_selected_holdings_ohlcv,2026-08-13,True,0.0,0.5647415930508864,current_growth_feature_generation,growth_champion_final,growth_v1_exposure_cap_60_dual_trend_filter,True,exact raw pre-signal target captured from expected_returns_model diagnostics
2026-08-13,APVO,0.0935032239749671,0.0935032239749671,0.000466768978053,3.7725861748559337,191.5452256782477,0.0010636000204612,2.0009798944836264e-05,,raw_target_return_exact,True,False,False,"median 60D dollar volume below $50,000,000; 20D average volume below 500,000 shares; current price below $5; less than 2 years of trading history","price below $5; median 20D dollar volume below $20,000,000; median 60D dollar volume below $50,000,000; 20D average volume below 500,000 shares; current price below $5; less than 2 years of trading history","price below $5; median 20D dollar volume below $20,000,000; median 60D dollar volume below $50,000,000; 20D average volume below 500,000 shares; current price below $5; less than 2 years of trading history",True,False,False,94257.9999923706,,501,0.6359532292446853,not_a_final_holding,,,,,,,,,,,,,,,,0.6359532292446853,False,not_prior_position,new_or_unheld,0.43525840694911355,0.43525840694911355,0.43525840694911355,0.43525840694911355,0.6,0.6,0.6,0.43525840694911355,0.5054468713012599,fresh_selected_holdings_ohlcv,2026-08-13,True,777.6599731445312,702.2683215332031,733.030029296875,649.473754272461,False,False,SPY and QQQ above 200D MA,0.5054468713012599,fresh_selected_holdings_ohlcv,2026-08-13,True,0.0,0.5647415930508864,current_growth_feature_generation,growth_champion_final,growth_v1_exposure_cap_60_dual_trend_filter,True,exact raw pre-signal target captured from expected_returns_model diagnostics
2026-08-13,APWC,0.0637697821469751,0.0637697821469751,0.000326337041979,1.638205423926745,189.46388475028823,0.0010635985483755,0.0001250595216483,,raw_target_return_exact,True,False,False,"median 60D dollar volume below $50,000,000; current price below $5","price below $5; median 20D dollar volume below $20,000,000; 20D realized volatility above 150% annualized; median 60D dollar volume below $50,000,000; current price below $5","price below $5; median 20D dollar volume below $20,000,000; 20D realized volatility above 150% annualized; median 60D dollar volume below $50,000,000; current price below $5",True,False,False,6621.999979019165,,752,1.027398107639869,not_a_final_holding,,,,,,,,,,,,,,,,1.027398107639869,False,not_prior_position,new_or_unheld,0.43525840694911355,0.43525840694911355,0.43525840694911355,0.43525840694911355,0.6,0.6,0.6,0.43525840694911355,0.5054468713012599,fresh_selected_holdings_ohlcv,2026-08-13,True,777.6599731445312,702.2683215332031,733.030029296875,649.473754272461,False,False,SPY and QQQ above 200D MA,0.5054468713012599,fresh_selected_holdings_ohlcv,2026-08-13,True,0.0,0.5647415930508864,current_growth_feature_generation,growth_champion_final,growth_v1_exposure_cap_60_dual_trend_filter,True,exact raw pre-signal target captured from expected_returns_model diagnostics
2026-08-13,APYX,0.0774508458199816,0.0774508458199816,0.0003918282014285,3.173092669012242,190.4215592073987,0.0010635977994928,-9.72127002177462e-05,,raw_target_return_exact,True,False,True,,missing OHLCV data,missing OHLCV data,False,False,False,,,0,,not_a_final_holding,,,,,,,,,,,,,,,,,False,not_prior_position,new_or_unheld,0.43525840694911355,0.43525840694911355,0.43525840694911355,0.43525840694911355,0.6,0.6,0.6,0.43525840694911355,0.5054468713012599,fresh_selected_holdings_ohlcv,2026-08-13,True,777.6599731445312,702.2683215332031,733.030029296875,649.473754272461,False,False,SPY and QQQ above 200D MA,0.5054468713012599,fresh_selected_holdings_ohlcv,2026-08-13,True,0.0,0.5647415930508864,current_growth_feature_generation,growth_champion_final,growth_v1_exposure_cap_60_dual_trend_filter,True,exact raw pre-signal target captured from expected_returns_model diagnostics
2026-08-13,AQB,0.3475166978918365,0.3475166978918365,0.0188247475995166,1.967509204356155,15.992886734873943,-0.0108067005900218,0.0055284941781649,,raw_target_return_exact,True,False,False,"median 60D dollar volume below $50,000,000; 20D average volume below 500,000 shares; current price below $5","price below $5; median 20D dollar volume below $20,000,000; median 60D dollar volume below $50,000,000; 20D average volume below 500,000 shares; current price below $5","price below $5; median 20D dollar volume below $20,000,000; median 60D dollar volume below $50,000,000; 20D average volume below 500,000 shares; current price below $5",True,False,False,25459.749990701675,,752,0.711890941974475,not_a_final_holding,,,,,,,,,,,,,,,,0.711890941974475,False,not_prior_position,new_or_unheld,0.43525840694911355,0.43525840694911355,0.43525840694911355,0.43525840694911355,0.6,0.6,0.6,0.43525840694911355,0.5054468713012599,fresh_selected_holdings_ohlcv,2026-08-13,True,777.6599731445312,702.2683215332031,733.030029296875,649.473754272461,False,False,SPY and QQQ above 200D MA,0.5054468713012599,fresh_selected_holdings_ohlcv,2026-08-13,True,0.0,0.5647415930508864,current_growth_feature_generation,growth_champion_final,growth_v1_exposure_cap_60_dual_trend_filter,True,exact raw pre-signal target captured from expected_returns_model diagnostics
2026-08-13,AQMS,0.3043394417301936,0.3043394417301936,0.0021742829536814,3.7044545136390714,122.33250628166954,0.0003227268175885,-0.0011816359178364,,raw_target_return_exact,True,False,False,"median 60D dollar volume below $50,000,000; 20D average volume below 500,000 shares; current price below $5; reverse split/extreme discontinuity suspected","price below $5; median 20D dollar volume below $20,000,000; median 60D dollar volume below $50,000,000; 20D average volume below 500,000 shares; current price below $5; reverse split/extreme discontinuity suspected","price below $5; median 20D dollar volume below $20,000,000; median 60D dollar volume below $50,000,000; 20D average volume below 500,000 shares; current price below $5; reverse split/extreme discontinuity suspected",True,False,False,134092.50110387802,,782,0.7881564397137139,not_a_final_holding,,,,,,,,,,,,,,,,0.7881564397137139,False,not_prior_position,new_or_unheld,0.43525840694911355,0.43525840694911355,0.43525840694911355,0.43525840694911355,0.6,0.6,0.6,0.43525840694911355,0.5054468713012599,fresh_selected_holdings_ohlcv,2026-08-13,True,777.6599731445312,702.2683215332031,733.030029296875,649.473754272461,False,False,SPY and QQQ above 200D MA,0.5054468713012599,fresh_selected_holdings_ohlcv,2026-08-13,True,0.0,0.5647415930508864,current_growth_feature_generation,growth_champion_final,growth_v1_exposure_cap_60_dual_trend_filter,True,exact raw pre-signal target captured from expected_returns_model diagnostics
2026-08-13,AQST,0.1413119725226175,0.1413119725226175,0.0006784444534913,4.844869192745722,194.8918380765832,0.0010635965636787,-0.0001942465182748,,raw_target_return_exact,True,False,True,,missing OHLCV data,missing OHLCV data,False,False,False,,,0,,not_a_final_holding,,,,,,,,,,,,,,,,,False,not_prior_position,new_or_unheld,0.43525840694911355,0.43525840694911355,0.43525840694911355,0.43525840694911355,0.6,0.6,0.6,0.43525840694911355,0.5054468713012599,fresh_selected_holdings_ohlcv,2026-08-13,True,777.6599731445312,702.2683215332031,733.030029296875,649.473754272461,False,False,SPY and QQQ above 200D MA,0.5054468713012599,fresh_selected_holdings_ohlcv,2026-08-13,True,0.0,0.5647415930508864,current_growth_feature_generation,growth_champion_final,growth_v1_exposure_cap_60_dual_trend_filter,True,exact raw pre-signal target captured from expected_returns_model diagnostics
2026-08-13,ARBB,0.118279615180308,0.118279615180308,0.0005785597547245,4.685591651593963,193.27957306262155,0.0015376033274037,-0.0001553918962989,,raw_target_return_exact,True,False,True,,missing OHLCV data,missing OHLCV data,False,False,False,,,0,,not_a_final_holding,,,,,,,,,,,,,,,,,False,not_prior_position,new_or_unheld,0.43525840694911355,0.43525840694911355,0.43525840694911355,0.43525840694911355,0.6,0.6,0.6,0.43525840694911355,0.5054468713012599,fresh_selected_holdings_ohlcv,2026-08-13,True,777.6599731445312,702.2683215332031,733.030029296875,649.473754272461,False,False,SPY and QQQ above 200D MA,0.5054468713012599,fresh_selected_holdings_ohlcv,2026-08-13,True,0.0,0.5647415930508864,current_growth_feature_generation,growth_champion_final,growth_v1_exposure_cap_60_dual_trend_filter,True,exact raw pre-signal target captured from expected_returns_model diagnostics
2026-08-13,ARBK,0.1629523873168028,0.1629523873168028,0.0007689146522711,3.372445580955097,196.4066671121762,0.0014680354398221,0.0002065851105107,,raw_target_return_exact,True,False,False,"median 60D dollar volume below $50,000,000; 20D average volume below 500,000 shares; current price below $5; reverse split/extreme discontinuity suspected","price below $5; median 20D dollar volume below $20,000,000; median 60D dollar volume below $50,000,000; 20D average volume below 500,000 shares; current price below $5; reverse split/extreme discontinuity suspected","price below $5; median 20D dollar volume below $20,000,000; median 60D dollar volume below $50,000,000; 20D average volume below 500,000 shares; current price below $5; reverse split/extreme discontinuity suspected",True,False,False,68625.99997520447,,755,0.8830755153002596,not_a_final_holding,,,,,,,,,,,,,,,,0.8830755153002596,False,not_prior_position,new_or_unheld,0.43525840694911355,0.43525840694911355,0.43525840694911355,0.43525840694911355,0.6,0.6,0.6,0.43525840694911355,0.5054468713012599,fresh_selected_holdings_ohlcv,2026-08-13,True,777.6599731445312,702.2683215332031,733.030029296875,649.473754272461,False,False,SPY and QQQ above 200D MA,0.5054468713012599,fresh_selected_holdings_ohlcv,2026-08-13,True,0.0,0.5647415930508864,current_growth_feature_generation,growth_champion_final,growth_v1_exposure_cap_60_dual_trend_filter,True,exact raw pre-signal target captured from expected_returns_model diagnostics
2026-08-13,ARCB,0.0941237562183934,0.0941237562183934,0.0005521986514682,160.7594953175452,162.94616792810214,0.0010635869772475,-0.0003712418308802,,raw_target_return_exact,True,False,True,,missing OHLCV data,missing OHLCV data,False,False,False,,,0,,not_a_final_holding,,,,,,,,,,,,,,,,,False,not_prior_position,new_or_unheld,0.43525840694911355,0.43525840694911355,0.43525840694911355,0.43525840694911355,0.6,0.6,0.6,0.43525840694911355,0.5054468713012599,fresh_selected_holdings_ohlcv,2026-08-13,True,777.6599731445312,702.2683215332031,733.030029296875,649.473754272461,False,False,SPY and QQQ above 200D MA,0.5054468713012599,fresh_selected_holdings_ohlcv,2026-08-13,True,0.0,0.5647415930508864,current_growth_feature_generation,growth_champion_final,growth_v1_exposure_cap_60_dual_trend_filter,True,exact raw pre-signal target captured from expected_returns_model diagnostics
2026-08-13,ARCC,0.05,0.05,0.006922178879019,21.194249439239503,7.07274949073213,0.0006286571646223,0.0056733024394328,,raw_target_return_exact,True,False,True,,missing OHLCV data,missing OHLCV data,False,False,False,,,0,,not_a_final_holding,,,,,,,,,,,,,,,,,False,not_prior_position,new_or_unheld,0.43525840694911355,0.43525840694911355,0.43525840694911355,0.43525840694911355,0.6,0.6,0.6,0.43525840694911355,0.5054468713012599,fresh_selected_holdings_ohlcv,2026-08-13,True,777.6599731445312,702.2683215332031,733.030029296875,649.473754272461,False,False,SPY and QQQ above 200D MA,0.5054468713012599,fresh_selected_holdings_ohlcv,2026-08-13,True,0.0,0.5647415930508864,current_growth_feature_generation,growth_champion_final,growth_v1_exposure_cap_60_dual_trend_filter,True,exact raw pre-signal target captured from expected_returns_model diagnostics
2026-08-13,ARCT,0.2353498048091908,0.2353498048091908,0.0035845106713106,9.672788877406257,59.06880098736648,-0.0005423635938281,-0.0003316002209432,,raw_target_return_exact,True,False,True,,missing OHLCV data,missing OHLCV data,False,False,False,,,0,,not_a_final_holding,,,,,,,,,,,,,,,,,False,not_prior_position,new_or_unheld,0.43525840694911355,0.43525840694911355,0.43525840694911355,0.43525840694911355,0.6,0.6,0.6,0.43525840694911355,0.5054468713012599,fresh_selected_holdings_ohlcv,2026-08-13,True,777.6599731445312,702.2683215332031,733.030029296875,649.473754272461,False,False,SPY and QQQ above 200D MA,0.5054468713012599,fresh_selected_holdings_ohlcv,2026-08-13,True,0.0,0.5647415930508864,current_growth_feature_generation,growth_champion_final,growth_v1_exposure_cap_60_dual_trend_filter,True,exact raw pre-signal target captured from expected_returns_model diagnostics
2026-08-13,ARDX,0.0591011082291752,0.0591011082291752,0.0003036382664134,4.11460779536997,189.13707757604223,0.001063593553049,-0.0010380829246965,,raw_target_return_exact,True,False,True,,missing OHLCV data,missing OHLCV data,False,False,False,,,0,,not_a_final_holding,,,,,,,,,,,,,,,,,False,not_prior_position,new_or_unheld,0.43525840694911355,0.43525840694911355,0.43525840694911355,0.43525840694911355,0.6,0.6,0.6,0.43525840694911355,0.5054468713012599,fresh_selected_holdings_ohlcv,2026-08-13,True,777.6599731445312,702.2683215332031,733.030029296875,649.473754272461,False,False,SPY and QQQ above 200D MA,0.5054468713012599,fresh_selected_holdings_ohlcv,2026-08-13,True,0.0,0.5647415930508864,current_growth_feature_generation,growth_champion_final,growth_v1_exposure_cap_60_dual_trend_filter,True,exact raw pre-signal target captured from expected_returns_model diagnostics
2026-08-13,ARGX,0.05,0.05,0.0009572919143112,904.9320281982424,50.991252438595936,0.000447270922595,-0.0010647526722552,,raw_target_return_exact,True,False,True,,missing OHLCV data,missing OHLCV data,False,False,False,,,0,,not_a_final_holding,,,,,,,,,,,,,,,,,False,not_prior_position,new_or_unheld,0.43525840694911355,0.43525840694911355,0.43525840694911355,0.43525840694911355,0.6,0.6,0.6,0.43525840694911355,0.5054468713012599,fresh_selected_holdings_ohlcv,2026-08-13,True,777.6599731445312,702.2683215332031,733.030029296875,649.473754272461,False,False,SPY and QQQ above 200D MA,0.5054468713012599,fresh_selected_holdings_ohlcv,2026-08-13,True,0.0,0.5647415930508864,current_growth_feature_generation,growth_champion_final,growth_v1_exposure_cap_60_dual_trend_filter,True,exact raw pre-signal target captured from expected_returns_model diagnostics
2026-08-13,ARHS,0.1447510178933209,0.1447510178933209,0.0087854846223014,11.258626304649596,15.455053899427185,-0.005348197395768,0.0015150800755438,,raw_target_return_exact,True,False,True,,missing OHLCV data,missing OHLCV data,False,False,False,,,0,,not_a_final_holding,,,,,,,,,,,,,,,,,False,not_prior_position,new_or_unheld,0.43525840694911355,0.43525840694911355,0.43525840694911355,0.43525840694911355,0.6,0.6,0.6,0.43525840694911355,0.5054468713012599,fresh_selected_holdings_ohlcv,2026-08-13,True,777.6599731445312,702.2683215332031,733.030029296875,649.473754272461,False,False,SPY and QQQ above 200D MA,0.5054468713012599,fresh_selected_holdings_ohlcv,2026-08-13,True,0.0,0.5647415930508864,current_growth_feature_generation,growth_champion_final,growth_v1_exposure_cap_60_dual_trend_filter,True,exact raw pre-signal target captured from expected_returns_model diagnostics
2026-08-13,ARKO,0.0528279691377058,0.0528279691377058,0.0002728533533742,4.658763964245347,188.6979578396394,0.0010774101683866,7.025656840084027e-05,,raw_target_return_exact,True,False,True,,missing OHLCV data,missing OHLCV data,False,False,False,,,0,,not_a_final_holding,,,,,,,,,,,,,,,,,False,not_prior_position,new_or_unheld,0.43525840694911355,0.43525840694911355,0.43525840694911355,0.43525840694911355,0.6,0.6,0.6,0.43525840694911355,0.5054468713012599,fresh_selected_holdings_ohlcv,2026-08-13,True,777.6599731445312,702.2683215332031,733.030029296875,649.473754272461,False,False,SPY and QQQ above 200D MA,0.5054468713012599,fresh_selected_holdings_ohlcv,2026-08-13,True,0.0,0.5647415930508864,current_growth_feature_generation,growth_champion_final,growth_v1_exposure_cap_60_dual_trend_filter,True,exact raw pre-signal target captured from expected_returns_model diagnostics
2026-08-13,ARQ,0.1607432173496934,0.1607432173496934,0.0008795420098892,2.6697093445557454,169.5496585410868,0.0006527744063872,0.0001527413026614,,raw_target_return_exact,True,False,True,,missing OHLCV data,missing OHLCV data,False,False,False,,,0,,not_a_final_holding,,,,,,,,,,,,,,,,,False,not_prior_position,new_or_unheld,0.43525840694911355,0.43525840694911355,0.43525840694911355,0.43525840694911355,0.6,0.6,0.6,0.43525840694911355,0.5054468713012599,fresh_selected_holdings_ohlcv,2026-08-13,True,777.6599731445312,702.2683215332031,733.030029296875,649.473754272461,False,False,SPY and QQQ above 200D MA,0.5054468713012599,fresh_selected_holdings_ohlcv,2026-08-13,True,0.0,0.5647415930508864,current_growth_feature_generation,growth_champion_final,growth_v1_exposure_cap_60_dual_trend_filter,True,exact raw pre-signal target captured from expected_returns_model diagnostics
2026-08-13,ARQQ,0.1938698956106785,0.1938698956106785,0.0055912652102791,28.093906793409367,31.780815802379383,-0.0036764726779398,0.000393074463939,,raw_target_return_exact,True,False,False,"median 60D dollar volume below $50,000,000; 20D average volume below 500,000 shares; 60D annualized volatility above 120%","median 20D dollar volume below $20,000,000; median 60D dollar volume below $50,000,000; 20D average volume below 500,000 shares; 60D annualized volatility above 120%","median 20D dollar volume below $20,000,000; median 60D dollar volume below $50,000,000; 20D average volume below 500,000 shares; 60D annualized volatility above 120%",True,False,False,8362693.769836426,,784,1.6124067142527247,not_a_final_holding,,,,,,,,,,,,,,,,1.6124067142527247,False,not_prior_position,new_or_unheld,0.43525840694911355,0.43525840694911355,0.43525840694911355,0.43525840694911355,0.6,0.6,0.6,0.43525840694911355,0.5054468713012599,fresh_selected_holdings_ohlcv,2026-08-13,True,777.6599731445312,702.2683215332031,733.030029296875,649.473754272461,False,False,SPY and QQQ above 200D MA,0.5054468713012599,fresh_selected_holdings_ohlcv,2026-08-13,True,0.0,0.5647415930508864,current_growth_feature_generation,growth_champion_final,growth_v1_exposure_cap_60_dual_trend_filter,True,exact raw pre-signal target captured from expected_returns_model diagnostics
2026-08-13,ARQT,0.052617945785071,0.052617945785071,0.0003000411412596,27.315436496206356,170.93667656980884,0.0016510782522919,-1.2634887049117836e-05,,raw_target_return_exact,True,False,True,,missing OHLCV data,missing OHLCV data,False,False,False,,,0,,not_a_final_holding,,,,,,,,,,,,,,,,,False,not_prior_position,new_or_unheld,0.43525840694911355,0.43525840694911355,0.43525840694911355,0.43525840694911355,0.6,0.6,0.6,0.43525840694911355,0.5054468713012599,fresh_selected_holdings_ohlcv,2026-08-13,True,777.6599731445312,702.2683215332031,733.030029296875,649.473754272461,False,False,SPY and QQQ above 200D MA,0.5054468713012599,fresh_selected_holdings_ohlcv,2026-08-13,True,0.0,0.5647415930508864,current_growth_feature_generation,growth_champion_final,growth_v1_exposure_cap_60_dual_trend_filter,True,exact raw pre-signal target captured from expected_returns_model diagnostics
2026-08-13,ARRY,0.0809687137602828,0.0809687137602828,0.0004084249707492,5.680490714517338,190.6678099632198,0.0010635970136392,-0.0001725435888846,,raw_target_return_exact,True,False,True,,missing OHLCV data,missing OHLCV data,False,False,False,,,0,,not_a_final_holding,,,,,,,,,,,,,,,,,False,not_prior_position,new_or_unheld,0.43525840694911355,0.43525840694911355,0.43525840694911355,0.43525840694911355,0.6,0.6,0.6,0.43525840694911355,0.5054468713012599,fresh_selected_holdings_ohlcv,2026-08-13,True,777.6599731445312,702.2683215332031,733.030029296875,649.473754272461,False,False,SPY and QQQ above 200D MA,0.5054468713012599,fresh_selected_holdings_ohlcv,2026-08-13,True,0.0,0.5647415930508864,current_growth_feature_generation,growth_champion_final,growth_v1_exposure_cap_60_dual_trend_filter,True,exact raw pre-signal target captured from expected_returns_model diagnostics
2026-08-13,ARTL,0.3376269491736094,0.3376269491736094,0.0013952671253265,1.0600693827332948,208.63388644215263,0.001063603554799,-0.0004540812210211,,raw_target_return_exact,True,False,False,"median 60D dollar volume below $50,000,000; 20D average volume below 500,000 shares; current price below $5; 60D annualized volatility above 120%; reverse split/extreme discontinuity suspected","price below $5; median 20D dollar volume below $20,000,000; median 60D dollar volume below $50,000,000; 20D average volume below 500,000 shares; current price below $5; 60D annualized volatility above 120%; reverse split/extreme discontinuity suspected","price below $5; median 20D dollar volume below $20,000,000; median 60D dollar volume below $50,000,000; 20D average volume below 500,000 shares; current price below $5; 60D annualized volatility above 120%; reverse split/extreme discontinuity suspected",True,False,False,277223.2470333576,,784,1.3502671147931455,not_a_final_holding,,,,,,,,,,,,,,,,1.3502671147931455,False,not_prior_position,new_or_unheld,0.43525840694911355,0.43525840694911355,0.43525840694911355,0.43525840694911355,0.6,0.6,0.6,0.43525840694911355,0.5054468713012599,fresh_selected_holdings_ohlcv,2026-08-13,True,777.6599731445312,702.2683215332031,733.030029296875,649.473754272461,False,False,SPY and QQQ above 200D MA,0.5054468713012599,fresh_selected_holdings_ohlcv,2026-08-13,True,0.0,0.5647415930508864,current_growth_feature_generation,growth_champion_final,growth_v1_exposure_cap_60_dual_trend_filter,True,exact raw pre-signal target captured from expected_returns_model diagnostics
2026-08-13,ARTNA,0.05,0.05,0.0018341257406291,37.35900192260743,26.62570677167798,-0.0005328254250097,0.0001165039471251,,raw_target_return_exact,True,False,True,,missing OHLCV data,missing OHLCV data,False,False,False,,,0,,not_a_final_holding,,,,,,,,,,,,,,,,,False,not_prior_position,new_or_unheld,0.43525840694911355,0.43525840694911355,0.43525840694911355,0.43525840694911355,0.6,0.6,0.6,0.43525840694911355,0.5054468713012599,fresh_selected_holdings_ohlcv,2026-08-13,True,777.6599731445312,702.2683215332031,733.030029296875,649.473754272461,False,False,SPY and QQQ above 200D MA,0.5054468713012599,fresh_selected_holdings_ohlcv,2026-08-13,True,0.0,0.5647415930508864,current_growth_feature_generation,growth_champion_final,growth_v1_exposure_cap_60_dual_trend_filter,True,exact raw pre-signal target captured from expected_returns_model diagnostics
2026-08-13,ARTV,0.1888179927776647,0.1888179927776647,0.007561462385957,13.481196219497948,22.960191263263013,-0.0050133138492722,9.681559069526016e-06,,raw_target_return_exact,True,False,False,"median 60D dollar volume below $50,000,000; 20D average volume below 500,000 shares; reverse split/extreme discontinuity suspected","median 20D dollar volume below $20,000,000; missing OHLCV data above 5%; median 60D dollar volume below $50,000,000; 20D average volume below 500,000 shares; reverse split/extreme discontinuity suspected","median 20D dollar volume below $20,000,000; missing OHLCV data above 5%; median 60D dollar volume below $50,000,000; 20D average volume below 500,000 shares; reverse split/extreme discontinuity suspected",True,False,False,4329696.018791199,,784,0.8357545206475269,not_a_final_holding,,,,,,,,,,,,,,,,0.8357545206475269,False,not_prior_position,new_or_unheld,0.43525840694911355,0.43525840694911355,0.43525840694911355,0.43525840694911355,0.6,0.6,0.6,0.43525840694911355,0.5054468713012599,fresh_selected_holdings_ohlcv,2026-08-13,True,777.6599731445312,702.2683215332031,733.030029296875,649.473754272461,False,False,SPY and QQQ above 200D MA,0.5054468713012599,fresh_selected_holdings_ohlcv,2026-08-13,True,0.0,0.5647415930508864,current_growth_feature_generation,growth_champion_final,growth_v1_exposure_cap_60_dual_trend_filter,True,exact raw pre-signal target captured from expected_returns_model diagnostics
2026-08-13,ARVN,0.0738487488189345,0.0738487488189345,0.0032238033381637,9.51429954585905,22.136567877171505,-0.0003679624916679,0.0004913947367849,,raw_target_return_exact,True,False,True,,missing OHLCV data,missing OHLCV data,False,False,False,,,0,,not_a_final_holding,,,,,,,,,,,,,,,,,False,not_prior_position,new_or_unheld,0.43525840694911355,0.43525840694911355,0.43525840694911355,0.43525840694911355,0.6,0.6,0.6,0.43525840694911355,0.5054468713012599,fresh_selected_holdings_ohlcv,2026-08-13,True,777.6599731445312,702.2683215332031,733.030029296875,649.473754272461,False,False,SPY and QQQ above 200D MA,0.5054468713012599,fresh_selected_holdings_ohlcv,2026-08-13,True,0.0,0.5647415930508864,current_growth_feature_generation,growth_champion_final,growth_v1_exposure_cap_60_dual_trend_filter,True,exact raw pre-signal target captured from expected_returns_model diagnostics
2026-08-13,ASLE,0.05,0.05,0.0003624606803243,6.011249899864197,134.6325506252398,0.0010635797016466,-0.0012376482376511,,raw_target_return_exact,True,False,True,,missing OHLCV data,missing OHLCV data,False,False,False,,,0,,not_a_final_holding,,,,,,,,,,,,,,,,,False,not_prior_position,new_or_unheld,0.43525840694911355,0.43525840694911355,0.43525840694911355,0.43525840694911355,0.6,0.6,0.6,0.43525840694911355,0.5054468713012599,fresh_selected_holdings_ohlcv,2026-08-13,True,777.6599731445312,702.2683215332031,733.030029296875,649.473754272461,False,False,SPY and QQQ above 200D MA,0.5054468713012599,fresh_selected_holdings_ohlcv,2026-08-13,True,0.0,0.5647415930508864,current_growth_feature_generation,growth_champion_final,growth_v1_exposure_cap_60_dual_trend_filter,True,exact raw pre-signal target captured from expected_returns_model diagnostics
2026-08-13,ASMB,0.1679454388713002,0.1679454388713002,0.0033782208354407,34.61790209528802,46.03258878648925,-0.0019010449833584,0.000324605484719,,raw_target_return_exact,True,False,True,,missing OHLCV data,missing OHLCV data,False,False,False,,,0,,not_a_final_holding,,,,,,,,,,,,,,,,,False,not_prior_position,new_or_unheld,0.43525840694911355,0.43525840694911355,0.43525840694911355,0.43525840694911355,0.6,0.6,0.6,0.43525840694911355,0.5054468713012599,fresh_selected_holdings_ohlcv,2026-08-13,True,777.6599731445312,702.2683215332031,733.030029296875,649.473754272461,False,False,SPY and QQQ above 200D MA,0.5054468713012599,fresh_selected_holdings_ohlcv,2026-08-13,True,0.0,0.5647415930508864,current_growth_feature_generation,growth_champion_final,growth_v1_exposure_cap_60_dual_trend_filter,True,exact raw pre-signal target captured from expected_returns_model diagnostics
2026-08-13,ASND,0.05299545542785,0.05299545542785,0.0003922618579599,260.22150192260744,131.66981083744218,0.0010635784733961,-0.0011873382957937,,raw_target_return_exact,True,False,True,,missing OHLCV data,missing OHLCV data,False,False,False,,,0,,not_a_final_holding,,,,,,,,,,,,,,,,,False,not_prior_position,new_or_unheld,0.43525840694911355,0.43525840694911355,0.43525840694911355,0.43525840694911355,0.6,0.6,0.6,0.43525840694911355,0.5054468713012599,fresh_selected_holdings_ohlcv,2026-08-13,True,777.6599731445312,702.2683215332031,733.030029296875,649.473754272461,False,False,SPY and QQQ above 200D MA,0.5054468713012599,fresh_selected_holdings_ohlcv,2026-08-13,True,0.0,0.5647415930508864,current_growth_feature_generation,growth_champion_final,growth_v1_exposure_cap_60_dual_trend_filter,True,exact raw pre-signal target captured from expected_returns_model diagnostics
2026-08-13,ASO,0.0534123296343842,0.0534123296343842,0.0015817876727088,51.78048177727443,32.922165606569855,0.0003285121617054,-0.0002045884976223,,raw_target_return_exact,True,False,True,,missing OHLCV data,missing OHLCV data,False,False,False,,,0,,not_a_final_holding,,,,,,,,,,,,,,,,,False,not_prior_position,new_or_unheld,0.43525840694911355,0.43525840694911355,0.43525840694911355,0.43525840694911355,0.6,0.6,0.6,0.43525840694911355,0.5054468713012599,fresh_selected_holdings_ohlcv,2026-08-13,True,777.6599731445312,702.2683215332031,733.030029296875,649.473754272461,False,False,SPY and QQQ above 200D MA,0.5054468713012599,fresh_selected_holdings_ohlcv,2026-08-13,True,0.0,0.5647415930508864,current_growth_feature_generation,growth_champion_final,growth_v1_exposure_cap_60_dual_trend_filter,True,exact raw pre-signal target captured from expected_returns_model diagnostics
2026-08-13,ASPI,0.1307831743630123,0.1307831743630123,0.000633254320475,4.924560745918896,194.15482220541085,0.0010636003213979,-4.05752788536311e-05,,raw_target_return_exact,True,False,True,,missing OHLCV data,missing OHLCV data,False,False,False,,,0,,not_a_final_holding,,,,,,,,,,,,,,,,,False,not_prior_position,new_or_unheld,0.43525840694911355,0.43525840694911355,0.43525840694911355,0.43525840694911355,0.6,0.6,0.6,0.43525840694911355,0.5054468713012599,fresh_selected_holdings_ohlcv,2026-08-13,True,777.6599731445312,702.2683215332031,733.030029296875,649.473754272461,False,False,SPY and QQQ above 200D MA,0.5054468713012599,fresh_selected_holdings_ohlcv,2026-08-13,True,0.0,0.5647415930508864,current_growth_feature_generation,growth_champion_final,growth_v1_exposure_cap_60_dual_trend_filter,True,exact raw pre-signal target captured from expected_returns_model diagnostics
2026-08-13,ASPS,0.0749691036431348,0.0749691036431348,0.0003826604967023,6.06981316264073,188.95535792621453,0.0022875681444215,0.0003681115657844,,raw_target_return_exact,True,False,True,,missing OHLCV data,missing OHLCV data,False,False,False,,,0,,not_a_final_holding,,,,,,,,,,,,,,,,,False,not_prior_position,new_or_unheld,0.43525840694911355,0.43525840694911355,0.43525840694911355,0.43525840694911355,0.6,0.6,0.6,0.43525840694911355,0.5054468713012599,fresh_selected_holdings_ohlcv,2026-08-13,True,777.6599731445312,702.2683215332031,733.030029296875,649.473754272461,False,False,SPY and QQQ above 200D MA,0.5054468713012599,fresh_selected_holdings_ohlcv,2026-08-13,True,0.0,0.5647415930508864,current_growth_feature_generation,growth_champion_final,growth_v1_exposure_cap_60_dual_trend_filter,True,exact raw pre-signal target captured from expected_returns_model diagnostics
2026-08-13,ASRV,0.0715940409814805,0.0715940409814805,0.0128419278324389,5.325822158848581,5.418995246705049,-0.0022202239289664,0.008683537708156,,raw_target_return_exact,True,False,True,,missing OHLCV data,missing OHLCV data,False,False,False,,,0,,not_a_final_holding,,,,,,,,,,,,,,,,,False,not_prior_position,new_or_unheld,0.43525840694911355,0.43525840694911355,0.43525840694911355,0.43525840694911355,0.6,0.6,0.6,0.43525840694911355,0.5054468713012599,fresh_selected_holdings_ohlcv,2026-08-13,True,777.6599731445312,702.2683215332031,733.030029296875,649.473754272461,False,False,SPY and QQQ above 200D MA,0.5054468713012599,fresh_selected_holdings_ohlcv,2026-08-13,True,0.0,0.5647415930508864,current_growth_feature_generation,growth_champion_final,growth_v1_exposure_cap_60_dual_trend_filter,True,exact raw pre-signal target captured from expected_returns_model diagnostics
2026-08-13,ASST,0.1518270708316698,0.1518270708316698,0.0007228034462556,14.386319851055262,195.62789495821687,0.0010635980381783,-0.0004862535754144,,raw_target_return_exact,True,False,True,,missing OHLCV data,missing OHLCV data,False,False,False,,,0,,not_a_final_holding,,,,,,,,,,,,,,,,,False,not_prior_position,new_or_unheld,0.43525840694911355,0.43525840694911355,0.43525840694911355,0.43525840694911355,0.6,0.6,0.6,0.43525840694911355,0.5054468713012599,fresh_selected_holdings_ohlcv,2026-08-13,True,777.6599731445312,702.2683215332031,733.030029296875,649.473754272461,False,False,SPY and QQQ above 200D MA,0.5054468713012599,fresh_selected_holdings_ohlcv,2026-08-13,True,0.0,0.5647415930508864,current_growth_feature_generation,growth_champion_final,growth_v1_exposure_cap_60_dual_trend_filter,True,exact raw pre-signal target captured from expected_returns_model diagnostics
2026-08-13,ASTC,0.5374858563518152,0.5374858563518152,0.0019340427409568,13.791248542028798,222.62400994462703,0.0010636089622884,-0.0002443388070762,,raw_target_return_exact,True,False,False,"median 60D dollar volume below $50,000,000; 20D average volume below 500,000 shares; 60D annualized volatility above 120%; reverse split/extreme discontinuity suspected","median 20D dollar volume below $20,000,000; 1D absolute move above 80% in last 60D; suspicious spike/gap behavior; median 60D dollar volume below $50,000,000; 20D average volume below 500,000 shares; 60D annualized volatility above 120%; reverse split/extreme discontinuity suspected","median 20D dollar volume below $20,000,000; 1D absolute move above 80% in last 60D; suspicious spike/gap behavior; median 60D dollar volume below $50,000,000; 20D average volume below 500,000 shares; 60D annualized volatility above 120%; reverse split/extreme discontinuity suspected",True,False,False,797188.5281085968,,784,9.856781855357221,not_a_final_holding,,,,,,,,,,,,,,,,9.856781855357221,False,not_prior_position,new_or_unheld,0.43525840694911355,0.43525840694911355,0.43525840694911355,0.43525840694911355,0.6,0.6,0.6,0.43525840694911355,0.5054468713012599,fresh_selected_holdings_ohlcv,2026-08-13,True,777.6599731445312,702.2683215332031,733.030029296875,649.473754272461,False,False,SPY and QQQ above 200D MA,0.5054468713012599,fresh_selected_holdings_ohlcv,2026-08-13,True,0.0,0.5647415930508864,current_growth_feature_generation,growth_champion_final,growth_v1_exposure_cap_60_dual_trend_filter,True,exact raw pre-signal target captured from expected_returns_model diagnostics
2026-08-13,ASTE,0.05,0.05,0.0002981317386889,44.76685638427735,163.6774298869251,0.0010635878011695,-0.00122577253598,,raw_target_return_exact,True,False,True,,missing OHLCV data,missing OHLCV data,False,False,False,,,0,,not_a_final_holding,,,,,,,,,,,,,,,,,False,not_prior_position,new_or_unheld,0.43525840694911355,0.43525840694911355,0.43525840694911355,0.43525840694911355,0.6,0.6,0.6,0.43525840694911355,0.5054468713012599,fresh_selected_holdings_ohlcv,2026-08-13,True,777.6599731445312,702.2683215332031,733.030029296875,649.473754272461,False,False,SPY and QQQ above 200D MA,0.5054468713012599,fresh_selected_holdings_ohlcv,2026-08-13,True,0.0,0.5647415930508864,current_growth_feature_generation,growth_champion_final,growth_v1_exposure_cap_60_dual_trend_filter,True,exact raw pre-signal target captured from expected_returns_model diagnostics
2026-08-13,ASTH,0.0999556968938562,0.0999556968938562,0.0004963285588368,40.86335581800596,191.99689878256996,0.0012216181647729,0.0003047110624278,,raw_target_return_exact,True,False,True,,missing OHLCV data,missing OHLCV data,False,False,False,,,0,,not_a_final_holding,,,,,,,,,,,,,,,,,False,not_prior_position,new_or_unheld,0.43525840694911355,0.43525840694911355,0.43525840694911355,0.43525840694911355,0.6,0.6,0.6,0.43525840694911355,0.5054468713012599,fresh_selected_holdings_ohlcv,2026-08-13,True,777.6599731445312,702.2683215332031,733.030029296875,649.473754272461,False,False,SPY and QQQ above 200D MA,0.5054468713012599,fresh_selected_holdings_ohlcv,2026-08-13,True,0.0,0.5647415930508864,current_growth_feature_generation,growth_champion_final,growth_v1_exposure_cap_60_dual_trend_filter,True,exact raw pre-signal target captured from expected_returns_model diagnostics
2026-08-13,ASTI,0.1805395321883922,0.1805395321883922,0.0008401292727711,4.013834522025557,197.63776725318743,0.0010636030562866,-3.433700106897597e-05,,raw_target_return_exact,True,False,True,,missing OHLCV data,missing OHLCV data,False,False,False,,,0,,not_a_final_holding,,,,,,,,,,,,,,,,,False,not_prior_position,new_or_unheld,0.43525840694911355,0.43525840694911355,0.43525840694911355,0.43525840694911355,0.6,0.6,0.6,0.43525840694911355,0.5054468713012599,fresh_selected_holdings_ohlcv,2026-08-13,True,777.6599731445312,702.2683215332031,733.030029296875,649.473754272461,False,False,SPY and QQQ above 200D MA,0.5054468713012599,fresh_selected_holdings_ohlcv,2026-08-13,True,0.0,0.5647415930508864,current_growth_feature_generation,growth_champion_final,growth_v1_exposure_cap_60_dual_trend_filter,True,exact raw pre-signal target captured from expected_returns_model diagnostics
2026-08-13,ASTL,0.1238880894169449,0.1238880894169449,0.0087628537705026,5.018160490738372,13.38663933853606,-0.0023283769476225,-0.0010322876986518,,raw_target_return_exact,True,False,False,"median 60D dollar volume below $50,000,000; current price below $5; less than 2 years of trading history","price below $5; median 20D dollar volume below $20,000,000; median 60D dollar volume below $50,000,000; current price below $5; less than 2 years of trading history","price below $5; median 20D dollar volume below $20,000,000; median 60D dollar volume below $50,000,000; current price below $5; less than 2 years of trading history",True,False,False,3759222.937989235,,501,0.5663983366977776,not_a_final_holding,,,,,,,,,,,,,,,,0.5663983366977776,False,not_prior_position,new_or_unheld,0.43525840694911355,0.43525840694911355,0.43525840694911355,0.43525840694911355,0.6,0.6,0.6,0.43525840694911355,0.5054468713012599,fresh_selected_holdings_ohlcv,2026-08-13,True,777.6599731445312,702.2683215332031,733.030029296875,649.473754272461,False,False,SPY and QQQ above 200D MA,0.5054468713012599,fresh_selected_holdings_ohlcv,2026-08-13,True,0.0,0.5647415930508864,current_growth_feature_generation,growth_champion_final,growth_v1_exposure_cap_60_dual_trend_filter,True,exact raw pre-signal target captured from expected_returns_model diagnostics
2026-08-13,ASYS,0.1170227515455604,0.1170227515455604,0.0005729990099729,18.028746528168764,193.19159260818924,0.001063598519099,0.000246388391965,,raw_target_return_exact,True,False,True,,missing OHLCV data,missing OHLCV data,False,False,False,,,0,,not_a_final_holding,,,,,,,,,,,,,,,,,False,not_prior_position,new_or_unheld,0.43525840694911355,0.43525840694911355,0.43525840694911355,0.43525840694911355,0.6,0.6,0.6,0.43525840694911355,0.5054468713012599,fresh_selected_holdings_ohlcv,2026-08-13,True,777.6599731445312,702.2683215332031,733.030029296875,649.473754272461,False,False,SPY and QQQ above 200D MA,0.5054468713012599,fresh_selected_holdings_ohlcv,2026-08-13,True,0.0,0.5647415930508864,current_growth_feature_generation,growth_champion_final,growth_v1_exposure_cap_60_dual_trend_filter,True,exact raw pre-signal target captured from expected_returns_model diagnostics
2026-08-13,ATAI,0.0805076786534171,0.0805076786534171,0.009573257549245,7.828278008189716,8.126914797285586,-0.0060497310387234,0.001072679382723,,raw_target_return_exact,True,False,False,"median 60D dollar volume below $50,000,000","median 60D dollar volume below $50,000,000","median 60D dollar volume below $50,000,000",True,False,False,21233161.029863358,,772,0.990268079726671,not_a_final_holding,,,,,,,,,,,,,,,,0.990268079726671,False,not_prior_position,new_or_unheld,0.43525840694911355,0.43525840694911355,0.43525840694911355,0.43525840694911355,0.6,0.6,0.6,0.43525840694911355,0.5054468713012599,fresh_selected_holdings_ohlcv,2026-08-13,True,777.6599731445312,702.2683215332031,733.030029296875,649.473754272461,False,False,SPY and QQQ above 200D MA,0.5054468713012599,fresh_selected_holdings_ohlcv,2026-08-13,True,0.0,0.5647415930508864,current_growth_feature_generation,growth_champion_final,growth_v1_exposure_cap_60_dual_trend_filter,True,exact raw pre-signal target captured from expected_returns_model diagnostics
2026-08-13,ATAT,0.0496836673855227,0.0496836673855227,0.0018048700420905,34.84949855804444,26.889800027302364,-0.0001056333208586,-0.0004377559477462,,raw_target_return_exact,True,False,True,,missing OHLCV data,missing OHLCV data,False,False,False,,,0,,not_a_final_holding,,,,,,,,,,,,,,,,,False,not_prior_position,new_or_unheld,0.43525840694911355,0.43525840694911355,0.43525840694911355,0.43525840694911355,0.6,0.6,0.6,0.43525840694911355,0.5054468713012599,fresh_selected_holdings_ohlcv,2026-08-13,True,777.6599731445312,702.2683215332031,733.030029296875,649.473754272461,False,False,SPY and QQQ above 200D MA,0.5054468713012599,fresh_selected_holdings_ohlcv,2026-08-13,True,0.0,0.5647415930508864,current_growth_feature_generation,growth_champion_final,growth_v1_exposure_cap_60_dual_trend_filter,True,exact raw pre-signal target captured from expected_returns_model diagnostics
2026-08-13,ATEC,0.067906202175086,0.067906202175086,0.0035890161166687,10.364029610634432,18.338658140618477,-0.0019685898817021,-0.000498735516772,,raw_target_return_exact,True,False,True,,missing OHLCV data,missing OHLCV data,False,False,False,,,0,,not_a_final_holding,,,,,,,,,,,,,,,,,False,not_prior_position,new_or_unheld,0.43525840694911355,0.43525840694911355,0.43525840694911355,0.43525840694911355,0.6,0.6,0.6,0.43525840694911355,0.5054468713012599,fresh_selected_holdings_ohlcv,2026-08-13,True,777.6599731445312,702.2683215332031,733.030029296875,649.473754272461,False,False,SPY and QQQ above 200D MA,0.5054468713012599,fresh_selected_holdings_ohlcv,2026-08-13,True,0.0,0.5647415930508864,current_growth_feature_generation,growth_champion_final,growth_v1_exposure_cap_60_dual_trend_filter,True,exact raw pre-signal target captured from expected_returns_model diagnostics
