date,ticker,period_return_20d,was_in_universe,was_selected,was_underweighted,expected_return_rank_pct,signal_rank_pct,volatility_rank_pct,expected_daily_return,signal_strength,quality_score,target_confidence,filter_status,diagnosis
2022-01-03,VIST,0.2089551973247301,True,False,False,0.4782608695652174,0.4782608695652174,0.7368421052631579,-2.587432488483803e-06,0.1749113230162574,0.5,0.5,low_or_negative_expected_return,low_or_negative_expected_return
2022-01-03,YPF,0.0816831502034702,True,False,False,0.7391304347826086,0.391304347826087,0.7894736842105263,-0.0001236064206204,0.2497831036809775,0.5,0.5,low_or_negative_expected_return,low_or_negative_expected_return
2022-01-03,PEP,-0.0036998462565376,True,False,False,0.13043478260869565,0.2608695652173913,0.5263157894736842,0.0002482793524365,0.3100841070952208,0.5,0.5,not_in_raw_selection,not_in_raw_selection
2022-01-03,AAPL,-0.0406570744454719,True,False,False,0.8695652173913043,0.21739130434782608,,-0.0002089590044427,0.3670149464662823,0.5,0.5,low_or_negative_expected_return,low_or_negative_expected_return
2022-01-03,QCOM,-0.0487621583355997,True,False,False,0.9130434782608695,0.5652173913043478,0.6842105263157895,-0.0002434520676648,0.0956598092038662,0.5,0.5,low_or_negative_expected_return,low_or_negative_expected_return
2022-01-10,VIST,0.1716813758971396,True,False,False,0.4782608695652174,0.2608695652173913,0.2608695652173913,-2.8153651537581537e-06,0.2137953962428816,0.5,0.5,low_or_negative_expected_return,low_or_negative_expected_return
2022-01-10,YPF,0.035805652642187,True,False,False,0.782608695652174,0.8695652173913043,0.17391304347826086,-0.0001155928272046,0.1127806547342874,0.5,0.5,low_or_negative_expected_return,low_or_negative_expected_return
2022-01-10,AAPL,0.0153318970452236,True,False,False,0.9565217391304348,0.391304347826087,0.5652173913043478,-0.0002016919303028,0.1128990319623176,0.5,0.5,low_or_negative_expected_return,low_or_negative_expected_return
2022-01-10,GOOGL,0.0052607637190955,True,False,False,0.21739130434782608,0.4782608695652174,0.08695652173913043,0.0001097430385996,0.1128842589760692,0.5,0.5,not_in_raw_selection,not_in_raw_selection
2022-01-10,COST,0.0045297545805484,True,False,False,0.13043478260869565,0.7391304347826086,0.6956521739130435,0.0001847999406235,0.1128461276140502,0.5,0.5,not_in_raw_selection,not_in_raw_selection
2022-01-18,VIST,0.1221498397897007,True,True,False,0.043478260869565216,0.043478260869565216,0.9565217391304348,0.0024645235110761,1.0,0.5,0.5,selected,selected
2022-01-18,COST,0.0529636634048804,True,False,False,0.13043478260869565,0.6521739130434783,0.5217391304347826,0.0001593901311555,0.0001273299366255,0.5,0.5,not_in_raw_selection,not_in_raw_selection
2022-01-18,AVGO,0.0432337203423278,True,False,False,0.782608695652174,0.8260869565217391,0.43478260869565216,-0.0001202315682208,0.0001053762606986,0.5,0.5,low_or_negative_expected_return,low_or_negative_expected_return
2022-01-18,NVDA,0.022854532837647,True,False,False,0.5217391304347826,0.9565217391304348,0.13043478260869565,-1.644889515537395e-05,2.068378212383485e-05,0.5,0.5,low_or_negative_expected_return,low_or_negative_expected_return
2022-01-18,CCJ,0.0180722609373142,True,False,False,0.8260869565217391,0.17391304347826086,0.8695652173913043,-0.0001746211949046,0.1276231094436654,0.5,0.5,low_or_negative_expected_return,low_or_negative_expected_return
2022-01-25,VIST,0.3691508009500712,True,True,False,0.13043478260869565,0.043478260869565216,0.17391304347826086,0.0001006137720686,1.0,0.5,0.5,selected,selected
2022-01-25,YPF,0.1297709877353965,True,True,False,0.7391304347826086,0.08695652173913043,0.13043478260869565,-6.516112244423625e-05,0.1845163613430924,0.5,0.5,selected,selected
2022-01-25,AVGO,0.058130816959669,True,False,False,0.9130434782608695,0.6521739130434783,0.5652173913043478,-0.0001289455607553,0.0125736106676623,0.5,0.5,low_or_negative_expected_return,low_or_negative_expected_return
2022-01-25,COST,0.0375848532768929,True,False,False,0.17391304347826086,0.391304347826087,0.2608695652173913,9.80872111685026e-05,0.0127171591849503,0.5,0.5,not_in_raw_selection,not_in_raw_selection
2022-01-25,AMZN,0.0345820559177216,True,False,False,0.6956521739130435,0.4782608695652174,0.8695652173913043,-5.307539005982413e-05,0.0126667647948474,0.5,0.5,low_or_negative_expected_return,low_or_negative_expected_return
2022-02-01,VIST,0.3503086380007572,True,True,False,0.043478260869565216,0.043478260869565216,0.043478260869565216,0.0025953362717647,1.0,0.5,0.5,selected,selected
2022-02-01,CCJ,0.2386363625654932,True,False,False,0.4782608695652174,0.8260869565217391,0.08695652173913043,-1.3446530120359051e-06,0.3306458421544159,0.5,0.5,low_or_negative_expected_return,low_or_negative_expected_return
2022-02-01,YPF,0.0709382038667676,True,True,False,0.08695652173913043,0.08695652173913043,0.13043478260869565,0.0005170021945173,0.8031255187011255,0.5,0.5,selected,selected
2022-02-01,COST,0.03853188606987,True,False,False,0.13043478260869565,0.30434782608695654,0.2608695652173913,0.0001999566945204,0.3871379397688337,0.5,0.5,not_in_raw_selection,not_in_raw_selection
2022-02-01,CSCO,0.0140870978696185,True,False,False,0.6521739130434783,1.0,0.6521739130434783,-6.192737267309862e-05,0.0,0.5,0.5,low_or_negative_expected_return,low_or_negative_expected_return
2022-02-08,CCJ,0.3634072091240481,True,False,False,0.391304347826087,0.8695652173913043,0.34782608695652173,4.736258378648443e-05,0.168425944062197,0.5,0.5,not_in_raw_selection,not_in_raw_selection
2022-02-08,VIST,0.2341390056691761,True,True,False,0.043478260869565216,0.08695652173913043,0.5652173913043478,0.0033994064148868,0.9895009629274988,0.5,0.5,selected,selected
2022-02-08,YPF,0.1481481176235943,True,True,False,0.6086956521739131,0.4782608695652174,0.43478260869565216,-2.224209348680541e-05,0.3542655099640135,0.5,0.5,selected,selected
2022-02-08,COST,0.0124724161863141,True,False,False,0.08695652173913043,0.043478260869565216,1.0,0.0013442145786375,1.0,0.5,0.5,not_in_raw_selection,not_in_raw_selection
2022-02-08,CSCO,0.0104806291065813,True,False,False,0.17391304347826086,0.9565217391304348,0.21739130434782608,0.0001496640722211,0.0381253059129604,0.5,0.5,not_in_raw_selection,not_in_raw_selection
2022-02-15,CCJ,0.128812016939201,True,False,False,0.34782608695652173,0.6521739130434783,0.08695652173913043,8.660893500174631e-05,0.3208469751867711,0.5,0.5,not_in_raw_selection,not_in_raw_selection
2022-02-15,VIST,0.0856313735879408,True,True,False,0.08695652173913043,0.13043478260869565,0.043478260869565216,0.0010392967754574,0.7560006511776265,0.5,0.5,selected,selected
2022-02-15,TXN,0.0611422264792931,True,False,False,0.8260869565217391,0.43478260869565216,0.13043478260869565,-8.870103391268991e-05,0.3208893517031241,0.5,0.5,low_or_negative_expected_return,low_or_negative_expected_return
2022-02-15,COST,0.0573436190813254,True,False,False,0.43478260869565216,0.34782608695652173,0.8695652173913043,5.608118862433629e-05,0.3209273348253061,0.5,0.5,not_in_raw_selection,not_in_raw_selection
2022-02-15,YPF,0.0410628216851265,True,False,False,0.6086956521739131,0.5652173913043478,0.17391304347826086,-2.341319918938522e-05,0.3208614678738463,0.5,0.5,low_or_negative_expected_return,low_or_negative_expected_return
2022-02-23,CCJ,0.4145153406846926,True,False,False,0.4782608695652174,0.7391304347826086,0.7391304347826086,-1.637697094762355e-06,0.0871769882304641,0.5,0.5,low_or_negative_expected_return,low_or_negative_expected_return
2022-02-23,TSLA,0.3076672361651764,True,False,False,0.43478260869565216,0.9130434782608695,0.2608695652173913,2.722615673286554e-06,0.0871599874779806,0.5,0.5,not_in_raw_selection,not_in_raw_selection
2022-02-23,VIST,0.16329107208142,True,True,False,0.043478260869565216,0.043478260869565216,1.0,0.0048786864451249,1.0,0.5,0.5,selected,selected
2022-02-23,NVDA,0.1450396111179506,True,False,False,0.6086956521739131,0.8260869565217391,0.391304347826087,-3.519671117871148e-05,0.0871651756634674,0.5,0.5,low_or_negative_expected_return,low_or_negative_expected_return
2022-02-23,AMZN,0.1282979654596137,True,False,False,0.5217391304347826,0.13043478260869565,0.30434782608695654,-9.774766481423353e-06,0.406311198685312,0.5,0.5,low_or_negative_expected_return,low_or_negative_expected_return
2022-03-02,TSLA,0.2433258816043917,True,False,False,0.8695652173913043,0.6956521739130435,0.08695652173913043,-0.000493908220504,0.2665787035453604,0.5,0.5,low_or_negative_expected_return,low_or_negative_expected_return
2022-03-02,NVDA,0.1432700792352965,True,False,False,0.391304347826087,0.8260869565217391,0.391304347826087,-8.287121986203914e-05,0.2532070416811131,0.5,0.5,low_or_negative_expected_return,low_or_negative_expected_return
2022-03-02,CCJ,0.1196649396297901,True,True,False,0.08695652173913043,0.08695652173913043,0.9130434782608695,0.0030887871550987,0.8097303512245929,0.5,0.5,selected,selected
2022-03-02,TXN,0.1019987667382451,True,False,False,0.6956521739130435,0.6086956521739131,0.8260869565217391,-0.0003416991991858,0.2666191703385355,0.5,0.5,low_or_negative_expected_return,low_or_negative_expected_return
2022-03-02,META,0.0948537092656285,True,False,False,0.6086956521739131,1.0,0.17391304347826086,-0.0001693201551766,0.0,0.5,0.5,low_or_negative_expected_return,low_or_negative_expected_return
2022-03-09,TSLA,0.2174581280830181,True,False,False,0.43478260869565216,0.6521739130434783,0.4782608695652174,4.94372392975827e-06,0.2373675472740749,0.5,0.5,not_in_raw_selection,not_in_raw_selection
2022-03-09,AMZN,0.1398415322703012,True,False,False,0.5217391304347826,0.4782608695652174,0.30434782608695654,-8.626929122081591e-06,0.2373941625996232,0.5,0.5,low_or_negative_expected_return,low_or_negative_expected_return
2022-03-09,META,0.1249370430819032,True,False,False,0.6086956521739131,1.0,0.21739130434782608,-4.108179019273361e-05,0.0,0.5,0.5,low_or_negative_expected_return,low_or_negative_expected_return
2022-03-09,VIST,0.1187270817589536,True,True,False,0.08695652173913043,0.08695652173913043,0.08695652173913043,0.0018223756436664,0.9133947567440932,0.5,0.5,selected,selected
2022-03-09,COST,0.1082913881729337,True,False,False,0.13043478260869565,0.2608695652173913,0.9565217391304348,0.0002446052454672,0.3248620879624961,0.5,0.5,not_in_raw_selection,not_in_raw_selection
2022-03-16,CCJ,0.2737903679198716,True,True,False,0.4782608695652174,0.21739130434782608,0.5652173913043478,-2.7941384914818928e-06,0.4655283899985484,0.5,0.5,selected,selected
2022-03-16,TSLA,0.2167740373467783,True,False,False,0.391304347826087,0.7391304347826086,0.34782608695652173,3.0117318123890227e-05,0.170486026518059,0.5,0.5,not_in_raw_selection,not_in_raw_selection
2022-03-16,VIST,0.2139037300204116,True,True,False,0.08695652173913043,0.13043478260869565,0.21739130434782608,0.0002719332755919,0.5632498584933444,0.5,0.5,selected,selected
2022-03-16,YPF,0.1925753908875422,True,False,False,1.0,0.391304347826087,0.4782608695652174,-0.0002154542384688,0.2914082232439055,0.5,0.5,low_or_negative_expected_return,low_or_negative_expected_return
2022-03-16,COST,0.0877822759365429,True,False,False,0.043478260869565216,0.043478260869565216,0.6956521739130435,0.000874097738551,1.0,0.5,0.5,not_in_raw_selection,not_in_raw_selection
2022-03-23,PEP,0.0694886280110045,True,False,False,0.391304347826087,0.13043478260869565,0.08695652173913043,5.0953273188663326e-05,0.8262730967384764,0.5,0.5,not_in_raw_selection,not_in_raw_selection
2022-03-23,COST,0.0680841294057197,True,False,False,0.34782608695652173,0.21739130434782608,0.17391304347826086,5.11476673155272e-05,0.7676827974488031,0.5,0.5,not_in_raw_selection,not_in_raw_selection
2022-03-23,YPF,0.0258064264726858,True,False,False,0.6521739130434783,0.34782608695652173,0.9565217391304348,-8.937807510181219e-05,0.3826640188994841,0.5,0.5,low_or_negative_expected_return,low_or_negative_expected_return
2022-03-23,TSLA,0.0096785964120045,True,True,False,1.0,0.5652173913043478,0.34782608695652173,-0.0005442568825641,0.2959433017403408,0.5,0.5,selected,selected
2022-03-23,TXN,-0.0103306124893886,True,False,False,0.21739130434782608,0.30434782608695654,0.8695652173913043,0.0001285961117566,0.5262862906717417,0.5,0.5,not_in_raw_selection,not_in_raw_selection
2022-03-30,PEP,0.0567991956703415,True,False,False,0.6521739130434783,0.13043478260869565,0.5217391304347826,-0.0001748752880613,0.7534693526485579,0.5,0.5,low_or_negative_expected_return,low_or_negative_expected_return
2022-03-30,COST,-0.0251009964759757,True,False,False,0.17391304347826086,0.08695652173913043,0.34782608695652173,0.001074971252059,0.7777430545670624,0.5,0.5,not_in_raw_selection,not_in_raw_selection
2022-03-30,QCOM,-0.0297256165333225,True,False,False,0.34782608695652173,0.8695652173913043,0.043478260869565216,-1.4726822564354217e-05,1.541984385521905e-05,0.5,0.5,low_or_negative_expected_return,low_or_negative_expected_return
2022-03-30,VIST,-0.0510543869546671,True,False,False,1.0,0.7391304347826086,0.2608695652173913,-0.0008195290165818,0.175200773305256,0.5,0.5,low_or_negative_expected_return,low_or_negative_expected_return
2022-03-30,CCJ,-0.0598503855874837,True,False,False,0.6956521739130435,0.391304347826087,0.21739130434782608,-0.0001777296723318,0.5148491541101021,0.5,0.5,low_or_negative_expected_return,low_or_negative_expected_return
2022-04-06,QCOM,0.0169442894244364,True,False,False,0.2608695652173913,0.8695652173913043,0.391304347826087,9.6715352710661e-05,1.906738694693837e-05,0.5,0.5,not_in_raw_selection,not_in_raw_selection
2022-04-06,PEP,-0.0116016010620166,True,False,False,0.08695652173913043,0.043478260869565216,0.17391304347826086,0.0011506912018178,1.0,0.5,0.5,not_in_raw_selection,not_in_raw_selection
2022-04-06,AVGO,-0.0365614648792169,True,False,False,0.4782608695652174,0.4782608695652174,0.8695652173913043,7.2980845203282865e-06,0.3840028568297456,0.5,0.5,not_in_raw_selection,not_in_raw_selection
2022-04-06,TXN,-0.0393229970138399,True,False,False,0.21739130434782608,0.7391304347826086,0.2608695652173913,0.0001235653268597,6.91040743294297e-05,0.5,0.5,not_in_raw_selection,not_in_raw_selection
2022-04-06,AMAT,-0.04910752133104,True,False,False,0.30434782608695654,0.8260869565217391,0.34782608695652173,9.004006848844572e-05,1.929535641535955e-05,0.5,0.5,not_in_raw_selection,not_in_raw_selection
2022-04-13,PEP,-0.0150289370145412,True,False,False,0.391304347826087,0.08695652173913043,0.43478260869565216,5.449892390048179e-05,0.8880886730197253,0.5,0.5,not_in_raw_selection,not_in_raw_selection
2022-04-13,AVGO,-0.0353900169580008,True,False,False,0.9565217391304348,0.7391304347826086,0.13043478260869565,-0.00012449187118,8.322947318225228e-05,0.5,0.5,low_or_negative_expected_return,low_or_negative_expected_return
2022-04-13,TXN,-0.0525955495503707,True,False,False,0.21739130434782608,0.5652173913043478,0.6086956521739131,0.0001020083245353,0.0001063446218261,0.5,0.5,not_in_raw_selection,not_in_raw_selection
2022-04-13,QCOM,-0.0621352009077513,True,False,False,0.2608695652173913,0.8695652173913043,0.8260869565217391,0.0001011113707197,3.3392973770156504e-05,0.5,0.5,not_in_raw_selection,not_in_raw_selection
2022-04-13,CSCO,-0.074017267447942,True,False,False,0.782608695652174,0.4782608695652174,0.391304347826087,-8.626017115542828e-05,0.0001480863799291,0.5,0.5,low_or_negative_expected_return,low_or_negative_expected_return
2022-04-21,AMD,0.0759042828118525,True,False,False,0.7391304347826086,0.6521739130434783,1.0,-5.216228795114525e-05,0.2536552688423797,0.5,0.5,low_or_negative_expected_return,low_or_negative_expected_return
2022-04-21,META,0.0171212093184165,True,False,False,0.6521739130434783,0.7391304347826086,0.13043478260869565,-4.139860351638483e-05,0.2536441210236389,0.5,0.5,low_or_negative_expected_return,low_or_negative_expected_return
2022-04-21,QCOM,-0.0407023235713032,True,False,False,0.34782608695652173,0.9565217391304348,0.9565217391304348,3.751639581023077e-05,0.0958699960673332,0.5,0.5,not_in_raw_selection,not_in_raw_selection
2022-04-21,AMAT,-0.0427867963797801,True,False,False,0.8695652173913043,1.0,0.9130434782608695,-7.752278301752657e-05,0.0,0.5,0.5,low_or_negative_expected_return,low_or_negative_expected_return
2022-04-21,TXN,-0.0542233303730668,True,False,False,0.5652173913043478,0.43478260869565216,0.8695652173913043,-2.38648634071488e-05,0.2537360187486817,0.5,0.5,low_or_negative_expected_return,low_or_negative_expected_return
2022-04-28,AMD,0.1016287446718076,True,False,False,0.17391304347826086,1.0,0.8695652173913043,7.479363955509495e-05,0.0,0.5,0.5,not_in_raw_selection,not_in_raw_selection
2022-04-28,VIST,0.0912280369088682,True,False,False,0.13043478260869565,0.391304347826087,0.08695652173913043,9.247766518141092e-05,0.4390094251464905,0.5,0.5,not_in_raw_selection,not_in_raw_selection
2022-04-28,YPF,0.0484988549300557,True,False,False,0.6956521739130435,0.30434782608695654,0.043478260869565216,-6.622265867945319e-05,0.4390172676871601,0.5,0.5,low_or_negative_expected_return,low_or_negative_expected_return
2022-04-28,AMAT,0.0038384580995278,True,False,False,0.782608695652174,0.8260869565217391,0.7391304347826086,-7.651034077236153e-05,0.2484900976369692,0.5,0.5,low_or_negative_expected_return,low_or_negative_expected_return
2022-04-28,ADBE,-0.0047012220337613,True,False,False,0.6086956521739131,0.7391304347826086,0.5652173913043478,-3.5078084221092054e-05,0.2720971754860922,0.5,0.5,low_or_negative_expected_return,low_or_negative_expected_return
2022-05-05,AMD,0.132417172062226,True,False,False,0.13043478260869565,0.5652173913043478,0.782608695652174,9.712467461786812e-05,0.9997533863003046,0.5,0.5,not_in_raw_selection,not_in_raw_selection
2022-05-05,ADBE,0.0730318825667224,True,False,False,0.6086956521739131,0.8695652173913043,0.9565217391304348,-3.422624221313298e-05,0.7116107216862166,0.5,0.5,low_or_negative_expected_return,low_or_negative_expected_return
2022-05-05,YPF,0.0724638165241127,True,False,False,0.7391304347826086,0.6956521739130435,0.5652173913043478,-5.682997648328888e-05,0.9926732437357144,0.5,0.5,low_or_negative_expected_return,low_or_negative_expected_return
2022-05-05,VIST,0.0691299046450757,True,False,False,0.17391304347826086,0.7391304347826086,0.5217391304347826,8.661907332429063e-05,0.9095291732212968,0.5,0.5,not_in_raw_selection,not_in_raw_selection
2022-05-05,NFLX,0.0566057743883763,True,True,False,0.21739130434782608,1.0,0.7391304347826086,5.0092511694043e-05,0.0,0.5,0.5,selected,selected
2022-05-12,CCJ,0.2399223165346466,True,False,False,0.17391304347826086,0.6086956521739131,0.30434782608695654,7.225043809493489e-05,0.9996776568438585,0.5,0.5,not_in_raw_selection,not_in_raw_selection
2022-05-12,AMD,0.0891339576595757,True,False,False,0.08695652173913043,0.7391304347826086,0.8695652173913043,7.67241733685825e-05,0.9996693460508363,0.5,0.5,not_in_raw_selection,not_in_raw_selection
2022-05-12,VIST,0.080946524759607,True,False,False,0.13043478260869565,0.6521739130434783,0.08695652173913043,7.342959229703773e-05,0.9996758847949698,0.5,0.5,not_in_raw_selection,not_in_raw_selection
2022-05-12,NFLX,0.0495095451688525,True,True,False,0.21739130434782608,1.0,0.5652173913043478,5.0241875545340034e-05,0.0,0.5,0.5,selected,selected
2022-05-12,NVDA,0.0493973249714221,True,True,False,0.30434782608695654,0.8260869565217391,0.9130434782608695,3.833641990747199e-05,0.9996426071400922,0.5,0.5,selected,selected
2022-05-19,COST,0.0561795336748307,True,False,False,0.21739130434782608,0.4782608695652174,0.5652173913043478,5.345207562607031e-05,0.9998369166387868,0.5,0.5,not_in_raw_selection,not_in_raw_selection
2022-05-19,CSCO,0.040028718122774,True,False,False,0.30434782608695654,0.6086956521739131,0.5217391304347826,2.782096937370113e-05,0.9998139123970008,0.5,0.5,not_in_raw_selection,not_in_raw_selection
2022-05-19,AMZN,-0.010240488831776,True,False,False,0.6956521739130435,1.0,0.30434782608695654,-4.0847602008922e-05,0.0,0.5,0.5,low_or_negative_expected_return,low_or_negative_expected_return
2022-05-19,MSFT,-0.0216876254499531,True,False,False,0.5217391304347826,0.17391304347826086,0.6521739130434783,-8.710168525967208e-06,0.9999433485093012,0.5,0.5,low_or_negative_expected_return,low_or_negative_expected_return
2022-05-19,PEP,-0.025682378833901,True,False,False,0.9130434782608695,0.043478260869565216,0.43478260869565216,-0.0001272014343728,1.0,0.5,0.5,low_or_negative_expected_return,low_or_negative_expected_return
2022-05-26,GOOGL,0.0745970277690346,True,False,False,0.21739130434782608,0.4782608695652174,0.6086956521739131,5.191150145407174e-05,0.5347867383247032,0.5,0.5,not_in_raw_selection,not_in_raw_selection
2022-05-26,TSLA,0.0381925071721029,True,False,False,0.391304347826087,0.9565217391304348,0.5652173913043478,2.356037472915993e-06,0.1060162526466821,0.5,0.5,not_in_raw_selection,not_in_raw_selection
2022-05-26,COST,0.0360438076466489,True,False,False,0.17391304347826086,0.8260869565217391,0.08695652173913043,0.0001051296025332,0.4135822271084123,0.5,0.5,not_in_raw_selection,not_in_raw_selection
2022-05-26,AMZN,0.0192883513117181,True,False,False,0.4782608695652174,1.0,0.782608695652174,-6.85283249697301e-06,0.0,0.5,0.5,low_or_negative_expected_return,low_or_negative_expected_return
2022-05-26,MSFT,-0.0037983425018056,True,False,False,0.7391304347826086,0.391304347826087,1.0,-5.730266602053204e-05,0.5347983639447316,0.5,0.5,low_or_negative_expected_return,low_or_negative_expected_return
2022-06-03,PEP,0.0252349908965614,True,False,False,0.21739130434782608,0.30434782608695654,0.7391304347826086,0.000120334077271,0.3020574748663669,0.5,0.5,not_in_raw_selection,not_in_raw_selection
2022-06-03,COST,0.0252178682742783,True,False,False,0.13043478260869565,0.6086956521739131,0.5652173913043478,0.0001404961733024,0.3018935497795552,0.5,0.5,not_in_raw_selection,not_in_raw_selection
2022-06-03,TSLA,-0.0061829165236324,True,False,False,0.391304347826087,1.0,0.08695652173913043,1.6053436822109084e-05,0.0,0.5,0.5,not_in_raw_selection,not_in_raw_selection
2022-06-03,GOOGL,-0.0111575756614981,True,False,False,0.782608695652174,0.391304347826087,0.30434782608695654,-8.765452278798167e-05,0.3019470377490508,0.5,0.5,low_or_negative_expected_return,low_or_negative_expected_return
2022-06-03,AAPL,-0.0262760159300996,True,False,False,0.6956521739130435,0.9565217391304348,0.2608695652173913,-6.060527302577266e-05,0.1144762796802613,0.5,0.5,low_or_negative_expected_return,low_or_negative_expected_return
2022-06-10,AAPL,0.0636621849098559,True,False,False,0.6086956521739131,0.6521739130434783,0.8695652173913043,-2.829178280049584e-05,0.0002952088543076,0.5,0.5,low_or_negative_expected_return,low_or_negative_expected_return
2022-06-10,COST,0.0588375168014316,True,False,False,0.17391304347826086,0.6956521739130435,0.43478260869565216,8.283983210037242e-05,0.0002722556620778,0.5,0.5,not_in_raw_selection,not_in_raw_selection
2022-06-10,PEP,0.0429485327593104,True,False,False,1.0,0.2608695652173913,0.08695652173913043,-0.0001407458285418,0.0007049276960908,0.5,0.5,low_or_negative_expected_return,low_or_negative_expected_return
2022-06-10,GOOGL,0.0257193469392236,True,False,False,0.43478260869565216,0.391304347826087,0.8260869565217391,3.429066019828161e-06,0.0003533133961948,0.5,0.5,not_in_raw_selection,not_in_raw_selection
2022-06-10,TSLA,0.0036171537360971,True,False,False,0.8695652173913043,0.9565217391304348,0.6956521739130435,-7.885035184558082e-05,8.213461854894283e-05,0.5,0.5,low_or_negative_expected_return,low_or_negative_expected_return
2022-06-17,QCOM,0.2180345294585501,True,False,False,0.4782608695652174,0.5217391304347826,0.8695652173913043,-8.321985884519657e-07,0.0001166384221281,0.5,0.5,low_or_negative_expected_return,low_or_negative_expected_return
2022-06-17,COST,0.1646331407137105,True,True,False,0.08695652173913043,0.043478260869565216,0.043478260869565216,6.908408704831333e-05,1.0,0.5,0.5,selected,selected
2022-06-17,NFLX,0.1488233959976652,True,True,False,0.17391304347826086,1.0,0.43478260869565216,6.0603577709236415e-05,0.0,0.5,0.5,selected,selected
2022-06-17,AAPL,0.1477652994995544,True,False,False,0.6086956521739131,0.391304347826087,0.6956521739130435,-2.503097309192057e-05,0.0001697717249367,0.5,0.5,low_or_negative_expected_return,low_or_negative_expected_return
2022-06-17,CCJ,0.1456216844592057,True,False,False,0.043478260869565216,0.7391304347826086,0.782608695652174,8.136208621464488e-05,7.80246705302667e-05,0.5,0.5,not_in_raw_selection,not_in_raw_selection
2022-06-27,QCOM,0.1791948487249679,True,False,False,0.4782608695652174,0.5217391304347826,0.21739130434782608,-1.0484218028794151e-06,0.599418304659248,0.5,0.5,low_or_negative_expected_return,low_or_negative_expected_return
2022-06-27,NFLX,0.1309612587573514,True,True,False,0.13043478260869565,0.21739130434782608,0.8695652173913043,8.247444831313406e-05,0.7231811013262085,0.5,0.5,selected,selected
2022-06-27,AAPL,0.0701680233265795,True,False,False,0.6956521739130435,0.43478260869565216,0.4782608695652174,-3.906213866579724e-05,0.5994716953978809,0.5,0.5,low_or_negative_expected_return,low_or_negative_expected_return
2022-06-27,COST,0.0626465857307343,True,False,False,0.08695652173913043,0.08695652173913043,0.6956521739130435,0.0001192047841131,0.902813005120141,0.5,0.5,not_in_raw_selection,not_in_raw_selection
2022-06-27,TSLA,0.0569164922702694,True,True,False,0.9565217391304348,0.17391304347826086,0.5217391304347826,-0.0001342621905046,0.8017699399536423,0.5,0.5,selected,selected
2022-07-05,AMD,0.3203458104375396,True,False,False,0.6956521739130435,0.5217391304347826,0.6086956521739131,-6.137732126832114e-05,0.1792446186216366,0.5,0.5,low_or_negative_expected_return,low_or_negative_expected_return
2022-07-05,VIST,0.2956909721122533,True,False,False,0.13043478260869565,0.6086956521739131,0.4782608695652174,9.198700196944818e-05,0.1792399684903059,0.5,0.5,not_in_raw_selection,not_in_raw_selection
2022-07-05,TSLA,0.2897025367584165,True,True,False,0.391304347826087,0.782608695652174,0.43478260869565216,2.0681722427606724e-05,0.1607094883329667,0.5,0.5,selected,selected
2022-07-05,NVDA,0.2380379163936579,True,False,False,0.5217391304347826,0.5652173913043478,0.043478260869565216,-6.335747478860051e-06,0.1792432178658111,0.5,0.5,low_or_negative_expected_return,low_or_negative_expected_return
2022-07-05,AMAT,0.2208139286484829,True,False,False,0.34782608695652173,0.34782608695652173,1.0,2.546505260440696e-05,0.1792573578177836,0.5,0.5,not_in_raw_selection,not_in_raw_selection
2022-07-12,VIST,0.3707165243235968,True,False,False,0.30434782608695654,0.43478260869565216,0.782608695652174,3.217806370343754e-05,0.4141507671487343,0.5,0.5,not_in_raw_selection,not_in_raw_selection
2022-07-12,NFLX,0.3180854046115744,True,True,False,0.13043478260869565,0.4782608695652174,0.34782608695652173,6.94664855428279e-05,0.4141282549894575,0.5,0.5,selected,selected
2022-07-12,YPF,0.3033333619435627,True,False,False,0.6086956521739131,0.5217391304347826,1.0,-3.323074239420944e-05,0.3639580595950071,0.5,0.5,low_or_negative_expected_return,low_or_negative_expected_return
2022-07-12,AMZN,0.2619483637666213,True,False,False,0.782608695652174,0.391304347826087,0.21739130434782608,-6.310952546657604e-05,0.4141618797302221,0.5,0.5,low_or_negative_expected_return,low_or_negative_expected_return
2022-07-12,AMD,0.251178629542542,True,False,False,0.17391304347826086,1.0,0.43478260869565216,6.872388946547005e-05,0.0,0.5,0.5,not_in_raw_selection,not_in_raw_selection
2022-07-19,YPF,0.5065360195160415,True,False,False,0.5217391304347826,1.0,0.782608695652174,-9.194193780819548e-06,0.0,0.5,0.5,low_or_negative_expected_return,low_or_negative_expected_return
2022-07-19,VIST,0.4401294281140573,True,False,False,0.782608695652174,0.8260869565217391,0.6521739130434783,-7.029995240846223e-05,0.2911720853375637,0.5,0.5,low_or_negative_expected_return,low_or_negative_expected_return
2022-07-19,TSLA,0.248577874389086,True,True,False,0.8260869565217391,0.5217391304347826,0.2608695652173913,-8.931941954379396e-05,0.3998476625264209,0.5,0.5,selected,selected
2022-07-19,AMZN,0.2247694772067239,True,False,False,0.6086956521739131,0.2608695652173913,0.5217391304347826,-3.353065292413771e-05,0.6363457315160548,0.5,0.5,low_or_negative_expected_return,low_or_negative_expected_return
2022-07-19,NFLX,0.2185190752362618,True,False,False,0.7391304347826086,0.43478260869565216,0.21739130434782608,-6.857596061870177e-05,0.5125817119025103,0.5,0.5,low_or_negative_expected_return,low_or_negative_expected_return
2022-07-26,YPF,0.6156249997671694,True,False,False,0.43478260869565216,0.8695652173913043,0.043478260869565216,-9.699864554813728e-07,0.0236028804710921,0.5,0.5,low_or_negative_expected_return,low_or_negative_expected_return
2022-07-26,VIST,0.3787661328484781,True,False,False,0.9565217391304348,0.9130434782608695,0.17391304347826086,-0.0001576507949998,0.0235808076234958,0.5,0.5,low_or_negative_expected_return,low_or_negative_expected_return
2022-07-26,AMZN,0.1638358850151007,True,False,False,0.4782608695652174,0.34782608695652173,0.5652173913043478,-1.2514938005451877e-05,0.2379905926557375,0.5,0.5,low_or_negative_expected_return,low_or_negative_expected_return
2022-07-26,TSLA,0.1452265912030712,True,False,False,0.391304347826087,0.17391304347826086,0.6086956521739131,4.827221261617979e-06,0.5631228387324341,0.5,0.5,not_in_raw_selection,not_in_raw_selection
2022-07-26,AAPL,0.1031001912582441,True,False,False,0.9130434782608695,0.5217391304347826,1.0,-0.0001565169427449,0.1429174379314331,0.5,0.5,low_or_negative_expected_return,low_or_negative_expected_return
2022-08-02,YPF,0.5054645081056779,True,False,False,0.30434782608695654,0.43478260869565216,0.17391304347826086,5.270600110055689e-05,0.3418832105445572,0.5,0.5,not_in_raw_selection,not_in_raw_selection
2022-08-02,CCJ,0.1791815739058946,True,False,False,0.9565217391304348,0.7391304347826086,0.21739130434782608,-0.0001923670747001,0.199738860429663,0.5,0.5,low_or_negative_expected_return,low_or_negative_expected_return
2022-08-02,VIST,0.1502292919526184,True,True,False,0.6086956521739131,0.6086956521739131,0.043478260869565216,-3.3627957125531394e-05,0.2729714665629307,0.5,0.5,selected,selected
2022-08-02,CSCO,0.0071238540197162,True,False,False,0.13043478260869565,0.8260869565217391,0.6956521739130435,0.0001434508616958,0.0552473565735549,0.5,0.5,not_in_raw_selection,not_in_raw_selection
2022-08-02,NFLX,-0.0034775387777445,True,False,False,0.8260869565217391,1.0,0.9565217391304348,-0.0001009761108784,0.0,0.5,0.5,low_or_negative_expected_return,low_or_negative_expected_return
2022-08-09,YPF,0.6879794781974751,True,False,False,0.30434782608695654,0.17391304347826086,0.8695652173913043,0.0004479556485396,0.9211431789232856,0.5,0.5,not_in_raw_selection,not_in_raw_selection
2022-08-09,CCJ,0.1721115390107122,True,False,False,0.8260869565217391,0.9565217391304348,0.43478260869565216,-0.0005489244695634,1.1466354092225649e-07,0.5,0.5,low_or_negative_expected_return,low_or_negative_expected_return
2022-08-09,VIST,0.1352272221125858,True,True,False,0.043478260869565216,0.30434782608695654,0.8260869565217391,0.0017561599832524,0.7695578035341532,0.5,0.5,selected,selected
2022-08-09,CSCO,0.0022262309192944,True,False,False,0.6956521739130435,0.782608695652174,0.34782608695652173,-0.0004302533492483,0.1020978572811064,0.5,0.5,low_or_negative_expected_return,low_or_negative_expected_return
2022-08-09,TSLA,0.0012941247812023,True,True,False,0.5217391304347826,0.4782608695652174,0.6086956521739131,-0.0001497046513268,0.5537204848087234,0.5,0.5,selected,selected
2022-08-16,YPF,0.5835140952956448,True,True,False,0.043478260869565216,0.043478260869565216,0.21739130434782608,0.0102361322851242,1.0,0.5,0.5,selected,selected
2022-08-16,CCJ,0.1930304706774657,True,False,False,0.6956521739130435,0.6086956521739131,0.6521739130434783,-0.0010035087422954,0.386495186328739,0.5,0.5,low_or_negative_expected_return,low_or_negative_expected_return
2022-08-16,VIST,0.1775280889244546,True,True,False,0.8695652173913043,0.8260869565217391,0.17391304347826086,-0.0012231989786618,0.2840528834093338,0.5,0.5,selected,selected
2022-08-16,TSLA,-0.0128956672696252,True,True,False,0.34782608695652173,0.34782608695652173,0.43478260869565216,-0.0001500525041505,0.4928248678978164,0.5,0.5,selected,selected
2022-08-16,CSCO,-0.0600812774382721,True,False,False,0.5652173913043478,0.6521739130434783,0.5652173913043478,-0.0007308620516226,0.3709996179821647,0.5,0.5,low_or_negative_expected_return,low_or_negative_expected_return
2022-08-23,YPF,0.3191489499068276,True,True,False,0.043478260869565216,0.043478260869565216,0.34782608695652173,0.010692642285674,1.0,0.5,0.5,selected,selected
2022-08-23,CCJ,0.1661002419431945,True,False,False,0.4782608695652174,1.0,0.391304347826087,-0.0001674442474452,0.0,0.5,0.5,low_or_negative_expected_return,low_or_negative_expected_return
2022-08-23,NFLX,0.0548653019433551,True,False,False,0.21739130434782608,0.2608695652173913,1.0,3.513003450656872e-06,0.1685645220224862,0.5,0.5,not_in_raw_selection,not_in_raw_selection
2022-08-23,TSLA,0.0146621697367652,True,False,False,1.0,0.17391304347826086,0.5652173913043478,-0.0007477351018879,0.2764231003910301,0.5,0.5,low_or_negative_expected_return,low_or_negative_expected_return
2022-08-23,VIST,-0.0072840475884493,True,True,False,0.08695652173913043,0.08695652173913043,0.6521739130434783,0.0031078770484102,0.6822566003972408,0.5,0.5,selected,selected
2022-08-30,YPF,0.1597095464698994,True,True,False,0.043478260869565216,0.043478260869565216,0.21739130434782608,0.0073430114881427,1.0,0.5,0.5,selected,selected
2022-08-30,NFLX,0.1112621737722929,True,False,False,0.391304347826087,0.17391304347826086,0.4782608695652174,1.999357552078508e-05,0.0533048173490138,0.5,0.5,not_in_raw_selection,not_in_raw_selection
2022-08-30,TSLA,0.0364061393847736,True,False,False,1.0,0.9565217391304348,0.9565217391304348,-0.0003881069151832,4.14216499988472e-06,0.5,0.5,low_or_negative_expected_return,low_or_negative_expected_return
2022-08-30,TXN,-0.0236296168382205,True,False,False,0.2608695652173913,0.43478260869565216,0.08695652173913043,5.5181912659806527e-05,4.108388407278696e-05,0.5,0.5,not_in_raw_selection,not_in_raw_selection
2022-08-30,PEP,-0.0249725833114067,True,False,False,0.13043478260869565,0.2608695652173913,0.17391304347826086,0.0001880190106665,0.000110809086061,0.5,0.5,not_in_raw_selection,not_in_raw_selection
2022-09-07,VIST,0.1411411291007758,True,False,False,1.0,0.2608695652173913,0.782608695652174,-0.0006987184352556,0.24671919899567,0.5,0.5,low_or_negative_expected_return,low_or_negative_expected_return
2022-09-07,YPF,0.1212121518628113,True,True,False,0.043478260869565216,0.043478260869565216,0.6956521739130435,0.012460670081521,1.0,0.5,0.5,selected,selected
2022-09-07,NFLX,0.0339360774962016,True,False,False,0.6086956521739131,0.30434782608695654,0.30434782608695654,-0.0001029714311478,0.2038542256388559,0.5,0.5,low_or_negative_expected_return,low_or_negative_expected_return
2022-09-07,TXN,0.0119406322523414,True,False,False,0.8260869565217391,0.9565217391304348,0.5652173913043478,-0.0003014189944851,0.0449554967310769,0.5,0.5,low_or_negative_expected_return,low_or_negative_expected_return
2022-09-07,QCOM,-0.0288491954726723,True,False,False,0.13043478260869565,0.5652173913043478,0.391304347826087,9.385989678598362e-05,0.1567080221148077,0.5,0.5,not_in_raw_selection,not_in_raw_selection
2022-09-14,VIST,0.0687023185570834,True,True,False,0.43478260869565216,0.13043478260869565,0.08695652173913043,-2.951632262763866e-06,0.3504826028676366,0.5,0.5,selected,selected
2022-09-14,PEP,0.0042091934117634,True,False,False,0.08695652173913043,0.30434782608695654,0.30434782608695654,0.0001735062330075,0.1418518740520819,0.5,0.5,not_in_raw_selection,not_in_raw_selection
2022-09-14,NFLX,-0.0145011937098347,True,False,False,0.782608695652174,0.5652173913043478,0.5652173913043478,-7.279610837963919e-05,0.1417951457860565,0.5,0.5,low_or_negative_expected_return,low_or_negative_expected_return
2022-09-14,GOOGL,-0.0708571661086309,True,False,False,0.6521739130434783,0.6521739130434783,1.0,-6.08424572103506e-05,0.1396607808487477,0.5,0.5,low_or_negative_expected_return,low_or_negative_expected_return
2022-09-14,COST,-0.081929124246432,True,False,False,0.8695652173913043,0.391304347826087,0.4782608695652174,-0.0001378367440253,0.1418185177351303,0.5,0.5,low_or_negative_expected_return,low_or_negative_expected_return
2022-09-21,VIST,0.2442347938179112,True,False,False,0.08695652173913043,0.17391304347826086,0.08695652173913043,0.0002446255506328,0.3780791310416145,0.5,0.5,not_in_raw_selection,not_in_raw_selection
2022-09-21,NFLX,0.1499134780224513,True,False,False,0.17391304347826086,0.782608695652174,0.8260869565217391,0.0001165767979753,0.2543742169783093,0.5,0.5,not_in_raw_selection,not_in_raw_selection
2022-09-21,ADBE,0.0472581186034866,True,False,False,0.30434782608695654,0.8260869565217391,0.5217391304347826,3.803908893338611e-05,0.2543733034940732,0.5,0.5,not_in_raw_selection,not_in_raw_selection
2022-09-21,YPF,0.0322580329404973,True,True,False,0.043478260869565216,0.043478260869565216,0.043478260869565216,0.0036668789626228,1.0,0.5,0.5,selected,selected
2022-09-21,PEP,0.0292092026694001,True,False,False,0.8260869565217391,0.8695652173913043,0.391304347826087,-7.427818559519023e-05,0.2152977060136544,0.5,0.5,low_or_negative_expected_return,low_or_negative_expected_return
2022-09-28,VIST,0.4686503633286376,True,False,False,0.08695652173913043,0.43478260869565216,0.5652173913043478,0.0002162409770734,0.4163498409565215,0.5,0.5,not_in_raw_selection,not_in_raw_selection
2022-09-28,NFLX,0.2178629263550304,True,True,False,0.17391304347826086,0.13043478260869565,0.9565217391304348,0.0001036971884901,0.644633162752932,0.5,0.5,selected,selected
2022-09-28,YPF,0.2175274448146793,True,True,False,0.043478260869565216,0.043478260869565216,0.6956521739130435,0.0018160676724098,1.0,0.5,0.5,selected,selected
2022-09-28,ADBE,0.1388771070983736,True,False,False,0.2608695652173913,1.0,0.9130434782608695,3.920733042169901e-05,0.0,0.5,0.5,not_in_raw_selection,not_in_raw_selection
2022-09-28,CSCO,0.0735365482415713,True,False,False,0.9130434782608695,0.9130434782608695,0.4782608695652174,-8.049238976427233e-05,0.1271633919650278,0.5,0.5,low_or_negative_expected_return,low_or_negative_expected_return
2022-10-05,VIST,0.2149123548177203,True,True,False,0.08695652173913043,0.08695652173913043,1.0,0.0002604151325754,0.5491650357459432,0.5,0.5,selected,selected
2022-10-05,NFLX,0.1532124720117762,True,False,False,0.17391304347826086,0.7391304347826086,0.17391304347826086,0.0001192764295535,0.207082741905707,0.5,0.5,not_in_raw_selection,not_in_raw_selection
2022-10-05,PEP,0.073734972850386,True,False,False,0.782608695652174,0.782608695652174,0.5217391304347826,-7.202430891583023e-05,0.1415441085649816,0.5,0.5,low_or_negative_expected_return,low_or_negative_expected_return
2022-10-05,YPF,0.071621584613625,True,True,False,0.043478260869565216,0.043478260869565216,0.9565217391304348,0.0040726590636463,1.0,0.5,0.5,selected,selected
2022-10-05,CSCO,0.0614431510651853,True,False,False,0.9130434782608695,0.17391304347826086,0.43478260869565216,-9.731966728427338e-05,0.2071744840672387,0.5,0.5,low_or_negative_expected_return,low_or_negative_expected_return
2022-10-12,AMAT,0.2416786554519956,True,False,False,0.5652173913043478,0.6521739130434783,0.9565217391304348,-8.391529161411901e-06,0.6104753458291284,0.5,0.5,low_or_negative_expected_return,low_or_negative_expected_return
2022-10-12,NVDA,0.1979130454685376,True,False,False,0.5217391304347826,0.7391304347826086,0.34782608695652173,-5.808224953247224e-06,0.6104533440067522,0.5,0.5,low_or_negative_expected_return,low_or_negative_expected_return
2022-10-12,VIST,0.1669642783397313,True,True,False,0.043478260869565216,0.043478260869565216,0.9130434782608695,0.0012611212826684,1.0,0.5,0.5,selected,selected
2022-10-12,NFLX,0.1529859069327508,True,True,False,0.17391304347826086,0.9130434782608695,0.043478260869565216,7.560186173986101e-05,0.6104392872103717,0.5,0.5,selected,selected
2022-10-12,CSCO,0.1181563365307043,True,False,False,0.8695652173913043,0.17391304347826086,0.30434782608695654,-7.402752061747237e-05,0.6105516341319577,0.5,0.5,low_or_negative_expected_return,low_or_negative_expected_return
2022-10-19,AMAT,0.3489515705284969,True,False,False,0.30434782608695654,0.8260869565217391,0.7391304347826086,2.8226240197467392e-05,0.1983312862928783,0.5,0.5,not_in_raw_selection,not_in_raw_selection
2022-10-19,NVDA,0.3202224148053689,True,False,False,0.5217391304347826,0.6086956521739131,0.4782608695652174,-6.85820124419626e-06,0.2914540459191452,0.5,0.5,low_or_negative_expected_return,low_or_negative_expected_return
2022-10-19,AMD,0.2703127298575083,True,False,False,0.6521739130434783,0.9130434782608695,0.43478260869565216,-5.6027940423709376e-05,0.0888419066635424,0.5,0.5,low_or_negative_expected_return,low_or_negative_expected_return
2022-10-19,AVGO,0.1755801004072517,True,False,False,0.782608695652174,0.7391304347826086,0.34782608695652173,-6.117695336580951e-05,0.2325619528017851,0.5,0.5,low_or_negative_expected_return,low_or_negative_expected_return
2022-10-19,VIST,0.1482729777464475,True,True,False,0.08695652173913043,0.21739130434782608,1.0,0.000252284075073,0.5985797424393605,0.5,0.5,selected,selected
2022-10-26,NVDA,0.2809397655866148,True,False,False,0.5652173913043478,0.5217391304347826,0.8260869565217391,-3.3378938602366915e-05,0.1081350819387782,0.5,0.5,low_or_negative_expected_return,low_or_negative_expected_return
2022-10-26,AMD,0.2790892702394023,True,False,False,0.9130434782608695,0.9130434782608695,0.2608695652173913,-0.0001533187600294,0.0463680840328923,0.5,0.5,low_or_negative_expected_return,low_or_negative_expected_return
2022-10-26,AMAT,0.2215792933349005,True,False,False,0.6956521739130435,0.391304347826087,0.6086956521739131,-4.928078999993503e-05,0.1756512813034368,0.5,0.5,low_or_negative_expected_return,low_or_negative_expected_return
2022-10-26,AVGO,0.1571186603446264,True,False,False,0.391304347826087,0.6956521739130435,0.30434782608695654,3.110161128713034e-05,0.063006363963983,0.5,0.5,not_in_raw_selection,not_in_raw_selection
2022-10-26,TXN,0.1337176237617638,True,False,False,0.2608695652173913,0.6086956521739131,0.6956521739130435,6.44326038084807e-05,0.0630139268190587,0.5,0.5,not_in_raw_selection,not_in_raw_selection
2022-11-02,META,0.3302407910706255,True,False,False,0.5652173913043478,0.782608695652174,0.34782608695652173,-3.2789721575361806e-05,0.1300817273943409,0.5,0.5,low_or_negative_expected_return,low_or_negative_expected_return
2022-11-02,AMD,0.3215077937133035,True,False,False,0.9565217391304348,0.8695652173913043,0.08695652173913043,-0.0001641233522975,0.0849101678627182,0.5,0.5,low_or_negative_expected_return,low_or_negative_expected_return
2022-11-02,NVDA,0.2962402910124329,True,False,False,0.6086956521739131,0.2608695652173913,0.6956521739130435,-3.403381129206786e-05,0.297173863273051,0.5,0.5,low_or_negative_expected_return,low_or_negative_expected_return
2022-11-02,AMAT,0.2193482170854792,True,False,False,0.6956521739130435,0.6521739130434783,0.782608695652174,-5.368529093150054e-05,0.1301070812111603,0.5,0.5,low_or_negative_expected_return,low_or_negative_expected_return
2022-11-02,AVGO,0.207705633159182,True,False,False,0.9130434782608695,1.0,0.13043478260869565,-0.0001361871676788,0.0,0.5,0.5,low_or_negative_expected_return,low_or_negative_expected_return
2022-11-09,NVDA,0.2462979527500621,True,True,False,0.5217391304347826,0.782608695652174,0.8695652173913043,-1.0860650828794731e-05,1.6618474711348422e-05,0.5,0.5,selected,selected
2022-11-09,NFLX,0.2183303052132348,True,False,False,0.17391304347826086,0.30434782608695654,0.5217391304347826,0.0001064304504173,0.1959249402162186,0.5,0.5,not_in_raw_selection,not_in_raw_selection
2022-11-09,AMD,0.1760681470986018,True,False,False,0.7391304347826086,0.7391304347826086,0.4782608695652174,-8.024701827559075e-05,1.8043456030359616e-05,0.5,0.5,low_or_negative_expected_return,low_or_negative_expected_return
2022-11-09,AMAT,0.1507735089112671,True,False,False,0.043478260869565216,0.043478260869565216,0.17391304347826086,0.0009868956233385,1.0,0.5,0.5,not_in_raw_selection,not_in_raw_selection
2022-11-09,META,0.13659210055793,True,False,False,0.43478260869565216,0.9565217391304348,0.9130434782608695,1.808994530779613e-06,1.0220367711241384e-06,0.5,0.5,not_in_raw_selection,not_in_raw_selection
2022-11-16,AVGO,0.0904187534640184,True,False,False,0.17391304347826086,0.17391304347826086,0.391304347826087,0.0005688410974833,0.7027598368889634,0.5,0.5,not_in_raw_selection,not_in_raw_selection
2022-11-16,CSCO,0.0847038113973772,True,False,False,0.5217391304347826,0.6521739130434783,0.6956521739130435,-0.0001211091172522,0.0924630499750847,0.5,0.5,low_or_negative_expected_return,low_or_negative_expected_return
2022-11-16,NVDA,0.0654933894964191,True,True,False,0.13043478260869565,0.08695652173913043,0.43478260869565216,0.001366161536288,0.7610919441034283,0.5,0.5,selected,selected
2022-11-16,MSFT,0.0301162408801858,True,False,False,0.391304347826087,0.782608695652174,0.17391304347826086,-6.809151174786046e-05,4.4920876359703634e-05,0.5,0.5,low_or_negative_expected_return,low_or_negative_expected_return
2022-11-16,META,0.0257882017343109,True,False,False,0.6086956521739131,1.0,0.30434782608695654,-0.0002955715093996,0.0,0.5,0.5,low_or_negative_expected_return,low_or_negative_expected_return
2022-11-23,YPF,0.1566579416670028,True,False,False,0.9565217391304348,0.6956521739130435,0.6956521739130435,-0.0011432768159899,0.402876256043305,0.5,0.5,low_or_negative_expected_return,low_or_negative_expected_return
2022-11-23,VIST,0.1100225345974632,True,False,False,1.0,0.5652173913043478,1.0,-0.0012351147566615,0.4326795243867261,0.5,0.5,low_or_negative_expected_return,low_or_negative_expected_return
2022-11-23,META,0.0434783052003935,True,False,False,0.5652173913043478,0.9130434782608695,0.9565217391304348,-0.0003685679157682,0.1399893810832665,0.5,0.5,low_or_negative_expected_return,low_or_negative_expected_return
2022-11-23,AVGO,0.0364477878844113,True,False,False,0.17391304347826086,0.17391304347826086,0.43478260869565216,0.0009516522478837,0.8362544265643912,0.5,0.5,not_in_raw_selection,not_in_raw_selection
2022-11-23,NFLX,0.0214408236081997,True,False,False,0.7391304347826086,0.6086956521739131,0.391304347826087,-0.000454682861339,0.4319145912903022,0.5,0.5,low_or_negative_expected_return,low_or_negative_expected_return
2022-12-01,VIST,0.1012657913742909,True,False,False,1.0,0.6086956521739131,0.17391304347826086,-0.0011225771503496,0.3555901581678597,0.5,0.5,low_or_negative_expected_return,low_or_negative_expected_return
2022-12-01,YPF,0.0966586461671454,True,False,False,0.782608695652174,0.6956521739130435,0.21739130434782608,-0.0007111555267989,0.2070018233433545,0.5,0.5,low_or_negative_expected_return,low_or_negative_expected_return
2022-12-01,AVGO,0.0152155683143873,True,False,False,0.043478260869565216,0.13043478260869565,0.7391304347826086,0.0021161554083429,0.9665776104404302,0.5,0.5,not_in_raw_selection,not_in_raw_selection
2022-12-01,META,-0.0008303396005349,True,True,False,0.5217391304347826,1.0,0.8695652173913043,-0.0002595833861897,0.0,0.5,0.5,selected,selected
2022-12-01,ADBE,-0.0220278018509735,True,False,False,0.6086956521739131,0.7391304347826086,0.391304347826087,-0.0002996674189089,0.1786955296129723,0.5,0.5,low_or_negative_expected_return,low_or_negative_expected_return
2022-12-08,YPF,0.317567550587428,True,False,False,0.5652173913043478,0.8695652173913043,0.2608695652173913,-3.065529734943501e-05,1.613529916600884e-05,0.5,0.5,low_or_negative_expected_return,low_or_negative_expected_return
2022-12-08,VIST,0.2693548593015011,True,False,False,0.8695652173913043,0.9130434782608695,0.17391304347826086,-0.0001765769878704,1.315543442387215e-05,0.5,0.5,low_or_negative_expected_return,low_or_negative_expected_return
2022-12-08,CCJ,0.1396519787431935,True,False,False,0.34782608695652173,0.8260869565217391,0.34782608695652173,3.999817486386441e-05,1.6499976596477134e-05,0.5,0.5,not_in_raw_selection,not_in_raw_selection
2022-12-08,META,0.1226046923190196,True,False,False,0.5217391304347826,1.0,0.30434782608695654,-1.1058832742268086e-05,0.0,0.5,0.5,low_or_negative_expected_return,low_or_negative_expected_return
2022-12-08,AVGO,0.0862581403861415,True,False,False,0.2608695652173913,0.5217391304347826,0.43478260869565216,4.1951999125770425e-05,0.1158073927946024,0.5,0.5,not_in_raw_selection,not_in_raw_selection
2022-12-15,YPF,0.635876922389484,True,False,False,1.0,0.30434782608695654,0.782608695652174,-0.0002464404480156,0.2300689901215867,0.5,0.5,low_or_negative_expected_return,low_or_negative_expected_return
2022-12-15,VIST,0.3031007723283627,True,False,False,0.08695652173913043,0.9565217391304348,0.7391304347826086,0.000237763372382,2.011245707481785e-05,0.5,0.5,not_in_raw_selection,not_in_raw_selection
2022-12-15,CCJ,0.1714285337587511,True,False,False,0.4782608695652174,0.9130434782608695,0.8695652173913043,-1.054513410559473e-06,2.2881455924253903e-05,0.5,0.5,low_or_negative_expected_return,low_or_negative_expected_return
2022-12-15,META,0.165389572381474,True,True,False,0.43478260869565216,0.13043478260869565,0.2608695652173913,3.594400944767006e-06,0.5850301813318125,0.5,0.5,selected,selected
2022-12-15,NFLX,0.1233084685989247,True,False,False,0.9565217391304348,0.21739130434782608,0.5217391304347826,-0.0001797179842091,0.5743673057672553,0.5,0.5,low_or_negative_expected_return,low_or_negative_expected_return
2022-12-22,YPF,0.3544018583518031,True,True,False,0.043478260869565216,0.043478260869565216,0.21739130434782608,0.0025481693675109,1.0,0.5,0.5,selected,selected
2022-12-22,NVDA,0.2559488692782259,True,False,False,0.6956521739130435,0.7391304347826086,0.6956521739130435,-4.7211039505207305e-05,0.0888458432323147,0.5,0.5,low_or_negative_expected_return,low_or_negative_expected_return
2022-12-22,CCJ,0.2243414406909001,True,False,False,0.5652173913043478,1.0,0.043478260869565216,-1.5170661389818398e-05,0.0,0.5,0.5,low_or_negative_expected_return,low_or_negative_expected_return
2022-12-22,META,0.2221652666741058,True,True,False,0.21739130434782608,0.8260869565217391,0.5652173913043478,6.997698475475018e-05,0.0888324905142356,0.5,0.5,selected,selected
2022-12-22,NFLX,0.2219311464750883,True,False,False,0.34782608695652173,0.782608695652174,0.9130434782608695,4.413390792293447e-05,0.0888410167198153,0.5,0.5,not_in_raw_selection,not_in_raw_selection
2022-12-30,TSLA,0.4062347847991097,True,False,False,0.43478260869565216,0.9130434782608695,1.0,1.644186862228732e-06,0.0002409306029972,0.5,0.5,not_in_raw_selection,not_in_raw_selection
2022-12-30,NVDA,0.3368687715717093,True,False,False,0.6086956521739131,0.5652173913043478,0.21739130434782608,-2.476544815822708e-05,0.3580232181880723,0.5,0.5,low_or_negative_expected_return,low_or_negative_expected_return
2022-12-30,YPF,0.3003264804030296,True,True,False,0.4782608695652174,0.21739130434782608,0.08695652173913043,-3.085975348126037e-06,0.6878465590777558,0.5,0.5,selected,selected
2022-12-30,META,0.2379093049199134,True,False,False,0.7391304347826086,0.30434782608695654,0.30434782608695654,-7.013436949926042e-05,0.5612510863527064,0.5,0.5,low_or_negative_expected_return,low_or_negative_expected_return
2022-12-30,CCJ,0.2355536009976435,True,False,False,1.0,0.5217391304347826,0.17391304347826086,-0.0001356690210244,0.3580404549793581,0.5,0.5,low_or_negative_expected_return,low_or_negative_expected_return
2023-01-09,TSLA,0.6432328886600771,True,False,False,0.391304347826087,1.0,0.391304347826087,1.1174931018349565e-05,0.0,0.5,0.5,not_in_raw_selection,not_in_raw_selection
2023-01-09,META,0.4800339330385839,True,False,False,0.43478260869565216,0.30434782608695654,0.34782608695652173,3.527349828758027e-06,0.4427013947531519,0.5,0.5,not_in_raw_selection,not_in_raw_selection
2023-01-09,NVDA,0.4187995884091104,True,False,False,0.5217391304347826,0.8260869565217391,0.13043478260869565,-1.2729745937994171e-05,0.295443595378313,0.5,0.5,low_or_negative_expected_return,low_or_negative_expected_return
2023-01-09,AMD,0.277662200944234,True,False,False,0.8260869565217391,0.782608695652174,0.5217391304347826,-0.0001027042193345,0.2954470509228813,0.5,0.5,low_or_negative_expected_return,low_or_negative_expected_return
2023-01-09,GOOGL,0.222903925185818,True,False,False,0.6956521739130435,0.9565217391304348,0.21739130434782608,-6.274580105248145e-05,0.1866407611956693,0.5,0.5,low_or_negative_expected_return,low_or_negative_expected_return
2023-01-17,TSLA,0.5913757035387648,True,False,False,0.5652173913043478,1.0,0.17391304347826086,-0.0002345640392776,0.0,0.5,0.5,low_or_negative_expected_return,low_or_negative_expected_return
2023-01-17,META,0.3259455889350333,True,True,False,0.6086956521739131,0.391304347826087,0.21739130434782608,-0.0003599810998578,0.2542969715480577,0.5,0.5,selected,selected
2023-01-17,NVDA,0.2976500455880251,True,False,False,0.5217391304347826,0.782608695652174,0.34782608695652173,-0.00014967369198,0.062246150620174,0.5,0.5,low_or_negative_expected_return,low_or_negative_expected_return
2023-01-17,AMD,0.2005866929029469,True,False,False,0.43478260869565216,0.8260869565217391,0.30434782608695654,-8.424581038446884e-05,0.0319232697062614,0.5,0.5,low_or_negative_expected_return,low_or_negative_expected_return
2023-01-17,CCJ,0.1471282360304158,True,False,False,0.9130434782608695,0.30434782608695654,0.6521739130434783,-0.000554680486506,0.3599145986950187,0.5,0.5,low_or_negative_expected_return,low_or_negative_expected_return
2023-01-24,TSLA,0.3959274547387452,True,False,False,0.6521739130434783,1.0,0.391304347826087,-0.0003069738764127,0.0,0.5,0.5,low_or_negative_expected_return,low_or_negative_expected_return
2023-01-24,META,0.1954729345175792,True,True,False,0.782608695652174,0.5217391304347826,0.34782608695652173,-0.0004238791385105,0.3373585198207585,0.5,0.5,selected,selected
2023-01-24,NVDA,0.0772904421286744,True,False,False,0.391304347826087,0.6521739130434783,0.8695652173913043,-3.525140718339577e-05,0.2456668687143231,0.5,0.5,low_or_negative_expected_return,low_or_negative_expected_return
2023-01-24,VIST,0.0602705737048885,True,False,False,1.0,0.782608695652174,0.9130434782608695,-0.0007861080421499,0.1272990054616763,0.5,0.5,low_or_negative_expected_return,low_or_negative_expected_return
2023-01-24,AAPL,0.0447625407805674,True,False,False,0.6956521739130435,0.21739130434782608,0.8260869565217391,-0.0004103372358919,0.5790807391744653,0.5,0.5,low_or_negative_expected_return,low_or_negative_expected_return
2023-01-31,VIST,0.191823975948693,True,False,False,1.0,0.9565217391304348,0.21739130434782608,-0.0014401596588324,0.1638091208467063,0.5,0.5,low_or_negative_expected_return,low_or_negative_expected_return
2023-01-31,TSLA,0.1705923267724005,True,True,False,0.5217391304347826,0.391304347826087,0.7391304347826086,-0.0001241690873529,0.7606616800616129,0.5,0.5,selected,selected
2023-01-31,META,0.1641269836067118,True,False,False,0.30434782608695654,0.4782608695652174,0.8260869565217391,0.0004833666125301,0.7325961375723461,0.5,0.5,not_in_raw_selection,not_in_raw_selection
2023-01-31,NVDA,0.16179552602432,True,True,False,0.2608695652173913,0.43478260869565216,1.0,0.0007954273853974,0.7476923988854222,0.5,0.5,selected,selected
2023-01-31,AMAT,0.0517535598082201,True,False,False,0.6086956521739131,0.5652173913043478,0.08695652173913043,-0.0006197287752002,0.5744827659644046,0.5,0.5,low_or_negative_expected_return,low_or_negative_expected_return
2023-02-07,VIST,0.1659574112839434,True,False,False,1.0,0.7391304347826086,0.4782608695652174,-0.0026328985740555,0.4113301366626207,0.5,0.5,low_or_negative_expected_return,low_or_negative_expected_return
2023-02-07,NVDA,0.0905605641891236,True,True,False,0.08695652173913043,0.043478260869565216,0.21739130434782608,0.008735651676002,1.0,0.5,0.5,selected,selected
2023-02-07,YPF,0.0441941274322104,True,False,False,0.6086956521739131,0.5217391304347826,0.5217391304347826,-0.0014658336917666,0.6062309028483697,0.5,0.5,low_or_negative_expected_return,low_or_negative_expected_return
2023-02-07,AVGO,0.0289853048014214,True,False,False,0.782608695652174,0.6521739130434783,0.43478260869565216,-0.0019960485643244,0.4651838444980896,0.5,0.5,low_or_negative_expected_return,low_or_negative_expected_return
2023-02-07,CSCO,0.0265468322264412,True,False,False,0.8260869565217391,0.8695652173913043,0.782608695652174,-0.0020080691590646,0.2546636403793288,0.5,0.5,low_or_negative_expected_return,low_or_negative_expected_return
2023-02-14,META,0.1017940979907079,True,True,False,0.6956521739130435,0.5217391304347826,0.4782608695652174,-0.0007476350198965,0.3905482593741889,0.5,0.5,selected,selected
2023-02-14,NVDA,0.0547211672431917,True,False,False,0.08695652173913043,0.08695652173913043,0.8260869565217391,0.0046923205017839,0.8851802167393031,0.5,0.5,not_in_raw_selection,not_in_raw_selection
2023-02-14,AMD,0.0433973646232908,True,False,False,0.17391304347826086,0.2608695652173913,0.43478260869565216,1.1265990671709836e-05,0.5698056470804452,0.5,0.5,not_in_raw_selection,not_in_raw_selection
2023-02-14,AVGO,0.0393983353806195,True,False,False,0.9130434782608695,0.5652173913043478,0.6521739130434783,-0.0010596516287574,0.379959142423789,0.5,0.5,low_or_negative_expected_return,low_or_negative_expected_return
2023-02-14,CSCO,0.0285115427379241,True,False,False,0.7391304347826086,1.0,0.17391304347826086,-0.0008455869520418,0.0,0.5,0.5,low_or_negative_expected_return,low_or_negative_expected_return
2023-02-22,NVDA,0.2753204578261721,True,False,False,0.6521739130434783,0.13043478260869565,0.9130434782608695,-8.749609104826537e-05,0.4913039935569477,0.5,0.5,low_or_negative_expected_return,low_or_negative_expected_return
2023-02-22,AMD,0.2737240706648638,True,False,False,0.9130434782608695,0.17391304347826086,0.7391304347826086,-0.0001626737028003,0.4511467137209846,0.5,0.5,low_or_negative_expected_return,low_or_negative_expected_return
2023-02-22,META,0.1676601406034319,True,True,False,0.08695652173913043,0.08695652173913043,0.34782608695652173,0.0016641091191368,0.8296999050503833,0.5,0.5,selected,selected
2023-02-22,GOOGL,0.1278778071530504,True,False,False,0.2608695652173913,0.782608695652174,0.391304347826087,6.526526335513157e-05,2.016196886828868e-05,0.5,0.5,not_in_raw_selection,not_in_raw_selection
2023-02-22,INTC,0.1044365888937191,True,False,False,0.30434782608695654,0.8260869565217391,0.8695652173913043,5.1538666329298114e-05,1.883026027409531e-05,0.5,0.5,not_in_raw_selection,not_in_raw_selection
2023-03-01,INTC,0.2443742815910736,True,False,False,0.34782608695652173,0.6956521739130435,0.9130434782608695,7.889896068594329e-05,0.1931793913769924,0.5,0.5,not_in_raw_selection,not_in_raw_selection
2023-03-01,AMD,0.2273597549394457,True,False,False,0.43478260869565216,0.34782608695652173,0.34782608695652173,3.634893248197389e-05,0.3958590724777354,0.5,0.5,not_in_raw_selection,not_in_raw_selection
2023-03-01,NVDA,0.188827178902966,True,True,False,0.08695652173913043,0.08695652173913043,0.30434782608695654,0.0015110328513718,0.8259516178082917,0.5,0.5,selected,selected
2023-03-01,META,0.1841195264196935,True,False,False,0.043478260869565216,0.043478260869565216,0.043478260869565216,0.0027738739122964,1.0,0.5,0.5,not_in_raw_selection,not_in_raw_selection
2023-03-01,ADBE,0.1724905619922623,True,False,False,0.782608695652174,0.8260869565217391,0.43478260869565216,-7.188848342074449e-05,0.1931493794626297,0.5,0.5,low_or_negative_expected_return,low_or_negative_expected_return
2023-03-08,INTC,0.2636644499428162,True,False,False,0.30434782608695654,0.8260869565217391,0.8260869565217391,6.183726785442238e-05,0.0739492629104747,0.5,0.5,not_in_raw_selection,not_in_raw_selection
2023-03-08,META,0.1433205078222639,True,False,False,0.08695652173913043,0.08695652173913043,0.043478260869565216,0.0015289585778,0.8830879658011116,0.5,0.5,not_in_raw_selection,not_in_raw_selection
2023-03-08,MSFT,0.1207725650698345,True,False,False,0.9130434782608695,0.2608695652173913,0.34782608695652173,-0.0001601428675634,0.4150419679600092,0.5,0.5,low_or_negative_expected_return,low_or_negative_expected_return
2023-03-08,NVDA,0.1116579459162026,True,True,False,0.8260869565217391,0.13043478260869565,0.21739130434782608,-0.0001242739322537,0.687960719884486,0.5,0.5,selected,selected
2023-03-08,GOOGL,0.1084350262143567,True,False,False,0.5217391304347826,0.6521739130434783,0.13043478260869565,-1.5010041831912536e-05,0.1642488080330667,0.5,0.5,low_or_negative_expected_return,low_or_negative_expected_return
2023-03-15,YPF,0.3322545600444431,True,False,False,0.7391304347826086,0.8695652173913043,0.9565217391304348,-8.636377442755266e-05,0.1807744101946511,0.5,0.5,low_or_negative_expected_return,low_or_negative_expected_return
2023-03-15,VIST,0.3161448329705976,True,False,False,0.30434782608695654,0.9130434782608695,0.6521739130434783,7.321358900531934e-05,0.1807699245084529,0.5,0.5,not_in_raw_selection,not_in_raw_selection
2023-03-15,NFLX,0.1395700915626552,True,False,False,0.13043478260869565,0.6086956521739131,0.43478260869565216,0.0001562526334525,0.2510321874117143,0.5,0.5,not_in_raw_selection,not_in_raw_selection
2023-03-15,ADBE,0.1354575834826539,True,False,False,0.6086956521739131,1.0,0.8260869565217391,-5.528833682824481e-05,0.0,0.5,0.5,low_or_negative_expected_return,low_or_negative_expected_return
2023-03-15,INTC,0.1309398535967252,True,False,False,0.5217391304347826,0.391304347826087,0.6956521739130435,-1.7924685002706735e-05,0.3721271898825578,0.5,0.5,low_or_negative_expected_return,low_or_negative_expected_return
2023-03-22,VIST,0.2472559687287372,True,False,False,0.6956521739130435,0.391304347826087,0.13043478260869565,-0.0002582264976993,0.3646942946486329,0.5,0.5,low_or_negative_expected_return,low_or_negative_expected_return
2023-03-22,YPF,0.175025486627671,True,False,False,0.30434782608695654,1.0,0.08695652173913043,3.720194606632192e-05,0.0,0.5,0.5,not_in_raw_selection,not_in_raw_selection
2023-03-22,NFLX,0.1070092045960158,True,False,False,0.782608695652174,0.9565217391304348,0.5217391304347826,-0.0003481211634122,0.086780996754442,0.5,0.5,low_or_negative_expected_return,low_or_negative_expected_return
2023-03-22,INTC,0.0970494678646325,True,False,False,0.6086956521739131,0.8260869565217391,0.21739130434782608,-0.0001027105966141,0.1659336343257414,0.5,0.5,low_or_negative_expected_return,low_or_negative_expected_return
2023-03-22,META,0.0663630945780704,True,False,False,0.2608695652173913,0.2608695652173913,0.34782608695652173,6.373003008118195e-05,0.4890262852405961,0.5,0.5,not_in_raw_selection,not_in_raw_selection
2023-03-29,META,0.1617238396298717,True,True,False,0.30434782608695654,0.391304347826087,0.17391304347826086,1.4256835736975782e-05,0.5170195943768432,0.5,0.5,selected,selected
2023-03-29,AMZN,0.095461343589269,True,False,False,0.5652173913043478,0.6086956521739131,0.43478260869565216,-0.0001079070656661,0.3139217668609599,0.5,0.5,low_or_negative_expected_return,low_or_negative_expected_return
2023-03-29,MSFT,0.0866991407078867,True,False,False,0.17391304347826086,0.17391304347826086,0.21739130434782608,0.0010695036161889,0.8468499568330474,0.5,0.5,not_in_raw_selection,not_in_raw_selection
2023-03-29,GOOGL,0.0611499850632721,True,False,False,0.4782608695652174,0.5652173913043478,0.4782608695652174,-9.004200898960752e-05,0.4008040603851058,0.5,0.5,low_or_negative_expected_return,low_or_negative_expected_return
2023-03-29,PEP,0.0499253022852543,True,False,False,0.5217391304347826,0.30434782608695654,0.782608695652174,-9.934509144185476e-05,0.5822566144711016,0.5,0.5,low_or_negative_expected_return,low_or_negative_expected_return
2023-04-05,META,0.1042179354557828,True,True,False,0.5652173913043478,0.43478260869565216,0.9130434782608695,-7.842284462471728e-05,0.390448384171548,0.5,0.5,selected,selected
2023-04-05,MSFT,0.0741014545810874,True,False,False,0.34782608695652173,0.21739130434782608,0.782608695652174,5.605857372902838e-05,0.577875442229557,0.5,0.5,not_in_raw_selection,not_in_raw_selection
2023-04-05,CCJ,0.0601593707542971,True,False,False,0.2608695652173913,1.0,0.8260869565217391,0.0001770056465449,0.0,0.5,0.5,not_in_raw_selection,not_in_raw_selection
2023-04-05,PEP,0.0530385837809641,True,False,False,0.13043478260869565,0.08695652173913043,0.34782608695652173,0.00080276830082,0.9554488105360576,0.5,0.5,not_in_raw_selection,not_in_raw_selection
2023-04-05,AMZN,0.0286844863466662,True,False,False,0.6086956521739131,0.8260869565217391,0.5652173913043478,-8.183730484023073e-05,0.0363519329261336,0.5,0.5,low_or_negative_expected_return,low_or_negative_expected_return
2023-04-13,AMZN,0.0955077991558939,True,False,False,0.8260869565217391,0.6956521739130435,0.08695652173913043,-0.0001440056474508,0.1718947939349776,0.5,0.5,low_or_negative_expected_return,low_or_negative_expected_return
2023-04-13,GOOGL,0.0850786499458671,True,False,False,0.6956521739130435,0.4782608695652174,0.13043478260869565,-9.670596573202324e-05,0.4942286158480389,0.5,0.5,low_or_negative_expected_return,low_or_negative_expected_return
2023-04-13,NVDA,0.0799229045670488,True,False,False,0.391304347826087,0.5217391304347826,0.043478260869565216,8.100880689083776e-05,0.4763205095374559,0.5,0.5,not_in_raw_selection,not_in_raw_selection
2023-04-13,META,0.0700702825275341,True,False,False,0.043478260869565216,0.08695652173913043,0.21739130434782608,0.0024663638421481,0.8499621862461089,0.5,0.5,not_in_raw_selection,not_in_raw_selection
2023-04-13,MSFT,0.0699350996059269,True,False,False,0.7391304347826086,0.21739130434782608,0.34782608695652173,-0.0001077229308483,0.7192831230329012,0.5,0.5,low_or_negative_expected_return,low_or_negative_expected_return
2023-04-20,AMD,0.1977582906905131,True,False,False,0.9565217391304348,0.9565217391304348,0.782608695652174,-0.00020122940634,3.429707892111599e-05,0.5,0.5,low_or_negative_expected_return,low_or_negative_expected_return
2023-04-20,NVDA,0.1687573564587157,True,False,False,0.043478260869565216,0.043478260869565216,0.5652173913043478,0.0027458054194001,1.0,0.5,0.5,not_in_raw_selection,not_in_raw_selection
2023-04-20,GOOGL,0.1665875274291186,True,False,False,0.6956521739130435,0.2608695652173913,0.43478260869565216,-6.582213008157712e-05,0.5412679599540013,0.5,0.5,low_or_negative_expected_return,low_or_negative_expected_return
2023-04-20,META,0.1585394359511867,True,False,False,0.5652173913043478,0.43478260869565216,0.391304347826087,-2.9798931734575807e-05,0.361825573820747,0.5,0.5,low_or_negative_expected_return,low_or_negative_expected_return
2023-04-20,NFLX,0.1412018377613408,True,False,False,0.391304347826087,0.4782608695652174,0.8695652173913043,5.2477974668688056e-05,0.3270232934681879,0.5,0.5,not_in_raw_selection,not_in_raw_selection
2023-04-27,NVDA,0.3949900747954449,True,False,False,0.34782608695652173,0.34782608695652173,0.2608695652173913,7.494521915191121e-05,0.5497618707403982,0.5,0.5,not_in_raw_selection,not_in_raw_selection
2023-04-27,AMD,0.3763723137447063,True,False,False,0.4782608695652174,0.9565217391304348,0.7391304347826086,5.408755608233772e-06,0.0296847803300215,0.5,0.5,not_in_raw_selection,not_in_raw_selection
2023-04-27,AVGO,0.1785061321932852,True,False,False,0.8260869565217391,0.6086956521739131,0.6956521739130435,-0.0001381724092605,0.1111087245299421,0.5,0.5,low_or_negative_expected_return,low_or_negative_expected_return
2023-04-27,AMAT,0.1682485750732625,True,False,False,0.17391304347826086,1.0,0.782608695652174,0.0001707916192565,0.0,0.5,0.5,not_in_raw_selection,not_in_raw_selection
2023-04-27,TSLA,0.1515700006820208,True,False,False,0.5652173913043478,0.9130434782608695,0.43478260869565216,-2.1815848849836257e-05,0.1109825549313251,0.5,0.5,low_or_negative_expected_return,low_or_negative_expected_return
2023-05-04,NVDA,0.4268557895801825,True,True,False,0.5652173913043478,0.21739130434782608,0.5217391304347826,-3.11126854544554e-05,0.3102009325946976,0.5,0.5,selected,selected
2023-05-04,AMD,0.3608128366213754,True,False,False,0.9130434782608695,0.391304347826087,0.6086956521739131,-0.0001642636978833,0.183459785814097,0.5,0.5,low_or_negative_expected_return,low_or_negative_expected_return
2023-05-04,AVGO,0.3307984543648639,True,False,False,0.782608695652174,0.6086956521739131,0.34782608695652173,-0.0001335720386462,0.0873715067091244,0.5,0.5,low_or_negative_expected_return,low_or_negative_expected_return
2023-05-04,TSLA,0.3273573528007214,True,False,False,0.391304347826087,0.30434782608695654,0.7391304347826086,1.5859933625694785e-05,0.2418349493129964,0.5,0.5,not_in_raw_selection,not_in_raw_selection
2023-05-04,ADBE,0.2993776987311618,True,False,False,0.2608695652173913,0.8260869565217391,0.9565217391304348,7.808096693950179e-05,0.0873223908014903,0.5,0.5,not_in_raw_selection,not_in_raw_selection
2023-05-11,TSLA,0.4202695914452179,True,False,False,0.30434782608695654,0.8695652173913043,0.30434782608695654,3.263656754573556e-05,0.2298728912719251,0.5,0.5,not_in_raw_selection,not_in_raw_selection
2023-05-11,NVDA,0.3566380312968569,True,True,False,0.5652173913043478,0.2608695652173913,0.2608695652173913,-4.625778898960933e-05,0.6392797495024988,0.5,0.5,selected,selected
2023-05-11,ADBE,0.3291176820863024,True,False,False,0.6521739130434783,0.8260869565217391,0.782608695652174,-8.398443796554399e-05,0.2298967748378857,0.5,0.5,low_or_negative_expected_return,low_or_negative_expected_return
2023-05-11,AMD,0.2865087552214407,True,True,False,0.6086956521739131,0.6086956521739131,0.5217391304347826,-7.231982384217923e-05,0.280360883291764,0.5,0.5,selected,selected
2023-05-11,AVGO,0.2819156591300154,True,False,False,0.7391304347826086,0.6956521739130435,0.391304347826087,-0.0001042981297113,0.2299366601165293,0.5,0.5,low_or_negative_expected_return,low_or_negative_expected_return
2023-05-18,TSLA,0.4728928115998887,True,False,False,0.30434782608695654,0.8695652173913043,0.391304347826087,7.548247622234404e-06,0.099518734519247,0.5,0.5,not_in_raw_selection,not_in_raw_selection
2023-05-18,ADBE,0.3738590093450189,True,False,False,0.782608695652174,0.8260869565217391,0.6086956521739131,-0.0005578739772395,0.0995392349492371,0.5,0.5,low_or_negative_expected_return,low_or_negative_expected_return
2023-05-18,NVDA,0.3476861551040904,True,True,False,0.17391304347826086,0.2608695652173913,0.13043478260869565,0.0006672763251353,0.6146513533906117,0.5,0.5,selected,selected
2023-05-18,YPF,0.3373161799348503,True,False,False,0.6086956521739131,0.9130434782608695,0.8695652173913043,-0.0001402293693006,0.0995135849775573,0.5,0.5,low_or_negative_expected_return,low_or_negative_expected_return
2023-05-18,AVGO,0.2805870458307256,True,False,False,0.5217391304347826,0.17391304347826086,0.43478260869565216,-0.0001103766154938,0.7169874530510832,0.5,0.5,low_or_negative_expected_return,low_or_negative_expected_return
2023-05-25,YPF,0.3924049759723231,True,False,False,0.9130434782608695,0.9565217391304348,0.8695652173913043,-0.0007928928957685,0.1422172476631777,0.5,0.5,low_or_negative_expected_return,low_or_negative_expected_return
2023-05-25,TSLA,0.3067165471710567,True,False,False,0.7391304347826086,0.43478260869565216,0.30434782608695654,-0.0004152990989889,0.4583192991093291,0.5,0.5,low_or_negative_expected_return,low_or_negative_expected_return
2023-05-25,ADBE,0.2230526265153123,True,False,False,0.4782608695652174,0.6956521739130435,0.43478260869565216,-9.850090662860232e-05,0.2617280287074704,0.5,0.5,low_or_negative_expected_return,low_or_negative_expected_return
2023-05-25,INTC,0.2167883436772193,True,False,False,0.43478260869565216,0.8695652173913043,0.391304347826087,-8.218457445506121e-05,0.146145384365391,0.5,0.5,low_or_negative_expected_return,low_or_negative_expected_return
2023-05-25,NFLX,0.1586072423990301,True,False,False,0.9565217391304348,0.5217391304347826,0.2608695652173913,-0.0008980310324759,0.399615593990617,0.5,0.5,low_or_negative_expected_return,low_or_negative_expected_return
2023-06-02,TSLA,0.3077534501464691,True,False,False,0.21739130434782608,0.21739130434782608,0.17391304347826086,0.0017377736666226,0.7716036746796148,0.5,0.5,not_in_raw_selection,not_in_raw_selection
2023-06-02,YPF,0.2970384091515521,True,False,False,1.0,0.9130434782608695,0.2608695652173913,-0.0016169516109539,0.0888479944238967,0.5,0.5,low_or_negative_expected_return,low_or_negative_expected_return
2023-06-02,VIST,0.1168591561766161,True,False,False,0.782608695652174,0.8695652173913043,0.043478260869565216,-0.0011530108437636,0.1267450487173391,0.5,0.5,low_or_negative_expected_return,low_or_negative_expected_return
2023-06-02,ADBE,0.1119233606443876,True,False,False,0.08695652173913043,0.13043478260869565,0.8695652173913043,0.0028107312517821,0.8957885205388336,0.5,0.5,not_in_raw_selection,not_in_raw_selection
2023-06-02,NFLX,0.1023047926568674,True,False,False,0.17391304347826086,0.17391304347826086,0.782608695652174,0.0018395873600497,0.7888096479164464,0.5,0.5,not_in_raw_selection,not_in_raw_selection
2023-06-09,YPF,0.1490039726803849,True,False,False,0.6956521739130435,0.782608695652174,0.2608695652173913,-0.000779048926446,0.1587948026665599,0.5,0.5,low_or_negative_expected_return,low_or_negative_expected_return
2023-06-09,META,0.1258350435999935,True,False,False,1.0,0.5652173913043478,0.5217391304347826,-0.001081732474011,0.326219256363957,0.5,0.5,low_or_negative_expected_return,low_or_negative_expected_return
2023-06-09,VIST,0.1202395962787032,True,False,False,0.8695652173913043,0.7391304347826086,0.5652173913043478,-0.0008649658569698,0.1589918734868347,0.5,0.5,low_or_negative_expected_return,low_or_negative_expected_return
2023-06-09,ADBE,0.1117620930272578,True,False,False,0.043478260869565216,0.043478260869565216,0.17391304347826086,0.0066328932459867,1.0,0.5,0.5,not_in_raw_selection,not_in_raw_selection
2023-06-09,TSLA,0.1038871329071777,True,False,False,0.08695652173913043,0.08695652173913043,0.6956521739130435,0.0052655099091077,0.8763704452206617,0.5,0.5,not_in_raw_selection,not_in_raw_selection
2023-06-16,VIST,0.1260434295976578,True,True,False,0.43478260869565216,0.6086956521739131,0.08695652173913043,-0.0014738825444604,0.3700725747874261,0.5,0.5,selected,selected
2023-06-16,TSLA,0.1258923263883804,True,True,False,0.043478260869565216,0.08695652173913043,0.8695652173913043,0.0100253971909602,0.9427690917482348,0.5,0.5,selected,selected
2023-06-16,NVDA,0.1124800428040972,True,True,False,0.17391304347826086,0.17391304347826086,0.5217391304347826,0.0047109269734307,0.7511576027477243,0.5,0.5,selected,selected
2023-06-16,META,0.1104981771991771,True,False,False,1.0,0.6521739130434783,0.5652173913043478,-0.0023837285153398,0.3425446879548962,0.5,0.5,low_or_negative_expected_return,low_or_negative_expected_return
2023-06-16,NFLX,0.0991758607619575,True,False,False,0.30434782608695654,0.30434782608695654,0.6086956521739131,-0.0001780295124249,0.5580442559151506,0.5,0.5,low_or_negative_expected_return,low_or_negative_expected_return
2023-06-26,NVDA,0.1242124652687641,True,False,False,0.13043478260869565,0.13043478260869565,0.17391304347826086,0.0014641458281314,0.7393305815253272,0.5,0.5,not_in_raw_selection,not_in_raw_selection
2023-06-26,CCJ,0.1210297208409372,True,False,False,0.6521739130434783,0.34782608695652173,0.6086956521739131,-0.0002618377629086,0.4254734821939174,0.5,0.5,low_or_negative_expected_return,low_or_negative_expected_return
2023-06-26,AVGO,0.1172790836592529,True,False,False,0.43478260869565216,0.7391304347826086,0.2608695652173913,-9.342569703932846e-05,0.1076754244117856,0.5,0.5,low_or_negative_expected_return,low_or_negative_expected_return
2023-06-26,TXN,0.1026963071469908,True,False,False,0.6956521739130435,0.8695652173913043,0.6521739130434783,-0.000404031461466,6.984114863989451e-05,0.5,0.5,low_or_negative_expected_return,low_or_negative_expected_return
2023-06-26,TSLA,0.1005185456161825,True,True,False,0.08695652173913043,0.08695652173913043,0.34782608695652173,0.0021089751389276,0.8327264821280861,0.5,0.5,selected,selected
2023-07-03,ADBE,0.1316749144824123,True,False,False,0.30434782608695654,0.2608695652173913,0.9130434782608695,8.605986726049572e-06,0.5015230902312355,0.5,0.5,not_in_raw_selection,not_in_raw_selection
2023-07-03,META,0.1282777562782595,True,False,False,0.391304347826087,0.30434782608695654,0.34782608695652173,-8.95482914874425e-05,0.4786730358404962,0.5,0.5,low_or_negative_expected_return,low_or_negative_expected_return
2023-07-03,CCJ,0.1236174747138247,True,False,False,0.21739130434782608,0.6956521739130435,0.08695652173913043,6.224421542262875e-05,0.305118380859155,0.5,0.5,not_in_raw_selection,not_in_raw_selection
2023-07-03,QCOM,0.0998418341143789,True,False,False,0.7391304347826086,0.8260869565217391,0.13043478260869565,-0.0004744258260432,0.2100248088335885,0.5,0.5,low_or_negative_expected_return,low_or_negative_expected_return
2023-07-03,GOOGL,0.0971643150760461,True,False,False,0.43478260869565216,0.782608695652174,0.391304347826087,-0.0001025326862202,0.2846086251020592,0.5,0.5,low_or_negative_expected_return,low_or_negative_expected_return
2023-07-11,GOOGL,0.1217346301958073,True,False,False,0.21739130434782608,0.8260869565217391,0.5652173913043478,0.000117776328479,0.0829063001553095,0.5,0.5,not_in_raw_selection,not_in_raw_selection
2023-07-11,CCJ,0.0893944568205835,True,False,False,0.7391304347826086,0.9565217391304348,0.13043478260869565,-0.0002009124891759,0.0828834089392876,0.5,0.5,low_or_negative_expected_return,low_or_negative_expected_return
2023-07-11,AMZN,0.0866594484228515,True,False,False,0.4782608695652174,0.21739130434782608,0.6086956521739131,-2.631930915054373e-05,0.5152639226697847,0.5,0.5,low_or_negative_expected_return,low_or_negative_expected_return
2023-07-11,AMAT,0.0759668299920621,True,False,False,0.9130434782608695,0.8695652173913043,0.5217391304347826,-0.0002415069775853,0.0828955714475865,0.5,0.5,low_or_negative_expected_return,low_or_negative_expected_return
2023-07-11,NVDA,0.0532720846734176,True,True,False,0.6086956521739131,0.5652173913043478,0.4782608695652174,-9.337685363866352e-05,0.2826955317164862,0.5,0.5,selected,selected
2023-07-18,GOOGL,0.0486425059724855,True,False,False,0.6521739130434783,0.8695652173913043,1.0,-0.0001767529273987,0.0917007976743121,0.5,0.5,low_or_negative_expected_return,low_or_negative_expected_return
2023-07-18,CSCO,0.0411787027036927,True,False,False,0.30434782608695654,0.8260869565217391,0.2608695652173913,5.454193734399223e-05,0.2064175115375076,0.5,0.5,not_in_raw_selection,not_in_raw_selection
2023-07-18,AMZN,0.0364375236856999,True,False,False,0.782608695652174,0.6956521739130435,0.6521739130434783,-0.0001895792780401,0.375870245631676,0.5,0.5,low_or_negative_expected_return,low_or_negative_expected_return
2023-07-18,CCJ,0.0288403400894241,True,False,False,0.391304347826087,0.7391304347826086,0.5652173913043478,-2.4837506585439893e-05,0.2974373762653141,0.5,0.5,low_or_negative_expected_return,low_or_negative_expected_return
2023-07-18,COST,0.0088874124739981,True,False,False,0.8695652173913043,0.43478260869565216,0.21739130434782608,-0.0006907741363353,0.5523583824931223,0.5,0.5,low_or_negative_expected_return,low_or_negative_expected_return
2023-07-25,CCJ,0.0796302439859071,True,False,False,0.9130434782608695,0.30434782608695654,0.7391304347826086,-0.0002313324547393,0.4088910255004678,0.5,0.5,low_or_negative_expected_return,low_or_negative_expected_return
2023-07-25,GOOGL,0.0562147352757398,True,False,False,0.6086956521739131,0.7391304347826086,0.9130434782608695,-7.005537598062485e-05,0.1684145885071073,0.5,0.5,low_or_negative_expected_return,low_or_negative_expected_return
2023-07-25,AMAT,0.055619082398334,True,False,False,0.13043478260869565,0.5217391304347826,0.5217391304347826,0.0002596409821046,0.2887604884323918,0.5,0.5,not_in_raw_selection,not_in_raw_selection
2023-07-25,AMZN,0.0396499258389557,True,False,False,0.6956521739130435,0.9565217391304348,0.8695652173913043,-0.000117435987054,3.73668951328616e-05,0.5,0.5,low_or_negative_expected_return,low_or_negative_expected_return
2023-07-25,CSCO,0.034701504912348,True,False,False,0.8695652173913043,0.17391304347826086,0.21739130434782608,-0.0002154418684918,0.5973501291490291,0.5,0.5,low_or_negative_expected_return,low_or_negative_expected_return
2023-08-01,CSCO,0.0740600367865471,True,False,False,0.7391304347826086,0.4782608695652174,0.21739130434782608,-0.0005915379073936,0.4437953791677246,0.5,0.5,low_or_negative_expected_return,low_or_negative_expected_return
2023-08-01,CCJ,0.0570352447535764,True,True,False,0.043478260869565216,0.043478260869565216,0.6521739130434783,0.0035219149195698,1.0,0.5,0.5,selected,selected
2023-08-01,NVDA,0.0489603807758025,True,True,False,0.2608695652173913,0.5652173913043478,0.9130434782608695,7.642644427214714e-05,0.39954659976448,0.5,0.5,selected,selected
2023-08-01,VIST,0.0352576468904193,True,False,False,0.30434782608695654,0.782608695652174,0.6086956521739131,6.47213765046532e-05,0.1283175319469391,0.5,0.5,not_in_raw_selection,not_in_raw_selection
2023-08-01,AMZN,0.0244513718658014,True,False,False,0.6086956521739131,0.6956521739130435,0.9565217391304348,-0.0002037766120552,0.2094734916431402,0.5,0.5,low_or_negative_expected_return,low_or_negative_expected_return
2023-08-08,CCJ,0.083529416252585,True,True,False,0.08695652173913043,0.13043478260869565,0.08695652173913043,0.0007187330768562,0.869139924989673,0.5,0.5,selected,selected
2023-08-08,ADBE,0.0794084302615274,True,False,False,1.0,0.5652173913043478,0.8260869565217391,-0.0003083529496099,0.1656770118981225,0.5,0.5,low_or_negative_expected_return,low_or_negative_expected_return
2023-08-08,CSCO,0.0772709831889473,True,False,False,0.8260869565217391,0.4782608695652174,0.2608695652173913,-0.000166936140152,0.3796262659359933,0.5,0.5,low_or_negative_expected_return,low_or_negative_expected_return
2023-08-08,INTC,0.0559679914007007,True,False,False,0.9565217391304348,0.34782608695652173,0.34782608695652173,-0.0002380882007145,0.5500467603294741,0.5,0.5,low_or_negative_expected_return,low_or_negative_expected_return
2023-08-08,NVDA,0.0536673670185507,True,True,False,0.391304347826087,0.43478260869565216,0.391304347826087,7.957539122044487e-05,0.4114119434406199,0.5,0.5,selected,selected
2023-08-15,TSLA,0.164577523927498,True,False,False,0.391304347826087,0.7391304347826086,0.782608695652174,2.996720638563709e-05,0.3015866374855165,0.5,0.5,not_in_raw_selection,not_in_raw_selection
2023-08-15,CCJ,0.1487164652197306,True,True,False,0.4782608695652174,0.391304347826087,0.6521739130434783,-3.076178647393772e-06,0.589311395994254,0.5,0.5,selected,selected
2023-08-15,INTC,0.1133160360896468,True,True,False,0.9565217391304348,0.17391304347826086,0.5652173913043478,-0.0002150595731761,0.7444668438295313,0.5,0.5,selected,selected
2023-08-15,ADBE,0.0672064479104903,True,False,False,0.043478260869565216,0.043478260869565216,0.391304347826087,0.0011029775903935,1.0,0.5,0.5,not_in_raw_selection,not_in_raw_selection
2023-08-15,CSCO,0.0549203446856152,True,False,False,0.6956521739130435,0.2608695652173913,0.5217391304347826,-0.0001007464342783,0.6555605541378808,0.5,0.5,low_or_negative_expected_return,low_or_negative_expected_return
2023-08-22,TSLA,0.1260774200809562,True,False,False,0.391304347826087,0.13043478260869565,0.21739130434782608,3.117336836116651e-05,0.5404867344258707,0.5,0.5,not_in_raw_selection,not_in_raw_selection
2023-08-22,CCJ,0.0911601979975369,True,True,False,0.4782608695652174,0.08695652173913043,0.782608695652174,-2.852025308076915e-06,0.5963936732959962,0.5,0.5,selected,selected
2023-08-22,VIST,0.0705789347782797,True,False,False,0.08695652173913043,0.17391304347826086,0.7391304347826086,0.0002513657187303,0.4198579492479348,0.5,0.5,not_in_raw_selection,not_in_raw_selection
2023-08-22,INTC,0.0547278586337423,True,False,False,0.782608695652174,0.5652173913043478,0.5217391304347826,-0.000144152011608,0.2254524432230633,0.5,0.5,low_or_negative_expected_return,low_or_negative_expected_return
2023-08-22,COST,0.047290937837489,True,False,False,0.21739130434782608,0.391304347826087,0.30434782608695654,0.0001792896082258,0.225529834171611,0.5,0.5,not_in_raw_selection,not_in_raw_selection
2023-08-29,VIST,0.1351048167335582,True,True,False,0.4782608695652174,0.43478260869565216,0.08695652173913043,-3.0687232014772206e-06,0.2216406632252014,0.5,0.5,selected,selected
2023-08-29,CCJ,0.105176672942302,True,False,False,0.08695652173913043,0.08695652173913043,0.043478260869565216,0.0006717376746792,0.6576122036705527,0.5,0.5,not_in_raw_selection,not_in_raw_selection
2023-08-29,COST,0.0382482617288881,True,False,False,0.17391304347826086,0.30434782608695654,0.4782608695652174,0.0001836492745332,0.2760155867010742,0.5,0.5,not_in_raw_selection,not_in_raw_selection
2023-08-29,INTC,0.0087437838837887,True,False,False,0.6521739130434783,0.782608695652174,0.2608695652173913,-9.28160838286142e-05,0.0692484081712181,0.5,0.5,low_or_negative_expected_return,low_or_negative_expected_return
2023-08-29,META,-0.0008389543548202,True,False,False,0.8260869565217391,0.9130434782608695,0.6521739130434783,-0.0001800196649669,0.0692328709002998,0.5,0.5,low_or_negative_expected_return,low_or_negative_expected_return
2023-09-06,VIST,0.1096948713611558,True,False,False,0.2608695652173913,0.9130434782608695,0.17391304347826086,0.0002066582779047,1.9882881902839724e-05,0.5,0.5,not_in_raw_selection,not_in_raw_selection
2023-09-06,COST,0.045930939361295,True,False,False,1.0,0.5652173913043478,0.6086956521739131,-0.0002190269063042,0.1693059408526459,0.5,0.5,low_or_negative_expected_return,low_or_negative_expected_return
2023-09-06,TSLA,0.0366783326465707,True,False,False,0.6956521739130435,1.0,0.21739130434782608,-7.41871869768637e-05,0.0,0.5,0.5,low_or_negative_expected_return,low_or_negative_expected_return
2023-09-06,META,0.0214258543865715,True,False,False,0.7391304347826086,0.8260869565217391,0.2608695652173913,-0.000133090224438,3.113961839334762e-05,0.5,0.5,low_or_negative_expected_return,low_or_negative_expected_return
2023-09-06,GOOGL,0.0058009723363818,True,False,False,0.9565217391304348,0.2608695652173913,0.5217391304347826,-0.0002159271759038,0.6603633139868357,0.5,0.5,low_or_negative_expected_return,low_or_negative_expected_return
2023-09-13,VIST,0.1725964970769991,True,False,False,0.4782608695652174,0.391304347826087,0.21739130434782608,-2.798130967503452e-06,0.1741850259419543,0.5,0.5,low_or_negative_expected_return,low_or_negative_expected_return
2023-09-13,META,0.0746083063914448,True,False,False,0.8695652173913043,0.43478260869565216,0.8695652173913043,-0.000193565245997,0.1598656938898959,0.5,0.5,low_or_negative_expected_return,low_or_negative_expected_return
2023-09-13,AAPL,0.0320876879769138,True,False,False,0.782608695652174,0.782608695652174,0.7391304347826086,-0.0001317380513518,3.869935369848897e-05,0.5,0.5,low_or_negative_expected_return,low_or_negative_expected_return
2023-09-13,NVDA,0.0290425223212413,True,False,False,0.6086956521739131,0.30434782608695654,0.9130434782608695,-8.240994572026691e-05,0.3385471727650824,0.5,0.5,low_or_negative_expected_return,low_or_negative_expected_return
2023-09-13,GOOGL,0.0280886266498963,True,False,False,0.21739130434782608,0.2608695652173913,1.0,0.0001687076743783,0.4063215992473746,0.5,0.5,not_in_raw_selection,not_in_raw_selection
2023-09-20,VIST,0.1548148261176214,True,True,False,0.6086956521739131,0.21739130434782608,1.0,-3.916703913731169e-05,0.5274712796648565,0.5,0.5,selected,selected
2023-09-20,AVGO,0.067977458577624,True,False,False,0.43478260869565216,0.7391304347826086,0.17391304347826086,4.040659901114121e-05,0.222336361634253,0.5,0.5,not_in_raw_selection,not_in_raw_selection
2023-09-20,META,0.0577301265317982,True,False,False,0.2608695652173913,0.2608695652173913,0.30434782608695654,0.0001863905749349,0.3580092343256658,0.5,0.5,not_in_raw_selection,not_in_raw_selection
2023-09-20,YPF,0.0555121219909766,True,False,False,0.34782608695652173,1.0,0.9565217391304348,6.434475809631553e-05,0.0,0.5,0.5,not_in_raw_selection,not_in_raw_selection
2023-09-20,ADBE,0.04122954311922,True,False,False,1.0,0.34782608695652173,0.5652173913043478,-0.0001958117901432,0.3049347501036377,0.5,0.5,low_or_negative_expected_return,low_or_negative_expected_return
2023-09-27,NFLX,0.0891443425357598,True,False,False,0.8695652173913043,0.8695652173913043,0.043478260869565216,-0.000135502638472,0.1518888818917734,0.5,0.5,low_or_negative_expected_return,low_or_negative_expected_return
2023-09-27,MSFT,0.0891332974876928,True,False,False,0.6956521739130435,0.4782608695652174,0.8260869565217391,-7.669431343904701e-05,0.2349699371359208,0.5,0.5,low_or_negative_expected_return,low_or_negative_expected_return
2023-09-27,AVGO,0.0401806747037107,True,False,False,0.34782608695652173,0.5652173913043478,0.30434782608695654,4.388691241976168e-05,0.2349529953270727,0.5,0.5,not_in_raw_selection,not_in_raw_selection
2023-09-27,ADBE,0.0368881980098969,True,False,False,0.17391304347826086,0.6956521739130435,0.17391304347826086,0.0001926143235076,0.2349222955621596,0.5,0.5,not_in_raw_selection,not_in_raw_selection
2023-09-27,META,0.0060119856372427,True,False,False,1.0,0.13043478260869565,0.6956521739130435,-0.0001752650137411,0.2857326959726508,0.5,0.5,low_or_negative_expected_return,low_or_negative_expected_return
2023-10-04,CCJ,0.1352322845764171,True,False,False,0.9565217391304348,0.6521739130434783,0.34782608695652173,-0.0002012744672043,0.397976546248111,0.5,0.5,low_or_negative_expected_return,low_or_negative_expected_return
2023-10-04,NFLX,0.1148581198754237,True,False,False,0.17391304347826086,1.0,0.4782608695652174,0.0001442616882036,0.0,0.5,0.5,not_in_raw_selection,not_in_raw_selection
2023-10-04,MSFT,0.0849950357267887,True,False,False,0.6521739130434783,0.30434782608695654,0.9565217391304348,-5.7328517643565325e-05,0.3980535021203865,0.5,0.5,low_or_negative_expected_return,low_or_negative_expected_return
2023-10-04,AMZN,0.078740157480315,True,False,False,0.21739130434782608,0.782608695652174,0.13043478260869565,0.000103209109849,0.3360685880430569,0.5,0.5,not_in_raw_selection,not_in_raw_selection
2023-10-04,ADBE,0.0503067357539794,True,False,False,0.13043478260869565,0.43478260869565216,0.08695652173913043,0.000155403402924,0.3980196683474556,0.5,0.5,not_in_raw_selection,not_in_raw_selection
2023-10-11,NFLX,0.1932610799848009,True,False,False,0.4782608695652174,0.6956521739130435,0.17391304347826086,2.795610156473897e-05,0.1596222508369339,0.5,0.5,not_in_raw_selection,not_in_raw_selection
2023-10-11,MSFT,0.0925936993441227,True,False,False,0.43478260869565216,0.21739130434782608,0.13043478260869565,5.681522556552699e-05,0.659065991206971,0.5,0.5,not_in_raw_selection,not_in_raw_selection
2023-10-11,CCJ,0.086781285231116,True,False,False,0.9130434782608695,0.7391304347826086,0.782608695652174,-0.0001998240669731,0.1596185346608577,0.5,0.5,low_or_negative_expected_return,low_or_negative_expected_return
2023-10-11,QCOM,0.0804535150381529,True,False,False,0.30434782608695654,0.9130434782608695,0.6956521739130435,0.0001202334680022,0.10979450449016,0.5,0.5,not_in_raw_selection,not_in_raw_selection
2023-10-11,AMZN,0.0777516487721496,True,False,False,0.7391304347826086,0.6521739130434783,0.4782608695652174,-9.904353161775796e-05,0.1596320389620778,0.5,0.5,low_or_negative_expected_return,low_or_negative_expected_return
2023-10-18,NFLX,0.334353994523294,True,False,False,0.4782608695652174,0.8695652173913043,0.17391304347826086,2.5397406433206773e-05,0.2491128143902834,0.5,0.5,not_in_raw_selection,not_in_raw_selection
2023-10-18,QCOM,0.1616506962458197,True,False,False,0.6956521739130435,0.7391304347826086,0.8260869565217391,-7.539087628625765e-05,0.2491314689681663,0.5,0.5,low_or_negative_expected_return,low_or_negative_expected_return
2023-10-18,NVDA,0.1585932666198253,True,False,False,0.782608695652174,0.9565217391304348,0.6086956521739131,-9.669473973169066e-05,0.2490763548601715,0.5,0.5,low_or_negative_expected_return,low_or_negative_expected_return
2023-10-18,AMD,0.1549378693819556,True,False,False,1.0,0.5217391304347826,0.08695652173913043,-0.0002050635801757,0.3150900555812619,0.5,0.5,low_or_negative_expected_return,low_or_negative_expected_return
2023-10-18,CCJ,0.1399524527738551,True,False,False,0.34782608695652173,0.782608695652174,0.34782608695652173,0.0001020274980635,0.249124124698377,0.5,0.5,not_in_raw_selection,not_in_raw_selection
2023-10-25,YPF,0.3309671154154043,True,False,False,0.8260869565217391,0.9130434782608695,0.34782608695652173,-0.0001113211055121,1.655409212438123e-05,0.5,0.5,low_or_negative_expected_return,low_or_negative_expected_return
2023-10-25,INTC,0.3301856757021808,True,False,False,0.30434782608695654,0.782608695652174,0.7391304347826086,5.992071095331596e-05,3.8004167783765306e-05,0.5,0.5,not_in_raw_selection,not_in_raw_selection
2023-10-25,AMD,0.2753487950226418,True,False,False,0.8695652173913043,0.8695652173913043,0.8260869565217391,-0.0001319402986801,3.02819401990792e-05,0.5,0.5,low_or_negative_expected_return,low_or_negative_expected_return
2023-10-25,QCOM,0.2168352880835526,True,False,False,0.7391304347826086,0.6521739130434783,0.5652173913043478,-9.209653168091138e-05,6.076319598487149e-05,0.5,0.5,low_or_negative_expected_return,low_or_negative_expected_return
2023-10-25,AMZN,0.208583964507194,True,False,False,0.2608695652173913,0.6956521739130435,0.21739130434782608,9.194383759018404e-05,4.014392430790352e-05,0.5,0.5,not_in_raw_selection,not_in_raw_selection
2023-11-01,YPF,0.6048309176963431,True,False,False,0.43478260869565216,0.8695652173913043,0.17391304347826086,3.3076578784089306e-05,0.3214021968005154,0.5,0.5,not_in_raw_selection,not_in_raw_selection
2023-11-01,INTC,0.1987127826625134,True,False,False,0.13043478260869565,0.2608695652173913,0.21739130434782608,0.0002283487066902,0.5053169860072911,0.5,0.5,not_in_raw_selection,not_in_raw_selection
2023-11-01,TSLA,0.1673635979579961,True,False,False,0.2608695652173913,1.0,0.782608695652174,5.936463288012697e-05,0.0,0.5,0.5,not_in_raw_selection,not_in_raw_selection
2023-11-01,QCOM,0.1637659280554078,True,False,False,0.6521739130434783,0.6086956521739131,0.5652173913043478,-7.071304800485282e-05,0.3214616741714645,0.5,0.5,low_or_negative_expected_return,low_or_negative_expected_return
2023-11-01,NFLX,0.1279896766499662,True,True,False,0.08695652173913043,0.13043478260869565,1.0,0.0012524603472332,0.892020577898318,0.5,0.5,selected,selected
2023-11-08,YPF,0.6450648493798312,True,False,False,0.5217391304347826,0.9130434782608695,0.9130434782608695,-3.3730295733809746e-05,0.1754521513142251,0.5,0.5,low_or_negative_expected_return,low_or_negative_expected_return
2023-11-08,VIST,0.1753833673200904,True,False,False,0.6956521739130435,0.8695652173913043,1.0,-0.0001370558578098,0.1754581734363964,0.5,0.5,low_or_negative_expected_return,low_or_negative_expected_return
2023-11-08,AMD,0.1301170812201766,True,False,False,0.43478260869565216,0.6521739130434783,0.043478260869565216,7.385335130765327e-06,0.2769341579672469,0.5,0.5,not_in_raw_selection,not_in_raw_selection
2023-11-08,INTC,0.1115507268246063,True,False,False,0.782608695652174,0.5217391304347826,0.43478260869565216,-0.0001787293272606,0.3157914442764955,0.5,0.5,low_or_negative_expected_return,low_or_negative_expected_return
2023-11-08,QCOM,0.1072797363378803,True,False,False,0.13043478260869565,0.391304347826087,0.4782608695652174,0.0002019698047013,0.4924151736342617,0.5,0.5,not_in_raw_selection,not_in_raw_selection
2023-11-15,YPF,0.7004878346512957,True,False,False,0.6956521739130435,1.0,0.043478260869565216,-0.0004704077299049,0.0,0.5,0.5,low_or_negative_expected_return,low_or_negative_expected_return
2023-11-15,AMD,0.1694915254237288,True,True,False,0.7391304347826086,0.7391304347826086,0.391304347826087,-0.0005658906038581,0.4713688283440047,0.5,0.5,selected,selected
2023-11-15,AVGO,0.134396155798899,True,False,False,0.30434782608695654,0.30434782608695654,0.6956521739130435,0.0008548841643971,0.7271968282357174,0.5,0.5,not_in_raw_selection,not_in_raw_selection
2023-11-15,INTC,0.1125338494493721,True,False,False,0.21739130434782608,0.34782608695652173,0.08695652173913043,0.0010526577152762,0.710125638054148,0.5,0.5,not_in_raw_selection,not_in_raw_selection
2023-11-15,VIST,0.1118720909395933,True,False,False,0.9565217391304348,0.9565217391304348,0.6521739130434783,-0.0009456688163226,0.0888848463864254,0.5,0.5,low_or_negative_expected_return,low_or_negative_expected_return
2023-11-22,YPF,0.1766666412353514,True,True,False,0.8695652173913043,0.9130434782608695,0.4782608695652174,-0.0008047390370437,0.1137588518752592,0.5,0.5,selected,selected
2023-11-22,AVGO,0.1597633725943663,True,False,False,1.0,0.6956521739130435,0.6956521739130435,-0.000894472813044,0.2862329553903209,0.5,0.5,low_or_negative_expected_return,low_or_negative_expected_return
2023-11-22,AMD,0.1420292320828644,True,True,False,0.043478260869565216,0.13043478260869565,0.5217391304347826,0.0032396980284319,0.8033567672178835,0.5,0.5,selected,selected
2023-11-22,COST,0.129150461478112,True,False,False,0.6521739130434783,0.5652173913043478,0.08695652173913043,-0.0001840287028219,0.3641707129454467,0.5,0.5,low_or_negative_expected_return,low_or_negative_expected_return
2023-11-22,QCOM,0.1171764897365195,True,False,False,0.391304347826087,0.6086956521739131,0.043478260869565216,-2.16167271086148e-05,0.3500388942929328,0.5,0.5,low_or_negative_expected_return,low_or_negative_expected_return
2023-11-30,AMD,0.2166556553861283,True,False,False,0.391304347826087,0.5652173913043478,0.17391304347826086,-2.5283454306132825e-05,0.3302343563340179,0.5,0.5,low_or_negative_expected_return,low_or_negative_expected_return
2023-11-30,AVGO,0.205805173809731,True,False,False,0.4782608695652174,0.6956521739130435,0.30434782608695654,-7.987091751886322e-05,0.2665302993489061,0.5,0.5,low_or_negative_expected_return,low_or_negative_expected_return
2023-11-30,INTC,0.1241610546383262,True,False,False,0.043478260869565216,0.043478260869565216,0.8260869565217391,0.0037657863719089,1.0,0.5,0.5,not_in_raw_selection,not_in_raw_selection
2023-11-30,QCOM,0.1207284111787743,True,False,False,0.34782608695652173,0.21739130434782608,0.8695652173913043,7.08903916476198e-06,0.6610872063705927,0.5,0.5,not_in_raw_selection,not_in_raw_selection
2023-11-30,TXN,0.1162333784272446,True,False,False,0.7391304347826086,0.9130434782608695,0.5217391304347826,-0.000375983245571,0.1498557460091799,0.5,0.5,low_or_negative_expected_return,low_or_negative_expected_return
2023-12-07,AVGO,0.165452291424248,True,False,False,0.4782608695652174,0.9565217391304348,0.9130434782608695,7.54512734551131e-06,0.2164077959795614,0.5,0.5,not_in_raw_selection,not_in_raw_selection
2023-12-07,INTC,0.1494661686593896,True,False,False,0.8695652173913043,0.13043478260869565,0.8695652173913043,-0.0002110811868258,0.7634733327394423,0.5,0.5,low_or_negative_expected_return,low_or_negative_expected_return
2023-12-07,AMD,0.1387395671576929,True,False,False,0.13043478260869565,0.21739130434782608,0.6521739130434783,0.0005847333583248,0.6454988372663982,0.5,0.5,not_in_raw_selection,not_in_raw_selection
2023-12-07,NVDA,0.12140521931398,True,False,False,0.8260869565217391,0.6086956521739131,0.043478260869565216,-0.0002019376401974,0.4010991703423325,0.5,0.5,low_or_negative_expected_return,low_or_negative_expected_return
2023-12-07,META,0.0981965390361774,True,False,False,0.5217391304347826,0.6956521739130435,0.30434782608695654,-2.504309841573626e-05,0.3830951137442418,0.5,0.5,low_or_negative_expected_return,low_or_negative_expected_return
2023-12-14,NVDA,0.1661220630577762,True,False,False,0.391304347826087,0.9565217391304348,1.0,-4.128972175041489e-05,0.0340097651162833,0.5,0.5,low_or_negative_expected_return,low_or_negative_expected_return
2023-12-14,AMD,0.1502898948780004,True,True,False,0.43478260869565216,0.34782608695652173,0.5217391304347826,-8.005937218049726e-05,0.5094826294044248,0.5,0.5,selected,selected
2023-12-14,META,0.1029203609129167,True,False,False,0.9565217391304348,0.8695652173913043,0.8695652173913043,-0.0008068589601556,0.0340235358846041,0.5,0.5,low_or_negative_expected_return,low_or_negative_expected_return
2023-12-14,COST,0.0803924642224738,True,False,False,0.08695652173913043,0.043478260869565216,0.5652173913043478,0.0019876990336327,1.0,0.5,0.5,not_in_raw_selection,not_in_raw_selection
2023-12-14,GOOGL,0.0799606097964338,True,False,False,0.6956521739130435,0.782608695652174,0.8260869565217391,-0.0006138130634668,0.03403893692442,0.5,0.5,low_or_negative_expected_return,low_or_negative_expected_return
2023-12-21,NVDA,0.2221473575688721,True,False,False,0.5217391304347826,0.8260869565217391,0.08695652173913043,-0.0001319938760653,0.0797828737718293,0.5,0.5,low_or_negative_expected_return,low_or_negative_expected_return
2023-12-21,AMD,0.2037738100249728,True,True,False,0.391304347826087,0.34782608695652173,0.9130434782608695,-8.058909819718432e-05,0.431304671340888,0.5,0.5,selected,selected
2023-12-21,META,0.0878590646188544,True,False,False,0.9565217391304348,0.6521739130434783,0.2608695652173913,-0.0008390931172566,0.2015676405437046,0.5,0.5,low_or_negative_expected_return,low_or_negative_expected_return
2023-12-21,AVGO,0.0878389833519619,True,False,False,0.043478260869565216,0.08695652173913043,0.9565217391304348,0.0043189849373536,0.9623472701175608,0.5,0.5,not_in_raw_selection,not_in_raw_selection
2023-12-21,CCJ,0.0843263143135764,True,False,False,0.7391304347826086,1.0,0.30434782608695654,-0.0007018342625756,0.0,0.5,0.5,low_or_negative_expected_return,low_or_negative_expected_return
2023-12-29,NVDA,0.267598220444704,True,False,False,0.782608695652174,0.43478260869565216,0.08695652173913043,-0.000227197082362,0.2497644094947573,0.5,0.5,low_or_negative_expected_return,low_or_negative_expected_return
2023-12-29,AMD,0.1672206314639721,True,True,False,0.13043478260869565,0.17391304347826086,0.8695652173913043,0.0015563429219129,0.6583514317671584,0.5,0.5,selected,selected
2023-12-29,NFLX,0.1560343444981602,True,False,False,0.2608695652173913,0.391304347826087,0.9130434782608695,0.0001756711263995,0.3001589917142054,0.5,0.5,not_in_raw_selection,not_in_raw_selection
2023-12-29,META,0.130240725552075,True,False,False,0.9130434782608695,0.7391304347826086,0.13043478260869565,-0.0006316314547909,0.1165571841175013,0.5,0.5,low_or_negative_expected_return,low_or_negative_expected_return
2023-12-29,VIST,0.1162317306412679,True,False,False,0.21739130434782608,1.0,0.391304347826087,0.0002456696358051,0.0,0.5,0.5,not_in_raw_selection,not_in_raw_selection
2024-01-08,NVDA,0.3056284179733841,True,False,False,0.13043478260869565,0.21739130434782608,1.0,0.0008989030455144,0.7061616569574019,0.5,0.5,not_in_raw_selection,not_in_raw_selection
2024-01-08,META,0.2678302475262646,True,False,False,0.782608695652174,0.2608695652173913,0.7391304347826086,-0.0001245155989274,0.6808022224641346,0.5,0.5,low_or_negative_expected_return,low_or_negative_expected_return
2024-01-08,AMD,0.1484472109337193,True,True,False,0.043478260869565216,0.17391304347826086,0.4782608695652174,0.0013498617553971,0.7707824107826858,0.5,0.5,selected,selected
2024-01-08,NFLX,0.146073503492395,True,False,False,0.5217391304347826,0.391304347826087,0.5217391304347826,7.966753833100564e-06,0.3598428626513281,0.5,0.5,not_in_raw_selection,not_in_raw_selection
2024-01-08,AVGO,0.1375075470565094,True,False,False,0.8695652173913043,0.8695652173913043,0.34782608695652173,-0.0001893214131687,0.0358830493691846,0.5,0.5,low_or_negative_expected_return,low_or_negative_expected_return
2024-01-16,NVDA,0.2792734984763065,True,True,False,0.043478260869565216,0.08695652173913043,0.7391304347826086,0.0028306212217308,0.9667847640649626,0.5,0.5,selected,selected
2024-01-16,META,0.252163516619025,True,False,False,0.6956521739130435,0.34782608695652173,0.8695652173913043,-0.0001285876985862,0.5160564283531683,0.5,0.5,low_or_negative_expected_return,low_or_negative_expected_return
2024-01-16,AMAT,0.1726717221661804,True,False,False,0.7391304347826086,0.8260869565217391,0.13043478260869565,-0.0001568196832477,0.1426771054305121,0.5,0.5,low_or_negative_expected_return,low_or_negative_expected_return
2024-01-16,NFLX,0.1522732738621899,True,False,False,0.782608695652174,0.391304347826087,0.4782608695652174,-0.0001793275861127,0.4795019020099237,0.5,0.5,low_or_negative_expected_return,low_or_negative_expected_return
2024-01-16,AVGO,0.1225963124137641,True,False,False,0.2608695652173913,0.8695652173913043,0.782608695652174,0.0001776192438832,0.1426738415418126,0.5,0.5,not_in_raw_selection,not_in_raw_selection
2024-01-23,META,0.2150311109744915,True,False,False,0.30434782608695654,0.5217391304347826,0.6521739130434783,6.838467753632258e-05,0.3964662001820744,0.5,0.5,not_in_raw_selection,not_in_raw_selection
2024-01-23,NFLX,0.1648956098779876,True,False,False,0.9565217391304348,0.8695652173913043,0.782608695652174,-0.0006735650579843,0.0353177688465383,0.5,0.5,low_or_negative_expected_return,low_or_negative_expected_return
2024-01-23,AMAT,0.139359463358309,True,False,False,0.6956521739130435,0.6956521739130435,0.21739130434782608,-0.0001637272815504,0.1631727879967627,0.5,0.5,low_or_negative_expected_return,low_or_negative_expected_return
2024-01-23,VIST,0.1348031111589567,True,False,False,0.34782608695652173,0.782608695652174,0.30434782608695654,5.314610060427655e-05,0.0882365613400413,0.5,0.5,not_in_raw_selection,not_in_raw_selection
2024-01-23,NVDA,0.126918625824671,True,True,False,0.043478260869565216,0.17391304347826086,0.391304347826087,0.0023750443395593,0.7511665611579081,0.5,0.5,selected,selected
2024-01-30,NVDA,0.2371842509039503,True,False,False,0.043478260869565216,0.043478260869565216,0.6956521739130435,0.0072036940329219,1.0,0.5,0.5,not_in_raw_selection,not_in_raw_selection
2024-01-30,META,0.2098684996436843,True,False,False,0.13043478260869565,0.21739130434782608,0.30434782608695654,0.0007511363489381,0.6374383350478207,0.5,0.5,not_in_raw_selection,not_in_raw_selection
2024-01-30,AMAT,0.188281922273251,True,False,False,0.17391304347826086,0.782608695652174,0.5652173913043478,0.0001676102641195,0.3186113061719553,0.5,0.5,not_in_raw_selection,not_in_raw_selection
2024-01-30,VIST,0.0947177558183689,True,False,False,0.8260869565217391,0.6956521739130435,0.34782608695652173,-0.0008102873778,0.3387303763443031,0.5,0.5,low_or_negative_expected_return,low_or_negative_expected_return
2024-01-30,AMZN,0.0890566268057193,True,False,False,0.2608695652173913,0.5652173913043478,0.4782608695652174,1.456656798669173e-05,0.3676676201107097,0.5,0.5,not_in_raw_selection,not_in_raw_selection
2024-02-06,NVDA,0.3001480073248808,True,False,False,0.043478260869565216,0.043478260869565216,0.6521739130434783,0.0063041538628566,1.0,0.5,0.5,not_in_raw_selection,not_in_raw_selection
2024-02-06,AMAT,0.257676360444985,True,False,False,0.30434782608695654,0.43478260869565216,0.8695652173913043,8.217355582053213e-06,0.5208653310321891,0.5,0.5,not_in_raw_selection,not_in_raw_selection
2024-02-06,AMD,0.2546461684334673,True,False,False,0.6086956521739131,0.30434782608695654,0.043478260869565216,-0.0001486604524423,0.6263159157328475,0.5,0.5,low_or_negative_expected_return,low_or_negative_expected_return
2024-02-06,VIST,0.1787167119913184,True,False,False,0.21739130434782608,0.5652173913043478,1.0,5.820176366328389e-05,0.3766837001807247,0.5,0.5,not_in_raw_selection,not_in_raw_selection
2024-02-06,QCOM,0.1650936313565667,True,False,False,0.782608695652174,0.6086956521739131,0.8260869565217391,-0.0006358273317928,0.3636621488131275,0.5,0.5,low_or_negative_expected_return,low_or_negative_expected_return
2024-02-13,VIST,0.2905844475531751,True,False,False,0.2608695652173913,0.6086956521739131,0.8695652173913043,4.3522580836179305e-05,0.1858994912993034,0.5,0.5,not_in_raw_selection,not_in_raw_selection
2024-02-13,NVDA,0.2600932032615746,True,False,False,0.043478260869565216,0.043478260869565216,0.30434782608695654,0.0063851068521946,1.0,0.5,0.5,not_in_raw_selection,not_in_raw_selection
2024-02-13,AMD,0.1355369063190905,True,False,False,0.5652173913043478,0.2608695652173913,0.9130434782608695,-0.0001424754837477,0.5416982455518426,0.5,0.5,low_or_negative_expected_return,low_or_negative_expected_return
2024-02-13,QCOM,0.1280325751363695,True,False,False,0.9565217391304348,0.8260869565217391,0.6086956521739131,-0.0007181769061832,0.1551533584571777,0.5,0.5,low_or_negative_expected_return,low_or_negative_expected_return
2024-02-13,AMAT,0.1123065846275082,True,False,False,0.30434782608695654,0.34782608695652173,0.6956521739130435,8.248158017428045e-06,0.4873510077976739,0.5,0.5,not_in_raw_selection,not_in_raw_selection
2024-02-21,NVDA,0.3394000694280328,True,False,False,0.782608695652174,0.21739130434782608,0.4782608695652174,-0.0001586646714475,0.6777860122063987,0.5,0.5,low_or_negative_expected_return,low_or_negative_expected_return
2024-02-21,VIST,0.1931724433798536,True,True,False,0.13043478260869565,0.17391304347826086,0.8695652173913043,0.000890887055462,0.7164369088431154,0.5,0.5,selected,selected
2024-02-21,YPF,0.1415095315704453,True,False,False,0.21739130434782608,0.4782608695652174,0.8260869565217391,0.0002689492312546,0.5111564795358989,0.5,0.5,not_in_raw_selection,not_in_raw_selection
2024-02-21,QCOM,0.1030195660023205,True,False,False,0.34782608695652173,0.43478260869565216,0.6956521739130435,6.535456248224238e-05,0.5343769940537572,0.5,0.5,not_in_raw_selection,not_in_raw_selection
2024-02-21,NFLX,0.094776349688284,True,False,False,0.8695652173913043,0.30434782608695654,0.30434782608695654,-0.0001920497140821,0.6596765861742503,0.5,0.5,low_or_negative_expected_return,low_or_negative_expected_return
2024-02-28,YPF,0.1786761100724547,True,False,False,0.30434782608695654,0.8695652173913043,0.6521739130434783,9.198963452209296e-06,0.2699540935983545,0.5,0.5,not_in_raw_selection,not_in_raw_selection
2024-02-28,VIST,0.171381033550187,True,False,False,0.21739130434782608,0.30434782608695654,0.6086956521739131,5.5428757043642095e-05,0.6496109593059273,0.5,0.5,not_in_raw_selection,not_in_raw_selection
2024-02-28,NVDA,0.1620719990136987,True,True,False,0.08695652173913043,0.13043478260869565,0.043478260869565216,0.0035781208907292,0.9088653546522438,0.5,0.5,selected,selected
2024-02-28,GOOGL,0.1062471749200026,True,False,False,0.2608695652173913,0.7391304347826086,0.43478260869565216,4.1613171035612766e-05,0.2700074027851347,0.5,0.5,not_in_raw_selection,not_in_raw_selection
2024-02-28,QCOM,0.0852101267835452,True,False,False,0.9565217391304348,0.34782608695652173,0.21739130434782608,-0.0007478103625098,0.6131579857929415,0.5,0.5,low_or_negative_expected_return,low_or_negative_expected_return
2024-03-06,CCJ,0.1616622476474278,True,False,False,0.782608695652174,1.0,0.21739130434782608,-0.0005603975323648,0.0,0.5,0.5,low_or_negative_expected_return,low_or_negative_expected_return
2024-03-06,GOOGL,0.1455860408782281,True,False,False,0.6956521739130435,0.8260869565217391,0.6086956521739131,-0.0003286868870962,0.0729482468291184,0.5,0.5,low_or_negative_expected_return,low_or_negative_expected_return
2024-03-06,VIST,0.0966542592776609,True,False,False,0.08695652173913043,0.17391304347826086,0.782608695652174,0.0018207903928461,0.7506296901772005,0.5,0.5,not_in_raw_selection,not_in_raw_selection
2024-03-06,YPF,0.0835564788198999,True,False,False,0.9130434782608695,0.6521739130434783,0.6956521739130435,-0.0008494834869714,0.2136827083990494,0.5,0.5,low_or_negative_expected_return,low_or_negative_expected_return
2024-03-06,PEP,0.0407975085673888,True,False,False,0.34782608695652173,0.7391304347826086,0.7391304347826086,3.46701810323903e-05,0.0730136345145376,0.5,0.5,not_in_raw_selection,not_in_raw_selection
2024-03-13,CCJ,0.2754612486717971,True,False,False,0.2608695652173913,0.9130434782608695,0.7391304347826086,0.0001012646693339,0.1306298922817722,0.5,0.5,not_in_raw_selection,not_in_raw_selection
2024-03-13,YPF,0.1932633838785971,True,False,False,0.5652173913043478,0.5217391304347826,0.5217391304347826,-0.0001181459198434,0.3590239935062528,0.5,0.5,low_or_negative_expected_return,low_or_negative_expected_return
2024-03-13,GOOGL,0.1403534681900786,True,False,False,0.5217391304347826,0.7391304347826086,0.8695652173913043,-6.218885544088139e-05,0.1306808327411029,0.5,0.5,low_or_negative_expected_return,low_or_negative_expected_return
2024-03-13,AVGO,0.0990483863982831,True,False,False,0.21739130434782608,0.8260869565217391,0.391304347826087,0.0001680375980495,0.1306421189934526,0.5,0.5,not_in_raw_selection,not_in_raw_selection
2024-03-13,VIST,0.0903144692474942,True,False,False,0.043478260869565216,0.043478260869565216,0.5652173913043478,0.0052056757787041,1.0,0.5,0.5,not_in_raw_selection,not_in_raw_selection
2024-03-20,CCJ,0.1474511361173596,True,False,False,0.6086956521739131,0.7391304347826086,0.34782608695652173,-0.0004569229722854,0.1015406937685185,0.5,0.5,low_or_negative_expected_return,low_or_negative_expected_return
2024-03-20,GOOGL,0.0488771597766681,True,False,False,0.5217391304347826,0.21739130434782608,0.043478260869565216,-0.0001820571331811,0.5937925948028124,0.5,0.5,low_or_negative_expected_return,low_or_negative_expected_return
2024-03-20,AMZN,0.006006215890417,True,False,False,0.17391304347826086,0.782608695652174,0.2608695652173913,6.864656556034994e-05,0.0903987950860896,0.5,0.5,not_in_raw_selection,not_in_raw_selection
2024-03-20,PEP,0.0023856840489542,True,False,False,0.2608695652173913,0.043478260869565216,0.6956521739130435,6.221451960673728e-06,1.0,0.5,0.5,not_in_raw_selection,not_in_raw_selection
2024-03-20,META,-0.0073587618720305,True,False,False,0.4782608695652174,0.5217391304347826,0.13043478260869565,-0.0001360120028157,0.2716240900495988,0.5,0.5,low_or_negative_expected_return,low_or_negative_expected_return
2024-03-27,CCJ,0.1510185179396168,True,False,False,0.30434782608695654,0.43478260869565216,0.6521739130434783,0.0001615374139663,0.3288961992925595,0.5,0.5,not_in_raw_selection,not_in_raw_selection
2024-03-27,GOOGL,0.0340028173184985,True,False,False,0.043478260869565216,0.043478260869565216,0.5652173913043478,0.0029667691116494,1.0,0.5,0.5,not_in_raw_selection,not_in_raw_selection
2024-03-27,PEP,0.0179177577941402,True,False,False,0.08695652173913043,0.08695652173913043,0.13043478260869565,0.0012767902152409,0.9980816079380606,0.5,0.5,not_in_raw_selection,not_in_raw_selection
2024-03-27,TXN,0.0137675996415636,True,False,False,0.2608695652173913,0.7391304347826086,0.7391304347826086,0.000223433995722,0.1453378871292112,0.5,0.5,not_in_raw_selection,not_in_raw_selection
2024-03-27,VIST,0.0116003277532852,True,False,False,0.17391304347826086,0.17391304347826086,1.0,0.0007026391978295,0.6183073207259855,0.5,0.5,not_in_raw_selection,not_in_raw_selection
2024-04-04,GOOGL,0.1068889687661616,True,True,False,0.17391304347826086,0.30434782608695654,0.6956521739130435,0.000162308206463,0.2809210726673617,0.5,0.5,selected,selected
2024-04-04,YPF,0.1052892296743854,True,False,False,0.4782608695652174,0.17391304347826086,0.13043478260869565,-2.9751820928075512e-06,0.4997899656319958,0.5,0.5,low_or_negative_expected_return,low_or_negative_expected_return
2024-04-04,QCOM,0.0609095896045361,True,False,False,0.5652173913043478,0.13043478260869565,0.043478260869565216,-3.90545978018964e-05,0.6251989058396471,0.5,0.5,low_or_negative_expected_return,low_or_negative_expected_return
2024-04-04,TSLA,0.0520132889061888,True,False,False,0.43478260869565216,0.9565217391304348,0.8260869565217391,2.759503536547552e-06,1.1659219547087127e-05,0.5,0.5,not_in_raw_selection,not_in_raw_selection
2024-04-04,TXN,0.0431377459509838,True,False,False,0.8695652173913043,0.8260869565217391,0.17391304347826086,-0.0001709255233637,0.0001357190480595,0.5,0.5,low_or_negative_expected_return,low_or_negative_expected_return
2024-04-11,YPF,0.1281813268014515,True,True,False,0.08695652173913043,0.08695652173913043,0.13043478260869565,0.0019329470101637,0.7323105513346299,0.5,0.5,selected,selected
2024-04-11,TXN,0.0824766975915622,True,False,False,0.6521739130434783,0.6086956521739131,0.08695652173913043,-0.0002087952812379,0.2797335853220147,0.5,0.5,low_or_negative_expected_return,low_or_negative_expected_return
2024-04-11,VIST,0.0669128176204159,True,False,False,0.2608695652173913,0.5217391304347826,0.21739130434782608,6.880878691709036e-05,0.3358974849345627,0.5,0.5,not_in_raw_selection,not_in_raw_selection
2024-04-11,GOOGL,0.0661815620688395,True,False,False,0.13043478260869565,0.13043478260869565,0.782608695652174,0.0006331638227849,0.7279592056348801,0.5,0.5,not_in_raw_selection,not_in_raw_selection
2024-04-11,COST,0.0637536751524441,True,False,False,0.6086956521739131,0.782608695652174,0.43478260869565216,-0.0001605815662545,0.1836552233280489,0.5,0.5,low_or_negative_expected_return,low_or_negative_expected_return
2024-04-18,YPF,0.2396434068147657,True,False,False,1.0,0.9565217391304348,0.7391304347826086,-0.0002239847367791,0.0696052558500391,0.5,0.5,low_or_negative_expected_return,low_or_negative_expected_return
2024-04-18,QCOM,0.1971630410660283,True,False,False,0.8695652173913043,0.4782608695652174,0.8695652173913043,-0.000165661390983,0.0696940267195857,0.5,0.5,low_or_negative_expected_return,low_or_negative_expected_return
2024-04-18,TXN,0.1912384884335916,True,False,False,0.4782608695652174,0.391304347826087,0.5217391304347826,-1.6851105064591126e-06,0.0697579527240113,0.5,0.5,low_or_negative_expected_return,low_or_negative_expected_return
2024-04-18,TSLA,0.1661442331687193,True,False,False,0.391304347826087,0.8260869565217391,0.21739130434782608,1.3505121722815004e-05,0.0696117046612363,0.5,0.5,not_in_raw_selection,not_in_raw_selection
2024-04-18,VIST,0.149116428047249,True,False,False,0.08695652173913043,0.6521739130434783,0.5652173913043478,0.0002681238324802,0.069652237452537,0.5,0.5,not_in_raw_selection,not_in_raw_selection
2024-04-25,NVDA,0.2561598272768384,True,False,False,0.782608695652174,0.2608695652173913,0.6956521739130435,-0.0001133589329829,0.4840783855093458,0.5,0.5,low_or_negative_expected_return,low_or_negative_expected_return
2024-04-25,QCOM,0.235517395813448,True,False,False,0.9130434782608695,0.34782608695652173,0.30434782608695654,-0.0001891513343567,0.4468062572351144,0.5,0.5,low_or_negative_expected_return,low_or_negative_expected_return
2024-04-25,TXN,0.1257631571248663,True,False,False,0.30434782608695654,0.17391304347826086,0.21739130434782608,8.03087007127455e-05,0.7299334666133357,0.5,0.5,not_in_raw_selection,not_in_raw_selection
2024-04-25,NFLX,0.125478078221962,True,False,False,0.8260869565217391,0.6521739130434783,0.13043478260869565,-0.0001290668858747,0.374691462961473,0.5,0.5,low_or_negative_expected_return,low_or_negative_expected_return
2024-04-25,GOOGL,0.11250001956255,True,False,False,0.5652173913043478,0.5217391304347826,0.43478260869565216,-2.54784991144726e-05,0.3747292730957951,0.5,0.5,low_or_negative_expected_return,low_or_negative_expected_return
2024-05-02,NVDA,0.2775207886484299,True,False,False,0.9130434782608695,0.9130434782608695,0.391304347826087,-0.0001457064056658,0.1892129089498329,0.5,0.5,low_or_negative_expected_return,low_or_negative_expected_return
2024-05-02,CCJ,0.1464271049298622,True,False,False,0.2608695652173913,0.2608695652173913,1.0,0.0001060282534694,0.5258667235235187,0.5,0.5,not_in_raw_selection,not_in_raw_selection
2024-05-02,AMD,0.1418992180810381,True,False,False,0.782608695652174,0.8695652173913043,0.2608695652173913,-0.000135264819196,0.1892192816974271,0.5,0.5,low_or_negative_expected_return,low_or_negative_expected_return
2024-05-02,VIST,0.1408052594856348,True,False,False,0.6086956521739131,0.6086956521739131,0.8260869565217391,-4.148318095304952e-05,0.1892577256219191,0.5,0.5,low_or_negative_expected_return,low_or_negative_expected_return
2024-05-02,NFLX,0.1353092675646172,True,False,False,0.43478260869565216,1.0,0.21739130434782608,4.374959760356069e-05,0.0,0.5,0.5,not_in_raw_selection,not_in_raw_selection
2024-05-09,NVDA,0.3621643350592538,True,False,False,0.43478260869565216,0.8260869565217391,0.5652173913043478,-4.8031564673227205e-05,0.1785219709795256,0.5,0.5,low_or_negative_expected_return,low_or_negative_expected_return
2024-05-09,QCOM,0.1444555378359919,True,False,False,0.2608695652173913,0.30434782608695654,1.0,5.536485698068904e-05,0.5432748108677231,0.5,0.5,not_in_raw_selection,not_in_raw_selection
2024-05-09,AMD,0.1015814409707951,True,False,False,0.4782608695652174,0.9565217391304348,0.2608695652173913,-4.850623996221765e-05,0.058655131507131,0.5,0.5,low_or_negative_expected_return,low_or_negative_expected_return
2024-05-09,COST,0.0854128683241521,True,False,False,0.13043478260869565,0.13043478260869565,0.34782608695652173,0.0009568978946223,0.7541409816798028,0.5,0.5,not_in_raw_selection,not_in_raw_selection
2024-05-09,AVGO,0.0773319446585356,True,False,False,1.0,0.9130434782608695,0.21739130434782608,-0.0007323727960866,0.1535730298277792,0.5,0.5,low_or_negative_expected_return,low_or_negative_expected_return
2024-05-16,NVDA,0.3976409591243341,True,False,False,0.9130434782608695,0.6086956521739131,0.391304347826087,-0.0010589667099274,0.2335737809317775,0.5,0.5,low_or_negative_expected_return,low_or_negative_expected_return
2024-05-16,AVGO,0.228668755372366,True,False,False,0.43478260869565216,0.43478260869565216,0.8260869565217391,-0.0001890057996744,0.5869535354114854,0.5,0.5,low_or_negative_expected_return,low_or_negative_expected_return
2024-05-16,AAPL,0.1193110492636091,True,False,False,0.21739130434782608,0.2608695652173913,0.043478260869565216,0.0008381197863364,0.8221875552522959,0.5,0.5,not_in_raw_selection,not_in_raw_selection
2024-05-16,QCOM,0.114140824085122,True,False,False,0.043478260869565216,0.13043478260869565,0.17391304347826086,0.0032858548473569,0.927050335277504,0.5,0.5,not_in_raw_selection,not_in_raw_selection
2024-05-16,AMAT,0.1074615714207292,True,False,False,0.8260869565217391,0.4782608695652174,1.0,-0.0007742135588159,0.4865889691067662,0.5,0.5,low_or_negative_expected_return,low_or_negative_expected_return
2024-05-23,AVGO,0.1427699835670866,True,False,False,0.43478260869565216,0.9130434782608695,0.7391304347826086,-8.31404414680296e-05,8.926633293149745e-06,0.5,0.5,low_or_negative_expected_return,low_or_negative_expected_return
2024-05-23,NVDA,0.1378722002407471,True,True,False,0.08695652173913043,0.13043478260869565,0.8260869565217391,0.0018795364724185,0.6297384058399745,0.5,0.5,selected,selected
2024-05-23,AAPL,0.11376281009928,True,False,False,0.391304347826087,0.6086956521739131,0.8695652173913043,-3.5214811824287115e-05,0.1355838691403685,0.5,0.5,low_or_negative_expected_return,low_or_negative_expected_return
2024-05-23,ADBE,0.0845419824914937,True,False,False,0.17391304347826086,0.8695652173913043,0.08695652173913043,9.658498745564356e-05,1.5196571539081688e-05,0.5,0.5,not_in_raw_selection,not_in_raw_selection
2024-05-23,META,0.0711280110130077,True,False,False,0.8695652173913043,0.391304347826087,0.6521739130434783,-0.0005929635393241,0.2573669968483989,0.5,0.5,low_or_negative_expected_return,low_or_negative_expected_return
2024-05-31,ADBE,0.2591285130619842,True,False,False,0.6956521739130435,0.8695652173913043,0.34782608695652173,-8.975367805502568e-05,0.1600694225852292,0.5,0.5,low_or_negative_expected_return,low_or_negative_expected_return
2024-05-31,AVGO,0.2350307260372226,True,False,False,0.4782608695652174,0.5652173913043478,0.6521739130434783,7.547678697526083e-06,0.2797452913721708,0.5,0.5,not_in_raw_selection,not_in_raw_selection
2024-05-31,TSLA,0.1784591108071007,True,False,False,0.30434782608695654,0.9565217391304348,0.6086956521739131,9.055819491120132e-05,0.1524730967597162,0.5,0.5,not_in_raw_selection,not_in_raw_selection
2024-05-31,NVDA,0.1337827057922866,True,True,False,0.043478260869565216,0.043478260869565216,1.0,0.0051026712400186,1.0,0.5,0.5,selected,selected
2024-05-31,AAPL,0.1274382314694409,True,False,False,0.34782608695652173,0.17391304347826086,0.8695652173913043,5.421462223189573e-05,0.6777023157861293,0.5,0.5,not_in_raw_selection,not_in_raw_selection
2024-06-07,TSLA,0.4780819973366759,True,False,False,0.6521739130434783,0.9130434782608695,0.30434782608695654,-9.084793949218512e-05,0.1021272213228944,0.5,0.5,low_or_negative_expected_return,low_or_negative_expected_return
2024-06-07,AVGO,0.2322342024065373,True,False,False,1.0,0.7391304347826086,0.43478260869565216,-0.0002644541441425,0.1021517983471624,0.5,0.5,low_or_negative_expected_return,low_or_negative_expected_return
2024-06-07,ADBE,0.2161227863231836,True,False,False,0.7391304347826086,0.8260869565217391,1.0,-0.000114673926794,0.10214774289389,0.5,0.5,low_or_negative_expected_return,low_or_negative_expected_return
2024-06-07,AAPL,0.1614606805052596,True,False,False,0.8695652173913043,0.391304347826087,0.391304347826087,-0.0001769878095674,0.302616964124932,0.5,0.5,low_or_negative_expected_return,low_or_negative_expected_return
2024-06-07,AMAT,0.1341271188662649,True,False,False,0.782608695652174,0.43478260869565216,0.6956521739130435,-0.0001183640135646,0.2750522116859512,0.5,0.5,low_or_negative_expected_return,low_or_negative_expected_return
2024-06-14,TSLA,0.4412673752919043,True,False,False,0.391304347826087,0.9130434782608695,0.7391304347826086,-2.02783904743513e-05,0.1007883111132946,0.5,0.5,low_or_negative_expected_return,low_or_negative_expected_return
2024-06-14,INTC,0.1277503872637972,True,False,False,0.4782608695652174,1.0,0.043478260869565216,-4.533622831371333e-05,0.0,0.5,0.5,low_or_negative_expected_return,low_or_negative_expected_return
2024-06-14,AMD,0.1122595854213042,True,False,False,0.7391304347826086,0.8695652173913043,0.43478260869565216,-0.0005999745765284,0.1007996111465501,0.5,0.5,low_or_negative_expected_return,low_or_negative_expected_return
2024-06-14,AAPL,0.1050873041262783,True,False,False,0.13043478260869565,0.2608695652173913,1.0,0.0011206519758415,0.7418910387244303,0.5,0.5,not_in_raw_selection,not_in_raw_selection
2024-06-14,VIST,0.0857600965701839,True,False,False,0.8695652173913043,0.6521739130434783,0.2608695652173913,-0.0006746162426274,0.1843484774092515,0.5,0.5,low_or_negative_expected_return,low_or_negative_expected_return
2024-06-24,TSLA,0.3494358769411854,True,False,False,0.5217391304347826,0.6521739130434783,0.9565217391304348,-1.4971401745067453e-05,0.1273496195664099,0.5,0.5,low_or_negative_expected_return,low_or_negative_expected_return
2024-06-24,VIST,0.0812228475900131,True,False,False,0.8695652173913043,0.9130434782608695,0.4782608695652174,-0.0001997939202536,8.173949048160671e-06,0.5,0.5,low_or_negative_expected_return,low_or_negative_expected_return
2024-06-24,AAPL,0.081051192306415,True,False,False,0.391304347826087,0.08695652173913043,0.8260869565217391,6.084380757613188e-05,0.647041366781339,0.5,0.5,not_in_raw_selection,not_in_raw_selection
2024-06-24,INTC,0.0778541410492126,True,False,False,0.2608695652173913,0.8260869565217391,0.2608695652173913,0.0001120876430522,1.9526544662942022e-05,0.5,0.5,not_in_raw_selection,not_in_raw_selection
2024-06-24,ADBE,0.041665924351895,True,False,False,0.7391304347826086,0.2608695652173913,0.08695652173913043,-0.0001363306749529,0.578288184871343,0.5,0.5,low_or_negative_expected_return,low_or_negative_expected_return
2024-07-01,PEP,0.063171424425622,True,False,False,0.34782608695652173,0.7391304347826086,0.7391304347826086,4.201254129178576e-06,0.0513096094054655,0.5,0.5,not_in_raw_selection,not_in_raw_selection
2024-07-01,TSLA,0.0608024133695086,True,True,False,0.782608695652174,0.34782608695652173,0.21739130434782608,-0.0004427875454544,0.4143479186579492,0.5,0.5,selected,selected
2024-07-01,TXN,0.032836583706217,True,False,False,0.6086956521739131,0.43478260869565216,0.782608695652174,-0.0002360666245351,0.3345106887976709,0.5,0.5,low_or_negative_expected_return,low_or_negative_expected_return
2024-07-01,CSCO,0.0130471154442817,True,False,False,0.30434782608695654,0.17391304347826086,0.9130434782608695,3.754743567498522e-05,0.648163055660037,0.5,0.5,not_in_raw_selection,not_in_raw_selection
2024-07-01,AAPL,0.0094579148870026,True,False,False,0.08695652173913043,0.08695652173913043,0.043478260869565216,0.002104301099037,0.8813401982602925,0.5,0.5,not_in_raw_selection,not_in_raw_selection
2024-07-09,PEP,0.0654108214695223,True,False,False,0.391304347826087,0.8260869565217391,0.5652173913043478,-6.090601500635085e-05,0.0001090634422938,0.5,0.5,low_or_negative_expected_return,low_or_negative_expected_return
2024-07-09,CSCO,-0.0139737860329605,True,False,False,0.5652173913043478,0.8695652173913043,0.4782608695652174,-0.0003562786518636,0.0001068449120669,0.5,0.5,low_or_negative_expected_return,low_or_negative_expected_return
2024-07-09,VIST,-0.0487421824198153,True,False,False,0.9130434782608695,0.782608695652174,0.9565217391304348,-0.0009439585865085,0.1063591060566583,0.5,0.5,low_or_negative_expected_return,low_or_negative_expected_return
2024-07-09,SPY,-0.0605771337240043,True,False,False,0.8695652173913043,0.21739130434782608,0.30434782608695654,-0.0008514701623317,0.6960006125815104,0.5,0.5,low_or_negative_expected_return,low_or_negative_expected_return
2024-07-09,TXN,-0.0659972345732319,True,False,False,0.4782608695652174,0.4782608695652174,0.782608695652174,-0.0001985846514153,0.4208184148544389,0.5,0.5,low_or_negative_expected_return,low_or_negative_expected_return
2024-07-16,META,0.0791154756250358,True,False,False,0.7391304347826086,0.9130434782608695,0.6956521739130435,-0.0005593273418303,2.9203552732049924e-05,0.5,0.5,low_or_negative_expected_return,low_or_negative_expected_return
2024-07-16,PEP,0.0461884004859918,True,False,False,0.17391304347826086,0.6521739130434783,0.782608695652174,0.0001042854696832,0.0001239893373511,0.5,0.5,not_in_raw_selection,not_in_raw_selection
2024-07-16,YPF,0.0460271701081496,True,False,False,0.30434782608695654,1.0,0.4782608695652174,7.541139510510387e-06,0.0,0.5,0.5,not_in_raw_selection,not_in_raw_selection
2024-07-16,VIST,0.029144690867719,True,False,False,0.2608695652173913,0.30434782608695654,0.9565217391304348,5.65581271841254e-05,0.5180310167985446,0.5,0.5,not_in_raw_selection,not_in_raw_selection
2024-07-16,COST,0.0165144368870802,True,False,False,0.34782608695652173,0.6956521739130435,0.5652173913043478,-2.5303649300629344e-05,9.594892886876969e-05,0.5,0.5,low_or_negative_expected_return,low_or_negative_expected_return
2024-07-23,NFLX,0.0867819281776245,True,False,False,0.8695652173913043,0.6086956521739131,0.08695652173913043,-0.0001899997382413,0.0452295509819884,0.5,0.5,low_or_negative_expected_return,low_or_negative_expected_return
2024-07-23,CSCO,0.0836928605917421,True,False,False,0.6521739130434783,0.391304347826087,0.43478260869565216,-6.99596966037598e-05,0.1865585199442776,0.5,0.5,low_or_negative_expected_return,low_or_negative_expected_return
2024-07-23,META,0.0778407125934701,True,False,False,0.43478260869565216,0.6956521739130435,0.9130434782608695,6.2470820227568384e-06,0.0452272096674629,0.5,0.5,not_in_raw_selection,not_in_raw_selection
2024-07-23,PEP,0.0575535686461063,True,False,False,0.21739130434782608,0.9565217391304348,0.34782608695652173,0.0001307142248241,0.005021549016544,0.5,0.5,not_in_raw_selection,not_in_raw_selection
2024-07-23,YPF,0.0571568204953796,True,False,False,0.9565217391304348,1.0,0.782608695652174,-0.0002149810695026,0.0,0.5,0.5,low_or_negative_expected_return,low_or_negative_expected_return
2024-07-30,NVDA,0.2368649272118421,True,False,False,0.5652173913043478,0.8695652173913043,0.21739130434782608,-1.699585616922509e-05,0.1454276563757301,0.5,0.5,low_or_negative_expected_return,low_or_negative_expected_return
2024-07-30,VIST,0.209562258961317,True,False,False,0.17391304347826086,0.6521739130434783,0.8695652173913043,0.0001505689090123,0.1454485007412836,0.5,0.5,not_in_raw_selection,not_in_raw_selection
2024-07-30,YPF,0.1393139463514687,True,True,False,0.9130434782608695,0.782608695652174,0.9130434782608695,-0.0001514037440825,0.145441697952725,0.5,0.5,selected,selected
2024-07-30,AVGO,0.1245122253707766,True,False,False,0.8695652173913043,0.6956521739130435,0.9565217391304348,-0.0001187404832848,0.1454465821585931,0.5,0.5,low_or_negative_expected_return,low_or_negative_expected_return
2024-07-30,COST,0.1220571973152759,True,False,False,0.08695652173913043,0.2608695652173913,0.6521739130434783,0.0001861972878331,0.1455433267341422,0.5,0.5,not_in_raw_selection,not_in_raw_selection
2024-08-06,YPF,0.3029810255518543,True,False,False,0.6956521739130435,0.5652173913043478,0.2608695652173913,-7.204824437693591e-05,0.084443880643812,0.5,0.5,low_or_negative_expected_return,low_or_negative_expected_return
2024-08-06,VIST,0.169539564672317,True,False,False,0.2608695652173913,0.6086956521739131,0.043478260869565216,6.122888564691513e-05,0.0844432392087402,0.5,0.5,not_in_raw_selection,not_in_raw_selection
2024-08-06,ADBE,0.118728094795121,True,False,False,0.6521739130434783,0.43478260869565216,0.6956521739130435,-5.861284808403673e-05,0.0845339790369831,0.5,0.5,low_or_negative_expected_return,low_or_negative_expected_return
2024-08-06,NFLX,0.1150155273828137,True,False,False,0.043478260869565216,0.4782608695652174,0.08695652173913043,0.0001704797958874,0.0845326927493087,0.5,0.5,not_in_raw_selection,not_in_raw_selection
2024-08-06,CSCO,0.1005314643681849,True,False,False,0.30434782608695654,0.17391304347826086,0.6521739130434783,5.0297716069045066e-05,0.0847422634946061,0.5,0.5,not_in_raw_selection,not_in_raw_selection
2024-08-13,TSLA,0.0976759990035496,True,False,False,0.7391304347826086,0.9565217391304348,0.391304347826087,-9.807997816405786e-05,0.1288162886429384,0.5,0.5,low_or_negative_expected_return,low_or_negative_expected_return
2024-08-13,ADBE,0.0843765865469485,True,False,False,0.8695652173913043,0.5217391304347826,0.43478260869565216,-0.0001787701717724,0.3263668019076138,0.5,0.5,low_or_negative_expected_return,low_or_negative_expected_return
2024-08-13,AMZN,0.0839453028465893,True,False,False,0.5652173913043478,0.8695652173913043,0.6956521739130435,-1.3869091717082932e-05,0.1753716959161767,0.5,0.5,low_or_negative_expected_return,low_or_negative_expected_return
2024-08-13,CSCO,0.0824333649220878,True,False,False,0.17391304347826086,0.782608695652174,0.2608695652173913,0.0001323961301187,0.2590140552580962,0.5,0.5,not_in_raw_selection,not_in_raw_selection
2024-08-13,AMD,0.0618578291327065,True,False,False,0.391304347826087,0.6956521739130435,0.043478260869565216,2.798300573715612e-05,0.3246256274411044,0.5,0.5,not_in_raw_selection,not_in_raw_selection
2024-08-20,YPF,0.0887245901315683,True,False,False,0.30434782608695654,0.34782608695652173,0.08695652173913043,5.749484812119561e-05,0.2925734633118051,0.5,0.5,not_in_raw_selection,not_in_raw_selection
2024-08-20,AMZN,0.0422069967960638,True,False,False,0.782608695652174,0.6956521739130435,0.6521739130434783,-0.000172754050691,0.1850498646708105,0.5,0.5,low_or_negative_expected_return,low_or_negative_expected_return
2024-08-20,TSLA,0.0275892839273403,True,False,False,0.9130434782608695,0.9130434782608695,0.8260869565217391,-0.0004598011782481,0.1850219000494274,0.5,0.5,low_or_negative_expected_return,low_or_negative_expected_return
2024-08-20,META,0.0213012969724948,True,False,False,0.17391304347826086,0.21739130434782608,0.782608695652174,0.0006122183865618,0.5800436342596597,0.5,0.5,not_in_raw_selection,not_in_raw_selection
2024-08-20,COST,0.0186258926008353,True,False,False,0.043478260869565216,0.08695652173913043,0.7391304347826086,0.0026014505718945,0.9374971397104864,0.5,0.5,not_in_raw_selection,not_in_raw_selection
2024-08-27,TSLA,0.2285262691339309,True,False,False,0.782608695652174,0.9130434782608695,0.782608695652174,-0.0005410060451817,0.2079092500181198,0.5,0.5,low_or_negative_expected_return,low_or_negative_expected_return
2024-08-27,INTC,0.1728949314133767,True,False,False,0.2608695652173913,1.0,0.17391304347826086,3.638671640709506e-05,0.0,0.5,0.5,not_in_raw_selection,not_in_raw_selection
2024-08-27,CCJ,0.1357994849521577,True,False,False,0.6956521739130435,0.7391304347826086,0.13043478260869565,-0.0004122294414849,0.2079184833689719,0.5,0.5,low_or_negative_expected_return,low_or_negative_expected_return
2024-08-27,AMZN,0.1121187858685557,True,False,False,0.391304347826087,0.391304347826087,0.7391304347826086,-2.813352902247984e-05,0.482220176006255,0.5,0.5,low_or_negative_expected_return,low_or_negative_expected_return
2024-08-27,META,0.0947987368273521,True,False,False,1.0,0.34782608695652173,0.8695652173913043,-0.0008186323566721,0.5061953643386313,0.5,0.5,low_or_negative_expected_return,low_or_negative_expected_return
2024-09-04,CCJ,0.2676922724797175,True,False,False,0.5652173913043478,0.34782608695652173,0.6086956521739131,-1.2119095674505357e-05,0.3056253374701356,0.5,0.5,low_or_negative_expected_return,low_or_negative_expected_return
2024-09-04,INTC,0.1523416900659631,True,False,False,0.43478260869565216,1.0,0.30434782608695654,3.951967675715502e-05,0.0,0.5,0.5,not_in_raw_selection,not_in_raw_selection
2024-09-04,TSLA,0.134952828568158,True,False,False,0.8260869565217391,0.9565217391304348,0.391304347826087,-0.0001309966173354,1.7698713601033203e-05,0.5,0.5,low_or_negative_expected_return,low_or_negative_expected_return
2024-09-04,AMD,0.1342372706578036,True,False,False,0.4782608695652174,0.30434782608695654,0.21739130434782608,2.8428168669709567e-05,0.3127768757714746,0.5,0.5,not_in_raw_selection,not_in_raw_selection
2024-09-04,NVDA,0.1190095047415957,True,False,False,0.7391304347826086,0.5217391304347826,0.8260869565217391,-7.901205057273274e-05,0.0708604248876628,0.5,0.5,low_or_negative_expected_return,low_or_negative_expected_return
2024-09-11,CCJ,0.265132626567945,True,False,False,0.6956521739130435,0.6521739130434783,0.6956521739130435,-9.612489900564182e-05,0.267345559445599,0.5,0.5,low_or_negative_expected_return,low_or_negative_expected_return
2024-09-11,INTC,0.194501008835958,True,False,False,0.5217391304347826,1.0,0.7391304347826086,-2.7269883101872725e-05,0.0,0.5,0.5,low_or_negative_expected_return,low_or_negative_expected_return
2024-09-11,AVGO,0.1748909580373188,True,False,False,0.30434782608695654,0.5217391304347826,0.043478260869565216,5.2889346727782405e-05,0.4786894764711724,0.5,0.5,not_in_raw_selection,not_in_raw_selection
2024-09-11,META,0.1537229651593508,True,False,False,0.8260869565217391,0.5652173913043478,0.6521739130434783,-0.0001532382764418,0.3519404054479276,0.5,0.5,low_or_negative_expected_return,low_or_negative_expected_return
2024-09-11,AMD,0.1411984757502247,True,False,False,0.782608695652174,0.17391304347826086,0.08695652173913043,-0.0001217028562597,0.6558926203892452,0.5,0.5,low_or_negative_expected_return,low_or_negative_expected_return
2024-09-18,CCJ,0.390675590388827,True,False,False,0.782608695652174,0.782608695652174,0.9130434782608695,-0.0001255620950129,0.1098393349897828,0.5,0.5,low_or_negative_expected_return,low_or_negative_expected_return
2024-09-18,NVDA,0.1971420828495562,True,False,False,0.9130434782608695,1.0,0.2608695652173913,-0.0001966768535433,0.0,0.5,0.5,low_or_negative_expected_return,low_or_negative_expected_return
2024-09-18,CSCO,0.1148902789866075,True,False,False,0.9565217391304348,0.5652173913043478,0.6086956521739131,-0.0002075945392162,0.1099977170287237,0.5,0.5,low_or_negative_expected_return,low_or_negative_expected_return
2024-09-18,AVGO,0.0937094657441739,True,False,False,0.5217391304347826,0.391304347826087,0.17391304347826086,8.400725784348038e-06,0.2211386706991399,0.5,0.5,not_in_raw_selection,not_in_raw_selection
2024-09-18,INTC,0.0741453526354194,True,True,False,0.30434782608695654,0.4782608695652174,0.6956521739130435,8.844294900448035e-05,0.1559367322757024,0.5,0.5,selected,selected
2024-09-25,CCJ,0.1363732224765264,True,False,False,0.2608695652173913,0.2608695652173913,0.9130434782608695,0.0001999522982731,0.3956121025633055,0.5,0.5,not_in_raw_selection,not_in_raw_selection
2024-09-25,NVDA,0.1299489526739727,True,False,False,0.9565217391304348,0.9130434782608695,0.391304347826087,-0.0002166078198532,0.0942644903597186,0.5,0.5,low_or_negative_expected_return,low_or_negative_expected_return
2024-09-25,YPF,0.0872482694545075,True,False,False,0.34782608695652173,0.43478260869565216,0.9565217391304348,0.0001681019044142,0.2527774231652004,0.5,0.5,not_in_raw_selection,not_in_raw_selection
2024-09-25,CSCO,0.0689458147809116,True,False,False,0.043478260869565216,0.043478260869565216,0.6521739130434783,0.0020049916075868,1.0,0.5,0.5,not_in_raw_selection,not_in_raw_selection
2024-09-25,NFLX,0.0384306598555177,True,False,False,0.5217391304347826,0.21739130434782608,0.7391304347826086,8.110170012850078e-06,0.5131493848124821,0.5,0.5,not_in_raw_selection,not_in_raw_selection
2024-10-02,NVDA,0.172402171870714,True,False,False,0.6521739130434783,0.43478260869565216,0.43478260869565216,-8.669101919850809e-05,0.3006016796713542,0.5,0.5,low_or_negative_expected_return,low_or_negative_expected_return
2024-10-02,YPF,0.1318579360342644,True,False,False,0.7391304347826086,0.9130434782608695,0.08695652173913043,-0.0001540699545983,0.1075366237741769,0.5,0.5,low_or_negative_expected_return,low_or_negative_expected_return
2024-10-02,VIST,0.1089238715938891,True,False,False,0.4782608695652174,0.782608695652174,0.043478260869565216,-1.9317407768206167e-06,0.1075403235654964,0.5,0.5,low_or_negative_expected_return,low_or_negative_expected_return
2024-10-02,CCJ,0.0918285000330623,True,True,False,0.08695652173913043,0.08695652173913043,0.17391304347826086,0.0016176243360312,0.7712857279394323,0.5,0.5,selected,selected
2024-10-02,NFLX,0.0599783335455916,True,False,False,0.8695652173913043,0.6086956521739131,1.0,-0.0001944560136306,0.1866349639286573,0.5,0.5,low_or_negative_expected_return,low_or_negative_expected_return
2024-10-09,YPF,0.1975413233263965,True,False,False,0.21739130434782608,0.6956521739130435,0.21739130434782608,5.64383001229512e-05,0.0472267032819839,0.5,0.5,not_in_raw_selection,not_in_raw_selection
2024-10-09,TSLA,0.1969715624411099,True,False,False,0.9565217391304348,0.6521739130434783,0.9130434782608695,-0.0006123419822708,0.1275773294368561,0.5,0.5,low_or_negative_expected_return,low_or_negative_expected_return
2024-10-09,AMZN,0.1183776982540441,True,False,False,0.6521739130434783,1.0,0.8695652173913043,-0.0001736439726391,0.0,0.5,0.5,low_or_negative_expected_return,low_or_negative_expected_return
2024-10-09,NVDA,0.0977007712791961,True,False,False,0.17391304347826086,0.17391304347826086,0.6521739130434783,6.855452888624338e-05,0.5074480433753082,0.5,0.5,not_in_raw_selection,not_in_raw_selection
2024-10-09,GOOGL,0.090510279508472,True,False,False,0.5217391304347826,0.8260869565217391,1.0,-9.920238991200992e-05,0.0164611821994476,0.5,0.5,low_or_negative_expected_return,low_or_negative_expected_return
2024-10-16,TSLA,0.4920706072485072,True,False,False,0.9565217391304348,0.9565217391304348,0.782608695652174,-0.0003454174535818,0.127863880312983,0.5,0.5,low_or_negative_expected_return,low_or_negative_expected_return
2024-10-16,YPF,0.2423633798249578,True,False,False,0.2608695652173913,0.5217391304347826,0.17391304347826086,0.0001063049060839,0.2229630793951567,0.5,0.5,not_in_raw_selection,not_in_raw_selection
2024-10-16,NFLX,0.1830057077002764,True,False,False,0.34782608695652173,0.7391304347826086,1.0,6.011362426237121e-05,0.127901163574303,0.5,0.5,not_in_raw_selection,not_in_raw_selection
2024-10-16,AMZN,0.1455937011222137,True,False,False,0.4782608695652174,0.34782608695652173,0.5652173913043478,-2.280975638773279e-05,0.2660908149128826,0.5,0.5,low_or_negative_expected_return,low_or_negative_expected_return
2024-10-16,INTC,0.1169879279618941,True,False,False,0.21739130434782608,0.2608695652173913,0.34782608695652173,0.0001139122062317,0.2939874173014352,0.5,0.5,not_in_raw_selection,not_in_raw_selection
2024-10-23,TSLA,0.600889344958343,True,False,False,0.43478260869565216,1.0,0.13043478260869565,4.464837650003379e-06,0.0,0.5,0.5,not_in_raw_selection,not_in_raw_selection
2024-10-23,YPF,0.5296296023028841,True,False,False,0.9130434782608695,0.4782608695652174,0.8695652173913043,-0.0002411482514533,0.2061276918961246,0.5,0.5,low_or_negative_expected_return,low_or_negative_expected_return
2024-10-23,NFLX,0.1795833539522175,True,False,False,1.0,0.30434782608695654,0.5217391304347826,-0.0002517715862695,0.4217705335446189,0.5,0.5,low_or_negative_expected_return,low_or_negative_expected_return
2024-10-23,AMZN,0.0983704050051403,True,False,False,0.5217391304347826,0.6521739130434783,0.2608695652173913,-2.145996597629462e-05,4.804951672175871e-05,0.5,0.5,low_or_negative_expected_return,low_or_negative_expected_return
2024-10-23,INTC,0.0923567210611038,True,False,False,0.6086956521739131,0.5652173913043478,0.7391304347826086,-3.9325739302115295e-05,0.1085025957129474,0.5,0.5,low_or_negative_expected_return,low_or_negative_expected_return
2024-10-30,YPF,0.6175152879241907,True,False,False,0.43478260869565216,0.21739130434782608,0.6086956521739131,-3.172816743563214e-06,0.6106721458527011,0.5,0.5,low_or_negative_expected_return,low_or_negative_expected_return
2024-10-30,TSLA,0.2925258412981588,True,True,False,0.7391304347826086,0.9130434782608695,0.43478260869565216,-0.0001674108123716,0.131271927337155,0.5,0.5,selected,selected
2024-10-30,NFLX,0.1639822819576166,True,False,False,0.8260869565217391,0.391304347826087,0.391304347826087,-0.0001972860476525,0.3468335026740946,0.5,0.5,low_or_negative_expected_return,low_or_negative_expected_return
2024-10-30,COST,0.0938014974785481,True,False,False,0.8695652173913043,0.6521739130434783,0.21739130434782608,-0.0002038032130659,0.1314432290574384,0.5,0.5,low_or_negative_expected_return,low_or_negative_expected_return
2024-10-30,CCJ,0.0709522390428685,True,False,False,0.9130434782608695,0.34782608695652173,0.4782608695652174,-0.0002214259688837,0.35774887697616,0.5,0.5,low_or_negative_expected_return,low_or_negative_expected_return
2024-11-06,YPF,0.3614158967954923,True,True,False,0.043478260869565216,0.08695652173913043,0.9565217391304348,0.0042623060081729,0.9324436591533404,0.5,0.5,selected,selected
2024-11-06,TSLA,0.2805947104204103,True,True,False,1.0,0.43478260869565216,0.043478260869565216,-0.0006903907535312,0.3955030781951597,0.5,0.5,selected,selected
2024-11-06,CCJ,0.1939074493790931,True,False,False,0.6956521739130435,0.8695652173913043,0.9130434782608695,-0.0002108790847504,0.0634235651558253,0.5,0.5,low_or_negative_expected_return,low_or_negative_expected_return
2024-11-06,NFLX,0.1764396532141565,True,False,False,0.08695652173913043,0.043478260869565216,0.21739130434782608,0.0025103473598657,1.0,0.5,0.5,not_in_raw_selection,not_in_raw_selection
2024-11-06,VIST,0.121527123314076,True,False,False,0.2608695652173913,0.6521739130434783,1.0,6.28193055637032e-05,0.1565023577214297,0.5,0.5,not_in_raw_selection,not_in_raw_selection
2024-11-13,YPF,0.4221934422996491,True,True,False,0.34782608695652173,0.30434782608695654,0.6521739130434783,9.261419334911851e-06,0.4983377126020247,0.5,0.5,selected,selected
2024-11-13,TSLA,0.2660489900292977,True,True,False,0.13043478260869565,0.34782608695652173,0.782608695652174,0.0008526948979546,0.4816744534288482,0.5,0.5,selected,selected
2024-11-13,VIST,0.2222221956148622,True,False,False,0.8695652173913043,0.7391304347826086,0.7391304347826086,-0.0004831150904326,0.1259672077188332,0.5,0.5,low_or_negative_expected_return,low_or_negative_expected_return
2024-11-13,NFLX,0.1144894285197721,True,False,False,0.2608695652173913,0.21739130434782608,0.391304347826087,6.596608222813073e-05,0.604922771144784,0.5,0.5,not_in_raw_selection,not_in_raw_selection
2024-11-13,AAPL,0.1014570544246422,True,False,False,0.6521739130434783,0.9565217391304348,1.0,-0.000144782958801,0.1146583156305,0.5,0.5,low_or_negative_expected_return,low_or_negative_expected_return
2024-11-20,AVGO,0.3373354200564702,True,False,False,0.30434782608695654,0.8695652173913043,0.391304347826087,-1.6419137864580984e-05,2.630928765706721e-06,0.5,0.5,low_or_negative_expected_return,low_or_negative_expected_return
2024-11-20,TSLA,0.2752390579318267,True,True,False,0.13043478260869565,0.13043478260869565,0.08695652173913043,0.0015269375283049,0.5182031505820607,0.5,0.5,selected,selected
2024-11-20,YPF,0.1143395267517333,True,True,False,0.043478260869565216,0.043478260869565216,0.43478260869565216,0.0114143140081866,1.0,0.5,0.5,selected,selected
2024-11-20,AMZN,0.1006012811124956,True,False,False,0.43478260869565216,0.21739130434782608,0.6086956521739131,-0.0001184663288014,0.2385991221871896,0.5,0.5,low_or_negative_expected_return,low_or_negative_expected_return
2024-11-20,AAPL,0.090785996882676,True,False,False,0.6956521739130435,0.17391304347826086,0.043478260869565216,-0.000608854566742,0.2611852686674897,0.5,0.5,low_or_negative_expected_return,low_or_negative_expected_return
2024-11-27,AVGO,0.5140602666269627,True,False,False,0.391304347826087,0.782608695652174,0.8695652173913043,-0.0001064961535425,0.032286549384304,0.5,0.5,low_or_negative_expected_return,low_or_negative_expected_return
2024-11-27,TSLA,0.2967045710817793,True,True,False,1.0,0.13043478260869565,0.6086956521739131,-0.0008546472080519,0.3523098050348722,0.5,0.5,selected,selected
2024-11-27,GOOGL,0.1390415373949443,True,False,False,0.782608695652174,0.5652173913043478,0.43478260869565216,-0.0005202816587081,0.032308076221683,0.5,0.5,low_or_negative_expected_return,low_or_negative_expected_return
2024-11-27,AAPL,0.0879411071647269,True,False,False,0.8260869565217391,0.17391304347826086,0.8260869565217391,-0.0005519370552036,0.3364879903342918,0.5,0.5,low_or_negative_expected_return,low_or_negative_expected_return
2024-11-27,AMZN,0.0875376398657399,True,False,False,0.30434782608695654,0.6086956521739131,0.6956521739130435,-7.081908145502163e-05,0.0323031353970827,0.5,0.5,low_or_negative_expected_return,low_or_negative_expected_return
2024-12-05,AVGO,0.386812940512832,True,False,False,1.0,0.782608695652174,0.34782608695652173,-0.0007510314754641,0.0592446751660746,0.5,0.5,low_or_negative_expected_return,low_or_negative_expected_return
2024-12-05,YPF,0.1703067964893676,True,True,False,0.043478260869565216,0.043478260869565216,0.9565217391304348,0.0045783484955434,1.0,0.5,0.5,selected,selected
2024-12-05,GOOGL,0.1403498367307796,True,False,False,0.2608695652173913,0.6956521739130435,0.43478260869565216,1.1788776307286547e-05,0.0592755048101111,0.5,0.5,not_in_raw_selection,not_in_raw_selection
2024-12-05,TSLA,0.1124793598122411,True,True,False,0.08695652173913043,0.391304347826087,0.13043478260869565,0.001832575271031,0.6017696113706764,0.5,0.5,selected,selected
2024-12-05,META,0.0349301558259342,True,False,False,0.391304347826087,0.5652173913043478,0.391304347826087,-3.820370240171144e-05,0.2555330782854822,0.5,0.5,low_or_negative_expected_return,low_or_negative_expected_return
2024-12-12,AVGO,0.2437727908414158,True,False,False,0.8260869565217391,0.6521739130434783,0.5652173913043478,-0.0007359189030881,0.0642313857565669,0.5,0.5,low_or_negative_expected_return,low_or_negative_expected_return
2024-12-12,AMAT,0.0270285782821084,True,False,False,0.30434782608695654,0.8260869565217391,0.2608695652173913,-4.604246079122219e-05,9.280754176259454e-06,0.5,0.5,low_or_negative_expected_return,low_or_negative_expected_return
2024-12-12,YPF,0.0236578921107095,True,False,False,0.043478260869565216,0.043478260869565216,0.043478260869565216,0.0080405424505694,1.0,0.5,0.5,not_in_raw_selection,not_in_raw_selection
2024-12-12,TXN,0.009336984108526,True,False,False,0.6956521739130435,0.7391304347826086,0.17391304347826086,-0.0005824473188431,4.137622427729863e-05,0.5,0.5,low_or_negative_expected_return,low_or_negative_expected_return
2024-12-12,CSCO,0.0081563869053398,True,False,False,0.782608695652174,0.4782608695652174,0.34782608695652173,-0.0007015700219749,0.278698912705255,0.5,0.5,low_or_negative_expected_return,low_or_negative_expected_return
2024-12-19,AMAT,0.2110381042504951,True,False,False,0.30434782608695654,0.8260869565217391,0.9565217391304348,8.642102525927967e-05,2.867144411883084e-05,0.5,0.5,not_in_raw_selection,not_in_raw_selection
2024-12-19,INTC,0.1469045762258494,True,False,False,0.6521739130434783,1.0,0.7391304347826086,-5.942761315265873e-05,0.0,0.5,0.5,low_or_negative_expected_return,low_or_negative_expected_return
2024-12-19,QCOM,0.1319149760759628,True,False,False,0.2608695652173913,0.7391304347826086,0.6086956521739131,0.0001052958900242,6.560243149696868e-05,0.5,0.5,not_in_raw_selection,not_in_raw_selection
2024-12-19,NVDA,0.1254209945442936,True,False,False,0.43478260869565216,0.9565217391304348,0.043478260869565216,4.540047745790575e-05,7.78888065110645e-06,0.5,0.5,not_in_raw_selection,not_in_raw_selection
2024-12-19,AVGO,0.1034719475084253,True,True,False,0.13043478260869565,0.21739130434782608,0.9130434782608695,0.0009040752004722,0.5516341651549654,0.5,0.5,selected,selected
2024-12-27,META,0.1278404711290104,True,False,False,0.9565217391304348,0.34782608695652173,0.6956521739130435,-0.0005371106929908,0.4837999119928222,0.5,0.5,low_or_negative_expected_return,low_or_negative_expected_return
2024-12-27,QCOM,0.0920249345916754,True,False,False,0.6956521739130435,0.7391304347826086,0.08695652173913043,-0.0001401424871134,0.2324162196457105,0.5,0.5,low_or_negative_expected_return,low_or_negative_expected_return
2024-12-27,NFLX,0.0777919167169871,True,False,False,0.782608695652174,0.21739130434782608,0.6086956521739131,-0.00020563279741,0.6324051093026931,0.5,0.5,low_or_negative_expected_return,low_or_negative_expected_return
2024-12-27,AMZN,0.0595307589909217,True,False,False,0.6086956521739131,0.4782608695652174,0.782608695652174,-8.327236196043179e-05,0.3380062675048935,0.5,0.5,low_or_negative_expected_return,low_or_negative_expected_return
2024-12-27,AMAT,0.0506503437960716,True,False,False,0.5652173913043478,0.782608695652174,0.13043478260869565,-7.749057940333589e-05,0.1587709033154776,0.5,0.5,low_or_negative_expected_return,low_or_negative_expected_return
2025-01-06,NFLX,0.1466562229241244,True,False,False,1.0,0.6956521739130435,0.34782608695652173,-0.000253739040916,0.3805923474870509,0.5,0.5,low_or_negative_expected_return,low_or_negative_expected_return
2025-01-06,COST,0.130235913828318,True,False,False,0.43478260869565216,0.9565217391304348,0.21739130434782608,4.2993716393398535e-05,0.3194285193543443,0.5,0.5,not_in_raw_selection,not_in_raw_selection
2025-01-06,META,0.11848616544556,True,False,False,0.21739130434782608,0.782608695652174,0.7391304347826086,0.0001511456447486,0.3805783630844987,0.5,0.5,not_in_raw_selection,not_in_raw_selection
2025-01-06,QCOM,0.1001563584330937,True,False,False,0.6956521739130435,0.7391304347826086,0.5217391304347826,-6.98985749222015e-05,0.3805855601565299,0.5,0.5,low_or_negative_expected_return,low_or_negative_expected_return
2025-01-06,CSCO,0.0646588260585687,True,False,False,0.17391304347826086,0.5217391304347826,0.13043478260869565,0.0002368205453578,0.3807105106082023,0.5,0.5,not_in_raw_selection,not_in_raw_selection
2025-01-14,NFLX,0.240113560466546,True,False,False,0.9130434782608695,0.6521739130434783,0.391304347826087,-0.0001727578202147,0.15866508580964,0.5,0.5,low_or_negative_expected_return,low_or_negative_expected_return
2025-01-14,META,0.2206647116244215,True,False,False,0.43478260869565216,0.6086956521739131,0.5652173913043478,7.070906036048941e-06,0.1586666078662233,0.5,0.5,not_in_raw_selection,not_in_raw_selection
2025-01-14,INTC,0.1708332629667415,True,False,False,0.6956521739130435,0.782608695652174,0.08695652173913043,-6.295028370336192e-05,0.1586435453903177,0.5,0.5,low_or_negative_expected_return,low_or_negative_expected_return
2025-01-14,COST,0.1612354783397489,True,False,False,0.13043478260869565,1.0,0.34782608695652173,0.0001824756697031,0.0,0.5,0.5,not_in_raw_selection,not_in_raw_selection
2025-01-14,ADBE,0.121271641944231,True,False,False,0.21739130434782608,0.6956521739130435,0.13043478260869565,7.918276243670236e-05,0.1586610111782441,0.5,0.5,not_in_raw_selection,not_in_raw_selection
2025-01-22,INTC,0.1935040907653615,True,False,False,0.6521739130434783,0.7391304347826086,0.43478260869565216,-0.000112598021832,0.2007092343984796,0.5,0.5,low_or_negative_expected_return,low_or_negative_expected_return
2025-01-22,META,0.1144186477232858,True,False,False,0.6956521739130435,0.6956521739130435,0.6956521739130435,-0.0001151677628222,0.208804738402401,0.5,0.5,low_or_negative_expected_return,low_or_negative_expected_return
2025-01-22,AAPL,0.098288879149478,True,False,False,0.5652173913043478,0.9130434782608695,0.8695652173913043,-2.199898640960338e-05,9.789936434661954e-05,0.5,0.5,low_or_negative_expected_return,low_or_negative_expected_return
2025-01-22,COST,0.0954058883063762,True,False,False,0.4782608695652174,0.2608695652173913,0.391304347826087,7.13505356783412e-06,0.5192831356585431,0.5,0.5,not_in_raw_selection,not_in_raw_selection
2025-01-22,NFLX,0.0739525587449529,True,False,False,0.8260869565217391,0.8260869565217391,0.4782608695652174,-0.0001704484382049,0.1260962164438153,0.5,0.5,low_or_negative_expected_return,low_or_negative_expected_return
2025-01-29,INTC,0.1691139317766021,True,False,False,0.6956521739130435,0.8260869565217391,0.9130434782608695,-8.204758679775701e-05,4.1539402643217457e-05,0.5,0.5,low_or_negative_expected_return,low_or_negative_expected_return
2025-01-29,CSCO,0.0715365607188671,True,False,False,0.9565217391304348,0.43478260869565216,0.6956521739130435,-0.0001760232927556,0.2412403473884017,0.5,0.5,low_or_negative_expected_return,low_or_negative_expected_return
2025-01-29,TXN,0.0611859905579525,True,False,False,0.34782608695652173,0.6956521739130435,0.5652173913043478,8.207328876745511e-05,6.300411806344747e-05,0.5,0.5,not_in_raw_selection,not_in_raw_selection
2025-01-29,COST,0.0598431581010712,True,False,False,0.13043478260869565,0.13043478260869565,0.30434782608695654,0.0006703510940659,0.884207303982519,0.5,0.5,not_in_raw_selection,not_in_raw_selection
2025-01-29,PEP,0.0109729946721588,True,False,False,0.43478260869565216,0.2608695652173913,0.9565217391304348,3.580112335062361e-05,0.4494876627946989,0.5,0.5,not_in_raw_selection,not_in_raw_selection
2025-02-05,PEP,0.0614444372046267,True,False,False,0.17391304347826086,0.4782608695652174,0.6956521739130435,7.297750488379199e-05,0.0601298635497409,0.5,0.5,not_in_raw_selection,not_in_raw_selection
2025-02-05,INTC,0.0559796642658663,True,False,False,0.6086956521739131,0.6521739130434783,0.6521739130434783,-0.0002191189245441,0.0600783682835192,0.5,0.5,low_or_negative_expected_return,low_or_negative_expected_return
2025-02-05,TXN,0.0426785624554961,True,False,False,0.6956521739130435,0.5652173913043478,0.8260869565217391,-0.0003388195807017,0.060095419291522,0.5,0.5,low_or_negative_expected_return,low_or_negative_expected_return
2025-02-05,ADBE,0.0163379882930991,True,False,False,0.7391304347826086,0.8695652173913043,0.5652173913043478,-0.0003818213710939,0.0556713239552993,0.5,0.5,low_or_negative_expected_return,low_or_negative_expected_return
2025-02-05,CSCO,0.0134249665444281,True,False,False,0.5217391304347826,0.21739130434782608,0.6086956521739131,-0.0001598204468852,0.3130856391599675,0.5,0.5,low_or_negative_expected_return,low_or_negative_expected_return
2025-02-12,INTC,0.0542705180403111,True,True,False,0.2608695652173913,0.30434782608695654,0.2608695652173913,8.472342792810064e-05,0.1938376609331353,0.5,0.5,selected,selected
2025-02-12,PEP,0.0302103665447326,True,False,False,0.17391304347826086,0.4782608695652174,0.08695652173913043,0.0001079546176829,0.0380660120809332,0.5,0.5,not_in_raw_selection,not_in_raw_selection
2025-02-12,TXN,-0.0355019678572715,True,False,False,0.30434782608695654,1.0,0.6521739130434783,5.1594618367367816e-05,0.0,0.5,0.5,not_in_raw_selection,not_in_raw_selection
2025-02-12,CSCO,-0.0457380563918783,True,False,False,0.13043478260869565,0.13043478260869565,0.21739130434782608,0.0002618588012996,0.5299699038540766,0.5,0.5,not_in_raw_selection,not_in_raw_selection
2025-02-12,VIST,-0.066259133721428,True,False,False,0.4782608695652174,0.782608695652174,0.8695652173913043,-1.6656709986323876e-06,0.0380173572919406,0.5,0.5,low_or_negative_expected_return,low_or_negative_expected_return
2025-02-20,PEP,-0.0130785521610067,True,False,False,0.2608695652173913,0.6521739130434783,0.17391304347826086,9.745147572410072e-05,0.059994228598219,0.5,0.5,not_in_raw_selection,not_in_raw_selection
2025-02-20,CCJ,-0.0363129009059045,True,False,False,0.5217391304347826,0.9130434782608695,0.4782608695652174,-1.5258914521057622e-05,0.0598923210484101,0.5,0.5,low_or_negative_expected_return,low_or_negative_expected_return
2025-02-20,AMD,-0.0615748348256438,True,False,False,0.6956521739130435,0.8695652173913043,0.08695652173913043,-7.358295683638573e-05,0.0599053188146239,0.5,0.5,low_or_negative_expected_return,low_or_negative_expected_return
2025-02-20,CSCO,-0.0626256278294649,True,False,False,0.043478260869565216,0.043478260869565216,0.7391304347826086,0.0017021438093444,1.0,0.5,0.5,not_in_raw_selection,not_in_raw_selection
2025-02-20,MSFT,-0.0703866777238769,True,False,False,0.7391304347826086,0.391304347826087,1.0,-8.048800834548672e-05,0.2125810132472327,0.5,0.5,low_or_negative_expected_return,low_or_negative_expected_return
2025-02-27,YPF,0.0847604674681627,True,False,False,0.7391304347826086,0.6521739130434783,0.30434782608695654,-8.842500817790637e-05,5.4278132791501534e-05,0.5,0.5,low_or_negative_expected_return,low_or_negative_expected_return
2025-02-27,AMD,0.0717515750816051,True,False,False,0.2608695652173913,0.782608695652174,0.5217391304347826,6.416780161951447e-05,4.594618331944955e-05,0.5,0.5,not_in_raw_selection,not_in_raw_selection
2025-02-27,INTC,0.0229536891789974,True,True,False,0.5652173913043478,0.21739130434782608,0.043478260869565216,-2.3551479550355126e-05,0.1710527161328123,0.5,0.5,selected,selected
2025-02-27,QCOM,0.0228567645913897,True,False,False,0.4782608695652174,0.6956521739130435,0.21739130434782608,-1.1672644119556507e-06,5.073694900062682e-05,0.5,0.5,low_or_negative_expected_return,low_or_negative_expected_return
2025-02-27,NFLX,0.014173402504652,True,False,False,0.043478260869565216,0.5217391304347826,0.4782608695652174,0.0002416749131373,7.642126834477787e-05,0.5,0.5,not_in_raw_selection,not_in_raw_selection
2025-03-06,INTC,0.0809638701289532,True,True,False,0.5217391304347826,0.13043478260869565,0.34782608695652173,-1.1514589900406124e-05,0.5177077541810009,0.5,0.5,selected,selected
2025-03-06,TSLA,0.0145378113296721,True,False,False,0.7391304347826086,0.7391304347826086,1.0,-7.9611526082034e-05,0.3333497185572735,0.5,0.5,low_or_negative_expected_return,low_or_negative_expected_return
2025-03-06,NFLX,0.0117944329562631,True,False,False,0.043478260869565216,0.6521739130434783,0.8695652173913043,0.0001804980980731,0.3333799212241279,0.5,0.5,not_in_raw_selection,not_in_raw_selection
2025-03-06,YPF,0.0041903439176245,True,False,False,0.782608695652174,0.5217391304347826,0.21739130434782608,-8.223413409265831e-05,0.3333957522928959,0.5,0.5,low_or_negative_expected_return,low_or_negative_expected_return
2025-03-06,PEP,-0.0209559891363659,True,False,False,0.9565217391304348,0.2608695652173913,0.43478260869565216,-0.0001617733207267,0.3335125292580045,0.5,0.5,low_or_negative_expected_return,low_or_negative_expected_return
2025-03-13,COST,0.082740116823573,True,False,False,0.13043478260869565,0.4782608695652174,0.21739130434782608,0.0001285391998905,0.5309107817924142,0.5,0.5,not_in_raw_selection,not_in_raw_selection
2025-03-13,TSLA,0.048695369691535,True,False,False,0.391304347826087,0.6956521739130435,0.17391304347826086,1.4474414162727606e-05,0.5308287335583849,0.5,0.5,not_in_raw_selection,not_in_raw_selection
2025-03-13,NFLX,0.034824792271545,True,False,False,0.08695652173913043,0.5217391304347826,0.391304347826087,0.0001648188566715,0.5308798207457789,0.5,0.5,not_in_raw_selection,not_in_raw_selection
2025-03-13,MSFT,0.0068115668207033,True,False,False,0.6086956521739131,0.21739130434782608,0.6086956521739131,-3.0676788007692704e-05,0.5309699436053084,0.5,0.5,low_or_negative_expected_return,low_or_negative_expected_return
2025-03-13,PEP,-0.0283133143584242,True,False,False,0.6956521739130435,0.17391304347826086,0.2608695652173913,-6.189629157568792e-05,0.5309892169962687,0.5,0.5,low_or_negative_expected_return,low_or_negative_expected_return
2025-03-20,COST,0.1106767622111548,True,False,False,0.21739130434782608,0.9130434782608695,0.8695652173913043,8.696936211214935e-05,0.2161446026153424,0.5,0.5,not_in_raw_selection,not_in_raw_selection
2025-03-20,VIST,0.0292788070616492,True,False,False,0.30434782608695654,0.782608695652174,0.13043478260869565,4.206834417181457e-05,0.4448987660875502,0.5,0.5,not_in_raw_selection,not_in_raw_selection
2025-03-20,NFLX,0.0233372783913792,True,False,False,0.043478260869565216,0.13043478260869565,1.0,0.0002563226130298,0.7896871042932753,0.5,0.5,not_in_raw_selection,not_in_raw_selection
2025-03-20,TSLA,0.0216287172147704,True,False,False,0.6956521739130435,1.0,0.6086956521739131,-7.129030523373068e-05,0.0,0.5,0.5,low_or_negative_expected_return,low_or_negative_expected_return
2025-03-20,PEP,-0.0292898249226276,True,False,False,0.8695652173913043,0.08695652173913043,0.43478260869565216,-0.0001139752840179,0.7897878333841971,0.5,0.5,low_or_negative_expected_return,low_or_negative_expected_return
2025-03-27,NFLX,0.1277848634407701,True,False,False,0.08695652173913043,0.391304347826087,0.5217391304347826,0.0002647892637214,0.3432706063949457,0.5,0.5,not_in_raw_selection,not_in_raw_selection
2025-03-27,AVGO,0.1181463539533251,True,False,False,0.6956521739130435,0.6086956521739131,0.9130434782608695,-7.396741236171441e-05,0.3431895889256584,0.5,0.5,low_or_negative_expected_return,low_or_negative_expected_return
2025-03-27,TSLA,0.0432761216743293,True,False,False,0.391304347826087,0.7391304347826086,0.782608695652174,2.854817760776105e-05,0.3431685684465538,0.5,0.5,not_in_raw_selection,not_in_raw_selection
2025-03-27,COST,0.0409160832431758,True,False,False,0.13043478260869565,0.13043478260869565,0.4782608695652174,0.0001832251398286,0.4783006321141095,0.5,0.5,not_in_raw_selection,not_in_raw_selection
2025-03-27,CCJ,0.0319024296569574,True,False,False,0.8260869565217391,0.5652173913043478,0.21739130434782608,-0.0001152935510453,0.3432067756871828,0.5,0.5,low_or_negative_expected_return,low_or_negative_expected_return
2025-04-03,AVGO,0.3222518450295095,True,False,False,0.6956521739130435,0.8695652173913043,0.34782608695652173,-5.577797737168621e-05,8.578489376969691e-06,0.5,0.5,low_or_negative_expected_return,low_or_negative_expected_return
2025-04-03,NFLX,0.2610980837037866,True,False,False,0.08695652173913043,0.08695652173913043,1.0,0.0001851900077139,0.4886896690907998,0.5,0.5,not_in_raw_selection,not_in_raw_selection
2025-04-03,MSFT,0.1666265065759491,True,False,False,0.6086956521739131,0.17391304347826086,0.08695652173913043,-3.1531922526850884e-05,0.0001518443818926,0.5,0.5,low_or_negative_expected_return,low_or_negative_expected_return
2025-04-03,CCJ,0.1491077608622129,True,False,False,0.4782608695652174,0.7391304347826086,0.2608695652173913,-9.327637351381592e-07,2.702248544945857e-05,0.5,0.5,low_or_negative_expected_return,low_or_negative_expected_return
2025-04-03,AMAT,0.1445650681927484,True,False,False,0.30434782608695654,0.5652173913043478,0.6521739130434783,2.784703478753357e-05,4.418580906637503e-05,0.5,0.5,not_in_raw_selection,not_in_raw_selection
2025-04-10,VIST,0.339852667044388,True,False,False,0.2608695652173913,0.5652173913043478,0.9565217391304348,5.587685450975144e-05,0.2739463383380634,0.5,0.5,not_in_raw_selection,not_in_raw_selection
2025-04-10,CCJ,0.3115304845395292,True,False,False,0.4782608695652174,0.30434782608695654,0.782608695652174,-8.351531406458632e-07,0.2739816487955679,0.5,0.5,low_or_negative_expected_return,low_or_negative_expected_return
2025-04-10,NFLX,0.2377954902778782,True,False,False,0.08695652173913043,0.21739130434782608,1.0,0.000197902395852,0.274013622572767,0.5,0.5,not_in_raw_selection,not_in_raw_selection
2025-04-10,AVGO,0.2083574768463598,True,False,False,0.9130434782608695,0.5217391304347826,0.8695652173913043,-8.397311618713277e-05,0.2739473403439574,0.5,0.5,low_or_negative_expected_return,low_or_negative_expected_return
2025-04-10,YPF,0.1856418003407085,True,False,False,0.9565217391304348,0.43478260869565216,0.8260869565217391,-8.481060284099913e-05,0.2739591023219416,0.5,0.5,low_or_negative_expected_return,low_or_negative_expected_return
2025-04-17,TSLA,0.4499731452387419,True,True,False,0.391304347826087,0.5217391304347826,0.30434782608695654,1.7589166012120362e-05,0.3122697069131847,0.5,0.5,selected,selected
2025-04-17,AMD,0.3390856933593751,True,False,False,0.782608695652174,0.6086956521739131,0.5217391304347826,-6.309392969104652e-05,0.25076312302248,0.5,0.5,low_or_negative_expected_return,low_or_negative_expected_return
2025-04-17,AVGO,0.3369787313065562,True,False,False,0.9130434782608695,0.9130434782608695,0.5652173913043478,-9.310299239319485e-05,0.1294571636750013,0.5,0.5,low_or_negative_expected_return,low_or_negative_expected_return
2025-04-17,NVDA,0.3341215562762389,True,False,False,0.5217391304347826,0.391304347826087,0.08695652173913043,-8.383592113913287e-06,0.3122745911774324,0.5,0.5,low_or_negative_expected_return,low_or_negative_expected_return
2025-04-17,META,0.2769004004686566,True,False,False,0.43478260869565216,0.30434782608695654,0.21739130434782608,2.669326351236133e-06,0.3122920639406663,0.5,0.5,not_in_raw_selection,not_in_raw_selection
2025-04-25,CCJ,0.3341667739794125,True,False,False,0.4782608695652174,0.21739130434782608,0.5217391304347826,-1.490084372327781e-06,0.2801810022900424,0.5,0.5,low_or_negative_expected_return,low_or_negative_expected_return
2025-04-25,TSLA,0.1908755283412382,True,True,False,0.391304347826087,0.08695652173913043,0.2608695652173913,3.218736493282176e-05,0.4892643949065198,0.5,0.5,selected,selected
2025-04-25,AVGO,0.1893297494895751,True,True,False,0.9130434782608695,0.8695652173913043,0.8260869565217391,-0.0001377703796592,0.1430371578235919,0.5,0.5,selected,selected
2025-04-25,NVDA,0.1826861612435149,True,False,False,0.5217391304347826,0.8260869565217391,0.08695652173913043,-1.2707580015091204e-05,0.1430372397978673,0.5,0.5,low_or_negative_expected_return,low_or_negative_expected_return
2025-04-25,MSFT,0.1488579447842513,True,False,False,0.6086956521739131,0.17391304347826086,0.5652173913043478,-4.582786084792912e-05,0.3375040385849031,0.5,0.5,low_or_negative_expected_return,low_or_negative_expected_return
2025-05-02,CCJ,0.2376090700374711,True,False,False,0.6521739130434783,0.21739130434782608,0.21739130434782608,-0.0001295012976274,0.447107858036543,0.5,0.5,low_or_negative_expected_return,low_or_negative_expected_return
2025-05-02,AVGO,0.2213219773094823,True,True,False,0.13043478260869565,0.34782608695652173,0.9565217391304348,0.0001371748054781,0.3214752957644523,0.5,0.5,selected,selected
2025-05-02,NVDA,0.1998253701555676,True,False,False,0.6086956521739131,0.6521739130434783,0.5652173913043478,-0.000124071602386,0.1138774639839349,0.5,0.5,low_or_negative_expected_return,low_or_negative_expected_return
2025-05-02,TSLA,0.1931688055323299,True,True,False,0.9130434782608695,0.5652173913043478,0.782608695652174,-0.0004372887722387,0.1293518145273584,0.5,0.5,selected,selected
2025-05-02,YPF,0.190099647655207,True,False,False,0.5652173913043478,0.8260869565217391,0.13043478260869565,-9.587949550100356e-05,0.0741838686377798,0.5,0.5,low_or_negative_expected_return,low_or_negative_expected_return
2025-05-09,CCJ,0.3189435100704474,True,False,False,0.043478260869565216,0.08695652173913043,0.9130434782608695,0.0041024000495922,0.9727221539452712,0.5,0.5,not_in_raw_selection,not_in_raw_selection
2025-05-09,NVDA,0.222717556940365,True,False,False,0.21739130434782608,0.5217391304347826,0.6521739130434783,4.2449326697194674e-05,0.3622023418231936,0.5,0.5,not_in_raw_selection,not_in_raw_selection
2025-05-09,AMD,0.1836834664693885,True,False,False,0.34782608695652173,0.5652173913043478,0.043478260869565216,-1.1587737553124516e-05,0.2847400695275807,0.5,0.5,low_or_negative_expected_return,low_or_negative_expected_return
2025-05-09,AVGO,0.1732949200764111,True,False,False,0.13043478260869565,0.13043478260869565,0.13043478260869565,0.0014155773334834,0.6503594042937301,0.5,0.5,not_in_raw_selection,not_in_raw_selection
2025-05-09,META,0.1714290688422264,True,False,False,0.8695652173913043,0.21739130434782608,0.5652173913043478,-0.0005737734135733,0.4989482687471698,0.5,0.5,low_or_negative_expected_return,low_or_negative_expected_return
2025-05-16,CCJ,0.3528379167363276,True,False,False,0.17391304347826086,0.17391304347826086,0.08695652173913043,0.0015369411911178,0.8416474200741203,0.5,0.5,not_in_raw_selection,not_in_raw_selection
2025-05-16,AVGO,0.1027514344536528,True,False,False,0.30434782608695654,0.43478260869565216,0.6521739130434783,0.0002633133810488,0.6471760692690478,0.5,0.5,not_in_raw_selection,not_in_raw_selection
2025-05-16,META,0.0964799413916117,True,False,False,0.43478260869565216,0.6086956521739131,0.782608695652174,0.0001032355765351,0.5917190983184005,0.5,0.5,not_in_raw_selection,not_in_raw_selection
2025-05-16,AMD,0.0786890958845025,True,True,False,0.391304347826087,0.5217391304347826,0.7391304347826086,0.0001182173977332,0.6251656152043817,0.5,0.5,selected,selected
2025-05-16,NVDA,0.0686115876195994,True,False,False,0.34782608695652173,0.6956521739130435,0.8260869565217391,0.0001830950352082,0.5536051044058272,0.5,0.5,not_in_raw_selection,not_in_raw_selection
2025-05-23,AMD,0.2549179198580882,True,False,False,0.6956521739130435,0.2608695652173913,0.4782608695652174,-0.000101420835457,0.4518745782736753,0.5,0.5,low_or_negative_expected_return,low_or_negative_expected_return
2025-05-23,CCJ,0.2325779183945955,True,False,False,0.043478260869565216,0.043478260869565216,0.6086956521739131,0.0066788824003907,1.0,0.5,0.5,not_in_raw_selection,not_in_raw_selection
2025-05-23,TXN,0.1673851049121788,True,False,False,0.08695652173913043,0.21739130434782608,0.7391304347826086,0.0002092847063416,0.4919332058902085,0.5,0.5,not_in_raw_selection,not_in_raw_selection
2025-05-23,AVGO,0.1532440871191991,True,True,False,1.0,0.5652173913043478,0.43478260869565216,-0.0006172039899428,0.2071949625771246,0.5,0.5,selected,selected
2025-05-23,AMAT,0.1439273630852766,True,False,False,0.782608695652174,0.34782608695652173,0.8260869565217391,-0.0001607409723589,0.3560393565057904,0.5,0.5,low_or_negative_expected_return,low_or_negative_expected_return
2025-06-02,CCJ,0.2318665828980657,True,False,False,0.043478260869565216,0.043478260869565216,0.6521739130434783,0.0039100686984922,1.0,0.5,0.5,not_in_raw_selection,not_in_raw_selection
2025-06-02,AMD,0.1873855349524849,True,False,False,0.6086956521739131,0.43478260869565216,0.5652173913043478,-0.0001246047376203,0.5218428958704572,0.5,0.5,low_or_negative_expected_return,low_or_negative_expected_return
2025-06-02,AMAT,0.1684363802043438,True,False,False,0.4782608695652174,0.6956521739130435,0.8260869565217391,-9.58733432761367e-05,0.311446664466242,0.5,0.5,low_or_negative_expected_return,low_or_negative_expected_return
2025-06-02,INTC,0.1575481583795073,True,False,False,0.21739130434782608,0.9130434782608695,0.8695652173913043,6.235843556258078e-05,0.1639049974924582,0.5,0.5,not_in_raw_selection,not_in_raw_selection
2025-06-02,TXN,0.1424460630693831,True,False,False,0.782608695652174,0.8695652173913043,0.6956521739130435,-0.0005560851194517,0.1639175285793226,0.5,0.5,low_or_negative_expected_return,low_or_negative_expected_return
2025-06-09,AMAT,0.1507745280393178,True,False,False,0.6086956521739131,0.6086956521739131,0.34782608695652173,-0.0001128122359395,0.3152101719430821,0.5,0.5,low_or_negative_expected_return,low_or_negative_expected_return
2025-06-09,INTC,0.1445313016593001,True,False,False,0.782608695652174,0.9565217391304348,0.391304347826087,-0.0004395259400932,0.0404106978842008,0.5,0.5,low_or_negative_expected_return,low_or_negative_expected_return
2025-06-09,NVDA,0.1419757365684575,True,True,False,0.13043478260869565,0.13043478260869565,0.782608695652174,0.0008421118599575,0.631885054836144,0.5,0.5,selected,selected
2025-06-09,AVGO,0.1376289310839673,True,False,False,0.6956521739130435,0.21739130434782608,0.13043478260869565,-0.0002201538638161,0.5445083270660553,0.5,0.5,low_or_negative_expected_return,low_or_negative_expected_return
2025-06-09,AMD,0.1370245612847567,True,True,False,0.4782608695652174,0.391304347826087,0.2608695652173913,-8.104290949975632e-05,0.49824445888013,0.5,0.5,selected,selected
2025-06-16,AMD,0.2665559190133639,True,True,False,0.7391304347826086,0.17391304347826086,0.08695652173913043,-0.000138873347316,0.4550708728870784,0.5,0.5,selected,selected
2025-06-16,NVDA,0.1843941683986465,True,False,False,0.5652173913043478,0.21739130434782608,0.9565217391304348,-6.953861861131617e-05,0.4445386887468163,0.5,0.5,low_or_negative_expected_return,low_or_negative_expected_return
2025-06-16,AVGO,0.113883342959101,True,False,False,0.30434782608695654,0.5652173913043478,0.21739130434782608,6.437457442744836e-05,0.2370055030791687,0.5,0.5,not_in_raw_selection,not_in_raw_selection
2025-06-16,AMAT,0.1034267583755452,True,False,False,0.2608695652173913,0.782608695652174,0.8695652173913043,7.576185427300103e-05,0.1197138989289253,0.5,0.5,not_in_raw_selection,not_in_raw_selection
2025-06-16,CCJ,0.0984717671705923,True,True,False,0.043478260869565216,0.043478260869565216,0.6086956521739131,0.0068104988776355,1.0,0.5,0.5,selected,selected
2025-06-24,NVDA,0.1546991604261072,True,False,False,0.5217391304347826,0.34782608695652173,0.08695652173913043,-2.341288092933684e-05,0.2404596777089956,0.5,0.5,low_or_negative_expected_return,low_or_negative_expected_return
2025-06-24,AMD,0.1460666206062775,True,True,False,1.0,0.30434782608695654,0.4782608695652174,-0.0002214343719239,0.3165240177269499,0.5,0.5,selected,selected
2025-06-24,GOOGL,0.1406727280329758,True,False,False,0.7391304347826086,0.782608695652174,0.17391304347826086,-0.000112560522367,4.364345231886905e-05,0.5,0.5,low_or_negative_expected_return,low_or_negative_expected_return
2025-06-24,PEP,0.1114841684099876,True,False,False,0.6086956521739131,0.6521739130434783,1.0,-5.5652356380577984e-05,0.0001068240141602,0.5,0.5,low_or_negative_expected_return,low_or_negative_expected_return
2025-06-24,CCJ,0.0941388655340766,True,True,False,0.043478260869565216,0.043478260869565216,0.8260869565217391,0.0073395703068845,1.0,0.5,0.5,selected,selected
2025-07-01,AMD,0.3188596995214743,True,True,False,0.30434782608695654,0.7391304347826086,0.5652173913043478,5.2893187831743706e-05,0.2479528555744875,0.5,0.5,selected,selected
2025-07-01,NVDA,0.169406397284513,True,False,False,0.782608695652174,0.43478260869565216,0.5217391304347826,-0.0001162291908616,0.365009017840639,0.5,0.5,low_or_negative_expected_return,low_or_negative_expected_return
2025-07-01,AVGO,0.1430838040345821,True,False,False,1.0,0.4782608695652174,0.782608695652174,-0.0002820635258169,0.3564912234042158,0.5,0.5,low_or_negative_expected_return,low_or_negative_expected_return
2025-07-01,GOOGL,0.1176638015940854,True,False,False,0.5217391304347826,0.6086956521739131,0.9130434782608695,-2.047916678165416e-05,0.3213649218536875,0.5,0.5,low_or_negative_expected_return,low_or_negative_expected_return
2025-07-01,CCJ,0.0848332912849041,True,False,False,0.043478260869565216,0.043478260869565216,0.6521739130434783,0.0049042969604425,1.0,0.5,0.5,not_in_raw_selection,not_in_raw_selection
2025-07-09,AMD,0.1785274965774936,True,True,False,0.34782608695652173,0.34782608695652173,0.08695652173913043,1.2272012175168031e-05,0.6961695424442556,0.5,0.5,selected,selected
2025-07-09,YPF,0.1344406435613085,True,False,False,0.391304347826087,0.9565217391304348,0.8695652173913043,-1.3360374683212835e-05,2.019546466674805e-05,0.5,0.5,low_or_negative_expected_return,low_or_negative_expected_return
2025-07-09,GOOGL,0.1102366762482627,True,False,False,0.6521739130434783,0.5217391304347826,0.391304347826087,-0.0001502504908584,0.4062791857843912,0.5,0.5,low_or_negative_expected_return,low_or_negative_expected_return
2025-07-09,NVDA,0.1015471070131222,True,False,False,0.043478260869565216,0.2608695652173913,0.5652173913043478,0.0012804390851607,0.779151463678478,0.5,0.5,not_in_raw_selection,not_in_raw_selection
2025-07-09,AVGO,0.0855344370396213,True,False,False,0.9565217391304348,0.7391304347826086,0.17391304347826086,-0.0007461089382482,0.2462165734129737,0.5,0.5,low_or_negative_expected_return,low_or_negative_expected_return
2025-07-16,AMD,0.1520489508963061,True,True,False,0.043478260869565216,0.043478260869565216,0.43478260869565216,0.0059487708824876,1.0,0.5,0.5,selected,selected
2025-07-16,AAPL,0.1102493232070813,True,False,False,0.4782608695652174,0.7391304347826086,1.0,-8.765310120900154e-05,0.0309258581600488,0.5,0.5,low_or_negative_expected_return,low_or_negative_expected_return
2025-07-16,META,0.1097865258620323,True,False,False,0.5652173913043478,0.8260869565217391,0.6956521739130435,-0.0001175944857715,0.0308902789430326,0.5,0.5,low_or_negative_expected_return,low_or_negative_expected_return
2025-07-16,GOOGL,0.1037875354783313,True,False,False,0.13043478260869565,0.13043478260869565,0.6521739130434783,0.0008246549940605,0.7888507274707068,0.5,0.5,not_in_raw_selection,not_in_raw_selection
2025-07-16,PEP,0.1034355328310276,True,False,False,0.5217391304347826,0.6521739130434783,0.5652173913043478,-0.0001083858125379,0.0309664037581244,0.5,0.5,low_or_negative_expected_return,low_or_negative_expected_return
2025-07-23,TXN,0.0779597544830117,True,False,False,0.30434782608695654,0.9565217391304348,0.43478260869565216,0.0001323171703653,0.1073049935849178,0.5,0.5,not_in_raw_selection,not_in_raw_selection
2025-07-23,COST,0.0567154397564222,True,False,False,0.43478260869565216,0.7391304347826086,1.0,3.042297884998707e-05,0.1074639692030623,0.5,0.5,not_in_raw_selection,not_in_raw_selection
2025-07-23,AAPL,0.0553817461983419,True,False,False,0.5652173913043478,0.5217391304347826,0.08695652173913043,-2.962620644280965e-05,0.3594683064592699,0.5,0.5,low_or_negative_expected_return,low_or_negative_expected_return
2025-07-23,META,0.0478432029984703,True,False,False,0.782608695652174,0.34782608695652173,0.2608695652173913,-0.0001156235083195,0.4865390589511144,0.5,0.5,low_or_negative_expected_return,low_or_negative_expected_return
2025-07-23,GOOGL,0.0477843231921166,True,False,False,0.9130434782608695,0.13043478260869565,0.21739130434782608,-0.0001744129398133,0.6689095630807702,0.5,0.5,low_or_negative_expected_return,low_or_negative_expected_return
2025-07-30,INTC,0.2217305897270616,True,False,False,0.5217391304347826,0.9130434782608695,0.30434782608695654,-0.000107151602333,0.0972301739002206,0.5,0.5,low_or_negative_expected_return,low_or_negative_expected_return
2025-07-30,AAPL,0.1025592065459,True,False,False,0.43478260869565216,0.6956521739130435,0.9565217391304348,-8.986013039242693e-05,0.0973167800849461,0.5,0.5,low_or_negative_expected_return,low_or_negative_expected_return
2025-07-30,TSLA,0.0957873518684124,True,True,False,0.8695652173913043,0.9565217391304348,0.4782608695652174,-0.0005239679865415,0.0972247474100887,0.5,0.5,selected,selected
2025-07-30,TXN,0.0841599651154074,True,False,False,0.7391304347826086,0.8260869565217391,0.8695652173913043,-0.0003046471842948,0.0972437582283494,0.5,0.5,low_or_negative_expected_return,low_or_negative_expected_return
2025-07-30,META,0.0750420466640053,True,False,False,0.391304347826087,0.782608695652174,0.6086956521739131,-6.500867043566187e-05,0.0972720167107585,0.5,0.5,low_or_negative_expected_return,low_or_negative_expected_return
2025-08-06,INTC,0.205781518585949,True,False,False,0.7391304347826086,0.7391304347826086,0.043478260869565216,-0.0001199490705826,0.1462402555222841,0.5,0.5,low_or_negative_expected_return,low_or_negative_expected_return
2025-08-06,GOOGL,0.1846601427411536,True,False,False,0.043478260869565216,0.043478260869565216,1.0,0.0014044982784481,1.0,0.5,0.5,not_in_raw_selection,not_in_raw_selection
2025-08-06,AAPL,0.1244079661397274,True,False,False,0.5652173913043478,0.6521739130434783,0.30434782608695654,-2.69882745345643e-05,0.279881423744263,0.5,0.5,low_or_negative_expected_return,low_or_negative_expected_return
2025-08-06,QCOM,0.0951042973413254,True,False,False,0.2608695652173913,0.9130434782608695,0.08695652173913043,0.0001245005441455,0.0850644303945082,0.5,0.5,not_in_raw_selection,not_in_raw_selection
2025-08-06,NFLX,0.0670355165511469,True,False,False,0.4782608695652174,1.0,0.5217391304347826,6.4733467059295024e-06,0.0,0.5,0.5,not_in_raw_selection,not_in_raw_selection
2025-08-13,GOOGL,0.1901861117371559,True,False,False,0.6086956521739131,0.34782608695652173,0.7391304347826086,-7.192130814612684e-05,0.5775994567342108,0.5,0.5,low_or_negative_expected_return,low_or_negative_expected_return
2025-08-13,AVGO,0.1635122752069679,True,False,False,0.391304347826087,0.5217391304347826,0.8260869565217391,5.863716801793623e-05,0.4429837560048066,0.5,0.5,not_in_raw_selection,not_in_raw_selection
2025-08-13,INTC,0.1075608177701721,True,False,False,0.17391304347826086,1.0,0.43478260869565216,0.0001868521192414,0.0,0.5,0.5,not_in_raw_selection,not_in_raw_selection
2025-08-13,TSLA,0.086716931617534,True,True,False,0.2608695652173913,0.5652173913043478,0.9565217391304348,0.0001443460954165,0.3824234544667554,0.5,0.5,selected,selected
2025-08-13,CCJ,0.0567460450015202,True,False,False,0.30434782608695654,0.43478260869565216,0.08695652173913043,0.0001269331330627,0.4892373134147521,0.5,0.5,not_in_raw_selection,not_in_raw_selection
2025-08-20,INTC,0.2986405482533256,True,False,False,0.13043478260869565,0.5217391304347826,0.5217391304347826,0.0002290832198523,0.0759963683984929,0.5,0.5,not_in_raw_selection,not_in_raw_selection
2025-08-20,TSLA,0.2869713305296859,True,False,False,0.21739130434782608,1.0,0.13043478260869565,0.0001517473183921,0.0,0.5,0.5,not_in_raw_selection,not_in_raw_selection
2025-08-20,GOOGL,0.2644490744440861,True,False,False,0.6521739130434783,0.17391304347826086,0.6521739130434783,-7.762370518337915e-05,0.5895801894637838,0.5,0.5,low_or_negative_expected_return,low_or_negative_expected_return
2025-08-20,AVGO,0.1860768285784628,True,False,False,0.391304347826087,0.391304347826087,0.391304347826087,6.054133038314952e-05,0.1603932128908062,0.5,0.5,not_in_raw_selection,not_in_raw_selection
2025-08-20,AMAT,0.1789263580497075,True,False,False,0.30434782608695654,0.9130434782608695,0.9130434782608695,7.090132026717814e-05,1.2991160313824929e-05,0.5,0.5,not_in_raw_selection,not_in_raw_selection
2025-08-27,INTC,0.3678068875931539,True,True,False,0.13043478260869565,0.13043478260869565,0.5217391304347826,0.001509136430995,0.7833127522224377,0.5,0.5,selected,selected
2025-08-27,AMAT,0.214185819360033,True,False,False,0.6521739130434783,1.0,0.34782608695652173,-5.0569551810048376e-05,0.0,0.5,0.5,low_or_negative_expected_return,low_or_negative_expected_return
2025-08-27,TSLA,0.2110698148073626,True,True,False,0.782608695652174,0.5217391304347826,0.7391304347826086,-0.0001548965516632,0.3191833370582871,0.5,0.5,selected,selected
2025-08-27,GOOGL,0.1846442951006328,True,False,False,0.6086956521739131,0.21739130434782608,0.5652173913043478,-2.441748641026156e-05,0.5652951602942916,0.5,0.5,low_or_negative_expected_return,low_or_negative_expected_return
2025-08-27,CCJ,0.1378852955782348,True,False,False,0.9565217391304348,0.782608695652174,0.043478260869565216,-0.0002545670306339,0.1796792655757666,0.5,0.5,low_or_negative_expected_return,low_or_negative_expected_return
2025-09-04,INTC,0.5156439785446922,True,True,False,0.9130434782608695,0.391304347826087,0.9565217391304348,-0.0002122343839567,0.332147289449905,0.5,0.5,selected,selected
2025-09-04,AMAT,0.4129802109211231,True,False,False,0.391304347826087,0.9130434782608695,0.9130434782608695,4.3100110364433633e-05,0.1166932979171136,0.5,0.5,not_in_raw_selection,not_in_raw_selection
2025-09-04,TSLA,0.2879213114706809,True,False,False,0.43478260869565216,0.8695652173913043,0.17391304347826086,7.486507137883634e-06,0.2167624893867875,0.5,0.5,not_in_raw_selection,not_in_raw_selection
2025-09-04,AVGO,0.104802306215626,True,False,False,0.30434782608695654,0.6086956521739131,0.4782608695652174,6.946722686844168e-05,0.2673798474421054,0.5,0.5,not_in_raw_selection,not_in_raw_selection
2025-09-04,CCJ,0.1033940458927442,True,False,False,0.4782608695652174,0.5652173913043478,0.7391304347826086,-3.280406018232665e-06,0.305871261457148,0.5,0.5,low_or_negative_expected_return,low_or_negative_expected_return
2025-09-11,INTC,0.5359609223723851,True,False,False,0.9130434782608695,0.391304347826087,0.7391304347826086,-0.0002209261974816,0.168514134578932,0.5,0.5,low_or_negative_expected_return,low_or_negative_expected_return
2025-09-11,AMD,0.4960493488083548,True,False,False,0.8260869565217391,0.9565217391304348,0.391304347826087,-0.0001356527524626,0.049990057173083,0.5,0.5,low_or_negative_expected_return,low_or_negative_expected_return
2025-09-11,AMAT,0.2947399997309645,True,False,False,0.2608695652173913,0.7391304347826086,0.782608695652174,7.298915114086904e-05,0.0790483647945169,0.5,0.5,not_in_raw_selection,not_in_raw_selection
2025-09-11,TSLA,0.1809333028607136,True,False,False,0.43478260869565216,0.2608695652173913,0.08695652173913043,7.61657189534916e-06,0.2973830876736202,0.5,0.5,not_in_raw_selection,not_in_raw_selection
2025-09-11,AAPL,0.1043776665402342,True,False,False,0.7391304347826086,0.34782608695652173,0.2608695652173913,-0.0001064363282362,0.1691402546149067,0.5,0.5,low_or_negative_expected_return,low_or_negative_expected_return
2025-09-18,AMD,0.4853090189860423,True,False,False,0.9565217391304348,0.8260869565217391,0.9130434782608695,-0.0002127922716528,0.0498296505838805,0.5,0.5,low_or_negative_expected_return,low_or_negative_expected_return
2025-09-18,INTC,0.2051030592200247,True,True,False,0.08695652173913043,0.21739130434782608,0.6956521739130435,0.0002986116817835,0.379458346083028,0.5,0.5,selected,selected
2025-09-18,AMAT,0.2000421996876675,True,False,False,0.21739130434782608,0.17391304347826086,0.34782608695652173,0.0001430636041427,0.4670658096403831,0.5,0.5,not_in_raw_selection,not_in_raw_selection
2025-09-18,CCJ,0.1031351722565996,True,False,False,0.2608695652173913,0.34782608695652173,0.043478260869565216,0.0001160704754336,0.2932133167307965,0.5,0.5,not_in_raw_selection,not_in_raw_selection
2025-09-18,PEP,0.0848433369139209,True,False,False,0.8260869565217391,1.0,0.6086956521739131,-0.0001452696362274,0.0,0.5,0.5,low_or_negative_expected_return,low_or_negative_expected_return
2025-09-25,AMD,0.4571215927802379,True,False,False,0.5652173913043478,0.782608695652174,0.34782608695652173,-0.0001651058041613,0.1160254588200671,0.5,0.5,low_or_negative_expected_return,low_or_negative_expected_return
2025-09-25,AMAT,0.1446392496712403,True,False,False,0.08695652173913043,0.043478260869565216,0.782608695652174,0.0035767403515027,1.0,0.5,0.5,not_in_raw_selection,not_in_raw_selection
2025-09-25,INTC,0.1226830821719868,True,True,False,0.043478260869565216,0.08695652173913043,0.2608695652173913,0.0051235276272107,0.8650339579588697,0.5,0.5,selected,selected
2025-09-25,PEP,0.0828330223667983,True,False,False,0.7391304347826086,0.9130434782608695,0.17391304347826086,-0.0003736093413118,0.0633750595166801,0.5,0.5,low_or_negative_expected_return,low_or_negative_expected_return
2025-09-25,VIST,0.0731839856469307,True,False,False,0.391304347826087,0.8260869565217391,0.4782608695652174,-6.882452458677815e-05,0.1159995589984033,0.5,0.5,low_or_negative_expected_return,low_or_negative_expected_return
2025-10-02,AMD,0.5014434852574634,True,False,False,0.17391304347826086,0.2608695652173913,0.782608695652174,0.0001571340774409,0.4501203058502506,0.5,0.5,not_in_raw_selection,not_in_raw_selection
2025-10-02,YPF,0.4527509839748265,True,False,False,0.391304347826087,0.9130434782608695,0.6521739130434783,-6.810495213910071e-05,0.0644274103221321,0.5,0.5,low_or_negative_expected_return,low_or_negative_expected_return
2025-10-02,VIST,0.3758017398356388,True,False,False,0.6086956521739131,0.8695652173913043,0.043478260869565216,-0.0001783907899286,0.0644318785547591,0.5,0.5,low_or_negative_expected_return,low_or_negative_expected_return
2025-10-02,CCJ,0.2437055227576148,True,False,False,0.2608695652173913,0.4782608695652174,0.34782608695652173,6.173490670411228e-05,0.214445056918056,0.5,0.5,not_in_raw_selection,not_in_raw_selection
2025-10-02,GOOGL,0.1456714078280712,True,False,False,0.5217391304347826,0.17391304347826086,0.08695652173913043,-0.0001357504049216,0.5548807506210651,0.5,0.5,low_or_negative_expected_return,low_or_negative_expected_return
2025-10-09,YPF,0.3734486742456575,True,False,False,0.4782608695652174,1.0,0.9565217391304348,-0.0003431823751206,0.0,0.5,0.5,low_or_negative_expected_return,low_or_negative_expected_return
2025-10-09,VIST,0.2962168172774362,True,False,False,0.43478260869565216,0.5652173913043478,1.0,-0.0003017717673917,0.1395391308646832,0.5,0.5,low_or_negative_expected_return,low_or_negative_expected_return
2025-10-09,GOOGL,0.1789425803798239,True,False,False,0.8260869565217391,0.7391304347826086,0.34782608695652173,-0.000768476858199,6.519417837355113e-05,0.5,0.5,low_or_negative_expected_return,low_or_negative_expected_return
2025-10-09,AMZN,0.0671818188457362,True,False,False,0.6521739130434783,0.6956521739130435,0.17391304347826086,-0.0004801645686799,6.6658265300364e-05,0.5,0.5,low_or_negative_expected_return,low_or_negative_expected_return
2025-10-09,AAPL,0.0619193675927314,True,False,False,0.8695652173913043,0.391304347826087,0.08695652173913043,-0.0007911991247619,0.3434897887766122,0.5,0.5,low_or_negative_expected_return,low_or_negative_expected_return
2025-10-16,YPF,0.4116756202877984,True,False,False,0.4782608695652174,0.8695652173913043,0.9565217391304348,-9.216955385982434e-05,0.0997642422890487,0.5,0.5,low_or_negative_expected_return,low_or_negative_expected_return
2025-10-16,VIST,0.3345494754871716,True,False,False,0.5217391304347826,0.782608695652174,1.0,-0.0001023960954378,0.0997729496440958,0.5,0.5,low_or_negative_expected_return,low_or_negative_expected_return
2025-10-16,CSCO,0.1199884405114797,True,False,False,0.8260869565217391,0.4782608695652174,0.2608695652173913,-0.0005066451143594,0.0998471707844032,0.5,0.5,low_or_negative_expected_return,low_or_negative_expected_return
2025-10-16,GOOGL,0.1078103868866895,True,False,False,0.9565217391304348,0.34782608695652173,0.043478260869565216,-0.0006549305887837,0.2435695008185007,0.5,0.5,low_or_negative_expected_return,low_or_negative_expected_return
2025-10-16,AMZN,0.1077540004607446,True,False,False,0.43478260869565216,0.6521739130434783,0.4782608695652174,-4.706723557344677e-05,0.0998046649045696,0.5,0.5,low_or_negative_expected_return,low_or_negative_expected_return
2025-10-23,YPF,0.3763480536106132,True,False,False,0.34782608695652173,0.30434782608695654,0.6956521739130435,4.765376711865891e-05,0.2390546371567603,0.5,0.5,not_in_raw_selection,not_in_raw_selection
2025-10-23,VIST,0.2561649738428313,True,False,False,0.4782608695652174,0.17391304347826086,0.8260869565217391,-1.684651215346143e-05,0.3411049527487203,0.5,0.5,low_or_negative_expected_return,low_or_negative_expected_return
2025-10-23,GOOGL,0.1437095389317075,True,False,False,0.21739130434782608,0.2608695652173913,0.4782608695652174,0.0001844418827477,0.2706058992904515,0.5,0.5,not_in_raw_selection,not_in_raw_selection
2025-10-23,CSCO,0.0735734459274373,True,False,False,0.17391304347826086,0.21739130434782608,0.6086956521739131,0.0002380639099932,0.3106481427813632,0.5,0.5,not_in_raw_selection,not_in_raw_selection
2025-10-23,AAPL,0.0256954070913224,True,False,False,0.782608695652174,0.5652173913043478,0.9130434782608695,-0.000197966272264,0.0854116743902389,0.5,0.5,low_or_negative_expected_return,low_or_negative_expected_return
2025-10-30,GOOGL,0.1374874953068436,True,False,False,0.08695652173913043,0.043478260869565216,0.8260869565217391,0.0043211259671818,1.0,0.5,0.5,not_in_raw_selection,not_in_raw_selection
2025-10-30,AMAT,0.0847129507190658,True,False,False,0.8695652173913043,0.5652173913043478,0.043478260869565216,-0.0007647190461877,0.1959013927066863,0.5,0.5,low_or_negative_expected_return,low_or_negative_expected_return
2025-10-30,AVGO,0.0703641462758819,True,False,False,0.5217391304347826,0.391304347826087,0.7391304347826086,-0.000130707363377,0.3553273600827626,0.5,0.5,low_or_negative_expected_return,low_or_negative_expected_return
2025-10-30,YPF,0.0644694863370647,True,True,False,0.2608695652173913,0.30434782608695654,0.391304347826087,4.496073224989388e-05,0.3710422532561335,0.5,0.5,selected,selected
2025-10-30,CSCO,0.0552736054982703,True,False,False,0.5652173913043478,0.17391304347826086,0.17391304347826086,-0.0001550544232445,0.6823431837386681,0.5,0.5,low_or_negative_expected_return,low_or_negative_expected_return
2025-11-06,AMAT,0.147604168204873,True,False,False,0.9130434782608695,0.30434782608695654,0.9130434782608695,-0.0009668126479697,0.3988368774220924,0.5,0.5,low_or_negative_expected_return,low_or_negative_expected_return
2025-11-06,TXN,0.1311190219549554,True,False,False,0.4782608695652174,0.9565217391304348,0.6956521739130435,-0.0002916529042511,0.0923359394573791,0.5,0.5,low_or_negative_expected_return,low_or_negative_expected_return
2025-11-06,GOOGL,0.1282528147977941,True,False,False,0.08695652173913043,0.043478260869565216,0.2608695652173913,0.0030963599514824,1.0,0.5,0.5,not_in_raw_selection,not_in_raw_selection
2025-11-06,INTC,0.1119763152791832,True,False,False,0.9565217391304348,0.8695652173913043,0.8695652173913043,-0.0010679140344777,0.1815190819128694,0.5,0.5,low_or_negative_expected_return,low_or_negative_expected_return
2025-11-06,CSCO,0.0975506787143225,True,False,False,0.34782608695652173,0.6521739130434783,0.7391304347826086,-0.0001162759517368,0.1816018826395663,0.5,0.5,low_or_negative_expected_return,low_or_negative_expected_return
2025-11-13,AMAT,0.1611790369402419,True,False,False,0.21739130434782608,0.6521739130434783,0.391304347826087,0.0002792521673515,0.1357017068143771,0.5,0.5,not_in_raw_selection,not_in_raw_selection
2025-11-13,TSLA,0.1417199497616532,True,False,False,0.5652173913043478,0.8695652173913043,0.8695652173913043,-1.6271026124268043e-05,0.1356688529755639,0.5,0.5,low_or_negative_expected_return,low_or_negative_expected_return
2025-11-13,GOOGL,0.1102774900851013,True,False,False,0.08695652173913043,0.08695652173913043,0.6086956521739131,0.001368975308291,0.9312134895623884,0.5,0.5,not_in_raw_selection,not_in_raw_selection
2025-11-13,TXN,0.1059606909580173,True,False,False,0.6521739130434783,1.0,0.2608695652173913,-4.390492818991629e-05,0.0,0.5,0.5,low_or_negative_expected_return,low_or_negative_expected_return
2025-11-13,ADBE,0.0684352102954743,True,False,False,0.6956521739130435,0.6086956521739131,0.13043478260869565,-7.983632222750943e-05,0.1357377060315045,0.5,0.5,low_or_negative_expected_return,low_or_negative_expected_return
2025-11-20,TSLA,0.217518910080128,True,False,False,0.43478260869565216,0.9130434782608695,0.7391304347826086,5.023970126552671e-06,0.1541428322931485,0.5,0.5,not_in_raw_selection,not_in_raw_selection
2025-11-20,AMAT,0.1642828344751501,True,False,False,0.2608695652173913,0.6956521739130435,0.43478260869565216,9.32433422757199e-05,0.1541649527708256,0.5,0.5,not_in_raw_selection,not_in_raw_selection
2025-11-20,TXN,0.1497423281868632,True,False,False,0.7391304347826086,0.5652173913043478,0.13043478260869565,-7.089032631899252e-05,0.154185451482628,0.5,0.5,low_or_negative_expected_return,low_or_negative_expected_return
2025-11-20,ADBE,0.1391164926510173,True,False,False,0.30434782608695654,0.5217391304347826,0.21739130434782608,8.675924349150649e-05,0.1542051481582573,0.5,0.5,not_in_raw_selection,not_in_raw_selection
2025-11-20,META,0.1181702320838022,True,False,False,0.6521739130434783,1.0,0.9565217391304348,-5.806893132014556e-05,0.0,0.5,0.5,low_or_negative_expected_return,low_or_negative_expected_return
2025-11-28,ADBE,0.1031768290241581,True,False,False,0.21739130434782608,0.9565217391304348,0.6086956521739131,9.742603617852328e-05,0.0057241618574184,0.5,0.5,not_in_raw_selection,not_in_raw_selection
2025-11-28,TSLA,0.0685077999414152,True,False,False,0.782608695652174,0.8260869565217391,0.30434782608695654,-0.0001584375586197,0.1165623181567193,0.5,0.5,low_or_negative_expected_return,low_or_negative_expected_return
2025-11-28,NVDA,0.0633898374051025,True,False,False,0.5652173913043478,0.782608695652174,0.21739130434782608,-5.023993431344639e-05,0.1165644940501372,0.5,0.5,low_or_negative_expected_return,low_or_negative_expected_return
2025-11-28,CCJ,0.0489209591814903,True,False,False,0.8695652173913043,0.5652173913043478,0.9130434782608695,-0.0002070375329003,0.1781203880636195,0.5,0.5,low_or_negative_expected_return,low_or_negative_expected_return
2025-11-28,TXN,0.044095786417946,True,False,False,0.4782608695652174,0.30434782608695654,0.9565217391304348,-1.902560698292202e-05,0.4622393506849875,0.5,0.5,low_or_negative_expected_return,low_or_negative_expected_return
2025-12-05,CCJ,0.118549360061209,True,False,False,0.17391304347826086,0.8695652173913043,0.6086956521739131,0.0002831131395888,0.0704898004178099,0.5,0.5,not_in_raw_selection,not_in_raw_selection
2025-12-05,AMAT,0.1045149618120335,True,True,False,0.13043478260869565,0.21739130434782608,0.8695652173913043,0.0009262092025631,0.6022547244603228,0.5,0.5,selected,selected
2025-12-05,TXN,0.0523721549742659,True,False,False,0.21739130434782608,0.17391304347826086,0.5652173913043478,0.0001817637556679,0.6548989790585181,0.5,0.5,not_in_raw_selection,not_in_raw_selection
2025-12-05,AMZN,0.0496666839067339,True,False,False,0.8260869565217391,1.0,0.13043478260869565,-0.0001670819501688,0.0,0.5,0.5,low_or_negative_expected_return,low_or_negative_expected_return
2025-12-05,QCOM,0.0437045906775876,True,False,False,0.9565217391304348,0.5217391304347826,0.782608695652174,-0.0002138931237559,0.1463065760530906,0.5,0.5,low_or_negative_expected_return,low_or_negative_expected_return
2025-12-12,INTC,0.2507272996010257,True,False,False,0.17391304347826086,0.6521739130434783,0.21739130434782608,0.0002943922263135,0.0457414988994995,0.5,0.5,not_in_raw_selection,not_in_raw_selection
2025-12-12,CCJ,0.1905126321144898,True,False,False,1.0,0.43478260869565216,0.34782608695652173,-0.0002624811408303,0.1478984238834699,0.5,0.5,low_or_negative_expected_return,low_or_negative_expected_return
2025-12-12,AMAT,0.1761506314081353,True,True,False,0.043478260869565216,0.08695652173913043,0.17391304347826086,0.0011240009528639,0.7458505610473419,0.5,0.5,selected,selected
2025-12-12,GOOGL,0.0862620580642072,True,False,False,0.5652173913043478,0.17391304347826086,0.7391304347826086,-3.177479138902838e-05,0.6330176314932425,0.5,0.5,low_or_negative_expected_return,low_or_negative_expected_return
2025-12-12,AMZN,0.0725496418276061,True,False,False,0.6521739130434783,0.5217391304347826,0.8260869565217391,-5.413415823632728e-05,0.1340592980396786,0.5,0.5,low_or_negative_expected_return,low_or_negative_expected_return
2025-12-19,INTC,0.473384042630123,True,False,False,0.2608695652173913,0.4782608695652174,0.8260869565217391,0.0002240229130765,0.3054848727247809,0.5,0.5,not_in_raw_selection,not_in_raw_selection
2025-12-19,CCJ,0.3593733163128056,True,True,False,0.782608695652174,0.5652173913043478,0.6521739130434783,-0.0001083333039546,0.2652119869382032,0.5,0.5,selected,selected
2025-12-19,AMAT,0.268437212235167,True,False,False,0.13043478260869565,0.13043478260869565,0.9565217391304348,0.0010273671011523,0.7723079944889106,0.5,0.5,not_in_raw_selection,not_in_raw_selection
2025-12-19,AMD,0.170407213719141,True,False,False,0.391304347826087,0.391304347826087,0.391304347826087,4.741021427838612e-05,0.4274164152184879,0.5,0.5,not_in_raw_selection,not_in_raw_selection
2025-12-19,COST,0.1487108657587508,True,False,False,0.4782608695652174,0.6521739130434783,0.5217391304347826,2.611184366906721e-05,0.2210432425285073,0.5,0.5,not_in_raw_selection,not_in_raw_selection
2025-12-29,CCJ,0.4443128137346199,True,True,False,0.043478260869565216,0.08695652173913043,0.17391304347826086,0.0016654406646791,0.7925701814384619,0.5,0.5,selected,selected
2025-12-29,INTC,0.3298799992761643,True,False,False,0.2608695652173913,0.4782608695652174,0.043478260869565216,9.35230213686499e-05,0.4628756942191947,0.5,0.5,not_in_raw_selection,not_in_raw_selection
2025-12-29,AMAT,0.2801749311048676,True,False,False,0.5652173913043478,0.8260869565217391,0.08695652173913043,-3.887278071603544e-05,0.3644750856972514,0.5,0.5,low_or_negative_expected_return,low_or_negative_expected_return
2025-12-29,VIST,0.2404006865181651,True,False,False,0.08695652173913043,0.8695652173913043,0.30434782608695654,0.0001740341675047,0.3644522788700336,0.5,0.5,not_in_raw_selection,not_in_raw_selection
2025-12-29,TXN,0.2304058009279121,True,False,False,0.4782608695652174,0.30434782608695654,0.21739130434782608,-2.074955277660578e-06,0.5874805870312544,0.5,0.5,low_or_negative_expected_return,low_or_negative_expected_return
2026-01-06,VIST,0.2386140969400292,True,False,False,0.6086956521739131,0.7391304347826086,0.6086956521739131,-2.0291312362794643e-05,0.1869742564200386,0.5,0.5,low_or_negative_expected_return,low_or_negative_expected_return
2026-01-06,INTC,0.2137861479237435,True,False,False,0.21739130434782608,0.8695652173913043,0.4782608695652174,0.0001916194608158,0.1869663094464632,0.5,0.5,not_in_raw_selection,not_in_raw_selection
2026-01-06,PEP,0.1958835970551065,True,False,False,0.2608695652173913,0.4782608695652174,0.2608695652173913,0.0001351004631524,0.1871314790680351,0.5,0.5,not_in_raw_selection,not_in_raw_selection
2026-01-06,TXN,0.1604372258521529,True,False,False,0.9565217391304348,0.30434782608695654,0.5217391304347826,-0.0001713175366381,0.5045402745139104,0.5,0.5,low_or_negative_expected_return,low_or_negative_expected_return
2026-01-06,YPF,0.1482989932926106,True,False,False,0.34782608695652173,0.8260869565217391,0.7391304347826086,6.814981253545029e-05,0.1869681296107188,0.5,0.5,not_in_raw_selection,not_in_raw_selection
2026-01-13,TXN,0.2017185542117188,True,False,False,0.7391304347826086,0.2608695652173913,0.6956521739130435,-8.93667902857729e-05,0.3048251809602315,0.5,0.5,low_or_negative_expected_return,low_or_negative_expected_return
2026-01-13,PEP,0.1789099451723659,True,False,False,0.9130434782608695,0.6086956521739131,0.4782608695652174,-0.0001756208672446,0.0346169347581228,0.5,0.5,low_or_negative_expected_return,low_or_negative_expected_return
2026-01-13,CSCO,0.1334304959844334,True,False,False,0.21739130434782608,0.43478260869565216,0.9130434782608695,0.0002002438209905,0.1916260597731066,0.5,0.5,not_in_raw_selection,not_in_raw_selection
2026-01-13,VIST,0.1221220897086954,True,False,False,0.6086956521739131,0.9130434782608695,0.5217391304347826,-2.54229603081961e-05,0.0345300934603796,0.5,0.5,low_or_negative_expected_return,low_or_negative_expected_return
2026-01-13,YPF,0.1194372560641965,True,False,False,0.34782608695652173,0.34782608695652173,0.391304347826087,7.423055912593804e-05,0.2730743361518365,0.5,0.5,not_in_raw_selection,not_in_raw_selection
2026-01-21,AMAT,0.1370987506971639,True,False,False,0.08695652173913043,0.08695652173913043,0.2608695652173913,0.0009458968208435,0.4886812969354178,0.5,0.5,not_in_raw_selection,not_in_raw_selection
2026-01-21,VIST,0.1256914002332618,True,False,False,0.8695652173913043,0.34782608695652173,0.43478260869565216,-0.0002011758227743,0.2448911275620831,0.5,0.5,low_or_negative_expected_return,low_or_negative_expected_return
2026-01-21,PEP,0.121643656647935,True,False,False,0.30434782608695654,0.30434782608695654,0.21739130434782608,5.153571616177495e-05,0.254819220162549,0.5,0.5,not_in_raw_selection,not_in_raw_selection
2026-01-21,TXN,0.1215986777652424,True,False,False,0.13043478260869565,0.21739130434782608,0.13043478260869565,0.0002124800640759,0.2855622720994876,0.5,0.5,not_in_raw_selection,not_in_raw_selection
2026-01-21,YPF,0.0667774961823959,True,False,False,0.6086956521739131,0.43478260869565216,0.4782608695652174,-8.479132429643866e-05,0.122207912489221,0.5,0.5,low_or_negative_expected_return,low_or_negative_expected_return
2026-01-28,PEP,0.1284848608151831,True,False,False,0.30434782608695654,0.13043478260869565,0.9130434782608695,-9.168041724466772e-05,0.7397295884158802,0.5,0.5,low_or_negative_expected_return,low_or_negative_expected_return
2026-01-28,AMAT,0.1157238343599202,True,False,False,0.08695652173913043,0.08695652173913043,0.4782608695652174,0.0046500742314582,0.90930339274447,0.5,0.5,not_in_raw_selection,not_in_raw_selection
2026-01-28,AAPL,0.0643815692109008,True,False,False,0.6956521739130435,0.782608695652174,0.043478260869565216,-0.0006714870079925,0.2278658225416371,0.5,0.5,low_or_negative_expected_return,low_or_negative_expected_return
2026-01-28,COST,0.0270196716687567,True,False,False,0.6086956521739131,0.17391304347826086,0.9565217391304348,-0.0005392705837461,0.7025390277197316,0.5,0.5,low_or_negative_expected_return,low_or_negative_expected_return
2026-01-28,NFLX,-0.0005907733000755,True,False,False,0.43478260869565216,0.8695652173913043,0.782608695652174,-0.0003554737432526,0.2104146871728703,0.5,0.5,low_or_negative_expected_return,low_or_negative_expected_return
2026-02-04,NFLX,0.2371506192410732,True,False,False,0.30434782608695654,0.6521739130434783,0.9565217391304348,4.560181474198991e-05,0.1449483254803492,0.5,0.5,not_in_raw_selection,not_in_raw_selection
2026-02-04,AMAT,0.1644152945976811,True,False,False,0.2608695652173913,0.34782608695652173,0.6521739130434783,5.8734176244518346e-05,0.4312328615249914,0.5,0.5,not_in_raw_selection,not_in_raw_selection
2026-02-04,AVGO,0.0802467203385077,True,False,False,0.43478260869565216,0.8695652173913043,0.9130434782608695,-1.2921151996085408e-05,0.1449089884536167,0.5,0.5,low_or_negative_expected_return,low_or_negative_expected_return
2026-02-04,VIST,0.0707248495244883,True,True,False,0.8260869565217391,0.4782608695652174,0.34782608695652173,-0.0002453497300941,0.2471510128814814,0.5,0.5,selected,selected
2026-02-04,NVDA,0.0525288120342166,True,False,False,0.34782608695652173,0.8260869565217391,0.08695652173913043,4.090930203842249e-05,0.1449160187743592,0.5,0.5,not_in_raw_selection,not_in_raw_selection
2026-02-11,NFLX,0.1845013100384795,True,False,False,0.6956521739130435,0.6521739130434783,0.43478260869565216,-0.0002104423685607,0.0417736043482364,0.5,0.5,low_or_negative_expected_return,low_or_negative_expected_return
2026-02-11,VIST,0.1127564635298943,True,False,False,0.6521739130434783,0.21739130434782608,0.13043478260869565,-0.0001927975816318,0.3209380903051625,0.5,0.5,low_or_negative_expected_return,low_or_negative_expected_return
2026-02-11,ADBE,0.0490744864577359,True,False,False,0.34782608695652173,0.6956521739130435,0.043478260869565216,2.057205796443171e-06,0.0417640360943383,0.5,0.5,not_in_raw_selection,not_in_raw_selection
2026-02-11,AMZN,0.0267051984483708,True,False,False,0.5217391304347826,0.782608695652174,0.9130434782608695,-7.891228890496937e-05,0.0417599466874216,0.5,0.5,low_or_negative_expected_return,low_or_negative_expected_return
2026-02-11,COST,0.0257427283402074,True,False,False,0.6086956521739131,0.391304347826087,0.6086956521739131,-0.0001507399426208,0.1851403865632908,0.5,0.5,low_or_negative_expected_return,low_or_negative_expected_return
2026-02-19,VIST,0.236191096553529,True,True,False,0.043478260869565216,0.13043478260869565,0.043478260869565216,0.001928962631409,0.8184033239953039,0.5,0.5,selected,selected
2026-02-19,NFLX,0.1914285436853187,True,False,False,0.782608695652174,0.5652173913043478,0.8260869565217391,-7.265210934577233e-05,0.369364453048102,0.5,0.5,low_or_negative_expected_return,low_or_negative_expected_return
2026-02-19,YPF,0.0802597442230621,True,False,False,0.9130434782608695,0.2608695652173913,0.21739130434782608,-0.0001003734116112,0.6756381867215355,0.5,0.5,low_or_negative_expected_return,low_or_negative_expected_return
2026-02-19,INTC,0.0349619321074492,True,False,False,0.21739130434782608,0.6956521739130435,0.391304347826087,0.0002302894188671,0.3693112946629883,0.5,0.5,not_in_raw_selection,not_in_raw_selection
2026-02-19,AMZN,0.0190373615389285,True,False,False,0.8260869565217391,0.9565217391304348,0.7391304347826086,-8.050802653997555e-05,0.1822290142800962,0.5,0.5,low_or_negative_expected_return,low_or_negative_expected_return
2026-02-26,VIST,0.2836853401046635,True,False,False,0.4782608695652174,0.21739130434782608,0.9565217391304348,-2.9929747365340206e-06,0.4195014952762455,0.5,0.5,low_or_negative_expected_return,low_or_negative_expected_return
2026-02-26,YPF,0.203969177917991,True,False,False,0.9130434782608695,0.7391304347826086,1.0,-0.0001558234053173,0.2918980912584011,0.5,0.5,low_or_negative_expected_return,low_or_negative_expected_return
2026-02-26,NFLX,0.1032037325319417,True,False,False,0.6956521739130435,0.2608695652173913,0.4782608695652174,-0.0001062646824669,0.3479460413018805,0.5,0.5,low_or_negative_expected_return,low_or_negative_expected_return
2026-02-26,CSCO,0.0519847025263846,True,False,False,0.17391304347826086,0.4782608695652174,0.6956521739130435,0.0001434821569553,0.2919306055949908,0.5,0.5,not_in_raw_selection,not_in_raw_selection
2026-02-26,AMD,0.0004419265510431,True,False,False,0.8695652173913043,0.8695652173913043,0.30434782608695654,-0.000121474636864,0.1651679503423887,0.5,0.5,low_or_negative_expected_return,low_or_negative_expected_return
2026-03-05,YPF,0.2568093884387106,True,False,False,0.4782608695652174,0.9565217391304348,0.6521739130434783,-1.8758057420285825e-06,0.0120338522650154,0.5,0.5,low_or_negative_expected_return,low_or_negative_expected_return
2026-03-05,VIST,0.1767992446322834,True,False,False,0.043478260869565216,0.08695652173913043,0.6086956521739131,0.0022224661522423,0.9587153844365204,0.5,0.5,not_in_raw_selection,not_in_raw_selection
2026-03-05,INTC,0.096409145410695,True,False,False,0.7391304347826086,0.9130434782608695,0.5217391304347826,-0.0001208435263893,0.1120681367153742,0.5,0.5,low_or_negative_expected_return,low_or_negative_expected_return
2026-03-05,AMD,0.0904988885832966,True,False,False,0.6956521739130435,1.0,0.30434782608695654,-0.0001186357820124,0.0,0.5,0.5,low_or_negative_expected_return,low_or_negative_expected_return
2026-03-05,COST,0.0329645871612176,True,False,False,0.8695652173913043,0.5217391304347826,0.2608695652173913,-0.0002105744339531,0.1122655958099876,0.5,0.5,low_or_negative_expected_return,low_or_negative_expected_return
2026-03-12,INTC,0.3785635595163588,True,False,False,1.0,0.17391304347826086,0.4782608695652174,-0.0002422495120105,0.2083342753148695,0.5,0.5,low_or_negative_expected_return,low_or_negative_expected_return
2026-03-12,AMD,0.2392029254525529,True,False,False,0.8260869565217391,1.0,0.08695652173913043,-0.0001557839366286,0.0,0.5,0.5,low_or_negative_expected_return,low_or_negative_expected_return
2026-03-12,AMAT,0.1844812857576276,True,False,False,0.2608695652173913,0.391304347826087,0.30434782608695654,0.0001027627389919,0.0951901199689675,0.5,0.5,not_in_raw_selection,not_in_raw_selection
2026-03-12,AMZN,0.1376891436624501,True,False,False,0.30434782608695654,0.21739130434782608,0.782608695652174,9.163636091354582e-05,0.1848223487891365,0.5,0.5,not_in_raw_selection,not_in_raw_selection
2026-03-12,TXN,0.1298605223861004,True,False,False,0.7391304347826086,0.782608695652174,0.5217391304347826,-0.0001186402912502,0.0435633346077871,0.5,0.5,low_or_negative_expected_return,low_or_negative_expected_return
2026-03-19,INTC,0.4833261053989779,True,False,False,0.13043478260869565,0.9130434782608695,0.30434782608695654,0.0002831110214566,0.1217459405271001,0.5,0.5,not_in_raw_selection,not_in_raw_selection
2026-03-19,AMD,0.3562138103671601,True,False,False,1.0,0.8260869565217391,0.34782608695652173,-0.0005185800251105,0.1217546707758221,0.5,0.5,low_or_negative_expected_return,low_or_negative_expected_return
2026-03-19,AVGO,0.2710730777880519,True,False,False,0.9130434782608695,0.6956521739130435,0.7391304347826086,-0.0001696069751753,0.1217735834698864,0.5,0.5,low_or_negative_expected_return,low_or_negative_expected_return
2026-03-19,TXN,0.2205641060009775,True,False,False,0.8260869565217391,0.9565217391304348,0.13043478260869565,-0.0001235726725653,0.0683361908576335,0.5,0.5,low_or_negative_expected_return,low_or_negative_expected_return
2026-03-19,AMZN,0.2002299489924017,True,False,False,0.4782608695652174,0.5217391304347826,0.6086956521739131,-1.3915448285751264e-05,0.1218015321941217,0.5,0.5,low_or_negative_expected_return,low_or_negative_expected_return
2026-03-26,INTC,0.8716554143185229,True,False,False,1.0,0.782608695652174,0.13043478260869565,-0.0001948799469904,0.2842217704631276,0.5,0.5,low_or_negative_expected_return,low_or_negative_expected_return
2026-03-26,AMD,0.7068753509644967,True,False,False,0.9565217391304348,0.8260869565217391,0.8695652173913043,-0.0001713682745357,0.2659308622059227,0.5,0.5,low_or_negative_expected_return,low_or_negative_expected_return
2026-03-26,TXN,0.4329145824980485,True,False,False,0.8260869565217391,0.9565217391304348,0.6086956521739131,-0.0001397877298561,0.1130043949764528,0.5,0.5,low_or_negative_expected_return,low_or_negative_expected_return
2026-03-26,AVGO,0.3662982076767358,True,False,False,0.34782608695652173,0.5217391304347826,0.2608695652173913,3.458768247397258e-05,0.2842508242614373,0.5,0.5,not_in_raw_selection,not_in_raw_selection
2026-03-26,AMZN,0.271995753948085,True,False,False,0.5652173913043478,0.34782608695652173,0.391304347826087,-1.3529224852343491e-05,0.2842778644495555,0.5,0.5,low_or_negative_expected_return,low_or_negative_expected_return
2026-04-02,INTC,0.9773719855998588,True,True,False,0.9565217391304348,0.17391304347826086,0.6521739130434783,-0.0002391044001844,0.4092740803610943,0.5,0.5,selected,selected
2026-04-02,AMD,0.6576552117007903,True,False,False,0.8260869565217391,0.21739130434782608,0.21739130434782608,-0.0001611684473912,0.3736893484635713,0.5,0.5,low_or_negative_expected_return,low_or_negative_expected_return
2026-04-02,TXN,0.4420895779500431,True,False,False,0.7391304347826086,0.6521739130434783,0.9130434782608695,-0.0001594265958246,0.2488981897856075,0.5,0.5,low_or_negative_expected_return,low_or_negative_expected_return
2026-04-02,QCOM,0.3959778410619057,True,False,False,0.4782608695652174,0.5217391304347826,0.782608695652174,-1.1470625083355769e-05,0.2489149195488535,0.5,0.5,low_or_negative_expected_return,low_or_negative_expected_return
2026-04-02,AVGO,0.33931017367127,True,False,False,0.30434782608695654,0.782608695652174,0.2608695652173913,4.019938878247901e-05,0.2488861613136331,0.5,0.5,not_in_raw_selection,not_in_raw_selection
2026-04-10,INTC,1.002564861012749,True,True,False,0.043478260869565216,0.2608695652173913,0.21739130434782608,0.0016275731167489,0.5591380899651411,0.5,0.5,selected,selected
2026-04-10,AMD,0.8576151441119311,True,True,False,0.4782608695652174,0.34782608695652173,0.5217391304347826,8.33629616565086e-06,0.4730306873502723,0.5,0.5,selected,selected
2026-04-10,QCOM,0.7108386733932754,True,False,False,0.30434782608695654,0.8260869565217391,0.34782608695652173,0.0001039932795993,0.1118965954711806,0.5,0.5,not_in_raw_selection,not_in_raw_selection
2026-04-10,TXN,0.3402877731071387,True,False,False,0.08695652173913043,0.13043478260869565,0.30434782608695654,0.0011629054476377,0.7139284168971084,0.5,0.5,not_in_raw_selection,not_in_raw_selection
2026-04-10,GOOGL,0.2633967977897746,True,False,False,0.8695652173913043,0.30434782608695654,0.9565217391304348,-0.000194754306375,0.4869241307581301,0.5,0.5,low_or_negative_expected_return,low_or_negative_expected_return
2026-04-17,INTC,0.5878831626725023,True,True,False,0.30434782608695654,0.43478260869565216,0.43478260869565216,-0.0001368305935801,0.3865922760296896,0.5,0.5,selected,selected
2026-04-17,AMD,0.523402362829309,True,True,False,0.391304347826087,0.4782608695652174,0.5652173913043478,-0.0002083456443124,0.3686837866174166,0.5,0.5,selected,selected
2026-04-17,QCOM,0.4793686491030755,True,False,False,0.7391304347826086,0.6956521739130435,0.2608695652173913,-0.0006300135435421,0.1653754239068548,0.5,0.5,low_or_negative_expected_return,low_or_negative_expected_return
2026-04-17,CSCO,0.3705507140228714,True,False,False,0.8260869565217391,0.6086956521739131,0.391304347826087,-0.0007798643101254,0.1789111972829457,0.5,0.5,low_or_negative_expected_return,low_or_negative_expected_return
2026-04-17,TXN,0.3172482870877797,True,False,False,0.2608695652173913,0.2608695652173913,0.30434782608695654,1.3752944272532245e-05,0.4985377817085252,0.5,0.5,not_in_raw_selection,not_in_raw_selection
2026-04-24,QCOM,0.5999999589955298,True,False,False,0.6521739130434783,0.5652173913043478,0.2608695652173913,-0.0008513374056886,0.4039634499475654,0.5,0.5,low_or_negative_expected_return,low_or_negative_expected_return
2026-04-24,INTC,0.4519020475967361,True,True,False,0.21739130434782608,0.4782608695652174,0.9130434782608695,0.00120059635388,0.4853200134229784,0.5,0.5,selected,selected
2026-04-24,CSCO,0.3527693604345832,True,False,False,0.6086956521739131,0.5217391304347826,1.0,-0.0007368068508711,0.4377142349017188,0.5,0.5,low_or_negative_expected_return,low_or_negative_expected_return
2026-04-24,AMD,0.3441534546081184,True,True,False,0.13043478260869565,0.34782608695652173,0.782608695652174,0.0023139601512613,0.5950774394966307,0.5,0.5,selected,selected
2026-04-24,AAPL,0.1393049882156167,True,False,False,0.8260869565217391,0.6086956521739131,0.34782608695652173,-0.0012834915658816,0.4005657425996497,0.5,0.5,low_or_negative_expected_return,low_or_negative_expected_return
2026-05-01,AMD,0.4149053996576146,True,True,False,0.08695652173913043,0.13043478260869565,0.9565217391304348,0.0088717251972265,0.9325627133067196,0.5,0.5,selected,selected
2026-05-01,CSCO,0.3209581257123226,True,False,False,0.8260869565217391,0.4782608695652174,0.391304347826087,-0.0019020216880051,0.3706652311165203,0.5,0.5,low_or_negative_expected_return,low_or_negative_expected_return
2026-05-01,QCOM,0.293655796844402,True,False,False,0.2608695652173913,0.43478260869565216,0.043478260869565216,-0.0001571612502676,0.5705291897312822,0.5,0.5,low_or_negative_expected_return,low_or_negative_expected_return
2026-05-01,YPF,0.2618718379585583,True,False,False,0.782608695652174,0.8695652173913043,0.13043478260869565,-0.001899618349951,0.1449974592268822,0.5,0.5,low_or_negative_expected_return,low_or_negative_expected_return
2026-05-01,AMAT,0.1775728108354819,True,False,False,0.9565217391304348,0.6521739130434783,0.08695652173913043,-0.0022981324667169,0.2211285823049015,0.5,0.5,low_or_negative_expected_return,low_or_negative_expected_return
2026-05-08,CSCO,0.2855959606317868,True,False,False,0.34782608695652173,0.34782608695652173,0.391304347826087,-0.0001836437239271,0.5922872224996072,0.5,0.5,low_or_negative_expected_return,low_or_negative_expected_return
2026-05-08,YPF,0.263629980298083,True,False,False,0.8695652173913043,0.9565217391304348,0.21739130434782608,-0.0016026110171676,0.0032476502882507,0.5,0.5,low_or_negative_expected_return,low_or_negative_expected_return
2026-05-08,VIST,0.134181875829584,True,False,False,0.782608695652174,0.9130434782608695,0.17391304347826086,-0.0015782428053909,0.0032498262537896,0.5,0.5,low_or_negative_expected_return,low_or_negative_expected_return
2026-05-08,AMAT,0.1302820380953901,True,False,False,1.0,0.6086956521739131,0.4782608695652174,-0.0024083028616654,0.2495944513742689,0.5,0.5,low_or_negative_expected_return,low_or_negative_expected_return
2026-05-08,AMD,0.0771984972042147,True,True,False,0.08695652173913043,0.13043478260869565,0.9130434782608695,0.008631131613441,0.808339946215811,0.5,0.5,selected,selected
2026-05-15,AMAT,0.341624377829177,True,False,False,1.0,0.5652173913043478,0.6086956521739131,-0.0012938780165089,0.3364590397408364,0.5,0.5,low_or_negative_expected_return,low_or_negative_expected_return
2026-05-15,AMD,0.290403211246472,True,True,False,0.043478260869565216,0.17391304347826086,0.9130434782608695,0.0038300748414716,0.7035650210478016,0.5,0.5,selected,selected
2026-05-15,YPF,0.2045350512227519,True,False,False,0.782608695652174,0.6521739130434783,0.391304347826087,-0.0007250162796133,0.2085550001273719,0.5,0.5,low_or_negative_expected_return,low_or_negative_expected_return
2026-05-15,INTC,0.1755079944511708,True,True,False,0.13043478260869565,0.21739130434782608,0.6956521739130435,0.0027596674738229,0.6900374246581704,0.5,0.5,selected,selected
2026-05-15,QCOM,0.0958856098998177,True,False,False,0.2608695652173913,0.391304347826087,0.34782608695652173,1.478079347202393e-05,0.4788532391759738,0.5,0.5,not_in_raw_selection,not_in_raw_selection
