date,ticker,model_mode,selected_x,weight_x,realized_return_1d,realized_return_5d,realized_return_10d,realized_return_20d,realized_return_30d,winner_forward_return_20d,selected_y,weight_y,expected_daily_return,signal_strength,target_confidence,quality_score,selected_by_raw,raw_equal_weight_proxy,raw_weight_proxy,miss_reason
2022-01-03,VIST,baseline,False,0.0,0.07649250694016,0.0541044691472576,0.1455223346160192,0.2089551973247301,0.2854477042648902,0.2089551973247301,False,0.0,-2.587432488483803e-06,0.1749113230162574,0.5,0.5,False,,0.0,low_or_negative_expected_return
2022-01-03,YPF,baseline,False,0.0,0.0297029422505346,-0.0321781874380789,0.0321782464525792,0.0816831502034702,0.0247524518754453,0.0816831502034702,False,0.0,-0.0001236064206204,0.2497831036809775,0.5,0.5,False,,0.0,low_or_negative_expected_return
2022-01-03,PEP,baseline,True,0.1284297878047557,0.0014452538222615,0.0068794223077714,0.0056654584953959,-0.0036998462565376,-0.0405826638169714,-0.0036998462565376,True,0.1284297878047557,0.0002482793524365,0.3100841070952208,0.5,0.5,False,,0.0,not_in_raw_selection
2022-01-03,AAPL,baseline,False,0.0,-0.0126915973205361,-0.0539530375353144,-0.0670841812185184,-0.0406570744454719,-0.0506565655676498,-0.0406570744454719,False,0.0,-0.0002089590044427,0.3670149464662823,0.5,0.5,False,,0.0,low_or_negative_expected_return
2022-01-03,QCOM,baseline,False,0.0,0.0054776272858376,-0.0350680081770258,-0.039471595717247,-0.0487621583355997,-0.070941443733289,-0.0487621583355997,False,0.0,-0.0002434520676648,0.0956598092038662,0.5,0.5,False,,0.0,low_or_negative_expected_return
2022-01-10,VIST,baseline,False,0.0,0.0566371131721916,0.0867256217428962,0.0212389174395719,0.1716813758971396,0.3982300817737734,0.1716813758971396,False,0.0,-2.8153651537581537e-06,0.2137953962428816,0.5,0.5,False,,0.0,low_or_negative_expected_return
2022-01-10,YPF,baseline,False,0.0,0.0460358216894924,0.0664961597841038,0.0051150845236527,0.035805652642187,0.1355498618300339,0.035805652642187,False,0.0,-0.0001155928272046,0.1127806547342874,0.5,0.5,False,,0.0,low_or_negative_expected_return
2022-01-10,AAPL,baseline,False,0.0,0.0167837815707787,-0.0138800125196683,-0.0720715691164027,0.0153318970452236,-0.0703873334417993,0.0153318970452236,False,0.0,-0.0002016919303028,0.1128990319623176,0.5,0.5,False,,0.0,low_or_negative_expected_return
2022-01-10,GOOGL,baseline,False,0.0,0.0076909330749954,-0.0192651854499262,-0.0846220511707727,0.0052607637190955,-0.079913013471622,0.0052607637190955,False,0.0,0.0001097430385996,0.1128842589760692,0.5,0.5,False,,0.0,not_in_raw_selection
2022-01-10,COST,baseline,False,0.0,0.0062259860830899,-0.0592328087737216,-0.0799537036328977,0.0045297545805484,-0.0453738985759913,0.0045297545805484,False,0.0,0.0001847999406235,0.1128461276140502,0.5,0.5,False,,0.0,not_in_raw_selection
2022-01-18,VIST,baseline,True,0.254738349319183,0.0065146519092551,-0.0602605689909993,0.0553746188894461,0.1221498397897007,0.4250814642131764,0.1221498397897007,True,0.254738349319183,0.0024645235110761,1.0,0.5,0.5,True,0.5,0.5,selected
2022-01-18,COST,baseline,False,0.0,0.0042821650716642,-0.0220255287943946,0.0416743418621481,0.0529636634048804,0.0818120189246873,0.0529636634048804,False,0.0,0.0001593901311555,0.0001273299366255,0.5,0.5,False,,0.0,not_in_raw_selection
2022-01-18,AVGO,baseline,False,0.0,-0.023918724545962,-0.0755464427298916,0.025839838831861,0.0432337203423278,0.0138285500901929,0.0432337203423278,False,0.0,-0.0001202315682208,0.0001053762606986,0.5,0.5,False,,0.0,low_or_negative_expected_return
2022-01-18,NVDA,baseline,False,0.0,-0.0322742711826665,-0.1381693429289594,-0.0488360188244553,0.022854532837647,-0.0649731912329264,0.022854532837647,False,0.0,-1.644889515537395e-05,2.068378212383485e-05,0.5,0.5,False,,0.0,low_or_negative_expected_return
2022-01-18,CCJ,baseline,False,0.0,0.0111213981448869,-0.07275253477177,-0.0620945392643803,0.0180722609373142,0.1617238083158809,0.0180722609373142,False,0.0,-0.0001746211949046,0.1276231094436654,0.5,0.5,False,,0.0,low_or_negative_expected_return
2022-01-25,VIST,baseline,False,0.0,0.017331006059468,0.123050266983357,0.1473136754666124,0.3691508009500712,0.4159445586310129,0.3691508009500712,False,0.0,0.0001006137720686,1.0,0.5,0.5,True,0.5,0.5,selected
2022-01-25,YPF,baseline,False,0.0,0.005089053584423,0.1119592395236117,0.0305343821728425,0.1297709877353965,0.1832061110381431,0.1297709877353965,False,0.0,-6.516112244423625e-05,0.1845163613430924,0.5,0.5,True,0.5,0.5,selected
2022-01-25,AVGO,baseline,False,0.0,0.0430224336816604,0.1096715792420597,0.1237128414473196,0.058130816959669,0.1177219086198129,0.058130816959669,False,0.0,-0.0001289455607553,0.0125736106676623,0.5,0.5,False,,0.0,low_or_negative_expected_return
2022-01-25,COST,baseline,False,0.0,0.01288442512804,0.0651344922920291,0.0918252250425202,0.0375848532768929,0.1054429236519667,0.0375848532768929,False,0.0,9.80872111685026e-05,0.0127171591849503,0.5,0.5,False,,0.0,not_in_raw_selection
2022-01-25,AMZN,baseline,False,0.0,-0.0079543306705535,0.0800616124355007,0.1530689258329025,0.0345820559177216,-0.0050504015534129,0.0345820559177216,False,0.0,-5.307539005982413e-05,0.0126667647948474,0.5,0.5,False,,0.0,low_or_negative_expected_return
2022-02-01,VIST,baseline,True,0.1316605062239404,-0.0138889123955217,0.0216049176039374,0.0632715812045214,0.3503086380007572,0.1543209872000865,0.3503086380007572,True,0.1316605062239404,0.0025953362717647,1.0,0.5,0.5,True,0.5,0.5,selected
2022-02-01,CCJ,baseline,False,0.0,-0.0207509921464165,-0.0197628272259696,0.0854742866501896,0.2386363625654932,0.2252964188492412,0.2386363625654932,False,0.0,-1.3446530120359051e-06,0.3306458421544159,0.5,0.5,False,,0.0,low_or_negative_expected_return
2022-02-01,YPF,baseline,True,0.0538124560891184,-0.0137299643823365,-0.0732264767057949,-0.0526315846903188,0.0709382038667676,-0.0137299643823365,0.0709382038667676,True,0.0538124560891184,0.0005170021945173,0.8031255187011255,0.5,0.5,True,0.5,0.5,selected
2022-02-01,COST,baseline,True,0.15858784424854,0.0267697641098854,0.0250585564016954,0.0108376688270452,0.03853188606987,0.0688027590613185,0.03853188606987,True,0.15858784424854,0.0001999566945204,0.3871379397688337,0.5,0.5,False,,0.0,not_in_raw_selection
2022-02-01,CSCO,baseline,False,0.0,0.0144482436787598,-0.0005417876083722,-0.0198663264464623,0.0140870978696185,0.007946585694313,0.0140870978696185,False,0.0,-6.192737267309862e-05,0.0,0.5,0.5,False,,0.0,low_or_negative_expected_return
2022-02-08,CCJ,baseline,False,0.0,0.1481855096495112,0.107358827841983,0.0347782524572015,0.3634072091240481,0.4637097123076092,0.3634072091240481,False,0.0,4.736258378648443e-05,0.168425944062197,0.5,0.5,False,,0.0,not_in_raw_selection
2022-02-08,VIST,baseline,True,0.1367222007012172,0.0181268712437367,0.0407854963132996,0.1933535093558764,0.2341390056691761,0.3882174832707226,0.2341390056691761,True,0.1367222007012172,0.0033994064148868,0.9895009629274988,0.5,0.5,True,0.5,0.5,selected
2022-02-08,YPF,baseline,False,0.0,0.0049382666628676,0.0222221411141223,0.0962962587947016,0.1481481176235943,0.1481481176235943,0.1481481176235943,False,0.0,-2.224209348680541e-05,0.3542655099640135,0.5,0.5,True,0.5,0.5,selected
2022-02-08,COST,baseline,True,0.1503027616029654,0.0147366253784906,-0.0138732441047759,-0.0496786211946282,0.0124724161863141,0.0630720398682582,0.0124724161863141,True,0.1503027616029654,0.0013442145786375,1.0,0.5,0.5,False,,0.0,not_in_raw_selection
2022-02-08,CSCO,baseline,False,0.0,0.0171666201720281,-0.0193350143092506,-0.0162631283591859,0.0104806291065813,-0.0155403073361094,0.0104806291065813,False,0.0,0.0001496640722211,0.0381253059129604,0.5,0.5,False,,0.0,not_in_raw_selection
2022-02-15,CCJ,baseline,False,0.0,-0.020027248086509,-0.065543863073026,0.1411015238214135,0.128812016939201,0.2776513687809645,0.128812016939201,False,0.0,8.660893500174631e-05,0.3208469751867711,0.5,0.5,False,,0.0,not_in_raw_selection
2022-02-15,VIST,baseline,True,0.121769664725284,0.0449927356729635,0.1465892958568386,0.2699564832449177,0.0856313735879408,0.307692366252192,0.0856313735879408,True,0.121769664725284,0.0010392967754574,0.7560006511776265,0.5,0.5,True,0.5,0.5,selected
2022-02-15,TXN,baseline,False,0.0,0.0124571664381567,-0.0031894974131131,0.0236505264360336,0.0611422264792931,0.1280616177034645,0.0611422264792931,False,0.0,-8.870103391268991e-05,0.3208893517031241,0.5,0.5,False,,0.0,low_or_negative_expected_return
2022-02-15,COST,baseline,False,0.0,-0.0029575781184587,-0.0363091021268837,0.0273972944389384,0.0573436190813254,0.1217115307304634,0.0573436190813254,False,0.0,5.608118862433629e-05,0.3209273348253061,0.5,0.5,False,,0.0,not_in_raw_selection
2022-02-15,YPF,baseline,False,0.0,0.0603864753774068,0.0724638165241127,0.1304347776009538,0.0410628216851265,0.178744027009716,0.0410628216851265,False,0.0,-2.341319918938522e-05,0.3208614678738463,0.5,0.5,False,,0.0,low_or_negative_expected_return
2022-02-23,CCJ,baseline,False,0.0,0.0842669013334067,0.2211397397142767,0.3175839421503874,0.4145153406846926,0.3755479214127795,0.4145153406846926,False,0.0,-1.637697094762355e-06,0.0871769882304641,0.5,0.5,False,,0.0,low_or_negative_expected_return
2022-02-23,TSLA,baseline,False,0.0,0.0480734550026278,0.1516281993549944,0.1242474555303465,0.3076672361651764,0.3687242027120718,0.3076672361651764,False,0.0,2.722615673286554e-06,0.0871599874779806,0.5,0.5,False,,0.0,not_in_raw_selection
2022-02-23,VIST,baseline,True,0.183479989261045,0.0354430641048399,0.1075949233381667,0.0341772123629267,0.16329107208142,0.1569620548083865,0.16329107208142,True,0.183479989261045,0.0048786864451249,1.0,0.5,0.5,True,0.5,0.5,selected
2022-02-23,NVDA,baseline,False,0.0,0.0607942160142487,0.0818778869128886,0.0280073628925381,0.1450396111179506,0.0902309615509955,0.1450396111179506,False,0.0,-3.519671117871148e-05,0.0871651756634674,0.5,0.5,False,,0.0,low_or_negative_expected_return
2022-02-23,AMZN,baseline,False,0.0,0.0450952242781925,0.0498906270972974,-0.038307698499544,0.1282979654596137,0.0961768265148321,0.1282979654596137,False,0.0,-9.774766481423353e-06,0.406311198685312,0.5,0.5,False,,0.0,low_or_negative_expected_return
2022-03-02,TSLA,baseline,False,0.0,-0.0461421044882577,-0.02377568024123,-0.0450738210201185,0.2433258816043917,0.1619293821654825,0.2433258816043917,False,0.0,-0.000493908220504,0.2665787035453604,0.5,0.5,False,,0.0,low_or_negative_expected_return
2022-03-02,NVDA,baseline,False,0.0,-0.0208917681996463,-0.0497935346234581,0.0113955815188779,0.1432700792352965,-0.0832782929623007,0.1432700792352965,False,0.0,-8.287121986203914e-05,0.2532070416811131,0.5,0.5,False,,0.0,low_or_negative_expected_return
2022-03-02,CCJ,baseline,True,0.101974685449495,-0.0207419411285844,0.0789788418962409,-0.0107698628261018,0.1196649396297901,0.2600718203881649,0.1196649396297901,True,0.101974685449495,0.0030887871550987,0.8097303512245929,0.5,0.5,True,0.5,0.5,selected
2022-03-02,TXN,baseline,False,0.0,0.0052909692192291,0.0138741947423293,0.0366254879717509,0.1019987667382451,0.0294532294360241,0.1019987667382451,False,0.0,-0.0003416991991858,0.2666191703385355,0.5,0.5,False,,0.0,low_or_negative_expected_return
2022-03-02,META,baseline,False,0.0,-0.0246984737618263,-0.0461775050798474,-0.0215270564336167,0.0948537092656285,0.0330594630850733,0.0948537092656285,False,0.0,-0.0001693201551766,0.0,0.5,0.5,False,,0.0,low_or_negative_expected_return
2022-03-09,TSLA,baseline,False,0.0,-0.0240637553301487,-0.0218168512582759,0.1631489399709642,0.2174581280830181,0.1744065891279942,0.2174581280830181,False,0.0,4.94372392975827e-06,0.2373675472740749,0.5,0.5,False,,0.0,not_in_raw_selection
2022-03-09,AMZN,baseline,False,0.0,0.0541251556099731,0.0992611682851125,0.17324217288546,0.1398415322703012,0.064740541219785,0.1398415322703012,False,0.0,-8.626929122081591e-06,0.2373941625996232,0.5,0.5,False,,0.0,low_or_negative_expected_return
2022-03-09,META,baseline,False,0.0,-0.0165742734817774,0.0258438533139169,0.0753652731177187,0.1249370430819032,-0.0525440437067065,0.1249370430819032,False,0.0,-4.108179019273361e-05,0.0,0.5,0.5,False,,0.0,low_or_negative_expected_return
2022-03-09,VIST,baseline,True,0.1227708796447626,0.0403916671510911,-0.0844553305724636,0.1248469393591542,0.1187270817589536,0.1077111513125104,0.1187270817589536,True,0.1227708796447626,0.0018223756436664,0.9133947567440932,0.5,0.5,True,0.5,0.5,selected
2022-03-09,COST,baseline,True,0.156899239377389,0.0096085398549776,0.0298303600987297,0.0499762984877532,0.1082913881729337,0.121463020666932,0.1082913881729337,True,0.156899239377389,0.0002446052454672,0.3248620879624961,0.5,0.5,False,,0.0,not_in_raw_selection
2022-03-16,CCJ,baseline,False,0.0,0.0935484545784135,0.1709678148751972,0.1318548612242318,0.2737903679198716,0.0641129113508935,0.2737903679198716,False,0.0,-2.7941384914818928e-06,0.4655283899985484,0.5,0.5,True,0.5,0.5,selected
2022-03-16,TSLA,baseline,False,0.0,0.0373350104690226,0.1890911650514211,0.3020125628272114,0.2167740373467783,0.0443688033584555,0.2167740373467783,False,0.0,3.0117318123890227e-05,0.170486026518059,0.5,0.5,False,,0.0,not_in_raw_selection
2022-03-16,VIST,baseline,True,0.1310406339780376,0.0641711253809518,0.2286095664370899,0.2045454820731223,0.2139037300204116,0.143048150926865,0.2139037300204116,True,0.1310406339780376,0.0002719332755919,0.5632498584933444,0.5,0.5,True,0.5,0.5,selected
2022-03-16,YPF,baseline,False,0.0,0.0394431736777034,0.0788863473554069,0.1322506216308163,0.1925753908875422,0.004640366865902,0.1925753908875422,False,0.0,-0.0002154542384688,0.2914082232439055,0.5,0.5,False,,0.0,low_or_negative_expected_return
2022-03-16,COST,baseline,True,0.1766093723945705,0.0172987414665464,0.0195623853884947,0.0608770039252368,0.0877822759365429,0.0342479339882657,0.0877822759365429,True,0.1766093723945705,0.000874097738551,1.0,0.5,0.5,False,,0.0,not_in_raw_selection
2022-03-23,PEP,baseline,False,0.0,0.0060558204002771,0.0274040317066968,0.0545021035904544,0.0694886280110045,0.0422681908655404,0.0694886280110045,False,0.0,5.0953273188663326e-05,0.8262730967384764,0.5,0.5,False,,0.0,not_in_raw_selection
2022-03-23,COST,baseline,False,0.0,0.0073823430131152,0.0405219132530076,0.0555394343369177,0.0680841294057197,-0.0662431156153575,0.0680841294057197,False,0.0,5.11476673155272e-05,0.7676827974488031,0.5,0.5,False,,0.0,not_in_raw_selection
2022-03-23,YPF,baseline,False,0.0,0.0301074975514668,0.0494623686787929,0.0903225952000239,0.0258064264726858,-0.1096774663273499,0.0258064264726858,False,0.0,-8.937807510181219e-05,0.3826640188994841,0.5,0.5,False,,0.0,low_or_negative_expected_return
2022-03-23,TSLA,baseline,False,0.0,0.0148231284201352,0.0949644578100175,0.0466915166628698,0.0096785964120045,-0.1259421608060738,0.0096785964120045,False,0.0,-0.0005442568825641,0.2959433017403408,0.5,0.5,True,0.5,0.5,selected
2022-03-23,TXN,baseline,True,0.1174273932423285,0.0286464419832437,0.0467388599039875,-0.0102189067028328,-0.0103306124893886,-0.0491400656789126,-0.0103306124893886,True,0.1174273932423285,0.0001285961117566,0.5262862906717417,0.5,0.5,False,,0.0,not_in_raw_selection
2022-03-30,PEP,baseline,False,0.0,-0.0034532139073009,0.0263752827976964,0.0300071033857411,0.0567991956703415,0.0145271915044269,0.0567991956703415,False,0.0,-0.0001748752880613,0.7534693526485579,0.5,0.5,False,,0.0,low_or_negative_expected_return
2022-03-30,COST,baseline,True,0.1459526339466293,-0.0010755028860068,0.0144326812272126,0.0253613490647424,-0.0251009964759757,-0.1566256398702197,-0.0251009964759757,True,0.1459526339466293,0.001074971252059,0.7777430545670624,0.5,0.5,False,,0.0,not_in_raw_selection
2022-03-30,QCOM,baseline,False,0.0,0.0005893511372858,-0.0880638861028724,-0.0800759252907766,-0.0297256165333225,-0.1372355924927115,-0.0297256165333225,False,0.0,-1.4726822564354217e-05,1.541984385521905e-05,0.5,0.5,False,,0.0,low_or_negative_expected_return
2022-03-30,VIST,baseline,False,0.0,0.0088790146141852,0.0144284252096018,0.0077691113258613,-0.0510543869546671,-0.1087680877930749,-0.0510543869546671,False,0.0,-0.0008195290165818,0.175200773305256,0.5,0.5,False,,0.0,low_or_negative_expected_return
2022-03-30,CCJ,baseline,False,0.0,0.0366940041982055,0.0060562906356316,0.1254008014261831,-0.0598503855874837,-0.2664766520683487,-0.0598503855874837,False,0.0,-0.0001777296723318,0.5148491541101021,0.5,0.5,False,,0.0,low_or_negative_expected_return
2022-04-06,QCOM,baseline,False,0.0,-0.0004307693790895,0.0087593425574072,-0.0227598951516971,0.0169442894244364,-0.0625358381060871,0.0169442894244364,False,0.0,9.6715352710661e-05,1.906738694693837e-05,0.5,0.5,False,,0.0,not_in_raw_selection
2022-04-06,PEP,baseline,True,0.1510097232138318,0.0009281493281272,0.0035384918644427,0.0142119435983321,-0.0116016010620166,-0.064910972104094,-0.0116016010620166,True,0.1510097232138318,0.0011506912018178,1.0,0.5,0.5,False,,0.0,not_in_raw_selection
2022-04-06,AVGO,baseline,True,0.0967734800739114,0.0017441784203591,-0.0157142713209098,-0.0153987033451282,-0.0365614648792169,-0.0926744569711975,-0.0365614648792169,True,0.0967734800739114,7.2980845203282865e-06,0.3840028568297456,0.5,0.5,False,,0.0,not_in_raw_selection
2022-04-06,TXN,baseline,False,0.0,0.0019746465642629,-0.0120733392927979,-0.0001128590829954,-0.0393229970138399,-0.0543300698607193,-0.0393229970138399,False,0.0,0.0001235653268597,6.91040743294297e-05,0.5,0.5,False,,0.0,not_in_raw_selection
2022-04-06,AMAT,baseline,False,0.0,0.0257269726616671,-0.020698912116,-0.0305036397703394,-0.04910752133104,-0.0719852831264239,-0.04910752133104,False,0.0,9.004006848844572e-05,1.929535641535955e-05,0.5,0.5,False,,0.0,not_in_raw_selection
2022-04-13,PEP,baseline,False,0.0,-0.0063584167833272,0.0106358169820266,0.0260115606936415,-0.0150289370145412,-0.016705198784095,-0.0150289370145412,False,0.0,5.449892390048179e-05,0.8880886730197253,0.5,0.5,False,,0.0,not_in_raw_selection
2022-04-13,AVGO,baseline,False,0.0,-0.0315422291302027,0.0003206060664977,-0.0229520466673675,-0.0353900169580008,-0.0706787661765234,-0.0353900169580008,False,0.0,-0.00012449187118,8.322947318225228e-05,0.5,0.5,False,,0.0,low_or_negative_expected_return
2022-04-13,TXN,baseline,False,0.0,-0.0082804919375716,0.0121066478773239,0.0042259464941165,-0.0525955495503707,-0.0055964577929487,-0.0525955495503707,False,0.0,0.0001020083245353,0.0001063446218261,0.5,0.5,False,,0.0,not_in_raw_selection
2022-04-13,QCOM,baseline,False,0.0,-0.0255515753586521,-0.0312455472572842,0.0547331134619661,-0.0621352009077513,-0.0402847235737322,-0.0621352009077513,False,0.0,0.0001011113707197,3.3392973770156504e-05,0.5,0.5,False,,0.0,not_in_raw_selection
2022-04-13,CSCO,baseline,False,0.0,-0.0187920101296119,0.0120804838923223,-0.0291467001589518,-0.074017267447942,-0.1372962538430422,-0.074017267447942,False,0.0,-8.626017115542828e-05,0.0001480863799291,0.5,0.5,False,,0.0,low_or_negative_expected_return
2022-04-21,AMD,baseline,False,0.0,-0.019031709666252,-0.0023372185647074,0.0447412837031799,0.0759042828118525,0.1830829700278147,0.0759042828118525,False,0.0,-5.216228795114525e-05,0.2536552688423797,0.5,0.5,False,,0.0,low_or_negative_expected_return
2022-04-21,META,baseline,False,0.0,-0.0210560246697945,0.0939011416789907,0.1074599386825012,0.0171212093184165,0.014409482371138,0.0171212093184165,False,0.0,-4.139860351638483e-05,0.2536441210236389,0.5,0.5,False,,0.0,low_or_negative_expected_return
2022-04-21,QCOM,baseline,False,0.0,-0.0242451181908732,0.0887517579669745,0.040628893942392,-0.0407023235713032,0.0375431679335613,-0.0407023235713032,False,0.0,3.751639581023077e-05,0.0958699960673332,0.5,0.5,False,,0.0,not_in_raw_selection
2022-04-21,AMAT,baseline,False,0.0,-0.0249805456708511,-0.0091624614540495,-0.0191892226973328,-0.0427867963797801,-0.0063099951726884,-0.0427867963797801,False,0.0,-7.752278301752657e-05,0.0,0.5,0.5,False,,0.0,low_or_negative_expected_return
2022-04-21,TXN,baseline,False,0.0,-0.0221181417561598,-0.0077864337713179,-0.0392145636505382,-0.0542233303730668,-0.0276476556712064,-0.0542233303730668,False,0.0,-2.38648634071488e-05,0.2537360187486817,0.5,0.5,False,,0.0,low_or_negative_expected_return
2022-04-28,AMD,baseline,False,0.0,-0.0459616552279651,0.0471887927904433,-0.028781814464767,0.1016287446718076,0.0577867061629404,0.1016287446718076,False,0.0,7.479363955509495e-05,0.0,0.5,0.5,False,,0.0,not_in_raw_selection
2022-04-28,VIST,baseline,True,0.0681438864928226,-0.0105263334011873,-0.0187134320283982,-0.0608187656331477,0.0912280369088682,0.0152046914082868,0.0912280369088682,True,0.0681438864928226,9.247766518141092e-05,0.4390094251464905,0.5,0.5,False,,0.0,not_in_raw_selection
2022-04-28,YPF,baseline,False,0.0,-0.0207852550054687,-0.0438799216092913,-0.0669745882131138,0.0484988549300557,-0.0646650664907031,0.0484988549300557,False,0.0,-6.622265867945319e-05,0.4390172676871601,0.5,0.5,False,,0.0,low_or_negative_expected_return
2022-04-28,AMAT,baseline,False,0.0,-0.0373375109643846,-0.0101194805941623,-0.0686556338284553,0.0038384580995278,-0.1112274300400877,0.0038384580995278,False,0.0,-7.651034077236153e-05,0.2484900976369692,0.5,0.5,False,,0.0,low_or_negative_expected_return
2022-04-28,ADBE,baseline,False,0.0,-0.0355150332877474,-0.0244074465775122,-0.0536867186574852,-0.0047012220337613,-0.0406547694225358,-0.0047012220337613,False,0.0,-3.5078084221092054e-05,0.2720971754860922,0.5,0.5,False,,0.0,low_or_negative_expected_return
2022-05-05,AMD,baseline,True,0.1007270695063319,0.0156598865270845,-0.0725471928063434,0.0298284365658574,0.132417172062226,-0.1310323073598256,0.132417172062226,True,0.1007270695063319,9.712467461786812e-05,0.9997533863003046,0.5,0.5,False,,0.0,not_in_raw_selection
2022-05-05,ADBE,baseline,False,0.0,-0.0237197567310722,-0.0300117830719987,-0.0153054973242734,0.0730318825667224,-0.0991735543487338,0.0730318825667224,False,0.0,-3.422624221313298e-05,0.7116107216862166,0.5,0.5,False,,0.0,low_or_negative_expected_return
2022-05-05,YPF,baseline,False,0.0,-0.00483091342307,-0.0241545671153504,0.0555555619543366,0.0724638165241127,-0.1739129984085847,0.0724638165241127,False,0.0,-5.682997648328888e-05,0.9926732437357144,0.5,0.5,False,,0.0,low_or_negative_expected_return
2022-05-05,VIST,baseline,True,0.156330756902719,0.0202622251892088,-0.0429082950679581,-0.0238379922235194,0.0691299046450757,-0.1323003680682571,0.0691299046450757,True,0.156330756902719,8.661907332429063e-05,0.9095291732212968,0.5,0.5,False,,0.0,not_in_raw_selection
2022-05-05,NFLX,baseline,False,0.0,-0.0390293427020825,-0.0743946963718243,-0.0257009951595156,0.0566057743883763,-0.0680225195150764,0.0566057743883763,False,0.0,5.0092511694043e-05,0.0,0.5,0.5,True,0.5,0.5,selected
2022-05-12,CCJ,baseline,True,0.0818554618409352,0.0689655204356796,0.1223895307959452,0.1986401225001366,0.2399223165346466,0.1151043668927263,0.2399223165346466,True,0.0818554618409352,7.225043809493489e-05,0.9996776568438585,0.5,0.5,False,,0.0,not_in_raw_selection
2022-05-12,AMD,baseline,True,0.1037479933572142,0.0925798921894487,0.1103836535704445,0.1342752443053834,0.0891339576595757,-0.010337628322108,0.0891339576595757,True,0.1037479933572142,7.67241733685825e-05,0.9996693460508363,0.5,0.5,False,,0.0,not_in_raw_selection
2022-05-12,VIST,baseline,True,0.1625513103865851,0.0560398286711563,0.0199252618596175,0.1618929307552852,0.080946524759607,-0.0610211441360607,0.080946524759607,True,0.1625513103865851,7.342959229703773e-05,0.9996758847949698,0.5,0.5,False,,0.0,not_in_raw_selection
2022-05-12,NFLX,baseline,False,0.0,0.0764729620661823,0.0526074137879719,0.0980436955840462,0.0495095451688525,0.0850782985719011,0.0495095451688525,False,0.0,5.0241875545340034e-05,0.0,0.5,0.5,True,0.5,0.5,selected
2022-05-12,NVDA,baseline,False,0.0,0.0946522540675758,0.0586708721495012,0.1036167341048572,0.0493973249714221,0.0429057358191717,0.0493973249714221,False,0.0,3.833641990747199e-05,0.9996426071400922,0.5,0.5,True,0.5,0.5,selected
2022-05-19,COST,baseline,False,0.0,-0.0153689738551668,0.0994490773579093,0.1260728920804961,0.0561795336748307,0.1544700499402174,0.0561795336748307,False,0.0,5.345207562607031e-05,0.9998369166387868,0.5,0.5,False,,0.0,not_in_raw_selection
2022-05-19,CSCO,baseline,False,0.0,0.0292425064791332,0.0783796826961973,0.0846116652926929,0.040028718122774,0.0057525852528124,0.040028718122774,False,0.0,2.782096937370113e-05,0.9998139123970008,0.5,0.5,False,,0.0,not_in_raw_selection
2022-05-19,AMZN,baseline,False,0.0,0.0025345295167615,0.0350217495220563,0.1400590594003519,-0.010240488831776,0.0575946453265328,-0.010240488831776,False,0.0,-4.0847602008922e-05,0.0,0.5,0.5,False,,0.0,low_or_negative_expected_return
2022-05-19,MSFT,baseline,False,0.0,-0.0022912294874501,0.0504068678897124,0.0666824273711115,-0.0216876254499531,0.038358247362247,-0.0216876254499531,False,0.0,-8.710168525967208e-06,0.9999433485093012,0.5,0.5,False,,0.0,low_or_negative_expected_return
2022-05-19,PEP,baseline,False,0.0,0.0062655693842803,0.0552729766177984,0.0226427371239055,-0.025682378833901,0.048449117285662,-0.025682378833901,False,0.0,-0.0001272014343728,1.0,0.5,0.5,False,,0.0,low_or_negative_expected_return
2022-05-26,GOOGL,baseline,False,0.0,0.0419694719476035,0.0626063668540197,0.0312544524116684,0.0745970277690346,0.0577776434558634,0.0745970277690346,False,0.0,5.191150145407174e-05,0.5347867383247032,0.5,0.5,False,,0.0,not_in_raw_selection
2022-05-26,TSLA,baseline,False,0.0,0.0733330625374257,-0.005906239849196,-0.0155992025664207,0.0381925071721029,-0.0120384735441668,0.0381925071721029,False,0.0,2.356037472915993e-06,0.1060162526466821,0.5,0.5,False,,0.0,not_in_raw_selection
2022-05-26,COST,baseline,True,0.1777877287384654,0.0124089112721366,0.0242155960388512,-0.0036129652488529,0.0360438076466489,0.0550119736490464,0.0360438076466489,True,0.1777877287384654,0.0001051296025332,0.4135822271084123,0.5,0.5,False,,0.0,not_in_raw_selection
2022-05-26,AMZN,baseline,False,0.0,0.0366320836037818,0.10148319098299,-0.0128513683834564,0.0192883513117181,-0.0167225421813773,0.0192883513117181,False,0.0,-6.85283249697301e-06,0.0,0.5,0.5,False,,0.0,low_or_negative_expected_return
2022-05-26,MSFT,baseline,False,0.0,0.0276043494034381,0.0154945288144363,-0.0485520447523823,-0.0037983425018056,-0.0459947198505774,-0.0037983425018056,False,0.0,-5.730266602053204e-05,0.5347983639447316,0.5,0.5,False,,0.0,low_or_negative_expected_return
2022-06-03,PEP,baseline,False,0.0,0.0041855453871437,-0.0141340718519087,-0.0472551304610218,0.0252349908965614,0.0316044359246585,0.0252349908965614,False,0.0,0.000120334077271,0.3020574748663669,0.5,0.5,False,,0.0,not_in_raw_selection
2022-06-03,COST,baseline,True,0.172233624424519,-0.0079370053108596,-0.0271706088008529,-0.0620682363435038,0.0252178682742783,0.0923464156824147,0.0252178682742783,True,0.172233624424519,0.0001404961733024,0.3018935497795552,0.5,0.5,False,,0.0,not_in_raw_selection
2022-06-03,TSLA,baseline,False,0.0,0.0160472016783606,-0.0097505518149055,-0.0757160190416157,-0.0061829165236324,0.0469618493613626,-0.0061829165236324,False,0.0,1.6053436822109084e-05,0.0,0.5,0.5,False,,0.0,not_in_raw_selection
2022-06-03,GOOGL,baseline,False,0.0,0.0199011957409513,-0.0295047304630523,-0.0645838526014382,-0.0111575756614981,-0.0063820187119024,-0.0111575756614981,False,0.0,-8.765452278798167e-05,0.3019470377490508,0.5,0.5,False,,0.0,low_or_negative_expected_return
2022-06-03,AAPL,baseline,False,0.0,0.0052276412251364,-0.0567478313585843,-0.0950612660617169,-0.0262760159300996,0.0386572769874209,-0.0262760159300996,False,0.0,-6.060527302577266e-05,0.1144762796802613,0.5,0.5,False,,0.0,low_or_negative_expected_return
2022-06-10,AAPL,baseline,False,0.0,-0.0382848378404602,-0.0406184432719791,0.0330343368919741,0.0636621849098559,0.1055203143401677,0.0636621849098559,False,0.0,-2.829178280049584e-05,0.0002952088543076,0.5,0.5,False,,0.0,low_or_negative_expected_return
2022-06-10,COST,baseline,False,0.0,-0.0238717006256594,-0.0358722997663903,0.0398005709753201,0.0588375168014316,0.104940526587792,0.0588375168014316,False,0.0,8.283983210037242e-05,0.0002722556620778,0.5,0.5,False,,0.0,not_in_raw_selection
2022-06-10,PEP,baseline,False,0.0,-0.0171055790438958,-0.0335959055521166,0.02356634094492,0.0429485327593104,0.0572852406709623,0.0429485327593104,False,0.0,-0.0001407458285418,0.0007049276960908,0.5,0.5,False,,0.0,low_or_negative_expected_return
2022-06-10,GOOGL,baseline,False,0.0,-0.0429015192695206,-0.0361455879688349,0.0420289825231843,0.0257193469392236,-0.0552484667292603,0.0257193469392236,False,0.0,3.429066019828161e-06,0.0003533133961948,0.5,0.5,False,,0.0,not_in_raw_selection
2022-06-10,TSLA,baseline,False,0.0,-0.0710215399070596,-0.0666150002381824,0.0546441143472897,0.0036171537360971,0.1146707579294223,0.0036171537360971,False,0.0,-7.885035184558082e-05,8.213461854894283e-05,0.5,0.5,False,,0.0,low_or_negative_expected_return
2022-06-17,QCOM,baseline,False,0.0,0.0281015090991834,0.0511612740780107,0.0400033395548518,0.2180345294585501,0.2152244100776617,0.2180345294585501,False,0.0,-8.321985884519657e-07,0.0001166384221281,0.5,0.5,False,,0.0,low_or_negative_expected_return
2022-06-17,COST,baseline,True,0.1015734755956039,0.0367592353095256,0.0784884312766607,0.0930623186035413,0.1646331407137105,0.2166379793645452,0.1646331407137105,True,0.1015734755956039,6.908408704831333e-05,1.0,0.5,0.5,True,0.5,0.5,selected
2022-06-17,NFLX,baseline,False,0.0,-0.026209388423695,0.0776593308750406,0.0590848791304376,0.1488233959976652,0.2615805052479525,0.1488233959976652,False,0.0,6.0603577709236415e-05,0.0,0.5,0.5,True,0.5,0.5,selected
2022-06-17,AAPL,baseline,False,0.0,0.0327606995939184,0.0767711028499928,0.0760109469867253,0.1477652994995544,0.2162511209805337,0.1477652994995544,False,0.0,-2.503097309192057e-05,0.0001697717249367,0.5,0.5,False,,0.0,low_or_negative_expected_return
2022-06-17,CCJ,baseline,True,0.098426524404396,0.0599903128466989,0.1107885340941565,0.0169327711745457,0.1456216844592057,0.2177068206768402,0.1456216844592057,True,0.098426524404396,8.136208621464488e-05,7.80246705302667e-05,0.5,0.5,False,,0.0,not_in_raw_selection
2022-06-27,QCOM,baseline,False,0.0,0.0347539376296097,-0.0106148645296563,0.0453687421703172,0.1791948487249679,0.1205377745311757,0.1791948487249679,False,0.0,-1.0484218028794151e-06,0.599418304659248,0.5,0.5,False,,0.0,low_or_negative_expected_return
2022-06-27,NFLX,baseline,True,0.0,-0.05043885457026,-0.0172359216056903,-0.0776673309209617,0.1309612587573514,0.2157132293095174,0.1309612587573514,True,0.0,8.247444831313406e-05,0.7231811013262085,0.5,0.5,True,0.5,0.5,selected
2022-06-27,AAPL,baseline,False,0.0,-0.0297896450064251,-0.0007059586399147,0.0296484317356091,0.0701680233265795,0.1641959191411304,0.0701680233265795,False,0.0,-3.906213866579724e-05,0.5994716953978809,0.5,0.5,False,,0.0,low_or_negative_expected_return
2022-06-27,COST,baseline,True,0.1861916317496025,-0.0272755882686819,0.0135132532758173,0.0183082663709781,0.0626465857307343,0.1122366524633498,0.0626465857307343,True,0.1861916317496025,0.0001192047841131,0.902813005120141,0.5,0.5,False,,0.0,not_in_raw_selection
2022-06-27,TSLA,baseline,False,0.0,-0.0500435578248114,-0.0483967524422193,-0.0483831084979531,0.0569164922702694,0.1568403789976211,0.0569164922702694,False,0.0,-0.0001342621905046,0.8017699399536423,0.5,0.5,True,0.5,0.5,selected
2022-07-05,AMD,baseline,False,0.0,0.0019947012229555,0.0154255812391557,0.1420212864174248,0.3203458104375396,0.3324468220019572,0.3203458104375396,False,0.0,-6.137732126832114e-05,0.1792446186216366,0.5,0.5,False,,0.0,low_or_negative_expected_return
2022-07-05,VIST,baseline,True,0.0572549777892939,-0.0133729795442527,-0.0460623984994013,-0.0817236536665837,0.2956909721122533,0.3224367894958089,0.2956909721122533,True,0.0572549777892939,9.198700196944818e-05,0.1792399684903059,0.5,0.5,False,,0.0,not_in_raw_selection
2022-07-05,TSLA,baseline,False,0.0,-0.0057208020003853,1.4337849625123413e-05,0.0534753998181385,0.2897025367584165,0.3153460754261239,0.2897025367584165,False,0.0,2.0681722427606724e-05,0.1607094883329667,0.5,0.5,True,0.5,0.5,selected
2022-07-05,NVDA,baseline,False,0.0,0.0110933152234631,0.0078855942597524,0.1355253184793647,0.2380379163936579,0.2616279088293967,0.2380379163936579,False,0.0,-6.335747478860051e-06,0.1792432178658111,0.5,0.5,False,,0.0,low_or_negative_expected_return
2022-07-05,AMAT,baseline,False,0.0,0.006511599518532,0.0317442250806232,0.142209341359693,0.2208139286484829,0.2615116030670876,0.2208139286484829,False,0.0,2.546505260440696e-05,0.1792573578177836,0.5,0.5,False,,0.0,not_in_raw_selection
2022-07-12,VIST,baseline,False,0.0,0.0093457853686158,-0.0373832157481633,0.0856697363491625,0.3707165243235968,0.4968846639367617,0.3707165243235968,False,0.0,3.217806370343754e-05,0.4141507671487343,0.5,0.5,False,,0.0,not_in_raw_selection
2022-07-12,NFLX,baseline,True,1.023898106583543e-05,0.0120951817825187,0.1558039816299745,0.2261966822520031,0.3180854046115744,0.2871883242490545,0.3180854046115744,True,1.023898106583543e-05,6.94664855428279e-05,0.4141282549894575,0.5,0.5,True,0.5,0.5,selected
2022-07-12,YPF,baseline,False,0.0,0.0033333301544189,0.0199999809265136,0.0666666825612385,0.3033333619435627,0.7233333587646484,0.3033333619435627,False,0.0,-3.323074239420944e-05,0.3639580595950071,0.5,0.5,False,,0.0,low_or_negative_expected_return
2022-07-12,AMZN,baseline,False,0.0,0.0108038847462685,0.0823109115848044,0.0511810682605176,0.2619483637666213,0.2234022488900984,0.2619483637666213,False,0.0,-6.310952546657604e-05,0.4141618797302221,0.5,0.5,False,,0.0,low_or_negative_expected_return
2022-07-12,AMD,baseline,False,0.0,0.0151911475044905,0.1246725584988517,0.1164222016578047,0.251178629542542,0.2112362116879205,0.251178629542542,False,0.0,6.872388946547005e-05,0.0,0.5,0.5,False,,0.0,not_in_raw_selection
2022-07-19,YPF,baseline,False,0.0,-0.0228757956051507,0.0457516691248713,0.1960784817878589,0.5065360195160415,0.800653703240545,0.5065360195160415,False,0.0,-9.194193780819548e-06,0.0,0.5,0.5,False,,0.0,low_or_negative_expected_return
2022-07-19,VIST,baseline,False,0.0,0.0032362429582608,0.1278317125884782,0.4110033186478286,0.4401294281140573,0.622977348151087,0.4401294281140573,False,0.0,-7.029995240846223e-05,0.2911720853375637,0.5,0.5,False,,0.0,low_or_negative_expected_return
2022-07-19,TSLA,baseline,False,0.0,0.0080234644666532,0.0542906636196733,0.2242360258066376,0.248577874389086,0.1310227409590447,0.248577874389086,False,0.0,-8.931941954379396e-05,0.3998476625264209,0.5,0.5,True,0.5,0.5,selected
2022-07-19,AMZN,baseline,False,0.0,0.0385753962770543,-0.0287623851807093,0.134929402767687,0.2247694772067239,0.0889941352215799,0.2247694772067239,False,0.0,-3.353065292413771e-05,0.6363457315160548,0.5,0.5,False,,0.0,low_or_negative_expected_return
2022-07-19,NFLX,baseline,False,0.0,0.0734513209876741,0.0609036668335032,0.0981500808941713,0.2185190752362618,0.0943312214040783,0.2185190752362618,False,0.0,-6.857596061870177e-05,0.5125817119025103,0.5,0.5,False,,0.0,low_or_negative_expected_return
2022-07-26,YPF,baseline,False,0.0,0.0468749545980251,0.1437500097788868,0.2218750086147336,0.6156249997671694,1.0624999394640335,0.6156249997671694,False,0.0,-9.699864554813728e-07,0.0236028804710921,0.5,0.5,False,,0.0,low_or_negative_expected_return
2022-07-26,VIST,baseline,False,0.0,0.1793401025056253,0.2510761161427581,0.2625538673786523,0.3787661328484781,0.4332855196317695,0.3787661328484781,False,0.0,-0.0001576507949998,0.0235808076234958,0.5,0.5,False,,0.0,low_or_negative_expected_return
2022-07-26,AMZN,baseline,False,0.0,0.0536538959419941,0.1685393825885264,0.2005052239524052,0.1638358850151007,0.127776312872565,0.1638358850151007,False,0.0,-1.2514938005451877e-05,0.2379905926557375,0.5,0.5,False,,0.0,low_or_negative_expected_return
2022-07-26,TSLA,baseline,False,0.0,0.0616550369922206,0.1611940312584145,0.0945428399103831,0.1452265912030712,0.0959593149235986,0.1452265912030712,False,0.0,4.827221261617979e-06,0.5631228387324341,0.5,0.5,False,,0.0,not_in_raw_selection
2022-07-26,AAPL,baseline,False,0.0,0.0342347425703488,0.0554748553082364,0.087862740957507,0.1031001912582441,0.0287598973272762,0.1031001912582441,False,0.0,-0.0001565169427449,0.1429174379314331,0.5,0.5,False,,0.0,low_or_negative_expected_return
2022-08-02,YPF,baseline,False,0.0,0.0163934266045031,0.068306009327117,0.2595628484713819,0.5054645081056779,0.9945355244651656,0.5054645081056779,False,0.0,5.270600110055689e-05,0.3418832105445572,0.5,0.5,False,,0.0,not_in_raw_selection
2022-08-02,CCJ,baseline,False,0.0,-0.0202622259569309,-0.0027810764645228,0.0147000730278852,0.1791815739058946,0.2105681057209167,0.1791815739058946,False,0.0,-0.0001923670747001,0.199738860429663,0.5,0.5,False,,0.0,low_or_negative_expected_return
2022-08-02,VIST,baseline,False,0.0,-0.0229357572408978,0.0091743028963591,0.0206421268336494,0.1502292919526184,0.201834773086218,0.1502292919526184,False,0.0,-3.3627957125531394e-05,0.2729714665629307,0.5,0.5,True,0.5,0.5,selected
2022-08-02,CSCO,baseline,False,0.0,0.0175868421133083,0.0,0.0411843803256726,0.0071238540197162,-0.0213713072930696,0.0071238540197162,False,0.0,0.0001434508616958,0.0552473565735549,0.5,0.5,False,,0.0,not_in_raw_selection
2022-08-02,NFLX,baseline,False,0.0,0.0239815794676188,0.038478876127002,0.1096106956929601,-0.0034775387777445,0.0121940409784486,-0.0034775387777445,False,0.0,-0.0001009761108784,0.0,0.5,0.5,False,,0.0,low_or_negative_expected_return
2022-08-09,YPF,baseline,False,0.0,0.0,0.1790281412576999,0.322250629873213,0.6879794781974751,0.7442455299108905,0.6879794781974751,False,0.0,0.0004479556485396,0.9211431789232856,0.5,0.5,False,,0.0,not_in_raw_selection
2022-08-09,CCJ,baseline,False,0.0,0.0151394085653935,0.0175299014888641,-0.0621513722005384,0.1721115390107122,0.0936255117830449,0.1721115390107122,False,0.0,-0.0005489244695634,1.1466354092225647e-07,0.5,0.5,False,,0.0,low_or_negative_expected_return
2022-08-09,VIST,baseline,True,0.1640607820491278,0.0,0.0113635710940886,0.0920453918620587,0.1352272221125858,0.0840908812589888,0.1352272221125858,True,0.1640607820491278,0.0017561599832524,0.7695578035341532,0.5,0.5,True,0.5,0.5,selected
2022-08-09,CSCO,baseline,False,0.0,0.024488030580082,0.0411843803256726,0.0554319185210523,0.0022262309192944,-0.0741317487109686,0.0022262309192944,False,0.0,-0.0004302533492483,0.1020978572811064,0.5,0.5,False,,0.0,low_or_negative_expected_return
2022-08-09,TSLA,baseline,False,0.0,0.038905817766766,0.0819881634166703,0.0463058634569644,0.0012941247812023,0.0616469776235431,0.0012941247812023,False,0.0,-0.0001497046513268,0.5537204848087234,0.5,0.5,True,0.5,0.5,selected
2022-08-16,YPF,baseline,True,0.1775795542786342,0.0065075340785991,0.1214750382995386,0.1952277807595901,0.5835140952956448,0.3861170675529286,0.5835140952956448,True,0.1775795542786342,0.0102361322851242,1.0,0.5,0.5,True,0.25,0.25,selected
2022-08-16,CCJ,baseline,False,0.0,-0.0411120245407202,-0.0783085328232732,0.1620986390463077,0.1930304706774657,0.0689114431653443,0.1930304706774657,False,0.0,-0.0010035087422954,0.386495186328739,0.5,0.5,False,,0.0,low_or_negative_expected_return
2022-08-16,VIST,baseline,False,0.0,-0.0258426463027545,0.079775288604363,0.126966310435362,0.1775280889244546,0.057303398959702,0.1775280889244546,False,0.0,-0.0012231989786618,0.2840528834093338,0.5,0.5,True,0.25,0.25,selected
2022-08-16,TSLA,baseline,False,0.0,-0.0083723335112244,-0.032978456850239,-0.0941512226360407,-0.0128956672696252,-0.0611727657858016,-0.0128956672696252,False,0.0,-0.0001500525041505,0.4928248678978164,0.5,0.5,True,0.25,0.25,selected
2022-08-16,CSCO,baseline,False,0.0,-0.0023519480281147,0.0136839722767674,-0.0327132513218288,-0.0600812774382721,-0.1161000695323795,-0.0600812774382721,False,0.0,-0.0007308620516226,0.3709996179821647,0.5,0.5,False,,0.0,low_or_negative_expected_return
2022-08-23,YPF,baseline,True,0.1875,0.0251450894627658,0.0657640517544471,0.2765957073957534,0.3191489499068276,0.4313346201480206,0.3191489499068276,True,0.1875,0.010692642285674,1.0,0.5,0.5,True,0.5,0.5,selected
2022-08-23,CCJ,baseline,False,0.0,0.1474086311978699,0.2608325892459249,0.2497875502157718,0.1661002419431945,0.1822429414328936,0.1661002419431945,False,0.0,-0.0001674442474452,0.0,0.5,0.5,False,,0.0,low_or_negative_expected_return
2022-08-23,NFLX,baseline,True,0.1249999999999999,0.0225339799829897,-0.0173680423501898,0.0196392779443139,0.0548653019433551,0.0542418354988032,0.0548653019433551,True,0.1249999999999999,3.513003450656872e-06,0.1685645220224862,0.5,0.5,False,,0.0,not_in_raw_selection
2022-08-23,TSLA,baseline,False,0.0,0.0021701258870663,-0.0632589482821149,-0.043019675458039,0.0146621697367652,-0.1876967934410953,0.0146621697367652,False,0.0,-0.0007477351018879,0.2764231003910301,0.5,0.5,False,,0.0,low_or_negative_expected_return
2022-08-23,VIST,baseline,True,0.1875,0.0239334551641565,0.0437044840061071,0.0395421569216067,-0.0072840475884493,0.186264310697378,-0.0072840475884493,True,0.1875,0.0031078770484102,0.6822566003972408,0.5,0.5,True,0.5,0.5,selected
2022-08-30,YPF,baseline,True,0.1020529152642721,-0.0036298469932606,0.1978220744959804,0.3248638634296896,0.1597095464698994,0.1978220744959804,0.1597095464698994,True,0.1020529152642721,0.0073430114881427,1.0,0.5,0.5,True,0.5,0.5,selected
2022-08-30,NFLX,baseline,False,0.0,0.0131883235516705,0.0376614255280434,0.0157262684646082,0.1112621737722929,0.0009970250894353,0.1112621737722929,False,0.0,1.999357552078508e-05,0.0533048173490138,0.5,0.5,False,,0.0,not_in_raw_selection
2022-08-30,TSLA,baseline,False,0.0,-0.0075262036859782,0.0216060487441638,0.0897010156627589,0.0364061393847736,-0.2177169753553808,0.0364061393847736,False,0.0,-0.0003881069151832,4.14216499988472e-06,0.5,0.5,False,,0.0,low_or_negative_expected_return
2022-08-30,TXN,baseline,False,0.0,-0.0091759549531716,-0.0055175611049325,-0.0088761601149689,-0.0236296168382205,-0.0910999276776982,-0.0236296168382205,False,0.0,5.5181912659806527e-05,4.108388407278696e-05,0.5,0.5,False,,0.0,not_in_raw_selection
2022-08-30,PEP,baseline,False,0.0,-0.0041620972185677,0.0015029452487427,-0.0249148082578281,-0.0249725833114067,-0.0208104860928389,-0.0249725833114067,False,0.0,0.0001880190106665,0.000110809086061,0.5,0.5,False,,0.0,not_in_raw_selection
2022-09-07,VIST,baseline,False,0.0,-0.0180179535160607,0.0490490272617212,-0.0450450269844969,0.1411411291007758,0.1881882039553333,0.1411411291007758,False,0.0,-0.0006987184352556,0.24671919899567,0.5,0.5,False,,0.0,low_or_negative_expected_return
2022-09-07,YPF,baseline,True,0.0749950375663105,0.0257575876894515,0.1060606509419737,0.0333333742738979,0.1212121518628113,0.0666666762997407,0.1212121518628113,True,0.0749950375663105,0.012460670081521,1.0,0.5,0.5,True,0.5,0.5,selected
2022-09-07,NFLX,baseline,False,0.0,-0.0066387328727239,-0.0211390310209063,0.0345475353500113,0.0339360774962016,0.1896401545538866,0.0339360774962016,False,0.0,-0.0001029714311478,0.2038542256388559,0.5,0.5,False,,0.0,low_or_negative_expected_return
2022-09-07,TXN,baseline,False,0.0,0.0156193235043498,-0.0033772331000314,-0.0151972268794664,0.0119406322523414,-0.0794235487035275,0.0119406322523414,False,0.0,-0.0003014189944851,0.0449554967310769,0.5,0.5,False,,0.0,low_or_negative_expected_return
2022-09-07,QCOM,baseline,True,0.0606162714295545,0.0019440123494143,-0.0083204298089804,-0.0309487027063585,-0.0288491954726723,-0.1224728373396552,-0.0288491954726723,True,0.0606162714295545,9.385989678598362e-05,0.1567080221148077,0.5,0.5,False,,0.0,not_in_raw_selection
2022-09-14,VIST,baseline,False,0.0,-0.0505724958131147,-0.0896946203666259,-0.1020992119810618,0.0687023185570834,0.3187023185570834,0.0687023185570834,False,0.0,-2.951632262763866e-06,0.3504826028676366,0.5,0.5,True,0.5,0.5,selected
2022-09-14,PEP,baseline,False,0.0,-0.0165994066548875,-0.0014227545932864,-5.925128805972513e-05,0.0042091934117634,0.0615960107871718,0.0042091934117634,False,0.0,0.0001735062330075,0.1418518740520819,0.5,0.5,False,,0.0,not_in_raw_selection
2022-09-14,NFLX,baseline,False,0.0,0.0502409163715475,0.0568891478316846,0.0940567437052688,-0.0145011937098347,0.3324111474873541,-0.0145011937098347,False,0.0,-7.279610837963919e-05,0.1417951457860565,0.5,0.5,False,,0.0,low_or_negative_expected_return
2022-09-14,GOOGL,baseline,False,0.0,-0.0199047270275297,-0.0544762021019344,-0.047142828078497,-0.0708571661086309,-0.0959047589983258,-0.0708571661086309,False,0.0,-6.08424572103506e-05,0.1396607808487477,0.5,0.5,False,,0.0,low_or_negative_expected_return
2022-09-14,COST,baseline,False,0.0,-0.0088582677165354,-0.029389749361774,-0.0387991957777128,-0.081929124246432,-0.0168306846318282,-0.081929124246432,False,0.0,-0.0001378367440253,0.1418185177351303,0.5,0.5,False,,0.0,low_or_negative_expected_return
2022-09-21,VIST,baseline,True,0.0587866417155781,-0.0251572088131902,-0.0136268464319434,0.1949685182510172,0.2442347938179112,0.4517820164413852,0.2442347938179112,True,0.0587866417155781,0.0002446255506328,0.3780791310416145,0.5,0.5,False,,0.0,not_in_raw_selection
2022-09-21,NFLX,baseline,True,0.0,0.0007598956743841,0.035166976546062,-0.000591038915967,0.1499134780224513,0.1525308785624388,0.1499134780224513,True,0.0,0.0001165767979753,0.2543742169783093,0.5,0.5,False,,0.0,not_in_raw_selection
2022-09-21,ADBE,baseline,False,0.0,0.0026545923787275,-0.0171148938365575,0.0387007249817139,0.0472581186034866,0.0521132171284737,0.0472581186034866,False,0.0,3.803908893338611e-05,0.2543733034940732,0.5,0.5,False,,0.0,not_in_raw_selection
2022-09-21,YPF,baseline,True,0.0734343806648575,0.0146627422456806,-0.0630498965326318,0.0850439749424176,0.0322580329404973,0.1627565438032601,0.0322580329404973,True,0.0734343806648575,0.0036668789626228,1.0,0.5,0.5,True,0.5,0.5,selected
2022-09-21,PEP,baseline,False,0.0,0.0009499148645824,0.0013654459997949,-0.0144858846238442,0.0292092026694001,0.0581809719170887,0.0292092026694001,False,0.0,-7.427818559519023e-05,0.2152977060136544,0.5,0.5,False,,0.0,low_or_negative_expected_return
2022-09-28,VIST,baseline,True,0.1564456991823788,-0.0063761388857921,0.2114771310719461,0.1902231658744717,0.4686503633286376,0.3889479178279331,0.4686503633286376,True,0.1564456991823788,0.0002162409770734,0.4163498409565215,0.5,0.5,False,,0.0,not_in_raw_selection
2022-09-28,NFLX,baseline,True,0.0,-0.0223898766773116,-0.0345432343498236,-0.0992251435217589,0.2178629263550304,0.0385807148387831,0.2178629263550304,True,0.0,0.0001036971884901,0.644633162752932,0.5,0.5,True,0.5,0.5,selected
2022-09-28,YPF,baseline,True,0.1705166151276446,-0.0266040813530474,0.1580595070399149,0.0328638564217169,0.2175274448146793,0.114241006936824,0.2175274448146793,True,0.1705166151276446,0.0018160676724098,1.0,0.5,0.5,True,0.5,0.5,selected
2022-09-28,ADBE,baseline,False,0.0,-0.0111940084037213,0.0567875313892385,0.0168798866489929,0.1388771070983736,0.0620824506027872,0.1388771070983736,False,0.0,3.920733042169901e-05,0.0,0.5,0.5,False,,0.0,not_in_raw_selection
2022-09-28,CSCO,baseline,False,0.0,-0.0186260390643823,0.0157233072926878,-0.0500725613735789,0.0735365482415713,0.0621673847445145,0.0735365482415713,False,0.0,-8.049238976427233e-05,0.1271633919650278,0.5,0.5,False,,0.0,low_or_negative_expected_return
2022-10-05,VIST,baseline,True,0.0999778097547866,0.0438596505904498,-0.017543843505051,0.0412280949786034,0.2149123548177203,0.1956140851343417,0.2149123548177203,True,0.0999778097547866,0.0002604151325754,0.5491650357459432,0.5,0.5,True,0.5,0.5,selected
2022-10-05,NFLX,baseline,True,4.095592426334172e-06,0.013897709135179,-0.0669961737006172,0.1505935235713416,0.1532124720117762,0.2926962720773607,0.1532124720117762,True,4.095592426334172e-06,0.0001192764295535,0.207082741905707,0.5,0.5,False,,0.0,not_in_raw_selection
2022-10-05,PEP,baseline,False,0.0,-0.0192770900496517,0.0204216830701713,0.0443373530744068,0.073734972850386,0.0742771194641849,0.073734972850386,False,0.0,-7.202430891583023e-05,0.1415441085649816,0.5,0.5,False,,0.0,low_or_negative_expected_return
2022-10-05,YPF,baseline,True,0.1,-0.0256756830772749,-0.108108132489847,-0.0486486660641765,0.071621584613625,0.0324324010844823,0.071621584613625,True,0.1,0.0040726590636463,1.0,0.5,0.5,True,0.5,0.5,selected
2022-10-05,CSCO,baseline,False,0.0,-0.0111931698479581,-0.0647773544171584,-0.0026196857812457,0.0614431510651853,0.057156409031829,0.0614431510651853,False,0.0,-9.731966728427338e-05,0.2071744840672387,0.5,0.5,False,,0.0,low_or_negative_expected_return
2022-10-12,AMAT,baseline,False,0.0,0.0448624646346307,0.0164452041161591,0.1595842246087262,0.2416786554519956,0.4165240776598267,0.2416786554519956,False,0.0,-8.391529161411901e-06,0.6104753458291284,0.5,0.5,False,,0.0,low_or_negative_expected_return
2022-10-12,NVDA,baseline,False,0.0,0.0400000033171281,0.047913012297257,0.1213912963867187,0.1979130454685376,0.4364347043244734,0.1979130454685376,False,0.0,-5.808224953247224e-06,0.6104533440067522,0.5,0.5,False,,0.0,low_or_negative_expected_return
2022-10-12,VIST,baseline,True,0.1763228406409272,0.0517857083556603,0.0598214364021409,0.233928565194412,0.1669642783397313,0.1848214896205746,0.1669642783397313,True,0.1763228406409272,0.0012611212826684,1.0,0.5,0.5,True,0.5,0.5,selected
2022-10-12,NFLX,baseline,True,0.0,0.0527006638802987,0.2332141531884122,0.3520170080196381,0.1529859069327508,0.3197808556842521,0.1529859069327508,True,0.0,7.560186173986101e-05,0.6104392872103717,0.5,0.5,True,0.5,0.5,selected
2022-10-12,CSCO,baseline,False,0.0,0.0341227434929396,0.0664629635835811,0.1301247912091969,0.1181563365307043,0.2368219793392423,0.1181563365307043,False,0.0,-7.402752061747237e-05,0.6105516341319577,0.5,0.5,False,,0.0,low_or_negative_expected_return
2022-10-19,AMAT,baseline,False,0.0,0.0181206508823326,0.1408231549648881,0.1359047334930905,0.3489515705284969,0.3850634115637563,0.3489515705284969,False,0.0,2.8226240197467392e-05,0.1983312862928783,0.5,0.5,False,,0.0,not_in_raw_selection
2022-10-19,NVDA,baseline,False,0.0,0.0118662855345779,0.0701186865963052,0.0969214385533714,0.3202224148053689,0.4218737647281989,0.3202224148053689,False,0.0,-6.85820124419626e-06,0.2914540459191452,0.5,0.5,False,,0.0,low_or_negative_expected_return
2022-10-19,AMD,baseline,False,0.0,0.0094356267664972,0.043683383190576,0.0244627212489436,0.2703127298575083,0.3538354704992188,0.2703127298575083,False,0.0,-5.6027940423709376e-05,0.0888419066635424,0.5,0.5,False,,0.0,low_or_negative_expected_return
2022-10-19,AVGO,baseline,False,0.0,-0.0114863315879025,0.0594532810428556,0.0476223735287169,0.1755801004072517,0.2652194419342242,0.1755801004072517,False,0.0,-6.117695336580951e-05,0.2325619528017851,0.5,0.5,False,,0.0,low_or_negative_expected_return
2022-10-19,VIST,baseline,True,0.165300775078417,0.0210614997818279,0.1642796822296086,0.1668071200505647,0.1482729777464475,0.1979781300864806,0.1482729777464475,True,0.165300775078417,0.000252284075073,0.5985797424393605,0.5,0.5,True,0.5,0.5,selected
2022-10-26,NVDA,baseline,False,0.0,0.021712138256746,0.0250465226827474,0.0682382227580888,0.2809397655866148,0.3313431100727708,0.2809397655866148,False,0.0,-3.3378938602366915e-05,0.1081350819387782,0.5,0.5,False,,0.0,low_or_negative_expected_return
2022-10-26,AMD,baseline,False,0.0,-0.0189184844596589,-0.0184161808563761,0.0031809581142661,0.2790892702394023,0.179809170614045,0.2790892702394023,False,0.0,-0.0001533187600294,0.0463680840328923,0.5,0.5,False,,0.0,low_or_negative_expected_return
2022-10-26,AMAT,baseline,False,0.0,-0.0181529213206348,-0.0043112917636642,0.0707964364304543,0.2215792933349005,0.2322441724807546,0.2215792933349005,False,0.0,-4.928078999993503e-05,0.1756512813034368,0.5,0.5,False,,0.0,low_or_negative_expected_return
2022-10-26,AVGO,baseline,False,0.0,-0.0125330481505649,-0.0111669931329989,0.0179755966244254,0.1571186603446264,0.1515677538887487,0.1571186603446264,False,0.0,3.110161128713034e-05,0.063006363963983,0.5,0.5,False,,0.0,not_in_raw_selection
2022-10-26,TXN,baseline,False,0.0,-0.0070311056228741,0.0039273477871226,0.0451004661822618,0.1337176237617638,0.1171217208148949,0.1337176237617638,False,0.0,6.44326038084807e-05,0.0630139268190587,0.5,0.5,False,,0.0,not_in_raw_selection
2022-11-02,META,baseline,False,0.0,-0.0180030620381673,0.1207201258521448,0.2506074907440716,0.3302407910706255,0.2828584090058201,0.3302407910706255,False,0.0,-3.2789721575361806e-05,0.1300817273943409,0.5,0.5,False,,0.0,low_or_negative_expected_return
2022-11-02,AMD,baseline,False,0.0,0.0252430413657487,0.0220023380066356,0.2399794580215117,0.3215077937133035,0.1347432639819257,0.3215077937133035,False,0.0,-0.0001641233522975,0.0849101678627182,0.5,0.5,False,,0.0,low_or_negative_expected_return
2022-11-02,NVDA,baseline,False,0.0,0.0152810096380338,0.0421363314928382,0.203570619010317,0.2962402910124329,0.2823965383476061,0.2962402910124329,False,0.0,-3.403381129206786e-05,0.297173863273051,0.5,0.5,False,,0.0,low_or_negative_expected_return
2022-11-02,AMAT,baseline,False,0.0,-0.0166362699285979,0.075432941614008,0.1875569585666336,0.2193482170854792,0.1914311191137454,0.2193482170854792,False,0.0,-5.368529093150054e-05,0.1301070812111603,0.5,0.5,False,,0.0,low_or_negative_expected_return
2022-11-02,AVGO,baseline,False,0.0,-0.026116743971941,0.0294717000292692,0.1221410788006878,0.207705633159182,0.2236036763566149,0.207705633159182,False,0.0,-0.0001361871676788,0.0,0.5,0.5,False,,0.0,low_or_negative_expected_return
2022-11-09,NVDA,baseline,False,0.0,0.1432926810273016,0.1549070717899523,0.1991143345155266,0.2462979527500621,0.1134581680273625,0.2462979527500621,False,0.0,-1.0860650828794731e-05,1.6618474711348422e-05,0.5,0.5,True,0.5,0.5,selected
2022-11-09,NFLX,baseline,True,0.0951232660175248,0.0797534033208808,0.2016806628280021,0.1446634757186411,0.2183303052132348,0.1692060033922735,0.2183303052132348,True,0.0951232660175248,0.0001064304504173,0.1959249402162186,0.5,0.5,False,,0.0,not_in_raw_selection
2022-11-09,AMD,baseline,False,0.0,0.1426903089624762,0.213284365317627,0.275033442265268,0.1760681470986018,0.0657543818725987,0.1760681470986018,False,0.0,-8.024701827559075e-05,1.8043456030359616e-05,0.5,0.5,False,,0.0,low_or_negative_expected_return
2022-11-09,AMAT,baseline,True,0.1144192731636167,0.1102988341285671,0.1042594220559673,0.1408137455211258,0.1507735089112671,0.0341174116805402,0.1507735089112671,True,0.1144192731636167,0.0009868956233385,1.0,0.5,0.5,False,,0.0,not_in_raw_selection
2022-11-09,META,baseline,False,0.0,0.1024933615922434,0.1158963436952345,0.1061397113777602,0.13659210055793,0.1542327913433177,0.13659210055793,False,0.0,1.808994530779613e-06,1.0220367711241384e-06,0.5,0.5,False,,0.0,not_in_raw_selection
2022-11-16,AVGO,baseline,True,0.1875,0.000742543904278,0.0428155094096436,0.0762511559152108,0.0904187534640184,0.0926269289014771,0.0904187534640184,True,0.1875,0.0005688410974833,0.7027598368889634,0.5,0.5,False,,0.0,not_in_raw_selection
2022-11-16,CSCO,baseline,False,0.0,0.049560729740683,0.0941653607265093,0.1257040303622063,0.0847038113973772,0.0732146889994751,0.0847038113973772,False,0.0,-0.0001211091172522,0.0924630499750847,0.5,0.5,False,,0.0,low_or_negative_expected_return
2022-11-16,NVDA,baseline,True,0.0601556421905978,-0.0146448651081314,0.0382777660691426,0.0769956249665824,0.0654933894964191,-0.0814581734385336,0.0654933894964191,True,0.0601556421905978,0.001366161536288,0.7610919441034283,0.5,0.5,True,0.5,0.5,selected
2022-11-16,MSFT,baseline,False,0.0,-0.0002068549730757,0.0242005800145272,0.0536135644848758,0.0301162408801858,-0.00790132973598,0.0301162408801858,False,0.0,-6.809151174786046e-05,4.4920876359703634e-05,0.5,0.5,False,,0.0,low_or_negative_expected_return
2022-11-16,META,baseline,False,0.0,-0.0157202716234169,-0.0087433141730401,0.0636756943452934,0.0257882017343109,0.0627924822941521,0.0257882017343109,False,0.0,-0.0002955715093996,0.0,0.5,0.5,False,,0.0,low_or_negative_expected_return
2022-11-23,YPF,baseline,False,0.0,0.0731071058449031,0.0939948148004281,-0.0339425270527279,0.1566579416670028,0.2728459783578176,0.1566579416670028,False,0.0,-0.0011432768159899,0.402876256043305,0.5,0.5,False,,0.0,low_or_negative_expected_return
2022-11-23,VIST,baseline,False,0.0,0.0467219189277683,0.0715900359075976,-0.0655614777107562,0.1100225345974632,0.1861340789863657,0.1100225345974632,False,0.0,-0.0012351147566615,0.4326795243867261,0.5,0.5,False,,0.0,low_or_negative_expected_return
2022-11-23,META,baseline,False,0.0,-0.0073948166202528,0.073057775603216,0.0275303281013568,0.0434783052003935,0.1535103678266849,0.0434783052003935,False,0.0,-0.0003685679157682,0.1399893810832665,0.5,0.5,False,,0.0,low_or_negative_expected_return
2022-11-23,AVGO,baseline,True,0.1621279165462698,-0.0069896802156429,0.0320628588699218,-0.0047971799661621,0.0364477878844113,0.0810471645970005,0.0364477878844113,True,0.1621279165462698,0.0009516522478837,0.8362544265643912,0.5,0.5,False,,0.0,not_in_raw_selection
2022-11-23,NFLX,baseline,False,0.0,-0.0204459269927131,0.0873070363498778,0.0643567572978986,0.0214408236081997,0.0812007070603635,0.0214408236081997,False,0.0,-0.000454682861339,0.4319145912903022,0.5,0.5,False,,0.0,low_or_negative_expected_return
2022-12-01,VIST,baseline,False,0.0,-0.0400844330376115,-0.1279887914431674,-0.0928270480809451,0.1012657913742909,0.182137774281121,0.1012657913742909,False,0.0,-0.0011225771503496,0.3555901581678597,0.5,0.5,False,,0.0,low_or_negative_expected_return
2022-12-01,YPF,baseline,False,0.0,-0.0143197952172209,-0.1169451080775871,-0.108591922651779,0.0966586461671454,0.4582339021655348,0.0966586461671454,False,0.0,-0.0007111555267989,0.2070018233433545,0.5,0.5,False,,0.0,low_or_negative_expected_return
2022-12-01,AVGO,baseline,True,0.1746854168431443,-0.0180662536196333,-0.0357149165085203,0.0131638395656445,0.0152155683143873,0.0517294413794111,0.0152155683143873,True,0.1746854168431443,0.0021161554083429,0.9665776104404302,0.5,0.5,False,,0.0,not_in_raw_selection
2022-12-01,META,baseline,False,0.0,0.0253237741658722,-0.0424277690698118,-0.0356194024291424,-0.0008303396005349,0.1238790922160919,-0.0008303396005349,False,0.0,-0.0002595833861897,0.0,0.5,0.5,True,0.5,0.5,selected
2022-12-01,ADBE,baseline,False,0.0,-0.0074975638083555,-0.0335067253788556,-0.0447531154341565,-0.0220278018509735,0.0007846896130436,-0.0220278018509735,False,0.0,-0.0002996674189089,0.1786955296129723,0.5,0.5,False,,0.0,low_or_negative_expected_return
2022-12-08,YPF,baseline,False,0.0,-0.0027027000903735,0.0094594180975808,0.1972972354721736,0.317567550587428,0.6216216007229882,0.317567550587428,False,0.0,-3.065529734943501e-05,1.613529916600884e-05,0.5,0.5,False,,0.0,low_or_negative_expected_return
2022-12-08,VIST,baseline,False,0.0,-0.036290308315225,0.0403225818856325,0.1879032254343102,0.2693548593015011,0.3112903813789853,0.2693548593015011,False,0.0,-0.0001765769878704,1.315543442387215e-05,0.5,0.5,False,,0.0,low_or_negative_expected_return
2022-12-08,CCJ,baseline,False,0.0,-0.0077838862228122,-0.0064102284189704,0.0082417721574261,0.1396519787431935,0.2344321838879695,0.1396519787431935,False,0.0,3.999817486386441e-05,1.6499976596477134e-05,0.5,0.5,False,,0.0,not_in_raw_selection
2022-12-08,META,baseline,False,0.0,0.0049423366493932,0.0071100293228594,0.0155206874803444,0.1226046923190196,0.2411341118274863,0.1226046923190196,False,0.0,-1.1058832742268086e-05,0.0,0.5,0.5,False,,0.0,low_or_negative_expected_return
2022-12-08,AVGO,baseline,False,0.0,0.0256834821343916,0.0506891135318459,0.0414437811271184,0.0862581403861415,0.1015853820414736,0.0862581403861415,False,0.0,4.1951999125770425e-05,0.1158073927946024,0.5,0.5,False,,0.0,not_in_raw_selection
2022-12-15,YPF,baseline,False,0.0,0.0,0.186077631261879,0.2302543291165906,0.635876922389484,0.5997322817807667,0.635876922389484,False,0.0,-0.0002464404480156,0.2300689901215867,0.5,0.5,False,,0.0,low_or_negative_expected_return
2022-12-15,VIST,baseline,False,0.0,0.0062015446567253,0.1418604633970175,0.2139535124417537,0.3031007723283627,0.2325581464119297,0.3031007723283627,False,0.0,0.000237763372382,2.0112457074817854e-05,0.5,0.5,False,,0.0,not_in_raw_selection
2022-12-15,CCJ,baseline,False,0.0,0.0004607521281878,0.0147465291969359,0.0447004276152429,0.1714285337587511,0.2907833753037914,0.1714285337587511,False,0.0,-1.054513410559473e-06,2.2881455924253903e-05,0.5,0.5,False,,0.0,low_or_negative_expected_return
2022-12-15,META,baseline,True,0.0959999999999999,0.028239334793001,0.0083512803096004,0.0360739970466394,0.165389572381474,0.2825656415296018,0.165389572381474,True,0.0959999999999999,3.594400944767006e-06,0.5850301813318125,0.5,0.5,True,0.5,0.5,selected
2022-12-15,NFLX,baseline,False,0.0,0.001032980232037,0.0252745856913847,0.0153920490996626,0.1233084685989247,0.2184842512548397,0.1233084685989247,False,0.0,-0.0001797179842091,0.5743673057672553,0.5,0.5,False,,0.0,low_or_negative_expected_return
2022-12-22,YPF,baseline,True,0.2538065234789067,0.025959424923601,0.0372460424936194,0.10045150991084,0.3544018583518031,0.3024831161427899,0.3544018583518031,True,0.2538065234789067,0.0025481693675109,1.0,0.5,0.5,True,0.5,0.5,selected
2022-12-22,NVDA,baseline,False,0.0,-0.0086706709921787,-0.0472651046153821,0.0188408967933377,0.2559488692782259,0.4455310450247565,0.2559488692782259,False,0.0,-4.7211039505207305e-05,0.0888458432323147,0.5,0.5,False,,0.0,low_or_negative_expected_return
2022-12-22,CCJ,baseline,False,0.0,0.0181652865674326,0.0295186014994428,0.1303360069128827,0.2243414406909001,0.2606721004446841,0.2243414406909001,False,0.0,-1.5170661389818398e-05,0.0,0.5,0.5,False,,0.0,low_or_negative_expected_return
2022-12-22,META,baseline,False,0.0,0.0078551754386135,0.0274931140351477,0.1054473888703995,0.2221652666741058,0.6360996467170903,0.2221652666741058,False,0.0,6.997698475475018e-05,0.0888324905142356,0.5,0.5,True,0.5,0.5,selected
2022-12-22,NFLX,baseline,False,0.0,-0.0093702546494626,-0.009638916959068,0.0585054778220672,0.2219311464750883,0.2189756048345121,0.2219311464750883,False,0.0,4.413390792293447e-05,0.0888410167198153,0.5,0.5,False,,0.0,not_in_raw_selection
2022-12-30,TSLA,baseline,False,0.0,-0.1224224857419573,-0.0276830950938559,0.0674622923153143,0.4062347847991097,0.698733556434386,0.4062347847991097,False,0.0,1.644186862228732e-06,0.0002409306029972,0.5,0.5,False,,0.0,not_in_raw_selection
2022-12-30,NVDA,baseline,False,0.0,-0.0204598832280837,0.069385515035673,0.2113041792912895,0.3368687715717093,0.5718489234783073,0.3368687715717093,False,0.0,-2.476544815822708e-05,0.3580232181880723,0.5,0.5,False,,0.0,low_or_negative_expected_return
2022-12-30,YPF,baseline,False,0.0,-0.0522306381015426,0.0609358482248529,0.3297062921649374,0.3003264804030296,0.3155604684025062,0.3003264804030296,False,0.0,-3.085975348126037e-06,0.6878465590777558,0.5,0.5,True,0.5,0.5,selected
2022-12-30,META,baseline,False,0.0,0.0365630850903848,0.0758684158272473,0.1248130690505238,0.2379093049199134,0.4914409272840192,0.2379093049199134,False,0.0,-7.013436949926042e-05,0.5612510863527064,0.5,0.5,False,,0.0,low_or_negative_expected_return
2022-12-30,CCJ,baseline,False,0.0,0.0119100333857524,0.0979267448559009,0.121305689931412,0.2355536009976435,0.2862814181418891,0.2355536009976435,False,0.0,-0.0001356690210244,0.3580404549793581,0.5,0.5,False,,0.0,low_or_negative_expected_return
2023-01-09,TSLA,baseline,False,0.0,-0.0076813742567518,0.0978542972245808,0.2013860183904277,0.6432328886600771,0.6770477268104651,0.6432328886600771,False,0.0,1.1174931018349565e-05,0.0,0.5,0.5,False,,0.0,not_in_raw_selection
2023-01-09,META,baseline,False,0.0,0.0271877982488044,0.0454931592964764,0.1055842901062658,0.4800339330385839,0.3216960956498722,0.4800339330385839,False,0.0,3.527349828758027e-06,0.4427013947531519,0.5,0.5,False,,0.0,not_in_raw_selection
2023-01-09,NVDA,baseline,False,0.0,0.0179805562237622,0.1327104792988358,0.2327232576069073,0.4187995884091104,0.3280009832096449,0.4187995884091104,False,0.0,-1.2729745937994171e-05,0.295443595378313,0.5,0.5,False,,0.0,low_or_negative_expected_return
2023-01-09,AMD,baseline,False,0.0,0.012046478490814,0.064693614103533,0.1109458554651781,0.277662200944234,0.1393516217172696,0.277662200944234,False,0.0,-0.0001027042193345,0.2954470509228813,0.5,0.5,False,,0.0,low_or_negative_expected_return
2023-01-09,GOOGL,baseline,False,0.0,0.0045444392312461,0.0371506975366207,0.1099750133419064,0.222903925185818,0.0412406841769454,0.222903925185818,False,0.0,-6.274580105248145e-05,0.1866407611956693,0.5,0.5,False,,0.0,low_or_negative_expected_return
2023-01-17,TSLA,baseline,False,0.0,-0.0206099825131429,0.0943036989767942,0.3173624913241679,0.5913757035387648,0.5420944239218439,0.5913757035387648,False,0.0,-0.0002345640392776,0.0,0.5,0.5,False,,0.0,low_or_negative_expected_return
2023-01-17,META,baseline,False,0.0,-0.0172872069100129,0.057476350060698,0.1005466943630521,0.3259455889350333,0.2811761036271976,0.3259455889350333,False,0.0,-0.0003599810998578,0.2542969715480577,0.5,0.5,True,0.5,0.5,selected
2023-01-17,NVDA,baseline,False,0.0,-0.0183594430998736,0.0882950940561446,0.1036606613162063,0.2976500455880251,0.2822280185662107,0.2976500455880251,False,0.0,-0.00014967369198,0.062246150620174,0.5,0.5,False,,0.0,low_or_negative_expected_return
2023-01-17,AMD,baseline,False,0.0,-0.0148065038806647,0.0434418322313214,0.0497276906005939,0.2005866929029469,0.0935885587423976,0.2005866929029469,False,0.0,-8.424581038446884e-05,0.0319232697062614,0.5,0.5,False,,0.0,low_or_negative_expected_return
2023-01-17,CCJ,baseline,False,0.0,-0.0318646523804603,0.0605821795262258,0.1018882826441553,0.1471282360304158,0.0979543573424406,0.1471282360304158,False,0.0,-0.000554680486506,0.3599145986950187,0.5,0.5,False,,0.0,low_or_negative_expected_return
2023-01-24,TSLA,baseline,False,0.0,0.0037528201294276,0.2038362774026443,0.367780932611168,0.3959274547387452,0.2648551030092869,0.3959274547387452,False,0.0,-0.0003069738764127,0.0,0.5,0.5,False,,0.0,low_or_negative_expected_return
2023-01-24,META,baseline,False,0.0,-0.0114573103020918,0.0407293688410921,0.3386893665939545,0.1954729345175792,0.2922313959020439,0.1954729345175792,False,0.0,-0.0004238791385105,0.3373585198207585,0.5,0.5,True,0.5,0.5,selected
2023-01-24,NVDA,baseline,False,0.0,0.0030106704600447,0.0141189346014536,0.150947367670692,0.0772904421286744,0.2551778106389366,0.0772904421286744,False,0.0,-3.525140718339577e-05,0.2456668687143231,0.5,0.5,False,,0.0,low_or_negative_expected_return
2023-01-24,VIST,baseline,False,0.0,0.0270603030666669,-0.0221402586275559,0.0116851495315559,0.0602705737048885,0.1795817979822223,0.0602705737048885,False,0.0,-0.0007861080421499,0.1272990054616763,0.5,0.5,False,,0.0,low_or_negative_expected_return
2023-01-24,AAPL,baseline,False,0.0,-0.0047007519447381,0.0123482391209532,0.085034696000769,0.0447625407805674,0.0725461055668832,0.0447625407805674,False,0.0,-0.0004103372358919,0.5790807391744653,0.5,0.5,False,,0.0,low_or_negative_expected_return
2023-01-31,VIST,baseline,False,0.0,0.0056603870910161,0.0345912677738806,0.1591195438581634,0.191823975948693,0.0245283840474155,0.191823975948693,False,0.0,-0.0014401596588324,0.1638091208467063,0.5,0.5,False,,0.0,low_or_negative_expected_return
2023-01-31,TSLA,baseline,False,0.0,0.0472809282051165,0.1361851759129948,0.2080013770083648,0.1705923267724005,0.0417388042754207,0.1705923267724005,False,0.0,-0.0001241690873529,0.7606616800616129,0.5,0.5,True,0.5,0.5,selected
2023-01-31,META,baseline,False,0.0,0.0278579167783992,0.2862992115660738,0.2048062982938057,0.1641269836067118,0.3274484686821475,0.1641269836067118,False,0.0,0.0004833666125301,0.7325961375723461,0.5,0.5,False,,0.0,not_in_raw_selection
2023-01-31,NVDA,baseline,False,0.0,0.0719660178179959,0.1349234575952491,0.1757690484686394,0.16179552602432,0.2401085032092602,0.16179552602432,False,0.0,0.0007954273853974,0.7476923988854222,0.5,0.5,True,0.5,0.5,selected
2023-01-31,AMAT,baseline,False,0.0,0.0674500351291573,0.0809938017070437,0.0623374716190145,0.0517535598082201,0.062696256409523,0.0517535598082201,False,0.0,-0.0006197287752002,0.5744827659644046,0.5,0.5,False,,0.0,low_or_negative_expected_return
2023-02-07,VIST,baseline,False,0.0,0.0285713855049394,0.1203647082313279,0.0480242535890038,0.1659574112839434,0.0522795539888629,0.1659574112839434,False,0.0,-0.0026328985740555,0.4113301366626207,0.5,0.5,False,,0.0,low_or_negative_expected_return
2023-02-07,NVDA,baseline,True,0.1356498721704632,0.0014431780782135,0.0359897318185109,-0.0639967800535361,0.0905605641891236,0.1937040549888955,0.0905605641891236,True,0.1356498721704632,0.008735651676002,1.0,0.5,0.5,True,0.25,0.25,selected
2023-02-07,YPF,baseline,False,0.0,0.0008665709631623,0.0476603286441039,-0.0147313758107368,0.0441941274322104,-0.1533795069272373,0.0441941274322104,False,0.0,-0.0014658336917666,0.6062309028483697,0.5,0.5,False,,0.0,low_or_negative_expected_return
2023-02-07,AVGO,baseline,False,0.0,-0.020733961540004,-0.0197575182347434,-0.0622996034502817,0.0289853048014214,0.0268044489756844,0.0289853048014214,False,0.0,-0.0019960485643244,0.4651838444980896,0.5,0.5,False,,0.0,low_or_negative_expected_return
2023-02-07,CSCO,baseline,False,0.0,-0.0183946710975841,-0.0029264086371635,0.0307274501675269,0.0265468322264412,0.0338628538193499,0.0265468322264412,False,0.0,-0.0020080691590646,0.2546636403793288,0.5,0.5,False,,0.0,low_or_negative_expected_return
2023-02-14,META,baseline,False,0.0,-0.012926187434011,-0.0465790105268473,-0.0337641949122462,0.1017940979907079,0.1441386839302623,0.1017940979907079,False,0.0,-0.0007476350198965,0.3905482593741889,0.5,0.5,True,0.5,0.5,selected
2023-02-14,NVDA,baseline,True,0.1678593613373482,-0.0090113937735294,-0.0965130336731593,-0.0118845809579006,0.0547211672431917,0.1746984660503412,0.0547211672431917,True,0.1678593613373482,0.0046923205017839,0.8851802167393031,0.5,0.5,False,,0.0,not_in_raw_selection
2023-02-14,AMD,baseline,True,0.0,-0.0089586581780809,-0.10866779138474,-0.0891215393216079,0.0433973646232908,0.1179755642778508,0.0433973646232908,True,0.0,1.1265990671709836e-05,0.5698056470804452,0.5,0.5,False,,0.0,not_in_raw_selection
2023-02-14,AVGO,baseline,False,0.0,0.0089323109886223,-0.0433995526687712,-0.01451080944912,0.0393983353806195,0.0385017728896248,0.0393983353806195,False,0.0,-0.0010596516287574,0.379959142423789,0.5,0.5,False,,0.0,low_or_negative_expected_return
2023-02-14,CSCO,baseline,False,0.0,0.015723270188765,0.0337526328008459,0.0134171777654494,0.0285115427379241,0.0727462756919257,0.0285115427379241,False,0.0,-0.0008455869520418,0.0,0.5,0.5,False,,0.0,low_or_negative_expected_return
2023-02-22,NVDA,baseline,False,0.0,0.1402139292696593,0.0936687034449634,0.1651247997325264,0.2753204578261721,0.2952202416066871,0.2753204578261721,False,0.0,-8.749609104826537e-05,0.4913039935569477,0.5,0.5,False,,0.0,low_or_negative_expected_return
2023-02-22,AMD,baseline,False,0.0,0.0409868080489763,0.0219292558646551,0.1143454126933765,0.2737240706648638,0.2081973217748156,0.2737240706648638,False,0.0,-0.0001626737028003,0.4511467137209846,0.5,0.5,False,,0.0,low_or_negative_expected_return
2023-02-22,META,baseline,True,0.2499282372197375,0.0053763335390191,0.0134408784326034,0.0809373918812397,0.1676601406034319,0.2358578878097323,0.1676601406034319,True,0.2499282372197375,0.0016641091191368,0.8296999050503833,0.5,0.5,True,0.5,0.5,selected
2023-02-22,GOOGL,baseline,False,0.0,-0.0082924399735647,-0.0140752961707598,0.0283687772049512,0.1278778071530504,0.1398799725191961,0.1278778071530504,False,0.0,6.526526335513157e-05,2.0161968868288677e-05,0.5,0.5,False,,0.0,not_in_raw_selection
2023-02-22,INTC,baseline,False,0.0,0.0054967138112038,-0.0054966389251149,0.0200235666521761,0.1044365888937191,0.2889675192822318,0.1044365888937191,False,0.0,5.1538666329298114e-05,1.883026027409531e-05,0.5,0.5,False,,0.0,not_in_raw_selection
2023-03-01,INTC,baseline,False,0.0,0.0343466577913083,0.0256612562371918,0.1215949440577581,0.2443742815910736,0.268456421827508,0.2443742815910736,False,0.0,7.889896068594329e-05,0.1931793913769924,0.5,0.5,False,,0.0,not_in_raw_selection
2023-03-01,AMD,baseline,False,0.0,0.027462019424405,0.0904330278229759,0.1454847267397265,0.2273597549394457,0.1762676620383882,0.2273597549394457,False,0.0,3.634893248197389e-05,0.3958590724777354,0.5,0.5,False,,0.0,not_in_raw_selection
2023-03-01,NVDA,baseline,True,0.1579826545037449,0.0271389207438574,0.0653361443575026,0.0674068503714488,0.188827178902966,0.1658736186995122,0.188827178902966,True,0.1579826545037449,0.0015110328513718,0.8259516178082917,0.5,0.5,True,0.5,0.5,selected
2023-03-01,META,baseline,True,0.1618100724903421,0.0064006494180111,0.066601333027958,0.1402952490366911,0.1841195264196935,0.2706147412644488,0.1841195264196935,True,0.1618100724903421,0.0027738739122964,1.0,0.5,0.5,False,,0.0,not_in_raw_selection
2023-03-01,ADBE,baseline,False,0.0,0.031294436775257,0.0694538657800356,0.0316345485629427,0.1724905619922623,0.1713772715484975,0.1724905619922623,False,0.0,-7.188848342074449e-05,0.1931493794626297,0.5,0.5,False,,0.0,low_or_negative_expected_return
2023-03-08,INTC,baseline,False,0.0,0.017705966124959,0.0935335006925335,0.0827559529027306,0.2636644499428162,0.1878368419592038,0.2636644499428162,False,0.0,6.183726785442238e-05,0.0739492629104747,0.5,0.5,False,,0.0,not_in_raw_selection
2023-03-08,META,baseline,True,0.1329856778376751,-0.0177325985708527,0.069092278180006,0.0802292060331653,0.1433205078222639,0.1519165589991382,0.1433205078222639,True,0.1329856778376751,0.0015289585778,0.8830879658011116,0.5,0.5,False,,0.0,not_in_raw_selection
2023-03-08,MSFT,baseline,False,0.0,-0.0054394546339114,0.0462751503129075,0.0732755688620376,0.1207725650698345,0.1277492660353967,0.1207725650698345,False,0.0,-0.0001601428675634,0.4150419679600092,0.5,0.5,False,,0.0,low_or_negative_expected_return
2023-03-08,NVDA,baseline,False,0.0,-0.0308092692364484,0.001943711405,0.0945784160794989,0.1116579459162026,0.1208800448784206,0.1116579459162026,False,0.0,-0.0001242739322537,0.687960719884486,0.5,0.5,True,0.5,0.5,selected
2023-03-08,GOOGL,baseline,False,0.0,-0.0204774568188411,0.0197347544864887,0.0967639548708969,0.1084350262143567,0.1171352882284069,0.1084350262143567,False,0.0,-1.5010041831912536e-05,0.1642488080330667,0.5,0.5,False,,0.0,low_or_negative_expected_return
2023-03-15,YPF,baseline,False,0.0,0.0269687149573571,0.0539374299147146,0.2114346265032971,0.3322545600444431,0.1952534386798761,0.3322545600444431,False,0.0,-8.636377442755266e-05,0.1807744101946511,0.5,0.5,False,,0.0,low_or_negative_expected_return
2023-03-15,VIST,baseline,False,0.0,0.0454266255082165,0.0626150087838726,0.2136279525263411,0.3161448329705976,0.2492326112807312,0.3161448329705976,False,0.0,7.321358900531934e-05,0.1807699245084529,0.5,0.5,False,,0.0,not_in_raw_selection
2023-03-15,NFLX,baseline,True,0.1689093886735774,0.020639284199595,-0.0325553945117658,0.0929589332057541,0.1395700915626552,0.0726159319082997,0.1395700915626552,True,0.1689093886735774,0.0001562526334525,0.2510321874117143,0.5,0.5,False,,0.0,not_in_raw_selection
2023-03-15,ADBE,baseline,False,0.0,0.0589911095515331,0.0842301110199188,0.1365367354413738,0.1354575834826539,0.1133360203122433,0.1354575834826539,False,0.0,-5.528833682824481e-05,0.0,0.5,0.5,False,,0.0,low_or_negative_expected_return
2023-03-15,INTC,baseline,False,0.0,0.062302022783182,-0.0098557088401749,0.1094685190797302,0.1309398535967252,0.0510383939009959,0.1309398535967252,False,0.0,-1.7924685002706735e-05,0.3721271898825578,0.5,0.5,False,,0.0,low_or_negative_expected_return
2023-03-22,VIST,baseline,False,0.0,-0.0080877755036266,0.1421144464308834,0.2016175551007253,0.2472559687287372,0.0970537467942271,0.2472559687287372,False,0.0,-0.0002582264976993,0.3646942946486329,0.5,0.5,False,,0.0,low_or_negative_expected_return
2023-03-22,YPF,baseline,False,0.0,-0.0112590179321998,0.1494369514908748,0.1740020194077107,0.175025486627671,0.0788126374628241,0.175025486627671,False,0.0,3.720194606632192e-05,0.0,0.5,0.5,False,,0.0,not_in_raw_selection
2023-03-22,NFLX,baseline,False,0.0,0.0900646279041152,0.1297379994735483,0.1648520354311269,0.1070092045960158,0.0914596727173988,0.1070092045960158,False,0.0,-0.0003481211634122,0.086780996754442,0.5,0.5,False,,0.0,low_or_negative_expected_return
2023-03-22,INTC,baseline,False,0.0,0.0319943673206415,0.1205119586965777,0.1670815076611613,0.0970494678646325,0.1105581479962904,0.0970494678646325,False,0.0,-0.0001027105966141,0.1659336343257414,0.5,0.5,False,,0.0,low_or_negative_expected_return
2023-03-22,META,baseline,False,0.0,0.0223712590727214,0.0277263831270369,0.0584054767606065,0.0663630945780704,0.1687103104236904,0.0663630945780704,False,0.0,6.373003008118195e-05,0.4890262852405961,0.5,0.5,False,,0.0,not_in_raw_selection
2023-03-29,META,baseline,False,0.0,0.0121255912362612,0.0298514216792054,0.0730460168208546,0.1617238396298717,0.1482346543845369,0.1617238396298717,False,0.0,1.4256835736975782e-05,0.5170195943768432,0.5,0.5,True,0.5,0.5,selected
2023-03-29,AMZN,baseline,False,0.0,0.0174563591022443,0.0084787877717815,0.0214463992606375,0.095461343589269,0.1190024968097334,0.095461343589269,False,0.0,-0.0001079070656661,0.3139217668609599,0.5,0.5,False,,0.0,low_or_negative_expected_return
2023-03-29,MSFT,baseline,True,0.123931093084002,0.0126197921789013,0.0136536538409652,0.0332607972886997,0.0866991407078867,0.1055219940659843,0.0866991407078867,True,0.123931093084002,0.0010695036161889,0.8468499568330474,0.5,0.5,False,,0.0,not_in_raw_selection
2023-03-29,GOOGL,baseline,False,0.0,-0.0049314528356831,0.0303777675273282,0.0595719592848129,0.0611499850632721,0.149718911101262,0.0611499850632721,False,0.0,-9.004200898960752e-05,0.4008040603851058,0.5,0.5,False,,0.0,low_or_negative_expected_return
2023-03-29,PEP,baseline,False,0.0,0.0008856127953229,0.016438818015185,0.0205347138510398,0.0499253022852543,0.0811977545670163,0.0499253022852543,False,0.0,-9.934509144185476e-05,0.5822566144711016,0.5,0.5,False,,0.0,low_or_negative_expected_return
2023-04-05,META,baseline,False,0.0,0.0218460869553296,0.0419425503838399,0.0075184964479013,0.1042179354557828,0.1672499105851392,0.1042179354557828,False,0.0,-7.842284462471728e-05,0.390448384171548,0.5,0.5,True,0.5,0.5,selected
2023-04-05,MSFT,baseline,False,0.0,0.0255328475034433,0.0193430402716336,0.0062249034130552,0.0741014545810874,0.1202081772385057,0.0741014545810874,False,0.0,5.605857372902838e-05,0.577875442229557,0.5,0.5,False,,0.0,not_in_raw_selection
2023-04-05,CCJ,baseline,False,0.0,0.0059760803287083,0.051394382014873,0.0183266564733701,0.0601593707542971,0.0868526004798464,0.0601593707542971,False,0.0,0.0001770056465449,0.0,0.5,0.5,False,,0.0,not_in_raw_selection
2023-04-05,PEP,baseline,True,0.178828701079389,0.0039207211015908,0.0040296531018491,0.0092028013887126,0.0530385837809641,0.0431278490267286,0.0530385837809641,True,0.178828701079389,0.00080276830082,0.9554488105360576,0.5,0.5,False,,0.0,not_in_raw_selection
2023-04-05,AMZN,baseline,False,0.0,0.0094955400490772,0.0128585862648709,0.0268051347712565,0.0286844863466662,0.1686449387644863,0.0286844863466662,False,0.0,-8.183730484023073e-05,0.0363519329261336,0.5,0.5,False,,0.0,low_or_negative_expected_return
2023-04-13,AMZN,baseline,False,0.0,0.0010742246944572,0.0137694923017994,0.0724609185388547,0.0955077991558939,0.1230468582652977,0.0955077991558939,False,0.0,-0.0001440056474508,0.1718947939349776,0.5,0.5,False,,0.0,low_or_negative_expected_return
2023-04-13,GOOGL,baseline,False,0.0,0.0134040997609201,-0.0199199421350586,0.0014893049637936,0.0850786499458671,0.1493996370302956,0.0850786499458671,False,0.0,-9.670596573202324e-05,0.4942286158480389,0.5,0.5,False,,0.0,low_or_negative_expected_return
2023-04-13,NVDA,baseline,False,0.0,0.011147643260712,0.0242225281930901,0.0288327289876131,0.0799229045670488,0.4352114455624321,0.0799229045670488,False,0.0,8.100880689083776e-05,0.4763205095374559,0.5,0.5,False,,0.0,not_in_raw_selection
2023-04-13,META,baseline,True,0.1195352871941336,0.0051735845612497,-0.0330383416276235,0.0826412114848023,0.0700702825275341,0.1467664871436309,0.0700702825275341,True,0.1195352871941336,0.0024663638421481,0.8499621862461089,0.5,0.5,False,,0.0,not_in_raw_selection
2023-04-13,MSFT,baseline,False,0.0,-0.012765600801139,-0.0128692072642029,0.0517181563061432,0.0699350996059269,0.1244825336244561,0.0699350996059269,False,0.0,-0.0001077229308483,0.7192831230329012,0.5,0.5,False,,0.0,low_or_negative_expected_return
2023-04-20,AMD,baseline,False,0.0,-0.0186438829630058,-0.0296304311492656,-0.0388414157839649,0.1977582906905131,0.3079569394300077,0.1977582906905131,False,0.0,-0.00020122940634,3.429707892111599e-05,0.5,0.5,False,,0.0,low_or_negative_expected_return
2023-04-20,NVDA,baseline,True,0.1674847748097619,0.0005534013281349,0.0045011710518185,0.0168978815510043,0.1687573564587157,0.4509666297028734,0.1687573564587157,True,0.1674847748097619,0.0027458054194001,1.0,0.5,0.5,False,,0.0,not_in_raw_selection
2023-04-20,GOOGL,baseline,False,0.0,0.0011397354500766,0.0218443860040284,-0.0056985323288435,0.1665875274291186,0.1840630362323414,0.1665875274291186,False,0.0,-6.582213008157712e-05,0.5412679599540013,0.5,0.5,False,,0.0,low_or_negative_expected_return
2023-04-20,META,baseline,False,0.0,-0.0008448300013262,0.1196319958612854,0.0959778300336957,0.1585394359511867,0.2794385693935071,0.1585394359511867,False,0.0,-2.9798931734575807e-05,0.361825573820747,0.5,0.5,False,,0.0,low_or_negative_expected_return
2023-04-20,NFLX,baseline,False,0.0,0.0080836173202616,0.0015367830734607,-0.0140464341344764,0.1412018377613408,0.2308898439473996,0.1412018377613408,False,0.0,5.2477974668688056e-05,0.3270232934681879,0.5,0.5,False,,0.0,not_in_raw_selection
2023-04-27,NVDA,baseline,False,0.0,0.0192096055383588,0.0123411608233419,0.0496583887156361,0.3949900747954449,0.4240064900014115,0.3949900747954449,False,0.0,7.494521915191121e-05,0.5497618707403982,0.5,0.5,False,,0.0,not_in_raw_selection
2023-04-27,AMD,baseline,False,0.0,0.0220722810074152,-0.0094922439144586,0.1104757063471952,0.3763723137447063,0.4286367186763804,0.3763723137447063,False,0.0,5.408755608233772e-06,0.0296847803300215,0.5,0.5,False,,0.0,not_in_raw_selection
2023-04-27,AVGO,baseline,False,0.0,0.0130819671059234,-0.0133406763835008,0.0149738635158664,0.1785061321932852,0.3011108892486802,0.1785061321932852,False,0.0,-0.0001381724092605,0.1111087245299421,0.5,0.5,False,,0.0,low_or_negative_expected_return
2023-04-27,AMAT,baseline,False,0.0,0.0120880951865338,0.006894669063058,0.0338466938482062,0.1682485750732625,0.2188394944952292,0.1682485750732625,False,0.0,0.0001707916192565,0.0,0.5,0.5,False,,0.0,not_in_raw_selection
2023-04-27,TSLA,baseline,False,0.0,0.0257194272700913,0.0063049784096567,0.07422435363279,0.1515700006820208,0.525688183854546,0.1515700006820208,False,0.0,-2.1815848849836257e-05,0.1109825549313251,0.5,0.5,False,,0.0,low_or_negative_expected_return
2023-05-04,NVDA,baseline,False,0.0,0.0405630948181043,0.0368623042670159,0.149336012654575,0.4268557895801825,0.5489442318171105,0.4268557895801825,False,0.0,-3.11126854544554e-05,0.3102009325946976,0.5,0.5,True,0.5,0.5,selected
2023-05-04,AMD,baseline,False,0.0,0.0372935654633053,0.1211176283321233,0.2461609461330043,0.3608128366213754,0.3864449946292092,0.3608128366213754,False,0.0,-0.0001642636978833,0.183459785814097,0.5,0.5,False,,0.0,low_or_negative_expected_return
2023-05-04,AVGO,baseline,False,0.0,0.0327127677199681,0.028697382390898,0.1110200964327678,0.3307984543648639,0.4227579431494059,0.3307984543648639,False,0.0,-0.0001335720386462,0.0873715067091244,0.5,0.5,False,,0.0,low_or_negative_expected_return
2023-05-04,TSLA,baseline,True,0.0199539944740645,0.0549627839831554,0.0674938280942141,0.0973325231913246,0.3273573528007214,0.6162531853432702,0.3273573528007214,True,0.0199539944740645,1.5859933625694785e-05,0.2418349493129964,0.5,0.5,False,,0.0,not_in_raw_selection
2023-05-04,ADBE,baseline,False,0.0,0.0374296752130973,0.0171217587169294,0.0732513685111977,0.2993776987311618,0.4744960619209799,0.2993776987311618,False,0.0,7.808096693950179e-05,0.0873223908014903,0.5,0.5,False,,0.0,not_in_raw_selection
2023-05-11,TSLA,baseline,False,0.0,-0.0238261625981439,0.0279521008101575,0.072001390387087,0.4202695914452179,0.4008019554091866,0.4202695914452179,False,0.0,3.263656754573556e-05,0.2298728912719251,0.5,0.5,False,,0.0,not_in_raw_selection
2023-05-11,NVDA,baseline,False,0.0,-0.0083280484908933,0.1084750674459802,0.3289943564423441,0.3566380312968569,0.4217930305753774,0.3566380312968569,False,0.0,-4.625778898960933e-05,0.6392797495024988,0.5,0.5,True,0.5,0.5,selected
2023-05-11,ADBE,baseline,False,0.0,-0.0179459412325303,0.0551847498229456,0.1477838660657258,0.3291176820863024,0.4038000720635852,0.3291176820863024,False,0.0,-8.398443796554399e-05,0.2298967748378857,0.5,0.5,False,,0.0,low_or_negative_expected_return
2023-05-11,AMD,baseline,False,0.0,-0.0189494991432056,0.1115345211250551,0.2394438760593447,0.2865087552214407,0.1072091022213952,0.2865087552214407,False,0.0,-7.231982384217923e-05,0.280360883291764,0.5,0.5,True,0.5,0.5,selected
2023-05-11,AVGO,baseline,False,0.0,0.0055443688072778,0.0800261723720299,0.1611196845118194,0.2819156591300154,0.3090159518735635,0.2819156591300154,False,0.0,-0.0001042981297113,0.2299366601165293,0.5,0.5,False,,0.0,low_or_negative_expected_return
2023-05-18,TSLA,baseline,False,0.0,0.0183730002329922,0.0428515001255536,0.2096218099327134,0.4728928115998887,0.5818870953119226,0.4728928115998887,False,0.0,7.548247622234404e-06,0.099518734519247,0.5,0.5,False,,0.0,not_in_raw_selection
2023-05-18,ADBE,baseline,False,0.0,0.0300197196240317,0.0877563064272088,0.2106927946746009,0.3738590093450189,0.3461976009625276,0.3738590093450189,False,0.0,-0.0005578739772395,0.0995392349492371,0.5,0.5,False,,0.0,low_or_negative_expected_return
2023-05-18,NVDA,baseline,True,0.1184169213373293,-0.0130689931206476,0.1989393315850207,0.241460959954288,0.3476861551040904,0.3388786815342481,0.3476861551040904,True,0.1184169213373293,0.0006672763251353,0.6146513533906117,0.5,0.5,True,0.5,0.5,selected
2023-05-18,YPF,baseline,False,0.0,-0.0064337954124934,0.0165441455222843,0.0551470056511338,0.3373161799348503,0.3685661936307705,0.3373161799348503,False,0.0,-0.0001402293693006,0.0995135849775573,0.5,0.5,False,,0.0,low_or_negative_expected_return
2023-05-18,AVGO,baseline,False,0.0,0.0064168395444601,0.0750847657345989,0.1978167259420007,0.2805870458307256,0.2928749964407788,0.2805870458307256,False,0.0,-0.0001103766154938,0.7169874530510832,0.5,0.5,False,,0.0,low_or_negative_expected_return
2023-05-25,YPF,baseline,False,0.0,0.0054249062989151,0.0379746027743987,0.134719684863249,0.3924049759723231,0.3037974257865075,0.3924049759723231,False,0.0,-0.0007928928957685,0.1422172476631777,0.5,0.5,False,,0.0,low_or_negative_expected_return
2023-05-25,TSLA,baseline,False,0.0,0.0471621233299248,0.1599176007198357,0.324876631859941,0.3067165471710567,0.4625142665995887,0.3067165471710567,False,0.0,-0.0004152990989889,0.4583192991093291,0.5,0.5,False,,0.0,low_or_negative_expected_return
2023-05-25,ADBE,baseline,False,0.0,0.0595062419913345,0.1130184100252962,0.1579860297584918,0.2230526265153123,0.2874049721406253,0.2230526265153123,False,0.0,-9.850090662860232e-05,0.2617280287074704,0.5,0.5,False,,0.0,low_or_negative_expected_return
2023-05-25,INTC,baseline,False,0.0,0.0583941753191727,0.1427007263448216,0.1437956419310693,0.2167883436772193,0.215328456228889,0.2167883436772193,False,0.0,-8.218457445506121e-05,0.146145384365391,0.5,0.5,False,,0.0,low_or_negative_expected_return
2023-05-25,NFLX,baseline,False,0.0,0.0553760133121239,0.1155152975729387,0.1699720645161975,0.1586072423990301,0.226211644495732,0.1586072423990301,False,0.0,-0.0008980310324759,0.399615593990617,0.5,0.5,False,,0.0,low_or_negative_expected_return
2023-06-02,TSLA,baseline,False,0.0,0.0170117276668793,0.1422161634910386,0.2176473667268117,0.3077534501464691,0.3709398264447356,0.3077534501464691,False,0.0,0.0017377736666226,0.7716036746796148,0.5,0.5,False,,0.0,not_in_raw_selection
2023-06-02,YPF,baseline,False,0.0,0.0217770043526761,0.0932056351188752,0.267421669940284,0.2970384091515521,0.3484320696428173,0.2970384091515521,False,0.0,-0.0016169516109539,0.0888479944238967,0.5,0.5,False,,0.0,low_or_negative_expected_return
2023-06-02,VIST,baseline,False,0.0,0.017090108348857,0.0794457852660179,0.1066974367964999,0.1168591561766161,0.2461893772572678,0.1168591561766161,False,0.0,-0.0011530108437636,0.1267450487173391,0.5,0.5,False,,0.0,low_or_negative_expected_return
2023-06-02,ADBE,baseline,True,0.1165550445722932,-0.005018682461928,0.0404015057865698,0.1347709471701881,0.1119233606443876,0.2196759319481149,0.1119233606443876,True,0.1165550445722932,0.0028107312517821,0.8957885205388336,0.5,0.5,False,,0.0,not_in_raw_selection
2023-06-02,NFLX,baseline,True,0.1238561399856355,0.007665972476303,0.0488175886621564,0.0786325615129088,0.1023047926568674,0.1856068742468266,0.1023047926568674,True,0.1238561399856355,0.0018395873600497,0.7888096479164464,0.5,0.5,False,,0.0,not_in_raw_selection
2023-06-09,YPF,baseline,False,0.0,-0.0127489916319069,0.1593625473788051,0.227091584420807,0.1490039726803849,0.2454183168841615,0.1490039726803849,False,0.0,-0.000779048926446,0.1587948026665599,0.5,0.5,False,,0.0,low_or_negative_expected_return
2023-06-09,META,baseline,False,0.0,0.0230231187201115,0.060577418582745,0.0510284521259329,0.1258350435999935,0.1114172019384736,0.1258350435999935,False,0.0,-0.001081732474011,0.326219256363957,0.5,0.5,False,,0.0,low_or_negative_expected_return
2023-06-09,VIST,baseline,False,0.0,-0.0363714313626704,0.0252459659414634,0.0312366074463639,0.1202395962787032,0.1249465114007128,0.1202395962787032,False,0.0,-0.0008649658569698,0.1589918734868347,0.5,0.5,False,,0.0,low_or_negative_expected_return
2023-06-09,ADBE,baseline,True,0.150965273338178,0.0454405393894548,0.0907048296823376,0.0561894488229626,0.1117620930272578,0.1571366230296669,0.1117620930272578,True,0.150965273338178,0.0066328932459867,1.0,0.5,0.5,False,,0.0,not_in_raw_selection
2023-06-09,TSLA,baseline,True,0.1202194794380058,0.0222177089614421,0.066039341454622,-0.0137070005253169,0.1038871329071777,0.0854337373333005,0.1038871329071777,True,0.1202194794380058,0.0052655099091077,0.8763704452206617,0.5,0.5,False,,0.0,not_in_raw_selection
2023-06-16,VIST,baseline,False,0.0,0.0058431261413443,0.0058431261413443,0.0091820212483104,0.1260434295976578,0.0772120389048187,0.1260434295976578,False,0.0,-0.0014738825444604,0.3700725747874261,0.5,0.5,True,0.25,0.25,selected
2023-06-16,TSLA,baseline,True,0.119255063306479,0.0533891272200177,-0.0748061904273854,0.0740001464150279,0.1258923263883804,0.0020342318335553,0.1258923263883804,True,0.119255063306479,0.0100253971909602,0.9427690917482348,0.5,0.5,True,0.25,0.25,selected
2023-06-16,NVDA,baseline,True,0.084278431315467,0.0261406652148443,-0.048252630668478,-0.0065352556576215,0.1124800428040972,0.0893609694255936,0.1124800428040972,True,0.084278431315467,0.0047109269734307,0.7511576027477243,0.5,0.5,True,0.25,0.25,selected
2023-06-16,META,baseline,False,0.0,0.0118504860222976,-0.009003554374722,0.0178647295860208,0.1104981771991771,0.1484341332920928,0.1104981771991771,False,0.0,-0.0023837285153398,0.3425446879548962,0.5,0.5,False,,0.0,low_or_negative_expected_return
2023-06-16,NFLX,baseline,False,0.0,0.0063432280909239,-0.0370867072686957,0.0219465200556856,0.0991758607619575,0.0154181030508746,0.0991758607619575,False,0.0,-0.0001780295124249,0.5580442559151506,0.5,0.5,False,,0.0,low_or_negative_expected_return
2023-06-26,NVDA,baseline,True,0.1143394067894311,0.0306162502986686,0.0438324038028679,0.0436355289216898,0.1242124652687641,0.0992321691865931,0.1242124652687641,True,0.1143394067894311,0.0014641458281314,0.7393305815253272,0.5,0.5,False,,0.0,not_in_raw_selection
2023-06-26,CCJ,baseline,False,0.0,-0.0110330968033959,0.0277499140066985,0.0434636992207482,0.1210297208409372,0.1367435698245838,0.1210297208409372,False,0.0,-0.0002618377629086,0.4254734821939174,0.5,0.5,False,,0.0,low_or_negative_expected_return
2023-06-26,AVGO,baseline,False,0.0,0.032581505764226,0.0667087988980497,0.0735367460874085,0.1172790836592529,0.0748877198628801,0.1172790836592529,False,0.0,-9.342569703932846e-05,0.1076754244117856,0.5,0.5,False,,0.0,low_or_negative_expected_return
2023-06-26,TXN,baseline,False,0.0,0.0447999855324074,0.0652444118923611,0.0596741174768518,0.1026963071469908,-0.0119703956886574,0.1026963071469908,False,0.0,-0.000404031461466,6.984114863989451e-05,0.5,0.5,False,,0.0,low_or_negative_expected_return
2023-06-26,TSLA,baseline,True,0.0885696072468214,0.0380004295629174,0.1608380161029756,0.1192283971346519,0.1005185456161825,0.0358846454551882,0.1005185456161825,True,0.0885696072468214,0.0021089751389276,0.8327264821280861,0.5,0.5,True,0.5,0.5,selected
2023-07-03,ADBE,baseline,False,0.0,0.0042250125649703,0.0402506113295999,0.0969064731595188,0.1316749144824123,0.0690217047087615,0.1316749144824123,False,0.0,8.605986726049572e-06,0.5015230902312355,0.5,0.5,False,,0.0,not_in_raw_selection
2023-07-03,META,baseline,False,0.0,0.0291937851347743,0.0428991678992878,0.0910076210724302,0.1282777562782595,0.0556954891449839,0.1282777562782595,False,0.0,-8.95482914874425e-05,0.4786730358404962,0.5,0.5,False,,0.0,low_or_negative_expected_return
2023-07-03,CCJ,baseline,False,0.0,-0.0078074096585926,0.0152895028254385,0.0715679528943209,0.1236174747138247,0.1024723370847211,0.1236174747138247,False,0.0,6.224421542262875e-05,0.305118380859155,0.5,0.5,False,,0.0,not_in_raw_selection
2023-07-03,QCOM,baseline,False,0.0,-0.0246481736592303,-0.0268131708676938,0.0230660700885287,0.0998418341143789,-0.0700307793252995,0.0998418341143789,False,0.0,-0.0004744258260432,0.2100248088335885,0.5,0.5,False,,0.0,low_or_negative_expected_return
2023-07-03,GOOGL,baseline,False,0.0,0.0154295116812137,-0.0230192001760296,0.0321934992596177,0.0971643150760461,0.0824019777121145,0.0971643150760461,False,0.0,-0.0001025326862202,0.2846086251020592,0.5,0.5,False,,0.0,low_or_negative_expected_return
2023-07-11,GOOGL,baseline,False,0.0,0.015280868404081,0.0565135972432575,0.0432815410725728,0.1217346301958073,0.1019293367220333,0.1217346301958073,False,0.0,0.000117776328479,0.0829063001553095,0.5,0.5,False,,0.0,not_in_raw_selection
2023-07-11,CCJ,baseline,False,0.0,0.007689897004393,0.0554309385768942,0.0743351413931456,0.0893944568205835,0.1598847108249157,0.0893944568205835,False,0.0,-0.0002009124891759,0.0828834089392876,0.5,0.5,False,,0.0,low_or_negative_expected_return
2023-07-11,AMZN,baseline,False,0.0,0.0156856988011222,0.0314490067568544,0.0027178607457161,0.0866594484228515,0.0424755495616799,0.0866594484228515,False,0.0,-2.631930915054373e-05,0.5152639226697847,0.5,0.5,False,,0.0,low_or_negative_expected_return
2023-07-11,AMAT,baseline,False,0.0,0.009668521769842,0.0505233866791967,0.0181738880806181,0.0759668299920621,0.0748037854576062,0.0759668299920621,False,0.0,-0.0002415069775853,0.0828955714475865,0.5,0.5,False,,0.0,low_or_negative_expected_return
2023-07-11,NVDA,baseline,False,0.0,0.0353024806283002,0.1200094528569792,0.0772079275897481,0.0532720846734176,0.0769484867872305,0.0532720846734176,False,0.0,-9.337685363866352e-05,0.2826955317164862,0.5,0.5,True,0.5,0.5,selected
2023-07-18,GOOGL,baseline,False,0.0,-0.01397869527369,-0.0125242649079112,0.0629444148437585,0.0486425059724855,0.087346517464415,0.0486425059724855,False,0.0,-0.0001767529273987,0.0917007976743121,0.5,0.5,False,,0.0,low_or_negative_expected_return
2023-07-18,CSCO,baseline,False,0.0,0.0232240161539469,0.0460577033245115,0.0277126877913833,0.0411787027036927,0.1038251272552144,0.0411787027036927,False,0.0,5.454193734399223e-05,0.2064175115375076,0.5,0.5,False,,0.0,not_in_raw_selection
2023-07-18,AMZN,baseline,False,0.0,0.0190468926027325,-0.0278551298444471,-0.0085823938412528,0.0364375236856999,0.0156591267212373,0.0364375236856999,False,0.0,-0.0001895792780401,0.375870245631676,0.5,0.5,False,,0.0,low_or_negative_expected_return
2023-07-18,CCJ,baseline,False,0.0,-0.0006071784637979,0.0179113593559623,0.0485732348367804,0.0288403400894241,0.1083788659277456,0.0288403400894241,False,0.0,-2.4837506585439893e-05,0.2974373762653141,0.5,0.5,False,,0.0,low_or_negative_expected_return
2023-07-18,COST,baseline,False,0.0,0.0009392483080796,0.0209540906143637,0.003395913503599,0.0088874124739981,-0.019545163025568,0.0088874124739981,False,0.0,-0.0006907741363353,0.5523583824931223,0.5,0.5,False,,0.0,low_or_negative_expected_return
2023-07-25,CCJ,baseline,False,0.0,0.0062631347096733,0.0301223433641786,0.0140173348587571,0.0796302439859071,0.0987176109095111,0.0796302439859071,False,0.0,-0.0002313324547393,0.4088910255004678,0.5,0.5,False,,0.0,low_or_negative_expected_return
2023-07-25,GOOGL,baseline,False,0.0,0.0577694561891646,0.0764258574360128,0.0751983870457237,0.0562147352757398,0.100237359636401,0.0562147352757398,False,0.0,-7.005537598062485e-05,0.1684145885071073,0.5,0.5,False,,0.0,low_or_negative_expected_return
2023-07-25,AMAT,baseline,True,0.1025915810534237,-0.0074253413127308,0.0897473050359016,0.056761367177065,0.055619082398334,0.0936741064249897,0.055619082398334,True,0.1025915810534237,0.0002596409821046,0.2887604884323918,0.5,0.5,False,,0.0,not_in_raw_selection
2023-07-25,AMZN,baseline,False,0.0,-0.0075893359348782,0.0198249629194777,0.0837140645073466,0.0396499258389557,0.0482459187792401,0.0396499258389557,False,0.0,-0.000117435987054,3.73668951328616e-05,0.5,0.5,False,,0.0,low_or_negative_expected_return
2023-07-25,CSCO,baseline,False,0.0,-0.0070895011984269,-0.0175372883109843,-0.0100745730634823,0.034701504912348,0.0664179379596408,0.034701504912348,False,0.0,-0.0002154418684918,0.5973501291490291,0.5,0.5,False,,0.0,low_or_negative_expected_return
2023-08-01,CSCO,baseline,False,0.0,-0.0015191419785268,0.0075959272130261,0.0131028983803329,0.0740600367865471,0.0687428587613765,0.0740600367865471,False,0.0,-0.0005915379073936,0.4437953791677246,0.5,0.5,False,,0.0,low_or_negative_expected_return
2023-08-01,CCJ,baseline,True,0.1420154301869608,-0.0382165506611442,-0.0156340735730724,-0.0188188045353149,0.0570352447535764,0.1270989945942626,0.0570352447535764,True,0.1420154301869608,0.0035219149195698,1.0,0.5,0.5,True,0.5,0.5,selected
2023-08-01,NVDA,baseline,False,0.0,-0.0481217658389253,-0.0396284109026175,-0.0551960209099251,0.0489603807758025,-0.0219751727654221,0.0489603807758025,False,0.0,7.642644427214714e-05,0.39954659976448,0.5,0.5,True,0.5,0.5,selected
2023-08-01,VIST,baseline,False,0.0,-0.0302207979634452,-0.0007748373044884,-0.0216969964172735,0.0352576468904193,0.0236342744274942,0.0352576468904193,False,0.0,6.47213765046532e-05,0.1283175319469391,0.5,0.5,False,,0.0,not_in_raw_selection
2023-08-01,AMZN,baseline,False,0.0,-0.0264256637787476,0.0626471246643853,0.0454096409497735,0.0244513718658014,0.0999316836368406,0.0244513718658014,False,0.0,-0.0002037766120552,0.2094734916431402,0.5,0.5,False,,0.0,low_or_negative_expected_return
2023-08-08,CCJ,baseline,True,0.1313083944594341,0.0076470094568588,-0.0032353120691636,0.0647059047923368,0.083529416252585,0.161764705882353,0.083529416252585,True,0.1313083944594341,0.0007187330768562,0.869139924989673,0.5,0.5,True,0.5,0.5,selected
2023-08-08,ADBE,baseline,False,0.0,-0.0131001663636012,-0.0036495648636322,-0.0021513545326753,0.0794084302615274,0.0291587676197109,0.0794084302615274,False,0.0,-0.0003083529496099,0.1656770118981225,0.5,0.5,False,,0.0,low_or_negative_expected_return
2023-08-08,CSCO,baseline,False,0.0,-0.0013192554280531,0.0054654559616362,0.0452317687347392,0.0772709831889473,0.045985649520492,0.0772709831889473,False,0.0,-0.000166936140152,0.3796262659359933,0.5,0.5,False,,0.0,low_or_negative_expected_return
2023-08-08,INTC,baseline,False,0.0,-0.0211308300626462,-0.007138777747919,-0.0608224169124198,0.0559679914007007,-0.009423238913223,0.0559679914007007,False,0.0,-0.0002380882007145,0.5500467603294741,0.5,0.5,False,,0.0,low_or_negative_expected_return
2023-08-08,NVDA,baseline,False,0.0,-0.0472416384817737,-0.0162099859929623,0.0224789040347102,0.0536673670185507,-0.0542943527723686,0.0536673670185507,False,0.0,7.957539122044487e-05,0.4114119434406199,0.5,0.5,True,0.5,0.5,selected
2023-08-15,TSLA,baseline,False,0.0,-0.0315934083028743,0.0009872755877,0.1039662828979148,0.164577523927498,0.0323660416759594,0.164577523927498,False,0.0,2.996720638563709e-05,0.3015866374855165,0.5,0.5,False,,0.0,not_in_raw_selection
2023-08-15,CCJ,baseline,False,0.0,0.0050162875982378,0.0681617413659971,0.0773089105656648,0.1487164652197306,0.1906166775100573,0.1487164652197306,False,0.0,-3.076178647393772e-06,0.589311395994254,0.5,0.5,True,0.5,0.5,selected
2023-08-15,INTC,baseline,False,0.0,-0.035662975615231,-0.0540696302376796,-0.0132297692958455,0.1133160360896468,-0.0046016636556122,0.1133160360896468,False,0.0,-0.0002150595731761,0.7444668438295313,0.5,0.5,True,0.5,0.5,selected
2023-08-15,ADBE,baseline,True,0.1228095642433696,-0.0081164871285484,0.0015036981749818,0.0421630896520173,0.0672064479104903,-0.0310391473387695,0.0672064479104903,True,0.1228095642433696,0.0011029775903935,1.0,0.5,0.5,False,,0.0,not_in_raw_selection
2023-08-15,CSCO,baseline,False,0.0,-0.0073102043262028,0.0395501531527704,0.0601687533454573,0.0549203446856152,-0.0028115785467998,0.0549203446856152,False,0.0,-0.0001007464342783,0.6555605541378808,0.5,0.5,False,,0.0,low_or_negative_expected_return
2023-08-22,TSLA,baseline,False,0.0,0.0157382311871088,0.1028774389262376,0.0803207493093334,0.1260774200809562,0.1199451131174937,0.1260774200809562,False,0.0,3.117336836116651e-05,0.5404867344258707,0.5,0.5,False,,0.0,not_in_raw_selection
2023-08-22,CCJ,baseline,False,0.0,-0.0066298804809005,0.0085634682889597,0.0176795407779011,0.0911601979975369,-0.0011049976432125,0.0911601979975369,False,0.0,-2.852025308076915e-06,0.5963936732959962,0.5,0.5,True,0.5,0.5,selected
2023-08-22,VIST,baseline,True,0.0534465258448429,0.040444111242444,0.0594766074876822,0.0265662210363013,0.0705789347782797,0.1391752705965865,0.0705789347782797,True,0.0534465258448429,0.0002513657187303,0.4198579492479348,0.5,0.5,False,,0.0,not_in_raw_selection
2023-08-22,INTC,baseline,False,0.0,0.0331407775255523,0.0431742781998802,0.1243539139096228,0.0547278586337423,0.0924293393718982,0.0547278586337423,False,0.0,-0.000144152011608,0.2254524432230633,0.5,0.5,False,,0.0,low_or_negative_expected_return
2023-08-22,COST,baseline,False,0.0,0.0046250538792247,0.0081728633727158,0.0154540695055038,0.047290937837489,0.0620948287961413,0.047290937837489,False,0.0,0.0001792896082258,0.225529834171611,0.5,0.5,False,,0.0,not_in_raw_selection
2023-08-29,VIST,baseline,False,0.0,0.0078593187581532,-0.0310628721944324,-0.0112275166455789,0.1351048167335582,0.1594311503875194,0.1351048167335582,False,0.0,-3.0687232014772206e-06,0.2216406632252014,0.5,0.5,True,0.5,0.5,selected
2023-08-29,CCJ,baseline,True,0.1192648261502117,0.0117776040795425,0.0090386701239604,0.0662832674581441,0.105176672942302,0.0194468072257119,0.105176672942302,True,0.1192648261502117,0.0006717376746792,0.6576122036705527,0.5,0.5,False,,0.0,not_in_raw_selection
2023-08-29,COST,baseline,True,0.117967317595679,-0.0009396424770576,0.0072221802404297,0.0313023741603266,0.0382482617288881,0.0419146216285997,0.0382482617288881,True,0.117967317595679,0.0001836492745332,0.2760155867010742,0.5,0.5,False,,0.0,not_in_raw_selection
2023-08-29,INTC,baseline,False,0.0,0.0064120488837147,0.0778198211039362,0.1282424230564696,0.0087437838837887,0.0749052635370881,0.0087437838837887,False,0.0,-9.28160838286142e-05,0.0692484081712181,0.5,0.5,False,,0.0,low_or_negative_expected_return
2023-08-29,META,baseline,False,0.0,-0.0096982590877846,0.0039599423874314,0.0237256537330601,-0.0008389543548202,0.1001040909675585,-0.0008389543548202,False,0.0,-0.0001800196649669,0.0692328709002998,0.5,0.5,False,,0.0,low_or_negative_expected_return
2023-09-06,VIST,baseline,False,0.0,-0.016608741418036,0.0204712514152247,0.0428737209934184,0.1096948713611558,0.2043260347716515,0.1096948713611558,False,0.0,0.0002066582779047,1.9882881902839724e-05,0.5,0.5,False,,0.0,not_in_raw_selection
2023-09-06,COST,baseline,False,0.0,0.003530323706602,0.0239075294332267,0.0313523469825562,0.045930939361295,0.0511258886795298,0.045930939361295,False,0.0,-0.0002190269063042,0.1693059408526459,0.5,0.5,False,,0.0,low_or_negative_expected_return
2023-09-06,TSLA,baseline,False,0.0,-0.0017068620153485,0.0769291432394605,0.0423547088222415,0.0366783326465707,-0.0366783326465707,0.0366783326465707,False,0.0,-7.41871869768637e-05,0.0,0.5,0.5,False,,0.0,low_or_negative_expected_return
2023-09-06,META,baseline,False,0.0,-0.0016712904955655,0.0196877489938747,0.0016712904955655,0.0214258543865715,0.059497900839144,0.0214258543865715,False,0.0,-0.000133090224438,3.113961839334762e-05,0.5,0.5,False,,0.0,low_or_negative_expected_return
2023-09-06,GOOGL,baseline,False,0.0,0.005949633742553,0.016733600235407,-0.0053547611538894,0.0058009723363818,0.0260300448106332,0.0058009723363818,False,0.0,-0.0002159271759038,0.6603633139868357,0.5,0.5,False,,0.0,low_or_negative_expected_return
2023-09-13,VIST,baseline,False,0.0,0.0370930938458118,0.0219530629080684,0.1479939377789958,0.1725964970769991,0.1392884290139635,0.1725964970769991,False,0.0,-2.798130967503452e-06,0.1741850259419543,0.5,0.5,False,,0.0,low_or_negative_expected_return
2023-09-13,META,baseline,False,0.0,0.021831782978462,-0.0176686034681557,-0.0239953038182686,0.0746083063914448,-0.0181275776029425,0.0746083063914448,False,0.0,-0.000193565245997,0.1598656938898959,0.5,0.5,False,,0.0,low_or_negative_expected_return
2023-09-13,AAPL,baseline,False,0.0,0.0087824965290876,0.0073474469316749,-0.0216980304942784,0.0320876879769138,-0.0178520204953531,0.0320876879769138,False,0.0,-0.0001317380513518,3.869935369848897e-05,0.5,0.5,False,,0.0,low_or_negative_expected_return
2023-09-13,NVDA,baseline,False,0.0,0.0021106006397386,-0.0713642333452424,-0.0663296045999453,0.0290425223212413,-0.0814774372212465,0.0290425223212413,False,0.0,-8.240994572026691e-05,0.3385471727650824,0.5,0.5,False,,0.0,low_or_negative_expected_return
2023-09-13,GOOGL,baseline,True,0.1125755729041201,0.0101675028994598,-0.0217248268220724,-0.0451321273112667,0.0280886266498963,-0.0811938084879758,0.0280886266498963,True,0.1125755729041201,0.0001687076743783,0.4063215992473746,0.5,0.5,False,,0.0,not_in_raw_selection
2023-09-20,VIST,baseline,False,0.0,0.0203703421133536,0.1233333305076316,0.0640740571198639,0.1548148261176214,0.0229629940456814,0.1548148261176214,False,0.0,-3.916703913731169e-05,0.5274712796648565,0.5,0.5,True,0.5,0.5,selected
2023-09-20,AVGO,baseline,False,0.0,-0.0267406804074827,-0.0165669295041807,-0.0081390190941085,0.067977458577624,0.0269333052372366,0.067977458577624,False,0.0,4.040659901114121e-05,0.222336361634253,0.5,0.5,False,,0.0,not_in_raw_selection
2023-09-20,META,baseline,False,0.0,-0.0131478034666834,-0.0064404949006511,0.0197216033627483,0.0577301265317982,0.0406446829179272,0.0577301265317982,False,0.0,0.0001863905749349,0.3580092343256658,0.5,0.5,False,,0.0,not_in_raw_selection
2023-09-20,YPF,baseline,False,0.0,0.0258014014613212,-0.007818638136668,-0.1039874845717641,0.0555121219909766,-0.1907740099812941,0.0555121219909766,False,0.0,6.434475809631553e-05,0.0,0.5,0.5,False,,0.0,not_in_raw_selection
2023-09-20,ADBE,baseline,False,0.0,-0.0408750293339652,-0.0619284433518412,-0.0324014435728428,0.04122954311922,0.01627528132127,0.04122954311922,False,0.0,-0.0001958117901432,0.3049347501036377,0.5,0.5,False,,0.0,low_or_negative_expected_return
2023-09-27,NFLX,baseline,False,0.0,-0.0032574296886483,-0.0018273854234491,-0.0308800657082861,0.0891443425357598,0.1564130994277297,0.0891443425357598,False,0.0,-0.000135502638472,0.1518888818917734,0.5,0.5,False,,0.0,low_or_negative_expected_return
2023-09-27,MSFT,baseline,False,0.0,0.0027174976191528,0.0197256393797826,0.062757774694051,0.0891332974876928,0.1611624485597009,0.0891332974876928,False,0.0,-7.669431343904701e-05,0.2349699371359208,0.5,0.5,False,,0.0,low_or_negative_expected_return
2023-09-27,AVGO,baseline,False,0.0,0.0185967017656862,0.0085698871259465,0.0707018957057346,0.0401806747037107,0.1154736013850805,0.0401806747037107,False,0.0,4.388691241976168e-05,0.2349529953270727,0.5,0.5,False,,0.0,not_in_raw_selection
2023-09-27,ADBE,baseline,True,0.0467317483321607,0.004118597889138,0.0314762765907772,0.0941304545692178,0.0368881980098969,0.1645642468178625,0.0368881980098969,True,0.0467317483321607,0.0001926143235076,0.2349222955621596,0.5,0.5,False,,0.0,not_in_raw_selection
2023-09-27,META,baseline,False,0.0,0.0208907148005441,0.0263316873615773,0.1010278030376952,0.0060119856372427,0.0740243476449784,0.0060119856372427,False,0.0,-0.0001752650137411,0.2857326959726508,0.5,0.5,False,,0.0,low_or_negative_expected_return
2023-10-04,CCJ,baseline,False,0.0,0.0268252551105181,0.0293141973939161,0.0472897978896158,0.1352322845764171,0.1938605738693024,0.1352322845764171,False,0.0,-0.0002012744672043,0.397976546248111,0.5,0.5,False,,0.0,low_or_negative_expected_return
2023-10-04,NFLX,baseline,False,0.0,-0.0114353879427829,-0.0291058679236173,-0.0814804791033224,0.1148581198754237,0.2256301917561038,0.1148581198754237,False,0.0,0.0001442616882036,0.0,0.5,0.5,False,,0.0,not_in_raw_selection
2023-10-04,MSFT,baseline,False,0.0,0.0012540566440939,0.0421997188777576,0.0349573432254581,0.0849950357267887,0.1589855258689965,0.0849950357267887,False,0.0,-5.7328517643565325e-05,0.3980535021203865,0.5,0.5,False,,0.0,low_or_negative_expected_return
2023-10-04,AMZN,baseline,True,0.0871658124608658,-0.0081889835868295,0.0380315104807456,0.008897676242618,0.078740157480315,0.127559031088521,0.078740157480315,True,0.0871658124608658,0.000103209109849,0.3360685880430569,0.5,0.5,False,,0.0,not_in_raw_selection
2023-10-04,ADBE,baseline,True,0.126877764325547,-0.0038192595463534,0.0607422384793225,0.0760966272665226,0.0503067357539794,0.1483160703351258,0.0503067357539794,True,0.126877764325547,0.000155403402924,0.3980196683474556,0.5,0.5,False,,0.0,not_in_raw_selection
2023-10-11,NFLX,baseline,False,0.0,-0.0129259583003001,-0.0539447190474775,0.1238488694712141,0.1932610799848009,0.3062607927852983,0.1932610799848009,False,0.0,2.795610156473897e-05,0.1596222508369339,0.5,0.5,False,,0.0,not_in_raw_selection
2023-10-11,MSFT,baseline,False,0.0,-0.0037904148809587,-0.0069491245498491,0.0248180003211313,0.0925936993441227,0.1366644330686708,0.0925936993441227,False,0.0,5.681522556552699e-05,0.659065991206971,0.5,0.5,False,,0.0,not_in_raw_selection
2023-10-11,CCJ,baseline,False,0.0,-0.0279419903658911,0.0174636671107921,0.0545405350005123,0.086781285231116,0.2090273649687404,0.086781285231116,False,0.0,-0.0001998240669731,0.1596185346608577,0.5,0.5,False,,0.0,low_or_negative_expected_return
2023-10-11,QCOM,baseline,False,0.0,0.0030597221876065,-0.0012598936841975,-0.05705546985761,0.0804535150381529,0.1474081789826251,0.0804535150381529,False,0.0,0.0001202334680022,0.10979450449016,0.5,0.5,False,,0.0,not_in_raw_selection
2023-10-11,AMZN,baseline,False,0.0,0.0037927633547389,-0.0280664256758782,-0.0791929173663027,0.0777516487721496,0.1128726744757373,0.0777516487721496,False,0.0,-9.904353161775796e-05,0.1596320389620778,0.5,0.5,False,,0.0,low_or_negative_expected_return
2023-10-18,NFLX,baseline,False,0.0,0.1605476397503824,0.1879315005140953,0.2137554994879982,0.334353994523294,0.3691036733995851,0.334353994523294,False,0.0,2.5397406433206773e-05,0.2491128143902834,0.5,0.5,False,,0.0,not_in_raw_selection
2023-10-18,QCOM,baseline,False,0.0,0.0027031484347539,-0.0558659613452729,-0.0008109926523941,0.1616506962458197,0.1628221224386481,0.1616506962458197,False,0.0,-7.539087628625765e-05,0.2491314689681663,0.5,0.5,False,,0.0,low_or_negative_expected_return
2023-10-18,NVDA,baseline,False,0.0,-0.0022513368075079,-0.0098824491738318,0.0030572002095932,0.1585932666198253,0.1083989336638995,0.1585932666198253,False,0.0,-9.669473973169066e-05,0.2490763548601715,0.5,0.5,False,,0.0,low_or_negative_expected_return
2023-10-18,AMD,baseline,False,0.0,0.0022511829407421,-0.0598022973461176,0.0574532920796921,0.1549378693819556,0.1858667498629367,0.1549378693819556,False,0.0,-0.0002050635801757,0.3150900555812619,0.5,0.5,False,,0.0,low_or_negative_expected_return
2023-10-18,CCJ,baseline,False,0.0,0.012410911908091,0.0364404834179528,0.0839714918105891,0.1399524527738551,0.212569301930527,0.1399524527738551,False,0.0,0.0001020274980635,0.249124124698377,0.5,0.5,False,,0.0,not_in_raw_selection
2023-10-25,YPF,baseline,False,0.0,0.0026619105370599,-0.0816326565151269,-0.1100266791860038,0.3309671154154043,0.4640638269569446,0.3309671154154043,False,0.0,-0.0001113211055121,1.655409212438123e-05,0.5,0.5,False,,0.0,low_or_negative_expected_return
2023-10-25,INTC,baseline,False,0.0,-0.0094426243070683,0.1358513200036997,0.1550410007311018,0.3301856757021808,0.2838866638748769,0.3301856757021808,False,0.0,5.992071095331596e-05,3.8004167783765306e-05,0.5,0.5,False,,0.0,not_in_raw_selection
2023-10-25,AMD,baseline,False,0.0,-0.024880277434846,0.1247137587071678,0.1824901022780487,0.2753487950226418,0.3363522629582163,0.2753487950226418,False,0.0,-0.0001319402986801,3.02819401990792e-05,0.5,0.5,False,,0.0,low_or_negative_expected_return
2023-10-25,QCOM,baseline,False,0.0,0.0080168350550804,0.058312661591277,0.1458293467962512,0.2168352880835526,0.2687536170087587,0.2168352880835526,False,0.0,-9.209653168091138e-05,6.076319598487149e-05,0.5,0.5,False,,0.0,low_or_negative_expected_return
2023-10-25,AMZN,baseline,False,0.0,-0.0149929953371382,0.1285937942898014,0.1704423967825687,0.208583964507194,0.2099843942773569,0.208583964507194,False,0.0,9.194383759018404e-05,4.014392430790352e-05,0.5,0.5,False,,0.0,not_in_raw_selection
2023-11-01,YPF,baseline,False,0.0,0.0338163685889361,-0.0309179359134568,-0.0096618722496633,0.6048309176963431,0.6840579384307883,0.6048309176963431,False,0.0,3.3076578784089306e-05,0.3214021968005154,0.5,0.5,False,,0.0,not_in_raw_selection
2023-11-01,INTC,baseline,True,0.1063584002182284,0.0109949004383473,0.0168945357455232,0.0890319016710399,0.1987127826625134,0.2115848537392524,0.1987127826625134,True,0.1063584002182284,0.0002283487066902,0.5053169860072911,0.5,0.5,False,,0.0,not_in_raw_selection
2023-11-01,TSLA,baseline,False,0.0,0.0624817203924519,0.0799863690329834,0.1807837791195725,0.1673635979579961,0.2207040677886123,0.1673635979579961,False,0.0,5.936463288012697e-05,0.0,0.5,0.5,False,,0.0,not_in_raw_selection
2023-11-01,QCOM,baseline,False,0.0,0.0583461200858037,0.0826945461215444,0.162593551073461,0.1637659280554078,0.2760393252667743,0.1637659280554078,False,0.0,-7.071304800485282e-05,0.3214616741714645,0.5,0.5,False,,0.0,low_or_negative_expected_return
2023-11-01,NFLX,baseline,True,0.1194376198895638,0.0107570302356898,0.0391727520644749,0.099359792879347,0.1279896766499662,0.1181370471198941,0.1279896766499662,True,0.1194376198895638,0.0012524603472332,0.892020577898318,0.5,0.5,True,0.5,0.5,selected
2023-11-08,YPF,baseline,False,0.0,-0.0069790325710689,0.0219342246147435,0.4955134994362102,0.6450648493798312,0.7597208463037322,0.6450648493798312,False,0.0,-3.3730295733809746e-05,0.1754521513142251,0.5,0.5,False,,0.0,low_or_negative_expected_return
2023-11-08,VIST,baseline,False,0.0,0.0247738558083452,0.0334251030778292,0.1443177362269629,0.1753833673200904,0.1828548785972235,0.1753833673200904,False,0.0,-0.0001370558578098,0.1754581734363964,0.5,0.5,False,,0.0,low_or_negative_expected_return
2023-11-08,AMD,baseline,False,0.0,-0.000880345781715,0.0388238736181587,0.0785280930180325,0.1301170812201766,0.2317106098491799,0.1301170812201766,False,0.0,7.385335130765327e-06,0.2769341579672469,0.5,0.5,False,,0.0,not_in_raw_selection
2023-11-08,INTC,baseline,False,0.0,-0.003164528947236,0.0709388863739248,0.1516350284190937,0.1115507268246063,0.2415612896735577,0.1115507268246063,False,0.0,-0.0001787293272606,0.3157914442764955,0.5,0.5,False,,0.0,low_or_negative_expected_return
2023-11-08,QCOM,baseline,True,0.0936964948056497,0.0003331743823151,0.0737964417001386,0.0619690370872716,0.1072797363378803,0.1864068410620301,0.1072797363378803,True,0.0936964948056497,0.0002019698047013,0.4924151736342617,0.5,0.5,False,,0.0,not_in_raw_selection
2023-11-15,YPF,baseline,False,0.0,-0.0039024353027343,0.4634146341463414,0.6204878644245426,0.7004878346512957,0.6770732228348895,0.7004878346512957,False,0.0,-0.0004704077299049,0.0,0.5,0.5,False,,0.0,low_or_negative_expected_return
2023-11-15,AMD,baseline,False,0.0,0.0155084900936837,0.0382203570866988,0.0267796920517744,0.1694915254237288,0.2492373191704184,0.1694915254237288,False,0.0,-0.0005658906038581,0.4713688283440047,0.5,0.5,True,0.5,0.5,selected
2023-11-15,AVGO,baseline,False,0.0,-0.0162497341561982,-0.0034857900768281,-0.0509227273121918,0.134396155798899,0.144402285752188,0.134396155798899,False,0.0,0.0008548841643971,0.7271968282357174,0.5,0.5,False,,0.0,not_in_raw_selection
2023-11-15,INTC,baseline,False,0.0,0.0674710126222233,0.0753508375425571,0.1007141120688714,0.1125338494493721,0.2373799370786313,0.1125338494493721,False,0.0,0.0010526577152762,0.710125638054148,0.5,0.5,False,,0.0,not_in_raw_selection
2023-11-15,VIST,baseline,False,0.0,-0.0239726427570216,0.1073059216568907,0.1731354306764794,0.1118720909395933,0.1229071330990372,0.1118720909395933,False,0.0,-0.0009456688163226,0.0888848463864254,0.5,0.5,False,,0.0,low_or_negative_expected_return
2023-11-22,YPF,baseline,False,0.0,0.1226666768391926,0.1073333740234374,0.1,0.1766666412353514,0.1139999389648438,0.1766666412353514,False,0.0,-0.0008047390370437,0.1137588518752592,0.5,0.5,True,0.5,0.5,selected
2023-11-22,AVGO,baseline,False,0.0,0.0070679435280363,-0.0476028708502018,-0.0511728310658907,0.1597633725943663,0.1058127981998395,0.1597633725943663,False,0.0,-0.000894472813044,0.2862329553903209,0.5,0.5,False,,0.0,low_or_negative_expected_return
2023-11-22,AMD,baseline,True,0.1151528955879576,-0.0016325571312481,-0.0110194959642552,0.0478327718453612,0.1420292320828644,0.1932086370648322,0.1420292320828644,True,0.1151528955879576,0.0032396980284319,0.8033567672178835,0.5,0.5,True,0.5,0.5,selected
2023-11-22,COST,baseline,False,0.0,0.0038703880552291,0.0062130322508853,0.0371256781467974,0.129150461478112,0.1232599701994108,0.129150461478112,False,0.0,-0.0001840287028219,0.3641707129454467,0.5,0.5,False,,0.0,low_or_negative_expected_return
2023-11-22,QCOM,baseline,False,0.0,0.0019607843137254,0.0121568866804533,0.0426666858149509,0.1171764897365195,0.0904313629748774,0.1171764897365195,False,0.0,-2.16167271086148e-05,0.3500388942929328,0.5,0.5,False,,0.0,low_or_negative_expected_return
2023-11-30,AMD,baseline,False,0.0,0.0018982809556564,0.0595080161534604,0.1389897311727883,0.2166556553861283,0.3101683781378686,0.2166556553861283,False,0.0,-2.5283454306132825e-05,0.3302343563340179,0.5,0.5,False,,0.0,low_or_negative_expected_return
2023-11-30,AVGO,baseline,False,0.0,0.0046125972166179,-0.0037483945577154,0.1952621650988055,0.205805173809731,0.2044117026523093,0.205805173809731,False,0.0,-7.987091751886322e-05,0.2665302993489061,0.5,0.5,False,,0.0,low_or_negative_expected_return
2023-11-30,INTC,baseline,True,0.1445321082209124,-0.0214764892189573,-0.0570469618240977,0.0107382446094785,0.1241610546383262,0.0527964333349235,0.1241610546383262,True,0.1445321082209124,0.0037657863719089,1.0,0.5,0.5,False,,0.0,not_in_raw_selection
2023-11-30,QCOM,baseline,False,0.0,0.0048043014531262,0.0301433498462475,0.0964742088634349,0.1207284111787743,0.0935295759783034,0.1207284111787743,False,0.0,7.08903916476198e-06,0.6610872063705927,0.5,0.5,False,,0.0,not_in_raw_selection
2023-11-30,TXN,baseline,False,0.0,0.0163708983700343,0.0325452540331971,0.1052320827641637,0.1162333784272446,0.0731451619269099,0.1162333784272446,False,0.0,-0.000375983245571,0.1498557460091799,0.5,0.5,False,,0.0,low_or_negative_expected_return
2023-12-07,AVGO,baseline,False,0.0,0.0238978425819593,0.1997593364661838,0.2223125671003054,0.165452291424248,0.3296792603327232,0.165452291424248,False,0.0,7.54512734551131e-06,0.2164077959795614,0.5,0.5,False,,0.0,not_in_raw_selection
2023-12-07,INTC,baseline,False,0.0,0.0130486172514812,0.0718860894331532,0.1169632295777949,0.1494661686593896,0.1599050443599952,0.1494661686593896,False,0.0,-0.0002110811868258,0.7634733327394423,0.5,0.5,False,,0.0,low_or_negative_expected_return
2023-12-07,AMD,baseline,True,0.1147712086944523,0.0042845140817815,0.0750175683501537,0.0898964632224776,0.1387395671576929,0.3119888180660646,0.1387395671576929,True,0.1147712086944523,0.0005847333583248,0.6454988372663982,0.5,0.5,False,,0.0,not_in_raw_selection
2023-12-07,NVDA,baseline,False,0.0,0.0195295697978412,0.0376426684149193,0.0513778215423146,0.12140521931398,0.2849386264044571,0.12140521931398,False,0.0,-0.0002019376401974,0.4010991703423325,0.5,0.5,False,,0.0,low_or_negative_expected_return
2023-12-07,META,baseline,False,0.0,0.0188615809767063,0.0201476382119067,0.0842034364443558,0.0981965390361774,0.1794605362269044,0.0981965390361774,False,0.0,-2.504309841573626e-05,0.3830951137442418,0.5,0.5,False,,0.0,low_or_negative_expected_return
2023-12-14,NVDA,baseline,False,0.0,0.011168581852518,0.0132368815831143,0.0242399363391307,0.1661220630577762,0.2983247206118791,0.1661220630577762,False,0.0,-4.128972175041489e-05,0.0340097651162833,0.5,0.5,False,,0.0,low_or_negative_expected_return
2023-12-14,AMD,baseline,False,0.0,0.0083332891049592,0.0138406062471694,0.0681884323341259,0.1502898948780004,0.2468115765115488,0.1502898948780004,False,0.0,-8.005937218049726e-05,0.5094826294044248,0.5,0.5,True,0.5,0.5,selected
2023-12-14,META,baseline,False,0.0,0.0052525735494486,0.0627907136507466,0.0624005078171694,0.1029203609129167,0.2007683207821704,0.1029203609129167,False,0.0,-0.0008068589601556,0.0340235358846041,0.5,0.5,False,,0.0,low_or_negative_expected_return
2023-12-14,COST,baseline,True,0.1505892836581078,0.0444528626859028,0.0545038559416335,0.0464504049464424,0.0803924642224738,0.1109102344528627,0.0803924642224738,True,0.1505892836581078,0.0019876990336327,1.0,0.5,0.5,False,,0.0,not_in_raw_selection
2023-12-14,GOOGL,baseline,False,0.0,0.0050023014241074,0.0642716050524931,0.0587388195891669,0.0799606097964338,0.147946065721271,0.0799606097964338,False,0.0,-0.0006138130634668,0.03403893692442,0.5,0.5,False,,0.0,low_or_negative_expected_return
2023-12-21,NVDA,baseline,False,0.0,-0.003265969420908,0.0108593113377641,0.0666053594976341,0.2221473575688721,0.3925902681228288,0.2221473575688721,False,0.0,-0.0001319938760653,0.0797828737718293,0.5,0.5,False,,0.0,low_or_negative_expected_return
2023-12-21,AMD,baseline,False,0.0,-0.0022156925915205,0.0536058880972722,0.0448144439250695,0.2037738100249728,0.199914234069011,0.2037738100249728,False,0.0,-8.058909819718432e-05,0.431304671340888,0.5,0.5,True,0.5,0.5,selected
2023-12-21,META,baseline,False,0.0,-0.0019768468375062,-0.0003671520917197,0.0129063440692569,0.0878590646188544,0.2841933009222499,0.0878590646188544,False,0.0,-0.0008390931172566,0.2015676405437046,0.5,0.5,False,,0.0,low_or_negative_expected_return
2023-12-21,AVGO,baseline,True,0.1531595318735087,-0.0047103961493312,-0.0097933656230214,-0.0465186051477383,0.0878389833519619,0.0845922826224154,0.0878389833519619,True,0.1531595318735087,0.0043189849373536,0.9623472701175608,0.5,0.5,False,,0.0,not_in_raw_selection
2023-12-21,CCJ,baseline,False,0.0,-0.0004583056380247,-0.0123739899880803,-0.0213107313974064,0.0843263143135764,0.0912007240582226,0.0843263143135764,False,0.0,-0.0007018342625756,0.0,0.5,0.5,False,,0.0,low_or_negative_expected_return
2023-12-29,NVDA,baseline,False,0.0,-0.0273413858300348,0.0551471876794567,0.1385243063512684,0.267598220444704,0.4564839724862972,0.267598220444704,False,0.0,-0.000227197082362,0.2497644094947573,0.5,0.5,False,,0.0,low_or_negative_expected_return
2023-12-29,AMD,baseline,True,0.1143990261389505,-0.0599009674492286,-0.0083441486722131,0.0768604677402025,0.1672206314639721,0.1636930264199285,0.1672206314639721,True,0.1143990261389505,0.0015563429219129,0.6583514317671584,0.5,0.5,True,0.5,0.5,selected
2023-12-29,NFLX,baseline,False,0.0,-0.0377506010020788,-0.0037997324666169,-0.0115839463359969,0.1560343444981602,0.1389254020933668,0.1560343444981602,False,0.0,0.0001756711263995,0.3001589917142054,0.5,0.5,False,,0.0,not_in_raw_selection
2023-12-29,META,baseline,False,0.0,-0.0216690673955156,0.0132783713427897,0.0381399037346097,0.130240725552075,0.2999209126028652,0.130240725552075,False,0.0,-0.0006316314547909,0.1165571841175013,0.5,0.5,False,,0.0,low_or_negative_expected_return
2023-12-29,VIST,baseline,False,0.0,-0.0338868177649583,0.0311758749291206,0.0349034455661383,0.1162317306412679,0.0437139613071291,0.1162317306412679,False,0.0,0.0002456696358051,0.0,0.5,0.5,False,,0.0,not_in_raw_selection
2024-01-08,NVDA,baseline,True,0.1258205917167941,0.016975122300572,0.079019419892669,0.1458290047825163,0.3056284179733841,0.2912560474995638,0.3056284179733841,True,0.1258205917167941,0.0008989030455144,0.7061616569574019,0.5,0.5,False,,0.0,not_in_raw_selection
2024-01-08,META,baseline,False,0.0,-0.0034294623704038,0.0245357377547432,0.0739976810180513,0.2678302475262646,0.3049405955513904,0.2678302475262646,False,0.0,-0.0001245155989274,0.6808022224641346,0.5,0.5,False,,0.0,low_or_negative_expected_return
2024-01-08,AMD,baseline,True,0.1093560301145604,0.0210699273866155,0.085921558672124,0.1521412409870008,0.1484472109337193,0.1238883672030173,0.1484472109337193,True,0.1093560301145604,0.0013498617553971,0.7707824107826858,0.5,0.5,True,0.5,0.5,selected
2024-01-08,NFLX,baseline,False,0.0,-0.0060614545131371,-0.0078139046164421,0.0147620444569582,0.146073503492395,0.1820918506587221,0.146073503492395,False,0.0,7.966753833100564e-06,0.3598428626513281,0.5,0.5,False,,0.0,not_in_raw_selection
2024-01-08,AVGO,baseline,False,0.0,0.007107967945541,0.0373168494593447,0.1409126483485485,0.1375075470565094,0.1419733176682962,0.1375075470565094,False,0.0,-0.0001893214131687,0.0358830493691846,0.5,0.5,False,,0.0,low_or_negative_expected_return
2024-01-16,NVDA,baseline,True,0.1242760011734435,-0.0058351701935351,0.0619169439012441,0.1133694848440174,0.2792734984763065,0.3774431920860626,0.2792734984763065,True,0.1242760011734435,0.0028306212217308,0.9667847640649626,0.5,0.5,True,0.5,0.5,selected
2024-01-16,META,baseline,False,0.0,0.0024764700464556,0.0482774211192509,0.0887171579535099,0.252163516619025,0.3172045944295494,0.252163516619025,False,0.0,-0.0001285876985862,0.5160564283531683,0.5,0.5,False,,0.0,low_or_negative_expected_return
2024-01-16,AMAT,baseline,False,0.0,-0.0025364165165282,0.0864334613665132,0.0811655270043163,0.1726717221661804,0.2847294507242615,0.1726717221661804,False,0.0,-0.0001568196832477,0.1426771054305121,0.5,0.5,False,,0.0,low_or_negative_expected_return
2024-01-16,NFLX,baseline,False,0.0,-0.0018909401178779,0.0227537446638708,0.1695827280554636,0.1522732738621899,0.2394646772703053,0.1522732738621899,False,0.0,-0.0001793275861127,0.4795019020099237,0.5,0.5,False,,0.0,low_or_negative_expected_return
2024-01-16,AVGO,baseline,False,0.0,-0.0101259723207958,0.0998690023623916,0.0835904383220369,0.1225963124137641,0.1564719703101216,0.1225963124137641,False,0.0,0.0001776192438832,0.1426738415418126,0.5,0.5,False,,0.0,not_in_raw_selection
2024-01-23,META,baseline,False,0.0,0.0142782965360965,0.0385773231584836,0.1804776396951601,0.2150311109744915,0.2878763775097182,0.2150311109744915,False,0.0,6.838467753632258e-05,0.3964662001820744,0.5,0.5,False,,0.0,not_in_raw_selection
2024-01-23,NFLX,baseline,False,0.0,0.1070317875668109,0.1435624011719929,0.1294012322915634,0.1648956098779876,0.214348094387538,0.1648956098779876,False,0.0,-0.0006735650579843,0.0353177688465383,0.5,0.5,False,,0.0,low_or_negative_expected_return
2024-01-23,AMAT,baseline,False,0.0,0.0424423598226089,-0.0048488329469996,0.0098772455333218,0.139359463358309,0.2700987386585547,0.139359463358309,False,0.0,-0.0001637272815504,0.1631727879967627,0.5,0.5,False,,0.0,low_or_negative_expected_return
2024-01-23,VIST,baseline,False,0.0,0.0132282887856791,0.0374802717073696,0.0062992366280143,0.1348031111589567,0.1861417274775467,0.1348031111589567,False,0.0,5.314610060427655e-05,0.0882365613400413,0.5,0.5,False,,0.0,not_in_raw_selection
2024-01-23,NVDA,baseline,True,0.1214839299451992,0.0248692797381746,0.0484525096225965,0.1394618328946895,0.126918625824671,0.481469031460787,0.126918625824671,True,0.1214839299451992,0.0023750443395593,0.7511665611579081,0.5,0.5,True,0.5,0.5,selected
2024-01-30,NVDA,baseline,True,0.1623644511476983,-0.0198648782586253,0.0868034769689787,0.1490107425169211,0.2371842509039503,0.4478606271201077,0.2371842509039503,True,0.1623644511476983,0.0072036940329219,1.0,0.5,0.5,False,,0.0,not_in_raw_selection
2024-01-30,META,baseline,True,0.1196156651433634,-0.0247962379910361,0.1366295155618595,0.1501274756914361,0.2098684996436843,0.2387392149889626,0.2098684996436843,True,0.1196156651433634,0.0007511363489381,0.6374383350478207,0.5,0.5,False,,0.0,not_in_raw_selection
2024-01-30,AMAT,baseline,True,0.09837392300881,-0.0116698891801109,0.0147978306893119,0.0846366193485734,0.188281922273251,0.2064484536295383,0.188281922273251,True,0.09837392300881,0.0001676102641195,0.3186113061719553,0.5,0.5,False,,0.0,not_in_raw_selection
2024-01-30,VIST,baseline,False,0.0,-0.0054644903667309,-0.0300545812095694,-0.0649665901295225,0.0947177558183689,0.2067395767214517,0.0947177558183689,False,0.0,-0.0008102873778,0.3387303763443031,0.5,0.5,False,,0.0,low_or_negative_expected_return
2024-01-30,AMZN,baseline,False,0.0,-0.0238993902626277,0.0638364396005306,0.060628926978921,0.0890566268057193,0.1104402362175707,0.0890566268057193,False,0.0,1.456656798669173e-05,0.3676676201107097,0.5,0.5,False,,0.0,not_in_raw_selection
2024-02-06,NVDA,baseline,True,0.1456897537968703,0.0274980499601604,0.0572387435872345,-0.0110080098410613,0.3001480073248808,0.324655940282651,0.3001480073248808,True,0.1456897537968703,0.0063041538628566,1.0,0.5,0.5,False,,0.0,not_in_raw_selection
2024-02-06,AMAT,baseline,False,0.0,0.0130408831537629,0.0688203960899511,0.1282157988980206,0.257676360444985,0.2155305350806078,0.257676360444985,False,0.0,8.217355582053213e-06,0.5208653310321891,0.5,0.5,False,,0.0,not_in_raw_selection
2024-02-06,AMD,baseline,False,0.0,0.018227290145302,0.021801216922022,-0.0213843905900864,0.2546461684334673,0.0705860763644745,0.2546461684334673,False,0.0,-0.0001486604524423,0.6263159157328475,0.5,0.5,False,,0.0,low_or_negative_expected_return
2024-02-06,VIST,baseline,False,0.0,0.0090767107543776,-0.0359937871179287,0.1276994653812351,0.1787167119913184,0.3455399265070829,0.1787167119913184,False,0.0,5.820176366328389e-05,0.3766837001807247,0.5,0.5,False,,0.0,not_in_raw_selection
2024-02-06,QCOM,baseline,False,0.0,0.0124218820979573,0.0412212833519947,0.0548923530068283,0.1650936313565667,0.1635669053927586,0.1650936313565667,False,0.0,-0.0006358273317928,0.3636621488131275,0.5,0.5,False,,0.0,low_or_negative_expected_return
2024-02-13,VIST,baseline,False,0.0,0.0357142989843368,0.1698051841489416,0.170779294367686,0.2905844475531751,0.3714286598955789,0.2905844475531751,False,0.0,4.3522580836179305e-05,0.1858994912993034,0.5,0.5,False,,0.0,not_in_raw_selection
2024-02-13,NVDA,baseline,True,0.1808427762762218,0.0245674802339463,-0.064551884654485,0.0767386283907878,0.2600932032615746,0.2512478103093507,0.2600932032615746,True,0.1808427762762218,0.0063851068521946,1.0,0.5,0.5,False,,0.0,not_in_raw_selection
2024-02-13,AMD,baseline,False,0.0,0.041739558950351,-0.0422641965941249,0.0291477217890516,0.1355369063190905,0.0469278498707308,0.1355369063190905,False,0.0,-0.0001424754837477,0.5416982455518426,0.5,0.5,False,,0.0,low_or_negative_expected_return
2024-02-13,QCOM,baseline,False,0.0,0.0259931306970666,0.0131298407681628,0.0387230943572682,0.1280325751363695,0.1272328209204476,0.1280325751363695,False,0.0,-0.0007181769061832,0.1551533584571777,0.5,0.5,False,,0.0,low_or_negative_expected_return
2024-02-13,AMAT,baseline,False,0.0,0.0326105316534193,0.055570985570031,0.0955576283114305,0.1123065846275082,0.1535688692603307,0.1123065846275082,False,0.0,8.248158017428045e-06,0.4873510077976739,0.5,0.5,False,,0.0,not_in_raw_selection
2024-02-21,NVDA,baseline,False,0.0,0.1640088017558281,0.1510404593557666,0.3146193500676753,0.3394000694280328,0.2731947863391863,0.3394000694280328,False,0.0,-0.0001586646714475,0.6777860122063987,0.5,0.5,False,,0.0,low_or_negative_expected_return
2024-02-21,VIST,baseline,True,0.1051835842191786,0.0027755285097545,0.0008327114907198,0.0452401088909235,0.1931724433798536,0.1462670173830773,0.1931724433798536,True,0.1051835842191786,0.000890887055462,0.7164369088431154,0.5,0.5,True,0.5,0.5,selected
2024-02-21,YPF,baseline,False,0.0,0.0642688803907904,0.006485885394432,0.1008255356208622,0.1415095315704453,0.1928066411723716,0.1415095315704453,False,0.0,0.0002689492312546,0.5111564795358989,0.5,0.5,False,,0.0,not_in_raw_selection
2024-02-21,QCOM,baseline,False,0.0,0.0180251667138955,0.0252615731560137,0.1044668472907441,0.1030195660023205,0.1167686378621755,0.1030195660023205,False,0.0,6.535456248224238e-05,0.5343769940537572,0.5,0.5,False,,0.0,not_in_raw_selection
2024-02-21,NFLX,baseline,False,0.0,0.0263713449331357,0.0403418463813702,0.0424522885056886,0.094776349688284,0.0763757161830591,0.094776349688284,False,0.0,-0.0001920497140821,0.6596765861742503,0.5,0.5,False,,0.0,low_or_negative_expected_return
2024-02-28,YPF,baseline,False,0.0,0.0134739042969089,0.0937317170518088,0.0609256551915862,0.1786761100724547,0.2659637373575299,0.1786761100724547,False,0.0,9.198963452209296e-06,0.2699540935983545,0.5,0.5,False,,0.0,not_in_raw_selection
2024-02-28,VIST,baseline,False,0.0,0.0205212932775324,0.0443704496169592,0.1023294089345792,0.171381033550187,0.2018857044384097,0.171381033550187,False,0.0,5.5428757043642095e-05,0.6496109593059273,0.5,0.5,False,,0.0,not_in_raw_selection
2024-02-28,NVDA,baseline,True,0.114280070702235,0.0186575004825901,0.1421139364670667,0.170286985194183,0.1620719990136987,0.1667846331504321,0.1620719990136987,True,0.114280070702235,0.0035781208907292,0.9088653546522438,0.5,0.5,True,0.5,0.5,selected
2024-02-28,GOOGL,baseline,False,0.0,0.0152515160330282,-0.036515697375193,0.0250035802994026,0.1062471749200026,0.1688663877016716,0.1062471749200026,False,0.0,4.1613171035612766e-05,0.2700074027851347,0.5,0.5,False,,0.0,not_in_raw_selection
2024-02-28,QCOM,baseline,False,0.0,0.0124477838090595,0.0772537235458037,0.0859800665492698,0.0852101267835452,0.1237086815799743,0.0852101267835452,False,0.0,-0.0007478103625098,0.6131579857929415,0.5,0.5,False,,0.0,low_or_negative_expected_return
2024-03-06,CCJ,baseline,False,0.0,0.0586115436969758,-0.0494835772384543,0.00840736164163,0.1616622476474278,0.1570981727847977,0.1616622476474278,False,0.0,-0.0005603975323648,0.0,0.5,0.5,False,,0.0,low_or_negative_expected_return
2024-03-06,GOOGL,baseline,False,0.0,0.0226789278900252,0.0638508354593836,0.1319635647041199,0.1455860408782281,0.18729072871753,0.1455860408782281,False,0.0,-0.0003286868870962,0.0729482468291184,0.5,0.5,False,,0.0,low_or_negative_expected_return
2024-03-06,VIST,baseline,True,0.105717859254591,-0.0308019079158817,0.0554965523381836,0.1415295234373441,0.0966542592776609,0.0969198497256427,0.0966542592776609,True,0.105717859254591,0.0018207903928461,0.7506296901772005,0.5,0.5,False,,0.0,not_in_raw_selection
2024-03-06,YPF,baseline,False,0.0,-0.0187466727391252,-0.0299946150859119,0.0369577145815729,0.0835564788198999,0.0214247250613657,0.0835564788198999,False,0.0,-0.0008494834869714,0.2136827083990494,0.5,0.5,False,,0.0,low_or_negative_expected_return
2024-03-06,PEP,baseline,False,0.0,0.0006748503702549,0.0141104481702933,0.0543558319653469,0.0407975085673888,0.0568711918555886,0.0407975085673888,False,0.0,3.46701810323903e-05,0.0730136345145376,0.5,0.5,False,,0.0,not_in_raw_selection
2024-03-13,CCJ,baseline,False,0.0,0.009603261840938,0.0609047224159402,0.0793530304236811,0.2754612486717971,0.2423553254118995,0.2754612486717971,False,0.0,0.0001012646693339,0.1306298922817722,0.5,0.5,False,,0.0,not_in_raw_selection
2024-03-13,YPF,baseline,False,0.0,-0.0060740257672153,0.0690226370994988,0.1109884130944165,0.1932633838785971,0.1176145272766644,0.1932633838785971,False,0.0,-0.0001181459198434,0.3590239935062528,0.5,0.5,False,,0.0,low_or_negative_expected_return
2024-03-13,GOOGL,baseline,False,0.0,0.0236784675324193,0.0640246987401429,0.0792617666729211,0.1403534681900786,0.1159597073639406,0.1403534681900786,False,0.0,-6.218885544088139e-05,0.1306808327411029,0.5,0.5,False,,0.0,low_or_negative_expected_return
2024-03-13,AVGO,baseline,False,0.0,0.0034979354229358,0.0144132213479657,0.0483833656190753,0.0990483863982831,0.029057046473879,0.0990483863982831,False,0.0,0.0001680375980495,0.1306421189934526,0.5,0.5,False,,0.0,not_in_raw_selection
2024-03-13,VIST,baseline,True,0.1477099230781292,-0.0105659916715802,0.0815094761878438,0.062641551659542,0.0903144692474942,0.0749685419430523,0.0903144692474942,True,0.1477099230781292,0.0052056757787041,1.0,0.5,0.5,False,,0.0,not_in_raw_selection
2024-03-20,CCJ,baseline,False,0.0,0.0157217688091702,0.0173892222533702,0.1519771590682432,0.1474511361173596,0.1534063529521876,0.1474511361173596,False,0.0,-0.0004569229722854,0.1015406937685185,0.5,0.5,False,,0.0,low_or_negative_expected_return
2024-03-20,GOOGL,baseline,False,0.0,-0.0076643764121739,0.0143202201516747,0.0120343768994621,0.0488771597766681,0.1202096878021508,0.0488771597766681,False,0.0,-0.0001820571331811,0.5937925948028124,0.5,0.5,False,,0.0,low_or_negative_expected_return
2024-03-20,AMZN,baseline,False,0.0,0.0,0.0094303002645428,0.010384542053875,0.006006215890417,0.0368790768976186,0.006006215890417,False,0.0,6.864656556034994e-05,0.0903987950860896,0.5,0.5,False,,0.0,not_in_raw_selection
2024-03-20,PEP,baseline,True,0.0,0.0034330055614761,0.009949998299745,-0.0128593431049602,0.0023856840489542,0.0208890743927669,0.0023856840489542,True,0.0,6.221451960673728e-06,1.0,0.5,0.5,False,,0.0,not_in_raw_selection
2024-03-20,META,baseline,False,0.0,0.0044311220142325,-0.0230653661883072,0.0106821184748768,-0.0073587618720305,-0.1262858002162286,-0.0073587618720305,False,0.0,-0.0001360120028157,0.2716240900495988,0.5,0.5,False,,0.0,low_or_negative_expected_return
2024-03-27,CCJ,baseline,False,0.0,0.0142823840652652,0.1322875590492105,0.1816905245275839,0.1510185179396168,0.2228986340864778,0.1510185179396168,False,0.0,0.0001615374139663,0.3288961992925595,0.5,0.5,False,,0.0,not_in_raw_selection
2024-03-27,GOOGL,baseline,True,0.1414364965705585,0.0003976772090907,-0.002253571610621,0.0566050826626491,0.0340028173184985,0.1265328575231386,0.0340028173184985,True,0.1414364965705585,0.0029667691116494,1.0,0.5,0.5,False,,0.0,not_in_raw_selection
2024-03-27,PEP,baseline,True,0.1389973701367682,0.008296290383438,-0.0225846244300261,-0.0300167453708474,0.0179177577941402,0.0258684683119703,0.0179177577941402,True,0.1389973701367682,0.0012767902152409,0.9980816079380606,0.5,0.5,False,,0.0,not_in_raw_selection
2024-03-27,TXN,baseline,False,0.0,0.007751556860815,-0.0251055501849731,-0.0096604281605563,0.0137675996415636,0.0720195092190028,0.0137675996415636,False,0.0,0.000223433995722,0.1453378871292112,0.5,0.5,False,,0.0,not_in_raw_selection
2024-03-27,VIST,baseline,True,0.1121200165948246,-0.020359862125431,-0.0222538447929429,0.026041629507838,0.0116003277532852,0.0946969659340504,0.0116003277532852,True,0.1121200165948246,0.0007026391978295,0.6183073207259855,0.5,0.5,False,,0.0,not_in_raw_selection
2024-04-04,GOOGL,baseline,True,0.1215177792637788,0.0130871004894612,0.0589915960594149,0.0364046752938176,0.1068889687661616,0.1571114999552971,0.1068889687661616,True,0.1215177792637788,0.000162308206463,0.2809210726673617,0.5,0.5,True,0.5,0.5,selected
2024-04-04,YPF,baseline,False,0.0,0.0400396140197576,0.0682155758448763,-0.0573405770469868,0.1052892296743854,0.1685615385355146,0.1052892296743854,False,0.0,-2.9751820928075512e-06,0.4997899656319958,0.5,0.5,False,,0.0,low_or_negative_expected_return
2024-04-04,QCOM,baseline,False,0.0,0.0104265099536726,0.0316329556417387,-0.0490103224237242,0.0609095896045361,0.1384896944296159,0.0609095896045361,False,0.0,-3.90545978018964e-05,0.6251989058396471,0.5,0.5,False,,0.0,low_or_negative_expected_return
2024-04-04,TSLA,baseline,False,0.0,-0.0362924825651101,0.0203962683695586,-0.1237800704752554,0.0520132889061888,0.0217988178027825,0.0520132889061888,False,0.0,2.759503536547552e-06,1.1659219547087127e-05,0.5,0.5,False,,0.0,not_in_raw_selection
2024-04-04,TXN,baseline,False,0.0,-0.0061116643135192,0.0158428658890688,-0.0288375995107915,0.0431377459509838,0.1568860299823029,0.0431377459509838,False,0.0,-0.0001709255233637,0.0001357190480595,0.5,0.5,False,,0.0,low_or_negative_expected_return
2024-04-11,YPF,baseline,True,0.0889740668722976,-0.0203609681457782,-0.1175382158161827,-0.0633966127042654,0.1281813268014515,-0.0120314771651275,0.1281813268014515,True,0.0889740668722976,0.0019329470101637,0.7323105513346299,0.5,0.5,True,0.5,0.5,selected
2024-04-11,TXN,baseline,False,0.0,-0.0284462336682156,-0.0439836385135764,0.0236565603034573,0.0824766975915622,0.1523948411388012,0.0824766975915622,False,0.0,-0.0002087952812379,0.2797335853220147,0.5,0.5,False,,0.0,low_or_negative_expected_return
2024-04-11,VIST,baseline,False,0.0,-0.002307302117421,-0.0468389195235308,-0.0140747717628962,0.0669128176204159,0.0445316174061096,0.0669128176204159,False,0.0,6.880878691709036e-05,0.3358974849345627,0.5,0.5,False,,0.0,not_in_raw_selection
2024-04-11,GOOGL,baseline,True,0.1306725820978006,-0.0105389115863224,-0.0213287063369009,-0.0213914031978653,0.0661815620688395,0.0887020830864544,0.0661815620688395,True,0.1306725820978006,0.0006331638227849,0.7279592056348801,0.5,0.5,False,,0.0,not_in_raw_selection
2024-04-11,COST,baseline,False,0.0,-0.0014200560688374,-0.0288113283120626,-0.014323739447089,0.0637536751524441,0.0873763274428105,0.0637536751524441,False,0.0,-0.0001605815662545,0.1836552233280489,0.5,0.5,False,,0.0,low_or_negative_expected_return
2024-04-18,YPF,baseline,False,0.0,0.0141583881533544,0.0613529153129193,0.1725223370832187,0.2396434068147657,0.2170948849449678,0.2396434068147657,False,0.0,-0.0002239847367791,0.0696052558500391,0.5,0.5,False,,0.0,low_or_negative_expected_return
2024-04-18,QCOM,baseline,False,0.0,-0.0236000836284462,0.0115213118324044,0.1155847582998019,0.1971630410660283,0.2639370661916127,0.1971630410660283,False,0.0,-0.000165661390983,0.0696940267195857,0.5,0.5,False,,0.0,low_or_negative_expected_return
2024-04-18,TXN,baseline,False,0.0,-0.0243783560689323,0.0707521351536977,0.0741125741951285,0.1912384884335916,0.1914828416234262,0.1912384884335916,False,0.0,-1.6851105064591126e-06,0.0697579527240113,0.5,0.5,False,,0.0,low_or_negative_expected_return
2024-04-18,TSLA,baseline,False,0.0,-0.0192088959161848,0.1350630360116802,0.2006269812611925,0.1661442331687193,0.1877543555687815,0.1661442331687193,False,0.0,1.3505121722815004e-05,0.0696117046612363,0.5,0.5,False,,0.0,not_in_raw_selection
2024-04-18,VIST,baseline,True,0.0988210270961979,0.0150084461697845,0.0343741980571177,0.0280803633224304,0.149116428047249,0.1728394856521309,0.149116428047249,True,0.0988210270961979,0.0002681238324802,0.069652237452537,0.5,0.5,False,,0.0,not_in_raw_selection
2024-04-25,NVDA,baseline,False,0.0,0.0617556950391764,0.038544358272037,0.0740027783876673,0.2561598272768384,0.4629682804742279,0.2561598272768384,False,0.0,-0.0001133589329829,0.4840783855093458,0.5,0.5,False,,0.0,low_or_negative_expected_return
2024-04-25,QCOM,baseline,False,0.0,0.0144519324326255,0.1028781551610447,0.1055725040550721,0.235517395813448,0.2652785747450319,0.235517395813448,False,0.0,-0.0001891513343567,0.4468062572351144,0.5,0.5,False,,0.0,low_or_negative_expected_return
2024-04-25,TXN,baseline,False,0.0,0.0127246546507222,0.0031383911655225,0.0574608121210771,0.1257631571248663,0.1161768936396665,0.1257631571248663,False,0.0,8.03087007127455e-05,0.7299334666133357,0.5,0.5,False,,0.0,not_in_raw_selection
2024-04-25,NFLX,baseline,False,0.0,-0.0063207940243793,0.0006196856886646,0.0837287558406643,0.125478078221962,0.1357472325377469,0.125478078221962,False,0.0,-0.0001290668858747,0.374691462961473,0.5,0.5,False,,0.0,low_or_negative_expected_return
2024-04-25,GOOGL,baseline,False,0.0,0.1022435701810395,0.0680768917768428,0.0894872225247895,0.11250001956255,0.1183333763709435,0.11250001956255,False,0.0,-2.5478499114472597e-05,0.3747292730957951,0.5,0.5,False,,0.0,low_or_negative_expected_return
2024-05-02,NVDA,baseline,False,0.0,0.0346318337341973,0.0341424223560629,0.0995373840059472,0.2775207886484299,0.5367584839751334,0.2775207886484299,False,0.0,-0.0001457064056658,0.1892129089498329,0.5,0.5,False,,0.0,low_or_negative_expected_return
2024-05-02,CCJ,baseline,False,0.0,-0.000206491571898,0.078686524522312,0.0291202749985581,0.1464271049298622,0.07187119968058,0.1464271049298622,False,0.0,0.0001060282534694,0.5258667235235187,0.5,0.5,False,,0.0,not_in_raw_selection
2024-05-02,AMD,baseline,False,0.0,0.0303776842512304,0.042624490773423,0.1126162496077252,0.1418992180810381,0.0921592835468374,0.1418992180810381,False,0.0,-0.000135264819196,0.1892192816974271,0.5,0.5,False,,0.0,low_or_negative_expected_return
2024-05-02,VIST,baseline,False,0.0,0.0171885924477079,0.0887685507276576,0.1177301590837398,0.1408052594856348,0.0268424618997353,0.1408052594856348,False,0.0,-4.148318095304952e-05,0.1892577256219191,0.5,0.5,False,,0.0,low_or_negative_expected_return
2024-05-02,NFLX,baseline,False,0.0,0.0251083558981977,0.0830576005456067,0.0802795505224815,0.1353092675646172,0.1844289881085932,0.1353092675646172,False,0.0,4.374959760356069e-05,0.0,0.5,0.5,False,,0.0,not_in_raw_selection
2024-05-09,NVDA,baseline,False,0.0,0.0127440553832807,0.0632359336936363,0.1696057520099083,0.3621643350592538,0.330861870453748,0.3621643350592538,False,0.0,-4.8031564673227205e-05,0.1785219709795256,0.5,0.5,False,,0.0,low_or_negative_expected_return
2024-05-09,QCOM,baseline,False,0.0,0.0085300133055901,0.0705107536264981,0.1175362911810466,0.1444555378359919,0.1124404774934544,0.1444555378359919,False,0.0,5.536485698068904e-05,0.5432748108677231,0.5,0.5,False,,0.0,not_in_raw_selection
2024-05-09,AMD,baseline,False,0.0,-0.0030841998988487,0.067130361365655,0.0527593235667336,0.1015814409707951,0.0515781917568896,0.1015814409707951,False,0.0,-4.850623996221765e-05,0.058655131507131,0.5,0.5,False,,0.0,low_or_negative_expected_return
2024-05-09,COST,baseline,True,0.1451772343882255,0.0104616253901368,0.018009382949,0.0222068819522349,0.0854128683241521,0.0887245803382397,0.0854128683241521,True,0.1451772343882255,0.0009568978946223,0.7541409816798028,0.5,0.5,False,,0.0,not_in_raw_selection
2024-05-09,AVGO,baseline,False,0.0,0.0207785842412133,0.0815366515602316,0.0671072577151445,0.0773319446585356,0.2194581433634546,0.0773319446585356,False,0.0,-0.0007323727960866,0.1535730298277792,0.5,0.5,False,,0.0,low_or_negative_expected_return
2024-05-16,NVDA,baseline,False,0.0,-0.0199239591316919,0.100043475719211,0.1618711716686114,0.3976409591243341,0.3173094407964927,0.3976409591243341,False,0.0,-0.0010589667099274,0.2335737809317775,0.5,0.5,False,,0.0,low_or_negative_expected_return
2024-05-16,AVGO,baseline,False,0.0,-0.0119251804655771,-0.0133415671343832,-0.0591871984924148,0.228668755372366,0.1619327173110265,0.228668755372366,False,0.0,-0.0001890057996744,0.5869535354114854,0.5,0.5,False,,0.0,low_or_negative_expected_return
2024-05-16,AAPL,baseline,False,0.0,0.0001580213857752,-0.0155920328285812,0.0126949205046331,0.1193110492636091,0.1417509701918295,0.1193110492636091,False,0.0,0.0008381197863364,0.8221875552522959,0.5,0.5,False,,0.0,not_in_raw_selection
2024-05-16,QCOM,baseline,True,0.1266694458234001,0.0030527051526261,0.0439281318709254,0.0557768848812143,0.114140824085122,0.0349769460205842,0.114140824085122,True,0.1266694458234001,0.0032858548473569,0.927050335277504,0.5,0.5,False,,0.0,not_in_raw_selection
2024-05-16,AMAT,baseline,False,0.0,-0.0091108581010318,0.0183151810087498,0.0049058686060197,0.1074615714207292,0.1092370462839718,0.1074615714207292,False,0.0,-0.0007742135588159,0.4865889691067662,0.5,0.5,False,,0.0,low_or_negative_expected_return
2024-05-23,AVGO,baseline,False,0.0,0.0104429220468806,-0.0464655546751665,0.0095816862545605,0.1427699835670866,0.2440410839261357,0.1427699835670866,False,0.0,-8.31404414680296e-05,8.926633293149745e-06,0.5,0.5,False,,0.0,low_or_negative_expected_return
2024-05-23,NVDA,baseline,True,0.1121739707063667,0.0257227726309088,0.0562047749148979,0.1646354617514862,0.1378722002407471,0.2657154724503814,0.1378722002407471,True,0.1121739707063667,0.0018795364724185,0.6297384058399745,0.5,0.5,True,0.5,0.5,selected
2024-05-23,AAPL,baseline,False,0.0,0.016588135507972,0.0287349902444344,0.0535637534529866,0.11376281009928,0.2236728740411817,0.11376281009928,False,0.0,-3.5214811824287115e-05,0.1355838691403685,0.5,0.5,False,,0.0,low_or_negative_expected_return
2024-05-23,ADBE,baseline,False,0.0,-0.0163042455620984,-0.0797624464374858,-0.0369948996981897,0.0845419824914937,0.1711324458224743,0.0845419824914937,False,0.0,9.658498745564356e-05,1.5196571539081688e-05,0.5,0.5,False,,0.0,not_in_raw_selection
2024-05-23,META,baseline,False,0.0,0.0267078931555855,0.0022542569361512,0.0583537136566916,0.0711280110130077,0.1378762535725215,0.0711280110130077,False,0.0,-0.0005929635393241,0.2573669968483989,0.5,0.5,False,,0.0,low_or_negative_expected_return
2024-05-31,ADBE,baseline,False,0.0,-0.0129058832312238,0.0464744636574874,0.1811088812490497,0.2591285130619842,0.2738105171053779,0.2591285130619842,False,0.0,-8.975367805502568e-05,0.1600694225852292,0.5,0.5,False,,0.0,low_or_negative_expected_return
2024-05-31,AVGO,baseline,False,0.0,-0.0050054067029333,0.0587784124679775,0.3059651754350199,0.2350307260372226,0.2749238668463731,0.2350307260372226,False,0.0,7.547678697526083e-06,0.2797452913721708,0.5,0.5,False,,0.0,not_in_raw_selection
2024-05-31,TSLA,baseline,False,0.0,-0.0100517100545634,-0.0033693064765624,-0.0003931228857756,0.1784591108071007,0.4407007801021554,0.1784591108071007,False,0.0,9.055819491120132e-05,0.1524730967597162,0.5,0.5,False,,0.0,not_in_raw_selection
2024-05-31,NVDA,baseline,True,0.1402552365724263,0.0489542072804407,0.1026606671469789,0.2029224867651411,0.1337827057922866,0.1525726458451071,0.1337827057922866,True,0.1402552365724263,0.0051026712400186,1.0,0.5,0.5,True,0.5,0.5,selected
2024-05-31,AAPL,baseline,False,0.0,0.0092587712837288,0.024135237397391,0.1052796124481876,0.1274382314694409,0.2214304672261053,0.1274382314694409,False,0.0,5.421462223189573e-05,0.6777023157861293,0.5,0.5,False,,0.0,not_in_raw_selection
2024-06-07,TSLA,baseline,False,0.0,-0.0207910893071634,0.002986245165965,0.0287356672655376,0.4780819973366759,0.3882128172971464,0.4780819973366759,False,0.0,-9.084793949218512e-05,0.1021272213228944,0.5,0.5,False,,0.0,low_or_negative_expected_return
2024-06-07,AVGO,baseline,False,0.0,0.0240501874697078,0.2334641130346226,0.1319242406294434,0.2322342024065373,0.1642637957615054,0.2322342024065373,False,0.0,-0.0002644541441425,0.1021517983471624,0.5,0.5,False,,0.0,low_or_negative_expected_return
2024-06-07,ADBE,baseline,False,0.0,-0.0117955231093139,0.1286552345682736,0.1262058551419853,0.2161227863231836,0.1731302631069928,0.2161227863231836,False,0.0,-0.000114673926794,0.10214774289389,0.5,0.5,False,,0.0,low_or_negative_expected_return
2024-06-07,AAPL,baseline,False,0.0,-0.0191477692323013,0.0792320897550664,0.0571385039101761,0.1614606805052596,0.1428208400851156,0.1614606805052596,False,0.0,-0.0001769878095674,0.302616964124932,0.5,0.5,False,,0.0,low_or_negative_expected_return
2024-06-07,AMAT,baseline,False,0.0,0.0289992696453729,0.0690028563864602,0.036576019332617,0.1341271188662649,-0.0093807868630033,0.1341271188662649,False,0.0,-0.0001183640135646,0.2750522116859512,0.5,0.5,False,,0.0,low_or_negative_expected_return
2024-06-14,TSLA,baseline,False,0.0,0.0529745981999238,0.025672756953224,0.1789225722508098,0.4412673752919043,0.2506039098194481,0.4412673752919043,False,0.0,-2.02783904743513e-05,0.1007883111132946,0.5,0.5,False,,0.0,low_or_negative_expected_return
2024-06-14,INTC,baseline,False,0.0,0.0174055423979475,0.0039408515230914,0.0128078614081055,0.1277503872637972,-0.0105090835518901,0.1277503872637972,False,0.0,-4.533622831371333e-05,0.0,0.5,0.5,False,,0.0,low_or_negative_expected_return
2024-06-14,AMD,baseline,False,0.0,-0.0077053871371557,0.0038839510005819,-0.0121531189755362,0.1122595854213042,-0.13274448282428,0.1122595854213042,False,0.0,-0.0005999745765284,0.1007996111465501,0.5,0.5,False,,0.0,low_or_negative_expected_return
2024-06-14,AAPL,baseline,True,0.1232588782260256,0.0196714789765286,-0.0204715797969875,0.0200479758892613,0.1050873041262783,0.0296955028258811,0.1050873041262783,True,0.1232588782260256,0.0011206519758415,0.7418910387244303,0.5,0.5,False,,0.0,not_in_raw_selection
2024-06-14,VIST,baseline,False,0.0,-0.0270580208360669,0.0050447424357729,0.0094015097838542,0.0857600965701839,-0.0360009097191241,0.0857600965701839,False,0.0,-0.0006746162426274,0.1843484774092515,0.5,0.5,False,,0.0,low_or_negative_expected_return
2024-06-24,TSLA,baseline,False,0.0,0.0261255571509673,0.1494139473420515,0.4367947417100224,0.3494358769411854,0.0989155295074706,0.3494358769411854,False,0.0,-1.4971401745067453e-05,0.1273496195664099,0.5,0.5,False,,0.0,low_or_negative_expected_return
2024-06-24,VIST,baseline,False,0.0,0.0527035697488165,0.0043348988996474,0.0157426100361259,0.0812228475900131,-0.0337669015538341,0.0812228475900131,False,0.0,-0.0001997939202536,8.173949048160671e-06,0.5,0.5,False,,0.0,low_or_negative_expected_return
2024-06-24,AAPL,baseline,False,0.0,0.0044681845743128,0.0413663910617834,0.0986835463936026,0.081051192306415,-0.0043720748764191,0.081051192306415,False,0.0,6.084380757613188e-05,0.647041366781339,0.5,0.5,False,,0.0,not_in_raw_selection
2024-06-24,INTC,baseline,False,0.0,0.0055610100749436,0.0088322034824679,0.1315014883184411,0.0778541410492126,-0.3513248242830877,0.0778541410492126,False,0.0,0.0001120876430522,1.9526544662942022e-05,0.5,0.5,False,,0.0,not_in_raw_selection
2024-06-24,ADBE,baseline,False,0.0,0.0051701204971914,0.068374817376011,0.0798405822262946,0.041665924351895,-0.019020491497381,0.041665924351895,False,0.0,-0.0001363306749529,0.578288184871343,0.5,0.5,False,,0.0,low_or_negative_expected_return
2024-07-01,PEP,baseline,False,0.0,0.0042360024801504,-0.0060777549074444,0.0114801100386421,0.063171424425622,0.0581987584447218,0.063171424425622,False,0.0,4.201254129178576e-06,0.0513096094054655,0.5,0.5,False,,0.0,not_in_raw_selection
2024-07-01,TSLA,baseline,False,0.0,0.1019727143535937,0.2500237577876283,0.2225292900620465,0.0608024133695086,-0.0096731095653905,0.0608024133695086,False,0.0,-0.0004427875454544,0.4143479186579492,0.5,0.5,True,0.5,0.5,selected
2024-07-01,TXN,baseline,False,0.0,0.0196299688880672,0.0285714151295357,0.0617676702809451,0.032836583706217,0.013617645495215,0.032836583706217,False,0.0,-0.0002360666245351,0.3345106887976709,0.5,0.5,False,,0.0,low_or_negative_expected_return
2024-07-01,CSCO,baseline,False,0.0,-0.0050505403231237,-0.0361953115348111,-0.0021044252494745,0.0130471154442817,-0.0452441394185139,0.0130471154442817,False,0.0,3.754743567498522e-05,0.648163055660037,0.5,0.5,False,,0.0,not_in_raw_selection
2024-07-01,AAPL,baseline,True,0.1361869291275635,0.0162399274392661,0.055040335297722,0.0833679692005477,0.0094579148870026,0.0208535375892084,0.0094579148870026,True,0.1361869291275635,0.002104301099037,0.8813401982602925,0.5,0.5,False,,0.0,not_in_raw_selection
2024-07-09,PEP,baseline,False,0.0,0.0104385577833117,0.0176652298837032,0.0270537680539566,0.0654108214695223,0.0861643775968923,0.0654108214695223,False,0.0,-6.090601500635085e-05,0.0001090634422938,0.5,0.5,False,,0.0,low_or_negative_expected_return
2024-07-09,CSCO,baseline,False,0.0,0.0102620355574767,0.0353711563072229,0.0122271044240078,-0.0139737860329605,0.0969432863617489,-0.0139737860329605,False,0.0,-0.0003562786518636,0.0001068449120669,0.5,0.5,False,,0.0,low_or_negative_expected_return
2024-07-09,VIST,baseline,False,0.0,0.0509883296141748,0.0635668909986255,0.0644653841503786,-0.0487421824198153,0.1212937478809021,-0.0487421824198153,False,0.0,-0.0009439585865085,0.1063591060566583,0.5,0.5,False,,0.0,low_or_negative_expected_return
2024-07-09,SPY,baseline,False,0.0,0.0098952897116417,0.0162642184668078,-0.0036702133792636,-0.0605771337240043,0.0051815423066132,-0.0605771337240043,False,0.0,-0.0008514701623317,0.6960006125815104,0.5,0.5,False,,0.0,low_or_negative_expected_return
2024-07-09,TXN,baseline,False,0.0,0.0172861280564269,0.0322741373745338,-0.0093425776466977,-0.0659972345732319,0.0118904355539537,-0.0659972345732319,False,0.0,-0.0001985846514153,0.4208184148544389,0.5,0.5,False,,0.0,low_or_negative_expected_return
2024-07-16,META,baseline,False,0.0,-0.0567590555657427,-0.0022458728931272,-0.0543090010809723,0.0791154756250358,0.0598419047544278,0.0791154756250358,False,0.0,-0.0005593273418303,2.9203552732049924e-05,0.5,0.5,False,,0.0,low_or_negative_expected_return
2024-07-16,PEP,baseline,False,0.0,0.0311362287803405,0.0092255664186604,0.0511046276382096,0.0461884004859918,0.0639718918204053,0.0461884004859918,False,0.0,0.0001042854696832,0.0001239893373511,0.5,0.5,False,,0.0,not_in_raw_selection
2024-07-16,YPF,baseline,False,0.0,-0.0373061324217488,-0.0082364380485013,-0.0818797808471142,0.0460271701081496,0.0460271701081496,0.0460271701081496,False,0.0,7.541139510510387e-06,0.0,0.5,0.5,False,,0.0,not_in_raw_selection
2024-07-16,VIST,baseline,True,0.1198906508783842,-0.0103484240667365,0.0008447923298076,-0.1121435634574709,0.029144690867719,0.0739176370177268,0.029144690867719,True,0.1198906508783842,5.65581271841254e-05,0.5180310167985446,0.5,0.5,False,,0.0,not_in_raw_selection
2024-07-16,COST,baseline,False,0.0,-0.0052775604820312,0.0015750035727055,-0.0478860200748747,0.0165144368870802,0.068326343839479,0.0165144368870802,False,0.0,-2.5303649300629344e-05,9.594892886876969e-05,0.5,0.5,False,,0.0,low_or_negative_expected_return
2024-07-23,NFLX,baseline,False,0.0,-0.0105327329460316,-0.0313958791109659,-0.0516366947805427,0.0867819281776245,0.0574398109197813,0.0867819281776245,False,0.0,-0.0001899997382413,0.0452295509819884,0.5,0.5,False,,0.0,low_or_negative_expected_return
2024-07-23,CSCO,baseline,False,0.0,0.0105694102096305,0.0383951414120435,-0.0258843992049367,0.0836928605917421,0.072044868606885,0.0836928605917421,False,0.0,-6.99596966037598e-05,0.1865585199442776,0.5,0.5,False,,0.0,low_or_negative_expected_return
2024-07-23,META,baseline,False,0.0,-0.0561092170716588,-0.0521803185508331,0.01104993732122,0.0778407125934701,0.0492131774188533,0.0778407125934701,False,0.0,6.2470820227568384e-06,0.0452272096674629,0.5,0.5,False,,0.0,not_in_raw_selection
2024-07-23,PEP,baseline,False,0.0,0.0113663663911678,0.0414962349479128,0.0373466848656267,0.0575535686461063,0.0736108105786685,0.0575535686461063,False,0.0,0.0001307142248241,0.005021549016544,0.5,0.5,False,,0.0,not_in_raw_selection
2024-07-23,YPF,baseline,False,0.0,-0.0381044848784146,-0.0742549390035104,-0.0986809290754203,0.0571568204953796,0.1744016473827532,0.0571568204953796,False,0.0,-0.0002149810695026,0.0,0.5,0.5,False,,0.0,low_or_negative_expected_return
2024-07-30,NVDA,baseline,False,0.0,0.1281210147116462,0.0050129820325668,0.1196374783678759,0.2368649272118421,0.1270606370253701,0.2368649272118421,False,0.0,-1.699585616922509e-05,0.1454276563757301,0.5,0.5,False,,0.0,low_or_negative_expected_return
2024-07-30,VIST,baseline,False,0.0,0.0718363556611685,0.0073738713568689,0.159134121812972,0.209562258961317,0.0853948638060551,0.209562258961317,False,0.0,0.0001505689090123,0.1454485007412836,0.5,0.5,False,,0.0,not_in_raw_selection
2024-07-30,YPF,baseline,False,0.0,0.0522427298818006,-0.0263852232121198,0.1393139463514687,0.1393139463514687,0.2042215712968902,0.1393139463514687,False,0.0,-0.0001514037440825,0.145441697952725,0.5,0.5,True,0.5,0.5,selected
2024-07-30,AVGO,baseline,False,0.0,0.1195651330301208,0.0027870253942092,0.0880713420663814,0.1245122253707766,0.1027731296049736,0.1245122253707766,False,0.0,-0.0001187404832848,0.1454465821585931,0.5,0.5,False,,0.0,low_or_negative_expected_return
2024-07-30,COST,baseline,False,0.0,0.0147771937708471,0.0084564464750565,0.0676394405709905,0.1220571973152759,0.1115637591801761,0.1220571973152759,False,0.0,0.0001861972878331,0.1455433267341422,0.5,0.5,False,,0.0,not_in_raw_selection
2024-08-06,YPF,baseline,False,0.0,0.0314363089280247,0.1701896617779961,0.1728996474144728,0.3029810255518543,0.2769646878967828,0.3029810255518543,False,0.0,-7.204824437693591e-05,0.084443880643812,0.5,0.5,False,,0.0,low_or_negative_expected_return
2024-08-06,VIST,baseline,False,0.0,0.0160566783866902,0.1506493812984166,0.1787485234373746,0.169539564672317,0.1083825340724087,0.169539564672317,False,0.0,6.122888564691513e-05,0.0844432392087402,0.5,0.5,False,,0.0,not_in_raw_selection
2024-08-06,ADBE,baseline,False,0.0,-0.0011279989810856,0.0408789537088352,0.0934461039522933,0.118728094795121,-0.0118047591989842,0.118728094795121,False,0.0,-5.861284808403673e-05,0.0845339790369831,0.5,0.5,False,,0.0,low_or_negative_expected_return
2024-08-06,NFLX,baseline,True,0.0976784024515118,0.0031333247223068,0.0630772704448046,0.1459552707241622,0.1150155273828137,0.132716443405781,0.1150155273828137,True,0.0976784024515118,0.0001704797958874,0.0845326927493087,0.5,0.5,False,,0.0,not_in_raw_selection
2024-08-06,CSCO,baseline,False,0.0,-0.000885759868523,0.0046501126036804,0.1124889691811148,0.1005314643681849,0.1197962769196538,0.1005314643681849,False,0.0,5.0297716069045066e-05,0.0847422634946061,0.5,0.5,False,,0.0,not_in_raw_selection
2024-08-13,TSLA,baseline,False,0.0,-0.0310349655555765,0.0638502822284923,0.0066400657780598,0.0976759990035496,0.2366837643710546,0.0976759990035496,False,0.0,-9.807997816405786e-05,0.1288162886429384,0.5,0.5,False,,0.0,low_or_negative_expected_return
2024-08-13,ADBE,baseline,False,0.0,0.0085385590493103,0.0505026545653095,0.0609096042852561,0.0843765865469485,-0.0323604260624077,0.0843765865469485,False,0.0,-0.0001787701717724,0.3263668019076138,0.5,0.5,False,,0.0,low_or_negative_expected_return
2024-08-13,AMZN,baseline,False,0.0,-0.0007636117446156,0.0508136601795972,0.0169770279162435,0.0839453028465893,0.130999257542425,0.0839453028465893,False,0.0,-1.3869091717082932e-05,0.1753716959161767,0.5,0.5,False,,0.0,low_or_negative_expected_return
2024-08-13,CSCO,baseline,True,0.0,0.0015428630476563,0.1073397148166896,0.1176989261252789,0.0824333649220878,0.1604585136738445,0.0824333649220878,True,0.0,0.0001323961301187,0.2590140552580962,0.5,0.5,False,,0.0,not_in_raw_selection
2024-08-13,AMD,baseline,False,0.0,-0.00269258747017,0.1081980336240429,0.0663926506979708,0.0618578291327065,0.1480195469914031,0.0618578291327065,False,0.0,2.798300573715612e-05,0.3246256274411044,0.5,0.5,False,,0.0,not_in_raw_selection
2024-08-20,YPF,baseline,False,0.0,-0.0240295085527489,-0.0023105008535473,0.1109058037694286,0.0887245901315683,0.0023105889935051,0.0887245901315683,False,0.0,5.749484812119561e-05,0.2925734633118051,0.5,0.5,False,,0.0,not_in_raw_selection
2024-08-20,AMZN,baseline,False,0.0,0.0068760939957759,-0.0322004114959549,-0.0310264026177421,0.0422069967960638,0.0328711396663674,0.0422069967960638,False,0.0,-0.000172754050691,0.1850498646708105,0.5,0.5,False,,0.0,low_or_negative_expected_return
2024-08-20,TSLA,baseline,False,0.0,0.0098145549934058,-0.0537765674419824,-0.0076436110120007,0.0275892839273403,0.126277690629613,0.0275892839273403,False,0.0,-0.0004598011782481,0.1850219000494274,0.5,0.5,False,,0.0,low_or_negative_expected_return
2024-08-20,META,baseline,True,0.0787551789857834,0.0160043912220055,-0.0144856096401089,-0.0265600796482572,0.0213012969724948,0.0874831864494138,0.0213012969724948,True,0.0787551789857834,0.0006122183865618,0.5800436342596597,0.5,0.5,False,,0.0,not_in_raw_selection
2024-08-20,COST,baseline,True,0.1627474872313069,0.0059575104204536,0.0373202599309081,0.0157726627843886,0.0186258926008353,0.0026592296934289,0.0186258926008353,True,0.1627474872313069,0.0026014505718945,0.9374971397104864,0.5,0.5,False,,0.0,not_in_raw_selection
2024-08-27,TSLA,baseline,False,0.0,-0.0165384379467057,0.0487548234831449,0.0904354359819024,0.2285262691339309,0.1521915554519226,0.2285262691339309,False,0.0,-0.0005410060451817,0.2079092500181198,0.5,0.5,False,,0.0,low_or_negative_expected_return
2024-08-27,INTC,baseline,False,0.0,-0.0229197354991133,-0.0318883607065267,-0.0214250279877519,0.1728949314133767,0.1689087912902496,0.1728949314133767,False,0.0,3.638671640709506e-05,0.0,0.5,0.5,False,,0.0,not_in_raw_selection
2024-08-27,CCJ,baseline,False,0.0,-0.028401011887106,-0.0692124443978304,-0.0458234346950254,0.1357994849521577,0.2071599042738627,0.1357994849521577,False,0.0,-0.0004122294414849,0.2079184833689719,0.5,0.5,False,,0.0,low_or_negative_expected_return
2024-08-27,AMZN,baseline,False,0.0,-0.0134010636024987,0.0012130702390849,0.0658503320055929,0.1121187858685557,0.0696049179275968,0.1121187858685557,False,0.0,-2.813352902247984e-05,0.482220176006255,0.5,0.5,False,,0.0,low_or_negative_expected_return
2024-08-27,META,baseline,False,0.0,-0.0044691704838626,-0.0122519469286886,-0.0140049881633413,0.0947987368273521,0.1375650886885189,0.0947987368273521,False,0.0,-0.0008186323566721,0.5061953643386313,0.5,0.5,False,,0.0,low_or_negative_expected_return
2024-09-04,CCJ,baseline,False,0.0,-0.0230769622020232,0.025128193390675,0.0284615541115784,0.2676922724797175,0.43025637895633,0.2676922724797175,False,0.0,-1.2119095674505357e-05,0.3056253374701356,0.5,0.5,False,,0.0,low_or_negative_expected_return
2024-09-04,INTC,baseline,False,0.0,-0.0015440394325426,0.0108079815323891,0.0689655240113886,0.1523416900659631,0.1482243497443192,0.1523416900659631,False,0.0,3.951967675715502e-05,0.0,0.5,0.5,False,,0.0,not_in_raw_selection
2024-09-04,TSLA,baseline,False,0.0,0.0490405830511095,0.0397429518944445,0.0355042758129175,0.134952828568158,0.0087507321311661,0.134952828568158,False,0.0,-0.0001309966173354,1.7698713601033203e-05,0.5,0.5,False,,0.0,low_or_negative_expected_return
2024-09-04,AMD,baseline,False,0.0,-0.0101511515961341,0.0638177454729478,0.0526726657637259,0.1342372706578036,0.1083268992302473,0.1342372706578036,False,0.0,2.8428168669709567e-05,0.3127768757714746,0.5,0.5,False,,0.0,not_in_raw_selection
2024-09-04,NVDA,baseline,False,0.0,0.00941530937407,0.1007438534024147,0.0674136495982338,0.1190095047415957,0.277845799742076,0.1190095047415957,False,0.0,-7.901205057273274e-05,0.0708604248876628,0.5,0.5,False,,0.0,low_or_negative_expected_return
2024-09-11,CCJ,baseline,False,0.0,0.01900955840251,0.0032516525663761,0.1903451900321329,0.265132626567945,0.3526763994562483,0.265132626567945,False,0.0,-9.612489900564182e-05,0.267345559445599,0.5,0.5,False,,0.0,low_or_negative_expected_return
2024-09-11,INTC,baseline,False,0.0,-0.0142565574337264,0.0575356977205823,0.1985744219490384,0.194501008835958,0.1191446143232175,0.194501008835958,False,0.0,-2.7269883101872725e-05,0.0,0.5,0.5,False,,0.0,low_or_negative_expected_return
2024-09-11,AVGO,baseline,False,0.0,0.0397421691813733,0.0214822379775216,0.1089909618647904,0.1748909580373188,0.0962910837364952,0.1748909580373188,False,0.0,5.2889346727782405e-05,0.4786894764711724,0.5,0.5,False,,0.0,not_in_raw_selection
2024-09-11,META,baseline,False,0.0,0.0269034432818009,0.0510326208311706,0.1103491637224614,0.1537229651593508,0.1013227384672166,0.1537229651593508,False,0.0,-0.0001532382764418,0.3519404054479276,0.5,0.5,False,,0.0,low_or_negative_expected_return
2024-09-11,AMD,baseline,False,0.0,0.0060723585907054,-0.0104764935127745,0.0811424236793272,0.1411984757502247,0.0203523491214181,0.1411984757502247,False,0.0,-0.0001217028562597,0.6558926203892452,0.5,0.5,False,,0.0,low_or_negative_expected_return
2024-09-18,CCJ,baseline,False,0.0,0.0241835254535693,0.1864871460586787,0.232610268620877,0.390675590388827,0.3457990207136823,0.390675590388827,False,0.0,-0.0001255620950129,0.1098393349897828,0.5,0.5,False,,0.0,low_or_negative_expected_return
2024-09-18,NVDA,baseline,False,0.0,0.0396930395252694,0.0894416436798943,0.0483372637803369,0.1971420828495562,0.2290728849090688,0.1971420828495562,False,0.0,-0.0001966768535433,0.0,0.5,0.5,False,,0.0,low_or_negative_expected_return
2024-09-18,CSCO,baseline,False,0.0,0.017203854798002,0.0411311418549913,0.0405378534591995,0.1148902789866075,0.0992683505647216,0.1148902789866075,False,0.0,-0.0002075945392162,0.1099977170287237,0.5,0.5,False,,0.0,low_or_negative_expected_return
2024-09-18,AVGO,baseline,False,0.0,0.035566277386799,0.085668375458521,0.0556071354919514,0.0937094657441739,0.0925960375471735,0.0937094657441739,False,0.0,8.400725784348038e-06,0.2211386706991399,0.5,0.5,False,,0.0,not_in_raw_selection
2024-09-18,INTC,baseline,False,0.0,0.0178141032128125,0.1333654500102943,0.0779970580732087,0.0741453526354194,0.073663877976708,0.0741453526354194,False,0.0,8.844294900448035e-05,0.1559367322757024,0.5,0.5,True,0.5,0.5,selected
2024-09-25,CCJ,baseline,False,0.0,0.0098760499936154,0.0388736807772522,0.0628283603462902,0.1363732224765264,0.0760663778163051,0.1363732224765264,False,0.0,0.0001999522982731,0.3956121025633055,0.5,0.5,False,,0.0,not_in_raw_selection
2024-09-25,NVDA,baseline,False,0.0,0.0042911405564731,-0.0377297674804461,0.0740020370995748,0.1299489526739727,0.1789328644796313,0.1299489526739727,False,0.0,-0.0002166078198532,0.0942644903597186,0.5,0.5,False,,0.0,low_or_negative_expected_return
2024-09-25,YPF,baseline,False,0.0,-0.0129754322406089,-0.0295301940110619,0.0554809731522976,0.0872482694545075,0.2639820813346354,0.0872482694545075,False,0.0,0.0001681019044142,0.2527774231652004,0.5,0.5,False,,0.0,not_in_raw_selection
2024-09-25,CSCO,baseline,True,0.1373478049507914,0.003798612392136,-0.00056984982193,0.0172839472182126,0.0689458147809116,0.0991452470032709,0.0689458147809116,True,0.1373478049507914,0.0020049916075868,1.0,0.5,0.5,False,,0.0,not_in_raw_selection
2024-09-25,NFLX,baseline,False,0.0,-0.0140390336649843,-0.0145101875934893,0.0081351239015352,0.0384306598555177,0.0812822999755435,0.0384306598555177,False,0.0,8.110170012850078e-06,0.5131493848124821,0.5,0.5,False,,0.0,not_in_raw_selection
2024-10-02,NVDA,baseline,False,0.0,0.0336558691742092,0.1161127101349366,0.1419436513518792,0.172402171870714,0.2307110319762468,0.172402171870714,False,0.0,-8.669101919850809e-05,0.3006016796713542,0.5,0.5,False,,0.0,low_or_negative_expected_return
2024-10-02,YPF,baseline,False,0.0,0.0308898137296913,0.0875979516711811,0.1470723166511707,0.1318579360342644,0.4250806402183926,0.1318579360342644,False,0.0,-0.0001540699545983,0.1075366237741769,0.5,0.5,False,,0.0,low_or_negative_expected_return
2024-10-02,VIST,baseline,False,0.0,0.0684601305741134,0.0732720556578667,0.0258092798265596,0.1089238715938891,0.0452755826674577,0.1089238715938891,False,0.0,-1.9317407768206167e-06,0.1075403235654964,0.5,0.5,False,,0.0,low_or_negative_expected_return
2024-10-02,CCJ,baseline,True,0.115182765614965,0.0105178089038771,0.0230583178804912,0.1282362526030256,0.0918285000330623,0.0716019622544028,0.0918285000330623,True,0.115182765614965,0.0016176243360312,0.7712857279394323,0.5,0.5,True,0.5,0.5,selected
2024-10-02,NFLX,baseline,False,0.0,-0.0060330035227033,0.022978737283672,-0.0127832510174725,0.0599783335455916,0.1678830487836411,0.0599783335455916,False,0.0,-0.0001944560136306,0.1866349639286573,0.5,0.5,False,,0.0,low_or_negative_expected_return
2024-10-09,YPF,baseline,False,0.0,0.0279779501120396,0.0546841458174893,0.0300974599355721,0.1975413233263965,0.5756675679744605,0.1975413233263965,False,0.0,5.64383001229512e-05,0.0472267032819839,0.5,0.5,False,,0.0,not_in_raw_selection
2024-10-09,TSLA,baseline,False,0.0,-0.0094586133600144,-0.0818087573990566,-0.1136693997443765,0.1969715624411099,0.4189172140597601,0.1969715624411099,False,0.0,-0.0006123419822708,0.1275773294368561,0.5,0.5,False,,0.0,low_or_negative_expected_return
2024-10-09,AMZN,baseline,False,0.0,0.0079926324035968,0.009288768362647,-0.0024841575829063,0.1183776982540441,0.0956418798347069,0.1183776982540441,False,0.0,-0.0001736439726391,0.0,0.5,0.5,False,,0.0,low_or_negative_expected_return
2024-10-09,NVDA,baseline,True,0.1126316486773307,0.0162834810516083,0.0231436672859139,0.0520920013573593,0.0977007712791961,0.0998115801158356,0.0977007712791961,True,0.1126316486773307,6.855452888624338e-05,0.5074480433753082,0.5,0.5,False,,0.0,not_in_raw_selection
2024-10-09,GOOGL,baseline,False,0.0,0.0013592068446406,0.0203880083980845,0.0056839130450767,0.090510279508472,0.08723585236589,0.090510279508472,False,0.0,-9.920238991200992e-05,0.0164611821994476,0.5,0.5,False,,0.0,low_or_negative_expected_return
2024-10-16,TSLA,baseline,False,0.0,-0.0019879927608824,-0.0346993533232453,0.1636469780972642,0.4920706072485072,0.5040437893392269,0.4920706072485072,False,0.0,-0.0003454174535818,0.127863880312983,0.5,0.5,False,,0.0,low_or_negative_expected_return
2024-10-16,YPF,baseline,False,0.0,0.0056270619662173,-0.0233118948259717,-0.0132636629757783,0.2423633798249578,0.5960611102869955,0.2423633798249578,False,0.0,0.0001063049060839,0.2229630793951567,0.5,0.5,False,,0.0,not_in_raw_selection
2024-10-16,NFLX,baseline,False,0.0,-0.0204415615523709,0.0673647309377614,0.0737037582051316,0.1830057077002764,0.2497721506220782,0.1830057077002764,False,0.0,6.011362426237121e-05,0.127901163574303,0.5,0.5,False,,0.0,not_in_raw_selection
2024-10-16,AMZN,baseline,False,0.0,0.0034244710350397,-0.0116645763973499,0.0312483084004659,0.1455937011222137,0.1008615023012284,0.1455937011222137,False,0.0,-2.280975638773279e-05,0.2660908149128826,0.5,0.5,False,,0.0,low_or_negative_expected_return
2024-10-16,INTC,baseline,True,0.0,0.0058270314310715,-0.0147915702198837,-0.0004482397633895,0.1169879279618941,0.0600627604063139,0.1169879279618941,True,0.0,0.0001139122062317,0.2939874173014352,0.5,0.5,False,,0.0,not_in_raw_selection
2024-10-23,TSLA,baseline,False,0.0,0.2191903507029042,0.2054762234992357,0.3504797894779845,0.600889344958343,0.7294172749351759,0.600889344958343,False,0.0,4.464837650003379e-06,0.0,0.5,0.5,False,,0.0,not_in_raw_selection
2024-10-23,YPF,baseline,False,0.0,0.0333333908939248,0.0102880661666324,0.1625514768294809,0.5296296023028841,0.5827160613987319,0.5296296023028841,False,0.0,-0.0002411482514533,0.2061276918961246,0.5,0.5,False,,0.0,low_or_negative_expected_return
2024-10-23,NFLX,baseline,False,0.0,0.0070199918664866,0.0059389514039882,0.0412657693735545,0.1795833539522175,0.2249863406255963,0.1795833539522175,False,0.0,-0.0002517715862695,0.4217705335446189,0.5,0.5,False,,0.0,low_or_negative_expected_return
2024-10-23,AMZN,baseline,False,0.0,0.0090411894767146,0.0434193531598727,0.1211628434332314,0.0983704050051403,0.1940338640851768,0.0983704050051403,False,0.0,-2.145996597629462e-05,4.804951672175871e-05,0.5,0.5,False,,0.0,low_or_negative_expected_return
2024-10-23,INTC,baseline,False,0.0,0.0163785540422689,0.0145586761368814,0.1396724185059681,0.0923567210611038,-0.0536851833371659,0.0923567210611038,False,0.0,-3.9325739302115295e-05,0.1085025957129474,0.5,0.5,False,,0.0,low_or_negative_expected_return
2024-10-30,YPF,baseline,False,0.0,-0.0016292875528211,0.1507128667178918,0.2590631693686793,0.6175152879241907,0.7906313829171481,0.6175152879241907,False,0.0,-3.172816743563214e-06,0.6106721458527011,0.5,0.5,False,,0.0,low_or_negative_expected_return
2024-10-30,TSLA,baseline,False,0.0,-0.0298970376797017,0.1202873712082306,0.2822364817964504,0.2925258412981588,0.6233742027571161,0.2925258412981588,False,0.0,-0.0001674108123716,0.131271927337155,0.5,0.5,True,0.5,0.5,selected
2024-10-30,NFLX,baseline,False,0.0,0.0030381335100508,0.0351182523753164,0.1017989819443871,0.1639822819576166,0.2279433177308669,0.1639822819576166,False,0.0,-0.0001972860476525,0.3468335026740946,0.5,0.5,False,,0.0,low_or_negative_expected_return
2024-10-30,COST,baseline,False,0.0,-0.0055853598945386,0.0229327742650478,0.0621551285352763,0.0938014974785481,0.124333099516483,0.0938014974785481,False,0.0,-0.0002038032130659,0.1314432290574384,0.5,0.5,False,,0.0,low_or_negative_expected_return
2024-10-30,CCJ,baseline,False,0.0,-0.0326046375779626,-0.0513153108791025,-0.0185253799273851,0.0709522390428685,0.0374212759335637,0.0709522390428685,False,0.0,-0.0002214259688837,0.35774887697616,0.5,0.5,False,,0.0,low_or_negative_expected_return
2024-11-06,YPF,baseline,True,0.1261432277472345,0.0378760953920076,0.094159286634057,0.3157521475732854,0.3614158967954923,0.4661946254493916,0.3614158967954923,True,0.1261432277472345,0.0042623060081729,0.9324436591533404,0.5,0.5,True,0.5,0.5,selected
2024-11-06,TSLA,baseline,False,0.0,0.0290437906570073,0.1445603286713457,0.1854226604732471,0.2805947104204103,0.5116972767929435,0.2805947104204103,False,0.0,-0.0006903907535312,0.3955030781951597,0.5,0.5,True,0.5,0.5,selected
2024-11-06,CCJ,baseline,False,0.0,0.0462800778940188,0.03456357136121,0.124975622735745,0.1939074493790931,0.0331966567727377,0.1939074493790931,False,0.0,-0.0002108790847504,0.0634235651558253,0.5,0.5,False,,0.0,low_or_negative_expected_return
2024-11-06,NFLX,baseline,True,0.1413383345501623,0.0209302050414961,0.0644184656352611,0.1328360046464194,0.1764396532141565,0.1561502425738794,0.1764396532141565,True,0.1413383345501623,0.0025103473598657,1.0,0.5,0.5,False,,0.0,not_in_raw_selection
2024-11-06,VIST,baseline,False,0.0,-0.0293823194457915,-0.0447730945117766,0.0201879304592031,0.121527123314076,0.0777533376886303,0.121527123314076,False,0.0,6.28193055637032e-05,0.1565023577214297,0.5,0.5,False,,0.0,not_in_raw_selection
2024-11-13,YPF,baseline,False,0.0,0.0436751368743251,0.2025234018905151,0.2846974856196032,0.4221934422996491,0.3794888256273609,0.4221934422996491,False,0.0,9.261419334911851e-06,0.4983377126020247,0.5,0.5,True,0.5,0.5,selected
2024-11-13,TSLA,baseline,True,0.0661256889757959,-0.0577155950890946,0.0357013350701542,0.0080245412198012,0.2660489900292977,0.3071100303623297,0.2660489900292977,True,0.0661256889757959,0.0008526948979546,0.4816744534288482,0.5,0.5,True,0.5,0.5,selected
2024-11-13,VIST,baseline,False,0.0,0.0301317974288031,0.0680058576635023,0.1167607848809317,0.2222221956148622,0.1335006723413778,0.2222221956148622,False,0.0,-0.0004831150904326,0.1259672077188332,0.5,0.5,False,,0.0,low_or_negative_expected_return
2024-11-13,NFLX,baseline,False,0.0,0.0081761036334317,0.0642769185428642,0.0564379719279575,0.1144894285197721,0.0928149175168779,0.1144894285197721,False,0.0,6.596608222813073e-05,0.604922771144784,0.5,0.5,False,,0.0,not_in_raw_selection
2024-11-13,AAPL,baseline,False,0.0,0.013770460957508,0.0172352743735302,0.043576749162095,0.1014570544246422,0.1353500438947761,0.1014570544246422,False,0.0,-0.000144782958801,0.1146583156305,0.5,0.5,False,,0.0,low_or_negative_expected_return
2024-11-20,AVGO,baseline,False,0.0,0.004226661203101,-0.0219295671121266,0.0442266537255933,0.3373354200564702,0.448147036215065,0.3373354200564702,False,0.0,-1.6419137864580984e-05,2.630928765706721e-06,0.5,0.5,False,,0.0,low_or_negative_expected_return
2024-11-20,TSLA,baseline,True,0.126043614814058,-0.006987644766217,-0.0267227557918309,0.0802853303893889,0.2752390579318267,0.2017951327661429,0.2752390579318267,True,0.126043614814058,0.0015269375283049,0.5182031505820607,0.5,0.5,True,0.5,0.5,selected
2024-11-20,YPF,baseline,True,0.1875,0.0080711075204855,0.0683347065012625,0.0347054339272232,0.1143395267517333,0.2109228016895097,0.1143395267517333,True,0.1875,0.0114143140081866,1.0,0.5,0.5,True,0.5,0.5,selected
2024-11-20,AMZN,baseline,False,0.0,-0.0221805988352538,0.0140970058237308,0.0870958090677878,0.1006012811124956,0.1218946920955743,0.1006012811124956,False,0.0,-0.0001184663288014,0.2385991221871896,0.5,0.5,False,,0.0,low_or_negative_expected_return
2024-11-20,AAPL,baseline,False,0.0,-0.0020960512119609,0.0258951645230622,0.061310014349925,0.090785996882676,0.0698689956331877,0.090785996882676,False,0.0,-0.000608854566742,0.2611852686674897,0.5,0.5,False,,0.0,low_or_negative_expected_return
2024-11-27,AVGO,baseline,False,0.0,0.0150936537217178,0.0676395263706988,0.1314586693422188,0.5140602666269627,0.4072775068894863,0.5140602666269627,False,0.0,-0.0001064961535425,0.032286549384304,0.5,0.5,False,,0.0,low_or_negative_expected_return
2024-11-27,TSLA,baseline,False,0.0,0.0368589878751097,0.1099461503061016,0.2559704037535271,0.2967045710817793,0.1906634861672109,0.2967045710817793,False,0.0,-0.0008546472080519,0.3523098050348722,0.5,0.5,True,0.5,0.5,selected
2024-11-27,GOOGL,baseline,False,0.0,-0.0016545458037336,0.0201501137398802,0.13431431519341,0.1390415373949443,0.1207233259490399,0.1390415373949443,False,0.0,-0.0005202816587081,0.032308076221683,0.5,0.5,False,,0.0,low_or_negative_expected_return
2024-11-27,AAPL,baseline,False,0.0,0.0102158482530818,0.0345209247996864,0.0554633909858763,0.0879411071647269,-0.0070233429018212,0.0879411071647269,False,0.0,-0.0005519370552036,0.3364879903342918,0.5,0.5,False,,0.0,low_or_negative_expected_return
2024-11-27,AMZN,baseline,False,0.0,0.0104500526833892,0.0719840437599572,0.11290947364299,0.0875376398657399,0.0584231976900149,0.0875376398657399,False,0.0,-7.081908145502163e-05,0.0323031353970827,0.5,0.5,False,,0.0,low_or_negative_expected_return
2024-12-05,AVGO,baseline,False,0.0,0.0531471666200318,0.0597759275440699,0.2806945841548123,0.386812940512832,0.4132105469408038,0.386812940512832,False,0.0,-0.0007510314754641,0.0592446751660746,0.5,0.5,False,,0.0,low_or_negative_expected_return
2024-12-05,YPF,baseline,True,0.1521058849748816,0.0106604227033806,0.1430057236330122,0.0769630565505574,0.1703067964893676,0.1185647811190928,0.1703067964893676,True,0.1521058849748816,0.0045783484955434,1.0,0.5,0.5,True,0.5,0.5,selected
2024-12-05,GOOGL,baseline,False,0.0,0.0119903112345751,0.1119092179826384,0.0919253659250132,0.1403498367307796,0.1490384373175677,0.1403498367307796,False,0.0,1.1788776307286547e-05,0.0592755048101111,0.5,0.5,False,,0.0,not_in_raw_selection
2024-12-05,TSLA,baseline,True,0.1025944985511095,0.053397958017247,0.1315597638742698,0.1804650327633039,0.1124793598122411,0.1234674722534425,0.1124793598122411,True,0.1025944985511095,0.001832575271031,0.6017696113706764,0.5,0.5,True,0.5,0.5,selected
2024-12-05,META,baseline,False,0.0,0.0243706617081844,0.0358990123897569,-0.0219401006885135,0.0349301558259342,0.0239272289088516,0.0349301558259342,False,0.0,-3.820370240171144e-05,0.2555330782854822,0.5,0.5,False,,0.0,low_or_negative_expected_return
2024-12-12,AVGO,baseline,False,0.0,0.2443263505751058,0.2084578927195493,0.3381489820632795,0.2437727908414158,0.1422008298497246,0.2437727908414158,False,0.0,-0.0007359189030881,0.0642313857565669,0.5,0.5,False,,0.0,low_or_negative_expected_return
2024-12-12,AMAT,baseline,False,0.0,0.0015969024694637,-0.0451857068069017,-0.0133073100049301,0.0270285782821084,0.0366690139643908,0.0270285782821084,False,0.0,-4.604246079122219e-05,9.280754176259454e-06,0.5,0.5,False,,0.0,low_or_negative_expected_return
2024-12-12,YPF,baseline,True,0.1631958303606654,0.0136488239607421,-0.0577798218477332,-0.0300272912264564,0.0236578921107095,-0.0900818736793692,0.0236578921107095,True,0.1631958303606654,0.0080405424505694,1.0,0.5,0.5,False,,0.0,not_in_raw_selection
2024-12-12,TXN,baseline,False,0.0,-0.0006259995397928,-0.037765402115759,-0.0027646654818441,0.009336984108526,-0.0596734757746932,0.009336984108526,False,0.0,-0.0005824473188431,4.137622427729863e-05,0.5,0.5,False,,0.0,low_or_negative_expected_return
2024-12-12,CSCO,baseline,False,0.0,-0.0039082336142705,-0.020730627657405,0.0129142252495499,0.0081563869053398,0.0118946606812109,0.0081563869053398,False,0.0,-0.0007015700219749,0.278698912705255,0.5,0.5,False,,0.0,low_or_negative_expected_return
2024-12-19,AMAT,baseline,False,0.0,0.0133176032208293,0.0333870125627921,0.0993557547297141,0.2110381042504951,0.1191154325862853,0.2110381042504951,False,0.0,8.642102525927967e-05,2.8671444118830837e-05,0.5,0.5,False,,0.0,not_in_raw_selection
2024-12-19,INTC,baseline,False,0.0,0.0241343654097812,0.0650577023012972,0.0424974499468573,0.1469045762258494,0.0309548882014472,0.1469045762258494,False,0.0,-5.942761315265873e-05,0.0,0.5,0.5,False,,0.0,low_or_negative_expected_return
2024-12-19,QCOM,baseline,False,0.0,0.0165558882593961,0.0454788023554539,0.0628325305221448,0.1319149760759628,0.1692819664034728,0.1319149760759628,False,0.0,0.0001052958900242,6.560243149696868e-05,0.5,0.5,False,,0.0,not_in_raw_selection
2024-12-19,NVDA,baseline,False,0.0,0.0307622015440007,0.0484389515291716,0.1434802651582556,0.1254209945442936,-0.0447657726706525,0.1254209945442936,False,0.0,4.540047745790575e-05,7.78888065110645e-06,0.5,0.5,False,,0.0,not_in_raw_selection
2024-12-19,AVGO,baseline,True,0.1126702450138826,0.0113136033302068,0.1073194938152701,0.0828600024322363,0.1034719475084253,0.0626602794835271,0.1034719475084253,True,0.1126702450138826,0.0009040752004722,0.5516341651549654,0.5,0.5,True,0.5,0.5,selected
2024-12-27,META,baseline,False,0.0,-0.0142878700906974,0.050666068875367,-0.0092695980080769,0.1278404711290104,0.2093496404450181,0.1278404711290104,False,0.0,-0.0005371106929908,0.4837999119928222,0.5,0.5,False,,0.0,low_or_negative_expected_return
2024-12-27,QCOM,baseline,False,0.0,-0.016916837758728,0.0165988331160737,0.0145636810362002,0.0920249345916754,0.0829940685389767,0.0920249345916754,False,0.0,-0.0001401424871134,0.2324162196457105,0.5,0.5,False,,0.0,low_or_negative_expected_return
2024-12-27,NFLX,baseline,False,0.0,-0.0078452758237842,-0.0283840722481952,-0.0872128384669115,0.0777919167169871,0.1319597368369507,0.0777919167169871,False,0.0,-0.00020563279741,0.6324051093026931,0.5,0.5,False,,0.0,low_or_negative_expected_return
2024-12-27,AMZN,baseline,False,0.0,-0.0109497070312499,0.0172513993758729,-0.0267709742711242,0.0595307589909217,0.0231508052548883,0.0595307589909217,False,0.0,-8.327236196043179e-05,0.3380062675048935,0.5,0.5,False,,0.0,low_or_negative_expected_return
2024-12-27,AMAT,baseline,False,0.0,-0.0191212755882883,0.0638374020235845,0.0408798896515996,0.0506503437960716,0.0842773925809341,0.0506503437960716,False,0.0,-7.749057940333589e-05,0.1587709033154776,0.5,0.5,False,,0.0,low_or_negative_expected_return
2025-01-06,NFLX,baseline,False,0.0,-0.0029485720376839,-0.0605473464755137,0.081878918458343,0.1466562229241244,0.1618866327305599,0.1466562229241244,False,0.0,-0.000253739040916,0.3805923474870509,0.5,0.5,False,,0.0,low_or_negative_expected_return
2025-01-06,COST,baseline,False,0.0,-0.0014522730040407,-0.0059390722690867,0.0238319620582019,0.130235913828318,0.1215115598748246,0.130235913828318,False,0.0,4.2993716393398535e-05,0.3194285193543443,0.5,0.5,False,,0.0,not_in_raw_selection
2025-01-06,META,baseline,False,0.0,-0.0195334771820818,-0.0570454006833961,-0.0106315647052545,0.11848616544556,0.1025706337612735,0.11848616544556,False,0.0,0.0001511456447486,0.3805783630844987,0.5,0.5,False,,0.0,not_in_raw_selection
2025-01-06,QCOM,baseline,False,0.0,0.0041914178502528,-0.0020019225023458,0.0649984297336847,0.1001563584330937,0.0866436679130158,0.1001563584330937,False,0.0,-6.98985749222015e-05,0.3805855601565299,0.5,0.5,False,,0.0,low_or_negative_expected_return
2025-01-06,CSCO,baseline,True,0.1362954693556307,0.0027224748369212,0.0095286943836843,0.0486642945052717,0.0646588260585687,0.1003913164067746,0.0646588260585687,True,0.1362954693556307,0.0002368205453578,0.3807105106082023,0.5,0.5,False,,0.0,not_in_raw_selection
2025-01-14,NFLX,baseline,False,0.0,0.023973927436387,0.1516055805468481,0.1807702410129892,0.240113560466546,0.1625664348622453,0.240113560466546,False,0.0,-0.0001727578202147,0.15866508580964,0.5,0.5,False,,0.0,low_or_negative_expected_return
2025-01-14,META,baseline,False,0.0,0.0384854776898402,0.0492217080353387,0.1383929158340344,0.2206647116244215,0.1076819356068574,0.2206647116244215,False,0.0,7.070906036048941e-06,0.1586666078662233,0.5,0.5,False,,0.0,not_in_raw_selection
2025-01-14,INTC,baseline,False,0.0,0.0270832567579246,0.13854165321423,0.0286457924586218,0.1708332629667415,0.2026041268267582,0.1708332629667415,False,0.0,-6.295028370336192e-05,0.1586435453903177,0.5,0.5,False,,0.0,low_or_negative_expected_return
2025-01-14,COST,baseline,False,0.0,0.0068358205300329,0.0299489030267443,0.0510123306682452,0.1612354783397489,0.1139082277386003,0.1612354783397489,False,0.0,0.0001824756697031,0.0,0.5,0.5,False,,0.0,not_in_raw_selection
2025-01-14,ADBE,baseline,True,0.0,0.0110731686143734,0.0596302885286927,0.0701945720251757,0.121271641944231,0.0593152855350551,0.121271641944231,True,0.0,7.918276243670236e-05,0.1586610111782441,0.5,0.5,False,,0.0,not_in_raw_selection
2025-01-22,INTC,baseline,False,0.0,-0.0132662812182181,-0.0965233555095325,-0.1010979382486736,0.1935040907653615,-0.0507777026239392,0.1935040907653615,False,0.0,-0.000112598021832,0.2007092343984796,0.5,0.5,False,,0.0,low_or_negative_expected_return
2025-01-22,META,baseline,False,0.0,0.0207698672125602,0.0849879554681234,0.1305052046787289,0.1144186477232858,0.0071050403781576,0.1144186477232858,False,0.0,-0.0001151677628222,0.208804738402401,0.5,0.5,False,,0.0,low_or_negative_expected_return
2025-01-22,AAPL,baseline,False,0.0,-0.0007594967946863,0.0693830078731752,0.0386007207209417,0.098288879149478,0.0513782777372271,0.098288879149478,False,0.0,-2.199898640960338e-05,9.789936434661954e-05,0.5,0.5,False,,0.0,low_or_negative_expected_return
2025-01-22,COST,baseline,False,0.0,-0.0026887255527454,0.0204509442940334,0.1039271635515393,0.0954058883063762,0.0867153401626117,0.0954058883063762,False,0.0,7.13505356783412e-06,0.5192831356585431,0.5,0.5,False,,0.0,not_in_raw_selection
2025-01-22,NFLX,baseline,False,0.0,0.0323588079402195,0.0253252163403827,0.0598748190399049,0.0739525587449529,-0.0499271521155636,0.0739525587449529,False,0.0,-0.0001704484382049,0.1260962164438153,0.5,0.5,False,,0.0,low_or_negative_expected_return
2025-01-29,INTC,baseline,False,0.0,0.0131645685509791,-0.0050633104541634,0.1382278249233584,0.1691139317766021,0.2000000386298457,0.1691139317766021,False,0.0,-8.204758679775701e-05,4.1539402643217457e-05,0.5,0.5,False,,0.0,low_or_negative_expected_return
2025-01-29,CSCO,baseline,False,0.0,0.015449235859436,0.0507136943149479,0.0500419744822053,0.0715365607188671,0.0020150954394988,0.0715365607188671,False,0.0,-0.0001760232927556,0.2412403473884017,0.5,0.5,False,,0.0,low_or_negative_expected_return
2025-01-29,TXN,baseline,False,0.0,0.0277361728601446,0.0073223056201554,-0.0015532189086415,0.0611859905579525,-0.0370000444381432,0.0611859905579525,False,0.0,8.207328876745511e-05,6.300411806344747e-05,0.5,0.5,False,,0.0,not_in_raw_selection
2025-01-29,COST,baseline,True,0.1344332530043465,0.0155494594828682,0.0818032652370723,0.1048733154266825,0.0598431581010712,-0.0761395229631776,0.0598431581010712,True,0.1344332530043465,0.0006703510940659,0.884207303982519,0.5,0.5,False,,0.0,not_in_raw_selection
2025-01-29,PEP,baseline,False,0.0,0.010174894121028,-0.0313226814392558,-0.0424286083074707,0.0109729946721588,-0.0135000255716896,0.0109729946721588,False,0.0,3.580112335062361e-05,0.4494876627946989,0.5,0.5,False,,0.0,not_in_raw_selection
2025-02-05,PEP,baseline,False,0.0,-0.0021282270410541,-0.0114650427499592,0.0236166576611249,0.0614444372046267,0.0102292338110285,0.0614444372046267,False,0.0,7.297750488379199e-05,0.0601298635497409,0.5,0.5,False,,0.0,not_in_raw_selection
2025-02-05,INTC,baseline,False,0.0,-0.0137404815778753,0.1440203551473515,0.3277354024976464,0.0559796642658663,0.2193383994714168,0.0559796642658663,False,0.0,-0.0002191189245441,0.0600783682835192,0.5,0.5,False,,0.0,low_or_negative_expected_return
2025-02-05,TXN,baseline,False,0.0,0.0093066935155481,-0.0088110076380496,0.1231896625756405,0.0426785624554961,-0.0050113094358793,0.0426785624554961,False,0.0,-0.0003388195807017,0.060095419291522,0.5,0.5,False,,0.0,low_or_negative_expected_return
2025-02-05,ADBE,baseline,False,0.0,-0.0050956537747571,0.0574229477010876,0.0389826962691053,0.0163379882930991,-0.1097274386935801,0.0163379882930991,False,0.0,-0.0003818213710939,0.0556713239552993,0.5,0.5,False,,0.0,low_or_negative_expected_return
2025-02-05,CSCO,baseline,False,0.0,-0.0047946178443942,-0.0006392986370855,0.0335623858776334,0.0134249665444281,-0.0311651074388731,0.0134249665444281,False,0.0,-0.0001598204468852,0.3130856391599675,0.5,0.5,False,,0.0,low_or_negative_expected_return
2025-02-12,INTC,baseline,True,9.792879037386544e-09,0.0733985610377876,0.1605872190330319,0.0271352590201556,0.0542705180403111,0.0507118025004933,0.0542705180403111,True,9.792879037386544e-09,8.472342792810064e-05,0.1938376609331353,0.5,0.5,True,0.5,0.5,selected
2025-02-12,PEP,baseline,False,0.0,0.004097481181905,0.0354885784804985,0.0557677510449021,0.0302103665447326,0.0394471314611548,0.0302103665447326,False,0.0,0.0001079546176829,0.0380660120809332,0.5,0.5,False,,0.0,not_in_raw_selection
2025-02-12,TXN,baseline,False,0.0,0.004500236312424,0.1331740679435309,0.0628368087861594,-0.0355019678572715,0.0042779542761952,-0.0355019678572715,False,0.0,5.1594618367367816e-05,0.0,0.5,0.5,False,,0.0,not_in_raw_selection
2025-02-12,CSCO,baseline,True,0.1627039564739693,0.0209499663979642,0.0342235635922796,0.0204702161999392,-0.0457380563918783,-0.01807128219219,-0.0457380563918783,True,0.1627039564739693,0.0002618588012996,0.5299699038540766,0.5,0.5,False,,0.0,not_in_raw_selection
2025-02-12,VIST,baseline,False,0.0,0.0193255681311261,0.092289496936883,-0.0398343619450427,-0.066259133721428,-0.0441727056637911,-0.066259133721428,False,0.0,-1.6656709986323876e-06,0.0380173572919406,0.5,0.5,False,,0.0,low_or_negative_expected_return
2025-02-20,PEP,baseline,False,0.0,0.0295103535638328,0.0195841586144405,0.0369550253607,-0.0130785521610067,0.0152246071143409,-0.0130785521610067,False,0.0,9.745147572410072e-05,0.059994228598219,0.5,0.5,False,,0.0,not_in_raw_selection
2025-02-20,CCJ,baseline,False,0.0,-0.0657499207798703,-0.0657499207798703,-0.0947571929664655,-0.0363129009059045,-0.1209712281341376,-0.0363129009059045,False,0.0,-1.5258914521057622e-05,0.0598923210484101,0.5,0.5,False,,0.0,low_or_negative_expected_return
2025-02-20,AMD,baseline,False,0.0,-0.0291670481252618,-0.1284049773831249,-0.1341858626655502,-0.0615748348256438,-0.1784181084687818,-0.0615748348256438,False,0.0,-7.358295683638573e-05,0.0599053188146239,0.5,0.5,False,,0.0,low_or_negative_expected_return
2025-02-20,CSCO,baseline,True,0.0740851516641036,-0.0106695321825496,-0.0132982344209694,-0.0194835063740307,-0.0626256278294649,-0.1138085202419038,-0.0626256278294649,True,0.0740851516641036,0.0017021438093444,1.0,0.5,0.5,False,,0.0,not_in_raw_selection
2025-02-20,MSFT,baseline,False,0.0,-0.0190325459226732,-0.0567130604056337,-0.0462355273799427,-0.0703866777238769,-0.1033812006499387,-0.0703866777238769,False,0.0,-8.048800834548672e-05,0.2125810132472327,0.5,0.5,False,,0.0,low_or_negative_expected_return
2025-02-27,YPF,baseline,False,0.0,0.0174165010401554,-0.0301887051522551,-0.0214804546321774,0.0847604674681627,-0.1994194684205636,0.0847604674681627,False,0.0,-8.842500817790637e-05,5.4278132791501534e-05,0.5,0.5,False,,0.0,low_or_negative_expected_return
2025-02-27,AMD,baseline,False,0.0,0.0035172190393679,-0.0066325359053436,-0.0140689528270965,0.0717515750816051,-0.1086323480647628,0.0717515750816051,False,0.0,6.416780161951447e-05,4.594618331944955e-05,0.5,0.5,False,,0.0,not_in_raw_selection
2025-02-27,INTC,baseline,False,0.0,0.027717600061458,-0.1013425784809112,0.0264183891866798,0.0229536891789974,-0.1390212633437993,0.0229536891789974,False,0.0,-2.3551479550355126e-05,0.1710527161328123,0.5,0.5,True,0.5,0.5,selected
2025-02-27,QCOM,baseline,False,0.0,0.0176767397331194,0.0103599509157841,-0.0161875159316219,0.0228567645913897,-0.1297591830363053,0.0228567645913897,False,0.0,-1.1672644119556507e-06,5.073694900062682e-05,0.5,0.5,False,,0.0,low_or_negative_expected_return
2025-02-27,NFLX,baseline,True,0.2486369408203648,0.0181606795323925,-0.0588845843640783,-0.0756954424453926,0.014173402504652,-0.0435067282329111,0.014173402504652,True,0.2486369408203648,0.0002416749131373,7.642126834477787e-05,0.5,0.5,False,,0.0,not_in_raw_selection
2025-03-06,INTC,baseline,False,0.0,-0.0053012342338102,0.1421687114669616,0.1546987510589232,0.0809638701289532,-0.0877108286662273,0.0809638701289532,False,0.0,-1.1514589900406124e-05,0.5177077541810009,0.5,0.5,True,0.5,0.5,selected
2025-03-06,TSLA,baseline,False,0.0,-0.0029607088371812,-0.0864301327621737,-0.1032075021459029,0.0145378113296721,-0.083811030809489,0.0145378113296721,False,0.0,-7.9611526082034e-05,0.3333497185572735,0.5,0.5,False,,0.0,low_or_negative_expected_return
2025-03-06,NFLX,baseline,True,0.1338104951208889,-0.0168255604746258,-0.0178626954802934,0.0490754001610458,0.0117944329562631,0.0735579648281516,0.0117944329562631,True,0.1338104951208889,0.0001804980980731,0.3333799212241279,0.5,0.5,False,,0.0,not_in_raw_selection
2025-03-06,YPF,baseline,False,0.0,-0.0005986368708476,0.0089793247060965,0.0634540239918313,0.0041903439176245,-0.0098772229232135,0.0041903439176245,False,0.0,-8.223413409265831e-05,0.3333957522928959,0.5,0.5,False,,0.0,low_or_negative_expected_return
2025-03-06,PEP,baseline,False,0.0,-0.0010995289326318,-0.0405536785958795,-0.0482504798164247,-0.0209559891363659,-0.0761270566327965,-0.0209559891363659,False,0.0,-0.0001617733207267,0.3335125292580045,0.5,0.5,False,,0.0,low_or_negative_expected_return
2025-03-13,COST,baseline,True,0.0723511849846928,0.0149334035457162,0.005367080599,0.054041010921251,0.082740116823573,0.097168240665826,0.082740116823573,True,0.0723511849846928,0.0001285391998905,0.5309107817924142,0.5,0.5,False,,0.0,not_in_raw_selection
2025-03-13,TSLA,baseline,False,0.0,0.0386405323864447,-0.0183646264893295,0.1348263802332108,0.048695369691535,0.1839372647434218,0.048695369691535,False,0.0,1.4474414162727606e-05,0.5308287335583849,0.5,0.5,False,,0.0,not_in_raw_selection
2025-03-13,NFLX,baseline,True,0.0717996884575317,0.0312637452865345,0.0681555372485052,0.0972286074059904,0.034824792271545,0.2374378151666714,0.034824792271545,True,0.0717996884575317,0.0001648188566715,0.5308798207457789,0.5,0.5,False,,0.0,not_in_raw_selection
2025-03-13,MSFT,baseline,False,0.0,0.025846843279256,0.0213058255888574,0.0311798661487077,0.0068115668207033,0.0345328760705263,0.0068115668207033,False,0.0,-3.0676788007692704e-05,0.5309699436053084,0.5,0.5,False,,0.0,low_or_negative_expected_return
2025-03-13,PEP,baseline,False,0.0,0.0016853175554254,-0.0080221280220046,0.0089659017384979,-0.0283133143584242,-0.1008493449130339,-0.0283133143584242,False,0.0,-6.189629157568792e-05,0.5309892169962687,0.5,0.5,False,,0.0,low_or_negative_expected_return
2025-03-20,COST,baseline,False,0.0,0.0154790986974031,0.0484140880097754,0.0800535969637565,0.1106767622111548,0.1260888544790765,0.1106767622111548,False,0.0,8.696936211214935e-05,0.2161446026153424,0.5,0.5,False,,0.0,not_in_raw_selection
2025-03-20,VIST,baseline,False,0.0,0.0120559214078754,0.0434876302386488,-0.06716897482538,0.0292788070616492,-0.0527449025338705,0.0292788070616492,False,0.0,4.206834417181457e-05,0.4448987660875502,0.5,0.5,False,,0.0,not_in_raw_selection
2025-03-20,NFLX,baseline,True,0.1928316731986308,0.0099385774521878,0.0272180119314602,-0.035536975892352,0.0233372783913792,0.2162824715053137,0.0233372783913792,True,0.1928316731986308,0.0002563226130298,0.7896871042932753,0.5,0.5,False,,0.0,not_in_raw_selection
2025-03-20,TSLA,baseline,False,0.0,0.0526962350651838,0.1560569340270163,0.1312960509341052,0.0216287172147704,0.215652239620991,0.0216287172147704,False,0.0,-7.129030523373068e-05,0.0,0.5,0.5,False,,0.0,low_or_negative_expected_return
2025-03-20,PEP,baseline,False,0.0,-0.0115528169810056,0.0171254120080608,0.0286782289890665,-0.0292898249226276,-0.0910635029037845,-0.0292898249226276,False,0.0,-0.0001139752840179,0.7897878333841971,0.5,0.5,False,,0.0,low_or_negative_expected_return
2025-03-27,NFLX,baseline,True,0.0548815157790629,-0.0438917505802189,-0.061092180135953,-0.0568740321873098,0.1277848634407701,0.1673970697225073,0.1277848634407701,True,0.0548815157790629,0.0002647892637214,0.3432706063949457,0.5,0.5,False,,0.0,not_in_raw_selection
2025-03-27,AVGO,baseline,False,0.0,-0.0166870764830031,-0.1045410222226126,0.0018024161212442,0.1181463539533251,0.2105354398428538,0.1181463539533251,False,0.0,-7.396741236171441e-05,0.3431895889256584,0.5,0.5,False,,0.0,low_or_negative_expected_return
2025-03-27,TSLA,baseline,False,0.0,-0.0350749347145293,-0.0214183941673694,-0.0758979629324226,0.0432761216743293,0.0920074852032262,0.0432761216743293,False,0.0,2.854817760776105e-05,0.3431685684465538,0.5,0.5,False,,0.0,not_in_raw_selection
2025-03-27,COST,baseline,True,0.0570954079036525,-0.0096831178220705,0.0301784469665447,0.0272276938040945,0.0409160832431758,0.0738642096995672,0.0409160832431758,True,0.0570954079036525,0.0001832251398286,0.4783006321141095,0.5,0.5,False,,0.0,not_in_raw_selection
2025-03-27,CCJ,baseline,False,0.0,-0.018766108773544,-0.0403472009760184,-0.0926577683314632,0.0319024296569574,0.1900069967434137,0.0319024296569574,False,0.0,-0.0001152935510453,0.3432067756871828,0.5,0.5,False,,0.0,low_or_negative_expected_return
2025-04-03,AVGO,baseline,False,0.0,-0.0501266248688845,0.1187585818926189,0.1102526562688399,0.3222518450295095,0.4843841878080477,0.3222518450295095,False,0.0,-5.577797737168621e-05,8.578489376969691e-06,0.5,0.5,False,,0.0,low_or_negative_expected_return
2025-04-03,NFLX,baseline,True,0.0999999976946719,-0.0667248587723851,0.0044926113718533,0.0610435577229138,0.2610980837037866,0.2993075350180092,0.2610980837037866,True,0.0999999976946719,0.0001851900077139,0.4886896690907998,0.5,0.5,False,,0.0,not_in_raw_selection
2025-04-03,MSFT,baseline,False,0.0,-0.035565890848963,0.0220846964044367,-0.0142852959757789,0.1666265065759491,0.217523000853586,0.1666265065759491,False,0.0,-3.1531922526850884e-05,0.0001518443818926,0.5,0.5,False,,0.0,low_or_negative_expected_return
2025-04-03,CCJ,baseline,False,0.0,-0.0752871676324941,-0.0545098887937882,0.006599864550739,0.1491077608622129,0.2532388327790942,0.1491077608622129,False,0.0,-9.327637351381592e-07,2.7022485449458572e-05,0.5,0.5,False,,0.0,low_or_negative_expected_return
2025-04-03,AMAT,baseline,False,0.0,-0.0631687543767255,0.0201461965684781,0.0143901725782513,0.1445650681927484,0.221828750910815,0.1445650681927484,False,0.0,2.7847034787533574e-05,4.418580906637503e-05,0.5,0.5,False,,0.0,not_in_raw_selection
2025-04-10,VIST,baseline,False,0.0,0.081349287014891,0.3551588159732886,0.3613945703275363,0.339852667044388,0.410997746647002,0.339852667044388,False,0.0,5.587685450975144e-05,0.2739463383380634,0.5,0.5,False,,0.0,not_in_raw_selection
2025-04-10,CCJ,baseline,False,0.0,0.0558428084377,0.064632884702058,0.1372802826110755,0.3115304845395292,0.517321565761613,0.3115304845395292,False,0.0,-8.351531406458632e-07,0.2739816487955679,0.5,0.5,False,,0.0,low_or_negative_expected_return
2025-04-10,NFLX,baseline,True,0.0999778097547866,-0.0031263978948412,0.0562980212207113,0.1957945194281345,0.2377954902778782,0.2868309392138899,0.2377954902778782,True,0.0999778097547866,0.000197902395852,0.274013622572767,0.5,0.5,False,,0.0,not_in_raw_selection
2025-04-10,AVGO,baseline,False,0.0,0.0559489217580144,-0.0076030036877029,0.1161346149298967,0.2083574768463598,0.3274521019712175,0.2083574768463598,False,0.0,-8.397311618713277e-05,0.2739473403439574,0.5,0.5,False,,0.0,low_or_negative_expected_return
2025-04-10,YPF,baseline,False,0.0,0.0888325152181594,0.1994199391792301,0.1602610619478206,0.1856418003407085,0.324147953545618,0.1856418003407085,False,0.0,-8.481060284099913e-05,0.2739591023219416,0.5,0.5,False,,0.0,low_or_negative_expected_return
2025-04-17,TSLA,baseline,False,0.0,-0.0574636259591979,0.1805527529164725,0.1899158854257541,0.4499731452387419,0.4197705156973919,0.4499731452387419,False,0.0,1.7589166012120362e-05,0.3122697069131847,0.5,0.5,True,0.5,0.5,selected
2025-04-17,AMD,baseline,False,0.0,-0.0221714564732142,0.1045714460100446,0.1291428920200892,0.3390856933593751,0.310057111467634,0.3390856933593751,False,0.0,-6.309392969104652e-05,0.25076312302248,0.5,0.5,False,,0.0,low_or_negative_expected_return
2025-04-17,AVGO,baseline,False,0.0,-0.0279548431237869,0.1246856037225054,0.1909467971669822,0.3369787313065562,0.4545294971863736,0.3369787313065562,False,0.0,-9.310299239319485e-05,0.1294571636750013,0.5,0.5,False,,0.0,low_or_negative_expected_return
2025-04-17,NVDA,baseline,False,0.0,-0.0451275425959502,0.0938023891304016,0.128189993202028,0.3341215562762389,0.3536309761994307,0.3341215562762389,False,0.0,-8.383592113913287e-06,0.3122745911774324,0.5,0.5,False,,0.0,low_or_negative_expected_return
2025-04-17,META,baseline,False,0.0,-0.0335407333407697,0.0913097382582817,0.1905160852912373,0.2769004004686566,0.3378400129937646,0.2769004004686566,False,0.0,2.669326351236133e-06,0.3122920639406663,0.5,0.5,False,,0.0,not_in_raw_selection
2025-04-25,CCJ,baseline,False,0.0,0.0302340978770287,0.0686518874252442,0.1532165857376808,0.3341667739794125,0.5210275314643138,0.3341667739794125,False,0.0,-1.490084372327781e-06,0.2801810022900424,0.5,0.5,False,,0.0,low_or_negative_expected_return
2025-04-25,TSLA,baseline,True,0.0363026901606752,0.0032637046356942,0.0079311428363963,0.0467099385450222,0.1908755283412382,0.0829267357534484,0.1908755283412382,True,0.0363026901606752,3.218736493282176e-05,0.4892643949065198,0.5,0.5,True,0.5,0.5,selected
2025-04-25,AVGO,baseline,False,0.0,0.0008320090694224,0.0589153032857932,0.0826270063510712,0.1893297494895751,0.2702407668892446,0.1893297494895751,False,0.0,-0.0001377703796592,0.1430371578235919,0.5,0.5,True,0.5,0.5,selected
2025-04-25,NVDA,baseline,False,0.0,-0.0205386788165167,0.0314385892857351,0.0508062271967806,0.1826861612435149,0.2848392229357697,0.1826861612435149,False,0.0,-1.2707580015091204e-05,0.1430372397978673,0.5,0.5,False,,0.0,low_or_negative_expected_return
2025-04-25,MSFT,baseline,False,0.0,-0.0017608840899799,0.1108332065823887,0.1196376270322887,0.1488579447842513,0.2064565334601855,0.1488579447842513,False,0.0,-4.582786084792912e-05,0.3375040385849031,0.5,0.5,False,,0.0,low_or_negative_expected_return
2025-05-02,CCJ,baseline,False,0.0,-0.0127632098605342,0.0791321283455386,0.0906190659079251,0.2376090700374711,0.475430825075797,0.2376090700374711,False,0.0,-0.0001295012976274,0.447107858036543,0.5,0.5,False,,0.0,low_or_negative_expected_return
2025-05-02,AVGO,baseline,True,0.0625369578138985,-0.0143390207115358,0.022392445355829,0.1226183524628925,0.2213219773094823,0.2379689985224511,0.2213219773094823,True,0.0625369578138985,0.0001371748054781,0.3214752957644523,0.5,0.5,True,0.5,0.5,selected
2025-05-02,NVDA,baseline,False,0.0,-0.0059388672941116,0.0187773059028726,0.1825326977858896,0.1998253701555676,0.2636681435930676,0.1998253701555676,False,0.0,-0.000124071602386,0.1138774639839349,0.5,0.5,False,,0.0,low_or_negative_expected_return
2025-05-02,TSLA,baseline,False,0.0,-0.0241982587522208,0.0384736556502254,0.2185509606167992,0.1931688055323299,0.1459559718495762,0.1931688055323299,False,0.0,-0.0004372887722387,0.1293518145273584,0.5,0.5,True,0.5,0.5,selected
2025-05-02,YPF,baseline,False,0.0,-0.0340323054632261,0.1240976483814289,0.23341357442115,0.190099647655207,0.2196630923386218,0.190099647655207,False,0.0,-9.587949550100356e-05,0.0741838686377798,0.5,0.5,False,,0.0,low_or_negative_expected_return
2025-05-09,CCJ,baseline,True,0.1243189262264934,0.0084762528889394,0.0106446071437031,0.1569091101182722,0.3189435100704474,0.4259806227213236,0.3189435100704474,True,0.1243189262264934,0.0041024000495922,0.9727221539452712,0.5,0.5,False,,0.0,not_in_raw_selection
2025-05-09,NVDA,baseline,False,0.0,0.0544363342568181,0.1607371806715816,0.1255035710994483,0.222717556940365,0.2678953447220713,0.222717556940365,False,0.0,4.2449326697194674e-05,0.3622023418231936,0.5,0.5,False,,0.0,not_in_raw_selection
2025-05-09,AMD,baseline,False,0.0,0.0513419544604361,0.1393426909893316,0.0726371206408811,0.1836834664693885,0.3460715441972235,0.1836834664693885,False,0.0,-1.1587737553124516e-05,0.2847400695275807,0.5,0.5,False,,0.0,low_or_negative_expected_return
2025-05-09,AVGO,baseline,True,0.0986667582112048,0.0642651540774936,0.0980307586996902,0.0985590997754055,0.1732949200764111,0.2669067861669767,0.1732949200764111,True,0.0986667582112048,0.0014155773334834,0.6503594042937301,0.5,0.5,False,,0.0,not_in_raw_selection
2025-05-09,META,baseline,False,0.0,0.0792249712486077,0.0807609198632459,0.0583469896437298,0.1714290688422264,0.2020456445606815,0.1714290688422264,False,0.0,-0.0005737734135733,0.4989482687471698,0.5,0.5,False,,0.0,low_or_negative_expected_return
2025-05-16,CCJ,baseline,True,0.1034120998748603,-0.0017554154824327,0.1447239731362577,0.1347766683385263,0.3528379167363276,0.3978934567786321,0.3528379167363276,True,0.1034120998748603,0.0015369411911178,0.8416474200741203,0.5,0.5,False,,0.0,not_in_raw_selection
2025-05-16,AVGO,baseline,False,0.0,0.0088360275887662,0.0004811714713175,0.0879226895142464,0.1027514344536528,0.1580420345897477,0.1027514344536528,False,0.0,0.0002633133810488,0.6471760692690478,0.5,0.5,False,,0.0,not_in_raw_selection
2025-05-16,META,baseline,False,0.0,0.0001404969493383,-0.020739027297871,0.0477246404674487,0.0964799413916117,0.1231844653457221,0.0964799413916117,False,0.0,0.0001032355765351,0.5917190983184005,0.5,0.5,False,,0.0,not_in_raw_selection
2025-05-16,AMD,baseline,False,0.0,-0.0207390999671435,-0.0585474158705733,-0.0216779120527506,0.0786890958845025,0.1616454957530766,0.0786890958845025,False,0.0,0.0001182173977332,0.6251656152043817,0.5,0.5,True,0.5,0.5,selected
2025-05-16,NVDA,baseline,False,0.0,0.0012556383707398,-0.0303545110459438,0.014623420056,0.0686115876195994,0.1322009598387301,0.0686115876195994,False,0.0,0.0001830950352082,0.5536051044058272,0.5,0.5,False,,0.0,not_in_raw_selection
2025-05-23,AMD,baseline,False,0.0,0.0385277861849513,0.0391623587202922,0.1035264803833744,0.2549179198580882,0.254736712224018,0.2549179198580882,False,0.0,-0.000101420835457,0.4518745782736753,0.5,0.5,False,,0.0,low_or_negative_expected_return
2025-05-23,CCJ,baseline,True,0.1826639332293077,0.030328891389411,-0.0086896972817632,0.1400580205783066,0.2325779183945955,0.2191174770141573,0.2325779183945955,True,0.1826639332293077,0.0066788824003907,1.0,0.5,0.5,False,,0.0,not_in_raw_selection
2025-05-23,TXN,baseline,True,0.0,0.0393647323952048,0.0448667244763867,0.1299489691749098,0.1673851049121788,0.2273964585588865,0.1673851049121788,True,0.0,0.0002092847063416,0.4919332058902085,0.5,0.5,False,,0.0,not_in_raw_selection
2025-05-23,AVGO,baseline,False,0.0,0.0302990234294995,0.0873994639142849,0.0680307689557029,0.1532440871191991,0.2150227020518642,0.1532440871191991,False,0.0,-0.0006172039899428,0.2071949625771246,0.5,0.5,True,0.5,0.5,selected
2025-05-23,AMAT,baseline,False,0.0,0.0274268774990735,-0.0015236508332465,0.0779632988861791,0.1439273630852766,0.2404927065194488,0.1439273630852766,False,0.0,-0.0001607409723589,0.3560393565057904,0.5,0.5,False,,0.0,low_or_negative_expected_return
2025-06-02,CCJ,baseline,True,0.1357052265878104,0.0257820555540038,0.150051621023401,0.1921622593078809,0.2318665828980657,0.3095565837360141,0.2318665828980657,True,0.1357052265878104,0.0039100686984922,1.0,0.5,0.5,False,,0.0,not_in_raw_selection
2025-06-02,AMD,baseline,False,0.0,0.0233795722706944,0.0619384652676846,0.1025909658728514,0.1873855349524849,0.3964931140769221,0.1873855349524849,False,0.0,-0.0001246047376203,0.5218428958704572,0.5,0.5,False,,0.0,low_or_negative_expected_return
2025-06-02,AMAT,baseline,False,0.0,0.028422465182611,0.0796082448880826,0.1225917101515139,0.1684363802043438,0.2386977317117447,0.1684363802043438,False,0.0,-9.58733432761367e-05,0.311446664466242,0.5,0.5,False,,0.0,low_or_negative_expected_return
2025-06-02,INTC,baseline,False,0.0,0.0278622670104531,0.0374873241995101,0.0506585618842363,0.1575481583795073,0.1494427962079125,0.1575481583795073,False,0.0,6.235843556258078e-05,0.1639049974924582,0.5,0.5,False,,0.0,not_in_raw_selection
2025-06-02,TXN,baseline,False,0.0,0.021008604180764,0.0814288011144772,0.0814830571617692,0.1424460630693831,0.176049028249343,0.1424460630693831,False,0.0,-0.0005560851194517,0.1639175285793226,0.5,0.5,False,,0.0,low_or_negative_expected_return
2025-06-09,AMAT,baseline,False,0.0,0.0234407865228014,0.0398139468339158,0.0611932375316079,0.1507745280393178,0.101419411635665,0.1507745280393178,False,0.0,-0.0001128122359395,0.3152101719430821,0.5,0.5,False,,0.0,low_or_negative_expected_return
2025-06-09,INTC,baseline,False,0.0,0.0781250203726817,0.0126953239596334,0.1010742061080234,0.1445313016593001,0.1469726707109659,0.1445313016593001,False,0.0,-0.0004395259400932,0.0404106978842008,0.5,0.5,False,,0.0,low_or_negative_expected_return
2025-06-09,NVDA,baseline,True,0.0949688495497056,0.009324838992661,0.0144429467017566,0.0369486702184564,0.1419757365684575,0.1973637589062198,0.1419757365684575,True,0.0949688495497056,0.0008421118599575,0.631885054836144,0.5,0.5,True,0.5,0.5,selected
2025-06-09,AVGO,baseline,False,0.0,0.0014328070462774,0.0320124748784038,0.0797854524798156,0.1376289310839673,0.1613312750083795,0.1376289310839673,False,0.0,-0.0002201538638161,0.5445083270660553,0.5,0.5,False,,0.0,low_or_negative_expected_return
2025-06-09,AMD,baseline,False,0.0,0.012404456298324,0.0382814088902216,0.1371887690652597,0.1370245612847567,0.3032940895540348,0.1370245612847567,False,0.0,-8.104290949975632e-05,0.49824445888013,0.5,0.5,True,0.5,0.5,selected
2025-06-16,AMD,baseline,False,0.0,0.005617525816135,0.0952606483446103,0.0769048284487863,0.2665559190133639,0.4202863784611912,0.2665559190133639,False,0.0,-0.000138873347316,0.4550708728870784,0.5,0.5,True,0.5,0.5,selected
2025-06-16,NVDA,baseline,False,0.0,-0.0039395073232484,0.0221853023769078,0.0595065344189089,0.1843941683986465,0.2389937193142162,0.1843941683986465,False,0.0,-6.953861861131617e-05,0.4445386887468163,0.5,0.5,False,,0.0,low_or_negative_expected_return
2025-06-16,AVGO,baseline,True,0.0383740564738209,-0.0108290794138542,0.0462910853931688,0.0501387696344173,0.113883342959101,0.2003966195579054,0.113883342959101,True,0.0383740564738209,6.437457442744836e-05,0.2370055030791687,0.5,0.5,False,,0.0,not_in_raw_selection
2025-06-16,AMAT,baseline,False,0.0,-0.0139337676088626,0.0205606885373956,0.040838240331066,0.1034267583755452,0.0727272507275258,0.1034267583755452,False,0.0,7.576185427300103e-05,0.1197138989289253,0.5,0.5,False,,0.0,not_in_raw_selection
2025-06-16,CCJ,baseline,True,0.0651197786131038,-0.0015859372748497,0.0429641825449222,0.0333044627777727,0.0984717671705923,0.1209630812545909,0.0984717671705923,True,0.0651197786131038,0.0068104988776355,1.0,0.5,0.5,True,0.5,0.5,selected
2025-06-24,NVDA,baseline,False,0.0,0.0433401212078192,0.0365112195951333,0.1012847302536921,0.1546991604261072,0.2131170086086811,0.1546991604261072,False,0.0,-2.3412880929336838e-05,0.2404596777089956,0.5,0.5,False,,0.0,low_or_negative_expected_return
2025-06-24,AMD,baseline,False,0.0,0.0359026329817371,-0.0167593165367231,-0.0001443979970344,0.1460666206062775,0.1783573195675378,0.1460666206062775,False,0.0,-0.0002214343719239,0.3165240177269499,0.5,0.5,True,0.5,0.5,selected
2025-06-24,GOOGL,baseline,False,0.0,0.0234453936748262,0.0543862315348482,0.059063324293223,0.1406727280329758,0.1758109450997438,0.1406727280329758,False,0.0,-0.000112560522367,4.364345231886905e-05,0.5,0.5,False,,0.0,low_or_negative_expected_return
2025-06-24,PEP,baseline,False,0.0,-0.0231209363505332,0.0321250771235419,0.0261731598314163,0.1114841684099876,0.0743990825864329,0.1114841684099876,False,0.0,-5.5652356380577984e-05,0.0001068240141602,0.5,0.5,False,,0.0,low_or_negative_expected_return
2025-06-24,CCJ,baseline,True,0.0628246354970578,-0.012579431556291,-0.0092617943442495,-0.0109205602173776,0.0941388655340766,0.0581974969172351,0.0941388655340766,True,0.0628246354970578,0.0073395703068845,1.0,0.5,0.5,True,0.5,0.5,selected
2025-07-01,AMD,baseline,False,0.0,0.0177062938160481,0.0168981194728088,0.1761075682405084,0.3188596995214743,0.3549334901326835,0.3188596995214743,False,0.0,5.2893187831743706e-05,0.2479528555744875,0.5,0.5,True,0.5,0.5,selected
2025-07-01,NVDA,baseline,False,0.0,0.0257664505519192,0.062491856753716,0.1178733966451965,0.169406397284513,0.1845400699475616,0.169406397284513,False,0.0,-0.0001162291908616,0.365009017840639,0.5,0.5,False,,0.0,low_or_negative_expected_return
2025-07-01,AVGO,baseline,False,0.0,0.0194908357348704,0.0497091642651297,0.0607010951008646,0.1430838040345821,0.1675228818443803,0.1430838040345821,False,0.0,-0.0002820635258169,0.3564912234042158,0.5,0.5,False,,0.0,low_or_negative_expected_return
2025-07-01,GOOGL,baseline,False,0.0,0.015923584565922,0.0044358439236886,0.0405482542726605,0.1176638015940854,0.1485441931299,0.1176638015940854,False,0.0,-2.0479166781654156e-05,0.3213649218536875,0.5,0.5,False,,0.0,low_or_negative_expected_return
2025-07-01,CCJ,baseline,True,0.1775788637605915,-0.0001394517523549,-0.0016742726420145,0.0630668953249597,0.0848332912849041,0.0548346645120838,0.0848332912849041,True,0.1775788637605915,0.0049042969604425,1.0,0.5,0.5,False,,0.0,not_in_raw_selection
2025-07-09,AMD,baseline,False,0.0,0.0415432399961281,0.1565638147214183,0.146232134230597,0.1785274965774936,0.1935553253183444,0.1785274965774936,False,0.0,1.2272012175168031e-05,0.6961695424442556,0.5,0.5,True,0.5,0.5,selected
2025-07-09,YPF,baseline,False,0.0,-0.0034472143803687,-0.0344719644854193,0.0119085261652249,0.1344406435613085,-0.0156690693322127,0.1344406435613085,False,0.0,-1.3360374683212835e-05,2.019546466674805e-05,0.5,0.5,False,,0.0,low_or_negative_expected_return
2025-07-09,GOOGL,baseline,False,0.0,0.0056618731040984,0.0359529287683559,0.0770580964025127,0.1102366762482627,0.1285245885776962,0.1102366762482627,False,0.0,-0.0001502504908584,0.4062791857843912,0.5,0.5,False,,0.0,low_or_negative_expected_return
2025-07-09,NVDA,baseline,True,0.1210420523689175,0.0074901840872418,0.0521242017427694,0.0485019257100844,0.1015471070131222,0.0768663349603877,0.1015471070131222,True,0.1210420523689175,0.0012804390851607,0.779151463678478,0.5,0.5,False,,0.0,not_in_raw_selection
2025-07-09,AVGO,baseline,False,0.0,-0.0089960419392136,0.0104714059950405,0.0208348638794091,0.0855344370396213,0.0477510608949238,0.0855344370396213,False,0.0,-0.0007461089382482,0.2462165734129737,0.5,0.5,False,,0.0,low_or_negative_expected_return
2025-07-16,AMD,baseline,True,0.1368819910336496,0.0020614806801599,-0.0089330829473597,0.1213767644523597,0.1520489508963061,0.0440404983203226,0.1520489508963061,True,0.1368819910336496,0.0059487708824876,1.0,0.5,0.5,True,0.5,0.5,selected
2025-07-16,AAPL,baseline,False,0.0,-0.000666156201032,0.0189854880322044,-0.005281692953033,0.1102493232070813,0.0967358273543848,0.1102493232070813,False,0.0,-8.765310120900154e-05,0.0309258581600488,0.5,0.5,False,,0.0,low_or_negative_expected_return
2025-07-16,META,baseline,False,0.0,-0.0021339859403183,0.0151798158412508,-0.0109543916946128,0.1097865258620323,0.0632656149966695,0.1097865258620323,False,0.0,-0.0001175944857715,0.0308902789430326,0.5,0.5,False,,0.0,low_or_negative_expected_return
2025-07-16,GOOGL,baseline,True,0.1216703462484133,0.0033338831845759,0.0396786055550097,0.074110496082018,0.1037875354783313,0.1339563553769196,0.1037875354783313,True,0.1216703462484133,0.0008246549940605,0.7888507274707068,0.5,0.5,False,,0.0,not_in_raw_selection
2025-07-16,PEP,baseline,False,0.0,0.0745474391052025,0.0761728636399814,0.055485734526619,0.1034355328310276,0.0908015717172072,0.1034355328310276,False,0.0,-0.0001083858125379,0.0309664037581244,0.5,0.5,False,,0.0,low_or_negative_expected_return
2025-07-23,TXN,baseline,False,0.0,-0.0030066983011745,0.0175570699192533,-0.0018254836933724,0.0779597544830117,0.0055838565698405,0.0779597544830117,False,0.0,0.0001323171703653,0.1073049935849178,0.5,0.5,False,,0.0,not_in_raw_selection
2025-07-23,COST,baseline,False,0.0,-0.0078517776742933,-0.0145347832428053,0.0290802017086782,0.0567154397564222,0.0156291736360343,0.0567154397564222,False,0.0,3.042297884998707e-05,0.1074639692030623,0.5,0.5,False,,0.0,not_in_raw_selection
2025-07-23,AAPL,baseline,False,0.0,-0.001821150598944,-0.0238150408128976,-0.0042026333043904,0.0553817461983419,0.1196824917735066,0.0553817461983419,False,0.0,-2.962620644280965e-05,0.3594683064592699,0.5,0.5,False,,0.0,low_or_negative_expected_return
2025-07-23,META,baseline,False,0.0,0.0017096480757692,-0.0257434270540602,0.0818548330189257,0.0478432029984703,0.0491465658851306,0.0478432029984703,False,0.0,-0.0001156235083195,0.4865390589511144,0.5,0.5,False,,0.0,low_or_negative_expected_return
2025-07-23,GOOGL,baseline,False,0.0,0.0101981942121518,0.0331178215489271,0.0308048191240284,0.0477843231921166,0.2211533841617408,0.0477843231921166,False,0.0,-0.0001744129398133,0.6689095630807702,0.5,0.5,False,,0.0,low_or_negative_expected_return
2025-07-30,INTC,baseline,False,0.0,-0.026548717378384,0.0034414795623938,0.0924286699441054,0.2217305897270616,0.2099311910388748,0.2217305897270616,False,0.0,-0.000107151602333,0.0972301739002206,0.5,0.5,False,,0.0,low_or_negative_expected_return
2025-07-30,AAPL,baseline,False,0.0,-0.0070796254768417,0.0200908724560138,0.1161444555123278,0.1025592065459,0.1003587439429249,0.1025592065459,False,0.0,-8.986013039242693e-05,0.0973167800849461,0.5,0.5,False,,0.0,low_or_negative_expected_return
2025-07-30,TSLA,baseline,False,0.0,-0.0337575828823786,0.0027269154146383,0.0637537480977927,0.0957873518684124,0.1559992091294848,0.0957873518684124,False,0.0,-0.0005239679865415,0.0972247474100887,0.5,0.5,True,0.5,0.5,selected
2025-07-30,TXN,baseline,False,0.0,-0.0446391226421922,-0.0190481243613823,0.0198923012277478,0.0841599651154074,-0.0272794325263561,0.0841599651154074,False,0.0,-0.0003046471842948,0.0972437582283494,0.5,0.5,False,,0.0,low_or_negative_expected_return
2025-07-30,META,baseline,False,0.0,0.1125271184192262,0.1104414002028564,0.1220782100873187,0.0750420466640053,0.0801052929061436,0.0750420466640053,False,0.0,-6.500867043566187e-05,0.0972720167107585,0.5,0.5,False,,0.0,low_or_negative_expected_return
2025-08-06,INTC,baseline,False,0.0,-0.0313571481838882,0.0886819931148545,0.1533562514216335,0.205781518585949,0.4977951946775907,0.205781518585949,False,0.0,-0.0001199490705826,0.1462402555222841,0.5,0.5,False,,0.0,low_or_negative_expected_return
2025-08-06,GOOGL,baseline,True,0.1324001962533661,0.0021929111255085,0.0299352872946241,0.0164720844849339,0.1846601427411536,0.2852771864252257,0.1846601427411536,True,0.1324001962533661,0.0014044982784481,1.0,0.5,0.5,False,,0.0,not_in_raw_selection
2025-08-06,AAPL,baseline,False,0.0,0.0317936636778282,0.0941617905324956,0.0598358476287734,0.1244079661397274,0.115498264397714,0.1244079661397274,False,0.0,-2.69882745345643e-05,0.279881423744263,0.5,0.5,False,,0.0,low_or_negative_expected_return
2025-08-06,QCOM,baseline,False,0.0,0.0004113930341491,0.073710917923323,0.0658256057636874,0.0951042973413254,0.1528387898013867,0.0951042973413254,False,0.0,0.0001245005441455,0.0850644303945082,0.5,0.5,False,,0.0,not_in_raw_selection
2025-08-06,NFLX,baseline,False,0.0,0.0016037861602051,0.0220283813115051,0.0300217400973017,0.0670355165511469,0.0248625374702855,0.0670355165511469,False,0.0,6.4733467059295024e-06,0.0,0.5,0.5,False,,0.0,not_in_raw_selection
2025-08-13,GOOGL,baseline,False,0.0,0.0048524247126189,-0.0130718919681397,0.0273320896720532,0.1901861117371559,0.2170230992038095,0.1901861117371559,False,0.0,-7.192130814612684e-05,0.5775994567342108,0.5,0.5,False,,0.0,low_or_negative_expected_return
2025-08-13,AVGO,baseline,False,0.0,0.0069235972493204,-0.057976586503843,-0.0286000726087133,0.1635122752069679,0.0873855837640835,0.1635122752069679,False,0.0,5.863716801793623e-05,0.4429837560048066,0.5,0.5,False,,0.0,not_in_raw_selection
2025-08-13,INTC,baseline,False,0.0,0.0738074413895868,0.0594060145348211,0.1183618879112462,0.1075608177701721,0.5297030931066855,0.1075608177701721,False,0.0,0.0001868521192414,0.0,0.5,0.5,False,,0.0,not_in_raw_selection
2025-08-13,TSLA,baseline,True,0.1017722750028559,-0.0111969422354715,-0.0456126193753617,0.0301137399777928,0.086716931617534,0.2475396563054253,0.086716931617534,True,0.1017722750028559,0.0001443460954165,0.3824234544667554,0.5,0.5,True,0.5,0.5,selected
2025-08-13,CCJ,baseline,False,0.0,-0.0006613151239731,-0.0678571078962922,-0.0042328002815206,0.0567460450015202,0.133068854378773,0.0567460450015202,False,0.0,0.0001269331330627,0.4892373134147521,0.5,0.5,False,,0.0,not_in_raw_selection
2025-08-20,INTC,baseline,False,0.0,-0.0016992741704168,0.0556499326675168,0.0454545307225724,0.2986405482533256,0.5845368643319337,0.2986405482533256,False,0.0,0.0002290832198523,0.0759963683984929,0.5,0.5,False,,0.0,not_in_raw_selection
2025-08-20,TSLA,baseline,False,0.0,-0.0117011689297318,0.0793455161819014,0.0451682777354054,0.2869713305296859,0.3460944989685359,0.2869713305296859,False,0.0,0.0001517473183921,0.0,0.5,0.5,False,,0.0,not_in_raw_selection
2025-08-20,GOOGL,baseline,False,0.0,0.0021572981134894,0.0409391335715088,0.165462545232065,0.2644490744440861,0.2326409462837362,0.2644490744440861,False,0.0,-7.762370518337915e-05,0.5895801894637838,0.5,0.5,False,,0.0,low_or_negative_expected_return
2025-08-20,AVGO,baseline,True,0.117651213823706,-0.0053920639207869,0.0311844838188297,0.0512758594197981,0.1860768285784628,0.1614519939558072,0.1860768285784628,True,0.117651213823706,6.054133038314952e-05,0.1603932128908062,0.5,0.5,False,,0.0,not_in_raw_selection
2025-08-20,AMAT,baseline,False,0.0,-0.0069583146698518,0.0213095957549169,-0.0168986152289268,0.1789263580497075,0.389102802010679,0.1789263580497075,False,0.0,7.090132026717814e-05,1.2991160313824929e-05,0.5,0.5,False,,0.0,not_in_raw_selection
2025-08-27,INTC,baseline,True,0.1617961835978154,0.003219312775774,-0.009657938327322,-0.009657938327322,0.3678068875931539,0.521126706510936,0.3678068875931539,True,0.1617961835978154,0.001509136430995,0.7833127522224377,0.5,0.5,True,0.5,0.5,selected
2025-08-27,AMAT,baseline,False,0.0,0.0053531533918109,-0.0374109977451075,0.0350385943684032,0.214185819360033,0.3401058693940844,0.214185819360033,False,0.0,-5.0569551810048376e-05,0.0,0.5,0.5,False,,0.0,low_or_negative_expected_return
2025-08-27,TSLA,baseline,False,0.0,-0.010354676927882,-0.0316647801228612,0.0549484871844943,0.2110698148073626,0.2458238013186979,0.2110698148073626,False,0.0,-0.0001548965516632,0.3191833370582871,0.5,0.5,True,0.5,0.5,selected
2025-08-27,GOOGL,baseline,False,0.0,0.02005014337658,0.1196260258112409,0.1585213035807042,0.1846442951006328,0.1641122216739969,0.1846442951006328,False,0.0,-2.441748641026156e-05,0.5652951602942916,0.5,0.5,False,,0.0,low_or_negative_expected_return
2025-08-27,CCJ,baseline,False,0.0,0.0445005118018464,0.0136822369287834,0.0612380537341266,0.1378852955782348,0.1520988943053176,0.1378852955782348,False,0.0,-0.0002545670306339,0.1796792655757666,0.5,0.5,False,,0.0,low_or_negative_expected_return
2025-09-04,INTC,baseline,False,0.0,-0.0048761006199619,0.0,0.2421779332246638,0.5156439785446922,0.4969524274246499,0.5156439785446922,False,0.0,-0.0002122343839567,0.332147289449905,0.5,0.5,True,0.5,0.5,selected
2025-09-04,AMAT,baseline,False,0.0,0.0285009754188283,0.0752653437176151,0.1991910257803519,0.4129802109211231,0.439079836423164,0.4129802109211231,False,0.0,4.3100110364433633e-05,0.1166932979171136,0.5,0.5,False,,0.0,not_in_raw_selection
2025-09-04,TSLA,baseline,False,0.0,0.036363092201525,0.0894455406861529,0.2313532260261495,0.2879213114706809,0.2665051887455376,0.2879213114706809,False,0.0,7.486507137883634e-06,0.2167624893867875,0.5,0.5,False,,0.0,not_in_raw_selection
2025-09-04,AVGO,baseline,False,0.0,0.0940542566836335,0.1748774835410957,0.1282260673550153,0.104802306215626,0.1569748018127101,0.104802306215626,False,0.0,6.946722686844168e-05,0.2673798474421054,0.5,0.5,False,,0.0,not_in_raw_selection
2025-09-04,CCJ,baseline,False,0.0,-0.0060280317021298,0.0469139293092732,0.0825580297905321,0.1033940458927442,0.1942078386707437,0.1033940458927442,False,0.0,-3.280406018232665e-06,0.305871261457148,0.5,0.5,False,,0.0,low_or_negative_expected_return
2025-09-11,INTC,baseline,False,0.0,-0.0215359883584308,0.2421779332246638,0.3811459096091927,0.5359609223723851,0.5505891467292807,0.5359609223723851,False,0.0,-0.0002209261974816,0.168514134578932,0.5,0.5,False,,0.0,low_or_negative_expected_return
2025-09-11,AMD,baseline,False,0.0,0.0186292104412189,0.0144536521260707,0.0359735733884833,0.4960493488083548,0.5095394633340615,0.4960493488083548,False,0.0,-0.0001356527524626,0.049990057173083,0.5,0.5,False,,0.0,low_or_negative_expected_return
2025-09-11,AMAT,baseline,False,0.0,-0.0138112896210637,0.115251256619391,0.1730826521507136,0.2947399997309645,0.3427564467601416,0.2947399997309645,False,0.0,7.298915114086904e-05,0.0790483647945169,0.5,0.5,False,,0.0,not_in_raw_selection
2025-09-11,TSLA,baseline,True,0.0328996997522009,0.0735609258490945,0.1302567958106657,0.1479895269953264,0.1809333028607136,0.217374837879761,0.1809333028607136,True,0.0328996997522009,7.61657189534916e-06,0.2973830876736202,0.5,0.5,False,,0.0,not_in_raw_selection
2025-09-11,AAPL,baseline,False,0.0,0.0175629638149852,0.0341260102820213,0.1166804176860529,0.1043776665402342,0.1284614526356651,0.1043776665402342,False,0.0,-0.0001064363282362,0.1691402546149067,0.5,0.5,False,,0.0,low_or_negative_expected_return
2025-09-18,AMD,baseline,False,0.0,-0.0033561219949475,0.0212133114384394,0.0747846865218375,0.4853090189860423,0.6137284656326982,0.4853090189860423,False,0.0,-0.0002127922716528,0.0498296505838805,0.5,0.5,False,,0.0,low_or_negative_expected_return
2025-09-18,INTC,baseline,True,0.0956776963906746,-0.0323846837095579,0.111874452658945,0.2201504615446816,0.2051030592200247,0.313706256078621,0.2051030592200247,True,0.0956776963906746,0.0002986116817835,0.379458346083028,0.5,0.5,True,0.5,0.5,selected
2025-09-18,AMAT,baseline,False,0.0,0.0017917980950796,0.0518550373183384,0.178277839430671,0.2000421996876675,0.2254954141210221,0.2000421996876675,False,0.0,0.0001430636041427,0.4670658096403831,0.5,0.5,False,,0.0,not_in_raw_selection
2025-09-18,CCJ,baseline,False,0.0,0.0432151031164242,0.0369205063457611,0.0192470200477323,0.1031351722565996,0.2676431478876062,0.1031351722565996,False,0.0,0.0001160704754336,0.2932133167307965,0.5,0.5,False,,0.0,not_in_raw_selection
2025-09-18,PEP,baseline,False,0.0,0.0073189711544581,-0.0057556852354486,0.0112271859519819,0.0848433369139209,0.0484616466373142,0.0848433369139209,False,0.0,-0.0001452696362274,0.0,0.5,0.5,False,,0.0,low_or_negative_expected_return
2025-09-25,AMD,baseline,False,0.0,-0.0112233987142197,0.0524585554098777,0.4440999145519189,0.4571215927802379,0.4739256566686451,0.4571215927802379,False,0.0,-0.0001651058041613,0.1160254588200671,0.5,0.5,False,,0.0,low_or_negative_expected_return
2025-09-25,AMAT,baseline,True,0.1686470167862547,0.0216432461589668,0.1201903281602778,0.1037073963690504,0.1446392496712403,0.1699899380673597,0.1446392496712403,True,0.1686470167862547,0.0035767403515027,1.0,0.5,0.5,False,,0.0,not_in_raw_selection
2025-09-25,INTC,baseline,True,0.174344497854713,0.0444247792576548,0.0973815061824692,0.1120917143410276,0.1226830821719868,0.0956163530306304,0.1226830821719868,True,0.174344497854713,0.0051235276272107,0.8650339579588697,0.5,0.5,True,0.5,0.5,selected
2025-09-25,PEP,baseline,False,0.0,0.0037164399604483,0.0170811851123857,0.0342339094311465,0.0828330223667983,0.0118639485694176,0.0828330223667983,False,0.0,-0.0003736093413118,0.0633750595166801,0.5,0.5,False,,0.0,low_or_negative_expected_return
2025-09-25,VIST,baseline,False,0.0,-0.0232244298866243,-0.0737239976297986,0.006481276974845,0.0731839856469307,0.3046179574896632,0.0731839856469307,False,0.0,-6.882452458677815e-05,0.1159995589984033,0.5,0.5,False,,0.0,low_or_negative_expected_return
2025-10-02,AMD,baseline,True,0.0943350823471242,-0.029812040805777,0.3721204575029724,0.3819596032696764,0.5014434852574634,0.4609085780683557,0.5014434852574634,True,0.0943350823471242,0.0001571340774409,0.4501203058502506,0.5,0.5,False,,0.0,not_in_raw_selection
2025-10-02,YPF,baseline,False,0.0,0.0142797211345688,0.1167576963041094,0.107937830847091,0.4527509839748265,0.5640488246013853,0.4527509839748265,False,0.0,-6.810495213910071e-05,0.0644274103221321,0.5,0.5,False,,0.0,low_or_negative_expected_return
2025-10-02,VIST,baseline,False,0.0,0.0067055261618729,0.086588958797821,0.0387755644500902,0.3758017398356388,0.3862973846857584,0.3758017398356388,False,0.0,-0.0001783907899286,0.0644318785547591,0.5,0.5,False,,0.0,low_or_negative_expected_return
2025-10-02,CCJ,baseline,False,0.0,-0.0003562800520683,0.0300475831400159,0.0823040446122065,0.2437055227576148,0.0211402193967487,0.2437055227576148,False,0.0,6.173490670411228e-05,0.214445056918056,0.5,0.5,False,,0.0,not_in_raw_selection
2025-10-02,GOOGL,baseline,False,0.0,-0.0013838427877085,-0.0169319207976379,0.0234848964757408,0.1456714078280712,0.1338271991374737,0.1456714078280712,False,0.0,-0.0001357504049216,0.5548807506210651,0.5,0.5,False,,0.0,low_or_negative_expected_return
2025-10-09,YPF,baseline,False,0.0,-0.006393383802873,-0.0078977431596911,0.0112824082489277,0.3734486742456575,0.3918765742440651,0.3734486742456575,False,0.0,-0.0003431823751206,0.0,0.5,0.5,False,,0.0,low_or_negative_expected_return
2025-10-09,VIST,baseline,False,0.0,-0.0029514518111214,-0.044003202830839,0.0662731738761919,0.2962168172774362,0.3394150135714993,0.2962168172774362,False,0.0,-0.0003017717673917,0.1395391308646832,0.5,0.5,False,,0.0,low_or_negative_expected_return
2025-10-09,GOOGL,baseline,False,0.0,-0.0205357159779163,0.0411129382882333,0.0478201594424378,0.1789425803798239,0.198401911439259,0.1789425803798239,False,0.0,-0.000768476858199,6.519417837355113e-05,0.5,0.5,False,,0.0,low_or_negative_expected_return
2025-10-09,AMZN,baseline,False,0.0,-0.049925397829666,-0.0582682179344167,-0.0292000043684597,0.0671818188457362,-0.0465443305868094,0.0671818188457362,False,0.0,-0.0004801645686799,6.6658265300364e-05,0.5,0.5,False,,0.0,low_or_negative_expected_return
2025-10-09,AAPL,baseline,False,0.0,-0.0345220801663066,-0.0259407829950149,0.0218075635039596,0.0619193675927314,0.0480633248171862,0.0619193675927314,False,0.0,-0.0007911991247619,0.3434897887766122,0.5,0.5,False,,0.0,low_or_negative_expected_return
2025-10-16,YPF,baseline,False,0.0,-0.0121303906370147,0.0193328371913039,0.3112206691815038,0.4116756202877984,0.3957543921981774,0.4116756202877984,False,0.0,-9.216955385982434e-05,0.0997642422890487,0.5,0.5,False,,0.0,low_or_negative_expected_return
2025-10-16,VIST,baseline,False,0.0,-0.0058939908188172,0.1153522449380317,0.3244456135854181,0.3345494754871716,0.379736131734351,0.3345494754871716,False,0.0,-0.0001023960954378,0.0997729496440958,0.5,0.5,False,,0.0,low_or_negative_expected_return
2025-10-16,CSCO,baseline,False,0.0,0.0150528436915979,0.017079177416726,0.0552903101273398,0.1199884405114797,0.1136200104154658,0.1199884405114797,False,0.0,-0.0005066451143594,0.0998471707844032,0.5,0.5,False,,0.0,low_or_negative_expected_return
2025-10-16,GOOGL,baseline,False,0.0,0.0073172524010323,0.0064423569312588,0.1193828182253262,0.1078103868866895,0.2732839581926425,0.1078103868866895,False,0.0,-0.0006549305887837,0.2435695008185007,0.5,0.5,False,,0.0,low_or_negative_expected_return
2025-10-16,AMZN,baseline,False,0.0,-0.0066676361562507,0.0308667649531793,0.0391196873310715,0.1077540004607446,0.0874248141617954,0.1077540004607446,False,0.0,-4.706723557344677e-05,0.0998046649045696,0.5,0.5,False,,0.0,low_or_negative_expected_return
2025-10-23,YPF,baseline,False,0.0,0.002231363877015,0.2863518385167254,0.3581257451356578,0.3763480536106132,0.3309781230156905,0.3763480536106132,False,0.0,4.765376711865891e-05,0.2390546371567603,0.5,0.5,False,,0.0,not_in_raw_selection
2025-10-23,VIST,baseline,False,0.0,0.0072973600548993,0.1874684608349923,0.2156517194982377,0.2561649738428313,0.2803220664100945,0.2561649738428313,False,0.0,-1.684651215346143e-05,0.3411049527487203,0.5,0.5,False,,0.0,low_or_negative_expected_return
2025-10-23,GOOGL,baseline,False,0.0,0.0270270726536732,0.1122175160020428,0.1251382880504594,0.1437095389317075,0.2694404405297022,0.1437095389317075,False,0.0,0.0001844418827477,0.2706058992904515,0.5,0.5,False,,0.0,not_in_raw_selection
2025-10-23,CSCO,baseline,True,0.0525497831300877,0.0051231055578409,0.0375694769483592,0.0109577957769393,0.0735734459274373,0.1095774149065151,0.0735734459274373,True,0.0525497831300877,0.0002380639099932,0.3106481427813632,0.5,0.5,False,,0.0,not_in_raw_selection
2025-10-23,AAPL,baseline,False,0.0,0.0124817817996578,0.0455351257248337,0.0392557322155859,0.0256954070913224,0.0739656876501382,0.0256954070913224,False,0.0,-0.000197966272264,0.0854116743902389,0.5,0.5,False,,0.0,low_or_negative_expected_return
2025-10-30,GOOGL,baseline,True,0.1574890271927728,-0.0010302988972668,0.0116171269221341,-0.0103382249130674,0.1374874953068436,0.0987991916766855,0.1374874953068436,True,0.1574890271927728,0.0043211259671818,1.0,0.5,0.5,False,,0.0,not_in_raw_selection
2025-10-30,AMAT,baseline,False,0.0,0.0023650958698779,0.0042141290676351,-0.0400774336784008,0.0847129507190658,0.1146419610985198,0.0847129507190658,False,0.0,-0.0007647190461877,0.1959013927066863,0.5,0.5,False,,0.0,low_or_negative_expected_return
2025-10-30,AVGO,baseline,False,0.0,-0.0181687686023108,-0.0554625994504452,-0.096926687693724,0.0703641462758819,-0.043934466202595,0.0703641462758819,False,0.0,-0.000130707363377,0.3553273600827626,0.5,0.5,False,,0.0,low_or_negative_expected_return
2025-10-30,YPF,baseline,True,0.0905622123215246,0.0531945690798221,0.0557964815455886,0.0766117812717224,0.0644694863370647,0.012720399675282,0.0644694863370647,True,0.0905622123215246,4.496073224989388e-05,0.3710422532561335,0.5,0.5,True,0.5,0.5,selected
2025-10-30,CSCO,baseline,False,0.0,0.0027430659470137,-0.0256480956337388,0.0613083715099525,0.0552736054982703,0.0670689774246948,0.0552736054982703,False,0.0,-0.0001550544232445,0.6823431837386681,0.5,0.5,False,,0.0,low_or_negative_expected_return
2025-11-06,AMAT,baseline,False,0.0,-0.0148160470738839,-0.044105695651941,-0.0569520109676671,0.147604168204873,0.0979745857166547,0.147604168204873,False,0.0,-0.0009668126479697,0.3988368774220924,0.5,0.5,False,,0.0,low_or_negative_expected_return
2025-11-06,TXN,baseline,False,0.0,-0.005143151604546,0.0052670146177264,-0.0498822828615193,0.1311190219549554,0.0923905561543843,0.1311190219549554,False,0.0,-0.0002916529042511,0.0923359394573791,0.5,0.5,False,,0.0,low_or_negative_expected_return
2025-11-06,GOOGL,baseline,True,0.1541463923126486,-0.0207902139692164,-0.0217032227419885,0.0165057496296092,0.1282528147977941,0.0787006274349757,0.1282528147977941,True,0.1541463923126486,0.0030963599514824,1.0,0.5,0.5,False,,0.0,not_in_raw_selection
2025-11-06,INTC,baseline,False,0.0,0.0238990158306855,-0.0357143332736134,-0.0972073733464737,0.1119763152791832,-0.0112782482468424,0.1119763152791832,False,0.0,-0.0010679140344777,0.1815190819128694,0.5,0.5,False,,0.0,low_or_negative_expected_return
2025-11-06,CSCO,baseline,False,0.0,0.000422280108534,0.0892454427953826,0.0619369576178763,0.0975506787143225,0.1038850951338445,0.0975506787143225,False,0.0,-0.0001162759517368,0.1816018826395663,0.5,0.5,False,,0.0,low_or_negative_expected_return
2025-11-13,AMAT,baseline,False,0.0,0.012453518041948,-0.0134390541478198,0.1300004695958556,0.1611790369402419,0.1783810098443559,0.1611790369402419,False,0.0,0.0002792521673515,0.1357017068143771,0.5,0.5,False,,0.0,not_in_raw_selection
2025-11-13,TSLA,baseline,False,0.0,0.0058708324248686,-0.0168162875003567,0.0701013056990036,0.1417199497616532,0.1434115918668781,0.1417199497616532,False,0.0,-1.6271026124268043e-05,0.1356688529755639,0.5,0.5,False,,0.0,low_or_negative_expected_return
2025-11-13,GOOGL,baseline,True,0.1479405245903752,-0.0077538988595976,0.0390566270479708,0.1493699402575452,0.1102774900851013,0.1256057339785732,0.1102774900851013,True,0.1479405245903752,0.001368975308291,0.9312134895623884,0.5,0.5,False,,0.0,not_in_raw_selection
2025-11-13,TXN,baseline,False,0.0,-0.01787581811538,-0.05486034722846,0.0372311453121523,0.1059606909580173,0.0829686683618786,0.1059606909580173,False,0.0,-4.390492818991629e-05,0.0,0.5,0.5,False,,0.0,low_or_negative_expected_return
2025-11-13,ADBE,baseline,False,0.0,-0.0074640908465105,-0.0635491961005927,-0.0403777007621618,0.0684352102954743,0.0586330851340701,0.0684352102954743,False,0.0,-7.983632222750943e-05,0.1357377060315045,0.5,0.5,False,,0.0,low_or_negative_expected_return
2025-11-20,TSLA,baseline,False,0.0,-0.010474950113494,0.0884042240471838,0.1512283666529044,0.217518910080128,0.0954633489865606,0.217518910080128,False,0.0,5.023970126552671e-06,0.1541428322931485,0.5,0.5,False,,0.0,not_in_raw_selection
2025-11-20,AMAT,baseline,False,0.0,0.0171638689217128,0.1453934745204961,0.216909618122866,0.1642828344751501,0.3440948803896739,0.1642828344751501,False,0.0,9.32433422757199e-05,0.1541649527708256,0.5,0.5,False,,0.0,not_in_raw_selection
2025-11-20,TXN,baseline,False,0.0,0.0395877649053826,0.0974369155611682,0.1905040833904305,0.1497423281868632,0.2528533477432506,0.1497423281868632,False,0.0,-7.089032631899252e-05,0.154185451482628,0.5,0.5,False,,0.0,low_or_negative_expected_return
2025-11-20,ADBE,baseline,False,0.0,0.0377401049144341,0.0247439537047158,0.1083867366539077,0.1391164926510173,0.0755121536452632,0.1391164926510173,False,0.0,8.675924349150649e-05,0.1542051481582573,0.5,0.5,False,,0.0,not_in_raw_selection
2025-11-20,META,baseline,False,0.0,0.0086564972835394,0.0998047786749192,0.14303650174657,0.1181702320838022,0.1213103076320929,0.1181702320838022,False,0.0,-5.806893132014556e-05,0.0,0.5,0.5,False,,0.0,low_or_negative_expected_return
2025-11-28,ADBE,baseline,False,0.0,0.008496551960816,0.0816231046270645,0.1133913948686466,0.1031768290241581,-0.031862093685236,0.1031768290241581,False,0.0,9.742603617852328e-05,0.0057241618574184,0.5,0.5,False,,0.0,not_in_raw_selection
2025-11-28,TSLA,baseline,False,0.0,-6.973703038437584e-05,0.0577213329548758,0.0669269756809309,0.0685077999414152,0.0395889956243029,0.0685077999414152,False,0.0,-0.0001584375586197,0.1165623181567193,0.5,0.5,False,,0.0,low_or_negative_expected_return
2025-11-28,NVDA,baseline,False,0.0,0.0164971647963012,0.0305649924412958,-0.0111864165397687,0.0633898374051025,0.0497739975061792,0.0633898374051025,False,0.0,-5.023993431344639e-05,0.1165644940501372,0.5,0.5,False,,0.0,low_or_negative_expected_return
2025-11-28,CCJ,baseline,False,0.0,-0.0110722328921111,0.0311828543692482,0.033668462948994,0.0489209591814903,0.2305953625591459,0.0489209591814903,False,0.0,-0.0002070375329003,0.1781203880636195,0.5,0.5,False,,0.0,low_or_negative_expected_return
2025-11-28,TXN,baseline,False,0.0,-0.0006537149079371,0.084804116309203,0.0662625162737289,0.044095786417946,0.1204016996043524,0.044095786417946,False,0.0,-1.902560698292202e-05,0.4622393506849875,0.5,0.5,False,,0.0,low_or_negative_expected_return
2025-12-05,CCJ,baseline,False,0.0,-0.0040538526437604,0.0024104440538492,-0.0140243105771398,0.118549360061209,0.3403090427345583,0.118549360061209,False,0.0,0.0002831131395888,0.0704898004178099,0.5,0.5,False,,0.0,not_in_raw_selection
2025-12-05,AMAT,baseline,True,0.1096988568121501,0.0005970285899603,-0.0327985393467233,-0.0432462549921291,0.1045149618120335,0.2135820531133394,0.1045149618120335,True,0.1096988568121501,0.0009262092025631,0.6022547244603228,0.5,0.5,True,0.5,0.5,selected
2025-12-05,TXN,baseline,True,0.0962040358735493,-0.0087651523149699,-0.0170921180669536,-0.034239072147894,0.0523721549742659,0.0650269026654899,0.0523721549742659,True,0.0962040358735493,0.0001817637556679,0.6548989790585181,0.5,0.5,False,,0.0,not_in_raw_selection
2025-12-05,AMZN,baseline,False,0.0,-0.0115017618772651,-0.0145514588753262,-0.0094976372908771,0.0496666839067339,0.0077549722858161,0.0496666839067339,False,0.0,-0.0001670819501688,0.0,0.5,0.5,False,,0.0,low_or_negative_expected_return
2025-12-05,QCOM,baseline,False,0.0,0.0028602483094961,0.0199073037934951,0.0025170324784129,0.0437045906775876,-0.1054859716202755,0.0437045906775876,False,0.0,-0.0002138931237559,0.1463065760530906,0.5,0.5,False,,0.0,low_or_negative_expected_return
2025-12-12,INTC,baseline,False,0.0,-0.0079344893113316,-0.0261835927667046,-0.029886300636674,0.2507272996010257,0.2901348058070969,0.2507272996010257,False,0.0,0.0002943922263135,0.0457414988994995,0.5,0.5,False,,0.0,not_in_raw_selection
2025-12-12,CCJ,baseline,False,0.0,-0.0186905577046671,-0.0163952348346704,0.014755694673108,0.1905126321144898,0.4656246526265457,0.1905126321144898,False,0.0,-0.0002624811408303,0.1478984238834699,0.5,0.5,False,,0.0,low_or_negative_expected_return
2025-12-12,AMAT,baseline,True,0.172130247099472,0.007947215101663,-0.0108020056528337,0.0148142296380426,0.1761506314081353,0.2991397365111206,0.1761506314081353,True,0.172130247099472,0.0011240009528639,0.7458505610473419,0.5,0.5,True,0.5,0.5,selected
2025-12-12,GOOGL,baseline,False,0.0,-0.0034595599426333,-0.006886756196339,0.0138057774118225,0.0862620580642072,0.0863914141501349,0.0862620580642072,False,0.0,-3.177479138902838e-05,0.6330176314932425,0.5,0.5,False,,0.0,low_or_negative_expected_return
2025-12-12,AMZN,baseline,False,0.0,-0.0161369163794892,0.005128447984388,0.0259958655084044,0.0725496418276061,0.0743622259334244,0.0725496418276061,False,0.0,-5.413415823632728e-05,0.1340592980396786,0.5,0.5,False,,0.0,low_or_negative_expected_return
2025-12-19,INTC,baseline,False,0.0,-0.0122216395075829,-0.0038022648237043,0.0874525053609862,0.473384042630123,0.3199347875321354,0.473384042630123,False,0.0,0.0002240229130765,0.3054848727247809,0.5,0.5,False,,0.0,not_in_raw_selection
2025-12-19,CCJ,baseline,False,0.0,0.0191132488224627,0.0316701693718843,0.1344593706118158,0.3593733163128056,0.2759195735135291,0.3593733163128056,False,0.0,-0.0001083333039546,0.2652119869382032,0.5,0.5,True,0.5,0.5,selected
2025-12-19,AMAT,baseline,True,0.1367120332694019,0.0101400337989223,0.025895963636463,0.1544401760381373,0.268437212235167,0.1606411678683386,0.268437212235167,True,0.1367120332694019,0.0010273671011523,0.7723079944889106,0.5,0.5,False,,0.0,not_in_raw_selection
2025-12-19,AMD,baseline,False,0.0,0.00712179320912,0.010214159253062,0.0043106098454117,0.170407213719141,-0.0620343470399106,0.170407213719141,False,0.0,4.741021427838612e-05,0.4274164152184879,0.5,0.5,False,,0.0,not_in_raw_selection
2025-12-19,COST,baseline,False,0.0,-0.0065683307417538,0.0142820782684112,0.0391294975103573,0.1487108657587508,0.1434398227824731,0.1487108657587508,False,0.0,2.611184366906721e-05,0.2210432425285073,0.5,0.5,False,,0.0,not_in_raw_selection
2025-12-29,CCJ,baseline,True,0.1799301740069264,-0.0158336239691194,0.0996337824738238,0.1732012329312424,0.4443128137346199,0.283713970339043,0.4443128137346199,True,0.1799301740069264,0.0016654406646791,0.7925701814384619,0.5,0.5,True,0.5,0.5,selected
2025-12-29,INTC,baseline,False,0.0,0.0169029151234025,0.0916030693128824,0.2892584657054766,0.3298799992761643,0.316521279001007,0.3298799992761643,False,0.0,9.35230213686499e-05,0.4628756942191947,0.5,0.5,False,,0.0,not_in_raw_selection
2025-12-29,AMAT,baseline,False,0.0,-0.011708750105283,0.1252994620877807,0.1589812175058256,0.2801749311048676,0.2920738287595441,0.2801749311048676,False,0.0,-3.887278071603544e-05,0.3644750856972514,0.5,0.5,False,,0.0,low_or_negative_expected_return
2025-12-29,VIST,baseline,True,0.1522766320045807,0.0114775265603879,-0.0423622465956691,0.0423623262012078,0.2404006865181651,0.1696577917105159,0.2404006865181651,True,0.1522766320045807,0.0001740341675047,0.3644522788700336,0.5,0.5,False,,0.0,not_in_raw_selection
2025-12-29,TXN,baseline,False,0.0,-0.0015368220656208,0.0934031728275615,0.0730832498119684,0.2304058009279121,0.2895440515128513,0.2304058009279121,False,0.0,-2.074955277660578e-06,0.5874805870312544,0.5,0.5,False,,0.0,low_or_negative_expected_return
2026-01-06,VIST,baseline,False,0.0,-0.0438003562490045,0.088472465183925,0.1425147309329142,0.2386140969400292,0.2861190072510007,0.2386140969400292,False,0.0,-2.0291312362794643e-05,0.1869742564200386,0.5,0.5,False,,0.0,low_or_negative_expected_return
2026-01-06,INTC,baseline,False,0.0,0.0646853170171506,0.1810689269287324,0.3548950739149978,0.2137861479237435,0.1143855622286291,0.2137861479237435,False,0.0,0.0001916194608158,0.1869663094464632,0.5,0.5,False,,0.0,not_in_raw_selection
2026-01-06,PEP,baseline,False,0.0,-0.0140329023662651,0.0325272653662069,0.0559873229951455,0.1958835970551065,0.1844414823381392,0.1958835970551065,False,0.0,0.0001351004631524,0.1871314790680351,0.5,0.5,False,,0.0,not_in_raw_selection
2026-01-06,TXN,baseline,False,0.0,-0.0332639208049014,-0.0185841083331096,0.0120249738948419,0.1604372258521529,0.1350858725858585,0.1604372258521529,False,0.0,-0.0001713175366381,0.5045402745139104,0.5,0.5,False,,0.0,low_or_negative_expected_return
2026-01-06,YPF,baseline,False,0.0,-0.0468159534436101,0.0127944882005055,0.0494329977642036,0.1482989932926106,0.1195115057660831,0.1482989932926106,False,0.0,6.814981253545029e-05,0.1869681296107188,0.5,0.5,False,,0.0,not_in_raw_selection
2026-01-13,TXN,baseline,False,0.0,0.0260966329008727,0.0311886963394931,0.1466079646136595,0.2017185542117188,0.1278311476134275,0.2017185542117188,False,0.0,-8.93667902857729e-05,0.3048251809602315,0.5,0.5,False,,0.0,low_or_negative_expected_return
2026-01-13,PEP,baseline,False,0.0,0.0170058719965373,0.022721005455113,0.0349874855167522,0.1789099451723659,0.1679677085388284,0.1789099451723659,False,0.0,-0.0001756208672446,0.0346169347581228,0.5,0.5,False,,0.0,low_or_negative_expected_return
2026-01-13,CSCO,baseline,False,0.0,-0.0140452834430717,-0.0235855141182717,0.0462435114259962,0.1334304959844334,0.034848247129702,0.1334304959844334,False,0.0,0.0002002438209905,0.1916260597731066,0.5,0.5,False,,0.0,not_in_raw_selection
2026-01-13,VIST,baseline,False,0.0,-0.0194194435613066,0.0496496397268599,0.1899899443206949,0.1221220897086954,0.1277277471604945,0.1221220897086954,False,0.0,-2.54229603081961e-05,0.0345300934603796,0.5,0.5,False,,0.0,low_or_negative_expected_return
2026-01-13,YPF,baseline,False,0.0,-0.0080391208519686,0.0361756605022562,0.1082399208978808,0.1194372560641965,0.0416306882576549,0.1194372560641965,False,0.0,7.423055912593804e-05,0.2730743361518365,0.5,0.5,False,,0.0,not_in_raw_selection
2026-01-21,AMAT,baseline,True,0.0451115847945467,-0.0198314533363659,0.0353892821031345,-0.084983350635761,0.1370987506971639,0.0654593813312436,0.1370987506971639,True,0.0451115847945467,0.0009458968208435,0.4886812969354178,0.5,0.5,False,,0.0,not_in_raw_selection
2026-01-21,VIST,baseline,False,0.0,-0.0158306661496004,0.1337020461707148,0.0841121461328078,0.1256914002332618,0.1607858145357208,0.1256914002332618,False,0.0,-0.0002011758227743,0.2448911275620831,0.5,0.5,False,,0.0,low_or_negative_expected_return
2026-01-21,PEP,baseline,False,0.0,-0.0159466506002597,0.0119939651148366,0.1324791226311001,0.121643656647935,0.0951341892632575,0.121643656647935,False,0.0,5.153571616177495e-05,0.254819220162549,0.5,0.5,False,,0.0,not_in_raw_selection
2026-01-21,TXN,baseline,True,0.0387024843924944,0.0029833949906341,0.1119283683809577,0.1466488039184814,0.1215986777652424,0.0183632117595884,0.1215986777652424,True,0.0387024843924944,0.0002124800640759,0.2855622720994876,0.5,0.5,False,,0.0,not_in_raw_selection
2026-01-21,YPF,baseline,False,0.0,-0.0110834448375646,0.0695483045420053,0.0942089640206085,0.0667774961823959,-0.0030479526153084,0.0667774961823959,False,0.0,-8.479132429643866e-05,0.122207912489221,0.5,0.5,False,,0.0,low_or_negative_expected_return
2026-01-28,PEP,baseline,False,0.0,0.0012794777199074,0.1190571897359007,0.1390571979561237,0.1284848608151831,0.0697643138744212,0.1284848608151831,False,0.0,-9.168041724466772e-05,0.7397295884158802,0.5,0.5,False,,0.0,low_or_negative_expected_return
2026-01-28,AMAT,baseline,True,0.1338671169280333,0.0136302786574331,-0.1162583337683277,0.0092947435272827,0.1157238343599202,0.001544139610013,0.1157238343599202,True,0.1338671169280333,0.0046500742314582,0.90930339274447,0.5,0.5,False,,0.0,not_in_raw_selection
2026-01-28,AAPL,baseline,False,0.0,0.0071751533316688,0.0781858820858105,0.0743253680281366,0.0643815692109008,-0.0026517233196707,0.0643815692109008,False,0.0,-0.0006714870079925,0.2278658225416371,0.5,0.5,False,,0.0,low_or_negative_expected_return
2026-01-28,COST,baseline,False,0.0,-0.008212092682871,0.0182871685019521,0.0180686367557691,0.0270196716687567,0.0442765011034582,0.0270196716687567,False,0.0,-0.0005392705837461,0.7025390277197316,0.5,0.5,False,,0.0,low_or_negative_expected_return
2026-01-28,NFLX,baseline,False,0.0,-0.017485771954295,-0.0529300066144254,-0.0593099796699709,-0.0005907733000755,0.1142485614210433,-0.0005907733000755,False,0.0,-0.0003554737432526,0.2104146871728703,0.5,0.5,False,,0.0,low_or_negative_expected_return
2026-02-04,NFLX,baseline,False,0.0,0.0088572736032479,-0.0067365380595983,-0.0394212015686704,0.2371506192410732,0.144460998910032,0.2371506192410732,False,0.0,4.560181474198991e-05,0.1449483254803492,0.5,0.5,False,,0.0,not_in_raw_selection
2026-02-04,AMAT,baseline,False,0.0,0.0214717204294569,0.1420698854575641,0.242708262726399,0.1644152945976811,0.2003023660249121,0.1644152945976811,False,0.0,5.8734176244518346e-05,0.4312328615249914,0.5,0.5,False,,0.0,not_in_raw_selection
2026-02-04,AVGO,baseline,False,0.0,0.0079857882491121,0.1126765893462193,0.0842071204977283,0.0802467203385077,0.0382730368840189,0.0802467203385077,False,0.0,-1.2921151996085408e-05,0.1449089884536167,0.5,0.5,False,,0.0,low_or_negative_expected_return
2026-02-04,VIST,baseline,False,0.0,-0.0475017726194803,-0.0138986789832261,0.0383532776094921,0.0707248495244883,0.2836030768580291,0.0707248495244883,False,0.0,-0.0002453497300941,0.2471510128814814,0.5,0.5,True,0.5,0.5,selected
2026-02-04,NVDA,baseline,False,0.0,-0.0132613670487247,0.0910500050982348,0.0787071086912112,0.0525288120342166,0.0250875196965305,0.0525288120342166,False,0.0,4.090930203842249e-05,0.1449160187743592,0.5,0.5,False,,0.0,not_in_raw_selection
2026-02-11,NFLX,baseline,False,0.0,-0.0472243406998862,-0.032906338309496,0.0624214194908696,0.1845013100384795,0.1720672755042112,0.1845013100384795,False,0.0,-0.0002104423685607,0.0417736043482364,0.5,0.5,False,,0.0,low_or_negative_expected_return
2026-02-11,VIST,baseline,False,0.0,-0.0396074475686698,0.0529884257115091,0.0049955860447006,0.1127564635298943,0.290098100675477,0.1127564635298943,False,0.0,-0.0001927975816318,0.3209380903051625,0.5,0.5,False,,0.0,low_or_negative_expected_return
2026-02-11,ADBE,baseline,False,0.0,0.0207652677782157,0.0079716431940259,0.007310642619537,0.0490744864577359,-0.0633068850033448,0.0490744864577359,False,0.0,2.057205796443171e-06,0.0417640360943383,0.5,0.5,False,,0.0,not_in_raw_selection
2026-02-11,AMZN,baseline,False,0.0,-0.0219521544852189,0.0038220245604592,0.0188161324159019,0.0267051984483708,0.0169540936105168,0.0267051984483708,False,0.0,-7.891228890496937e-05,0.0417599466874216,0.5,0.5,False,,0.0,low_or_negative_expected_return
2026-02-11,COST,baseline,False,0.0,0.0211830314605543,0.009896326222029,0.0087921723445989,0.0257427283402074,0.00154375625474,0.0257427283402074,False,0.0,-0.0001507399426208,0.1851403865632908,0.5,0.5,False,,0.0,low_or_negative_expected_return
2026-02-19,VIST,baseline,True,0.1113395752274153,0.0,-0.0455777466256378,0.0311758749291206,0.236191096553529,0.2134869906996233,0.236191096553529,True,0.1113395752274153,0.001928962631409,0.8184033239953039,0.5,0.5,True,0.5,0.5,selected
2026-02-19,NFLX,baseline,False,0.0,0.0216882879083806,0.0985713810115664,0.287922054142147,0.1914285436853187,0.2812987488585632,0.1914285436853187,False,0.0,-7.265210934577233e-05,0.369364453048102,0.5,0.5,False,,0.0,low_or_negative_expected_return
2026-02-19,YPF,baseline,False,0.0,0.0002596966632,-0.0576623693689123,-0.065454557344511,0.0802597442230621,0.1745454862520292,0.0802597442230621,False,0.0,-0.0001003734116112,0.6756381867215355,0.5,0.5,False,,0.0,low_or_negative_expected_return
2026-02-19,INTC,baseline,False,0.0,-0.0114298147409583,0.0188256425973967,0.0298073030679588,0.0349619321074492,0.1290901450944335,0.0349619321074492,False,0.0,0.0002302894188671,0.3693112946629883,0.5,0.5,False,,0.0,not_in_raw_selection
2026-02-19,AMZN,baseline,False,0.0,0.0256272575630107,0.014937018205003,0.0687298730308763,0.0190373615389285,0.0239676054255624,0.0190373615389285,False,0.0,-8.050802653997555e-05,0.1822290142800962,0.5,0.5,False,,0.0,low_or_negative_expected_return
2026-02-26,VIST,baseline,False,0.0,0.02503106340456,0.0804189354171029,0.1072252246492957,0.2836853401046635,0.1730871592946554,0.2836853401046635,False,0.0,-2.9929747365340206e-06,0.4195014952762455,0.5,0.5,False,,0.0,low_or_negative_expected_return
2026-02-26,YPF,baseline,False,0.0,-0.0245314062732635,-0.0082689979921317,0.0545755129232863,0.203969177917991,0.1838479109169322,0.203969177917991,False,0.0,-0.0001558234053173,0.2918980912584011,0.5,0.5,False,,0.0,low_or_negative_expected_return
2026-02-26,NFLX,baseline,False,0.0,0.1377231591232555,0.1723608282569912,0.1149072188379942,0.1032037325319417,0.2177563139353029,0.1032037325319417,False,0.0,-0.0001062646824669,0.3479460413018805,0.5,0.5,False,,0.0,low_or_negative_expected_return
2026-02-26,CSCO,baseline,True,0.1110588862329746,0.0174135804983683,0.024455873232088,-0.0046094829370688,0.0519847025263846,0.0527529171200589,0.0519847025263846,True,0.1110588862329746,0.0001434821569553,0.2919306055949908,0.5,0.5,False,,0.0,not_in_raw_selection
2026-02-26,AMD,baseline,False,0.0,-0.0170364595772428,-0.0207678509409237,-0.0291633316782001,0.0004419265510431,0.2030636395209843,0.0004419265510431,False,0.0,-0.000121474636864,0.1651679503423887,0.5,0.5,False,,0.0,low_or_negative_expected_return
2026-03-05,YPF,baseline,False,0.0,0.0252918248746467,0.0633685049556607,0.1559199744782118,0.2568093884387106,0.1281267556699092,0.2568093884387106,False,0.0,-1.8758057420285825e-06,0.0120338522650154,0.5,0.5,False,,0.0,low_or_negative_expected_return
2026-03-05,VIST,baseline,True,0.1701669544602136,0.0284258876912018,0.02481101390716,0.1988169298845361,0.1767992446322834,0.0676963967345289,0.1767992446322834,True,0.1701669544602136,0.0022224661522423,0.9587153844365204,0.5,0.5,False,,0.0,not_in_raw_selection
2026-03-05,INTC,baseline,False,0.0,-0.0550599031988415,-0.0152339662963407,0.0050054306510878,0.096409145410695,0.4907507913525006,0.096409145410695,False,0.0,-0.0001208435263893,0.1120681367153742,0.5,0.5,False,,0.0,low_or_negative_expected_return
2026-03-05,AMD,baseline,False,0.0,-0.035196813135488,-0.008573534626435,0.0291802828441709,0.0904988885832966,0.3957885129508447,0.0904988885832966,False,0.0,-0.0001186357820124,0.0,0.5,0.5,False,,0.0,low_or_negative_expected_return
2026-03-05,COST,baseline,False,0.0,0.0158054572661043,0.0211180881212804,-0.0079281659009293,0.0329645871612176,0.0176272501654974,0.0329645871612176,False,0.0,-0.0002105744339531,0.1122655958099876,0.5,0.5,False,,0.0,low_or_negative_expected_return
2026-03-12,INTC,baseline,False,0.0,0.0114917228235065,0.0205524929320615,-0.0254143983619647,0.3785635595163588,0.8240884180227037,0.3785635595163588,False,0.0,-0.0002422495120105,0.2083342753148695,0.5,0.5,False,,0.0,low_or_negative_expected_return
2026-03-12,AMD,baseline,False,0.0,-0.0219986142544433,0.0380803002433272,0.0304945818336459,0.2392029254525529,0.7589258010343165,0.2392029254525529,False,0.0,-0.0001557839366286,0.0,0.5,0.5,False,,0.0,low_or_negative_expected_return
2026-03-12,AMAT,baseline,False,0.0,0.0126308592652526,0.0591217810387449,0.0037951754410172,0.1844812857576276,0.2365168029463076,0.1844812857576276,False,0.0,0.0001027627389919,0.0951901199689675,0.5,0.5,False,,0.0,not_in_raw_selection
2026-03-12,AMZN,baseline,False,0.0,-0.008877013416636,-0.0036749118357606,-0.0094974729382792,0.1376891436624501,0.2599150086973569,0.1376891436624501,False,0.0,9.163636091354582e-05,0.1848223487891365,0.5,0.5,False,,0.0,not_in_raw_selection
2026-03-12,TXN,baseline,False,0.0,0.0038410719064301,-0.0092607720987285,0.0176795609386888,0.1298605223861004,0.4582478831792587,0.1298605223861004,False,0.0,-0.0001186402912502,0.0435633346077871,0.5,0.5,False,,0.0,low_or_negative_expected_return
2026-03-19,INTC,baseline,False,0.0,-0.0500216838030664,-0.0450411827048334,0.0909484784578644,0.4833261053989779,1.157210959035372,0.4833261053989779,False,0.0,0.0002831110214566,0.1217459405271001,0.5,0.5,False,,0.0,not_in_raw_selection
2026-03-19,AMD,baseline,False,0.0,-0.0191942434812666,-0.0073074485739719,0.0595800432259252,0.3562138103671601,0.7564183808676035,0.3562138103671601,False,0.0,-0.0005185800251105,0.1217546707758221,0.5,0.5,False,,0.0,low_or_negative_expected_return
2026-03-19,AVGO,baseline,False,0.0,-0.0291707937690478,-0.03257873633524,-0.0165395466654937,0.2710730777880519,0.3171585905542637,0.2710730777880519,False,0.0,-0.0001696069751753,0.1217735834698864,0.5,0.5,False,,0.0,low_or_negative_expected_return
2026-03-19,TXN,baseline,False,0.0,-0.0058420037386425,0.0271921533726755,0.0349461047622188,0.2205641060009775,0.4924849914175893,0.2205641060009775,False,0.0,-0.0001235726725653,0.0683361908576335,0.5,0.5,False,,0.0,low_or_negative_expected_return
2026-03-19,AMZN,baseline,False,0.0,-0.01623874055782,-0.0058440374248197,0.0048381384949305,0.2002299489924017,0.2850163672371657,0.2002299489924017,False,0.0,-1.3915448285751264e-05,0.1218015321941217,0.5,0.5,False,,0.0,low_or_negative_expected_return
2026-03-26,INTC,baseline,False,0.0,-0.0219954067929294,0.1424036918658715,0.4145125448183693,0.8716554143185229,1.832653117714988,0.8716554143185229,False,0.0,-0.0001948799469904,0.2842217704631276,0.5,0.5,False,,0.0,low_or_negative_expected_return
2026-03-26,AMD,baseline,False,0.0,-0.0087353326886956,0.0673798667108074,0.2025322086095153,0.7068753509644967,1.2338420419954037,0.7068753509644967,False,0.0,-0.0001713682745357,0.2659308622059227,0.5,0.5,False,,0.0,low_or_negative_expected_return
2026-03-26,TXN,baseline,False,0.0,-0.0159247286734739,0.0075486863524845,0.1102321062083018,0.4329145824980485,0.4880305172619732,0.4329145824980485,False,0.0,-0.0001397877298561,0.1130043949764528,0.5,0.5,False,,0.0,low_or_negative_expected_return
2026-03-26,AVGO,baseline,False,0.0,-0.0282464623252121,0.0165793230644808,0.2007949443119812,0.3662982076767358,0.3896967918671081,0.3662982076767358,False,0.0,3.458768247397258e-05,0.2842508242614373,0.5,0.5,False,,0.0,not_in_raw_selection
2026-03-26,AMZN,baseline,False,0.0,-0.0395104423894673,0.010744969926127,0.1485979213373152,0.271995753948085,0.3138672135343126,0.271995753948085,False,0.0,-1.3529224852343491e-05,0.2842778644495555,0.5,0.5,False,,0.0,low_or_negative_expected_return
2026-04-02,INTC,baseline,False,0.0,0.0079396129952604,0.2381897527905101,0.3596665055124948,0.9773719855998588,1.1589915509530495,0.9773719855998588,False,0.0,-0.0002391044001844,0.4092740803610943,0.5,0.5,True,0.5,0.5,selected
2026-04-02,AMD,baseline,False,0.0,0.0123218054058908,0.1266206587868175,0.2799540903376436,0.6576552117007903,0.9498850855334052,0.6576552117007903,False,0.0,-0.0001611684473912,0.3736893484635713,0.5,0.5,False,,0.0,low_or_negative_expected_return
2026-04-02,TXN,baseline,False,0.0,0.0233489155117061,0.1019141022629395,0.17935040325738,0.4420895779500431,0.5534972985670661,0.4420895779500431,False,0.0,-0.0001594265958246,0.2488981897856075,0.5,0.5,False,,0.0,low_or_negative_expected_return
2026-04-02,QCOM,baseline,False,0.0,-0.0084384831945741,0.0099368649567115,0.0741324421944016,0.3959778410619057,0.5890378599669193,0.3959778410619057,False,0.0,-1.1470625083355769e-05,0.2489149195488535,0.5,0.5,False,,0.0,low_or_negative_expected_return
2026-04-02,AVGO,baseline,False,0.0,-0.000381481868842,0.1812112612050596,0.2924496083989656,0.33931017367127,0.3517406420033271,0.33931017367127,False,0.0,4.019938878247901e-05,0.2488861613136331,0.5,0.5,False,,0.0,not_in_raw_selection
2026-04-10,INTC,baseline,True,0.1230545606669511,0.0448861684693322,0.0981083492640868,0.3231804985927877,1.002564861012749,0.9211284752469386,1.002564861012749,True,0.1230545606669511,0.0016275731167489,0.5591380899651411,0.5,0.5,True,0.5,0.5,selected
2026-04-10,AMD,baseline,False,0.0,0.0073049648790664,0.1361003194419856,0.4194009430634311,0.8576151441119311,0.907892681092732,0.8576151441119311,False,0.0,8.33629616565086e-06,0.4730306873502723,0.5,0.5,True,0.5,0.5,selected
2026-04-10,QCOM,baseline,False,0.0,0.0248321723816626,0.0635639508420573,0.1623458452387478,0.7108386733932754,0.859753304720621,0.7108386733932754,False,0.0,0.0001039932795993,0.1118965954711806,0.5,0.5,False,,0.0,not_in_raw_selection
2026-04-10,TXN,baseline,True,0.1216422734159944,0.0092209333848283,0.0702743533596801,0.2906441585370662,0.3402877731071387,0.4399944004442693,0.3402877731071387,True,0.1216422734159944,0.0011629054476377,0.7139284168971084,0.5,0.5,False,,0.0,not_in_raw_selection
2026-04-10,GOOGL,baseline,False,0.0,0.0128294270883435,0.0770394754562631,0.085613429889604,0.2633967977897746,0.2071933331537654,0.2633967977897746,False,0.0,-0.000194754306375,0.4869241307581301,0.5,0.5,False,,0.0,low_or_negative_expected_return
2026-04-17,INTC,baseline,False,0.0,-0.040875956959968,0.2049635170149977,0.4543066094391537,0.5878831626725023,0.5960584208913093,0.5878831626725023,False,0.0,-0.0001368305935801,0.3865922760296896,0.5,0.5,True,0.5,0.5,selected
2026-04-17,AMD,baseline,False,0.0,-0.0123567738079629,0.2493623307496237,0.2950895850205934,0.523402362829309,0.8324292468859773,0.523402362829309,False,0.0,-0.0002083456443124,0.3686837866174166,0.5,0.5,True,0.5,0.5,selected
2026-04-17,QCOM,baseline,False,0.0,0.0096916839485714,0.0928781897115651,0.2996328815932507,0.4793686491030755,0.681277611042703,0.4793686491030755,False,0.0,-0.0006300135435421,0.1653754239068548,0.5,0.5,False,,0.0,low_or_negative_expected_return
2026-04-17,CSCO,baseline,False,0.0,0.0169275256170742,0.0320000247678895,0.0649275185405344,0.3705507140228714,0.4067246589107789,0.3705507140228714,False,0.0,-0.0007798643101254,0.1789111972829457,0.5,0.5,False,,0.0,low_or_negative_expected_return
2026-04-17,TXN,baseline,False,0.0,0.0168827321398077,0.2059002950838044,0.2227829608290923,0.3172482870877797,0.2757810584933065,0.3172482870877797,False,0.0,1.3752944272532245e-05,0.4985377817085252,0.5,0.5,False,,0.0,not_in_raw_selection
2026-04-24,QCOM,baseline,False,0.0,0.0094725451495094,0.1891836563562976,0.4718843624737752,0.5999999589955298,0.4630164282359241,0.5999999589955298,False,0.0,-0.0008513374056886,0.4039634499475654,0.5,0.5,False,,0.0,low_or_negative_expected_return
2026-04-24,INTC,baseline,False,0.0,0.0296825408416163,0.2069299932348511,0.5134479862290078,0.4519020475967361,0.3359582677484864,0.4519020475967361,False,0.0,0.00120059635388,0.4853200134229784,0.5,0.5,True,0.5,0.5,selected
2026-04-24,CSCO,baseline,False,0.0,-0.0084260193461418,0.031906485448051,0.0849342475806609,0.3527693604345832,0.3947870862407845,0.3527693604345832,False,0.0,-0.0007368068508711,0.4377142349017188,0.5,0.5,False,,0.0,low_or_negative_expected_return
2026-04-24,AMD,baseline,True,0.0890666378322129,-0.0378942318170738,0.0366004746145445,0.3087317950506087,0.3441534546081184,0.4097639228718901,0.3441534546081184,True,0.0890666378322129,0.0023139601512613,0.5950774394966307,0.5,0.5,True,0.5,0.5,selected
2026-04-24,AAPL,baseline,False,0.0,-0.0127278544901686,0.0334981818476589,0.0821220761680747,0.1393049882156167,0.112447470157375,0.1393049882156167,False,0.0,-0.0012834915658816,0.4005657425996497,0.5,0.5,False,,0.0,low_or_negative_expected_return
2026-05-01,AMD,baseline,True,0.1038718498593653,-0.0526987284342749,0.2625228591924531,0.1762911079275531,0.4149053996576146,0.517889823030385,0.4149053996576146,True,0.1038718498593653,0.0088717251972265,0.9325627133067196,0.5,0.5,True,0.5,0.5,selected
2026-05-01,CSCO,baseline,False,0.0,0.0084920935465953,0.0513881469691368,0.2869896684623085,0.3209581257123226,0.308328798751188,0.3209581257123226,False,0.0,-0.0019020216880051,0.3706652311165203,0.5,0.5,False,,0.0,low_or_negative_expected_return
2026-05-01,QCOM,baseline,False,0.0,-0.0487542505612029,0.2377266998301026,0.1382973376985372,0.293655796844402,0.2474436721711004,0.293655796844402,False,0.0,-0.0001571612502676,0.5705291897312822,0.5,0.5,False,,0.0,low_or_negative_expected_return
2026-05-01,YPF,baseline,False,0.0,0.0242046844446093,-0.0232826673896241,0.0064545590687565,0.2618718379585583,0.212309793861257,0.2618718379585583,False,0.0,-0.001899618349951,0.1449974592268822,0.5,0.5,False,,0.0,low_or_negative_expected_return
2026-05-01,AMAT,baseline,False,0.0,0.0059114279580649,0.1191529183435138,0.1221856949357431,0.1775728108354819,0.505551684776969,0.1775728108354819,False,0.0,-0.0022981324667169,0.2211285823049015,0.5,0.5,False,,0.0,low_or_negative_expected_return
2026-05-08,CSCO,baseline,False,0.0,0.0222636588244096,0.224086149508482,0.2468675990744866,0.2855959606317868,,0.2855959606317868,False,0.0,-0.0001836437239271,0.5922872224996072,0.5,0.5,False,,0.0,low_or_negative_expected_return
2026-05-08,YPF,baseline,False,0.0,0.0604201425024,0.0304460927082199,0.1326410877568562,0.263629980298083,,0.263629980298083,False,0.0,-0.0016026110171676,0.0032476502882507,0.5,0.5,False,,0.0,low_or_negative_expected_return
2026-05-08,VIST,baseline,False,0.0,0.0248428579869091,0.1085723344648923,0.1564177997368729,0.134181875829584,,0.134181875829584,False,0.0,-0.0015782428053909,0.0032498262537896,0.5,0.5,False,,0.0,low_or_negative_expected_return
2026-05-08,AMAT,baseline,False,0.0,0.0187855792529809,0.0027098857917631,-0.0075326078470208,0.1302820380953901,,0.1302820380953901,False,0.0,-0.0024083028616654,0.2495944513742689,0.5,0.5,False,,0.0,low_or_negative_expected_return
2026-05-08,AMD,baseline,True,0.1198129259172881,0.0079087987086865,-0.0683011405591945,0.0270656368947923,0.0771984972042147,,0.0771984972042147,True,0.1198129259172881,0.008631131613441,0.808339946215811,0.5,0.5,True,0.5,0.5,selected
2026-05-15,AMAT,baseline,False,0.0,-0.0527918740569409,-0.0102148126630826,0.0493564622590472,0.341624377829177,,0.341624377829177,False,0.0,-0.0012938780165089,0.3364590397408364,0.5,0.5,False,,0.0,low_or_negative_expected_return
2026-05-15,AMD,baseline,True,0.1129067641312802,-0.0073332134505593,0.1023579416113324,0.2028530948860643,0.290403211246472,,0.290403211246472,True,0.1129067641312802,0.0038300748414716,0.7035650210478016,0.5,0.5,True,0.5,0.5,selected
2026-05-15,YPF,baseline,False,0.0,0.0874942672509111,0.0991754889186364,0.2537792457576346,0.2045350512227519,,0.2045350512227519,False,0.0,-0.0007250162796133,0.2085550001273719,0.5,0.5,False,,0.0,low_or_negative_expected_return
2026-05-15,INTC,baseline,True,0.0993178843324296,-0.0055162130425545,0.1017743866550893,0.0051485262965114,0.1755079944511708,,0.1755079944511708,True,0.0993178843324296,0.0027596674738229,0.6900374246581704,0.5,0.5,True,0.5,0.5,selected
2026-05-15,QCOM,baseline,False,0.0,0.0106704741568797,0.1819941295807321,0.1364831964379145,0.0958856098998177,,0.0958856098998177,False,0.0,1.478079347202393e-05,0.4788532391759738,0.5,0.5,False,,0.0,not_in_raw_selection
