date,ticker,selected,horizon,current_price,take_profit_price,stop_loss_price,vertical_barrier_date,first_touch_date,first_touch_type,label,realized_return_at_barrier,max_favorable_excursion,max_adverse_excursion,time_to_first_touch,daily_volatility,volatility_horizon
2022-06-15,AAPL,False,5,135.42999267578125,142.98641450385026,127.87357084771226,2022-06-23,2022-06-23,vertical_timeout,0,0.020970329692615808,0.020970329692615808,-0.039651446559871295,5,0.024952630566371016,0.05579577816384467
2022-06-15,AAPL,False,10,135.42999267578125,146.11638690804853,124.74359844351397,2022-06-30,2022-06-30,vertical_timeout,0,0.00952527958862226,0.046001708065086744,-0.039651446559871295,10,0.024952630566371016,0.07890714620246972
2022-06-15,AAPL,False,20,135.42999267578125,150.54283633191923,120.31714901964325,2022-07-15,2022-07-15,vertical_timeout,0,0.10883856080869436,0.10883856080869436,-0.039651446559871295,20,0.024952630566371016,0.11159155632768934
2022-06-15,MSFT,False,5,251.75999450683597,264.9228089196847,238.59718009398725,2022-06-23,2022-06-23,vertical_timeout,0,0.028201425959809345,0.028201425959809345,-0.026970104203543288,5,0.023381751226996077,0.052283185176552345
2022-06-15,MSFT,False,10,251.75999450683597,270.3750251684866,233.14496384518526,2022-06-30,2022-06-30,vertical_timeout,0,0.020138195805735837,0.06331433924368968,-0.026970104203543288,10,0.023381751226996077,0.0739395895607443
2022-06-15,MSFT,False,20,251.75999450683597,278.08562333253343,225.43436568113856,2022-07-15,2022-07-15,vertical_timeout,0,0.019701329925682298,0.06609469237653864,-0.026970104203543288,20,0.023381751226996077,0.10456637035310469
2022-06-15,NVDA,True,5,16.527000427246094,18.187285119328624,14.866715735163561,2022-06-23,2022-06-23,vertical_timeout,0,-0.01827313111691431,0.0023597480781099023,-0.056029561998811706,5,0.04492659693259855,0.1004589247390239
2022-06-15,NVDA,True,10,16.527000427246094,18.874997556189648,14.17900329830254,2022-06-30,2022-06-30,vertical_timeout,0,-0.08277364283613864,0.036243662367794416,-0.08277364283613864,10,0.04492659693259855,0.14207037382734564
2022-06-15,NVDA,True,20,16.527000427246094,19.84756981141116,13.20643104308103,2022-07-15,2022-07-15,vertical_timeout,0,-0.04628791211632022,0.036243662367794416,-0.12125616336607381,20,0.04492659693259855,0.2009178494780478
2022-06-15,AMZN,False,5,107.66999816894533,116.20059029955284,99.13940603833781,2022-06-23,2022-06-23,vertical_timeout,0,0.04430207442723555,0.04430207442723555,-0.037243378610853695,5,0.03543231023823844,0.07922905429256291
2022-06-15,AMZN,False,10,107.66999816894533,119.73407725512368,95.60591908276697,2022-06-30,2022-06-30,vertical_timeout,0,-0.013559943431797783,0.08163834926174052,-0.037243378610853695,10,0.03543231023823844,0.11204680311453677
2022-06-15,AMZN,False,20,107.66999816894533,124.73118243016036,90.6088139077303,2022-07-15,2022-07-15,vertical_timeout,0,0.05461135862179689,0.08163834926174052,-0.037243378610853695,20,0.03543231023823844,0.15845810858512582
2022-06-15,GOOGL,False,5,109.7645034790039,115.70855665195752,103.82045030605029,2022-06-23,2022-06-23,vertical_timeout,0,0.022570987957019506,0.022570987957019506,-0.033990977860441585,5,0.02421786011930535,0.05415278149634793
2022-06-15,GOOGL,False,10,109.7645034790039,118.17066409166176,101.35834286634606,2022-06-30,2022-06-30,vertical_timeout,0,-0.007302051365210116,0.07480100337435336,-0.033990977860441585,10,0.02421786011930535,0.07658359803236203
2022-06-15,GOOGL,False,20,109.7645034790039,121.65260982491115,97.87639713309666,2022-07-15,2022-07-15,vertical_timeout,0,0.018339197054462852,0.08735972544203463,-0.033990977860441585,20,0.02421786011930535,0.10830556299269586
2022-06-15,META,False,5,169.35000610351562,184.77778250102153,153.92222970600972,2022-06-23,2022-06-23,vertical_timeout,0,-0.06259229832584912,-0.033126663171907045,-0.07971656045732933,5,0.040741134364534075,0.0910999459195509
2022-06-15,META,False,10,169.35000610351562,191.16817672212798,147.53183548490327,2022-06-30,2022-06-30,vertical_timeout,0,-0.04782997231523256,0.00478297921110582,-0.07971656045732933,10,0.040741134364534075,0.12883477905088436
2022-06-15,META,False,20,169.35000610351562,200.2055588985274,138.49445330850384,2022-07-15,2022-07-15,vertical_timeout,0,-0.02745798044099923,0.016769980723559508,-0.07971656045732933,20,0.040741134364534075,0.1821998918391018
2022-06-15,TSLA,False,5,233.0,256.91641826422284,209.0835817357771,2022-06-23,2022-06-23,vertical_timeout,0,0.00888415160608913,0.017324750515524512,-0.08540769912654234,5,0.04590449529366515,0.10264557194945445
2022-06-15,TSLA,False,10,233.0,266.8229230726516,199.1770769273484,2022-06-30,2022-06-30,vertical_timeout,0,-0.03659516035743027,0.05453504308610513,-0.08540769912654234,10,0.04590449529366515,0.1451627599684618
2022-06-15,TSLA,False,20,233.0,280.8328365284458,185.16716347155423,2022-07-15,2022-07-15,vertical_timeout,0,0.030329037121948677,0.07623749434180516,-0.08540769912654234,20,0.04590449529366515,0.2052911438989089
2022-06-15,SPY,False,5,379.2000122070313,393.83573617764733,364.56428823641534,2022-06-23,2022-06-23,vertical_timeout,0,-0.00300636764699036,-0.00300636764699036,-0.0351793945834199,5,0.017260797808388722,0.03859631724543657
2022-06-15,SPY,False,10,379.2000122070313,399.89805154142545,358.50197287263717,2022-06-30,2022-06-30,vertical_timeout,0,-0.005142437089286411,0.028691914596495893,-0.0351793945834199,10,0.017260797808388722,0.05458343530615098
2022-06-15,SPY,False,20,379.2000122070313,408.4714601482633,349.9285642657993,2022-07-15,2022-07-15,vertical_timeout,0,0.015638165835668794,0.028691914596495893,-0.0351793945834199,20,0.017260797808388722,0.07719263449087314
2022-06-15,QQQ,False,5,282.79998779296875,297.40851674396407,268.19145884197343,2022-06-23,2022-06-23,vertical_timeout,0,0.007249004239871626,0.007249004239871626,-0.0403464414322543,5,0.023101601977163426,0.05165675241008097
2022-06-15,QQQ,False,10,282.79998779296875,303.45956756178634,262.14040802415116,2022-06-30,2022-06-30,vertical_timeout,0,-0.008910852625342747,0.04176095498009569,-0.0403464414322543,10,0.023101601977163426,0.07305367984648557
2022-06-15,QQQ,False,20,282.79998779296875,312.01704569495934,253.58292989097816,2022-07-15,2022-07-15,vertical_timeout,0,0.03207216306833316,0.044377718713815684,-0.0403464414322543,20,0.023101601977163426,0.10331350482016194
2022-06-15,AVGO,False,5,52.67100143432617,55.71679919467212,49.625203673980224,2022-06-23,2022-06-22,stop_loss,-1,-0.058115485573048686,-0.043553425423651815,-0.058115485573048686,4,0.0258609506270432,0.057826843564834404
2022-06-15,AVGO,False,10,52.67100143432617,56.97840993525301,48.36359293339933,2022-06-30,2022-06-30,vertical_timeout,0,-0.07765183955515986,-0.03345296253375096,-0.07765183955515986,10,0.0258609506270432,0.08177950643861616
2022-06-15,AVGO,False,20,52.67100143432617,58.76259695501806,46.579405913634275,2022-07-15,2022-07-15,vertical_timeout,0,-0.06122918116222864,-0.03345296253375096,-0.09570731956741707,20,0.0258609506270432,0.11565368712966881
2022-06-15,AMD,False,5,89.30000305175781,97.74272763111333,80.8572784724023,2022-06-23,2022-06-23,vertical_timeout,0,-0.07693171905716745,-0.06170214947290542,-0.08656218468943755,5,0.042281087188329354,0.09454338511569989
2022-06-15,AMD,False,10,89.30000305175781,101.23981865526308,77.36018744825256,2022-06-30,2022-06-30,stop_loss,-1,-0.14367302791264724,-0.024860035216532128,-0.14367302791264724,10,0.042281087188329354,0.1337045374632854
2022-06-15,AMD,False,20,89.30000305175781,106.18545221046885,72.41455389304679,2022-07-15,2022-07-15,vertical_timeout,0,-0.09171335007300463,-0.024860035216532128,-0.17502804421802132,20,0.042281087188329354,0.18908677023139978
2022-06-15,NFLX,False,5,18.01099967956543,20.364304478663595,15.657694880467265,2022-06-23,2022-06-23,vertical_timeout,0,0.0088834517938301,0.0088834517938301,-0.05107990076407254,5,0.05843262002308742,0.13065931047503881
2022-06-15,NFLX,False,10,18.01099967956543,21.339075242847745,14.682924116283115,2022-06-30,2022-06-30,vertical_timeout,0,-0.02909334168947819,0.059630193993381875,-0.05107990076407254,10,0.05843262002308742,0.1847801689241169
2022-06-15,NFLX,False,20,18.01099967956543,22.71760927776176,13.304390081369101,2022-07-15,2022-07-15,vertical_timeout,0,0.04996944281506921,0.059630193993381875,-0.05107990076407254,20,0.05843262002308742,0.26131862095007763
2022-06-15,COST,False,5,458.7900085449219,486.5058680915957,431.0741489982481,2022-06-23,2022-06-23,vertical_timeout,0,0.03533204985542082,0.03533204985542082,-0.02637373499455986,5,0.027016519473802285,0.06041077405886876
2022-06-15,COST,False,10,458.7900085449219,497.9861530086557,419.59386408118803,2022-06-30,2022-06-30,vertical_timeout,0,0.04466093387552217,0.05575532617502721,-0.02637373499455986,10,0.027016519473802285,0.08543373598750895
2022-06-15,COST,False,20,458.7900085449219,514.2217276382694,403.3582894515744,2022-07-15,2022-07-15,take_profit,1,0.13984612233731153,0.13984612233731153,-0.02637373499455986,20,0.027016519473802285,0.12082154811773752
2022-06-15,ADBE,False,5,376.9200134277344,402.5828531701015,351.25717368536726,2022-06-23,2022-06-23,vertical_timeout,0,-0.0007428599419556647,-0.0007428599419556647,-0.04279423832161422,5,0.0304488231536254,0.06808563840637592
2022-06-15,ADBE,False,10,376.9200134277344,413.2127494403972,340.6272774150716,2022-06-30,2022-06-30,vertical_timeout,0,-0.02881252117758082,0.028653261721904855,-0.04279423832161422,10,0.0304488231536254,0.09628763323712732
2022-06-15,ADBE,False,20,376.9200134277344,428.24569291246854,325.5943339430002,2022-07-15,2022-07-15,vertical_timeout,0,0.007799988907704503,0.03706356978410108,-0.04279423832161422,20,0.0304488231536254,0.13617127681275185
2022-06-15,PEP,True,5,157.7899932861328,163.03467119438412,152.54531537788148,2022-06-23,2022-06-23,take_profit,1,0.03998994287261537,0.03998994287261537,-0.0048164936889107945,5,0.01486463885155891,0.03323834293307013
2022-06-15,PEP,True,10,157.7899932861328,165.2070879142604,150.37289865800525,2022-06-30,2022-06-24,take_profit,1,0.052855136266823255,0.05665760074654824,-0.0048164936889107945,6,0.01486463885155891,0.047006115366755696
2022-06-15,PEP,True,20,157.7899932861328,168.27934910263545,147.30063746963017,2022-07-15,2022-07-01,take_profit,1,0.07351547371245792,0.0892959769072883,-0.0048164936889107945,11,0.01486463885155891,0.06647668586614026
2022-06-15,CSCO,False,5,43.79999923706055,46.26249477058175,41.33750370353935,2022-06-23,2022-06-23,vertical_timeout,0,-0.019862989658425256,0.007762560696581211,-0.019862989658425256,5,0.025142956635414562,0.05622136019211636
2022-06-15,CSCO,False,10,43.79999923706055,47.28249381784941,40.317504656271694,2022-06-30,2022-06-30,vertical_timeout,0,-0.026484015242415726,0.007762560696581211,-0.026484015242415726,10,0.025142956635414562,0.0795090100787538
2022-06-15,CSCO,False,20,43.79999923706055,48.724990304102946,38.87500817001814,2022-07-15,2022-07-15,vertical_timeout,0,-0.01666665650575294,0.007762560696581211,-0.04200913663557804,20,0.025142956635414562,0.11244272038423272
2022-06-15,INTC,True,5,38.650001525878906,40.82374627258798,36.47625677916983,2022-06-23,2022-06-23,vertical_timeout,0,-0.032082836468622866,-0.023803413902236725,-0.043467017822778176,5,0.025152087076219173,0.056241776478420005
2022-06-15,INTC,True,10,38.650001525878906,41.72414082781215,35.57586222394567,2022-06-30,2022-06-30,vertical_timeout,0,-0.032082836468622866,-0.0005174762477119232,-0.043467017822778176,10,0.025152087076219173,0.07953788306773771
2022-06-15,INTC,True,20,38.650001525878906,42.99749101929705,34.30251203246076,2022-07-15,2022-07-15,vertical_timeout,0,-0.0007762637208190704,-0.0005174762477119232,-0.05976717418094557,20,0.025152087076219173,0.11248355295684001
2022-06-15,AMAT,False,5,97.41999816894533,104.4510414327934,90.38895490509725,2022-06-23,2022-06-16,stop_loss,-1,-0.08037366021580028,-0.02309587397135926,-0.08037366021580028,1,0.03227651608746993,0.07217248404844832
2022-06-15,AMAT,False,10,97.41999816894533,107.36339491031126,87.4766014275794,2022-06-30,2022-06-30,vertical_timeout,0,-0.06610547046863546,0.001950343307097313,-0.08037366021580028,10,0.03227651608746993,0.10206730577147148
2022-06-15,AMAT,False,20,97.41999816894533,111.48208469664148,83.35791164124917,2022-07-15,2022-07-15,vertical_timeout,0,-0.030281225658887134,0.001950343307097313,-0.11722437265027263,20,0.03227651608746993,0.14434496809689665
2022-06-15,QCOM,False,5,131.02999877929688,140.2064882857278,121.85350927286595,2022-06-23,2022-06-16,stop_loss,-1,-0.07792108051279223,-0.050675413657239377,-0.08349234941101746,1,0.031319933637113266,0.0700335006633675
2022-06-15,QCOM,False,10,131.02999877929688,144.0075146942659,118.05248286432787,2022-06-30,2022-06-30,vertical_timeout,0,-0.02510876094159875,0.004350204758674092,-0.08349234941101746,10,0.031319933637113266,0.09904232645859946
2022-06-15,QCOM,False,20,131.02999877929688,149.38297779215873,112.67701976643501,2022-07-15,2022-07-15,vertical_timeout,0,0.10180871908852063,0.10180871908852063,-0.08349234941101746,20,0.031319933637113266,0.140067001326735
2022-06-15,TXN,True,5,155.9199981689453,162.6345597726689,149.20543656522173,2022-06-23,2022-06-23,vertical_timeout,0,-0.03065673958075321,-0.015777267085474334,-0.03668548799304938,5,0.01925887167952303,0.043064146245359036
2022-06-15,TXN,True,10,155.9199981689453,165.4158222543208,146.4241740835698,2022-06-30,2022-06-30,vertical_timeout,0,-0.014558775648530364,0.000192398535461491,-0.03668548799304938,10,0.01925887167952303,0.060901899672205155
2022-06-15,TXN,True,20,155.9199981689453,169.34912137639247,142.49087496149815,2022-07-15,2022-07-15,vertical_timeout,0,0.02963054881633309,0.02963054881633309,-0.04733199698229851,20,0.01925887167952303,0.08612829249071807
2022-06-15,CCJ,False,5,22.51000022888184,24.404734577492707,20.61526588027097,2022-06-23,2022-06-23,vertical_timeout,0,-0.06041761868161133,-0.026654836755616307,-0.08174145419274814,5,0.037643311947741745,0.08417300441338056
2022-06-15,CCJ,False,10,22.51000022888184,25.189559241781485,19.830441215982198,2022-06-30,2022-06-30,vertical_timeout,0,-0.06619279235752284,0.01999106401666917,-0.08174145419274814,10,0.037643311947741745,0.11903860442709317
2022-06-15,CCJ,False,20,22.51000022888184,26.29946892610358,18.720531531660104,2022-07-15,2022-07-15,vertical_timeout,0,-0.005331001244479494,0.01999106401666917,-0.08174145419274814,20,0.037643311947741745,0.16834600882676112
2022-06-15,YPF,False,5,3.75,4.0013693440837015,3.4986306559162994,2022-06-23,2022-06-17,stop_loss,-1,-0.08799997965494788,-0.056000010172526093,-0.13866666158040364,2,0.029977543510970105,0.06703182508898688
2022-06-15,YPF,False,10,3.75,4.105489935567999,3.394510064432001,2022-06-30,2022-06-23,stop_loss,-1,-0.13866666158040364,-0.056000010172526093,-0.14133332570393875,5,0.029977543510970105,0.09479731615146633
2022-06-15,YPF,False,20,3.75,4.252738688167401,3.2472613118325984,2022-07-15,2022-06-23,stop_loss,-1,-0.13866666158040364,-0.056000010172526093,-0.21866664886474607,5,0.029977543510970105,0.13406365017797375
2022-06-15,VIST,False,5,8.09000015258789,8.76626238113036,7.413737924045422,2022-06-23,2022-06-17,stop_loss,-1,-0.10012360043286672,-0.07169343791922178,-0.13967862708623624,2,0.03738364116477143,0.08359236289088834
2022-06-15,VIST,False,10,8.09000015258789,9.046379367913305,7.133620937262478,2022-06-30,2022-06-22,stop_loss,-1,-0.1260815774645231,-0.012360986351494407,-0.13967862708623624,4,0.03738364116477143,0.11821745331110771
2022-06-15,VIST,False,20,8.09000015258789,9.442524609672828,6.737475695502953,2022-07-15,2022-07-05,stop_loss,-1,-0.16810878959988118,-0.012360986351494407,-0.23856616424888422,12,0.03738364116477143,0.16718472578177668
2022-06-23,AAPL,True,5,138.27000427246094,146.1955806429394,130.34442790198244,2022-06-30,2022-06-30,vertical_timeout,0,-0.011209973268703544,0.024517243689154977,-0.011209973268703544,5,0.025634088345487464,0.057319564081745086
2022-06-23,AAPL,True,10,138.27000427246094,149.47846186521537,127.06154667970652,2022-07-08,2022-07-08,vertical_timeout,0,0.06342654764362798,0.06342654764362798,-0.011209973268703544,10,0.025634088345487464,0.08106210491371763
2022-06-23,AAPL,True,20,138.27000427246094,154.12115701341793,122.41885153150395,2022-07-22,2022-07-21,take_profit,1,0.12352644321467254,0.12352644321467254,-0.011209973268703544,19,0.025634088345487464,0.11463912816349017
2022-06-23,MSFT,False,5,258.8599853515625,272.540546870536,245.17942383258907,2022-06-30,2022-06-30,vertical_timeout,0,-0.007842072526350052,0.034149839124277825,-0.009194060495684941,5,0.023634912507042492,0.052849271008006994
2022-06-23,MSFT,False,10,258.8599853515625,278.2072209925742,239.51274971055076,2022-07-08,2022-07-08,vertical_timeout,0,0.033995282424958084,0.03685393295516648,-0.009194060495684941,10,0.023634912507042492,0.0747401558210547
2022-06-23,MSFT,False,20,258.8599853515625,286.22110838950937,231.4988623136156,2022-07-22,2022-07-22,vertical_timeout,0,0.005794638356186432,0.03685393295516648,-0.02371932503403551,20,0.023634912507042492,0.10569854201601399
2022-06-23,NVDA,False,5,16.225000381469727,17.80100359134036,14.648997171599092,2022-06-30,2022-06-30,vertical_timeout,0,-0.06570107609727205,0.05553152838399211,-0.06570107609727205,5,0.04343975626716604,0.0971342479394058
2022-06-23,NVDA,False,10,16.225000381469727,18.45380549521231,13.996195267727146,2022-07-08,2022-07-08,vertical_timeout,0,-0.0238520847349456,0.05553152838399211,-0.10489988153866425,10,0.04343975626716604,0.13736857080681852
2022-06-23,NVDA,False,20,16.225000381469727,19.377006801210996,13.072993961728459,2022-07-22,2022-07-22,vertical_timeout,0,0.0674268004283276,0.11248066642113108,-0.10489988153866425,20,0.04343975626716604,0.1942684958788116
2022-06-23,AMZN,True,5,112.44000244140624,121.53082801907156,103.34917686374091,2022-06-30,2022-06-30,vertical_timeout,0,-0.05540735700517352,0.03575237064906056,-0.05540735700517352,5,0.036157423553679596,0.0808504569572796
2022-06-23,AMZN,True,10,112.44000244140624,125.29637126650879,99.5836336163037,2022-07-08,2022-07-08,vertical_timeout,0,0.02757024552482168,0.03575237064906056,-0.05540735700517352,10,0.036157423553679596,0.11433981275304697
2022-06-23,AMZN,True,20,112.44000244140624,130.6216535967369,94.25835128607558,2022-07-22,2022-07-22,vertical_timeout,0,0.08875840902564702,0.10841332752873312,-0.05540735700517352,20,0.036157423553679596,0.1617009139145592
2022-06-23,GOOGL,False,5,112.24199676513672,118.52041094058136,105.9635825896921,2022-06-30,2022-06-30,vertical_timeout,0,-0.02921365819493127,0.05107715359858145,-0.02921365819493127,5,0.025015522338877532,0.0559364084423947
2022-06-23,GOOGL,False,10,112.24199676513672,121.12101524224602,103.36297828802743,2022-07-08,2022-07-08,vertical_timeout,0,0.06335866971392923,0.06335866971392923,-0.031222660094972876,10,0.025015522338877532,0.07910602744967547
2022-06-23,GOOGL,False,20,112.24199676513672,124.79882511602598,99.68516841424746,2022-07-22,2022-07-22,vertical_timeout,0,-0.03868423018474376,0.06335866971392923,-0.03868423018474376,20,0.025015522338877532,0.1118728168847894
2022-06-23,META,False,5,158.75,173.34899271309604,144.15100728690396,2022-06-30,2022-06-30,vertical_timeout,0,0.015748031496062964,0.07187403881643695,0.012157434178149629,5,0.04112672769701646,0.09196215882265218
2022-06-23,META,False,10,158.75,179.39609349184641,138.1039065081536,2022-07-08,2022-07-08,vertical_timeout,0,0.07640947957677158,0.08466143270177162,0.008062984436515652,10,0.04112672769701646,0.1300541322321033
2022-06-23,META,False,20,158.75,187.94798542619208,129.55201457380792,2022-07-22,2022-07-22,vertical_timeout,0,0.06626774344857278,0.1538267601193406,-0.0044094295952263884,20,0.04112672769701646,0.18392431764530437
2022-06-23,TSLA,False,5,235.07000732421875,260.03628313213227,210.1037315163052,2022-06-30,2022-06-30,vertical_timeout,0,-0.045078824849333454,0.04524889345059324,-0.045078824849333454,5,0.04749758634627098,0.10620783183742778
2022-06-23,TSLA,False,10,235.07000732421875,270.37765317371736,199.7623614747201,2022-07-08,2022-07-08,vertical_timeout,0,0.0667602346894769,0.0667602346894769,-0.045078824849333454,10,0.04749758634627098,0.15020055621473136
2022-06-23,TSLA,False,20,235.07000732421875,285.00255894004584,185.13745570839168,2022-07-22,2022-07-22,vertical_timeout,0,0.15813731520618424,0.15813731520618424,-0.045078824849333454,20,0.04749758634627098,0.21241566367485556
2022-06-23,SPY,False,5,378.05999755859375,393.08518591093394,363.03480920625356,2022-06-30,2022-06-30,vertical_timeout,0,-0.0021425106168980745,0.03179386629448655,-0.0021425106168980745,5,0.017773550625579573,0.03974286740032984
2022-06-23,SPY,False,10,378.05999755859375,399.3088227036836,356.8111724135039,2022-07-08,2022-07-08,vertical_timeout,0,0.028064370569901964,0.03179386629448655,-0.0021425106168980745,10,0.017773550625579573,0.05620490208514201
2022-06-23,SPY,False,20,378.05999755859375,408.1103742632742,348.0096208539133,2022-07-22,2022-07-22,vertical_timeout,0,0.04504575699431812,0.05483259567316501,-0.0021425106168980745,20,0.017773550625579573,0.07948573480065968
2022-06-23,QQQ,False,5,284.8500061035156,299.813824695939,269.8861875110923,2022-06-30,2022-06-30,vertical_timeout,0,-0.016043557052120905,0.03426357394740598,-0.016043557052120905,5,0.023493147171268984,0.052532274080364344
2022-06-23,QQQ,False,10,284.8500061035156,306.0120413018114,263.68797090521986,2022-07-08,2022-07-08,vertical_timeout,0,0.036861505265982863,0.036861505265982863,-0.016043557052120905,10,0.023493147171268984,0.07429185446675186
2022-06-23,QQQ,False,20,284.8500061035156,314.7776432883623,254.92236891866895,2022-07-22,2022-07-22,vertical_timeout,0,0.060171963361765446,0.07909425415672766,-0.016043557052120905,20,0.023493147171268984,0.10506454816072869
2022-06-23,AVGO,False,5,49.65800094604492,52.53589805612173,46.78010383596811,2022-06-30,2022-06-30,vertical_timeout,0,-0.021688341129092903,0.025192303895657187,-0.021688341129092903,5,0.025917972724572545,0.05795434885112965
2022-06-23,AVGO,False,10,49.65800094604492,53.727962070229886,45.58803982185996,2022-07-08,2022-07-08,vertical_timeout,0,0.00424903401539467,0.025192303895657187,-0.04083933785681737,10,0.025917972724572545,0.08195982614376915
2022-06-23,AVGO,False,20,49.65800094604492,55.41379516619855,43.9022067258913,2022-07-22,2022-07-22,vertical_timeout,0,0.032099519210493366,0.04249064743150144,-0.04083933785681737,20,0.025917972724572545,0.1159086977022593
2022-06-23,AMD,False,5,82.43000030517578,90.30243325876008,74.55756735159149,2022-06-30,2022-06-30,vertical_timeout,0,-0.07230376152380569,0.05641151896959218,-0.07230376152380569,5,0.042710894498003804,0.09550446347735826
2022-06-23,AMD,False,10,82.43000030517578,93.56330175700757,71.296698853344,2022-07-08,2022-07-08,vertical_timeout,0,-0.03736505907620735,0.05641151896959218,-0.10627201387600171,10,0.042710894498003804,0.135063707516846
2022-06-23,AMD,False,20,82.43000030517578,98.17486621234437,66.68513439800721,2022-07-22,2022-07-22,vertical_timeout,0,0.06878561382935344,0.10505878928367629,-0.10627201387600171,20,0.042710894498003804,0.19100892695471652
2022-06-23,NFLX,False,5,18.17099952697754,20.56010133819397,15.781897715761104,2022-06-30,2022-06-30,vertical_timeout,0,-0.037642399045979213,0.05029990541456719,-0.037642399045979213,5,0.058799121612617265,0.13147883294308926
2022-06-23,NFLX,False,10,18.17099952697754,21.549699710289943,14.792299343665132,2022-07-08,2022-07-08,vertical_timeout,0,0.029002280610028297,0.05029990541456719,-0.037642399045979213,10,0.058799121612617265,0.18593914871310332
2022-06-23,NFLX,False,20,18.17099952697754,22.94920314941041,13.392795904544672,2022-07-22,2022-07-22,vertical_timeout,0,0.21314188539176215,0.23207314242911892,-0.039953764297636196,20,0.058799121612617265,0.2629576658861785
2022-06-23,COST,False,5,475.0,504.49573565635154,445.5042643436485,2022-06-30,2022-06-30,vertical_timeout,0,0.009010523745888177,0.019726305509868425,-0.013452662417763106,5,0.027770303146933205,0.06209628559231898
2022-06-23,COST,False,10,475.0,516.713269397384,433.28673060261605,2022-07-08,2022-07-08,vertical_timeout,0,0.05587370219983545,0.05587370219983545,-0.013452662417763106,10,0.027770303146933205,0.08781740925765052
2022-06-23,COST,False,20,475.0,533.991471312703,416.008528687297,2022-07-22,2022-07-22,vertical_timeout,0,0.11519993832236852,0.11519993832236852,-0.013452662417763106,20,0.027770303146933205,0.12419257118463796
2022-06-23,ADBE,False,5,376.6400146484375,399.723506685739,353.556522611136,2022-06-30,2022-06-30,vertical_timeout,0,-0.028090528564043593,0.02941797509913524,-0.02923218282025064,5,0.027408801691801522,0.06128794376467945
2022-06-23,ADBE,False,10,376.6400146484375,409.2850021545206,343.9950271423544,2022-07-08,2022-07-08,vertical_timeout,0,0.03398467314981524,0.03783453548689253,-0.02923218282025064,10,0.027408801691801522,0.08667424128196924
2022-06-23,ADBE,False,20,376.6400146484375,422.8069987230405,330.47303057383454,2022-07-22,2022-07-22,vertical_timeout,0,0.06706663728129092,0.08567859961399282,-0.02923218282025064,20,0.027408801691801522,0.1225758875293589
2022-06-23,PEP,False,5,164.10000610351562,169.65839509182615,158.5416171152051,2022-06-30,2022-06-30,vertical_timeout,0,0.015600228296023921,0.01602674909325974,-0.0005485167174393846,5,0.015148001414952237,0.0338719608870962
2022-06-23,PEP,False,10,164.10000610351562,171.96075519572966,156.23925701130162,2022-07-08,2022-07-08,vertical_timeout,0,0.04741010658091738,0.04741010658091738,-0.0005485167174393846,10,0.015148001414952237,0.04790218647070246
2022-06-23,PEP,False,20,164.10000610351562,175.21678408013668,152.98322812689457,2022-07-22,2022-07-22,vertical_timeout,0,0.03357705241863429,0.04741010658091738,-0.0005485167174393846,20,0.015148001414952237,0.0677439217741924
2022-06-23,CSCO,False,5,42.93000030517578,45.33146371255514,40.528536897796414,2022-06-30,2022-06-30,vertical_timeout,0,-0.006755204133841564,0.027253625917264435,-0.006755204133841564,5,0.025016703406503926,0.05593904938989334
2022-06-23,CSCO,False,10,42.93000030517578,46.32618242543438,39.53381818491718,2022-07-08,2022-07-08,vertical_timeout,0,0.010715096231135979,0.027253625917264435,-0.022594950240104716,10,0.025016703406503926,0.07910976231344556
2022-06-23,CSCO,False,20,42.93000030517578,47.73292711993451,38.127073490417054,2022-07-22,2022-07-22,vertical_timeout,0,0.03563938430982061,0.03843469634636776,-0.022594950240104716,20,0.025016703406503926,0.11187809877978667
2022-06-23,INTC,False,5,37.40999984741211,39.38657565011166,35.43342404471256,2022-06-30,2022-06-30,vertical_timeout,0,0.0,0.032611633939568785,-0.003207669937829949,5,0.0236287510053179,0.05283549347130732
2022-06-23,INTC,False,10,37.40999984741211,40.2053001546483,34.61469954017592,2022-07-08,2022-07-08,vertical_timeout,0,0.015503924977824157,0.032611633939568785,-0.028601970039789704,10,0.0236287510053179,0.07472067144179793
2022-06-23,INTC,False,20,37.40999984741211,41.36315145281121,33.45684824201301,2022-07-22,2022-07-22,vertical_timeout,0,0.04784819360674675,0.08553864677871204,-0.028601970039789704,20,0.0236287510053179,0.10567098694261463
2022-06-23,AMAT,False,5,93.27999877929688,100.25752728477067,86.30247027382308,2022-06-30,2022-06-30,vertical_timeout,0,-0.024656898075279043,0.046419402741412874,-0.024656898075279043,5,0.03345246195831808,0.07480197895352497
2022-06-23,AMAT,False,10,93.27999877929688,103.1477142235828,83.41228333501095,2022-07-08,2022-07-08,vertical_timeout,0,-0.022405621411248244,0.046419402741412874,-0.07804458484740717,10,0.03345246195831808,0.10578597312842182
2022-06-23,AMAT,False,20,93.27999877929688,107.23505579024449,79.32494176834928,2022-07-22,2022-07-22,vertical_timeout,0,0.08994424849317828,0.11320752247841481,-0.07804458484740717,20,0.03345246195831808,0.14960395790704994
2022-06-23,QCOM,True,5,120.08999633789062,128.80412493233283,111.37586774344844,2022-06-30,2022-06-28,take_profit,1,0.09584486732133723,0.09584486732133723,0.04171873002755455,3,0.03245130234998504,0.07256331801296523
2022-06-23,QCOM,True,10,120.08999633789062,132.41363518041396,107.76635749536727,2022-07-08,2022-07-07,take_profit,1,0.11916061283181745,0.13256723003098525,0.028645203982913925,9,0.03245130234998504,0.10262002846472734
2022-06-23,QCOM,True,20,120.08999633789062,137.518253526775,102.66173914900625,2022-07-22,2022-07-14,take_profit,1,0.18161377486621078,0.29785998303985983,0.028645203982913925,14,0.03245130234998504,0.14512663602593046
2022-06-23,TXN,False,5,151.13999938964844,157.49888561312432,144.7811131661726,2022-06-30,2022-06-30,vertical_timeout,0,0.0166070829493985,0.03182478217558593,0.010850862751563328,5,0.01881553779846419,0.04207282155058267
2022-06-23,TXN,False,10,151.13999938964844,160.13282252847543,142.14717625082145,2022-07-08,2022-07-08,vertical_timeout,0,0.029045913771183374,0.03182478217558593,-0.017202634074469203,10,0.01881553779846419,0.059499954844137046
2022-06-23,TXN,False,20,151.13999938964844,163.85777183660014,138.42222694269674,2022-07-22,2022-07-19,take_profit,1,0.08932115955086228,0.1018922453266804,-0.017202634074469203,17,0.01881553779846419,0.08414564310116535
2022-06-23,CCJ,True,5,21.149999618530277,23.009490933282063,19.29050830377849,2022-06-30,2022-06-30,vertical_timeout,0,-0.006146532534814231,0.08557917251008229,-0.006146532534814231,5,0.03931866721843836,0.08791921268512075
2022-06-23,CCJ,True,10,21.149999618530277,23.77971745496723,18.520281782093324,2022-07-08,2022-07-08,vertical_timeout,0,0.05295512337750208,0.08557917251008229,-0.012293155251598353,10,0.03931866721843836,0.12433654297246242
2022-06-23,CCJ,True,20,21.149999618530277,24.86898224803385,17.431016989026705,2022-07-22,2022-07-22,vertical_timeout,0,0.06524827862910043,0.12765961284339133,-0.012293155251598353,20,0.03931866721843836,0.1758384253702415
2022-06-23,YPF,False,5,3.2300000190734863,3.4613406496817034,2.9986593884652697,2022-06-30,2022-06-30,vertical_timeout,0,0.00928791678409202,0.06191951904108195,-0.003095972261364044,5,0.03203054940823345,0.07162248583347566
2022-06-23,YPF,False,10,3.2300000190734863,3.5571650764075713,2.902834961739402,2022-07-08,2022-07-08,vertical_timeout,0,-0.018575833568184263,0.06191951904108195,-0.043343685472897686,10,0.03203054940823345,0.10128949083657615
2022-06-23,YPF,False,20,3.2300000190734863,3.69268128028992,2.7673187578570526,2022-07-22,2022-07-22,vertical_timeout,0,-0.09907118617745048,0.06191951904108195,-0.09907118617745048,20,0.03203054940823345,0.14324497166695133
2022-06-23,VIST,False,5,6.960000038146973,7.53225245301952,6.387747623274425,2022-06-30,2022-06-27,take_profit,1,0.08333332191481913,0.14798846656981035,0.027298858646420898,2,0.036769979681899725,0.08222017410001388
2022-06-23,VIST,False,10,6.960000038146973,7.769287164360485,6.150712911933462,2022-07-08,2022-06-28,take_profit,1,0.14798846656981035,0.14798846656981035,-0.04597703590624891,3,0.036769979681899725,0.11627688531291672
2022-06-23,VIST,False,20,6.960000038146973,8.104504867892068,5.815495208401878,2022-07-22,2022-07-22,vertical_timeout,0,-0.12499998287222858,0.14798846656981035,-0.12499998287222858,20,0.036769979681899725,0.16444034820002776
2022-06-30,AAPL,True,5,136.72000122070312,144.63727928754676,128.8027231538595,2022-07-08,2022-07-07,take_profit,1,0.07043596252802153,0.07548267973440415,0.016164360995803317,4,0.02589755967841474,0.05790870389229296
2022-06-30,AAPL,True,10,136.72000122070312,147.91672323991241,125.52327920149384,2022-07-15,2022-07-14,take_profit,1,0.08594207061944292,0.09837622021762749,0.016164360995803317,9,0.02589755967841474,0.08189527442392834
2022-06-30,AAPL,True,20,136.72000122070312,152.5545573543904,120.88544508701587,2022-07-29,2022-07-20,take_profit,1,0.11936799239114104,0.18863365312951386,0.016164360995803317,13,0.02589755967841474,0.11581740778458592
2022-06-30,MSFT,False,5,256.8299865722656,270.79156297564856,242.8684101688827,2022-07-08,2022-07-08,vertical_timeout,0,0.04216803977753769,0.0450492852436577,0.010707472428365339,5,0.024311050533997534,0.05436116159845105
2022-06-30,MSFT,False,10,256.8299865722656,276.5746372740379,237.08533587049328,2022-07-15,2022-07-15,vertical_timeout,0,-0.0004282418615925154,0.0450492852436577,-0.01600274721194228,10,0.024311050533997534,0.07687829199888496
2022-06-30,MSFT,False,20,256.8299865722656,284.7531393790315,228.90683376549973,2022-07-29,2022-07-29,vertical_timeout,0,0.09309661999060093,0.09309661999060093,-0.019195549326535,20,0.024311050533997534,0.1087223231969021
2022-06-30,NVDA,False,5,15.159000396728516,16.650742367449983,13.66725842600705,2022-07-08,2022-07-08,vertical_timeout,0,0.04479186509978628,0.046111180593285006,-0.04195531476976555,5,0.04400865972854738,0.09840635475168939
2022-06-30,NVDA,False,10,15.159000396728516,17.268642123283982,13.04935867017305,2022-07-15,2022-07-15,vertical_timeout,0,0.03977832781935664,0.046111180593285006,-0.04195531476976555,10,0.04400865972854738,0.13916760151353721
2022-06-30,NVDA,False,20,15.159000396728516,18.142484338171446,12.175516455285582,2022-07-29,2022-07-29,take_profit,1,0.19816608163235516,0.19816608163235516,-0.04195531476976555,20,0.04400865972854738,0.19681270950337879
2022-06-30,AMZN,True,5,106.20999908447266,114.96410650410395,97.45589166484137,2022-07-08,2022-07-07,take_profit,1,0.0952829567255078,0.0952829567255078,0.03154127203651247,4,0.0368605205561904,0.08242262964967009
2022-06-30,AMZN,True,10,106.20999908447266,118.59017652378617,93.82982164515916,2022-07-15,2022-07-15,vertical_timeout,0,0.06910840815889085,0.0952829567255078,0.02834010132922149,10,0.0368605205561904,0.11656320069701824
2022-06-30,AMZN,True,20,106.20999908447266,123.71821392373523,88.70178424521008,2022-07-29,2022-07-21,take_profit,1,0.17342998143042276,0.27059597129750057,0.02834010132922149,14,0.0368605205561904,0.16484525929934019
2022-06-30,GOOGL,False,5,108.96299743652344,115.33378294462078,102.5922119284261,2022-07-08,2022-07-07,take_profit,1,0.09012233442407713,0.09535808645260979,-0.002069458348894937,4,0.026147425825863414,0.05846742158326418
2022-06-30,GOOGL,False,10,108.96299743652344,117.97264870504468,99.9533461680022,2022-07-15,2022-07-07,take_profit,1,0.09012233442407713,0.09535808645260979,-0.002069458348894937,4,0.026147425825863414,0.08268542056003762
2022-06-30,GOOGL,False,20,108.96299743652344,121.70456845271812,96.22142642032874,2022-07-29,2022-07-29,vertical_timeout,0,0.06751835422466801,0.09535808645260979,-0.03618660358305614,20,0.026147425825863414,0.11693484316652836
2022-06-30,META,False,5,161.25,176.54001998257252,145.95998001742748,2022-07-08,2022-07-08,vertical_timeout,0,0.05972096051356579,0.06784497638081399,-0.007565899043120106,5,0.042405611235178026,0.09482182934928689
2022-06-30,META,False,10,161.25,182.87335362830967,139.62664637169033,2022-07-15,2022-07-15,vertical_timeout,0,0.02139532991157944,0.06784497638081399,-0.01984494231468026,10,0.042405611235178026,0.13409831707478873
2022-06-30,META,False,20,161.25,191.830039965145,130.66996003485497,2022-07-29,2022-07-29,vertical_timeout,0,-0.013333295482073626,0.13593797314074618,-0.01984494231468026,20,0.042405611235178026,0.18964365869857377
2022-06-30,TSLA,False,5,224.47332763671875,248.2223770394355,200.72427823400204,2022-07-08,2022-07-08,take_profit,1,0.11711862973523912,0.11711862973523912,0.012429131666979787,5,0.04731474284679217,0.10579898134334921
2022-06-30,TSLA,False,10,224.47332763671875,258.0595553955094,190.8870998779281,2022-07-15,2022-07-15,vertical_timeout,0,0.06946632892586302,0.11711862973523912,0.012429131666979787,10,0.04731474284679217,0.14962235430102253
2022-06-30,TSLA,False,20,224.47332763671875,271.97142644215216,176.9752288312853,2022-07-29,2022-07-22,take_profit,1,0.21280933478457476,0.32376526434081954,0.012429131666979787,15,0.04731474284679217,0.21159796268669842
2022-06-30,SPY,False,5,377.25,392.69590446695537,361.8040955330447,2022-07-08,2022-07-08,vertical_timeout,0,0.03027173870837485,0.031119921098409442,0.010576514869118592,5,0.018310453207199373,0.040943418070126844
2022-06-30,SPY,False,10,377.25,399.0938075802874,355.40619241971257,2022-07-15,2022-07-15,vertical_timeout,0,0.020888018244698436,0.031119921098409442,0.0017495126894879753,10,0.018310453207199373,0.057902737124685036
2022-06-30,SPY,False,20,377.25,408.1418089339107,346.35819106608926,2022-07-29,2022-07-29,take_profit,1,0.0920874492627568,0.0920874492627568,0.0017495126894879753,20,0.018310453207199373,0.08188683614025369
2022-06-30,QQQ,False,5,280.2799987792969,295.27998190697747,265.2800156516162,2022-07-08,2022-07-08,take_profit,1,0.05376768727648473,0.05376768727648473,0.006600564120069041,5,0.023933910433084606,0.053517850695768615
2022-06-30,QQQ,False,10,280.2799987792969,301.49317835383044,259.06681920476336,2022-07-15,2022-07-15,vertical_timeout,0,0.0413514927514218,0.05376768727648473,0.006600564120069041,10,0.023933910433084606,0.07568567028301436
2022-06-30,QQQ,False,20,280.2799987792969,310.2799650346581,250.28003252393563,2022-07-29,2022-07-29,take_profit,1,0.1255173142179271,0.1255173142179271,0.006600564120069041,20,0.023933910433084606,0.10703570139153723
2022-06-30,AVGO,False,5,48.58100128173828,51.3924318085894,45.76957075488716,2022-07-08,2022-07-08,vertical_timeout,0,0.026512384789957988,0.026512384789957988,-0.01957555810980227,5,0.025880692477288567,0.05787098768398467
2022-06-30,AVGO,False,10,48.58100128173828,52.55696446248087,44.60503810099569,2022-07-15,2022-07-15,vertical_timeout,0,0.017805270392701633,0.026512384789957988,-0.01957555810980227,10,0.025880692477288567,0.08184193565061747
2022-06-30,AVGO,False,20,48.58100128173828,54.20386233544052,42.958140228036044,2022-07-29,2022-07-29,vertical_timeout,0,0.1022415949220501,0.1022415949220501,-0.01957555810980227,20,0.025880692477288567,0.11574197536796935
2022-06-30,AMD,False,5,76.47000122070312,83.76805627675739,69.17194616464886,2022-07-08,2022-07-08,vertical_timeout,0,0.03766179164958938,0.03766179164958938,-0.036615705597762616,5,0.04268065110074892,0.09543683718522582
2022-06-30,AMD,False,10,76.47000122070312,86.7910096599206,66.14899278148565,2022-07-15,2022-07-15,vertical_timeout,0,0.060677380875890696,0.060677380875890696,-0.036615705597762616,10,0.04268065110074892,0.13496806949733928
2022-06-30,AMD,False,20,76.47000122070312,91.06611133281164,61.8738911085946,2022-07-29,2022-07-21,take_profit,1,0.19118601914222744,0.23538642229191908,-0.036615705597762616,14,0.04268065110074892,0.19087367437045163
2022-06-30,NFLX,False,5,17.48699951171875,19.793146898968395,15.180852124469105,2022-07-08,2022-07-08,vertical_timeout,0,0.0692514711682437,0.08234691909796266,0.029050228266674027,5,0.05897755438911086,0.13187782076074298
2022-06-30,NFLX,False,10,17.48699951171875,20.748384423598477,14.225614599839025,2022-07-15,2022-07-15,vertical_timeout,0,0.08143191091317137,0.08234691909796266,-0.0024017737786511395,10,0.05897755438911086,0.18650340269605084
2022-06-30,NFLX,False,20,17.48699951171875,22.09929428621804,12.87470473721946,2022-07-29,2022-07-21,take_profit,1,0.28026540363760755,0.29667752445839013,-0.0024017737786511395,14,0.05897755438911086,0.26375564152148595
2022-06-30,COST,False,5,479.2799987792969,509.51781698824914,449.04218057034456,2022-07-08,2022-07-08,vertical_timeout,0,0.046444687494408665,0.046444687494408665,0.01352030337763388,5,0.028214745943376474,0.06309008989727623
2022-06-30,COST,False,10,479.2799987792969,522.0427313869693,436.51726617162444,2022-07-15,2022-07-15,take_profit,1,0.09111586867584665,0.09111586867584665,0.01352030337763388,10,0.028214745943376474,0.08922286078406583
2022-06-30,COST,False,20,479.2799987792969,539.7556351972015,418.80436236139235,2022-07-29,2022-07-29,take_profit,1,0.12940241439583078,0.12940241439583078,0.01352030337763388,20,0.028214745943376474,0.12618017979455246
2022-06-30,ADBE,False,5,366.05999755859375,388.88169264007587,343.2383024771117,2022-07-08,2022-07-07,take_profit,1,0.0678304574535471,0.0678304574535471,0.006610974823456406,4,0.027881146207896286,0.06234413821146658
2022-06-30,ADBE,False,10,366.05999755859375,398.3347482591691,333.7852468580184,2022-07-15,2022-07-15,vertical_timeout,0,0.03769870481616833,0.0678304574535471,0.006610974823456406,10,0.027881146207896286,0.08816792579311876
2022-06-30,ADBE,False,20,366.05999755859375,411.70338772155793,320.41660739562957,2022-07-29,2022-07-29,vertical_timeout,0,0.12036277619092006,0.12036277619092006,0.006610974823456406,20,0.027881146207896286,0.12468827642293316
2022-06-30,PEP,False,5,166.66000366210938,172.39093657890987,160.92907074530888,2022-07-08,2022-07-08,vertical_timeout,0,0.031321259486386976,0.031321259486386976,0.014100508778884802,5,0.015378321486705347,0.03438697222411879
2022-06-30,PEP,False,10,166.66000366210938,174.76476671809903,158.55524060611972,2022-07-15,2022-07-15,vertical_timeout,0,0.026761018583201457,0.031321259486386976,0.014100508778884802,10,0.015378321486705347,0.0486305224882957
2022-06-30,PEP,False,20,166.66000366210938,178.12186949571037,155.19813782850838,2022-07-29,2022-07-29,vertical_timeout,0,0.04980200929663625,0.04980200929663625,0.009600328870569497,20,0.015378321486705347,0.06877394444823758
2022-06-30,CSCO,False,5,42.63999938964844,45.050993641301574,40.2290051379953,2022-07-08,2022-07-08,vertical_timeout,0,0.017589118450646035,0.017589118450646035,-0.01594747455228296,5,0.025286806365979655,0.056543017968204934
2022-06-30,CSCO,False,10,42.63999938964844,46.049660159139876,39.230338620157,2022-07-15,2022-07-15,vertical_timeout,0,0.010084435068734354,0.017589118450646035,-0.01594747455228296,10,0.025286806365979655,0.07996390286814102
2022-06-30,CSCO,False,20,42.63999938964844,47.46198789295472,37.81801088634216,2022-07-29,2022-07-29,vertical_timeout,0,0.06402438042480552,0.06988741990835412,-0.01594747455228296,20,0.025286806365979655,0.11308603593640987
2022-06-30,INTC,False,5,37.40999984741211,39.35711499856567,35.46288469625855,2022-07-08,2022-07-08,vertical_timeout,0,0.015503924977824157,0.01951348690761434,-0.028601970039789704,5,0.02327656699148763,0.05204798607579411
2022-06-30,INTC,False,10,37.40999984741211,40.163636501675626,34.6563631931486,2022-07-15,2022-07-15,vertical_timeout,0,0.03234426862892281,0.03234426862892281,-0.028601970039789704,10,0.02327656699148763,0.07360696780259404
2022-06-30,INTC,False,20,37.40999984741211,41.30423014971924,33.51576954510498,2022-07-29,2022-07-29,vertical_timeout,0,-0.02940386203174994,0.08553864677871204,-0.02940386203174994,20,0.02327656699148763,0.10409597215158822
2022-06-30,AMAT,False,5,90.9800033569336,97.6657672704428,84.29423944342439,2022-07-08,2022-07-08,vertical_timeout,0,0.0023081894561904903,0.0023081894561904903,-0.0547373397799954,5,0.03286397458894418,0.07348608119170491
2022-06-30,AMAT,False,10,90.9800033569336,100.43510135824293,81.52490535562426,2022-07-15,2022-07-15,vertical_timeout,0,0.03836005424266187,0.03836005424266187,-0.0547373397799954,10,0.03286397458894418,0.10392501266695948
2022-06-30,AMAT,False,20,90.9800033569336,104.351531183952,77.60847552991518,2022-07-29,2022-07-28,take_profit,1,0.15585842802780148,0.16487139422441932,-0.0547373397799954,19,0.03286397458894418,0.14697216238340982
2022-06-30,QCOM,True,5,127.73999786376952,136.65758423955774,118.82241148798131,2022-07-08,2022-07-08,vertical_timeout,0,0.064740854715577,0.064740854715577,-0.032957563448235416,5,0.031220181094341534,0.06981044719680145
2022-06-30,QCOM,True,10,127.73999786376952,140.35136946004272,115.12862626749629,2022-07-15,2022-07-14,take_profit,1,0.11085013519270626,0.13018629663007597,-0.032957563448235416,9,0.031220181094341534,0.09872688122104742
2022-06-30,QCOM,True,20,127.73999786376952,145.57517061534594,109.9048251121931,2022-07-29,2022-07-19,take_profit,1,0.153671501344103,0.22013467368749362,-0.032957563448235416,12,0.031220181094341534,0.1396208943936029
2022-06-30,TXN,False,5,153.64999389648438,160.1122577955225,147.18772999744624,2022-07-08,2022-07-08,vertical_timeout,0,0.012235632655339224,0.012235632655339224,-0.03325740848251657,5,0.01880906207718724,0.04205834139760407
2022-06-30,TXN,False,10,153.64999389648438,162.78901514613813,144.51097264683062,2022-07-15,2022-07-15,vertical_timeout,0,0.04484217158049675,0.04484217158049675,-0.03325740848251657,10,0.01880906207718724,0.059479476815409466
2022-06-30,TXN,False,20,153.64999389648438,166.57452169456064,140.72546609840813,2022-07-29,2022-07-27,take_profit,1,0.11643345330492583,0.16426948581702194,-0.03325740848251657,18,0.01880906207718724,0.08411668279520813
2022-06-30,CCJ,True,5,21.020000457763672,22.916785125556657,19.123215789970686,2022-07-08,2022-07-08,vertical_timeout,0,0.05946717282483771,0.05946717282483771,-0.006184636788017728,5,0.040355274628911274,0.09023713732091822
2022-06-30,CCJ,True,10,21.020000457763672,23.702459059857855,18.33754185566949,2022-07-15,2022-07-15,vertical_timeout,0,0.06517597060178759,0.06517597060178759,-0.006184636788017728,10,0.040355274628911274,0.12761458342896592
2022-06-30,CCJ,True,20,21.020000457763672,24.81356979334964,17.226431122177704,2022-07-29,2022-07-27,take_profit,1,0.1960037508164305,0.22597525673438335,-0.006184636788017728,18,0.040355274628911274,0.18047427464183644
2022-06-30,YPF,False,5,3.259999990463257,3.4885110682169516,3.0314889127095617,2022-07-08,2022-07-08,vertical_timeout,0,-0.027607335715520098,0.018404890477013325,-0.05214726281940507,5,0.031347626071397135,0.07009542282888867
2022-06-30,YPF,False,10,3.259999990463257,3.5831634557750256,2.9368365251514885,2022-07-15,2022-07-14,stop_loss,-1,-0.10122697075810749,0.018404890477013325,-0.10122697075810749,9,0.031347626071397135,0.09912989762489102
2022-06-30,YPF,False,20,3.259999990463257,3.717022145970647,2.8029778349558665,2022-07-29,2022-07-29,vertical_timeout,0,0.1380368248466679,0.1380368248466679,-0.10736193425044527,20,0.031347626071397135,0.14019084565777734
2022-06-30,VIST,False,5,7.389999866485596,8.012254961831005,6.767744771140187,2022-07-08,2022-07-05,stop_loss,-1,-0.0893098591794671,0.012178640624345594,-0.1014884998038128,2,0.037656419964176444,0.08420231482917873
2022-06-30,VIST,False,10,7.389999866485596,8.270001461578836,6.509998271392355,2022-07-15,2022-07-12,stop_loss,-1,-0.13125843135541837,0.012178640624345594,-0.166441142259239,7,0.037656419964176444,0.11908005561463374
2022-06-30,VIST,False,20,7.389999866485596,8.634510057176414,6.145489675794778,2022-07-29,2022-07-21,stop_loss,-1,-0.17185385708680367,0.18809200156949757,-0.17591336094515186,14,0.037656419964176444,0.16840462965835745
2022-07-08,AAPL,False,5,147.0399932861328,155.6317618358564,138.44822473640923,2022-07-15,2022-07-15,vertical_timeout,0,0.02128675888009357,0.02128675888009357,-0.014757877230874183,5,0.026131364800515852,0.05843150803879868
2022-07-08,AAPL,False,10,147.0399932861328,159.19058889392252,134.8893976783431,2022-07-22,2022-07-22,vertical_timeout,0,0.047946160049387565,0.056515323699804165,-0.014757877230874183,10,0.026131364800515852,0.08263463113838163
2022-07-08,AAPL,False,20,147.0399932861328,164.22353038557998,129.85645618668565,2022-08-05,2022-08-03,take_profit,1,0.12982870285862602,0.12982870285862602,-0.014757877230874183,18,0.026131364800515852,0.11686301607759736
2022-07-08,MSFT,True,5,267.6600036621094,281.7195927658961,253.60041455832265,2022-07-15,2022-07-13,stop_loss,-1,-0.05581708972949995,-0.011768638770777606,-0.05581708972949995,3,0.02349114289893654,0.052527792391183575
2022-07-08,MSFT,True,10,267.6600036621094,287.54326525407754,247.7767420701412,2022-07-22,2022-07-22,vertical_timeout,0,-0.027273474597132252,-0.010535781534915856,-0.05581708972949995,10,0.02349114289893654,0.07428551640113008
2022-07-08,MSFT,True,20,267.6600036621094,295.7791818696828,239.54082545453596,2022-08-05,2022-08-05,vertical_timeout,0,0.056975266350408615,0.059739931314357175,-0.058880705185673676,20,0.02349114289893654,0.10505558478236715
2022-07-08,NVDA,False,5,15.838000297546388,17.391999511063233,14.284001084029544,2022-07-15,2022-07-15,vertical_timeout,0,-0.0047985990778660614,-0.0047985990778660614,-0.04773333151887549,5,0.04387988146386376,0.09811839779783237
2022-07-08,NVDA,False,10,15.838000297546388,18.035687061219033,13.640313533873746,2022-07-22,2022-07-21,take_profit,1,0.13966402942023182,0.13966402942023182,-0.04773333151887549,9,0.04387988146386376,0.13876036888401294
2022-07-08,NVDA,False,20,15.838000297546388,18.945998724580075,12.7300018705127,2022-08-05,2022-08-04,take_profit,1,0.21322135317579605,0.21322135317579605,-0.04773333151887549,19,0.04387988146386376,0.19623679559566473
2022-07-08,AMZN,False,5,115.54000091552734,125.21068704137055,105.86931478968414,2022-07-15,2022-07-15,vertical_timeout,0,-0.0172234537649385,-0.0172234537649385,-0.054699668034837945,5,0.03743173168617036,0.08369989656580976
2022-07-08,AMZN,False,10,115.54000091552734,129.21641639214812,101.86358543890655,2022-07-22,2022-07-22,vertical_timeout,0,0.05954645316688212,0.07867401995726508,-0.054699668034837945,10,0.03743173168617036,0.11836952889259339
2022-07-08,AMZN,False,20,115.54000091552734,134.88137316721375,96.19862866384094,2022-08-05,2022-07-29,take_profit,1,0.1679937327238359,0.2339450077419798,-0.054699668034837945,15,0.03743173168617036,0.1673997931316195
2022-07-08,GOOGL,True,5,119.35350036621094,126.48201283289909,112.2249878995228,2022-07-15,2022-07-13,stop_loss,-1,-0.06702777861942633,-0.030807659112157548,-0.07528895284565196,3,0.026710299078051943,0.05972604443787411
2022-07-08,GOOGL,True,10,119.35350036621094,129.434739376147,109.2722613562749,2022-07-22,2022-07-18,stop_loss,-1,-0.08649517236812143,-0.030807659112157548,-0.09596282308595383,6,0.026710299078051943,0.08446538207093972
2022-07-08,GOOGL,True,20,119.35350036621094,133.6105252995872,105.09647543283467,2022-08-05,2022-07-26,stop_loss,-1,-0.12009286429945676,-0.00974833516599627,-0.12009286429945676,12,0.026710299078051943,0.11945208887574822
2022-07-08,META,False,5,170.8800048828125,187.2345810989152,154.52542866670981,2022-07-15,2022-07-15,vertical_timeout,0,-0.036165775737240224,-0.036165775737240224,-0.0750819374089634,5,0.04280189971610327,0.09570795733133587
2022-07-08,META,False,10,170.8800048828125,194.00886837448937,147.75114139113563,2022-07-22,2022-07-22,vertical_timeout,0,-0.009421819781990748,0.07192177513431797,-0.0750819374089634,10,0.04280189971610327,0.13535149128500068
2022-07-08,META,False,20,170.8800048828125,203.58915731501787,138.17085245060713,2022-08-05,2022-08-05,vertical_timeout,0,-0.02206229028988127,0.07192177513431797,-0.0750819374089634,20,0.04280189971610327,0.19141591466267174
2022-07-08,TSLA,False,5,250.76333618164065,277.44928345862564,224.0773889046556,2022-07-15,2022-07-15,vertical_timeout,0,-0.042656437320958474,-0.042656437320958474,-0.07055787790526813,5,0.04759195906700713,0.10641885565621542
2022-07-08,TSLA,False,10,250.76333618164065,288.5029647455263,213.02370761775506,2022-07-22,2022-07-22,vertical_timeout,0,0.08565849901904721,0.08565849901904721,-0.07055787790526813,10,0.04759195906700713,0.1504989889612446
2022-07-08,TSLA,False,20,250.76333618164065,304.1352307356107,197.39144162767056,2022-08-05,2022-08-03,take_profit,1,0.22584374638326588,0.23077534378976883,-0.07055787790526813,18,0.04759195906700713,0.21283771131243084
2022-07-08,SPY,False,5,388.6700134277344,404.6608243937403,372.6792024617284,2022-07-15,2022-07-15,vertical_timeout,0,-0.009108005306872169,-0.009108005306872169,-0.027684177821517553,5,0.01839943350401366,0.0411423840624617
2022-07-08,SPY,False,10,388.6700134277344,411.2844351692044,366.0555916862643,2022-07-22,2022-07-22,vertical_timeout,0,0.016517824088196464,0.02603749908035824,-0.027684177821517553,10,0.01839943350401366,0.058184117529496
2022-07-08,SPY,False,20,388.6700134277344,420.65163535974636,356.6883914957224,2022-08-05,2022-08-05,vertical_timeout,0,0.0638073093786018,0.0663287567567652,-0.027684177821517553,20,0.01839943350401366,0.0822847681249234
2022-07-08,QQQ,False,5,295.3500061035156,311.2228103546299,279.4772018524013,2022-07-15,2022-07-15,vertical_timeout,0,-0.011782667731208507,-0.011782667731208507,-0.03284243103631945,5,0.0240343108620757,0.05374235287996284
2022-07-08,QQQ,False,10,295.3500061035156,317.79754114833486,272.90247105869645,2022-07-22,2022-07-22,vertical_timeout,0,0.022481747058207713,0.04073133072860191,-0.03284243103631945,10,0.0240343108620757,0.0760031643166842
2022-07-08,QQQ,False,20,295.3500061035156,327.0956146057443,263.604397601287,2022-08-05,2022-08-05,vertical_timeout,0,0.08938545234778683,0.0983578371174545,-0.03284243103631945,20,0.0240343108620757,0.10748470575992568
2022-07-08,AVGO,False,5,49.86899948120117,52.781397188572,46.95660177383035,2022-07-15,2022-07-15,vertical_timeout,0,-0.008482230245120848,-0.008482230245120848,-0.03473096435905876,5,0.026117705664620804,0.058400965282423445
2022-07-08,AVGO,False,10,49.86899948120117,53.9877518179893,45.750247144413045,2022-07-22,2022-07-22,vertical_timeout,0,0.027732648229434664,0.038079811003851605,-0.03473096435905876,10,0.026117705664620804,0.08259143715808351
2022-07-08,AVGO,False,20,49.86899948120117,55.693794895942816,44.04420406645953,2022-08-05,2022-08-05,vertical_timeout,0,0.10577716779474167,0.10850426827062076,-0.03473096435905876,20,0.026117705664620804,0.11680193056484689
2022-07-08,AMD,False,5,79.3499984741211,87.00111386127607,71.69888308696612,2022-07-15,2022-07-15,vertical_timeout,0,0.022180241588844796,0.022180241588844796,-0.037681133223268826,5,0.04312139745019104,0.09642237598341327
2022-07-08,AMD,False,10,79.3499984741211,90.17030962191713,68.52968732632506,2022-07-22,2022-07-21,take_profit,1,0.14795208682453054,0.14795208682453054,-0.037681133223268826,9,0.04312139745019104,0.13636183183198086
2022-07-08,AMD,False,20,79.3499984741211,94.65222924843104,64.04776769981115,2022-08-05,2022-08-01,take_profit,1,0.21965974341965921,0.30951487914644615,-0.037681133223268826,16,0.04312139745019104,0.19284475196682654
2022-07-08,NFLX,False,5,18.697999954223636,21.188348898883508,16.20765100956376,2022-07-15,2022-07-15,vertical_timeout,0,0.011391557620789916,0.011391557620789916,-0.06701252874462549,5,0.059563477822091516,0.13318798538649776
2022-07-08,NFLX,False,10,18.697999954223636,22.219885206803156,15.176114701644117,2022-07-22,2022-07-21,take_profit,1,0.19734733891814393,0.19734733891814393,-0.06701252874462549,9,0.059563477822091516,0.18835625527873473
2022-07-08,NFLX,False,20,18.697999954223636,23.678697843543386,13.717302064903889,2022-08-05,2022-08-05,vertical_timeout,0,0.21285696609156823,0.22959670970629076,-0.06701252874462549,20,0.059563477822091516,0.2663759707729955
2022-07-08,COST,False,5,501.5400085449219,532.4673115432212,470.61270554662264,2022-07-15,2022-07-15,vertical_timeout,0,0.042688525934799326,0.042688525934799326,-0.021872634353796605,5,0.027577282245364893,0.06166467773533394
2022-07-08,COST,False,10,501.5400085449219,545.2778198927386,457.802197197105,2022-07-22,2022-07-22,vertical_timeout,0,0.05618686780334725,0.05618686780334725,-0.021872634353796605,10,0.027577282245364893,0.08720702357267548
2022-07-08,COST,False,20,501.5400085449219,563.3946145415204,439.6854025483234,2022-08-05,2022-08-05,vertical_timeout,0,0.0780196468847203,0.09066076573356852,-0.021872634353796605,20,0.027577282245364893,0.12332935547066788
2022-07-08,ADBE,False,5,389.4400024414063,413.54921450136175,365.33079038145087,2022-07-15,2022-07-15,vertical_timeout,0,-0.024599468544028613,-0.013557926114925345,-0.044936318535056086,5,0.027685824112600847,0.06190738472887829
2022-07-08,ADBE,False,10,389.4400024414063,423.5355771147243,355.34442776808834,2022-07-22,2022-07-22,vertical_timeout,0,0.03199463685539783,0.04999486724179669,-0.044936318535056086,10,0.027685824112600847,0.08755026309462871
2022-07-08,ADBE,False,20,389.4400024414063,437.6584265613171,341.22157832149543,2022-08-05,2022-08-05,vertical_timeout,0,0.11295704077290702,0.11295704077290702,-0.044936318535056086,20,0.027685824112600847,0.12381476945775657
2022-07-08,PEP,True,5,171.8800048828125,177.81835610303517,165.94165366258983,2022-07-15,2022-07-15,vertical_timeout,0,-0.0044217462417642794,-0.0044217462417642794,-0.01384689792413718,5,0.015450961863469831,0.03454940104447537
2022-07-08,PEP,True,10,171.8800048828125,180.27810171658624,163.48190804903876,2022-07-22,2022-07-22,vertical_timeout,0,-0.01320691300892518,-0.0044217462417642794,-0.02106126526145191,10,0.015450961863469831,0.048860231528964244
2022-07-08,PEP,True,20,171.8800048828125,183.75670732325784,160.00330244236716,2022-08-05,2022-08-05,vertical_timeout,0,0.015534082459246479,0.029497276712822984,-0.02106126526145191,20,0.015450961863469831,0.06909880208895074
2022-07-08,CSCO,False,5,43.38999938964844,45.84228429216423,40.937714487132645,2022-07-15,2022-07-15,vertical_timeout,0,-0.007374964261939176,-0.0032265358750347417,-0.024429536148982578,5,0.025275297623211998,0.056517283637040894
2022-07-08,CSCO,False,10,43.38999938964844,46.85805395758906,39.92194482170782,2022-07-22,2022-07-22,vertical_timeout,0,0.02466005323520437,0.027425730770813228,-0.024429536148982578,10,0.025275297623211998,0.07992750902799024
2022-07-08,CSCO,False,20,43.38999938964844,48.29456919468002,38.48542958461685,2022-08-05,2022-08-05,vertical_timeout,0,0.03733576756563051,0.05346853485731318,-0.024429536148982578,20,0.025275297623211998,0.11303456727408179
2022-07-08,INTC,False,5,37.9900016784668,40.027648980877174,35.95235437605642,2022-07-15,2022-07-15,vertical_timeout,0,0.016583238367558595,0.016583238367558595,-0.02079496921883861,5,0.023986931724413418,0.05363640990743466
2022-07-08,INTC,False,10,37.9900016784668,40.8716701288685,35.10833322806509,2022-07-22,2022-07-22,vertical_timeout,0,0.03185046146387771,0.06896548607866504,-0.02079496921883861,10,0.023986931724413418,0.07585333832809674
2022-07-08,INTC,False,20,37.9900016784668,42.06529628328755,33.91470707364604,2022-08-05,2022-08-05,vertical_timeout,0,-0.0684391201354454,0.06896548607866504,-0.0684391201354454,20,0.023986931724413418,0.10727281981486932
2022-07-08,AMAT,False,5,91.19000244140624,98.04871751184349,84.33128737096898,2022-07-15,2022-07-15,vertical_timeout,0,0.035968841884881364,0.035968841884881364,-0.028182910692162166,5,0.03363647927447838,0.07521345418149647
2022-07-08,AMAT,False,10,91.19000244140624,100.88969031447135,81.49031456834113,2022-07-22,2022-07-20,take_profit,1,0.12106591314789217,0.13872128037953058,-0.028182910692162166,8,0.03363647927447838,0.10636788697639969
2022-07-08,AMAT,False,20,91.19000244140624,104.90743258228076,77.47257230053171,2022-08-05,2022-07-28,take_profit,1,0.15319663172154763,0.2178966398203015,-0.028182910692162166,14,0.03363647927447838,0.15042690836299294
2022-07-08,QCOM,False,5,136.00999450683594,145.74622783317895,126.27376118049294,2022-07-15,2022-07-15,vertical_timeout,0,0.06146607564145867,0.06146607564145867,-0.027718470450216803,5,0.03201364670507007,0.07158469024019884
2022-07-08,QCOM,False,10,136.00999450683594,149.77910772337913,122.24088129029275,2022-07-22,2022-07-20,take_profit,1,0.11543278318596029,0.14594520186174953,-0.027718470450216803,8,0.03201364670507007,0.10123603979596614
2022-07-08,QCOM,False,20,136.00999450683594,155.48246115952193,116.53752785414994,2022-08-05,2022-07-21,take_profit,1,0.14594520186174953,0.14594520186174953,-0.027718470450216803,9,0.03201364670507007,0.14316938048039768
2022-07-08,TXN,False,5,155.52999877929688,162.3063885878942,148.7536089706996,2022-07-15,2022-07-15,vertical_timeout,0,0.03221239983384372,0.03221239983384372,-0.012666374565453609,5,0.01948494614927925,0.043569664127711176
2022-07-08,TXN,False,10,155.52999877929688,165.113261150542,145.94673640805175,2022-07-22,2022-07-20,take_profit,1,0.06301037181685065,0.07079016648395631,-0.012666374565453609,8,0.01948494614927925,0.061616809917449666
2022-07-08,TXN,False,20,155.52999877929688,169.08277839649145,141.97721916210227,2022-08-05,2022-07-27,take_profit,1,0.10293830535905002,0.18890249542471782,-0.012666374565453609,13,0.01948494614927925,0.08713932825542235
2022-07-08,CCJ,True,5,22.270000457763672,24.276186505136614,20.26381441039073,2022-07-15,2022-07-15,vertical_timeout,0,0.005388366835122005,0.005388366835122005,-0.04131118353763741,5,0.040287097307837104,0.09008468819647254
2022-07-08,CCJ,True,10,22.270000457763672,25.107175974602157,19.432824940925187,2022-07-22,2022-07-22,vertical_timeout,0,0.011674909004826484,0.07094745807044833,-0.04131118353763741,10,0.040287097307837104,0.12739898780960293
2022-07-08,CCJ,True,20,22.270000457763672,26.282372552509553,18.25762836301779,2022-08-05,2022-08-05,vertical_timeout,0,0.15716209825132021,0.15716209825132021,-0.04131118353763741,20,0.040287097307837104,0.18016937639294509
2022-07-08,YPF,False,5,3.1700000762939453,3.397753222802666,2.9422469297852247,2022-07-15,2022-07-14,stop_loss,-1,-0.07570978036610265,-0.03785492778850452,-0.07570978036610265,4,0.03213069434864864,0.07184641672784668
2022-07-08,YPF,False,10,3.1700000762939453,3.492091664959725,2.847908487628166,2022-07-22,2022-07-22,vertical_timeout,0,-0.08201892246236897,-0.03470035674037131,-0.08201892246236897,10,0.03213069434864864,0.10160617694443
2022-07-08,YPF,False,20,3.1700000762939453,3.625506369311386,2.714493783276504,2022-08-05,2022-07-29,take_profit,1,0.17034698702100437,0.182965271213537,-0.08201892246236897,15,0.03213069434864864,0.14369283345569336
2022-07-08,VIST,False,5,6.900000095367432,7.509615825718801,6.290384365016062,2022-07-15,2022-07-14,stop_loss,-1,-0.10289855483098576,-0.04927538375197449,-0.10724641126485612,4,0.03951136795299582,0.08835010462690537
2022-07-08,VIST,False,10,6.900000095367432,7.762126929066318,6.037873261668545,2022-07-22,2022-07-22,vertical_timeout,0,-0.11739129443249774,-0.04927538375197449,-0.11739129443249774,10,0.03951136795299582,0.12494591620045152
2022-07-08,VIST,False,20,6.900000095367432,8.11923155607017,5.680768634664692,2022-08-05,2022-07-27,take_profit,1,0.19130437006045953,0.2724637118289268,-0.11739129443249774,13,0.03951136795299582,0.17670020925381075
2022-07-15,AAPL,True,5,150.1699981689453,158.89264505326366,141.44735128462696,2022-07-22,2022-07-22,vertical_timeout,0,0.026103737209447253,0.034494293119339714,-0.020643210245224752,5,0.025976468821847575,0.058085150101055055
2022-07-15,AAPL,True,10,150.1699981689453,162.50568369253975,137.83431264535088,2022-07-29,2022-07-29,take_profit,1,0.08217351327398825,0.08217351327398825,-0.020643210245224752,10,0.025976468821847575,0.08214480704538901
2022-07-15,AAPL,True,20,150.1699981689453,167.61529193758201,132.7247044003086,2022-08-12,2022-08-10,take_profit,1,0.12698946232099217,0.14603454885774503,-0.020643210245224752,18,0.025976468821847575,0.11617030020211011
2022-07-15,MSFT,False,5,256.7200012207031,270.2916078219146,243.14839461949163,2022-07-22,2022-07-22,vertical_timeout,0,0.014178810040321288,0.03162977204182349,-0.009621382085378105,5,0.023642127438371546,0.05286540408491175
2022-07-15,MSFT,False,10,256.7200012207031,275.9131513393287,237.5268511020776,2022-07-29,2022-07-28,take_profit,1,0.07669835754043453,0.0935649302721131,-0.018775347854859903,9,0.023642127438371546,0.07476297143721622
2022-07-15,MSFT,False,20,256.7200012207031,283.8632144231261,229.5767880182801,2022-08-12,2022-08-10,take_profit,1,0.12636336197863085,0.13707542175941834,-0.018775347854859903,18,0.023642127438371546,0.1057308081698235
2022-07-15,NVDA,False,5,15.76200008392334,17.293485512155396,14.230514655691284,2022-07-22,2022-07-20,take_profit,1,0.129742362119732,0.14515918924977567,0.021507406828131348,3,0.043452677399362795,0.09716314046934399
2022-07-15,NVDA,False,10,15.76200008392334,17.92784754710588,13.5961526207408,2022-07-29,2022-07-21,take_profit,1,0.14515918924977567,0.15232838536380378,0.021507406828131348,4,0.043452677399362795,0.1374094310145084
2022-07-15,NVDA,False,20,15.76200008392334,18.824970940387452,12.69902922745923,2022-08-12,2022-08-03,take_profit,1,0.19864227562833325,0.21907118704982653,0.021507406828131348,13,0.043452677399362795,0.19432628093868798
2022-07-15,AMZN,False,5,113.5500030517578,122.96820141045801,104.13180469305759,2022-07-22,2022-07-21,take_profit,1,0.0975781057144467,0.0975781057144467,0.0018493974357443044,4,0.03709331781529102,0.08294318014599472
2022-07-15,AMZN,False,10,113.5500030517578,126.86934690375163,100.23065919976396,2022-07-29,2022-07-29,take_profit,1,0.18846317323945772,0.18846317323945772,0.0018493974357443044,10,0.03709331781529102,0.11729937026882056
2022-07-15,AMZN,False,20,113.5500030517578,132.3863997691582,94.71360633435741,2022-08-12,2022-07-29,take_profit,1,0.18846317323945772,0.26420078550174564,0.0018493974357443044,10,0.03709331781529102,0.16588636029198944
2022-07-15,GOOGL,True,5,111.77749633789062,118.473914398479,105.08107827730224,2022-07-22,2022-07-22,vertical_timeout,0,-0.03468940474646609,0.022925008019985205,-0.03468940474646609,5,0.026791879367147928,0.05990846350991681
2022-07-15,GOOGL,True,10,111.77749633789062,121.24766157849486,102.3073310972864,2022-07-29,2022-07-29,vertical_timeout,0,0.04063880034673639,0.04063880034673639,-0.06045492085810433,10,0.026791879367147928,0.08472336159665804
2022-07-15,GOOGL,True,20,111.77749633789062,125.1703324590674,98.38466021671387,2022-08-12,2022-08-12,vertical_timeout,0,0.08859121282651583,0.08859121282651583,-0.06045492085810433,20,0.026791879367147928,0.11981692701983362
2022-07-15,META,False,5,164.6999969482422,180.29157730164135,149.10841659484302,2022-07-22,2022-07-20,take_profit,1,0.11165755756162876,0.11214330032141673,0.015361255775201643,3,0.042336167811596125,0.09466654913356745
2022-07-15,META,False,10,164.6999969482422,186.7498213428492,142.65017255363517,2022-07-29,2022-07-29,vertical_timeout,0,-0.03400115937152315,0.11214330032141673,-0.03400115937152315,10,0.042336167811596125,0.13387871768775006
2022-07-15,META,False,20,164.6999969482422,195.88315765504055,133.51683624144383,2022-08-12,2022-08-12,vertical_timeout,0,0.09593201787807581,0.11214330032141673,-0.03400115937152315,20,0.042336167811596125,0.1893330982671349
2022-07-15,TSLA,False,5,240.0666656494141,265.45879465542305,214.67453664340516,2022-07-22,2022-07-21,take_profit,1,0.13179672114851004,0.13403227570771725,0.001999426810217919,4,0.04730229946526417,0.10577115709638264
2022-07-15,TSLA,False,10,240.0666656494141,275.9765588672392,204.156772431589,2022-07-29,2022-07-28,take_profit,1,0.17009162074463946,0.23778115171738579,0.001999426810217919,9,0.04730229946526417,0.14958300487359957
2022-07-15,TSLA,False,20,240.0666656494141,290.850923661432,189.2824076373962,2022-08-12,2022-07-29,take_profit,1,0.23778115171738579,0.2856151038876287,0.001999426810217919,10,0.04730229946526417,0.21154231419276529
2022-07-15,SPY,False,5,385.1300048828125,400.95979445764243,369.30021530798257,2022-07-22,2022-07-22,vertical_timeout,0,0.02586137493522167,0.03546855214842548,-0.008256933075751594,5,0.018381577706264526,0.041102457284902146
2022-07-15,SPY,False,10,385.1300048828125,407.5167079890492,362.7433017765758,2022-07-29,2022-07-29,take_profit,1,0.06974264536915387,0.06974264536915387,-0.008256933075751594,10,0.018381577706264526,0.05812765253916943
2022-07-15,SPY,False,20,385.1300048828125,416.7895840324724,353.4704257331526,2022-08-12,2022-08-10,take_profit,1,0.09051485189311514,0.1089761916459191,-0.008256933075751594,18,0.018381577706264526,0.08220491456980429
2022-07-15,QQQ,True,5,291.8699951171875,307.36031317516716,276.3796770592078,2022-07-22,2022-07-21,take_profit,1,0.053140130966177646,0.053140130966177646,-0.008462676061345098,4,0.023734816699351385,0.05307266357324689
2022-07-15,QQQ,True,10,291.8699951171875,313.7766130002553,269.9633772341197,2022-07-29,2022-07-29,take_profit,1,0.08082364317174529,0.08082364317174529,-0.008462676061345098,10,0.023734816699351385,0.07505608061655028
2022-07-15,QQQ,True,20,291.8699951171875,322.85063123314694,260.88935900122806,2022-08-12,2022-08-03,take_profit,1,0.10628026193235551,0.1319766340345605,-0.008462676061345098,13,0.023734816699351385,0.10614532714649377
2022-07-15,AVGO,False,5,49.44599914550781,52.30814707230059,46.58385121871503,2022-07-22,2022-07-22,vertical_timeout,0,0.03652468929881958,0.04696036991902153,-0.006876191369646567,5,0.025886653871166388,0.05788431776593613
2022-07-15,AVGO,False,10,49.44599914550781,53.4936875610962,45.39831072991942,2022-07-29,2022-07-29,take_profit,1,0.08295921330488909,0.08295921330488909,-0.006876191369646567,10,0.025886653871166388,0.08186078723330077
2022-07-15,AVGO,False,20,49.44599914550781,55.17029499909338,43.72170329192225,2022-08-12,2022-08-04,take_profit,1,0.11798729390867368,0.1289690334155944,-0.006876191369646567,14,0.025886653871166388,0.11576863553187226
2022-07-15,AMD,False,5,81.11000061035156,88.8376613873397,73.38233983336343,2022-07-22,2022-07-20,take_profit,1,0.10257674309229858,0.12304272780717218,0.003945255731922392,3,0.04260775409783199,0.09527383453134756
2022-07-15,AMD,False,10,81.11000061035156,92.0385632865868,70.18143793411633,2022-07-29,2022-07-29,take_profit,1,0.16471459141681355,0.16471459141681355,0.003945255731922392,10,0.04260775409783199,0.13473754893352183
2022-07-15,AMD,False,20,81.11000061035156,96.56532216432782,65.65467905637529,2022-08-12,2022-08-01,take_profit,1,0.19319440329218107,0.2810997766019989,0.003945255731922392,11,0.04260775409783199,0.19054766906269513
2022-07-15,NFLX,False,5,18.910999298095703,20.612401484120966,17.20959711207044,2022-07-22,2022-07-20,take_profit,1,0.1445190578538571,0.18386131453855392,0.0095711365119453,3,0.04023532426868983,0.08996892016153747
2022-07-15,NFLX,False,10,18.910999298095703,21.317145344623864,16.504853251567543,2022-07-29,2022-07-20,take_profit,1,0.1445190578538571,0.1990376013256936,0.0095711365119453,3,0.04023532426868983,0.1272352670845085
2022-07-15,NFLX,False,20,18.910999298095703,22.31380367014623,15.508194926045176,2022-08-12,2022-07-21,take_profit,1,0.18386131453855392,0.3182804309916176,0.0095711365119453,4,0.04023532426868983,0.17993784032307494
2022-07-15,COST,True,5,522.9500122070312,555.6510355471685,490.2489888668941,2022-07-22,2022-07-22,vertical_timeout,0,0.012945708649134913,0.012945708649134913,-0.012716367260413808,5,0.027965086304809473,0.0625318339742024
2022-07-15,COST,True,10,522.9500122070312,569.1962429181324,476.7037814959301,2022-07-29,2022-07-29,vertical_timeout,0,0.03508934918749529,0.03508934918749529,-0.021072797158454337,10,0.027965086304809473,0.08843336768637969
2022-07-15,COST,True,20,522.9500122070312,588.3520588873056,457.5479655267569,2022-08-12,2022-08-12,vertical_timeout,0,0.027268399335995452,0.04600821684094081,-0.021072797158454337,20,0.027965086304809473,0.1250636679484048
2022-07-15,ADBE,False,5,379.8599853515625,403.1304798521884,356.5894908509366,2022-07-22,2022-07-21,take_profit,1,0.07647559477385046,0.07647559477385046,-0.012188634085660066,4,0.027396624851273227,0.061260715521507005
2022-07-15,ADBE,False,10,379.8599853515625,412.7694342774762,346.9505364256488,2022-07-29,2022-07-29,vertical_timeout,0,0.07966095649063742,0.07966095649063742,-0.012188634085660066,10,0.027396624851273227,0.08663573473119518
2022-07-15,ADBE,False,20,379.8599853515625,426.4009743528143,333.3189963503107,2022-08-12,2022-08-04,take_profit,1,0.13354923640977145,0.17324811934393236,-0.012188634085660066,14,0.027396624851273227,0.12252143104301401
2022-07-15,PEP,False,5,171.1199951171875,176.9425409777626,165.29744925661237,2022-07-22,2022-07-22,vertical_timeout,0,-0.00882418507435001,-0.00619446931299783,-0.016713421528518402,5,0.015216933985347321,0.0340260988003634
2022-07-15,PEP,False,10,171.1199951171875,179.35431844075217,162.88567179362283,2022-07-29,2022-07-29,vertical_timeout,0,0.022440461116481236,0.022440461116481236,-0.016713421528518402,10,0.015216933985347321,0.048120170398120825
2022-07-15,PEP,False,20,171.1199951171875,182.76508683833777,159.47490339603726,2022-08-12,2022-08-12,vertical_timeout,0,0.036290362851018054,0.036290362851018054,-0.016713421528518402,20,0.015216933985347321,0.0680521976007268
2022-07-15,CSCO,False,5,43.06999969482422,45.47731372730567,40.66268566234277,2022-07-22,2022-07-22,vertical_timeout,0,0.03227302993957237,0.03505925579126323,-0.010912496494853818,5,0.024996135862357695,0.055893058963052134
2022-07-15,CSCO,False,10,43.06999969482422,46.474455848450546,39.66554354119789,2022-07-29,2022-07-29,vertical_timeout,0,0.05340142218150379,0.05920592651796519,-0.010912496494853818,10,0.024996135862357695,0.07904472202806741
2022-07-15,CSCO,False,20,43.06999969482422,47.884627759787115,38.25537162986132,2022-08-12,2022-08-12,vertical_timeout,0,0.08219180266102377,0.08219180266102377,-0.010912496494853818,20,0.024996135862357695,0.11178611792610427
2022-07-15,INTC,False,5,38.619998931884766,40.65743866215217,36.582559201617364,2022-07-22,2022-07-22,vertical_timeout,0,0.015018173151108982,0.05152775073807292,0.002330402772579676,5,0.023593235955143548,0.05275607940489316
2022-07-15,INTC,False,10,38.619998931884766,41.501373830946704,35.73862403282283,2022-07-29,2022-07-29,vertical_timeout,0,-0.05981350653758333,0.05152775073807292,-0.05981350653758333,10,0.023593235955143548,0.07460836299203183
2022-07-15,INTC,False,20,38.619998931884766,42.69487839241957,34.54511947134996,2022-08-12,2022-08-09,stop_loss,-1,-0.10616257347268143,0.05152775073807292,-0.10616257347268143,17,0.023593235955143548,0.10551215880978632
2022-07-15,AMAT,False,5,94.47000122070312,101.61557798387337,87.32442445753288,2022-07-22,2022-07-20,take_profit,1,0.08214250064527207,0.09918487346366267,-0.014078562653423776,3,0.03382660140664839,0.07563858019305582
2022-07-15,AMAT,False,10,94.47000122070312,104.57537279015651,84.36462965124974,2022-07-29,2022-07-28,take_profit,1,0.11315764055546063,0.12183764144705078,-0.014078562653423776,9,0.03382660140664839,0.1069691059476645
2022-07-15,AMAT,False,20,94.47000122070312,108.76115474704359,80.17884769436266,2022-08-12,2022-08-03,take_profit,1,0.15391130229329253,0.17561126414228223,-0.014078562653423776,13,0.03382660140664839,0.15127716038611164
2022-07-15,QCOM,False,5,144.3699951171875,154.82593274963003,133.91405748474494,2022-07-22,2022-07-21,take_profit,1,0.07958721259107504,0.07958721259107504,-0.018563363347112838,4,0.03238926107278963,0.07242458949974538
2022-07-15,QCOM,False,10,144.3699951171875,159.15692392431498,129.58306631006002,2022-07-29,2022-07-29,vertical_timeout,0,0.00477940337149807,0.07958721259107504,-0.018563363347112838,10,0.03238926107278963,0.10242383671984397
2022-07-15,QCOM,False,20,144.3699951171875,165.2818703820726,123.4581198523024,2022-08-12,2022-08-12,vertical_timeout,0,0.047932384865208455,0.07958721259107504,-0.018563363347112838,20,0.03238926107278963,0.14484917899949076
2022-07-15,TXN,False,5,160.5399932861328,167.5826145311346,153.49737204113103,2022-07-22,2022-07-22,vertical_timeout,0,0.020929368075673027,0.03737386477465532,-0.005419179977396049,5,0.019618513145868547,0.04386832901163532
2022-07-15,TXN,False,10,160.5399932861328,170.49976376547124,150.58022280679438,2022-07-29,2022-07-27,take_profit,1,0.06851875208686797,0.11430177445448209,-0.005419179977396049,8,0.019618513145868547,0.06203918584689978
2022-07-15,TXN,False,20,160.5399932861328,174.6252357761364,146.45475079612922,2022-08-12,2022-07-28,take_profit,1,0.09474278902427868,0.1547278724025294,-0.005419179977396049,9,0.019618513145868547,0.08773665802327064
2022-07-15,CCJ,False,5,22.38999938964844,24.392912657297472,20.38708612199941,2022-07-22,2022-07-22,vertical_timeout,0,0.006252849522711212,0.06520772807596797,0.006252849522711212,5,0.04000580921471641,0.08945570889899337
2022-07-15,CCJ,False,10,22.38999938964844,25.22254649701471,19.55745228228217,2022-07-29,2022-07-28,take_profit,1,0.1406878790418924,0.1509603019318484,0.006252849522711212,9,0.04000580921471641,0.126509476756656
2022-07-15,CCJ,False,20,22.38999938964844,26.3958259249465,18.384172854350382,2022-08-12,2022-08-12,vertical_timeout,0,0.1371147734931859,0.15631978987985806,0.006252849522711212,20,0.04000580921471641,0.17891141779798675
2022-07-15,YPF,False,5,2.970000028610229,3.184728389857893,2.7552716673625652,2022-07-22,2022-07-22,vertical_timeout,0,-0.02020200074126488,0.030303001111897654,-0.02020200074126488,5,0.032333145307852806,0.07229911083473724
2022-07-15,YPF,False,10,2.970000028610229,3.273671789312824,2.6663282679076334,2022-07-29,2022-07-27,take_profit,1,0.1279460849702938,0.24915824996911407,-0.02020200074126488,8,0.032333145307852806,0.10224638309000099
2022-07-15,YPF,False,20,2.970000028610229,3.3994567511055567,2.540543306114902,2022-08-12,2022-07-28,take_profit,1,0.17171716685198302,0.48484841916843635,-0.02020200074126488,9,0.032333145307852806,0.14459822166947447
2022-07-15,VIST,False,5,6.159999847412109,6.7064252583038755,5.613574436520342,2022-07-22,2022-07-22,vertical_timeout,0,-0.011363587103598194,0.008116914281397047,-0.011363587103598194,5,0.03967027252120973,0.08870542604336693
2022-07-15,VIST,False,10,6.159999847412109,6.932762074320536,5.387237620503682,2022-07-29,2022-07-26,take_profit,1,0.13149350046166508,0.4253246672822202,-0.011363587103598194,7,0.03967027252120973,0.12544841656661307
2022-07-15,VIST,False,20,6.159999847412109,7.2528506691956425,5.067149025628576,2022-08-12,2022-07-27,take_profit,1,0.33441566081890906,0.4821429124347367,-0.011363587103598194,8,0.03967027252120973,0.17741085208673385
2022-07-22,AAPL,False,5,154.08999633789062,162.98393587271156,145.1960568030697,2022-07-29,2022-07-29,vertical_timeout,0,0.054643379642127066,0.054643379642127066,-0.016159324378948736,5,0.02581277676718609,0.057719123539455366
2022-07-22,AAPL,False,10,154.08999633789062,166.66792625096065,141.5120664248206,2022-08-05,2022-08-05,vertical_timeout,0,0.07307424254157224,0.07813621150668593,-0.016159324378948736,10,0.02581277676718609,0.08162716731778594
2022-07-22,AAPL,False,20,154.08999633789062,171.8778754075325,136.30211726824876,2022-08-19,2022-08-12,take_profit,1,0.11687981175710083,0.13277959114881277,-0.016159324378948736,15,0.02581277676718609,0.11543824707891073
2022-07-22,MSFT,True,5,260.3599853515625,273.2044230701196,247.51554763300538,2022-07-29,2022-07-28,take_profit,1,0.06164548783821222,0.07827625606635946,-0.03249343958771023,4,0.02206255760283149,0.04933337855743602
2022-07-22,MSFT,True,10,260.3599853515625,278.5247633742025,242.19520732892246,2022-08-05,2022-07-29,take_profit,1,0.07827625606635946,0.08945310283941499,-0.03249343958771023,5,0.02206255760283149,0.06976793303361206
2022-07-22,MSFT,True,20,260.3599853515625,286.04886078867673,234.67110991444824,2022-08-19,2022-08-10,take_profit,1,0.1106161466081601,0.1271701403133525,-0.03249343958771023,13,0.02206255760283149,0.09866675711487204
2022-07-22,NVDA,False,5,17.319000244140625,19.002315720342963,15.635684767938285,2022-07-29,2022-07-29,vertical_timeout,0,0.04873259719229117,0.04873259719229117,-0.0453836414929103,5,0.04346680269421789,0.0971947255888422
2022-07-22,NVDA,False,10,17.319000244140625,19.699567820338498,14.938432667942752,2022-08-05,2022-08-05,vertical_timeout,0,0.09642589368626764,0.1094751360771371,-0.0453836414929103,10,0.04346680269421789,0.13745409911887196
2022-07-22,NVDA,False,20,17.319000244140625,20.685631196545305,13.952369291735945,2022-08-19,2022-08-19,vertical_timeout,0,0.03060226798165311,0.1094751360771371,-0.0453836414929103,20,0.04346680269421789,0.1943894511776844
2022-07-22,AMZN,False,5,122.41999816894533,132.58897480414228,112.25102153374834,2022-07-29,2022-07-29,take_profit,1,0.10235254833123641,0.10235254833123641,-0.06216305116954357,5,0.03714837993466932,0.0830663027879098
2022-07-22,AMZN,False,10,122.41999816894533,136.801102841896,108.03889349599464,2022-08-05,2022-08-03,take_profit,1,0.13968311027024205,0.16459736527250612,-0.06216305116954357,8,0.03714837993466932,0.11747349197885208
2022-07-22,AMZN,False,20,122.41999816894533,142.75795143933928,102.08204489855137,2022-08-19,2022-08-12,take_profit,1,0.17260255839615435,0.18264990152584137,-0.06216305116954357,15,0.03714837993466932,0.1661326055758196
2022-07-22,GOOGL,False,5,107.9000015258789,114.37132594036825,101.42867711138956,2022-07-29,2022-07-29,take_profit,1,0.0780351997207882,0.0780351997207882,-0.0266914257839167,5,0.026821725839886353,0.059975202251848526
2022-07-22,GOOGL,False,10,107.9000015258789,117.05183627936587,98.74816677239193,2022-08-05,2022-08-03,take_profit,1,0.09434661873229166,0.09536608683976122,-0.0266914257839167,8,0.026821725839886353,0.08481774443063358
2022-07-22,GOOGL,False,20,107.9000015258789,120.8426503548576,94.9573526969002,2022-08-19,2022-08-12,take_profit,1,0.1277108302541763,0.13141798058061038,-0.0266914257839167,15,0.026821725839886353,0.11995040450369705
2022-07-22,META,False,5,169.27000427246094,185.60420951109475,152.93579903382712,2022-07-29,2022-07-29,vertical_timeout,0,-0.06008151422135877,0.0018313791621034081,-0.06008151422135877,5,0.04315518680229709,0.09649793127163807
2022-07-22,META,False,10,169.27000427246094,192.37005885152257,146.16994969339933,2022-08-05,2022-08-05,vertical_timeout,0,-0.012760699519051122,0.0076800556445033585,-0.06008151422135877,10,0.04315518680229709,0.13646868314529736
2022-07-22,META,False,20,169.27000427246094,201.93841474972857,136.6015937951933,2022-08-19,2022-08-19,vertical_timeout,0,-0.007739100404848709,0.06864769199440479,-0.06008151422135877,20,0.04315518680229709,0.19299586254327614
2022-07-22,TSLA,True,5,272.24334716796875,300.4831768400046,244.0035174959329,2022-07-29,2022-07-29,vertical_timeout,0,0.09148670477206822,0.09148670477206822,-0.049159555065817595,5,0.046389511058081326,0.10373010016884804
2022-07-22,TSLA,True,10,272.24334716796875,312.18049728926803,232.30619704666947,2022-08-05,2022-08-05,vertical_timeout,0,0.058501581123814095,0.13366711991095048,-0.049159555065817595,10,0.046389511058081326,0.1466965144851046
2022-07-22,TSLA,True,20,272.24334716796875,328.72300651204046,215.76368782389702,2022-08-19,2022-08-19,vertical_timeout,0,0.08971131739393123,0.1361894075353638,-0.049159555065817595,20,0.046389511058081326,0.20746020033769608
2022-07-22,SPY,False,5,395.0899963378906,411.09587022065125,379.08412245513,2022-07-29,2022-07-29,take_profit,1,0.042775048857554676,0.042775048857554676,-0.010630443008891599,5,0.018117503542424574,0.04051196950345459
2022-07-22,SPY,False,10,395.0899963378906,417.72572026052404,372.45427241525726,2022-08-05,2022-08-05,vertical_timeout,0,0.04652105862759792,0.049001533950719045,-0.010630443008891599,10,0.018117503542424574,0.05729257671023071
2022-07-22,SPY,False,20,395.0899963378906,427.1017441034119,363.0782485723694,2022-08-19,2022-08-15,take_profit,1,0.08547416873797764,0.0876003345818488,-0.010630443008891599,16,0.018117503542424574,0.08102393900690918
2022-07-22,QQQ,False,5,301.989990234375,317.8671993746518,286.1127810940982,2022-07-29,2022-07-29,vertical_timeout,0,0.044604131449022644,0.044604131449022644,-0.025232608243980548,5,0.02351238125680023,0.052575282803097256
2022-07-22,QQQ,False,10,301.989990234375,324.4437547331886,279.5362257355614,2022-08-05,2022-08-05,vertical_timeout,0,0.06543266467305497,0.0742077697499739,-0.025232608243980548,10,0.02351238125680023,0.07435267798574109
2022-07-22,QQQ,False,20,301.989990234375,333.74440851492864,270.2355719538213,2022-08-19,2022-08-19,vertical_timeout,0,0.06910823468350813,0.10288422904383432,-0.025232608243980548,20,0.02351238125680023,0.10515056560619451
2022-07-22,AVGO,False,5,51.25199890136719,54.205218817362244,48.29877898537214,2022-07-29,2022-07-29,vertical_timeout,0,0.04479828072159209,0.04479828072159209,-0.00279009101624339,5,0.02576914316017048,0.05762155582806495
2022-07-22,AVGO,False,10,51.25199890136719,55.42848255923772,47.07551524349665,2022-08-05,2022-08-05,vertical_timeout,0,0.07593854267426559,0.0785920542471219,-0.00279009101624339,10,0.02576914316017048,0.0814891857370879
2022-07-22,AVGO,False,20,51.25199890136719,57.15843873335729,45.34555906937708,2022-08-19,2022-08-19,vertical_timeout,0,0.0700655521784086,0.09061111969539581,-0.00279009101624339,20,0.02576914316017048,0.1152431116561299
2022-07-22,AMD,False,5,88.0999984741211,96.46399297601404,79.73600397222816,2022-07-29,2022-07-29,vertical_timeout,0,0.07230423220101634,0.07230423220101634,-0.03234958596461568,5,0.042457345274894295,0.09493751017884314
2022-07-22,AMD,False,10,88.0999984741211,99.9284729343121,76.2715240139301,2022-08-05,2022-08-04,take_profit,1,0.1794552265813305,0.1794552265813305,-0.03234958596461568,9,0.042457345274894295,0.13426191447285374
2022-07-22,AMD,False,20,88.0999984741211,104.82798747790696,71.37200947033523,2022-08-19,2022-08-19,vertical_timeout,0,0.08910327593736556,0.1794552265813305,-0.03234958596461568,20,0.042457345274894295,0.18987502035768627
2022-07-22,NFLX,False,5,22.04400062561035,24.049210344679857,20.03879090654085,2022-07-29,2022-07-29,vertical_timeout,0,0.02023222341001296,0.028624505241444664,-0.029622566657480642,5,0.04068032220769834,0.09096396580300782
2022-07-22,NFLX,False,10,22.04400062561035,24.879795405720785,19.20820584549992,2022-08-05,2022-08-05,vertical_timeout,0,0.028760608458386683,0.04295947057319527,-0.029622566657480642,10,0.04068032220769834,0.12864247412585608
2022-07-22,NFLX,False,20,22.04400062561035,26.054420063749358,18.033581187471345,2022-08-19,2022-08-19,vertical_timeout,0,0.09399376417110927,0.13091995997371386,-0.029622566657480642,20,0.04068032220769834,0.18192793160601564
2022-07-22,COST,False,5,529.719970703125,562.255227896592,497.18471350965785,2022-07-29,2022-07-29,vertical_timeout,0,0.021860639074024357,0.021860639074024357,-0.03358374048788493,5,0.027467737964821385,0.06141972927749235
2022-07-22,COST,False,10,529.719970703125,575.731772681423,483.708168724827,2022-08-05,2022-08-05,vertical_timeout,0,0.020671322231813782,0.032639960769366594,-0.03358374048788493,10,0.027467737964821385,0.08686061414151354
2022-07-22,COST,False,20,529.719970703125,594.7904850900593,464.64945631619076,2022-08-19,2022-08-19,vertical_timeout,0,0.04683617753889524,0.05897465264159241,-0.03358374048788493,20,0.027467737964821385,0.1228394585549847
2022-07-22,ADBE,False,5,401.8999938964844,426.7386060468775,377.06138174609123,2022-07-29,2022-07-29,vertical_timeout,0,0.02045285231534577,0.02045285231534577,-0.05633238237045268,5,0.027639127185125904,0.061802967224703936
2022-07-22,ADBE,False,10,401.8999938964844,437.02709607009547,366.7728917228733,2022-08-05,2022-08-05,vertical_timeout,0,0.07845234948527491,0.07845234948527491,-0.05633238237045268,10,0.027639127185125904,0.08740259444407619
2022-07-22,ADBE,False,20,401.8999938964844,451.5772181972706,352.22276959569814,2022-08-19,2022-08-19,vertical_timeout,0,0.05762628517997581,0.12221944728329381,-0.05633238237045268,20,0.027639127185125904,0.12360593444940787
2022-07-22,PEP,False,5,169.61000061035156,175.4080863659751,163.81191485472806,2022-07-29,2022-07-29,vertical_timeout,0,0.03154298734899652,0.03154298734899652,0.0014150432893129672,5,0.015287912083358767,0.03418481065243063
2022-07-22,PEP,False,10,169.61000061035156,177.80973212175658,161.41026909894654,2022-08-05,2022-08-05,vertical_timeout,0,0.02912565546624224,0.043275728503491706,0.0014150432893129672,10,0.015287912083358767,0.04834462285182366
2022-07-22,PEP,False,20,169.61000061035156,181.20617212159857,158.01382909910456,2022-08-19,2022-08-19,vertical_timeout,0,0.06226046530624951,0.0636164922310265,0.0014150432893129672,20,0.015287912083358767,0.06836962130486127
2022-07-22,CSCO,False,5,44.459999084472656,46.93105247589182,41.988945693053495,2022-07-29,2022-07-29,vertical_timeout,0,0.020467833246760492,0.02609086530137228,-0.014169979001146471,5,0.024855796099979486,0.05557924971442829
2022-07-22,CSCO,False,10,44.459999084472656,47.954596303965666,40.96540186497965,2022-08-05,2022-08-05,vertical_timeout,0,0.012370653360013861,0.028115160273058937,-0.014169979001146471,10,0.024855796099979486,0.07860092873266546
2022-07-22,CSCO,False,20,44.459999084472656,49.40210586731097,39.51789230163434,2022-08-19,2022-08-19,vertical_timeout,0,0.09536666139850625,0.11043634612054887,-0.014169979001146471,20,0.024855796099979486,0.11115849942885658
2022-07-22,INTC,False,5,39.20000076293945,41.31327928115671,37.086722244722196,2022-07-29,2022-07-29,stop_loss,-1,-0.07372447279084515,0.02499998783578694,-0.07372447279084515,5,0.024109358827315828,0.05391016523181281
2022-07-22,INTC,False,10,39.20000076293945,42.18862790447401,36.211373621404896,2022-08-05,2022-08-02,stop_loss,-1,-0.08137761171734847,0.02499998783578694,-0.09719391069229455,7,0.024109358827315828,0.07624048682060416
2022-07-22,INTC,False,20,39.20000076293945,43.42655779937396,34.97344372650495,2022-08-19,2022-08-09,stop_loss,-1,-0.11938776056352418,0.02499998783578694,-0.11938776056352418,12,0.024109358827315828,0.10782033046362562
2022-07-22,AMAT,False,5,101.66999816894533,109.50727195589202,93.83272438199862,2022-07-29,2022-07-29,vertical_timeout,0,0.04239210451077535,0.04239210451077535,-0.02714659738903169,5,0.03447364465723552,0.07708541288575106
2022-07-22,AMAT,False,10,101.66999816894533,112.75357705047651,90.58641928741415,2022-08-05,2022-08-05,vertical_timeout,0,0.07819420400132349,0.09235762327884611,-0.02714659738903169,10,0.03447364465723552,0.1090152363641589
2022-07-22,AMAT,False,20,101.66999816894533,117.34454574283875,85.99545059505192,2022-08-19,2022-08-19,vertical_timeout,0,0.029113791066996964,0.09235762327884611,-0.02714659738903169,20,0.03447364465723552,0.15417082577150212
2022-07-22,QCOM,True,5,153.6999969482422,164.8723602058341,142.52763369065028,2022-07-29,2022-07-29,vertical_timeout,0,-0.0562133998776716,-0.0018217227381673862,-0.0562133998776716,5,0.0325076957831159,0.07268941756293042
2022-07-22,QCOM,True,10,153.6999969482422,169.5001045908875,137.89988930559687,2022-08-05,2022-08-05,vertical_timeout,0,-0.022706508156602245,-0.0018217227381673862,-0.0562133998776716,10,0.0325076957831159,0.10279836015849725
2022-07-22,QCOM,True,20,153.6999969482422,176.044723463426,131.35527043305837,2022-08-19,2022-08-19,vertical_timeout,0,-0.03968764454029694,-0.0018217227381673862,-0.07280418128553667,20,0.0325076957831159,0.14537883512586083
2022-07-22,TXN,True,5,163.89999389648438,171.05942433044225,156.7405634625265,2022-07-29,2022-07-27,take_profit,1,0.04661378690760465,0.0914582431444837,-0.018669906482890908,3,0.019535050307105613,0.043681700430566295
2022-07-22,TXN,True,10,163.89999389648438,174.0249575150543,153.77503027791445,2022-08-05,2022-07-28,take_profit,1,0.07230022297011085,0.12818798381953855,-0.018669906482890908,4,0.019535050307105613,0.06177525317642552
2022-07-22,TXN,True,20,163.89999389648438,178.21885476440013,149.58113302856862,2022-08-19,2022-07-29,take_profit,1,0.0914582431444837,0.13117755216988547,-0.018669906482890908,5,0.019535050307105613,0.08736340086113259
2022-07-22,CCJ,False,5,22.530000686645508,24.466450754276874,20.59355061901414,2022-07-29,2022-07-27,take_profit,1,0.11584547818278534,0.14380824111730495,0.019085591865162455,3,0.03843793923028508,0.08594984503392339
2022-07-22,CCJ,False,10,22.530000686645508,25.26855463514809,19.79144673814293,2022-08-05,2022-07-28,take_profit,1,0.13359965100515914,0.14380824111730495,0.019085591865162455,4,0.03843793923028508,0.12155143653084026
2022-07-22,CCJ,False,20,22.530000686645508,26.402900821908244,18.65710055138277,2022-08-19,2022-08-19,vertical_timeout,0,0.0004438627863763145,0.14913442523748088,0.0004438627863763145,20,0.03843793923028508,0.17189969006784678
2022-07-22,YPF,False,5,2.9100000858306885,3.108571696415823,2.7114284752455537,2022-07-29,2022-07-25,take_profit,1,0.07903780491052137,0.2749140648523096,0.07903780491052137,1,0.030516811448356232,0.06823766485506835
2022-07-22,YPF,False,10,2.9100000858306885,3.1908227506224547,2.6291774210389223,2022-08-05,2022-07-26,take_profit,1,0.09965634134001888,0.2886597558053079,0.07903780491052137,2,0.030516811448356232,0.09650263110270756
2022-07-22,YPF,False,20,2.9100000858306885,3.3071433070009575,2.5128568646604195,2022-08-19,2022-07-27,take_profit,1,0.15120268241376267,0.6666665847358859,0.07903780491052137,3,0.030516811448356232,0.1364753297101367
2022-07-22,VIST,False,5,6.090000152587891,6.604674503774634,5.5753258014011475,2022-07-29,2022-07-26,take_profit,1,0.14449911585467068,0.4417076376000104,0.07881773514726675,2,0.037794640613928905,0.08451138559791942
2022-07-22,VIST,False,10,6.090000152587891,6.817859600241756,5.362140704934025,2022-08-05,2022-07-26,take_profit,1,0.14449911585467068,0.4417076376000104,0.07881773514726675,2,0.037794640613928905,0.1195171476875199
2022-07-22,VIST,False,20,6.090000152587891,7.119348854961377,5.0606514502144035,2022-08-19,2022-07-27,take_profit,1,0.34975370460964506,0.500821036833438,0.07881773514726675,3,0.037794640613928905,0.16902277119583883
2022-07-29,AAPL,True,5,162.50999450683594,171.54823955853465,153.47174945513723,2022-08-05,2022-08-05,vertical_timeout,0,0.01747591959065775,0.022275616874901205,-0.015383669217309826,5,0.024872476790403518,0.05561654887212806
2022-07-29,AAPL,True,10,162.50999450683594,175.29200323899977,149.7279857746721,2022-08-12,2022-08-12,vertical_timeout,0,0.059011826477394225,0.059011826477394225,-0.015383669217309826,10,0.024872476790403518,0.07865367770734956
2022-07-29,AAPL,True,20,162.50999450683594,180.58648461023336,144.43350440343852,2022-08-26,2022-08-26,vertical_timeout,0,0.0068303528882642794,0.07408780353146471,-0.015383669217309826,20,0.024872476790403518,0.11123309774425612
2022-07-29,MSFT,False,5,280.739990234375,295.1981524755846,266.2818279931654,2022-08-05,2022-08-05,vertical_timeout,0,0.007729619944500055,0.010365476110759886,-0.021087066738208482,5,0.023031584188683108,0.05150018787540477
2022-07-29,MSFT,False,10,280.739990234375,301.1869193628842,260.2930611058658,2022-08-12,2022-08-12,vertical_timeout,0,0.039787753139155946,0.039787753139155946,-0.021087066738208482,10,0.023031584188683108,0.07283226415815987
2022-07-29,MSFT,False,20,280.739990234375,309.6563147167942,251.82366575195576,2022-08-26,2022-08-26,vertical_timeout,0,-0.04505946547167561,0.0453444875299045,-0.04505946547167561,20,0.023031584188683108,0.10300037575080954
2022-07-29,NVDA,False,5,18.163000106811523,19.874496573938508,16.45150363968454,2022-08-05,2022-08-05,vertical_timeout,0,0.045477080260175606,0.057919949324993114,0.015305834735167556,5,0.04214086242626244,0.09422983301558954
2022-07-29,NVDA,False,10,18.163000106811523,20.583421622576143,15.742578591046902,2022-08-12,2022-08-12,vertical_timeout,0,0.030061087032245082,0.057919949324993114,-0.059296352913786654,10,0.04214086242626244,0.13326110783079878
2022-07-29,NVDA,False,20,18.163000106811523,21.585993041065493,14.740007172557554,2022-08-26,2022-08-26,vertical_timeout,0,-0.10477343317396226,0.057919949324993114,-0.10477343317396226,20,0.04214086242626244,0.18845966603117908
2022-07-29,AMZN,False,5,134.9499969482422,145.76013356841867,124.13986032806572,2022-08-05,2022-08-05,vertical_timeout,0,0.04334943487074927,0.05646543570430085,-0.005853970389016028,5,0.035823936088038986,0.08010475631446307
2022-07-29,AMZN,False,10,134.9499969482422,150.2378387676018,119.66215512888256,2022-08-12,2022-08-12,vertical_timeout,0,0.0637273530788891,0.0637273530788891,-0.005853970389016028,10,0.035823936088038986,0.1132852327905055
2022-07-29,AMZN,False,20,134.9499969482422,156.57027018859512,113.32972370788924,2022-08-26,2022-08-26,vertical_timeout,0,-0.031122616103896772,0.07284180847239896,-0.031122616103896772,20,0.035823936088038986,0.16020951262892613
2022-07-29,GOOGL,False,5,116.31999969482422,123.44796360201877,109.19203578762966,2022-08-05,2022-08-05,vertical_timeout,0,0.009886533088858673,0.016076364782394714,-0.01255157400535667,5,0.027404765955069427,0.06127891958300719
2022-07-29,GOOGL,False,10,116.31999969482422,126.40046292448467,106.23953646516377,2022-08-12,2022-08-12,vertical_timeout,0,0.04607978528553991,0.04607978528553991,-0.01255157400535667,10,0.027404765955069427,0.08666147916185901
2022-07-29,GOOGL,False,20,116.31999969482422,130.57592750921333,102.06407188043511,2022-08-26,2022-08-26,vertical_timeout,0,-0.05140993270824157,0.04951858795858266,-0.05140993270824157,20,0.027404765955069427,0.12255783916601438
2022-07-29,META,False,5,159.10000610351562,172.19373432078157,146.00627788624968,2022-08-05,2022-08-05,vertical_timeout,0,0.050345658073855715,0.07209302816267882,0.005216760153520017,5,0.036805110307367696,0.08229872856665235
2022-07-29,META,False,10,159.10000610351562,177.61733413040045,140.5826780766308,2022-08-12,2022-08-10,take_profit,1,0.12093016653850297,0.13450655610007223,0.005216760153520017,8,0.036805110307367696,0.11638797810502183
2022-07-29,META,False,20,159.10000610351562,185.28746253804755,132.9125496689837,2022-08-26,2022-08-26,vertical_timeout,0,0.01684470504694735,0.136957840667558,0.005216760153520017,20,0.036805110307367696,0.1645974571333047
2022-07-29,TSLA,False,5,297.1499938964844,328.6256794777717,265.67430831519704,2022-08-05,2022-08-05,vertical_timeout,0,-0.030220362285715785,0.038644918856515664,-0.030220362285715785,5,0.04737120918312171,0.10592524390982243
2022-07-29,TSLA,False,10,297.1499938964844,341.6633353305322,252.63665246243653,2022-08-12,2022-08-12,vertical_timeout,0,0.009692091340967046,0.038644918856515664,-0.046497225894065464,10,0.04737120918312171,0.14980091653494898
2022-07-29,TSLA,False,20,297.1499938964844,360.10136505905905,234.19862273390967,2022-08-26,2022-08-26,vertical_timeout,0,-0.03048964410125443,0.04095579228574353,-0.046497225894065464,20,0.04737120918312171,0.21185048781964486
2022-07-29,SPY,True,5,411.989990234375,427.8784778477254,396.10150262102457,2022-08-05,2022-08-05,vertical_timeout,0,0.00359234695359012,0.005971072188566406,-0.009539048930644056,5,0.01724689395628458,0.038565227286982605
2022-07-29,SPY,True,10,411.989990234375,434.4597049027721,389.5202755659779,2022-08-12,2022-08-12,vertical_timeout,0,0.03667568685478195,0.03667568685478195,-0.009539048930644056,10,0.01724689395628458,0.05453946746525176
2022-07-29,SPY,True,20,411.989990234375,443.76696546107587,380.2130150076742,2022-08-26,2022-08-26,vertical_timeout,0,-0.016213968383020916,0.04298653460629298,-0.016213968383020916,20,0.01724689395628458,0.07713045457396521
2022-07-29,QQQ,False,5,315.4599914550781,331.500054860267,299.4199280498892,2022-08-05,2022-08-05,vertical_timeout,0,0.019939164126356657,0.02833957612237903,-0.0035820862024381617,5,0.02273928428893437,0.05084658542975023
2022-07-29,QQQ,False,10,315.4599914550781,338.1440666640206,292.77591624613564,2022-08-12,2022-08-12,vertical_timeout,0,0.04732778671708493,0.04732778671708493,-0.0035820862024381617,10,0.02273928428893437,0.07190793071511498
2022-07-29,QQQ,False,20,315.4599914550781,347.54011826545593,283.3798646447003,2022-08-26,2022-08-26,vertical_timeout,0,-0.02542315739209655,0.055791563368573494,-0.02542315739209655,20,0.02273928428893437,0.10169317085950046
2022-07-29,AVGO,True,5,53.54800033569336,56.425477467221214,50.67052320416551,2022-08-05,2022-08-05,vertical_timeout,0,0.029805047086377767,0.03234478286295639,-0.007974190454323571,5,0.024031651712336743,0.05373640684038418
2022-07-29,AVGO,True,10,53.54800033569336,57.61736752051847,49.47863315086825,2022-08-12,2022-08-12,vertical_timeout,0,0.04248527511049671,0.04248527511049671,-0.007974190454323571,10,0.024031651712336743,0.07599475534686967
2022-07-29,AVGO,True,20,53.54800033569336,59.302954598749054,47.793046072637665,2022-08-26,2022-08-26,vertical_timeout,0,-0.02730264046036812,0.04384850149462638,-0.02730264046036812,20,0.024031651712336743,0.10747281368076836
2022-07-29,AMD,False,5,94.47000122070312,102.94661961402545,85.9933828273808,2022-08-05,2022-08-04,take_profit,1,0.0999259269548678,0.0999259269548678,0.024452180890705,4,0.040127648357942296,0.08972814950556679
2022-07-29,AMD,False,10,94.47000122070312,106.4577499156008,82.48225252580545,2022-08-12,2022-08-12,vertical_timeout,0,0.06732296526061399,0.0999259269548678,0.01132634361170859,10,0.040127648357942296,0.12689476595741328
2022-07-29,AMD,False,20,94.47000122070312,111.42323800734779,77.51676443405847,2022-08-26,2022-08-26,vertical_timeout,0,-0.03482587988795682,0.0999259269548678,-0.03482587988795682,20,0.040127648357942296,0.17945629901113358
2022-07-29,NFLX,False,5,22.489999771118164,24.49595047185469,20.484049070381634,2022-08-05,2022-08-05,vertical_timeout,0,0.008359258659629942,0.022276543165064,-0.015473524957559603,5,0.03988832522906876,0.08919300672081762
2022-07-29,NFLX,False,10,22.489999771118164,25.326842457551578,19.65315708468475,2022-08-12,2022-08-12,vertical_timeout,0,0.10849268825654179,0.10849268825654179,-0.015473524957559603,10,0.03988832522906876,0.1261379597734149
2022-07-29,NFLX,False,20,22.489999771118164,26.501901172591225,18.478098369645103,2022-08-26,2022-08-26,vertical_timeout,0,-0.007203230670369876,0.10849268825654179,-0.015473524957559603,20,0.03988832522906876,0.17838601344163524
2022-07-29,COST,False,5,541.2999877929688,573.8458917570086,508.75408382892886,2022-08-05,2022-08-05,vertical_timeout,0,-0.0011638738167742968,0.010548719936125606,-0.0011638738167742968,5,0.026888917529629516,0.060125447437637314
2022-07-29,COST,False,10,541.2999877929688,587.3268465786061,495.2731290073313,2022-08-12,2022-08-12,vertical_timeout,0,-0.007555821009692654,0.010548719936125606,-0.01681133528755585,10,0.026888917529629516,0.08503022321005735
2022-07-29,COST,False,20,541.2999877929688,606.3917957210485,476.208179864889,2022-08-26,2022-08-26,vertical_timeout,0,-0.01751335799470921,0.03632003440429954,-0.01751335799470921,20,0.026888917529629516,0.12025089487527463
2022-07-29,ADBE,False,5,410.1199951171875,435.28745942617127,384.95253080820373,2022-08-05,2022-08-05,vertical_timeout,0,0.056837018034034514,0.056837018034034514,-0.00039013865213677335,5,0.027443753870184825,0.06136609921150621
2022-07-29,ADBE,False,10,410.1199951171875,445.71216447349315,374.52782576088185,2022-08-12,2022-08-12,vertical_timeout,0,0.08668199242611618,0.08668199242611618,-0.00039013865213677335,10,0.027443753870184825,0.08678476977484498
2022-07-29,ADBE,False,20,410.1199951171875,460.454923735155,359.78506649921997,2022-08-26,2022-08-26,vertical_timeout,0,-0.0709548582121694,0.09972689550237024,-0.0709548582121694,20,0.027443753870184825,0.12273219842301242
2022-07-29,PEP,False,5,174.9600067138672,180.3516713527371,169.56834207499728,2022-08-05,2022-08-05,vertical_timeout,0,-0.002343413616689549,0.011373972096545781,-0.002343413616689549,5,0.013781582283672171,0.030816554823797766
2022-07-29,PEP,False,10,174.9600067138672,182.58497196992445,167.33504145780992,2022-08-12,2022-08-12,vertical_timeout,0,0.013545924932795828,0.013545924932795828,-0.006344310515298934,10,0.013781582283672171,0.04358118977742883
2022-07-29,PEP,False,20,174.9600067138672,185.743335991607,164.17667743612736,2022-08-26,2022-08-26,vertical_timeout,0,0.0004571706058313918,0.03109274676420104,-0.006344310515298934,20,0.013781582283672171,0.06163310964759553
2022-07-29,CSCO,False,5,45.369998931884766,47.80932107902618,42.93067678474336,2022-08-05,2022-08-05,vertical_timeout,0,-0.007934772290650538,0.007493942265644371,-0.00991846536331309,5,0.02404447991377696,0.05376509157083357
2022-07-29,CSCO,False,10,45.369998931884766,48.8197213953692,41.92027646840033,2022-08-12,2022-08-12,vertical_timeout,0,0.02733087299227055,0.02733087299227055,-0.00991846536331309,10,0.02404447991377696,0.07603532168170421
2022-07-29,CSCO,False,20,45.369998931884766,50.24864322616757,40.49135463760195,2022-08-26,2022-08-26,vertical_timeout,0,0.011461328410969696,0.08816398708770778,-0.00991846536331309,20,0.02404447991377696,0.10753018314166714
2022-07-29,INTC,False,5,36.310001373291016,38.25791899237162,34.36208375421042,2022-08-05,2022-08-05,vertical_timeout,0,-0.02533742629707847,0.017901340859209247,-0.02533742629707847,5,0.023991605872192144,0.05364686161960477
2022-07-29,INTC,False,10,36.310001373291016,39.06477288858031,33.55522985800172,2022-08-12,2022-08-12,vertical_timeout,0,-0.005508145287115629,0.017901340859209247,-0.049297737478028236,10,0.023991605872192144,0.07586811928119773
2022-07-29,INTC,False,20,36.310001373291016,40.20583661145222,32.41416613512981,2022-08-26,2022-08-26,vertical_timeout,0,-0.08124485407233883,0.017901340859209247,-0.08124485407233883,20,0.023991605872192144,0.10729372323920953
2022-07-29,AMAT,False,5,105.9800033569336,113.90976035080975,98.05024636305743,2022-08-05,2022-08-05,vertical_timeout,0,0.034346096191270714,0.04793351614220165,-0.009341436703203199,5,0.033461927008330145,0.07482314344876238
2022-07-29,AMAT,False,10,105.9800033569336,117.19437324399617,94.76563346987102,2022-08-12,2022-08-12,vertical_timeout,0,0.04151720850267848,0.04793351614220165,-0.0596338884189207,10,0.033461927008330145,0.10581590424462735
2022-07-29,AMAT,False,20,105.9800033569336,121.83951734468592,90.12048936918127,2022-08-26,2022-08-26,vertical_timeout,0,-0.06774863255093533,0.04793351614220165,-0.06774863255093533,20,0.033461927008330145,0.14964628689752477
2022-07-29,QCOM,False,5,145.05999755859375,154.53107682427378,135.58891829291375,2022-08-05,2022-08-05,vertical_timeout,0,0.03550261437990998,0.0410174896483011,0.013580595986894206,5,0.0291989210185874,0.06529077226720884
2022-07-29,QCOM,False,10,145.05999755859375,158.45412630642906,131.66586881075844,2022-08-12,2022-08-12,vertical_timeout,0,0.042947717030138444,0.042947717030138444,-0.017578954189129914,10,0.0291989210185874,0.09233509563809988
2022-07-29,QCOM,False,20,145.05999755859375,164.00215608995376,126.11783902723373,2022-08-26,2022-08-26,vertical_timeout,0,-0.046049860665984155,0.048738504365154034,-0.046049860665984155,20,0.0291989210185874,0.13058154453441767
2022-07-29,TXN,True,5,178.88999938964844,187.06462806179843,170.71537071749847,2022-08-05,2022-08-05,vertical_timeout,0,0.030242068760510277,0.033651988892618334,-0.009335335539399359,5,0.020436050605525228,0.045696398345580154
2022-07-29,TXN,True,10,178.88999938964844,190.45067012516688,167.32932865413,2022-08-12,2022-08-12,vertical_timeout,0,0.03627930859917927,0.03627930859917927,-0.009335335539399359,10,0.020436050605525228,0.06462446629192291
2022-07-29,TXN,True,20,178.88999938964844,195.23925673394837,162.5407420453485,2022-08-26,2022-08-26,vertical_timeout,0,-0.05254622353712357,0.0363910477335081,-0.05254622353712357,20,0.020436050605525228,0.09139279669116031
2022-07-29,CCJ,False,5,25.770000457763672,28.07509125390804,23.464909661619302,2022-08-05,2022-08-05,vertical_timeout,0,0.0,0.0,-0.0430733640137424,5,0.04000263580076952,0.0894486129296874
2022-07-29,CCJ,False,10,25.770000457763672,29.029891124172433,22.51010979135491,2022-08-12,2022-08-12,vertical_timeout,0,-0.012029544733578867,0.004656535884872914,-0.0430733640137424,10,0.04000263580076952,0.12649944154062528
2022-07-29,CCJ,False,20,25.770000457763672,30.38018205005241,21.159818865474932,2022-08-26,2022-08-26,vertical_timeout,0,0.03453625820096984,0.05743110267545415,-0.12533952211332744,20,0.04000263580076952,0.1788972258593748
2022-07-29,YPF,False,5,3.7100000381469727,3.990414196429208,3.4295858798647374,2022-08-05,2022-08-05,vertical_timeout,0,0.010781660765967649,0.010781660765967649,-0.016172491148951362,5,0.033801892901631526,0.07558333029621571
2022-07-29,YPF,False,10,3.7100000381469727,4.106565543871146,3.3134345324227996,2022-08-12,2022-08-12,take_profit,1,0.1886791919319668,0.1886791919319668,-0.016172491148951362,10,0.033801892901631526,0.1068909707942335
2022-07-29,YPF,False,20,3.7100000381469727,4.270828354711443,3.1491717215825017,2022-08-26,2022-08-12,take_profit,1,0.1886791919319668,0.5040430906553541,-0.016172491148951362,10,0.033801892901631526,0.15116666059243142
2022-07-29,VIST,False,5,8.779999732971191,9.69712869894982,7.862870766992563,2022-08-05,2022-08-05,vertical_timeout,0,-0.020501065714788158,-0.0068336523652807735,-0.03758541386588188,5,0.04671441399619082,0.10445660522455028
2022-07-29,VIST,False,10,8.779999732971191,10.07701595510338,7.482983510839001,2022-08-12,2022-08-12,vertical_timeout,0,0.03986337040027266,0.03986337040027266,-0.03758541386588188,10,0.04671441399619082,0.14772394778801132
2022-07-29,VIST,False,20,8.779999732971191,10.614257664928449,6.945741801013935,2022-08-26,2022-08-26,vertical_timeout,0,0.12642376356609897,0.18337137349851962,-0.03758541386588188,20,0.04671441399619082,0.20891321044910055
2022-08-05,AAPL,False,5,165.35000610351562,173.7590700766957,156.94094213033554,2022-08-12,2022-08-12,vertical_timeout,0,0.04082249622521483,0.04082249622521483,-0.0029029995077690662,5,0.022743559694099493,0.05085614552633079
2022-08-05,AAPL,False,10,165.35000610351562,177.24221842124987,153.45779378578138,2022-08-19,2022-08-19,vertical_timeout,0,0.0373147743646447,0.055639531954311705,-0.0029029995077690662,10,0.022743559694099493,0.07192145073335682
2022-08-05,AAPL,False,20,165.35000610351562,182.16813404987576,148.5318781571555,2022-09-02,2022-09-02,vertical_timeout,0,-0.05769584634275404,0.055639531954311705,-0.05769584634275404,20,0.022743559694099493,0.10171229105266158
2022-08-05,MSFT,False,5,282.9100036621094,296.5187799602596,269.3012273639591,2022-08-12,2022-08-12,vertical_timeout,0,0.031812236695415885,0.031812236695415885,-0.009154841837915262,5,0.021512246650419554,0.04810284585908028
2022-08-05,MSFT,False,10,282.9100036621094,302.15571967025505,263.66428765396375,2022-08-19,2022-08-19,vertical_timeout,0,0.011452370691863667,0.03732634909299981,-0.009154841837915262,10,0.021512246650419554,0.0680276970026538
2022-08-05,MSFT,False,20,282.9100036621094,310.12755625841,255.69245106580883,2022-09-02,2022-09-02,vertical_timeout,0,-0.09490652771537778,0.03732634909299981,-0.09490652771537778,20,0.021512246650419554,0.09620569171816055
2022-08-05,NVDA,True,5,18.98900032043457,20.616217682313657,17.36178295855548,2022-08-12,2022-08-09,stop_loss,-1,-0.10021590635720923,-0.014745414814922753,-0.10021590635720923,2,0.0383229087780251,0.08569262912318752
2022-08-05,NVDA,True,10,18.98900032043457,21.290233182532944,16.687767458336197,2022-08-19,2022-08-19,vertical_timeout,0,-0.060034723809112456,0.002264430293987152,-0.10021590635720923,10,0.0383229087780251,0.12118767830141947
2022-08-05,NVDA,True,20,18.98900032043457,22.243435044192747,15.734565596676392,2022-09-02,2022-08-30,stop_loss,-1,-0.18542313176214043,0.002264430293987152,-0.2813207603077833,17,0.0383229087780251,0.17138525824637504
2022-08-05,AMZN,False,5,140.8000030517578,151.3817592233001,130.2182468802155,2022-08-12,2022-08-12,vertical_timeout,0,0.019531249576671517,0.019531249576671517,-0.021093758212571645,5,0.03361012160233913,0.07515451663486446
2022-08-05,AMZN,False,10,140.8000030517578,155.7648661432781,125.8351399602375,2022-08-19,2022-08-19,vertical_timeout,0,-0.018252892532069187,0.028267014497691534,-0.021093758212571645,10,0.03361012160233913,0.10628453669861969
2022-08-05,AMZN,False,20,140.8000030517578,161.96351539484243,119.63649070867322,2022-09-02,2022-09-02,vertical_timeout,0,-0.09438920900194847,0.028267014497691534,-0.09964492972016492,20,0.03361012160233913,0.15030903326972891
2022-08-05,GOOGL,False,5,117.47000122070312,124.45484784339682,110.48515459800943,2022-08-12,2022-08-12,vertical_timeout,0,0.03583892943495326,0.03583892943495326,-0.007150795595098014,5,0.026591626284924702,0.05946068400536183
2022-08-05,GOOGL,False,10,117.47000122070312,127.34806604561246,107.5919363957938,2022-08-19,2022-08-19,vertical_timeout,0,-0.0022133492255778098,0.039244067101780855,-0.007150795595098014,10,0.026591626284924702,0.08409010574836366
2022-08-05,GOOGL,False,20,117.47000122070312,131.43969446609051,103.50030797531574,2022-09-02,2022-09-02,vertical_timeout,0,-0.08189327187038953,0.039244067101780855,-0.08189327187038953,20,0.026591626284924702,0.11892136801072366
2022-08-05,META,False,5,167.11000061035156,180.53675139816187,153.68324982254126,2022-08-12,2022-08-12,vertical_timeout,0,0.08012685860057966,0.08012685860057966,0.00849738593596383,5,0.03593217326172752,0.08034678199252308
2022-08-05,META,False,10,167.11000061035156,186.09829367307657,148.12170754762656,2022-08-19,2022-08-19,vertical_timeout,0,0.005086506495189269,0.08246064705264122,0.005086506495189269,10,0.03593217326172752,0.11362750878686051
2022-08-05,META,False,20,167.11000061035156,193.9635021859722,140.25649903473092,2022-09-02,2022-09-02,vertical_timeout,0,-0.04063187877046903,0.08246064705264122,-0.059541600813242,20,0.03593217326172752,0.16069356398504617
2022-08-05,TSLA,False,5,288.1700134277344,316.49263072280405,259.8473961326647,2022-08-12,2022-08-12,vertical_timeout,0,0.04115620917835949,0.04115620917835949,-0.01678408472950954,5,0.043954120568737674,0.09828440148291916
2022-08-05,TSLA,False,10,288.1700134277344,328.22424292832466,248.11578392714407,2022-08-19,2022-08-19,vertical_timeout,0,0.029484827256452073,0.07339415244809389,-0.01678408472950954,10,0.043954120568737674,0.13899513354686663
2022-08-05,TSLA,False,20,288.1700134277344,344.81524801787367,231.52477883759508,2022-09-02,2022-09-02,vertical_timeout,0,-0.062324395793388665,0.07339415244809389,-0.062324395793388665,20,0.043954120568737674,0.1965688029658383
2022-08-05,SPY,False,5,413.4700012207031,428.3035055717392,398.63649686966704,2022-08-12,2022-08-12,vertical_timeout,0,0.032964918476726446,0.032964918476726446,-0.005127325104429703,5,0.01604407767215533,0.03587564831122591
2022-08-05,SPY,False,10,413.4700012207031,434.4477442514587,392.49225818994756,2022-08-19,2022-08-19,vertical_timeout,0,0.02096890560896214,0.03925317662324157,-0.005127325104429703,10,0.01604407767215533,0.050735828400663104
2022-08-05,SPY,False,20,413.4700012207031,443.1370099227753,383.80299251863096,2022-09-02,2022-09-02,vertical_timeout,0,-0.05134595236329109,0.03925317662324157,-0.05134595236329109,20,0.01604407767215533,0.07175129662245182
2022-08-05,QQQ,True,5,321.75,336.80561074064934,306.6943892593507,2022-08-12,2022-08-12,vertical_timeout,0,0.026853192380536184,0.026853192380536184,-0.014514416247814688,5,0.020926414333406584,0.046792884974823076
2022-08-05,QQQ,True,10,321.75,343.0418488992363,300.4581511007637,2022-08-19,2022-08-19,vertical_timeout,0,0.0034498379224940923,0.035151507563616846,-0.014514416247814688,10,0.020926414333406584,0.06617513255395902
2022-08-05,QQQ,True,20,321.75,351.8612214812986,291.6387785187013,2022-09-02,2022-09-02,vertical_timeout,0,-0.0826106808772824,0.035151507563616846,-0.0826106808772824,20,0.020926414333406584,0.09358576994964615
2022-08-05,AVGO,False,5,55.14400100708008,57.97889812794557,52.309103886214594,2022-08-12,2022-08-12,vertical_timeout,0,0.012313231577175676,0.012313231577175676,-0.03380244802229493,5,0.02299079702490131,0.05140898500457926
2022-08-05,AVGO,False,10,55.14400100708008,59.15315096334049,51.13485105081967,2022-08-19,2022-08-19,vertical_timeout,0,-0.005458481375023139,0.01363700289485048,-0.03380244802229493,10,0.02299079702490131,0.07270328382131105
2022-08-05,AVGO,False,20,55.14400100708008,60.81379524881104,49.474206765349116,2022-09-02,2022-09-01,stop_loss,-1,-0.10777239019515461,0.01363700289485048,-0.10777239019515461,19,0.02299079702490131,0.10281797000915852
2022-08-05,AMD,True,5,102.30999755859376,111.06066521686729,93.55932990032024,2022-08-12,2022-08-12,vertical_timeout,0,-0.014465797701651462,-0.014465797701651462,-0.06617140850960523,5,0.03825058782002661,0.085530914544905
2022-08-05,AMD,True,10,102.30999755859376,114.68531044074379,89.93468467644374,2022-08-19,2022-08-19,vertical_timeout,0,-0.06216401878720745,-0.012706435865358912,-0.06617140850960523,10,0.03825058782002661,0.12095897935157887
2022-08-05,AMD,True,20,102.30999755859376,119.81133287514082,84.80866224204671,2022-09-02,2022-09-01,stop_loss,-1,-0.19528879097173635,-0.012706435865358912,-0.21571694088043125,19,0.03825058782002661,0.17106182908981
2022-08-05,NFLX,False,5,22.67799949645996,24.536923823298782,20.81907516962114,2022-08-12,2022-08-12,take_profit,1,0.09930332739743464,0.09930332739743464,0.013934209002453679,5,0.036658270148462575,0.08197038398951363
2022-08-05,NFLX,False,10,22.67799949645996,25.306915490900696,20.049083502019226,2022-08-19,2022-08-19,vertical_timeout,0,0.06340946103144018,0.09930332739743464,0.013934209002453679,10,0.036658270148462575,0.11592362875090059
2022-08-05,NFLX,False,20,22.67799949645996,26.3958481501376,18.960150842782323,2022-09-02,2022-09-02,vertical_timeout,0,-0.002954380320683181,0.09930332739743464,-0.027030557192579185,20,0.036658270148462575,0.16394076797902726
2022-08-05,COST,False,5,540.6699829101562,571.624509377808,509.7154564425045,2022-08-12,2022-08-12,vertical_timeout,0,-0.006399395281529663,0.002275031983994369,-0.015665694362271387,5,0.025603946059823145,0.05725216388200245
2022-08-05,COST,False,10,540.6699829101562,584.4462940575462,496.89367176276625,2022-08-19,2022-08-19,vertical_timeout,0,0.025634947056089707,0.03752758559535496,-0.015665694362271387,10,0.025603946059823145,0.08096678663713494
2022-08-05,COST,False,20,540.6699829101562,602.5790358454598,478.7609299748528,2022-09-02,2022-09-02,vertical_timeout,0,-0.03987644633524323,0.03752758559535496,-0.03987644633524323,20,0.025603946059823145,0.1145043277640049
2022-08-05,ADBE,False,5,433.4299926757813,457.9086542364562,408.95133111510637,2022-08-12,2022-08-12,vertical_timeout,0,0.028239902542021245,0.028239902542021245,-0.015827205010000345,5,0.02525711287766114,0.05647662130983564
2022-08-05,ADBE,False,10,433.4299926757813,468.0480478436287,398.81193750793386,2022-08-19,2022-08-19,vertical_timeout,0,-0.01931106582060782,0.040583246741414225,-0.01931106582060782,10,0.02525711287766114,0.07987000381337891
2022-08-05,ADBE,False,20,433.4299926757813,482.3873157971312,384.47266955443143,2022-09-02,2022-08-26,stop_loss,-1,-0.12091919006009744,0.040583246741414225,-0.15063557928761673,15,0.02525711287766114,0.11295324261967128
2022-08-05,PEP,False,5,174.5500030517578,179.8922923970981,169.20771370641754,2022-08-12,2022-08-12,vertical_timeout,0,0.015926661304454637,0.015926661304454637,-0.004010294677764148,5,0.013687449925866324,0.03060606847286156
2022-08-05,PEP,False,10,174.5500030517578,182.10514109805933,166.9948650054563,2022-08-19,2022-08-19,vertical_timeout,0,0.032197049664450805,0.033514699183315955,-0.004010294677764148,10,0.013687449925866324,0.043283517125240416
2022-08-05,PEP,False,20,174.5500030517578,185.2345817424384,163.86542436107723,2022-09-02,2022-09-02,vertical_timeout,0,-0.022285874085576363,0.033514699183315955,-0.022285874085576363,20,0.013687449925866324,0.06121213694572312
2022-08-05,CSCO,False,5,45.0099983215332,47.379548184508515,42.640448458557884,2022-08-12,2022-08-12,vertical_timeout,0,0.03554770825336617,0.03554770825336617,-0.0019995591189532202,5,0.023543544844583004,0.05264496670380232
2022-08-05,CSCO,False,10,45.0099983215332,48.361047874472206,41.6589487685942,2022-08-19,2022-08-18,take_profit,1,0.09686737998089856,0.09686737998089856,-0.0019995591189532202,9,0.023543544844583004,0.07445122590319725
2022-08-05,CSCO,False,20,45.0099983215332,49.749098047483834,40.27089859558258,2022-09-02,2022-09-02,vertical_timeout,0,-0.00933121938696857,0.09686737998089856,-0.00933121938696857,20,0.023543544844583004,0.10528993340760465
2022-08-05,INTC,False,5,35.38999938964844,37.2434357861429,33.53656299315397,2022-08-12,2022-08-12,vertical_timeout,0,0.02034476499351756,0.02034476499351756,-0.02458318584032637,5,0.02342136109641257,0.05237175553714751
2022-08-05,INTC,False,10,35.38999938964844,38.01115427856683,32.76884450073004,2022-08-19,2022-08-19,vertical_timeout,0,-0.00028251827368297455,0.026843763190833148,-0.02458318584032637,10,0.02342136109641257,0.07406484696592226
2022-08-05,INTC,False,20,35.38999938964844,39.09687218263737,31.683126596659502,2022-09-02,2022-09-02,stop_loss,-1,-0.11782989963864388,0.026843763190833148,-0.11782989963864388,20,0.02342136109641257,0.10474351107429503
2022-08-05,AMAT,False,5,109.62000274658205,117.52448603729083,101.71551945587325,2022-08-12,2022-08-09,stop_loss,-1,-0.09085932161029087,0.006932991131124666,-0.09085932161029087,2,0.032247694804198854,0.07210803769985541
2022-08-05,AMAT,False,10,109.62000274658205,120.79863021985395,98.44137527331016,2022-08-19,2022-08-19,vertical_timeout,0,-0.04552093931889334,0.006932991131124666,-0.09085932161029087,10,0.032247694804198854,0.10197616487124596
2022-08-05,AMAT,False,20,109.62000274658205,125.42896932799962,93.81103616516447,2022-09-02,2022-09-01,stop_loss,-1,-0.16247039538177366,0.006932991131124666,-0.16767017352939817,19,0.032247694804198854,0.14421607539971082
2022-08-05,QCOM,False,5,150.2100067138672,159.49325085211564,140.92676257561874,2022-08-12,2022-08-12,vertical_timeout,0,0.0071898443778308785,0.0071898443778308785,-0.051261646114555415,5,0.027638591328194944,0.0618017690121801
2022-08-05,QCOM,False,10,150.2100067138672,163.33849647699867,137.0815169507357,2022-08-19,2022-08-19,vertical_timeout,0,-0.017375677343010265,0.012782092291645286,-0.051261646114555415,10,0.027638591328194944,0.08740089991567437
2022-08-05,QCOM,False,20,150.2100067138672,168.77649499036409,131.64351843737032,2022-09-02,2022-09-01,stop_loss,-1,-0.13507760893435028,0.012782092291645286,-0.14466420354884413,19,0.027638591328194944,0.1236035380243602
2022-08-05,TXN,True,5,184.3000030517578,192.48561741967404,176.11438868384158,2022-08-12,2022-08-12,vertical_timeout,0,0.005860020690023449,0.005860020690023449,-0.035756897605910165,5,0.019862821336057594,0.044414618732357976
2022-08-05,TXN,True,10,184.3000030517578,195.876209907221,172.72379619629461,2022-08-19,2022-08-19,vertical_timeout,0,-0.042593629807543,0.00596847979659354,-0.042593629807543,10,0.019862821336057594,0.06281175617893077
2022-08-05,TXN,True,20,184.3000030517578,200.67123178759027,167.92877431592535,2022-09-02,2022-08-30,stop_loss,-1,-0.09527942087804686,0.00596847979659354,-0.11557245089017187,17,0.019862821336057594,0.08882923746471595
2022-08-05,CCJ,False,5,25.770000457763672,27.82014016458304,23.719860750944303,2022-08-12,2022-08-12,vertical_timeout,0,-0.012029544733578867,0.004656535884872914,-0.02599922640250074,5,0.03557820462854133,0.07955528406681607
2022-08-05,CCJ,False,10,25.770000457763672,28.669335835907226,22.870665079620117,2022-08-19,2022-08-19,stop_loss,-1,-0.12533952211332744,0.004656535884872914,-0.12533952211332744,10,0.03557820462854133,0.11250816168573549
2022-08-05,CCJ,False,20,25.770000457763672,29.870279871402413,21.669721044124934,2022-09-02,2022-09-02,vertical_timeout,0,0.11835464427171472,0.15172680550861806,-0.12533952211332744,20,0.03557820462854133,0.15911056813363214
2022-08-05,YPF,False,5,3.75,4.018929251615466,3.4810707483845333,2022-08-12,2022-08-11,take_profit,1,0.09066670735677085,0.17599995930989576,0.0426666895548502,4,0.032071684680017504,0.07171446709745773
2022-08-05,YPF,False,10,3.75,4.1303233949534395,3.369676605046561,2022-08-19,2022-08-12,take_profit,1,0.17599995930989576,0.29333330790201817,0.0426666895548502,5,0.032071684680017504,0.10141957198758382
2022-08-05,YPF,False,20,3.75,4.287858503230933,3.212141496769067,2022-09-02,2022-08-12,take_profit,1,0.17599995930989576,0.5680000305175781,0.0426666895548502,5,0.032071684680017504,0.14342893419491545
2022-08-05,VIST,False,5,8.600000381469727,9.440703878120438,7.759296884819015,2022-08-12,2022-08-12,vertical_timeout,0,0.061627873193258464,0.061627873193258464,0.02325579074346007,5,0.04371790893133634,0.09775621620461325
2022-08-05,VIST,False,10,8.600000381469727,9.788934668367645,7.411066094571807,2022-08-19,2022-08-19,vertical_timeout,0,0.015116180813981028,0.06279069045352093,0.008139499037121745,10,0.04371790893133634,0.13824816676284057
2022-08-05,VIST,False,20,8.600000381469727,10.281407374771149,6.918593388168304,2022-09-02,2022-08-25,take_profit,1,0.2081395212155932,0.21046504484376038,0.008139499037121745,14,0.04371790893133634,0.1955124324092265
2022-08-12,AAPL,False,5,172.10000610351562,180.0946478468267,164.10536436020456,2022-08-19,2022-08-19,vertical_timeout,0,-0.0033701441631898144,0.014235891117682753,-0.0033701441631898144,5,0.02077462145242285,0.046453465774442905
2022-08-12,AAPL,False,10,172.10000610351562,183.40613688322023,160.793875323811,2022-08-26,2022-08-26,vertical_timeout,0,-0.04927374018352748,0.014235891117682753,-0.04927374018352748,10,0.02077462145242285,0.06569512131745155
2022-08-12,AAPL,False,20,172.10000610351562,188.08928959013778,156.11072261689347,2022-09-12,2022-09-02,stop_loss,-1,-0.09465431706680871,0.014235891117682753,-0.10249854017459037,15,0.02077462145242285,0.09290693154888581
2022-08-12,MSFT,False,5,291.9100036621094,305.20848136120935,278.6115259630094,2022-08-19,2022-08-19,vertical_timeout,0,-0.019732142418429466,0.00534410448091216,-0.019732142418429466,5,0.020373608139084405,0.045556772745935725
2022-08-12,MSFT,False,10,291.9100036621094,310.7168911830927,273.103116141126,2022-08-26,2022-08-26,stop_loss,-1,-0.08160051736969864,0.00534410448091216,-0.08160051736969864,10,0.020373608139084405,0.06442700587525128
2022-08-12,MSFT,False,20,291.9100036621094,318.5069590603093,265.3130482639094,2022-09-12,2022-08-29,stop_loss,-1,-0.09139800740321247,0.00534410448091216,-0.13243809111406457,11,0.020373608139084405,0.09111354549187145
2022-08-12,NVDA,False,5,18.708999633789062,20.248545998635553,17.169453268942572,2022-08-19,2022-08-19,vertical_timeout,0,-0.045967113145362615,0.017264416085629897,-0.045967113145362615,5,0.03680079527172709,0.08228907985363462
2022-08-12,NVDA,False,10,18.708999633789062,20.886246982857163,16.53175228472096,2022-08-26,2022-08-26,stop_loss,-1,-0.13089953780768981,0.017264416085629897,-0.13089953780768981,10,0.03680079527172709,0.1163743327642127
2022-08-12,NVDA,False,20,18.708999633789062,21.788092363482043,15.629906904096083,2022-09-12,2022-08-30,stop_loss,-1,-0.173232096062924,0.017264416085629897,-0.28029288491354387,12,0.03680079527172709,0.16457815970726924
2022-08-12,AMZN,True,5,143.5500030517578,153.60661434836044,133.4933917551552,2022-08-19,2022-08-19,vertical_timeout,0,-0.03706030798411475,0.008568413106167405,-0.03706030798411475,5,0.031330220835157845,0.07005650353749318
2022-08-12,AMZN,True,10,143.5500030517578,157.77219913892773,129.3278069645879,2022-08-26,2022-08-26,vertical_timeout,0,-0.08916755680696642,0.008568413106167405,-0.08916755680696642,10,0.031330220835157845,0.09907485743516156
2022-08-12,AMZN,True,20,143.5500030517578,163.66322564496306,123.43678045855256,2022-09-12,2022-09-12,vertical_timeout,0,-0.049460159892547484,0.008568413106167405,-0.1214907841911933,20,0.031330220835157845,0.14011300707498636
2022-08-12,GOOGL,False,5,121.68000030517578,128.76535011801812,114.59465049233344,2022-08-19,2022-08-19,vertical_timeout,0,-0.0367357101371818,0.003287323511470097,-0.0367357101371818,5,0.026040966117924905,0.058229370439448896
2022-08-12,GOOGL,False,10,121.68000030517578,131.7001981046551,111.65980250569648,2022-08-26,2022-08-26,stop_loss,-1,-0.09319529864270393,0.003287323511470097,-0.09319529864270393,10,0.026040966117924905,0.08234876540391561
2022-08-12,GOOGL,False,20,121.68000030517578,135.85069993086046,107.50930067949112,2022-09-12,2022-09-06,stop_loss,-1,-0.12220580793300273,0.003287323511470097,-0.12220580793300273,16,0.026040966117924905,0.11645874087889779
2022-08-12,META,False,5,180.5,194.9789007473034,166.02109925269656,2022-08-19,2022-08-19,vertical_timeout,0,-0.06947364701458625,0.0021606614384954703,-0.06947364701458625,5,0.035873469596058735,0.08021551660555926
2022-08-12,META,False,10,180.5,200.97625780509048,160.02374219490952,2022-08-26,2022-08-26,vertical_timeout,0,-0.10371191812023894,0.0021606614384954703,-0.1074238193332323,10,0.035873469596058735,0.11344187149634612
2022-08-12,META,False,20,180.5,209.45780149460688,151.54219850539312,2022-09-12,2022-09-12,vertical_timeout,0,-0.06393348080960004,0.0021606614384954703,-0.12930745893568218,20,0.035873469596058735,0.1604310332111185
2022-08-12,TSLA,False,5,300.0299987792969,328.2262191181554,271.8337784404384,2022-08-19,2022-08-19,vertical_timeout,0,-0.011210019994135068,0.03096359891583922,-0.011210019994135068,5,0.042028240937752745,0.09397800371155465
2022-08-12,TSLA,False,10,300.0299987792969,339.90547599017066,260.1545215684231,2022-08-26,2022-08-26,vertical_timeout,0,-0.03979602869708154,0.03096359891583922,-0.03979602869708154,10,0.042028240937752745,0.13290496741362964
2022-08-12,TSLA,False,20,300.0299987792969,356.42243945701387,243.63755810157988,2022-09-12,2022-09-12,vertical_timeout,0,0.014631919029092888,0.03096359891583922,-0.09939008580990083,20,0.042028240937752745,0.1879560074231093
2022-08-12,SPY,False,5,427.1000061035156,441.3708344115371,412.82917779549416,2022-08-19,2022-08-19,vertical_timeout,0,-0.011613185165527673,0.006087581518051888,-0.011613185165527673,5,0.014942890066000218,0.03341331796788281
2022-08-12,SPY,False,10,427.1000061035156,447.2820050430174,406.9180071640138,2022-08-26,2022-08-26,stop_loss,-1,-0.05101851611690367,0.006087581518051888,-0.05101851611690367,10,0.014942890066000218,0.04725356743406449
2022-08-12,SPY,False,20,427.1000061035156,455.64166271955855,398.5583494874727,2022-09-12,2022-08-30,stop_loss,-1,-0.06764227168246739,0.006087581518051888,-0.0850854502893239,12,0.014942890066000218,0.06682663593576561
2022-08-12,QQQ,False,5,330.3900146484375,344.7846189855374,315.9954103113376,2022-08-19,2022-08-19,vertical_timeout,0,-0.02279133437155345,0.008081306310050884,-0.02279133437155345,5,0.019484434988883463,0.043568521138318786
2022-08-12,QQQ,False,10,330.3900146484375,350.7470593269588,310.0329699699162,2022-08-26,2022-08-26,stop_loss,-1,-0.06946339534943868,0.008081306310050884,-0.06946339534943868,10,0.019484434988883463,0.06161519348634931
2022-08-12,QQQ,False,20,330.3900146484375,359.1792233226373,301.6008059742377,2022-09-12,2022-08-30,stop_loss,-1,-0.0888950159889601,0.008081306310050884,-0.1130180247584106,12,0.019484434988883463,0.08713704227663757
2022-08-12,AVGO,False,5,55.823001861572266,58.481569564021854,53.164434159122685,2022-08-19,2022-08-19,vertical_timeout,0,-0.017555547431214236,0.0013076696781018082,-0.03518264221574019,5,0.021298525364881794,0.047624950536379204
2022-08-12,AVGO,False,10,55.823001861572266,59.58278436286354,52.06321936028099,2022-08-26,2022-08-26,vertical_timeout,0,-0.06694379022616681,0.0013076696781018082,-0.06694379022616681,10,0.021298525364881794,0.06735185095589528
2022-08-12,AVGO,False,20,55.823001861572266,61.14013726647143,50.5058664566731,2022-09-12,2022-08-31,stop_loss,-1,-0.10590621009842716,0.0013076696781018082,-0.11862496510614395,13,0.021298525364881794,0.09524990107275841
2022-08-12,AMD,True,5,100.83000183105467,108.66755176165098,92.99245190045836,2022-08-19,2022-08-19,vertical_timeout,0,-0.048398341705766845,0.0017851859754738353,-0.048398341705766845,5,0.03476206308361782,0.0777303360931054
2022-08-12,AMD,True,10,100.83000183105467,111.91397123868028,89.74603242342906,2022-08-26,2022-08-26,vertical_timeout,0,-0.09570565655694341,0.0017851859754738353,-0.09570565655694341,10,0.03476206308361782,0.10992729551068856
2022-08-12,AMD,True,20,100.83000183105467,116.50510169224731,85.15490196986204,2022-09-12,2022-08-31,stop_loss,-1,-0.15828621238363516,0.0017851859754738353,-0.21927997826874857,13,0.03476206308361782,0.1554606721862108
2022-08-12,NFLX,False,5,24.93000030517578,26.86276142901766,22.997239181333903,2022-08-19,2022-08-19,vertical_timeout,0,-0.03265146704410693,-0.0007621743621131216,-0.03269155732374429,5,0.034671361446249715,0.07752752106627979
2022-08-12,NFLX,False,10,24.93000030517578,27.663337299340427,22.196663311011132,2022-08-26,2022-08-26,vertical_timeout,0,-0.10437228874182314,-0.0007621743621131216,-0.10437228874182314,10,0.034671361446249715,0.10964047174909872
2022-08-12,NFLX,False,20,24.93000030517578,28.795522552859534,21.06447805749203,2022-09-12,2022-09-12,vertical_timeout,0,-0.05122344210244445,-0.0007621743621131216,-0.12398714662790256,20,0.034671361446249715,0.15505504213255958
2022-08-12,COST,False,5,537.2100219726562,560.4169976163497,514.0030463289628,2022-08-19,2022-08-18,take_profit,1,0.044209897486255034,0.044209897486255034,0.015896907499946877,4,0.01931921333147495,0.043199074280998166
2022-08-12,COST,False,10,537.2100219726562,570.0296416696295,504.3904022756829,2022-08-26,2022-08-26,vertical_timeout,0,-0.010033347160287809,0.044209897486255034,-0.010033347160287809,10,0.01931921333147495,0.06109271673015037
2022-08-12,COST,False,20,537.2100219726562,583.623973260043,490.7960706852694,2022-09-12,2022-09-12,vertical_timeout,0,0.004299989695112805,0.044209897486255034,-0.03408349958058998,20,0.01931921333147495,0.08639814856199633
2022-08-12,ADBE,False,5,445.6700134277344,470.2314551299296,421.10857172553915,2022-08-19,2022-08-19,vertical_timeout,0,-0.04624501368316214,0.012004342730599804,-0.04624501368316214,5,0.024646510474913178,0.0551112728300665
2022-08-12,ADBE,False,10,445.6700134277344,480.405137394415,410.93488946105373,2022-08-26,2022-08-23,stop_loss,-1,-0.07911685485508313,0.012004342730599804,-0.14506254059326684,7,0.024646510474913178,0.0779391094759239
2022-08-12,ADBE,False,20,445.6700134277344,494.7928968321249,396.5471300233438,2022-09-12,2022-08-26,stop_loss,-1,-0.14506254059326684,0.012004342730599804,-0.1739627896052477,10,0.024646510474913178,0.110222545660133
2022-08-12,PEP,False,5,177.3300018310547,181.59186755235683,173.06813610975252,2022-08-19,2022-08-19,vertical_timeout,0,0.016015317817434704,0.017312310571983902,0.010996429978611166,5,0.01074812086551158,0.02403352888566777
2022-08-12,PEP,False,10,177.3300018310547,183.3571901351332,171.30281352697617,2022-08-26,2022-08-26,vertical_timeout,0,-0.01291382462795887,0.017312310571983902,-0.01291382462795887,10,0.01074812086551158,0.0339885425017969
2022-08-12,PEP,False,20,177.3300018310547,185.85373327365903,168.80627038845034,2022-09-12,2022-09-12,vertical_timeout,0,-0.01934251338833315,0.017312310571983902,-0.04409861412886584,20,0.01074812086551158,0.04806705777133554
2022-08-12,CSCO,False,5,46.61000061035156,48.94671069636754,44.27329052433558,2022-08-19,2022-08-18,take_profit,1,0.05921472399466654,0.05921472399466654,-0.0004291022849552961,4,0.02242026401038362,0.050133234400709825
2022-08-12,CSCO,False,10,46.61000061035156,49.914607705329374,43.30539351537376,2022-08-26,2022-08-26,vertical_timeout,0,-0.015447354886822695,0.05921472399466654,-0.015447354886822695,10,0.02242026401038362,0.07089910001511324
2022-08-12,CSCO,False,20,46.61000061035156,51.28342078238353,41.936580438319595,2022-09-12,2022-09-12,vertical_timeout,0,-0.004505451227692525,0.05921472399466654,-0.04591288053262044,20,0.02242026401038362,0.10026646880141965
2022-08-12,INTC,False,5,36.11000061035156,37.943363622345665,34.27663759835745,2022-08-19,2022-08-19,vertical_timeout,0,-0.02021599362773374,0.006369413967010518,-0.02021599362773374,5,0.02270575603965724,0.0507716139852
2022-08-12,INTC,False,10,36.11000061035156,38.70276744666681,33.51723377403631,2022-08-26,2022-08-26,stop_loss,-1,-0.07615618813397818,0.006369413967010518,-0.07615618813397818,10,0.02270575603965724,0.07180190508144135
2022-08-12,INTC,False,20,36.11000061035156,39.776726634339774,32.44327458636335,2022-09-12,2022-08-30,stop_loss,-1,-0.10661872677218087,0.006369413967010518,-0.15923566609831796,12,0.02270575603965724,0.1015432279704
2022-08-12,AMAT,False,5,110.37999725341795,118.50024422598132,102.25975028085459,2022-08-19,2022-08-19,vertical_timeout,0,-0.0520927717256483,-0.0054357536605438295,-0.0520927717256483,5,0.03289984540052397,0.0735662907648054
2022-08-12,AMAT,False,10,110.37999725341795,121.86376065183613,98.89623385499978,2022-08-26,2022-08-26,stop_loss,-1,-0.10491025991850678,-0.0054357536605438295,-0.10491025991850678,10,0.03289984540052397,0.10403844613307037
2022-08-12,AMAT,False,20,110.37999725341795,126.62049119854468,94.13950330829121,2022-09-12,2022-08-31,stop_loss,-1,-0.14776225733316628,-0.0054357536605438295,-0.18200758142588658,13,0.03289984540052397,0.1471325815296108
2022-08-12,QCOM,False,5,151.2899932861328,160.22108823263923,142.3588983396264,2022-08-19,2022-08-19,vertical_timeout,0,-0.024390160264191163,0.0055523275428466246,-0.024390160264191163,5,0.026400338819664287,0.05903295222979591
2022-08-12,QCOM,False,10,151.2899932861328,163.92046888632402,138.65951768594164,2022-08-26,2022-08-26,stop_loss,-1,-0.0853327316824175,0.0055523275428466246,-0.0853327316824175,10,0.026400338819664287,0.08348520167030042
2022-08-12,QCOM,False,20,151.2899932861328,169.15218317914565,133.42780339311997,2022-09-12,2022-08-31,stop_loss,-1,-0.12571875112519582,0.0055523275428466246,-0.16273379740736738,13,0.026400338819664287,0.11806590445959182
2022-08-12,TXN,True,5,185.3800048828125,193.50516839821339,177.25484136741161,2022-08-19,2022-08-17,stop_loss,-1,-0.04676878811404728,0.00010782723673208316,-0.048171365300240465,3,0.019601270331417547,0.043829772906399465
2022-08-12,TXN,True,10,185.3800048828125,196.8707213227915,173.8892884428335,2022-08-26,2022-08-22,stop_loss,-1,-0.07519690405779411,0.00010782723673208316,-0.08571582139990375,6,0.019601270331417547,0.06198465927996295
2022-08-12,TXN,True,20,185.3800048828125,201.63033191361427,169.12967785201073,2022-09-12,2022-08-29,stop_loss,-1,-0.09407704165522546,0.00010782723673208316,-0.12072502046248168,11,0.019601270331417547,0.08765954581279893
2022-08-12,CCJ,False,5,25.459999084472656,27.397890083187413,23.5221080857579,2022-08-19,2022-08-19,stop_loss,-1,-0.11468964155329209,0.00314225584962724,-0.11468964155329209,5,0.034039718475511536,0.0761151244461993
2022-08-12,CCJ,False,10,25.459999084472656,28.200590817255808,22.719407351689505,2022-08-26,2022-08-19,stop_loss,-1,-0.11468964155329209,0.07030640140984978,-0.11468964155329209,5,0.034039718475511536,0.10764304129353099
2022-08-12,CCJ,False,20,25.459999084472656,29.33578108190217,21.584217087043143,2022-09-12,2022-08-30,take_profit,1,0.16575025029269486,0.18970942673758273,-0.11468964155329209,12,0.034039718475511536,0.1522302488923986
2022-08-12,YPF,True,5,4.409999847412109,4.741670510227843,4.078329184596376,2022-08-19,2022-08-18,take_profit,1,0.09977325905774381,0.09977325905774381,0.04535154036788902,4,0.03363438430201324,0.07520876968065342
2022-08-12,YPF,True,10,4.409999847412109,4.879052997007394,3.9409466978168246,2022-08-26,2022-08-23,take_profit,1,0.17233565877056023,0.26530614892890036,0.04535154036788902,7,0.03363438430201324,0.10636126209177449
2022-08-12,YPF,True,20,4.409999847412109,5.073341173043577,3.746658521780641,2022-09-12,2022-08-23,take_profit,1,0.17233565877056023,0.5918367854470592,0.04535154036788902,7,0.03363438430201324,0.15041753936130683
2022-08-12,VIST,False,5,9.130000114440918,9.999007631289972,8.260992597591864,2022-08-19,2022-08-19,vertical_timeout,0,-0.0438116722005194,0.0010953153073918198,-0.05038335513483627,5,0.04256648096990235,0.09518154501165284
2022-08-12,VIST,False,10,9.130000114440918,10.358962330573016,7.901037898308821,2022-08-26,2022-08-25,take_profit,1,0.138006595080858,0.138006595080858,-0.05038335513483627,9,0.04256648096990235,0.13460703184310466
2022-08-12,VIST,False,20,9.130000114440918,10.868015148139026,7.391985080742811,2022-09-12,2022-09-12,vertical_timeout,0,0.138006595080858,0.14019712124062478,-0.05038335513483627,20,0.04256648096990235,0.19036309002330568
2022-08-19,AAPL,False,5,171.52000427246094,179.12585282929177,163.9141557156301,2022-08-26,2022-08-26,stop_loss,-1,-0.046058820886712426,-0.008687065392076199,-0.046058820886712426,5,0.0198311496921681,0.0443437987836619
2022-08-19,AAPL,False,10,171.52000427246094,182.27629845488693,160.76371009003495,2022-09-02,2022-08-30,stop_loss,-1,-0.07351912486149703,-0.008687065392076199,-0.09159285402600448,7,0.0198311496921681,0.06271160164699822
2022-08-19,AAPL,False,20,171.52000427246094,186.7317013861226,156.30830715879927,2022-09-19,2022-09-02,stop_loss,-1,-0.09159285402600448,-0.008687065392076199,-0.12138530087222943,10,0.0198311496921681,0.0886875975673238
2022-08-19,MSFT,False,5,286.1499938964844,298.9961816051042,273.30380618786455,2022-08-26,2022-08-26,stop_loss,-1,-0.06311374434320982,-0.0255110534638332,-0.06311374434320982,5,0.020076847514165948,0.04489319581557273
2022-08-19,MSFT,False,10,286.1499938964844,304.3172467788051,267.9827410141637,2022-09-02,2022-08-29,stop_loss,-1,-0.07310845135898947,-0.0255110534638332,-0.10515462862031644,6,0.020076847514165948,0.06348856638065405
2022-08-19,MSFT,False,20,286.1499938964844,311.842369313724,260.45761847924473,2022-09-19,2022-09-01,stop_loss,-1,-0.08998777057222351,-0.0255110534638332,-0.1454831050567249,9,0.020076847514165948,0.08978639163114546
2022-08-19,NVDA,False,5,17.849000930786133,19.30798990717986,16.390011954392406,2022-08-26,2022-08-26,stop_loss,-1,-0.089024629897552,0.0035855886989732966,-0.089024629897552,5,0.03655553094865038,0.08174065215477963
2022-08-19,NVDA,False,10,17.849000930786133,19.912322928554982,15.785678933017286,2022-09-02,2022-08-30,stop_loss,-1,-0.13339685106363885,0.0035855886989732966,-0.23541937357027665,7,0.03655553094865038,0.11559873887451091
2022-08-19,NVDA,False,20,17.849000930786133,20.76697888357359,14.931022977998678,2022-09-19,2022-09-01,stop_loss,-1,-0.21917196773632708,0.0035855886989732966,-0.2756457377668795,9,0.03655553094865038,0.16348130430955926
2022-08-19,AMZN,False,5,138.22999572753906,147.909632385266,128.5503590698121,2022-08-26,2022-08-26,vertical_timeout,0,-0.05411268146374437,-0.006872581766657171,-0.05411268146374437,5,0.03131639475246576,0.07002558747673114
2022-08-19,AMZN,False,10,138.22999572753906,151.9190691677403,124.5409222873378,2022-09-02,2022-09-02,vertical_timeout,0,-0.07755186227769584,-0.006872581766657171,-0.08290529869552421,10,0.03131639475246576,0.09903113552273675
2022-08-19,AMZN,False,20,138.22999572753906,157.58926904299298,118.87072241208514,2022-09-19,2022-09-19,vertical_timeout,0,-0.09816966277114758,-0.006872581766657171,-0.10634447950947568,20,0.03131639475246576,0.14005117495346228
2022-08-19,GOOGL,False,5,117.20999908447266,123.81682022782957,110.60317794111576,2022-08-26,2022-08-26,stop_loss,-1,-0.058612770243525514,-0.0047777285467783814,-0.058612770243525514,5,0.025208260911395233,0.05636738499243055
2022-08-19,GOOGL,False,10,117.20999908447266,126.55345514958131,107.866543019364,2022-09-02,2022-09-02,stop_loss,-1,-0.07985667335093016,-0.0047777285467783814,-0.07985667335093016,10,0.025208260911395233,0.07971552033180095
2022-08-19,GOOGL,False,20,117.20999908447266,130.42364137118645,103.99635679775885,2022-09-19,2022-09-15,stop_loss,-1,-0.1220032039421598,-0.0047777285467783814,-0.12294169563408697,18,0.025208260911395233,0.1127347699848611
2022-08-19,META,False,5,167.9600067138672,181.04876892124662,154.87124450648776,2022-08-26,2022-08-26,vertical_timeout,0,-0.03679452064501543,0.0048820673532514736,-0.040783554594547855,5,0.03485039398324123,0.07792784998917707
2022-08-19,META,False,10,167.9600067138672,186.47031174221956,149.4497016855148,2022-09-02,2022-09-02,vertical_timeout,0,-0.045487015267055564,0.0048820673532514736,-0.06430103965259093,10,0.03485039398324123,0.11020662234127025
2022-08-19,META,False,20,167.9600067138672,194.13753112862602,141.78248229910835,2022-09-19,2022-09-19,vertical_timeout,0,-0.11871875234784657,0.007084943647593489,-0.12901888879208556,20,0.03485039398324123,0.15585569997835413
2022-08-19,TSLA,True,5,296.6666564941406,323.05747302078123,270.2758399675001,2022-08-26,2022-08-26,vertical_timeout,0,-0.02891009140563594,0.0014495164318133469,-0.02891009140563594,5,0.039783142758720344,0.0889578115670772
2022-08-19,TSLA,True,10,296.6666564941406,333.9889071482158,259.3444058400655,2022-09-02,2022-09-02,vertical_timeout,0,-0.08917977285251477,0.0014495164318133469,-0.08917977285251477,10,0.039783142758720344,0.12580534359719078
2022-08-19,TSLA,True,20,296.6666564941406,349.4482895474218,243.88502344085944,2022-09-19,2022-09-19,vertical_timeout,0,0.041809049175444146,0.041809049175444146,-0.08917977285251477,20,0.039783142758720344,0.1779156231341544
2022-08-19,SPY,False,5,422.1400146484375,436.13897254036203,408.14105675651297,2022-08-26,2022-08-26,stop_loss,-1,-0.03986832924109307,-0.006230171960842856,-0.03986832924109307,5,0.014830445053435474,0.03316188327605722
2022-08-19,SPY,False,10,422.1400146484375,441.93753075828715,402.3424985385879,2022-09-02,2022-08-30,stop_loss,-1,-0.05668740788121818,-0.006230171960842856,-0.07082963797915143,7,0.014830445053435474,0.04689798508283365
2022-08-19,SPY,False,20,422.1400146484375,450.1379304322866,394.1420988645883,2022-09-19,2022-09-02,stop_loss,-1,-0.07082963797915143,-0.006230171960842856,-0.08665375425333222,10,0.014830445053435474,0.06632376655211444
2022-08-19,QQQ,True,5,322.8599853515625,336.8383681441882,308.8816025589368,2022-08-26,2022-08-26,stop_loss,-1,-0.047760588520641245,-0.0070618809476008515,-0.047760588520641245,5,0.019362333864810833,0.043295494724763246
2022-08-19,QQQ,True,10,322.8599853515625,342.6284038769365,303.0915668261885,2022-09-02,2022-08-30,stop_loss,-1,-0.06764541079350239,-0.0070618809476008515,-0.08576464467616352,7,0.019362333864810833,0.06122907582941298
2022-08-19,QQQ,True,20,322.8599853515625,350.81675093681395,294.90321976631105,2022-09-19,2022-09-06,stop_loss,-1,-0.09233103794554665,-0.0070618809476008515,-0.10388397308146458,11,0.019362333864810833,0.08659098944952649
2022-08-19,AVGO,False,5,54.84299850463867,57.42254672750435,52.26345028177299,2022-08-26,2022-08-26,stop_loss,-1,-0.050270773747887465,0.0030997937435568446,-0.050270773747887465,5,0.021034754972701138,0.04703514200901148
2022-08-19,AVGO,False,10,54.84299850463867,58.49103058621074,51.1949664230666,2022-09-02,2022-08-30,stop_loss,-1,-0.07665515526687061,0.0030997937435568446,-0.10287545256188757,7,0.021034754972701138,0.06651773573728854
2022-08-19,AVGO,False,20,54.84299850463867,60.002094950370044,49.6839020589073,2022-09-19,2022-09-01,stop_loss,-1,-0.10287545256188757,0.0030997937435568446,-0.10287545256188757,9,0.021034754972701138,0.09407028401802296
2022-08-19,AMD,False,5,95.9499969482422,103.38805072807473,88.51194316840969,2022-08-26,2022-08-26,vertical_timeout,0,-0.049713358986759215,0.012819212048511774,-0.049713358986759215,5,0.03466804460864439,0.07752010439192394
2022-08-19,AMD,False,10,95.9499969482422,106.46899348134183,85.43100041514259,2022-09-02,2022-08-31,stop_loss,-1,-0.11547675408095104,0.012819212048511774,-0.16373110561897186,8,0.03466804460864439,0.10962998298763697
2022-08-19,AMD,False,20,95.9499969482422,110.82610450790723,81.07388938857717,2022-09-19,2022-09-02,stop_loss,-1,-0.16373110561897186,0.012819212048511774,-0.2026054760845709,10,0.03466804460864439,0.1550402087838479
2022-08-19,NFLX,False,5,24.11599922180176,25.9507602519112,22.281238191692324,2022-08-26,2022-08-26,vertical_timeout,0,-0.07414165551950713,-0.029772703923027888,-0.07414165551950713,5,0.034024303517834656,0.07608065555296352
2022-08-19,NFLX,False,10,24.11599922180176,26.71074315429616,21.521255289307366,2022-09-02,2022-09-02,vertical_timeout,0,-0.062406668159369905,-0.029772703923027888,-0.08504721985104247,10,0.034024303517834656,0.10759429491723695
2022-08-19,NFLX,False,20,24.11599922180176,27.785521282020632,20.44647716158289,2022-09-19,2022-09-19,vertical_timeout,0,0.010242231544190572,0.010242231544190572,-0.0954967478344404,20,0.034024303517834656,0.15216131110592704
2022-08-19,COST,False,5,554.530029296875,577.7955574475923,531.2645011461577,2022-08-26,2022-08-26,vertical_timeout,0,-0.040953637806507515,-0.006780534086481382,-0.040953637806507515,5,0.018763024445548063,0.041955398123735776
2022-08-19,COST,False,10,554.530029296875,587.4324547433923,521.6276038503577,2022-09-02,2022-09-02,stop_loss,-1,-0.06387398711341907,-0.006780534086481382,-0.06387398711341907,10,0.018763024445548063,0.05933389304134984
2022-08-19,COST,False,20,554.530029296875,601.0610855983094,507.9989729954405,2022-09-19,2022-09-15,stop_loss,-1,-0.09202392404533855,-0.006780534086481382,-0.09202392404533855,18,0.018763024445548063,0.08391079624747155
2022-08-19,ADBE,False,5,425.05999755859375,448.7445095804382,401.3754855367493,2022-08-26,2022-08-26,stop_loss,-1,-0.10360892297057678,-0.03225425006781124,-0.10360892297057678,5,0.024918919305011677,0.05572039749183793
2022-08-19,ADBE,False,10,425.05999755859375,458.55495567807486,391.56503943911264,2022-09-02,2022-08-26,stop_loss,-1,-0.10360892297057678,-0.03225425006781124,-0.13391046731540512,5,0.024918919305011677,0.078800541833777
2022-08-19,ADBE,False,20,425.05999755859375,472.4290216022827,377.6909735149047,2022-09-19,2022-08-29,stop_loss,-1,-0.11715990231732853,-0.03225425006781124,-0.30348656834549004,6,0.024918919305011677,0.11144079498367586
2022-08-19,PEP,False,5,180.1699981689453,184.25840714607887,176.0815891918118,2022-08-26,2022-08-26,stop_loss,-1,-0.02847313612115432,-0.0049952484077867565,-0.02847313612115432,5,0.01014814950946332,0.02269195214899113
2022-08-19,PEP,False,10,180.1699981689453,185.95188159293548,174.38811474495515,2022-09-02,2022-08-30,stop_loss,-1,-0.03985121134900926,-0.0049952484077867565,-0.05278345231439929,7,0.01014814950946332,0.032091266485824554
2022-08-19,PEP,False,20,180.1699981689453,188.34681612321236,171.99318021467826,2022-09-19,2022-09-02,stop_loss,-1,-0.05278345231439929,-0.0049952484077867565,-0.07931394478193365,10,0.01014814950946332,0.04538390429798226
2022-08-19,CSCO,False,5,48.70000076293945,50.306537203468174,47.09346432241073,2022-08-26,2022-08-24,stop_loss,-1,-0.03347024728089243,-0.02032857624142348,-0.057700232633865145,3,0.01475287323644769,0.032988427420134366
2022-08-19,CSCO,False,10,48.70000076293945,50.971986385581765,46.42801514029714,2022-09-02,2022-08-26,stop_loss,-1,-0.057700232633865145,-0.02032857624142348,-0.08439426172410369,5,0.01475287323644769,0.046652681458914505
2022-08-19,CSCO,False,20,48.70000076293945,51.91307364399689,45.48692788188202,2022-09-19,2022-08-30,stop_loss,-1,-0.07104720801371534,-0.02032857624142348,-0.11108829081434224,7,0.01475287323644769,0.06597685484026873
2022-08-19,INTC,False,5,35.380001068115234,37.185850466485256,33.57415166974521,2022-08-26,2022-08-26,stop_loss,-1,-0.05709441483268107,-0.013849679583768926,-0.05709441483268107,5,0.022826466308513215,0.05104153035194424
2022-08-19,INTC,False,10,35.380001068115234,37.93385777889341,32.82614435733705,2022-09-02,2022-08-30,stop_loss,-1,-0.0881854904575965,-0.013849679583768926,-0.117580600033101,7,0.022826466308513215,0.07218362446799752
2022-08-19,INTC,False,20,35.380001068115234,38.991699864855285,31.768302271375187,2022-09-19,2022-09-01,stop_loss,-1,-0.10231771424381819,-0.013849679583768926,-0.18485021814827618,9,0.022826466308513215,0.10208306070388848
2022-08-19,AMAT,False,5,104.62999725341795,112.23174658568772,97.02824792114818,2022-08-26,2022-08-26,vertical_timeout,0,-0.05572010278791906,0.0035362970113235193,-0.05572010278791906,5,0.03249169205978084,0.07265363214966013
2022-08-19,AMAT,False,10,104.62999725341795,115.38049425687448,93.87950024996142,2022-09-02,2022-09-01,stop_loss,-1,-0.1225270002040969,0.0035362970113235193,-0.12797476575687294,9,0.03249169205978084,0.10274775194171527
2022-08-19,AMAT,False,20,104.62999725341795,119.8334959179575,89.4264985888784,2022-09-19,2022-09-15,stop_loss,-1,-0.1501481362598377,0.0035362970113235193,-0.1506259669362754,18,0.03249169205978084,0.14530726429932025
2022-08-19,QCOM,False,5,147.60000610351562,156.33629997754306,138.86371222948816,2022-08-26,2022-08-26,stop_loss,-1,-0.06246613034851034,-0.00914638243692778,-0.06246613034851034,5,0.026470116756011536,0.059188980438798014
2022-08-19,QCOM,False,10,147.60000610351562,159.95499138504223,135.24502082198902,2022-09-02,2022-08-30,stop_loss,-1,-0.08936315647680781,-0.00914638243692778,-0.1295393603342212,7,0.026470116756011536,0.08370585887958398
2022-08-19,QCOM,False,20,147.60000610351562,165.07259385157053,130.12741835546072,2022-09-19,2022-09-01,stop_loss,-1,-0.11978324663598505,-0.00914638243692778,-0.15359081884075798,9,0.026470116756011536,0.11837796087759603
2022-08-19,TXN,False,5,176.4499969482422,184.36315302949632,168.53684086698806,2022-08-26,2022-08-26,vertical_timeout,0,-0.03944455412555026,0.0048739054985862396,-0.03944455412555026,5,0.020055942442935064,0.044846450655226
2022-08-19,TXN,False,10,176.4499969482422,187.6408895995269,165.25910429695747,2022-09-02,2022-08-31,stop_loss,-1,-0.0637007108459855,0.0048739054985862396,-0.07622554367165824,8,0.020055942442935064,0.06342245874091638
2022-08-19,TXN,False,20,176.4499969482422,192.27630911075042,160.62368478573393,2022-09-19,2022-09-19,vertical_timeout,0,-0.05780672782462071,0.0048739054985862396,-0.07820914304581006,20,0.020055942442935064,0.089692901310452
2022-08-19,CCJ,False,5,22.540000915527344,24.34942220945283,20.73057962160186,2022-08-26,2022-08-24,take_profit,1,0.19831406973347554,0.2089617965023256,0.004436489354896489,3,0.03590052217225782,0.08027600800490692
2022-08-19,CCJ,False,10,22.540000915527344,25.098909049443435,19.981092781611252,2022-09-02,2022-08-24,take_profit,1,0.19831406973347554,0.316770146390271,0.004436489354896489,3,0.03590052217225782,0.1135274192537105
2022-08-19,CCJ,False,20,22.540000915527344,26.15884350337831,18.92115832767638,2022-09-19,2022-08-24,take_profit,1,0.19831406973347554,0.3518189030934926,0.004436489354896489,3,0.03590052217225782,0.16055201600981384
2022-08-19,YPF,True,5,4.650000095367432,5.010192240612848,4.289807950122015,2022-08-26,2022-08-23,take_profit,1,0.1118279505939288,0.19999995898175071,0.02580642647268583,2,0.03464146689083397,0.07746067480821305
2022-08-19,YPF,True,10,4.650000095367432,5.159388712233759,4.140611478501104,2022-09-02,2022-08-23,take_profit,1,0.1118279505939288,0.26451612770908883,0.02580642647268583,2,0.03464146689083397,0.10954593686434684
2022-08-19,YPF,True,20,4.650000095367432,5.370384385858264,3.929615804876599,2022-09-19,2022-08-25,take_profit,1,0.19999995898175071,0.5698924819394084,0.02580642647268583,4,0.03464146689083397,0.1549213496164261
2022-08-19,VIST,True,5,8.729999542236328,9.55115940930135,7.908839675171307,2022-08-26,2022-08-23,take_profit,1,0.10080185115513673,0.1901490135314703,0.02520049009904657,2,0.04206573606948241,0.0940618453749275
2022-08-19,VIST,True,10,8.729999542236328,9.89129496311617,7.568704121356487,2022-09-02,2022-08-25,take_profit,1,0.1901490135314703,0.19243990759081098,0.02520049009904657,4,0.04206573606948241,0.13302353743106346
2022-08-19,VIST,True,20,8.729999542236328,10.37231927636637,7.0876798081062855,2022-09-19,2022-08-25,take_profit,1,0.1901490135314703,0.20045820066007813,0.02520049009904657,4,0.04206573606948241,0.188123690749855
2022-08-26,AAPL,False,5,163.6199951171875,170.92100806076579,156.31898217360921,2022-09-02,2022-09-02,stop_loss,-1,-0.047732537536137265,-0.013690198638440787,-0.047732537536137265,5,0.01995545988710514,0.044621764829837374
2022-08-26,AAPL,False,10,163.6199951171875,173.9451866410574,153.29480359331757,2022-09-12,2022-09-12,vertical_timeout,0,-0.0011612421896857184,-0.0011612421896857184,-0.05598330691037956,10,0.01995545988710514,0.0631047049993788
2022-08-26,AAPL,False,20,163.6199951171875,178.22202100434407,149.01796923003093,2022-09-26,2022-09-26,vertical_timeout,0,-0.07853557773011288,-0.0011612421896857184,-0.08061363424414814,20,0.01995545988710514,0.08924352965967475
2022-08-26,MSFT,False,5,268.0899963378906,280.5408897823494,255.63910289343184,2022-09-02,2022-09-02,vertical_timeout,0,-0.04487298647329874,-0.010668004739564751,-0.04487298647329874,5,0.020769923908183795,0.04644296174619707
2022-08-26,MSFT,False,10,268.0899963378906,285.6982187107065,250.48177396507478,2022-09-12,2022-09-12,vertical_timeout,0,-0.005371339703370781,-0.005371339703370781,-0.05535453221158926,10,0.020769923908183795,0.06568026637824674
2022-08-26,MSFT,False,20,268.0899963378906,292.9917832268082,243.1882094489731,2022-09-26,2022-09-20,stop_loss,-1,-0.0956395230702034,-0.005371339703370781,-0.1142899765309815,16,0.020769923908183795,0.09288592349239413
2022-08-26,NVDA,False,5,16.260000228881836,17.599993757580123,14.920006700183547,2022-09-02,2022-09-01,stop_loss,-1,-0.1428659238329777,-0.028228818019822577,-0.16070109958764434,4,0.036855062452668105,0.082410424959166
2022-08-26,NVDA,False,10,16.260000228881836,18.155037250659138,14.364963207104534,2022-09-12,2022-09-01,stop_loss,-1,-0.1428659238329777,-0.028228818019822577,-0.1718942212146667,4,0.036855062452668105,0.1165459406581828
2022-08-26,NVDA,False,20,16.260000228881836,18.939987286278413,13.580013171485259,2022-09-26,2022-09-06,stop_loss,-1,-0.1718942212146667,-0.028228818019822577,-0.24797050952835586,6,0.036855062452668105,0.164820849918332
2022-08-26,AMZN,False,5,130.75,139.8687764554108,121.6312235445892,2022-09-02,2022-09-02,vertical_timeout,0,-0.024780098384470595,-0.007342307563037775,-0.030439796228937666,5,0.031189604628563104,0.06974207614080918
2022-08-26,AMZN,False,10,130.75,143.6458973354904,117.85410266450958,2022-09-12,2022-09-12,vertical_timeout,0,0.04359462293110661,0.04359462293110661,-0.03548756703364009,10,0.031189604628563104,0.09863018994638939
2022-08-26,AMZN,False,20,130.75,148.9875529108216,112.5124470891784,2022-09-26,2022-09-26,vertical_timeout,0,-0.11931165180972159,0.04359462293110661,-0.12978968428836046,20,0.031189604628563104,0.13948415228161837
2022-08-26,GOOGL,False,5,110.33999633789062,116.6532064178921,104.02678625788916,2022-09-02,2022-09-02,vertical_timeout,0,-0.022566593677821878,-0.005437724252624898,-0.022566593677821878,5,0.025587760311122063,0.0572159714476401
2022-08-26,GOOGL,False,10,110.33999633789062,119.26822365513922,101.41176902064203,2022-09-12,2022-09-12,vertical_timeout,0,0.004712745058179424,0.004712745058179424,-0.03199201464976553,10,0.025587760311122063,0.0809156028056044
2022-08-26,GOOGL,False,20,110.33999633789062,122.96641649789356,97.71357617788769,2022-09-26,2022-09-26,vertical_timeout,0,-0.11029543749192738,0.004712745058179424,-0.11029543749192738,20,0.025587760311122063,0.1144319428952802
2022-08-26,META,False,5,161.77999877929688,174.18822604731898,149.37177151127477,2022-09-02,2022-09-02,vertical_timeout,0,-0.009024548560356171,0.022128828397004696,-0.028557270070759366,5,0.034300457239358755,0.07669815404653095
2022-08-26,META,False,10,161.77999877929688,179.32788206674138,144.23211549185237,2022-09-12,2022-09-12,vertical_timeout,0,0.04438130787950745,0.04555566307823855,-0.028557270070759366,10,0.034300457239358755,0.10846756966158495
2022-08-26,META,False,20,161.77999877929688,186.59645331534105,136.96354424325267,2022-09-26,2022-09-26,stop_loss,-1,-0.1570651740254625,0.04555566307823855,-0.1570651740254625,20,0.034300457239358755,0.1533963080930619
2022-08-26,TSLA,False,5,288.0899963378906,312.2510967868302,263.92889588895105,2022-09-02,2022-09-02,vertical_timeout,0,-0.062063956090449124,-0.01135058160727187,-0.062063956090449124,5,0.037506240203956674,0.0838665026764827
2022-08-26,TSLA,False,10,288.0899963378906,322.2589522746397,253.92104040114157,2022-09-12,2022-09-12,vertical_timeout,0,0.05668373528211945,0.05668373528211945,-0.062063956090449124,10,0.037506240203956674,0.11860514551388132
2022-08-26,TSLA,False,20,288.0899963378906,336.4121972357698,239.76779544001144,2022-09-26,2022-09-26,vertical_timeout,0,-0.04193129482391822,0.07282450363781945,-0.062063956090449124,20,0.037506240203956674,0.1677330053529654
2022-08-26,SPY,False,5,405.30999755859375,418.96010108946706,391.6598940277204,2022-09-02,2022-09-02,vertical_timeout,0,-0.032246940373902966,-0.006612204712255654,-0.032246940373902966,5,0.015061340494336174,0.03367818117760597
2022-08-26,SPY,False,10,405.30999755859375,424.6141590997517,386.00583601743574,2022-09-12,2022-09-12,vertical_timeout,0,0.01396462879327598,0.01396462879327598,-0.03589841819992445,10,0.015061340494336174,0.04762814057742866
2022-08-26,SPY,False,20,405.30999755859375,432.6102046203405,378.0097904968471,2022-09-26,2022-09-21,stop_loss,-1,-0.06888550264817983,0.01396462879327598,-0.10115713958936534,17,0.015061340494336174,0.06735636235521195
2022-08-26,QQQ,False,5,307.44000244140625,320.8326031509142,294.0474017318983,2022-09-02,2022-09-02,vertical_timeout,0,-0.03991019033383714,-0.009855577528088078,-0.03991019033383714,5,0.01948137219890844,0.043561672531733826
2022-08-26,QQQ,False,10,307.44000244140625,326.38000000023993,288.5000048825725,2022-09-12,2022-09-12,vertical_timeout,0,0.010733761926760677,0.010733761926760677,-0.04680592809707651,10,0.01948137219890844,0.06160550809403349
2022-08-26,QQQ,False,20,307.44000244140625,334.2252038604222,280.6548010223903,2022-09-26,2022-09-22,stop_loss,-1,-0.08902548432162416,0.010733761926760677,-0.107565726846237,18,0.01948137219890844,0.08712334506346765
2022-08-26,AVGO,False,5,52.08599853515625,54.5535116687671,49.6184854015454,2022-09-02,2022-09-01,stop_loss,-1,-0.05538913340762641,-0.012824929661802487,-0.05538913340762641,4,0.02118621993357098,0.047373827957725795
2022-08-26,AVGO,False,10,52.08599853515625,55.575589074042455,48.59640799627005,2022-09-12,2022-09-12,vertical_timeout,0,0.015743188532149288,0.015743188532149288,-0.05538913340762641,10,0.02118621993357098,0.06699670999934552
2022-08-26,AVGO,False,20,52.08599853515625,57.02102480237795,47.15097226793455,2022-09-26,2022-09-23,stop_loss,-1,-0.10018044486786026,0.015743188532149288,-0.112506181324315,19,0.02118621993357098,0.09474765591545159
2022-08-26,AMD,False,5,91.18000030517578,98.04123890353381,84.31876170681774,2022-09-02,2022-09-01,stop_loss,-1,-0.09706074187870706,-0.029502110467239717,-0.1199824786662701,4,0.03365254631371841,0.07524938117343434
2022-08-26,AMD,False,10,91.18000030517578,100.88325698565147,81.47674362470009,2022-09-12,2022-09-02,stop_loss,-1,-0.1199824786662701,-0.029502110467239717,-0.1366527642330505,5,0.03365254631371841,0.10641869541565348
2022-08-26,AMD,False,20,91.18000030517578,104.90247750189185,77.45752310845972,2022-09-26,2022-09-13,stop_loss,-1,-0.15518755734283196,-0.029502110467239717,-0.2728668257309237,11,0.03365254631371841,0.15049876234686868
2022-08-26,NFLX,False,5,22.327999114990234,24.057272045843558,20.598726184136908,2022-09-02,2022-09-02,vertical_timeout,0,0.012674711450294085,0.03027591463128143,-0.011778869193704411,5,0.03463608006363914,0.07744862949642237
2022-08-26,NFLX,False,10,22.327999114990234,24.77356034684768,19.882437883132788,2022-09-12,2022-09-12,vertical_timeout,0,0.059342566081073356,0.059342566081073356,-0.02190068221373409,10,0.03463608006363914,0.10952890222104944
2022-08-26,NFLX,False,20,22.327999114990234,25.786544976696884,18.869453253283584,2022-09-26,2022-09-26,vertical_timeout,0,0.003538179691588317,0.09114125024281794,-0.02306518318082007,20,0.03463608006363914,0.15489725899284473
2022-08-26,COST,False,5,531.8200073242188,550.7011077331516,512.9389069152859,2022-09-02,2022-09-02,vertical_timeout,0,-0.02389910457977129,-0.0014290732863716515,-0.02389910457977129,5,0.015877335723713908,0.035502801979810115
2022-08-26,COST,False,10,531.8200073242188,558.5219155950599,505.11809905337765,2022-09-12,2022-09-12,vertical_timeout,0,0.014478605733117877,0.014478605733117877,-0.024293901568617993,10,0.015877335723713908,0.05020854406209384
2022-08-26,COST,False,20,531.8200073242188,569.5822081420846,494.05780650635296,2022-09-26,2022-09-21,stop_loss,-1,-0.0728629977555103,0.014478605733117877,-0.12301156881420539,17,0.015877335723713908,0.07100560395962023
2022-08-26,ADBE,False,5,381.0199890136719,401.61020715184605,360.4297708754977,2022-09-02,2022-09-02,vertical_timeout,0,-0.03380393348542199,-0.015117262647971419,-0.03380393348542199,5,0.024167302900664666,0.054039732118714046
2022-08-26,ADBE,False,10,381.0199890136719,410.1389547568983,351.9010232704454,2022-09-12,2022-09-12,vertical_timeout,0,0.04026034533673828,0.04026034533673828,-0.03380393348542199,10,0.024167302900664666,0.07642372206929435
2022-08-26,ADBE,False,20,381.0199890136719,422.2004252900203,339.83955273732346,2022-09-26,2022-09-15,stop_loss,-1,-0.18867772348888445,0.04026034533673828,-0.2731090246156609,13,0.024167302900664666,0.10807946423742809
2022-08-26,PEP,False,5,175.0399932861328,178.997889610386,171.0820969618796,2022-09-02,2022-09-02,stop_loss,-1,-0.02502279360159476,-0.00314206932166472,-0.02502279360159476,5,0.010112117879780372,0.02261138297567996
2022-08-26,PEP,False,10,175.0399932861328,180.6373039463583,169.44268262590734,2022-09-12,2022-09-12,vertical_timeout,0,-0.006512793837833986,-0.00314206932166472,-0.031592773031344557,10,0.010112117879780372,0.03197732446821871
2022-08-26,PEP,False,20,175.0399932861328,182.9557859346392,167.12420063762642,2022-09-26,2022-09-15,stop_loss,-1,-0.05233083155086016,-0.00314206932166472,-0.05233083155086016,13,0.010112117879780372,0.04522276595135992
2022-08-26,CSCO,False,5,45.88999938964844,47.43602808120235,44.34397069809452,2022-09-02,2022-09-02,vertical_timeout,0,-0.0283285956493996,-0.003922429888207457,-0.0283285956493996,5,0.015066573525644528,0.033689882591339836
2022-08-26,CSCO,False,10,45.88999938964844,48.07641413306191,43.703584646234965,2022-09-12,2022-09-12,vertical_timeout,0,0.011113579058916079,0.011113579058916079,-0.030943521199209845,10,0.015066573525644528,0.04764468887543003
2022-08-26,CSCO,False,20,45.88999938964844,48.982056772756266,42.797942006540616,2022-09-26,2022-09-20,stop_loss,-1,-0.07212895189840418,0.011113579058916079,-0.1157114323211681,16,0.015066573525644528,0.06737976518267967
2022-08-26,INTC,False,5,33.36000061035156,35.11888751629971,31.601113704403417,2022-09-02,2022-09-02,stop_loss,-1,-0.0641487187603057,-0.012589987288916693,-0.0641487187603057,5,0.02357908042252215,0.052724426671694
2022-08-26,INTC,False,10,33.36000061035156,35.847442327423884,30.87255889327924,2022-09-12,2022-09-06,stop_loss,-1,-0.08992805590864117,-0.012589987288916693,-0.08992805590864117,6,0.02357908042252215,0.0745635992674554
2022-08-26,INTC,False,20,33.36000061035156,36.87777442224785,29.84222679845527,2022-09-26,2022-09-13,stop_loss,-1,-0.12200238670143504,-0.012589987288916693,-0.19154679796421414,11,0.02357908042252215,0.105448853343388
2022-08-26,AMAT,False,5,98.8000030517578,105.93003414682403,91.66997195669157,2022-09-02,2022-09-02,stop_loss,-1,-0.07651826876997003,-0.022874514842337823,-0.07651826876997003,5,0.03227375246517604,0.07216630440113504
2022-08-26,AMAT,False,10,98.8000030517578,108.88338972654233,88.71661637697326,2022-09-12,2022-09-12,vertical_timeout,0,-0.02530364294311127,-0.022874514842337823,-0.08613362220011644,10,0.03227375246517604,0.10205856643043036
2022-08-26,AMAT,False,20,98.8000030517578,113.06006524189024,84.53994086162535,2022-09-26,2022-09-23,stop_loss,-1,-0.14686236526358387,-0.022874514842337823,-0.1605263170087461,19,0.03227375246517604,0.14433260880227008
2022-08-26,QCOM,False,5,138.3800048828125,146.6684596388339,130.0915501267911,2022-09-02,2022-09-01,stop_loss,-1,-0.06113604867286693,-0.009394442881099252,-0.07154219400163553,4,0.026786454124771073,0.05989633229916776
2022-08-26,QCOM,False,10,138.3800048828125,150.10165000989375,126.65835975573125,2022-09-12,2022-09-12,vertical_timeout,0,-0.038878484556844506,-0.009394442881099252,-0.08462210074196663,10,0.026786454124771073,0.08470620547388871
2022-08-26,QCOM,False,20,138.3800048828125,154.9569143948553,121.80309537076971,2022-09-26,2022-09-23,stop_loss,-1,-0.12422316689440538,-0.009394442881099252,-0.13470159243619273,19,0.026786454124771073,0.11979266459833551
2022-08-26,TXN,False,5,169.49000549316406,177.44692725561367,161.53308373071442,2022-09-02,2022-09-02,vertical_timeout,0,-0.03829137579103936,-0.009145100014881558,-0.03829137579103936,5,0.020995005458540036,0.04694625939327467
2022-08-26,TXN,False,10,169.49000549316406,180.74279216436196,158.23721882196617,2022-09-12,2022-09-12,vertical_timeout,0,0.006431036064451501,0.007375066136571684,-0.03829137579103936,10,0.020995005458540036,0.06639203673665434
2022-08-26,TXN,False,20,169.49000549316406,185.4038490180633,153.5761619682648,2022-09-26,2022-09-26,vertical_timeout,0,-0.0532774705683815,0.007375066136571684,-0.0532774705683815,20,0.020995005458540036,0.09389251878654933
2022-08-26,CCJ,False,5,26.65999984741211,29.05956128677421,24.26043840805001,2022-09-02,2022-08-29,take_profit,1,0.09302323917593958,0.11327833739867121,0.07089270069264075,1,0.040251931922810825,0.09000605600509883
2022-08-26,CCJ,False,10,26.65999984741211,30.053492178705497,23.266507516118722,2022-09-12,2022-09-08,take_profit,1,0.13240812853898665,0.13615908060358062,0.07089270069264075,8,0.040251931922810825,0.1272877850981231
2022-08-26,CCJ,False,20,26.65999984741211,31.45912272613631,21.860876968687908,2022-09-26,2022-09-26,vertical_timeout,0,-0.05776440423829177,0.14291070846769793,-0.05776440423829177,20,0.040251931922810825,0.18001211201019765
2022-08-26,YPF,True,5,5.510000228881836,5.9595605203893625,5.060439937374309,2022-09-02,2022-09-02,vertical_timeout,0,0.0562613302908066,0.06715061164964187,-0.0036298469932606325,5,0.03648810635347098,0.0815898861766031
2022-08-26,YPF,True,10,5.510000228881836,6.145774490236181,4.87422596752749,2022-09-12,2022-09-07,take_profit,1,0.19782207449598044,0.2740471305481429,-0.0036298469932606325,7,0.03648810635347098,0.1153855235834292
2022-08-26,YPF,True,20,5.510000228881836,6.409120811896888,4.610879645866784,2022-09-26,2022-09-07,take_profit,1,0.19782207449598044,0.32486386342968965,-0.0036298469932606325,7,0.03648810635347098,0.1631797723532062
2022-08-26,VIST,True,5,9.890000343322754,10.854590932659386,8.92540975398612,2022-09-02,2022-09-02,vertical_timeout,0,0.014155650635842232,0.052578310013956076,-0.03235597951364921,5,0.043617594607456664,0.09753190655730136
2022-08-26,VIST,True,10,9.890000343322754,11.254137436900079,8.52586324974543,2022-09-12,2022-09-12,vertical_timeout,0,0.05055611553518058,0.052578310013956076,-0.03235597951364921,10,0.043617594607456664,0.137930945017441
2022-08-26,VIST,True,20,9.890000343322754,11.81918152199602,7.960819164649487,2022-09-26,2022-09-26,vertical_timeout,0,-0.15065729758022262,0.05965613533187719,-0.15065729758022262,20,0.043617594607456664,0.19506381311460272
2022-09-02,AAPL,False,5,155.80999755859375,162.38733236684166,149.23266275034584,2022-09-12,2022-09-12,take_profit,1,0.04890568793136607,0.04890568793136607,-0.008664340323982667,5,0.018878593122995224,0.04221381754257737
2022-09-02,AAPL,False,10,155.80999755859375,165.11175364868657,146.50824146850093,2022-09-19,2022-09-19,vertical_timeout,0,-0.008536049367143694,0.04890568793136607,-0.03279635896554012,10,0.018878593122995224,0.0596993532882562
2022-09-02,AAPL,False,20,155.80999755859375,168.96466717508955,142.65532794209795,2022-10-03,2022-09-29,stop_loss,-1,-0.08555293010669496,0.04890568793136607,-0.11302227640257267,18,0.018878593122995224,0.08442763508515475
2022-09-02,MSFT,False,5,256.0599975585937,267.8386708931124,244.28132422407492,2022-09-12,2022-09-12,vertical_timeout,0,0.041357480429825344,0.041357480429825344,-0.01097398104110614,5,0.020571674226249413,0.04599966198087408
2022-09-02,MSFT,False,10,256.0599975585937,272.71755713503245,239.40243798215496,2022-09-19,2022-09-19,vertical_timeout,0,-0.045067536499886485,0.041357480429825344,-0.045067536499886485,10,0.020571674226249413,0.06505334583793015
2022-09-02,MSFT,False,20,256.0599975585937,279.61734422763124,232.50265088955618,2022-10-03,2022-10-03,vertical_timeout,0,-0.05982969699093266,0.041357480429825344,-0.09044756651928676,20,0.020571674226249413,0.09199932396174816
2022-09-02,NVDA,False,5,13.647000312805176,14.801565280612973,12.492435344997379,2022-09-12,2022-09-12,vertical_timeout,0,0.06287094467424237,0.06287094467424237,-0.013336275814877174,5,0.037835212036093496,0.08460210605582329
2022-09-02,NVDA,False,10,13.647000312805176,15.279801748919818,12.014198876690534,2022-09-19,2022-09-19,vertical_timeout,0,-0.019418211859649537,0.06287094467424237,-0.0526123247255732,10,0.037835212036093496,0.11964544578947225
2022-09-02,NVDA,False,20,13.647000312805176,15.95613024842077,11.337870377189581,2022-10-03,2022-10-03,vertical_timeout,0,-0.08316847679829309,0.06287094467424237,-0.11050050115594656,20,0.037835212036093496,0.16920421211164657
2022-09-02,AMZN,False,5,127.51000213623048,136.16996574547795,118.850038526983,2022-09-12,2022-09-12,take_profit,1,0.07011210620528652,0.07011210620528652,-0.010979542799969266,5,0.030372938575066732,0.06791595533027482
2022-09-02,AMZN,False,10,127.51000213623048,139.7570401220857,115.26296415037524,2022-09-19,2022-09-19,vertical_timeout,0,-0.022351175800908507,0.07011210620528652,-0.031213263981294648,10,0.030372938575066732,0.09604766512959995
2022-09-02,AMZN,False,20,127.51000213623048,144.82992935472544,110.19007491773553,2022-10-03,2022-10-03,vertical_timeout,0,-0.0912085694296133,0.07011210620528652,-0.11379501131784264,20,0.030372938575066732,0.13583191066054964
2022-09-02,GOOGL,False,5,107.8499984741211,113.94980397429065,101.75019297395156,2022-09-12,2022-09-12,vertical_timeout,0,0.027909153257454467,0.027909153257454467,-0.009643031342062458,5,0.025293611387818556,0.05655823445962509
2022-09-02,GOOGL,False,10,107.8499984741211,116.47642614029887,99.22357080794332,2022-09-19,2022-09-19,vertical_timeout,0,-0.04432080525660698,0.027909153257454467,-0.04682425121753753,10,0.025293611387818556,0.07998542223667914
2022-09-02,GOOGL,False,20,107.8499984741211,120.04960947446018,95.65038747378199,2022-10-03,2022-09-30,stop_loss,-1,-0.11312004748122095,0.027909153257454467,-0.11312004748122095,19,0.025293611387818556,0.11311646891925017
2022-09-02,META,False,5,160.32000732421875,172.34673633877884,148.29327830965866,2022-09-12,2022-09-12,vertical_timeout,0,0.053892209299713834,0.055077259037348725,-0.011102881466853787,5,0.03354863073220793,0.07501701886925548
2022-09-02,META,False,10,160.32000732421875,177.32837060759564,143.31164404084186,2022-09-19,2022-09-19,vertical_timeout,0,-0.07672157241661826,0.055077259037348725,-0.08751255861480045,10,0.03354863073220793,0.10609008549369948
2022-09-02,META,False,20,160.32000732421875,184.37346535333893,136.26654929509857,2022-10-03,2022-09-27,stop_loss,-1,-0.1616767230762144,0.055077259037348725,-0.1616767230762144,16,0.03354863073220793,0.15003403773851096
2022-09-02,TSLA,False,5,270.2099914550781,291.795678200107,248.62430471004927,2022-09-12,2022-09-09,take_profit,1,0.10906332908715721,0.1266053182875868,0.015580556255471167,4,0.03572559448522464,0.0798848578055539
2022-09-02,TSLA,False,10,270.2099914550781,300.7367624030351,239.68322050712118,2022-09-19,2022-09-12,take_profit,1,0.1266053182875868,0.1438141338145189,0.015580556255471167,5,0.03572559448522464,0.11297424933686052
2022-09-02,TSLA,False,20,270.2099914550781,313.38136494513583,227.03861796502045,2022-10-03,2022-10-03,vertical_timeout,0,-0.10291994536855276,0.1438141338145189,-0.10291994536855276,20,0.03572559448522464,0.1597697156111078
2022-09-02,SPY,True,5,392.239990234375,405.08990616000676,379.39007430874324,2022-09-12,2022-09-09,take_profit,1,0.03661027999863076,0.04775140590620652,-0.003773150381391921,4,0.014650869992986029,0.03276034123382863
2022-09-02,SPY,True,10,392.239990234375,410.4125156117574,374.0674648569926,2022-09-19,2022-09-12,take_profit,1,0.04775140590620652,0.04775140590620652,-0.01703037130862095,5,0.014650869992986029,0.04633011888085098
2022-09-02,SPY,True,20,392.239990234375,417.93982208563847,366.54015838311153,2022-10-03,2022-09-26,stop_loss,-1,-0.07120638734233153,0.04775140590620652,-0.08938404658241084,15,0.014650869992986029,0.06552068246765726
2022-09-02,QQQ,False,5,295.1700134277344,307.71019590217884,282.6298309532899,2022-09-12,2022-09-12,take_profit,1,0.052749182160580776,0.052749182160580776,-0.007182388245155047,5,0.018999694540430982,0.042484608544135306
2022-09-02,QQQ,False,10,295.1700134277344,312.9045095577271,277.4355172977416,2022-09-19,2022-09-19,vertical_timeout,0,-0.01395814428071751,0.052749182160580776,-0.01981910708198642,10,0.018999694540430982,0.06008230959522802
2022-09-02,QQQ,False,20,295.1700134277344,320.25037837662325,270.08964847884545,2022-10-03,2022-09-30,stop_loss,-1,-0.09455568788305291,0.052749182160580776,-0.09455568788305291,19,0.018999694540430982,0.08496921708827061
2022-09-02,AVGO,False,5,50.02199935913086,52.375063853039684,47.668934865222035,2022-09-12,2022-09-12,take_profit,1,0.05765461012751727,0.05765461012751727,-0.004038216522622262,5,0.02103719256020037,0.047040592620360866
2022-09-02,AVGO,False,10,50.02199935913086,53.34973507955531,46.69426363870641,2022-09-19,2022-09-19,vertical_timeout,0,0.003238550055071343,0.05765461012751727,-0.004038216522622262,10,0.02103719256020037,0.06652544406578206
2022-09-02,AVGO,False,20,50.02199935913086,54.728128346948516,45.3158703713132,2022-10-03,2022-09-29,stop_loss,-1,-0.10013591889615825,0.05765461012751727,-0.11237052606019671,18,0.02103719256020037,0.09408118524072173
2022-09-02,AMD,False,5,80.23999786376953,86.3081539400158,74.17184178752328,2022-09-12,2022-09-12,vertical_timeout,0,0.05483551399576525,0.06493019969065972,-0.01894312915669616,5,0.03382056292574181,0.07562507773926785
2022-09-02,AMD,False,10,80.23999786376953,88.8216664853937,71.65832924214537,2022-09-19,2022-09-19,vertical_timeout,0,-0.04324528057184707,0.06493019969065972,-0.046485491361450415,10,0.03382056292574181,0.10695001059439224
2022-09-02,AMD,False,20,80.23999786376953,92.37631001626204,68.10368571127702,2022-10-03,2022-09-23,stop_loss,-1,-0.15304086622915547,0.06493019969065972,-0.21036886469110605,14,0.03382056292574181,0.1512501554785357
2022-09-02,NFLX,False,5,22.61100006103516,24.328075937959643,20.89392418411068,2022-09-12,2022-09-12,vertical_timeout,0,0.046083756316916524,0.046083756316916524,-0.0341426454843643,5,0.03396133185585799,0.07593984663612756
2022-09-02,NFLX,False,10,22.61100006103516,25.039312053805435,20.182688068264884,2022-09-19,2022-09-19,vertical_timeout,0,0.07748444580012115,0.07748444580012115,-0.035292571471375656,10,0.03396133185585799,0.10739516103734446
2022-09-02,NFLX,False,20,22.61100006103516,26.045151814884118,19.176848307186198,2022-10-03,2022-10-03,vertical_timeout,0,0.05718452364282234,0.08442795062471542,-0.035292571471375656,20,0.03396133185585799,0.15187969327225512
2022-09-02,COST,False,5,519.1099853515625,537.5125095248547,500.7074611782703,2022-09-12,2022-09-12,take_profit,1,0.03931736001160724,0.03931736001160724,-0.00040446329954102467,5,0.015853786738930307,0.03545014484903288
2022-09-02,COST,False,10,519.1099853515625,545.1350846193311,493.0848860837939,2022-09-19,2022-09-19,vertical_timeout,0,-0.024156688141629856,0.03931736001160724,-0.030070670555471524,10,0.015853786738930307,0.05013407563359302
2022-09-02,COST,False,20,519.1099853515625,555.9150336981469,482.30493700497806,2022-10-03,2022-09-23,stop_loss,-1,-0.10153915921956458,0.03931736001160724,-0.10153915921956458,14,0.015853786738930307,0.07090028969806576
2022-09-02,ADBE,False,5,368.1400146484375,387.86837608270616,348.41165321416884,2022-09-12,2022-09-09,take_profit,1,0.07236372866530072,0.0766555375135578,0.000434544298815176,4,0.023965858367141882,0.053589288448061365
2022-09-02,ADBE,False,10,368.1400146484375,396.0401309521785,340.2398983446964,2022-09-19,2022-09-12,take_profit,1,0.0766555375135578,0.0766555375135578,-0.19579511659083837,5,0.023965858367141882,0.07578669852117222
2022-09-02,ADBE,False,20,368.1400146484375,407.59673751697477,328.6832917799002,2022-10-03,2022-09-15,stop_loss,-1,-0.16029230025966545,0.0766555375135578,-0.25245830049243934,8,0.023965858367141882,0.10717857689612273
2022-09-02,PEP,False,5,170.66000366210938,174.4394320409674,166.88057528325135,2022-09-12,2022-09-12,vertical_timeout,0,0.018985058976032088,0.018985058976032088,-0.006738597976069127,5,0.009903971158878708,0.022145952758450164
2022-09-02,PEP,False,10,170.66000366210938,176.00492253350814,165.3150847907106,2022-09-19,2022-09-19,vertical_timeout,0,-0.011309081759962591,0.018985058976032088,-0.028008898844048002,10,0.009903971158878708,0.031319106742674074
2022-09-02,PEP,False,20,170.66000366210938,178.2188604198254,163.10114690439337,2022-10-03,2022-10-03,vertical_timeout,0,-0.031700477827368845,0.018985058976032088,-0.04336112150756044,20,0.009903971158878708,0.04429190551690033
2022-09-02,CSCO,False,5,44.59000015258789,46.09582075773406,43.08417954744172,2022-09-12,2022-09-12,take_profit,1,0.04059209165950106,0.04059209165950106,-0.002691162401303626,5,0.015102566600154077,0.033770365552662406
2022-09-02,CSCO,False,10,44.59000015258789,46.71955207488646,42.46044823028932,2022-09-19,2022-09-19,vertical_timeout,0,-0.02893027385317193,0.04059209165950106,-0.029154501740567884,10,0.015102566600154077,0.04775850897087235
2022-09-02,CSCO,False,20,44.59000015258789,47.60164136288022,41.57835894229556,2022-10-03,2022-09-22,stop_loss,-1,-0.07714731139128139,0.04059209165950106,-0.10293788151784744,13,0.015102566600154077,0.06754073110532481
2022-09-02,INTC,False,5,31.21999931335449,32.778827782872305,29.661170843836665,2022-09-12,2022-09-12,vertical_timeout,0,0.010890459963670107,0.010890459963670107,-0.02754640364886418,5,0.022329573989534376,0.04993044534921005
2022-09-02,INTC,False,10,31.21999931335449,33.42451567635989,29.01548295034909,2022-09-19,2022-09-15,stop_loss,-1,-0.07623315865188196,0.010890459963670107,-0.07623315865188196,8,0.022329573989534376,0.07061231298818148
2022-09-02,INTC,False,20,31.21999931335449,34.33765625239013,28.102342374318845,2022-10-03,2022-09-22,stop_loss,-1,-0.10089685098688783,0.010890459963670107,-0.17456755206460095,13,0.022329573989534376,0.0998608906984201
2022-09-02,AMAT,False,5,91.23999786376952,97.72983420630855,84.75016152123047,2022-09-12,2022-09-12,vertical_timeout,0,0.05545819055742851,0.05775980267261294,-0.010412066752353621,5,0.03180998589332139,0.071129290820776
2022-09-02,AMAT,False,10,91.23999786376952,100.41801243697005,82.061983290569,2022-09-19,2022-09-19,vertical_timeout,0,-0.016659323527559722,0.05775980267261294,-0.025975396456345057,10,0.03180998589332139,0.10059200776072152
2022-09-02,AMAT,False,20,91.23999786376952,104.2196705488476,78.26032517869143,2022-10-03,2022-10-03,vertical_timeout,0,-0.05469090290006462,0.05775980267261294,-0.10203855520135474,20,0.03180998589332139,0.142258581641552
2022-09-02,QCOM,False,5,128.47999572753906,136.09778936085854,120.86220209421958,2022-09-12,2022-09-12,vertical_timeout,0,0.03518060727559713,0.03518060727559713,-0.01408777723212351,5,0.02651604135913948,0.05929167097323179
2022-09-02,QCOM,False,10,128.47999572753906,139.2531827991389,117.70680865593924,2022-09-19,2022-09-19,vertical_timeout,0,-0.014243417360792376,0.03518060727559713,-0.027630724940959528,10,0.02651604135913948,0.08385108522610757
2022-09-02,QCOM,False,20,128.47999572753906,143.71558299417802,113.24440846090012,2022-10-03,2022-09-30,stop_loss,-1,-0.12064128958624432,0.03518060727559713,-0.12064128958624432,19,0.02651604135913948,0.11858334194646358
2022-09-02,TXN,False,5,163.0,170.33502462858982,155.66497537141018,2022-09-12,2022-09-09,take_profit,1,0.047484696277080074,0.047484696277080074,0.0006135343773965296,4,0.020124679369523876,0.045000151095642996
2022-09-02,TXN,False,10,163.0,173.3732913100924,152.62670868990762,2022-09-19,2022-09-19,vertical_timeout,0,0.019938650306748462,0.047484696277080074,-0.0021472767086848643,10,0.020124679369523876,0.06363982398829682
2022-09-02,TXN,False,20,163.0,177.67004925717964,148.3299507428204,2022-10-03,2022-10-03,vertical_timeout,0,-0.019386525534413335,0.047484696277080074,-0.05042945534173693,20,0.020124679369523876,0.09000030219128599
2022-09-02,CCJ,False,5,28.81999969482422,31.42408921824694,26.215910171401493,2022-09-12,2022-09-12,vertical_timeout,0,0.051006288558952395,0.051006288558952395,-0.005204705764005002,5,0.04040889143322217,0.09035702814009368
2022-09-02,CCJ,False,10,28.81999969482422,32.50273841648232,25.137260973166114,2022-09-19,2022-09-19,vertical_timeout,0,-0.018043041751213407,0.057251895766903704,-0.030187333140083594,10,0.04040889143322217,0.1277841346514479
2022-09-02,CCJ,False,20,28.81999969482422,34.02817874166967,23.611820647978774,2022-10-03,2022-10-03,vertical_timeout,0,-0.04545452740506606,0.057251895766903704,-0.12838302896496223,20,0.04040889143322217,0.18071405628018736
2022-09-02,YPF,True,5,5.820000171661377,6.310639645562809,5.329360697759945,2022-09-12,2022-09-07,take_profit,1,0.1340205687225149,0.206185528156537,0.034364227382496004,2,0.037701140334336324,0.08430231261683517
2022-09-02,YPF,True,10,5.820000171661377,6.513869169888382,5.126131173434372,2022-09-19,2022-09-07,take_profit,1,0.1340205687225149,0.2542955284228119,0.034364227382496004,2,0.037701140334336324,0.11922147384214479
2022-09-02,YPF,True,20,5.820000171661377,6.80127911946424,4.8387212238585136,2022-10-03,2022-09-09,take_profit,1,0.1975944303455226,0.2542955284228119,0.034364227382496004,4,0.037701140334336324,0.16860462523367034
2022-09-02,VIST,False,5,10.029999732971191,11.014178195421941,9.045821270520442,2022-09-12,2022-09-12,vertical_timeout,0,0.03589238483906909,0.03589238483906909,-0.021934129532556024,5,0.043882153591627074,0.09812347842996469
2022-09-02,VIST,False,10,10.029999732971191,11.421838262364542,8.638161203577841,2022-09-19,2022-09-19,vertical_timeout,0,-0.023928193171254386,0.044865385966648796,-0.023928193171254386,10,0.043882153591627074,0.1387675539828799
2022-09-02,VIST,False,20,10.029999732971191,11.998356657872693,8.06164280806969,2022-10-03,2022-10-03,vertical_timeout,0,-0.003988032195209046,0.044865385966648796,-0.1625124783485974,20,0.043882153591627074,0.19624695685992938
2022-09-12,AAPL,False,5,163.42999267578125,169.68394259316923,157.1760427583933,2022-09-19,2022-09-13,stop_loss,-1,-0.05867953721882391,-0.049684852726489814,-0.07789265311168014,1,0.01711345257281041,0.03826684328252275
2022-09-12,AAPL,False,10,163.42999267578125,172.2744134673534,154.5855718842091,2022-09-26,2022-09-13,stop_loss,-1,-0.05867953721882391,-0.03995593876242376,-0.07954476278898148,1,0.01711345257281041,0.05411748875934944
2022-09-12,AAPL,False,20,163.42999267578125,175.93789251055716,150.92209284100534,2022-10-10,2022-09-16,stop_loss,-1,-0.07789265311168014,-0.03995593876242376,-0.15437800194723927,4,0.01711345257281041,0.0765336865650455
2022-09-12,MSFT,True,5,266.6499938964844,277.72326856613165,255.57671922683707,2022-09-19,2022-09-13,stop_loss,-1,-0.054978393920426805,-0.054115856013794206,-0.08299265003026579,1,0.018571607321671398,0.041527376422690054
2022-09-12,MSFT,True,10,266.6499938964844,282.309969114182,250.9900186787867,2022-09-26,2022-09-15,stop_loss,-1,-0.07976744609238229,-0.054115856013794206,-0.1095068352395232,3,0.018571607321671398,0.058728578946740974
2022-09-12,MSFT,True,20,266.6499938964844,288.796543235779,244.50344455718974,2022-10-10,2022-09-20,stop_loss,-1,-0.09075566286206938,-0.054115856013794206,-0.14025874649374026,6,0.018571607321671398,0.08305475284538011
2022-09-12,NVDA,False,5,14.505000114440918,15.639081376292548,13.370918852589288,2022-09-19,2022-09-13,stop_loss,-1,-0.09472599369016732,-0.07742158814879685,-0.10865220277068521,1,0.03496563631163722,0.07818553966935585
2022-09-12,NVDA,False,10,14.505000114440918,16.10883321578469,12.901167013097147,2022-09-26,2022-09-22,stop_loss,-1,-0.13402276654966816,-0.07742158814879685,-0.15698037981944946,8,0.03496563631163722,0.11057105058186267
2022-09-12,NVDA,False,20,14.505000114440918,16.77316263814418,12.236837590737656,2022-10-10,2022-09-26,stop_loss,-1,-0.15698037981944946,-0.07742158814879685,-0.19544984596894266,10,0.03496563631163722,0.1563710793387117
2022-09-12,AMZN,False,5,136.4499969482422,144.84986343471914,128.05013046176526,2022-09-19,2022-09-13,stop_loss,-1,-0.0705752837581286,-0.05789662200931367,-0.0946866871228007,1,0.027530484259093553,0.06156003425682112
2022-09-12,AMZN,False,10,136.4499969482422,148.3292020555411,124.57079184094327,2022-09-26,2022-09-16,stop_loss,-1,-0.0946866871228007,-0.05789662200931367,-0.16614143404887305,4,0.027530484259093553,0.08705903534614877
2022-09-12,AMZN,False,20,136.4499969482422,153.24972992119604,119.65026397528834,2022-10-10,2022-09-21,stop_loss,-1,-0.13125684450918973,-0.05789662200931367,-0.1718578048568017,7,0.027530484259093553,0.12312006851364224
2022-09-12,GOOGL,False,5,110.86000061035156,116.81515937266475,104.90484184803839,2022-09-19,2022-09-13,stop_loss,-1,-0.0589933328479223,-0.052859467599573384,-0.07270428932183448,1,0.024023344282919655,0.05371783086348929
2022-09-12,GOOGL,False,10,110.86000061035156,119.28186689809984,102.43813432260329,2022-09-26,2022-09-20,stop_loss,-1,-0.08767816315342436,-0.052859467599573384,-0.11446872065253555,6,0.024023344282919655,0.07596848494841059
2022-09-12,GOOGL,False,20,110.86000061035156,122.77031813497793,98.94968308572518,2022-10-10,2022-09-23,stop_loss,-1,-0.109327103372308,-0.052859467599573384,-0.13720006314930888,9,0.024023344282919655,0.10743566172697858
2022-09-12,META,True,5,168.9600067138672,180.87652620087601,157.04348722685836,2022-09-19,2022-09-13,stop_loss,-1,-0.09369082150820873,-0.09369082150820873,-0.13417384308066416,1,0.03154136667771063,0.07052863999460768
2022-09-12,META,True,10,168.9600067138672,185.81251018867835,152.10750323905603,2022-09-26,2022-09-14,stop_loss,-1,-0.10351565339828195,-0.09369082150820873,-0.19288595112256768,2,0.03154136667771063,0.09974255921610367
2022-09-12,META,True,20,168.9600067138672,192.79304568788487,145.1269677398495,2022-10-10,2022-09-21,stop_loss,-1,-0.15885422899001833,-0.09369082150820873,-0.21016813656832412,7,0.03154136667771063,0.14105727998921536
2022-09-12,TSLA,False,5,304.4200134277344,326.00906925448675,282.83095760098206,2022-09-19,2022-09-19,vertical_timeout,0,0.015274928360083706,0.015274928360083706,-0.04037188096320543,5,0.03171578363399289,0.07091864816528341
2022-09-12,TSLA,False,10,304.4200134277344,334.9515489767574,273.88847787871134,2022-09-26,2022-09-26,vertical_timeout,0,-0.09332501941057025,0.015274928360083706,-0.09555885149572918,10,0.03171578363399289,0.10029411406050963
2022-09-12,TSLA,False,20,304.4200134277344,347.59812508123906,261.2419017742297,2022-10-10,2022-10-03,stop_loss,-1,-0.20373174165821661,0.015274928360083706,-0.26759083871207046,15,0.03171578363399289,0.14183729633056683
2022-09-12,SPY,False,5,410.9700012207031,422.6448693958795,399.29513304552677,2022-09-19,2022-09-13,stop_loss,-1,-0.043482480629019826,-0.0398325791872004,-0.061829339335314315,1,0.012704479057109396,0.028408078790419046
2022-09-12,SPY,False,10,410.9700012207031,427.4807581329555,394.4592443084507,2022-09-26,2022-09-13,stop_loss,-1,-0.043482480629019826,-0.0398325791872004,-0.11353627642775699,1,0.012704479057109396,0.04017509030637408
2022-09-12,SPY,False,20,410.9700012207031,434.31973757105584,387.6202648703504,2022-10-10,2022-09-16,stop_loss,-1,-0.061829339335314315,-0.0398325791872004,-0.1308854864957285,4,0.012704479057109396,0.05681615758083809
2022-09-12,QQQ,False,5,310.739990234375,322.2926268897192,299.1873535790308,2022-09-19,2022-09-13,stop_loss,-1,-0.05483677210162552,-0.047338585046563075,-0.06893217346759994,1,0.01662642832756827,0.037177823963470795
2022-09-12,QQQ,False,10,310.739990234375,327.07788567353134,294.40209479521866,2022-09-26,2022-09-13,stop_loss,-1,-0.05483677210162552,-0.047338585046563075,-0.11704317519529917,1,0.01662642832756827,0.05257738286865985
2022-09-12,QQQ,False,20,310.739990234375,333.84526354506346,287.63471692368654,2022-10-10,2022-09-21,stop_loss,-1,-0.08746860246497656,-0.047338585046563075,-0.14265941933907456,7,0.01662642832756827,0.07435564792694159
2022-09-12,AVGO,True,5,52.90599822998047,55.14313025731412,50.66886620264682,2022-09-19,2022-09-13,stop_loss,-1,-0.048028515414604844,-0.03460850429627538,-0.05466295671133947,1,0.01891044288027528,0.04228503576492244
2022-09-12,AVGO,True,10,52.90599822998047,56.06978068385492,49.74221577610601,2022-09-26,2022-09-20,stop_loss,-1,-0.06804518569845386,-0.03460850429627538,-0.12626160953321042,6,0.01891044288027528,0.0598000710641847
2022-09-12,AVGO,True,20,52.90599822998047,57.38026228464777,48.431734175313174,2022-10-10,2022-09-21,stop_loss,-1,-0.0886855495605664,-0.03460850429627538,-0.172683591234834,7,0.01891044288027528,0.08457007152984489
2022-09-12,AMD,False,5,84.63999938964844,90.42898113434397,78.8510176449529,2022-09-19,2022-09-13,stop_loss,-1,-0.08991021579901237,-0.08494804458003802,-0.09605384347878765,1,0.030587327020296946,0.06839534246740006
2022-09-12,AMD,False,10,84.63999938964844,92.82685588532712,76.45314289396974,2022-09-26,2022-09-20,stop_loss,-1,-0.11094044727506036,-0.08494804458003802,-0.21668237795537637,6,0.030587327020296946,0.09672562092054968
2022-09-12,AMD,False,20,84.63999938964844,96.21796287903952,73.06203590025736,2022-10-10,2022-09-22,stop_loss,-1,-0.17887523037364383,-0.08494804458003802,-0.31698958187420256,8,0.030587327020296946,0.13679068493480012
2022-09-12,NFLX,False,5,23.652999877929688,25.281337623447588,22.024662132411784,2022-09-19,2022-09-13,stop_loss,-1,-0.07779140752056446,0.030017376040482047,-0.07779140752056446,1,0.0307874173094147,0.06884275795550494
2022-09-12,NFLX,False,10,23.652999877929688,25.955817201765136,21.35018255409424,2022-09-26,2022-09-26,vertical_timeout,0,-0.05267831972043513,0.030017376040482047,-0.07779140752056446,10,0.0307874173094147,0.09735836197184339
2022-09-12,NFLX,False,20,23.652999877929688,26.90967536896549,20.396324386893884,2022-10-10,2022-10-10,vertical_timeout,0,-0.027692076693268897,0.03665499447463194,-0.07779140752056446,20,0.0307874173094147,0.1376855159110099
2022-09-12,COST,False,5,539.52001953125,557.9800444751994,521.0599945873006,2022-09-19,2022-09-13,stop_loss,-1,-0.0541593095352948,-0.0541593095352948,-0.06676308242008366,1,0.015301701196139486,0.034215644045957734
2022-09-12,COST,False,10,539.52001953125,565.6264371687289,513.4136018937711,2022-09-26,2022-09-13,stop_loss,-1,-0.0541593095352948,-0.0541593095352948,-0.13552791923883445,1,0.015301701196139486,0.048388227855123665
2022-09-12,COST,False,20,539.52001953125,576.4400694191489,502.5999696433512,2022-10-10,2022-09-20,stop_loss,-1,-0.07414003015556547,-0.0541593095352948,-0.1356947273916974,6,0.015301701196139486,0.06843128809191547
2022-09-12,ADBE,False,5,396.3599853515625,414.7975255255129,377.9224451776121,2022-09-19,2022-09-13,stop_loss,-1,-0.07056708985978055,-0.06267029280430036,-0.25305275885507184,1,0.020803105606267743,0.04651715827872165
2022-09-12,ADBE,False,10,396.3599853515625,422.434604722362,370.285365980763,2022-09-26,2022-09-13,stop_loss,-1,-0.07056708985978055,-0.06267029280430036,-0.3012412915258821,1,0.020803105606267743,0.06578519612082406
2022-09-12,ADBE,False,20,396.3599853515625,433.2350656994633,359.48490500366165,2022-10-10,2022-09-15,stop_loss,-1,-0.22007766599188605,-0.06267029280430036,-0.30568164704382317,3,0.020803105606267743,0.0930343165574433
2022-09-12,PEP,False,5,173.89999389648438,177.5707455231079,170.22924226986086,2022-09-19,2022-09-13,stop_loss,-1,-0.03732024417573143,-0.029729720243824698,-0.04611839732694789,1,0.009439966019244413,0.021108405724318595
2022-09-12,PEP,False,10,173.89999389648438,179.09122063095845,168.7087671620103,2022-09-26,2022-09-13,stop_loss,-1,-0.03732024417573143,-0.02863712422269238,-0.04611839732694789,1,0.009439966019244413,0.02985179365540523
2022-09-12,PEP,False,20,173.89999389648438,181.24149714973143,166.55849064323732,2022-10-10,2022-09-15,stop_loss,-1,-0.04611839732694789,-0.02863712422269238,-0.07067276433286451,3,0.009439966019244413,0.04221681144863719
2022-09-12,CSCO,False,5,46.400001525878906,47.934123847960834,44.86587920379698,2022-09-19,2022-09-13,stop_loss,-1,-0.04935346638405025,-0.04935346638405025,-0.06702587301892671,1,0.01478621416019465,0.03306297999206521
2022-09-12,CSCO,False,10,46.400001525878906,48.56957812010648,44.230424931651335,2022-09-26,2022-09-13,stop_loss,-1,-0.04935346638405025,-0.04935346638405025,-0.1254310237808549,1,0.01478621416019465,0.046758114717248896
2022-09-12,CSCO,False,20,46.400001525878906,49.46824617004276,43.33175688171505,2022-10-10,2022-09-15,stop_loss,-1,-0.06702587301892671,-0.04935346638405025,-0.14030176556351215,3,0.01478621416019465,0.06612595998413041
2022-09-12,INTC,False,5,31.559999465942383,33.09911153742628,30.02088739445848,2022-09-19,2022-09-13,stop_loss,-1,-0.07192644451292474,-0.06717360480859758,-0.08618502406154183,1,0.02180962785213251,0.04876781044134102
2022-09-12,INTC,False,10,31.559999465942383,33.736632631447065,29.3833663004377,2022-09-26,2022-09-13,stop_loss,-1,-0.07192644451292474,-0.06717360480859758,-0.14543726965335146,1,0.02180962785213251,0.06896809893338471
2022-09-12,INTC,False,20,31.559999465942383,34.63822360891019,28.481775322974578,2022-10-10,2022-09-21,stop_loss,-1,-0.09790875173880875,-0.06717360480859758,-0.20152087486142867,7,0.02180962785213251,0.09753562088268204
2022-09-12,AMAT,False,5,96.3000030517578,102.52709178022747,90.07291432328813,2022-09-19,2022-09-15,stop_loss,-1,-0.07663556229428148,-0.05877469867853802,-0.07715472554224545,3,0.028918366059234982,0.06466343230667214
2022-09-12,AMAT,False,10,96.3000030517578,105.10643638566022,87.49356971785538,2022-09-26,2022-09-21,stop_loss,-1,-0.095638695970935,-0.05877469867853802,-0.13873312759056744,7,0.028918366059234982,0.09144790295769029
2022-09-12,AMAT,False,20,96.3000030517578,108.75418050869712,83.84582559481848,2022-10-10,2022-09-26,stop_loss,-1,-0.13873312759056744,-0.05877469867853802,-0.1776739363253762,10,0.028918366059234982,0.12932686461334428
2022-09-12,QCOM,False,5,133.0,140.15947230372268,125.8405276962773,2022-09-19,2022-09-13,stop_loss,-1,-0.06067668943476856,-0.0411278287270912,-0.06067668943476856,1,0.02407378459270821,0.05383061882498265
2022-09-12,QCOM,False,10,133.0,143.1250228313592,122.87497716864083,2022-09-26,2022-09-23,stop_loss,-1,-0.08879697412476506,-0.0411278287270912,-0.099699264182184,9,0.02407378459270821,0.0761279912132269
2022-09-12,QCOM,False,20,133.0,147.3189446074454,118.68105539255463,2022-10-10,2022-09-29,stop_loss,-1,-0.13654138091811563,-0.0411278287270912,-0.1505262905493715,13,0.02407378459270821,0.1076612376499653
2022-09-12,TXN,False,5,170.5800018310547,177.94734975136373,163.21265391074567,2022-09-19,2022-09-13,stop_loss,-1,-0.0464884971828311,-0.02538399451621065,-0.0464884971828311,1,0.019315149005589435,0.04318998617203545
2022-09-12,TXN,False,10,170.5800018310547,180.99900517867692,160.16099848343242,2022-09-26,2022-09-26,vertical_timeout,0,-0.05932697273160137,-0.02538399451621065,-0.05932697273160137,10,0.019315149005589435,0.06107986420319896
2022-09-12,TXN,False,20,170.5800018310547,185.31469767167275,155.84530599043663,2022-10-10,2022-09-30,stop_loss,-1,-0.09262517811089255,-0.01629733116107146,-0.09262517811089255,14,0.019315149005589435,0.0863799723440709
2022-09-12,CCJ,False,5,30.290000915527344,32.8077915178086,27.772210313246084,2022-09-19,2022-09-19,vertical_timeout,0,-0.065698303675081,0.005942502224715263,-0.07725322158667725,5,0.03717365975334118,0.08312283018091894
2022-09-12,CCJ,False,10,30.290000915527344,33.85069453248903,26.729307298565665,2022-09-26,2022-09-23,stop_loss,-1,-0.1650709755322881,0.005942502224715263,-0.1706833912191692,9,0.03717365975334118,0.1175534337846912
2022-09-12,CCJ,False,20,30.290000915527344,35.32558212008986,25.25441971096483,2022-10-10,2022-09-26,stop_loss,-1,-0.1706833912191692,0.005942502224715263,-0.1706833912191692,10,0.03717365975334118,0.16624566036183788
2022-09-12,YPF,True,5,7.019999980926514,7.603270598860677,6.436729362992351,2022-09-19,2022-09-19,vertical_timeout,0,0.02706553529012723,0.03988606988164056,-0.049857536407909575,5,0.037157628333980695,0.0830869828374531
2022-09-12,YPF,True,10,7.019999980926514,7.844869199342742,6.195130762510285,2022-09-26,2022-09-26,vertical_timeout,0,-0.10968660726760959,0.03988606988164056,-0.11253560740733248,10,0.037157628333980695,0.11750273798538675
2022-09-12,YPF,True,20,7.019999980926514,8.186541216794838,5.853458745058189,2022-10-10,2022-10-10,vertical_timeout,0,-0.019943000978059566,0.05413107058025446,-0.11538460754705526,20,0.037157628333980695,0.1661739656749062
2022-09-12,VIST,False,5,10.390000343322754,11.36122148780125,9.418779198844257,2022-09-19,2022-09-19,vertical_timeout,0,-0.05774786926309616,0.0086620977805274,-0.05774786926309616,5,0.041803973599187395,0.09347652669738957
2022-09-12,VIST,False,10,10.390000343322754,11.763514457907762,9.016486228737746,2022-09-26,2022-09-23,stop_loss,-1,-0.17613088192842308,0.0086620977805274,-0.1915303810429011,9,0.041803973599187395,0.13219577181897904
2022-09-12,VIST,False,20,10.390000343322754,12.332442632279747,8.44755805436576,2022-10-10,2022-09-26,stop_loss,-1,-0.1915303810429011,0.1453319754871747,-0.1915303810429011,10,0.041803973599187395,0.18695305339477913
2022-09-19,AAPL,False,5,154.47999572753906,160.9163223311785,148.04366912389963,2022-09-26,2022-09-26,vertical_timeout,0,-0.024015999208218175,0.01566544689199456,-0.026217006497727513,5,0.01863291585858382,0.04166446647882728
2022-09-19,AAPL,False,10,154.47999572753906,163.58233610226873,145.3776553528094,2022-10-03,2022-09-29,stop_loss,-1,-0.07767996071908723,0.01566544689199456,-0.10538580547354748,8,0.01863291585858382,0.05892245356339673
2022-09-19,AAPL,False,20,154.47999572753906,167.35264893481792,141.6073425202602,2022-10-17,2022-09-30,stop_loss,-1,-0.10538580547354748,0.01566544689199456,-0.10538580547354748,9,0.01863291585858382,0.08332893295765456
2022-09-19,MSFT,False,5,244.5200042724609,255.024106335594,234.01590220932778,2022-09-26,2022-09-26,vertical_timeout,0,-0.02891381973125129,-0.008465594994478187,-0.02891381973125129,5,0.019211423069982955,0.04295804792898959
2022-09-19,MSFT,False,10,244.5200042724609,259.37504787069497,229.66496067422685,2022-10-03,2022-10-03,vertical_timeout,0,-0.015458852908758036,-0.008465594994478187,-0.04752171672232075,10,0.019211423069982955,0.060751853994250524
2022-09-19,MSFT,False,20,244.5200042724609,265.52820839872714,223.51180014619467,2022-10-17,2022-10-17,vertical_timeout,0,-0.02858664064709937,0.01913950840016554,-0.07815311744006792,20,0.019211423069982955,0.08591609585797919
2022-09-19,NVDA,False,5,13.381999969482422,14.454689289655185,12.309310649309658,2022-09-26,2022-09-26,stop_loss,-1,-0.08623526266023684,-0.009042018397319773,-0.08623526266023684,5,0.03584824755812796,0.08015911841421497
2022-09-19,NVDA,False,10,13.381999969482422,14.899011754283517,11.864988184681325,2022-10-03,2022-10-03,vertical_timeout,0,-0.06501269522815067,-0.009042018397319773,-0.0928859687156055,10,0.03584824755812796,0.11336211240925372
2022-09-19,NVDA,False,20,13.381999969482422,15.527378609827947,11.236621329136897,2022-10-17,2022-10-14,stop_loss,-1,-0.1610371945812028,-0.009042018397319773,-0.1610371945812028,19,0.03584824755812796,0.16031823682842994
2022-09-19,AMZN,False,5,124.66000366210938,132.67010048659807,116.64990683762069,2022-09-26,2022-09-23,stop_loss,-1,-0.08727743111818542,-0.019813903001303146,-0.08727743111818542,4,0.028735954563999477,0.06425554780344817
2022-09-19,AMZN,False,10,124.66000366210938,135.98799122722295,113.33201609699582,2022-10-03,2022-09-30,stop_loss,-1,-0.09353444023404478,-0.019813903001303146,-0.09353444023404478,9,0.028735954563999477,0.09087106716134913
2022-09-19,AMZN,False,20,124.66000366210938,140.68019731108674,108.63981001313199,2022-10-17,2022-10-14,stop_loss,-1,-0.14246752458285583,-0.019813903001303146,-0.14246752458285583,19,0.028735954563999477,0.12851109560689633
2022-09-19,GOOGL,False,5,103.06999969482422,108.54856219726393,97.5914371923845,2022-09-26,2022-09-26,vertical_timeout,0,-0.04754052139698384,-0.018725141271856427,-0.04754052139698384,5,0.02377110354265716,0.05315380342156749
2022-09-19,GOOGL,False,10,103.06999969482422,110.81785708808313,95.32214230156531,2022-10-03,2022-10-03,vertical_timeout,0,-0.04298050177832924,-0.018725141271856427,-0.07198989221805452,10,0.02377110354265716,0.07517082969049416
2022-09-19,GOOGL,False,20,103.06999969482422,114.02712469970363,92.1128746899448,2022-10-17,2022-10-17,vertical_timeout,0,-0.030076632223729027,-0.013874069170561887,-0.07198989221805452,20,0.02377110354265716,0.10630760684313498
2022-09-19,META,False,5,148.02000427246094,158.64028484573785,137.39972369918402,2022-09-26,2022-09-26,stop_loss,-1,-0.07870563990681434,-0.013038831771803872,-0.07870563990681434,5,0.032087107980695896,0.07174895464621203
2022-09-19,META,False,10,148.02000427246094,163.03934909539666,133.00065944952522,2022-10-03,2022-10-03,vertical_timeout,0,-0.06357251310970335,-0.013038831771803872,-0.09201466006517711,10,0.032087107980695896,0.10146834474676515
2022-09-19,META,False,20,148.02000427246094,169.26056541901474,126.77944312590712,2022-10-17,2022-10-14,stop_loss,-1,-0.14362924957830092,-0.013038831771803872,-0.14362924957830092,19,0.032087107980695896,0.14349790929242406
2022-09-19,TSLA,True,5,309.07000732421875,329.7486688889712,288.3913457594663,2022-09-26,2022-09-23,stop_loss,-1,-0.10916627285856106,-0.0011000625419275156,-0.10916627285856106,4,0.029921307048078286,0.06690607653514662
2022-09-19,TSLA,True,10,309.07000732421875,338.314050960815,279.8259636876225,2022-10-03,2022-09-23,stop_loss,-1,-0.10916627285856106,-0.0011000625419275156,-0.2157116894160377,4,0.029921307048078286,0.09461948084117665
2022-09-19,TSLA,True,20,309.07000732421875,350.42733045372375,267.71268419471375,2022-10-17,2022-09-30,stop_loss,-1,-0.1417801995851734,-0.0011000625419275156,-0.33675219000423195,9,0.029921307048078286,0.13381215307029323
2022-09-19,SPY,False,5,388.5499877929688,400.00565116780905,377.0943244181286,2022-09-26,2022-09-22,stop_loss,-1,-0.036880676933391476,-0.011478552554876398,-0.062385770160648835,3,0.013185249176816915,0.02948311345963577
2022-09-19,SPY,False,10,388.5499877929688,404.7507423036485,372.34923328228905,2022-10-03,2022-09-23,stop_loss,-1,-0.053017568480567934,-0.011478552554876398,-0.08073605997358169,4,0.013185249176816915,0.04169541891560165
2022-09-19,SPY,False,20,388.5499877929688,411.4613145426492,365.63866104328844,2022-10-17,2022-09-26,stop_loss,-1,-0.062385770160648835,-0.011478552554876398,-0.08233172368910302,5,0.013185249176816915,0.05896622691927154
2022-09-19,QQQ,False,5,291.04998779296875,302.4242354497178,279.6757401362197,2022-09-26,2022-09-23,stop_loss,-1,-0.05339281456489098,-0.007971059625300092,-0.05730971783323402,4,0.0174771290294643,0.0390800485614171
2022-09-19,QQQ,False,10,291.04998779296875,307.13560309093367,274.96437249500383,2022-10-03,2022-09-26,stop_loss,-1,-0.05730971783323402,-0.007971059625300092,-0.08173846083191094,5,0.0174771290294643,0.05526753469375523
2022-09-19,QQQ,False,20,291.04998779296875,313.7984831064669,268.3014924794706,2022-10-17,2022-09-30,stop_loss,-1,-0.08173846083191094,-0.007971059625300092,-0.10414017807880482,9,0.0174771290294643,0.0781600971228342
2022-09-19,AVGO,False,5,50.18399810791016,52.40933104583346,47.958665169986865,2022-09-26,2022-09-22,stop_loss,-1,-0.04828225355393079,-0.017495583954128868,-0.07886968989392529,3,0.0198310055371275,0.04434347644319182
2022-09-19,AVGO,False,10,50.18399810791016,53.331094129516856,47.03690208630347,2022-10-03,2022-09-23,stop_loss,-1,-0.06607680141909433,-0.017495583954128868,-0.11523587895313847,4,0.0198310055371275,0.06271114578873373
2022-09-19,AVGO,False,20,50.18399810791016,54.63466398375676,45.73333223206357,2022-10-17,2022-09-29,stop_loss,-1,-0.10304076627194525,-0.017495583954128868,-0.14893191665132455,8,0.0198310055371275,0.08868695288638365
2022-09-19,AMD,False,5,76.7699966430664,82.20734835648027,71.33264492965255,2022-09-26,2022-09-22,stop_loss,-1,-0.09469841032906967,-0.019799357946223006,-0.1363813214684334,3,0.031674582728710904,0.07082652014033837
2022-09-19,AMD,False,10,76.7699966430664,84.45957317956885,69.08042010656395,2022-10-03,2022-09-23,stop_loss,-1,-0.11475834237110705,-0.019799357946223006,-0.17467756440140458,4,0.031674582728710904,0.10016382535815768
2022-09-19,AMD,False,20,76.7699966430664,87.64470006989411,65.8952932162387,2022-10-17,2022-09-29,stop_loss,-1,-0.1645173610224283,-0.019799357946223006,-0.2713299326194345,8,0.031674582728710904,0.14165304028067674
2022-09-19,NFLX,False,5,24.363000869750977,26.11215726168087,22.613844477821083,2022-09-26,2022-09-26,stop_loss,-1,-0.08028572884741991,-0.0032016180090406188,-0.08028572884741991,5,0.032107970742550715,0.0717956051999178
2022-09-19,NFLX,False,10,24.363000869750977,26.836681561929826,21.88932017757213,2022-10-03,2022-10-03,vertical_timeout,0,-0.018840106914234434,0.006444181028931739,-0.08028572884741991,10,0.032107970742550715,0.10153431859250807
2022-09-19,NFLX,False,20,24.363000869750977,27.861313653610765,20.86468808589119,2022-10-17,2022-10-17,vertical_timeout,0,0.006033713166811561,0.006444181028931739,-0.12042851498239016,20,0.032107970742550715,0.1435912103998356
2022-09-19,COST,False,5,506.5700073242188,524.2855646032473,488.8544500451903,2022-09-26,2022-09-22,stop_loss,-1,-0.03829676770434598,-0.013917164870826504,-0.07929804932573614,3,0.015639769335907605,0.03497158738750615
2022-09-19,COST,False,10,506.5700073242188,531.6235886932184,481.51642595521923,2022-10-03,2022-09-23,stop_loss,-1,-0.07929804932573614,-0.013917164870826504,-0.07929804932573614,4,0.015639769335907605,0.04945729318112707
2022-09-19,COST,False,20,506.5700073242188,542.0011218822759,471.1388927661617,2022-10-17,2022-09-23,stop_loss,-1,-0.07929804932573614,-0.013917164870826504,-0.10249326386689173,4,0.015639769335907605,0.0699431747750123
2022-09-19,ADBE,False,5,296.0599975585937,316.7403866675116,275.3796084496758,2022-09-26,2022-09-26,vertical_timeout,0,-0.06451397102283452,-0.01688846869293914,-0.06451397102283452,5,0.031238773377031258,0.06985202080475256
2022-09-19,ADBE,False,10,296.0599975585937,325.3064843115782,266.81351080560916,2022-10-03,2022-10-03,vertical_timeout,0,-0.03654667099048825,-0.01688846869293914,-0.07045864190900697,10,0.031238773377031258,0.09878567518124867
2022-09-19,ADBE,False,20,296.0599975585937,337.4207757764295,254.69921934075794,2022-10-17,2022-10-17,vertical_timeout,0,-0.008646887724462093,0.007937600901488207,-0.07045864190900697,20,0.031238773377031258,0.13970404160950511
2022-09-19,PEP,False,5,168.72999572753906,172.66368234175852,164.7963091133196,2022-09-26,2022-09-26,vertical_timeout,0,-0.0016594487428839289,0.0011260738826370797,-0.001718682471853361,5,0.010426113784509593,0.023313499163311047
2022-09-19,PEP,False,10,168.72999572753906,174.2930686874937,163.1669227675844,2022-10-03,2022-10-03,vertical_timeout,0,-0.02062464182811019,0.0011260738826370797,-0.032418665081554,10,0.010426113784509593,0.03297026670312828
2022-09-19,PEP,False,20,168.72999572753906,176.59736895597797,160.86262249910015,2022-10-17,2022-10-17,vertical_timeout,0,0.02370651396482648,0.034848604466910515,-0.042197565918775326,20,0.010426113784509593,0.04662699832662209
2022-09-19,CSCO,False,5,43.29999923706055,44.80569878907121,41.79429968504988,2022-09-26,2022-09-21,stop_loss,-1,-0.03949189641114503,-0.01662811590512947,-0.06281749316239726,2,0.015551254555705133,0.03477366232195997
2022-09-19,CSCO,False,10,43.29999923706055,45.42937996437313,41.17061850974797,2022-10-03,2022-09-22,stop_loss,-1,-0.04965352769201559,-0.01662811590512947,-0.0762124548546429,3,0.015551254555705133,0.04917738486909808
2022-09-19,CSCO,False,20,43.29999923706055,46.31139834108188,40.28860013303921,2022-10-17,2022-09-30,stop_loss,-1,-0.0762124548546429,-0.01662811590512947,-0.0930715669816361,9,0.015551254555705133,0.06954732464391994
2022-09-19,INTC,False,5,29.440000534057617,30.957377277970608,27.922623790144623,2022-09-26,2022-09-23,stop_loss,-1,-0.06521739271277516,-0.016304396768935914,-0.0838994964638573,4,0.02304998291655331,0.05154132868162206
2022-09-19,INTC,False,10,29.440000534057617,31.5858953045289,27.294105763586337,2022-10-03,2022-09-26,stop_loss,-1,-0.0838994964638573,-0.016304396768935914,-0.12466032641705671,5,0.02304998291655331,0.07289044604427931
2022-09-19,INTC,False,20,29.440000534057617,32.474754021883605,26.40524704623163,2022-10-17,2022-09-29,stop_loss,-1,-0.10394026215288477,-0.016304396768935914,-0.14945650607037664,8,0.02304998291655331,0.10308265736324412
2022-09-19,AMAT,False,5,89.72000122070312,95.44068480143486,83.99931763997138,2022-09-26,2022-09-26,stop_loss,-1,-0.07556842049766233,-0.017833241778332565,-0.07556842049766233,5,0.028515018257336665,0.06376151920305238
2022-09-19,AMAT,False,10,89.72000122070312,97.81026952661904,81.62973291478721,2022-10-03,2022-10-03,vertical_timeout,0,-0.038675893596648914,-0.017833241778332565,-0.0868256889159491,10,0.028515018257336665,0.09017240521446922
2022-09-19,AMAT,False,20,89.72000122070312,101.16136838216661,78.27863405923964,2022-10-17,2022-10-11,stop_loss,-1,-0.14957643765444595,-0.0034551666782881574,-0.17064196779191443,16,0.028515018257336665,0.12752303840610477
2022-09-19,QCOM,False,5,126.6500015258789,133.64384376038703,119.65615929137078,2022-09-26,2022-09-26,vertical_timeout,0,-0.05455983875923942,-0.014844096803491524,-0.05455983875923942,5,0.024695943895545327,0.05522180931896032
2022-09-19,QCOM,False,10,126.6500015258789,136.54078806701804,116.75921498473977,2022-10-03,2022-09-29,stop_loss,-1,-0.0932491515649535,-0.014844096803491524,-0.1079352388807675,8,0.024695943895545327,0.07809543167765465
2022-09-19,QCOM,False,20,126.6500015258789,140.63768599489515,112.66231705686268,2022-10-17,2022-10-11,stop_loss,-1,-0.1312278132360385,-0.01081723434722659,-0.14220293659096728,16,0.024695943895545327,0.11044361863792064
2022-09-19,TXN,True,5,166.25,173.67157694239097,158.82842305760903,2022-09-26,2022-09-26,vertical_timeout,0,-0.034827027285009415,-0.0011428718280075412,-0.034827027285009415,5,0.019964090879315787,0.04464106431513365
2022-09-19,TXN,True,10,166.25,176.74569476612479,155.75430523387524,2022-10-03,2022-09-30,stop_loss,-1,-0.06899248854558271,-0.0011428718280075412,-0.06899248854558271,9,0.019964090879315787,0.06313199859323161
2022-09-19,TXN,True,20,166.25,181.0931538847819,151.40684611521806,2022-10-17,2022-10-14,stop_loss,-1,-0.10772934533599621,0.009323326627114659,-0.10772934533599621,19,0.019964090879315787,0.0892821286302673
2022-09-19,CCJ,False,5,28.299999237060547,30.60114453564366,25.99885393847743,2022-09-26,2022-09-23,stop_loss,-1,-0.10636036758585599,0.003533582479351205,-0.1123674375815088,4,0.036364080936069645,0.08131255691235592
2022-09-19,CCJ,False,10,28.299999237060547,31.554310127307875,25.045688346813222,2022-10-03,2022-10-03,vertical_timeout,0,-0.027915160052165655,0.003533582479351205,-0.1123674375815088,10,0.036364080936069645,0.11499332077668789
2022-09-19,CCJ,False,20,28.299999237060547,32.90228983422678,23.697708639894316,2022-10-17,2022-10-12,stop_loss,-1,-0.2120141399913057,0.003533582479351205,-0.24770312758005975,17,0.036364080936069645,0.16262511382471184
2022-09-19,YPF,True,5,7.210000038146973,7.813308968710313,6.606691107583632,2022-09-26,2022-09-23,stop_loss,-1,-0.1359223320233649,-0.006934839177575647,-0.1359223320233649,4,0.037421352927455555,0.08367668895580138
2022-09-19,YPF,True,10,7.210000038146973,8.063207710050458,6.356792366243489,2022-10-03,2022-09-23,stop_loss,-1,-0.1359223320233649,-0.006934839177575647,-0.13869625446728961,4,0.037421352927455555,0.11833670837576929
2022-09-19,YPF,True,20,7.210000038146973,8.416617899273653,6.003382177020292,2022-10-17,2022-10-17,vertical_timeout,0,-0.01941745710747278,0.026352296285048427,-0.13869625446728961,20,0.037421352927455555,0.16735337791160276
2022-09-19,VIST,True,5,9.789999961853027,10.705671874115746,8.874328049590309,2022-09-26,2022-09-23,stop_loss,-1,-0.12563836026854458,-0.010214543601571036,-0.14198164951367964,4,0.041828491294888956,0.09353134993162991
2022-09-19,VIST,True,10,9.789999961853027,11.084955598859072,8.495044324846983,2022-10-03,2022-09-26,stop_loss,-1,-0.14198164951367964,0.020428989790034713,-0.14198164951367964,5,0.041828491294888956,0.13227330358037487
2022-09-19,VIST,True,20,9.789999961853027,11.621343786378466,7.958656137327589,2022-10-17,2022-10-06,take_profit,1,0.21552601275780492,0.21552601275780492,-0.14198164951367964,13,0.041828491294888956,0.18706269986325982
2022-09-26,AAPL,False,5,150.77000427246094,156.94223810967267,144.5977704352492,2022-10-03,2022-09-29,stop_loss,-1,-0.05498446846191474,0.0065662280713738586,-0.08337206982831358,3,0.018308063994066936,0.040938075627149975
2022-09-26,AAPL,False,10,150.77000427246094,159.4988610751839,142.04114746973798,2022-10-10,2022-09-30,stop_loss,-1,-0.08337206982831358,0.0065662280713738586,-0.08337206982831358,4,0.018308063994066936,0.057895181769370946
2022-09-26,AAPL,False,20,150.77000427246094,163.1144719468844,138.42553659803747,2022-10-24,2022-09-30,stop_loss,-1,-0.08337206982831358,0.0065662280713738586,-0.08337206982831358,4,0.018308063994066936,0.08187615125429995
2022-09-26,MSFT,False,5,237.4499969482422,247.38388818800163,227.51610570848274,2022-10-03,2022-10-03,vertical_timeout,0,0.01385558470080328,0.01524535869657484,-0.019161941925607162,5,0.018709502108802806,0.04183571854045874
2022-09-26,MSFT,False,10,237.4499969482422,251.49864066664927,223.4013532298351,2022-10-10,2022-10-10,vertical_timeout,0,-0.03453357360972964,0.04948410255217306,-0.03453357360972964,10,0.018709502108802806,0.059164640551540304
2022-09-26,MSFT,False,20,237.4499969482422,257.3177794277611,217.5822144687233,2022-10-24,2022-10-24,vertical_timeout,0,0.041271860087216394,0.04948410255217306,-0.050705384042423085,20,0.018709502108802806,0.08367143708091748
2022-09-26,NVDA,False,5,12.227999687194824,13.194404820596692,11.261594553792957,2022-10-03,2022-10-03,vertical_timeout,0,0.02322541740215467,0.04154402901827936,-0.0072783570908315776,5,0.035344252982837034,0.07903215228357331
2022-09-26,NVDA,False,10,12.227999687194824,13.594702933598725,10.861296440790923,2022-10-10,2022-10-10,vertical_timeout,0,-0.0456329428504334,0.08022570916660587,-0.0456329428504334,10,0.035344252982837034,0.11176834162296516
2022-09-26,NVDA,False,20,12.227999687194824,14.16080995399856,10.295189420391088,2022-10-24,2022-10-24,vertical_timeout,0,0.030340227298623734,0.08022570916660587,-0.08186125910126096,20,0.035344252982837034,0.15806430456714662
2022-09-26,AMZN,False,5,115.1500015258789,122.33483458473022,107.96516846702758,2022-10-03,2022-10-03,vertical_timeout,0,0.006339519911990665,0.02483717388148543,-0.018671311310366923,5,0.027904081482740845,0.06239542304510166
2022-09-26,AMZN,False,10,115.1500015258789,125.310889881093,104.98911317066481,2022-10-10,2022-10-10,vertical_timeout,0,-0.01285282967713186,0.05158484353712112,-0.018671311310366923,10,0.027904081482740845,0.08824045350038952
2022-09-26,AMZN,False,20,115.1500015258789,129.51966764358156,100.78033540817627,2022-10-24,2022-10-24,vertical_timeout,0,0.04055578034791241,0.05158484353712112,-0.07164567859902193,20,0.027904081482740845,0.12479084609020331
2022-09-26,GOOGL,False,5,98.16999816894533,103.3136569697537,93.02633936813696,2022-10-03,2022-10-03,vertical_timeout,0,0.004787625847708199,0.01915050339083324,-0.02566972282845148,5,0.023431946513595685,0.052395425249539156
2022-09-26,GOOGL,False,10,98.16999816894533,105.44423020526824,90.8957661326224,2022-10-10,2022-10-10,vertical_timeout,0,-0.003157762701189726,0.03534686039956347,-0.02566972282845148,10,0.023431946513595685,0.07409832099420398
2022-09-26,GOOGL,False,20,98.16999816894533,108.45731577056206,87.88268056732858,2022-10-24,2022-10-24,vertical_timeout,0,0.04431087455695959,0.04431087455695959,-0.02566972282845148,20,0.023431946513595685,0.10479085049907831
2022-09-26,META,False,5,136.3699951171875,146.03100141854745,126.70898881582757,2022-10-03,2022-10-03,vertical_timeout,0,0.0164259409941252,0.03842491516305424,-0.014446001989002255,5,0.031682433958189565,0.0708440760231596
2022-09-26,META,False,10,136.3699951171875,150.03272125474265,122.70726897963235,2022-10-10,2022-10-10,vertical_timeout,0,-0.018919131212387308,0.03842491516305424,-0.021412321430649417,10,0.031682433958189565,0.1001886531257429
2022-09-26,META,False,20,136.3699951171875,155.69200771990737,117.04798251446762,2022-10-24,2022-10-24,vertical_timeout,0,-0.04876434798409868,0.03842491516305424,-0.07046999578388802,20,0.031682433958189565,0.1416881520463192
2022-09-26,TSLA,False,5,276.010009765625,294.72493150288193,257.2950880283681,2022-10-03,2022-10-03,stop_loss,-1,-0.12177100351425918,0.042752028460811164,-0.12177100351425918,5,0.03032341996120367,0.06780522834352544
2022-09-26,TSLA,False,10,276.010009765625,302.4769059052048,249.54311362604525,2022-10-10,2022-10-03,stop_loss,-1,-0.12177100351425918,0.042752028460811164,-0.1922031853004369,5,0.03032341996120367,0.09589107352321827
2022-09-26,TSLA,False,20,276.010009765625,313.43985324013875,238.58016629111123,2022-10-24,2022-10-06,stop_loss,-1,-0.13724141713185856,0.042752028460811164,-0.25730952414648967,8,0.03032341996120367,0.13561045668705088
2022-09-26,SPY,False,5,364.30999755859375,375.1818401670071,353.4381549501804,2022-10-03,2022-10-03,vertical_timeout,0,0.006313271138266963,0.017073375044292405,-0.019571257804051223,5,0.013345875367683852,0.029842284541381096
2022-09-26,SPY,False,10,364.30999755859375,379.68510482339764,348.9348902937898,2022-10-10,2022-10-10,vertical_timeout,0,-0.011775709076531471,0.037495549816505935,-0.019571257804051223,10,0.013345875367683852,0.042203363530618106
2022-09-26,SPY,False,20,364.30999755859375,386.05368277542055,342.56631234176695,2022-10-24,2022-10-24,vertical_timeout,0,0.03996595661982072,0.03996595661982072,-0.021273091740375616,20,0.013345875367683852,0.05968456908276219
2022-09-26,QQQ,False,5,274.3699951171875,284.9803134397312,263.7596767946438,2022-10-03,2022-10-03,vertical_timeout,0,-0.003061545915513997,0.020301080378121172,-0.025913858942650525,5,0.017294451619599187,0.03867156945500512
2022-09-26,QQQ,False,10,274.3699951171875,289.3752511900246,259.3647390443504,2022-10-10,2022-10-10,vertical_timeout,0,-0.029011887585150498,0.028283011640214406,-0.029011887585150498,10,0.017294451619599187,0.05468985800152136
2022-09-26,QQQ,False,20,274.3699951171875,295.590631762275,253.14935847210003,2022-10-24,2022-10-24,vertical_timeout,0,0.014870492992869355,0.028283011640214406,-0.0496774615496528,20,0.017294451619599187,0.07734313891001024
2022-09-26,AVGO,False,5,46.22600173950195,48.30025560995383,44.15174786905008,2022-10-03,2022-10-03,vertical_timeout,0,-0.011854807144721535,0.008004130099112272,-0.03947996136944543,5,0.02006737542675661,0.04487201558423664
2022-09-26,AVGO,False,10,46.22600173950195,49.15943969489989,43.29256378410402,2022-10-10,2022-10-10,vertical_timeout,0,-0.0531302987348683,0.04876038848084585,-0.0531302987348683,10,0.02006737542675661,0.06345861301024433
2022-09-26,AVGO,False,20,46.22600173950195,50.37450948040571,42.077493998598186,2022-10-24,2022-10-24,vertical_timeout,0,-0.012417282279582276,0.04876038848084585,-0.0760611457344521,20,0.02006737542675661,0.08974403116847328
2022-09-26,AMD,False,5,66.30000305175781,70.96301160977583,61.636994493739785,2022-10-03,2022-10-03,vertical_timeout,0,-0.002865798381003426,0.031070851640618846,-0.04434392618520855,5,0.031453404631827164,0.07033195088057229
2022-09-26,AMD,False,10,66.30000305175781,72.8944929959687,59.70551310754691,2022-10-10,2022-10-07,stop_loss,-1,-0.11855209748501572,0.031070851640618846,-0.1280543180644952,9,0.031453404631827164,0.09946439880346368
2022-09-26,AMD,False,20,66.30000305175781,75.62602016779387,56.973985935721764,2022-10-24,2022-10-14,stop_loss,-1,-0.15625948639792941,0.031070851640618846,-0.15625948639792941,14,0.031453404631827164,0.14066390176114457
2022-09-26,NFLX,False,5,22.40699958801269,24.003106539743676,20.810892636281707,2022-10-03,2022-09-28,take_profit,1,0.0943009286652281,0.0943009286652281,0.0012942935910720266,2,0.03185614949838984,0.0712325157797955
2022-09-26,NFLX,False,10,22.40699958801269,24.66423568614863,20.149763489876754,2022-10-10,2022-10-10,vertical_timeout,0,0.026375668948896758,0.0943009286652281,0.0012942935910720266,10,0.03185614949838984,0.10073798989774231
2022-09-26,NFLX,False,20,22.40699958801269,25.599213491474664,19.21478568455072,2022-10-24,2022-10-19,take_profit,1,0.21560232831542403,0.2923194209327922,-0.043647018855827335,17,0.03185614949838984,0.142465031559591
2022-09-26,COST,False,5,480.2999877929688,498.1798792631469,462.4200963227907,2022-10-03,2022-10-03,vertical_timeout,0,-0.005350774249339496,0.01663547981474678,-0.016718715351619395,5,0.01664820061368415,0.03722650827525148
2022-09-26,COST,False,10,480.2999877929688,505.58597280385374,455.0140027820839,2022-10-10,2022-10-10,vertical_timeout,0,-0.029127608973426367,0.01663547981474678,-0.029127608973426367,10,0.01664820061368415,0.052646232882654895
2022-09-26,COST,False,20,480.2999877929688,516.0597707333251,444.54020485261253,2022-10-24,2022-10-24,vertical_timeout,0,0.03470750333418682,0.03470750333418682,-0.05340411107305865,20,0.01664820061368415,0.07445301655050296
2022-09-26,ADBE,False,5,276.9599914550781,296.15667303598025,257.763309874176,2022-10-03,2022-10-03,vertical_timeout,0,0.02989601037967926,0.02989601037967926,-0.006354633529559228,5,0.03099731822766003,0.06931211067724113
2022-09-26,ADBE,False,10,276.9599914550781,304.1081988993477,249.81178401080854,2022-10-10,2022-10-10,vertical_timeout,0,0.031629152353746415,0.07744805339694838,-0.006354633529559228,10,0.03099731822766003,0.09802212695645941
2022-09-26,ADBE,False,20,276.9599914550781,315.3533546168824,238.56662829327385,2022-10-24,2022-10-24,take_profit,1,0.14175336141282635,0.14175336141282635,-0.006354633529559228,20,0.03099731822766003,0.13862422135448227
2022-09-26,PEP,False,5,168.4499969482422,172.14389489839922,164.75609899808515,2022-10-03,2022-09-30,stop_loss,-1,-0.030810344526161826,0.0013060327972027608,-0.030810344526161826,4,0.009806835343589988,0.021928750472414722
2022-09-26,PEP,False,10,168.4499969482422,173.67395752737642,163.22603636910793,2022-10-10,2022-10-06,stop_loss,-1,-0.033541074495955,0.0013060327972027608,-0.0406054999216906,8,0.009806835343589988,0.031011936323984312
2022-09-26,PEP,False,20,168.4499969482422,175.83779284855623,161.06220104792814,2022-10-24,2022-10-24,take_profit,1,0.054793682960855516,0.054793682960855516,-0.0406054999216906,20,0.009806835343589988,0.043857500944829445
2022-09-26,CSCO,False,5,40.58000183105469,42.02487802005546,39.135125642053914,2022-10-03,2022-10-03,vertical_timeout,0,0.0174962802473142,0.01872839544703031,-0.01429279952892537,5,0.015923318047778322,0.03560562158218157
2022-09-26,CSCO,False,10,40.58000183105469,42.623365333489524,38.536638328619844,2022-10-10,2022-10-10,vertical_timeout,0,-0.01700350937091899,0.03474617505643085,-0.01700350937091899,10,0.015923318047778322,0.05035395293824536
2022-09-26,CSCO,False,20,40.58000183105469,43.46975420905623,37.69024945305315,2022-10-24,2022-10-24,take_profit,1,0.07294231027381226,0.07294231027381226,-0.03228194465699874,20,0.015923318047778322,0.07121124316436314
2022-09-26,INTC,False,5,26.96999931335449,28.355688423351737,25.58431020335724,2022-10-03,2022-10-03,vertical_timeout,0,2.220446049250313e-16,0.0059325121055116,-0.04449384079133534,5,0.02297734612177596,0.05137890787083221
2022-09-26,INTC,False,10,26.96999931335449,28.929659645945303,25.010338980763677,2022-10-10,2022-10-10,vertical_timeout,0,-0.06562842400736002,0.027067166042658908,-0.06562842400736002,10,0.02297734612177596,0.07266074833084868
2022-09-26,INTC,False,20,26.96999931335449,29.741377533348984,24.198621093359993,2022-10-24,2022-10-24,vertical_timeout,0,0.00778646633918556,0.027067166042658908,-0.0715609361128714,20,0.02297734612177596,0.10275781574166443
2022-09-26,AMAT,False,5,82.94000244140625,88.0483941485876,77.83161073422488,2022-10-03,2022-10-03,vertical_timeout,0,0.03990833688402806,0.03990833688402806,-0.012177503092599906,5,0.027544515979544153,0.06159141013758994
2022-09-26,AMAT,False,10,82.94000244140625,90.16435927561638,75.71564560719612,2022-10-10,2022-10-10,vertical_timeout,0,-0.04521340595147949,0.07800821111952483,-0.04521340595147949,10,0.027544515979544153,0.08710340754226342
2022-09-26,AMAT,False,20,82.94000244140625,93.15678585576897,72.72321902704353,2022-10-24,2022-10-24,vertical_timeout,0,0.0241138165074557,0.07800821111952483,-0.10284541268639302,20,0.027544515979544153,0.12318282027517988
2022-09-26,QCOM,False,5,119.73999786376952,126.14280384889626,113.33719187864277,2022-10-03,2022-09-30,stop_loss,-1,-0.05645560904825553,0.005010844202650855,-0.05645560904825553,4,0.023913662410074133,0.053472574739907214
2022-09-26,QCOM,False,10,119.73999786376952,128.79493292517938,110.68506280235965,2022-10-10,2022-10-10,vertical_timeout,0,-0.04292633607273233,0.04626692011328015,-0.05645560904825553,10,0.023913662410074133,0.07562164041218576
2022-09-26,QCOM,False,20,119.73999786376952,132.545609834023,106.93438589351604,2022-10-24,2022-10-24,vertical_timeout,0,-0.028060803994453765,0.04626692011328015,-0.09270084075623386,20,0.023913662410074133,0.10694514947981443
2022-09-26,TXN,False,5,160.4600067138672,167.47307123648585,153.44694219124852,2022-10-03,2022-10-03,vertical_timeout,0,-0.003863955814748077,0.014583050230474681,-0.03539827805628182,5,0.019545915925494244,0.043705996691900846
2022-09-26,TXN,False,10,160.4600067138672,170.3779776755521,150.54203575218227,2022-10-10,2022-10-10,vertical_timeout,0,-0.022871826462520062,0.04574346273697549,-0.03539827805628182,10,0.019545915925494244,0.061809613278719804
2022-09-26,TXN,False,20,160.4600067138672,174.48613575910454,146.43387766862986,2022-10-24,2022-10-24,vertical_timeout,0,0.007416098297559959,0.04574346273697549,-0.07553290457970008,20,0.019545915925494244,0.08741199338380169
2022-09-26,CCJ,True,5,25.1200008392334,27.182731290033782,23.057270388433015,2022-10-03,2022-09-28,take_profit,1,0.08678337281033621,0.09514328462583665,0.051751560255927975,2,0.03672297255694838,0.08211506297319586
2022-09-26,CCJ,True,10,25.1200008392334,28.037142218275267,22.20285946019153,2022-10-10,2022-10-10,vertical_timeout,0,0.010748349577813121,0.11345534947872515,0.010748349577813121,10,0.03672297255694838,0.11612823573181434
2022-09-26,CCJ,True,20,25.1200008392334,29.245461740834163,20.99453993763263,2022-10-24,2022-10-24,vertical_timeout,0,-0.04976114483434657,0.11345534947872515,-0.1524681447352586,20,0.03672297255694838,0.16423012594639172
2022-09-26,YPF,True,5,6.25,6.812014006472767,5.687985993527233,2022-10-03,2022-10-03,take_profit,1,0.09120002746582023,0.09120002746582023,-0.0063999938964843794,5,0.04021444872896362,0.08992224103564267
2022-09-26,YPF,True,10,6.25,7.044807830197428,5.455192169802573,2022-10-10,2022-10-05,take_profit,1,0.18400001525878906,0.18400001525878906,-0.0063999938964843794,7,0.04021444872896362,0.12716925283158834
2022-09-26,YPF,True,20,6.25,7.374028012945533,5.125971987054466,2022-10-24,2022-10-05,take_profit,1,0.18400001525878906,0.18400001525878906,-0.0063999938964843794,7,0.04021444872896362,0.17984448207128534
2022-09-26,VIST,False,5,8.399999618530273,9.183457327645769,7.616541909414777,2022-10-03,2022-09-28,take_profit,1,0.1202381279463145,0.1892857410469846,0.02976190611348417,2,0.041711066062763105,0.09326877913032282
2022-09-26,VIST,False,10,8.399999618530273,9.507976136307162,7.292023100753384,2022-10-10,2022-10-03,take_profit,1,0.1892857410469846,0.41666668558877706,0.02976190611348417,5,0.041711066062763105,0.1319019723920832
2022-09-26,VIST,False,20,8.399999618530273,9.966915036761266,6.8330842002992815,2022-10-24,2022-10-03,take_profit,1,0.1892857410469846,0.525000119209295,0.02976190611348417,5,0.041711066062763105,0.18653755826064564
2022-10-03,AAPL,True,5,142.4499969482422,148.76258487256624,136.13740902391814,2022-10-10,2022-10-10,vertical_timeout,0,-0.014250605986565579,0.027729006899714914,-0.01656722120681442,5,0.019818007743252646,0.04431441249253012
2022-10-03,AAPL,True,10,142.4499969482422,151.3773444044939,133.52264949199048,2022-10-17,2022-10-17,vertical_timeout,0,-0.0002807531554201992,0.027729006899714914,-0.02885223375501289,10,0.019818007743252646,0.0626700431555318
2022-10-03,AAPL,True,20,142.4499969482422,155.0751727968903,129.82482109959406,2022-10-31,2022-10-28,take_profit,1,0.09329595528001788,0.09329595528001788,-0.02885223375501289,19,0.019818007743252646,0.08862882498506024
2022-10-03,MSFT,False,5,240.7400054931641,251.19794202418737,230.2820689621408,2022-10-10,2022-10-10,stop_loss,-1,-0.047727860891364604,0.03514161029342633,-0.047727860891364604,5,0.019427312830571867,0.04344079210931255
2022-10-03,MSFT,False,10,240.7400054931641,255.5297611697743,225.9502498165539,2022-10-17,2022-10-11,stop_loss,-1,-0.06367866362572638,0.03514161029342633,-0.06367866362572638,6,0.019427312830571867,0.061434557361219944
2022-10-03,MSFT,False,20,240.7400054931641,261.6558785552107,219.82413243111748,2022-10-31,2022-10-31,vertical_timeout,0,-0.03576472714916534,0.041206272088528895,-0.06367866362572638,20,0.019427312830571867,0.0868815842186251
2022-10-03,NVDA,False,5,12.51200008392334,13.488475680129254,11.535524487717424,2022-10-10,2022-10-10,vertical_timeout,0,-0.06729539657782446,0.05570648538927814,-0.06729539657782446,5,0.03490194688044475,0.07804312577176119
2022-10-03,NVDA,False,10,12.51200008392334,13.8929451154041,11.13105505244258,2022-10-17,2022-10-17,vertical_timeout,0,-0.04987216633079983,0.05570648538927814,-0.10270139376543042,10,0.03490194688044475,0.11036964691641389
2022-10-03,NVDA,False,20,12.51200008392334,14.46495127633517,10.559048891511509,2022-10-31,2022-10-31,vertical_timeout,0,0.07872439658491293,0.10565853109003398,-0.10270139376543042,20,0.03490194688044475,0.15608625154352238
2022-10-03,AMZN,False,5,115.87999725341795,123.10411721114876,108.65587729568716,2022-10-10,2022-10-10,vertical_timeout,0,-0.019071445778856888,0.04496029692750958,-0.019071445778856888,5,0.027879916613688886,0.062341388755234095
2022-10-03,AMZN,False,10,115.87999725341795,126.09644567385098,105.66354883298493,2022-10-17,2022-10-17,vertical_timeout,0,-0.01803586803095958,0.04496029692750958,-0.07749392423526469,10,0.027879916613688886,0.08816403747482562
2022-10-03,AMZN,False,20,115.87999725341795,130.32823716887953,101.43175733795638,2022-10-31,2022-10-31,vertical_timeout,0,-0.11598200837561101,0.04496029692750958,-0.11598200837561101,20,0.027879916613688886,0.12468277751046819
2022-10-03,GOOGL,True,5,98.63999938964844,103.66965793533677,93.6103408439601,2022-10-10,2022-10-10,vertical_timeout,0,-0.00790753025266877,0.030413625492325735,-0.00790753025266877,5,0.02280344379838288,0.05099005045428013
2022-10-03,GOOGL,True,10,98.63999938964844,105.75301071906661,91.52698806023025,2022-10-17,2022-10-17,vertical_timeout,0,0.01348339253126829,0.030413625492325735,-0.021086798904349613,10,0.02280344379838288,0.07211082089853135
2022-10-03,GOOGL,True,20,98.63999938964844,108.69931648102512,88.58068229827177,2022-10-31,2022-10-31,vertical_timeout,0,-0.04186939658326261,0.05920523117823562,-0.06508513999057308,20,0.02280344379838288,0.10198010090856026
2022-10-03,META,False,5,138.61000061035156,148.41131127673646,128.80868994396667,2022-10-10,2022-10-10,vertical_timeout,0,-0.03477387852964764,0.012048179507911927,-0.03722677757295978,5,0.0316231106300041,0.07071142502868537
2022-10-03,META,False,10,138.61000061035156,152.47114708378516,124.74885413691794,2022-10-17,2022-10-17,vertical_timeout,0,-0.03297025686527166,0.012048179507911927,-0.08549165588298913,10,0.0316231106300041,0.10000105629029518
2022-10-03,META,False,20,138.61000061035156,158.21262194312138,119.00737927758175,2022-10-31,2022-10-27,stop_loss,-1,-0.2934131591505673,0.012048179507911927,-0.32789839656668995,18,0.0316231106300041,0.14142285005737074
2022-10-03,TSLA,False,5,242.3999938964844,259.61762789378594,225.18235989918284,2022-10-10,2022-10-07,stop_loss,-1,-0.07974417103541853,0.029042940273044104,-0.08019796894433484,4,0.031765512375482044,0.07102984501168867
2022-10-03,TSLA,False,10,242.3999938964844,266.7494054074444,218.05058238552445,2022-10-17,2022-10-11,stop_loss,-1,-0.10684816232934746,0.029042940273044104,-0.15433163921322568,6,0.031765512375482044,0.10045137014878906
2022-10-03,TSLA,False,20,242.3999938964844,276.8352618910875,207.96472590188125,2022-10-31,2022-10-14,stop_loss,-1,-0.15433163921322568,0.029042940273044104,-0.15433163921322568,9,0.031765512375482044,0.14205969002337734
2022-10-03,SPY,True,5,366.6099853515625,378.2655522515629,354.9544184515621,2022-10-10,2022-10-10,vertical_timeout,0,-0.01797549603448778,0.030986651545366062,-0.01797549603448778,5,0.014218183326187635,0.03179282443390962
2022-10-03,SPY,True,10,366.6099853515625,383.09344613868996,350.126524564435,2022-10-17,2022-10-17,vertical_timeout,0,0.0005728757563840947,0.030986651545366062,-0.02741329531254111,10,0.014218183326187635,0.0449618435005817
2022-10-03,SPY,True,20,366.6099853515625,389.9211191515633,343.2988515515617,2022-10-31,2022-10-31,vertical_timeout,0,0.05346282667320179,0.06112764124692127,-0.02741329531254111,20,0.014218183326187635,0.06358564886781924
2022-10-03,QQQ,False,5,273.5299987792969,284.3445123896395,262.7154851689543,2022-10-10,2022-10-10,vertical_timeout,0,-0.02603003381333835,0.03144081505463947,-0.02603003381333835,5,0.01768141533597156,0.03953684662963969
2022-10-03,QQQ,False,10,273.5299987792969,288.8240305975118,258.23596696108194,2022-10-17,2022-10-17,vertical_timeout,0,-0.015281660857805801,0.03144081505463947,-0.04675907067598006,10,0.01768141533597156,0.05591354471710144
2022-10-03,QQQ,False,20,273.5299987792969,295.1590259999821,251.9009715586117,2022-10-31,2022-10-31,vertical_timeout,0,0.01615915419683356,0.039045050720007524,-0.04675907067598006,20,0.01768141533597156,0.07907369325927938
2022-10-03,AVGO,False,5,45.678001403808594,47.72301108353867,43.632991724078515,2022-10-10,2022-10-04,take_profit,1,0.05052757533813912,0.061342397922736325,-0.0417706748852158,1,0.02002180707556199,0.04477012165334288
2022-10-03,AVGO,False,10,45.678001403808594,48.57008182806713,42.785920979550056,2022-10-17,2022-10-14,stop_loss,-1,-0.06497662393539982,0.061342397922736325,-0.06497662393539982,9,0.02002180707556199,0.06331451323125087
2022-10-03,AVGO,False,20,45.678001403808594,49.76802076326875,41.587982044348436,2022-10-31,2022-10-31,vertical_timeout,0,0.02920442210236085,0.061342397922736325,-0.06497662393539982,20,0.02002180707556199,0.08954024330668577
2022-10-03,AMD,False,5,66.11000061035156,70.84309641361925,61.376904807083875,2022-10-10,2022-10-07,stop_loss,-1,-0.11601878555181255,0.02768116493963757,-0.12554831584377457,4,0.032017921229510124,0.07159424836741829
2022-10-03,AMD,False,10,66.11000061035156,72.8036088873439,59.41639233335923,2022-10-17,2022-10-07,stop_loss,-1,-0.11601878555181255,0.02768116493963757,-0.1538345468121226,4,0.032017921229510124,0.10124955702911076
2022-10-03,AMD,False,20,66.11000061035156,75.57619221688694,56.643809003816195,2022-10-31,2022-10-14,stop_loss,-1,-0.1538345468121226,0.02768116493963757,-0.1538345468121226,9,0.032017921229510124,0.14318849673483658
2022-10-03,NFLX,False,5,23.90399932861328,25.66497200839121,22.143026648835352,2022-10-10,2022-10-10,vertical_timeout,0,-0.03790161323526364,0.007111783846582176,-0.05978074745982076,5,0.0329455716959464,0.07366853786972918
2022-10-03,NFLX,False,10,23.90399932861328,26.39439077532372,21.41360788190284,2022-10-17,2022-10-17,vertical_timeout,0,0.025351443996367795,0.025351443996367795,-0.10353909570096498,10,0.0329455716959464,0.10418304537556697
2022-10-03,NFLX,False,20,23.90399932861328,27.425944688169135,20.382053969057427,2022-10-31,2022-10-21,take_profit,1,0.2113872801929053,0.24924700261239097,-0.10353909570096498,14,0.0329455716959464,0.14733707573945837
2022-10-03,COST,False,5,477.7300109863281,495.9473374179122,459.51268455474406,2022-10-10,2022-10-10,vertical_timeout,0,-0.02390474361063577,0.017583140483767412,-0.02390474361063577,5,0.017053640898642003,0.03813310031323412
2022-10-03,COST,False,10,477.7300109863281,503.49320109605225,451.966820876604,2022-10-17,2022-10-17,vertical_timeout,0,-0.028384228009032952,0.017583140483767412,-0.04831184258697174,10,0.017053640898642003,0.053928347638309414
2022-10-03,COST,False,20,477.7300109863281,514.1646638494963,441.29535812315993,2022-10-31,2022-10-31,vertical_timeout,0,0.049756114263359796,0.06936969285734862,-0.04831184258697174,20,0.017053640898642003,0.07626620062646824
2022-10-03,ADBE,False,5,285.239990234375,305.05808724562866,265.42189322312134,2022-10-10,2022-10-10,vertical_timeout,0,0.001682832010805102,0.04617169358655815,0.001682832010805102,5,0.03107180873582016,0.06947867651716569
2022-10-03,ADBE,False,10,285.239990234375,313.26701180811557,257.21296866063443,2022-10-17,2022-10-17,vertical_timeout,0,0.02895810562480361,0.04617169358655815,-0.0014373989487675987,10,0.03107180873582016,0.0982576866263088
2022-10-03,ADBE,False,20,285.239990234375,324.87618425688225,245.60379621186775,2022-10-31,2022-10-28,take_profit,1,0.1417753604891714,0.1417753604891714,-0.0014373989487675987,19,0.03107180873582016,0.13895735303433138
2022-10-03,PEP,False,5,165.25,169.1550409860512,161.3449590139488,2022-10-10,2022-10-10,vertical_timeout,0,-0.020756385329992466,0.011255676915894464,-0.02202722777396937,5,0.010568153827211242,0.023631110354318904
2022-10-03,PEP,False,10,165.25,170.7725619240964,159.7274380759036,2022-10-17,2022-10-13,take_profit,1,0.05664145603843607,0.05664145603843607,-0.02202722777396937,8,0.010568153827211242,0.033419436757013074
2022-10-03,PEP,False,20,165.25,173.06008197210238,157.4399180278976,2022-10-31,2022-10-13,take_profit,1,0.05664145603843607,0.10275337807890517,-0.02202722777396937,8,0.010568153827211242,0.04726222070863781
2022-10-03,CSCO,False,5,41.290000915527344,42.823356202290576,39.75664562876411,2022-10-10,2022-10-10,vertical_timeout,0,-0.03390655109800267,0.01695327554900139,-0.03390655109800267,5,0.016607830364914776,0.03713623765473458
2022-10-03,CSCO,False,10,41.290000915527344,43.4584927580044,39.12150907305029,2022-10-17,2022-10-17,vertical_timeout,0,0.00024214873605021836,0.01695327554900139,-0.048922267206926606,10,0.016607830364914776,0.05251857094683606
2022-10-03,CSCO,False,20,41.290000915527344,44.35671148905381,38.22329034200088,2022-10-31,2022-10-25,take_profit,1,0.07435213433646903,0.10535234627435552,-0.048922267206926606,16,0.016607830364914776,0.07427247530946916
2022-10-03,INTC,False,5,26.96999931335449,28.39493325060618,25.5450653761028,2022-10-10,2022-10-10,stop_loss,-1,-0.06562842400736002,0.027067166042658908,-0.06562842400736002,5,0.023628099579249825,0.05283403683833679
2022-10-03,INTC,False,10,26.96999931335449,28.98516021290152,24.954838413807458,2022-10-17,2022-10-17,vertical_timeout,0,-0.020393001522554965,0.027067166042658908,-0.0715609361128714,10,0.023628099579249825,0.0747186114516956
2022-10-03,INTC,False,20,26.96999931335449,29.819867187857866,24.12013143885111,2022-10-31,2022-10-31,vertical_timeout,0,0.05413426136419508,0.0778643097862406,-0.0715609361128714,20,0.023628099579249825,0.10566807367667358
2022-10-03,AMAT,False,5,86.25,91.65058910988107,80.84941089011893,2022-10-10,2022-10-10,stop_loss,-1,-0.08185504415760869,0.03663772361865947,-0.08185504415760869,5,0.028002514477076287,0.06261552591166455
2022-10-03,AMAT,False,10,86.25,93.88758636399825,78.61241363600175,2022-10-17,2022-10-11,stop_loss,-1,-0.11536228345788047,0.03663772361865947,-0.1372753198596014,6,0.028002514477076287,0.08855172595939997
2022-10-03,AMAT,False,20,86.25,97.05117821976214,75.44882178023786,2022-10-31,2022-10-14,stop_loss,-1,-0.13252174266870476,0.040231898211050776,-0.1372753198596014,9,0.028002514477076287,0.1252310518233291
2022-10-03,QCOM,False,5,117.22000122070312,123.31000208812122,111.13000035328503,2022-10-10,2022-10-05,take_profit,1,0.06543250374570597,0.06875957579473391,-0.022351157816907552,2,0.023234355537908712,0.05195359839616258
2022-10-03,QCOM,False,10,117.22000122070312,125.83256304226973,108.60743939913654,2022-10-17,2022-10-17,vertical_timeout,0,-0.04802938768284315,0.06875957579473391,-0.07319571525084845,10,0.023234355537908712,0.0734734834659382
2022-10-03,QCOM,False,20,117.22000122070312,129.40000295553932,105.03999948586693,2022-10-31,2022-10-31,vertical_timeout,0,0.0037536464496175093,0.06875957579473391,-0.07319571525084845,20,0.023234355537908712,0.10390719679232516
2022-10-03,TXN,False,5,159.83999633789062,167.0706673899426,152.60932528583865,2022-10-10,2022-10-05,take_profit,1,0.049799842944442396,0.049799842944442396,-0.01908160111134083,2,0.020230571028229442,0.04523693204275885
2022-10-03,TXN,False,10,159.83999633789062,170.06570940476107,149.61428327102018,2022-10-17,2022-10-14,stop_loss,-1,-0.07194694859533035,0.049799842944442396,-0.07194694859533035,9,0.020230571028229442,0.06397468281501961
2022-10-03,TXN,False,20,159.83999633789062,174.30133844199457,145.37865423378665,2022-10-31,2022-10-31,vertical_timeout,0,0.004942496014901376,0.049799842944442396,-0.07194694859533035,20,0.020230571028229442,0.0904738640855177
2022-10-03,CCJ,False,5,27.51000022888184,29.749825901677987,25.270174556085692,2022-10-10,2022-10-10,vertical_timeout,0,-0.0770629160885169,0.01672115887479042,-0.0770629160885169,5,0.036411504328983824,0.0814185988426357
2022-10-03,CCJ,False,10,27.51000022888184,30.677592072701593,24.342408385062086,2022-10-17,2022-10-12,stop_loss,-1,-0.18938571241273505,0.01672115887479042,-0.22609957330441333,7,0.036411504328983824,0.11514328671266978
2022-10-03,CCJ,False,20,27.51000022888184,31.989651574474134,23.030348883289545,2022-10-31,2022-10-12,stop_loss,-1,-0.18938571241273505,0.01672115887479042,-0.22609957330441333,7,0.036411504328983824,0.1628371976852714
2022-10-03,YPF,True,5,6.820000171661377,7.438008965886181,6.201991377436573,2022-10-10,2022-10-10,vertical_timeout,0,0.008797645347408345,0.08504397494241767,0.008797645347408345,5,0.04052520937818984,0.09061712297204447
2022-10-03,YPF,True,10,6.820000171661377,7.693996590119938,5.946003753202817,2022-10-17,2022-10-17,vertical_timeout,0,0.03665689057293653,0.08504397494241767,-0.032258102857967486,10,0.04052520937818984,0.12815196429029585
2022-10-03,YPF,True,20,6.820000171661377,8.056017760110985,5.58398258321177,2022-10-31,2022-10-31,vertical_timeout,0,0.12023455633205127,0.15395889845585176,-0.032258102857967486,20,0.04052520937818984,0.18123424594408893
2022-10-03,VIST,False,5,9.989999771118164,10.89901295902921,9.080986583207117,2022-10-10,2022-10-05,take_profit,1,0.1411411291007758,0.19119118029752724,0.024024001663345507,2,0.040692999543189855,0.09099231318694041
2022-10-03,VIST,False,10,9.989999771118164,11.27553854983797,8.704460992398358,2022-10-17,2022-10-05,take_profit,1,0.1411411291007758,0.19119118029752724,0.024024001663345507,2,0.040692999543189855,0.12868256338067136
2022-10-03,VIST,False,20,9.989999771118164,11.808026146940259,8.171973395296071,2022-10-31,2022-10-06,take_profit,1,0.19119118029752724,0.3833833845300849,0.024024001663345507,3,0.040692999543189855,0.18198462637388083
2022-10-10,AAPL,False,5,140.4199981689453,146.7789617333315,134.06103460455913,2022-10-17,2022-10-17,vertical_timeout,0,0.014171809707402172,0.018302288546725887,-0.014812717975912104,5,0.020252207636841456,0.04528531297041787
2022-10-10,AAPL,False,10,140.4199981689453,149.41293068433663,131.427065653554,2022-10-24,2022-10-24,take_profit,1,0.06430707090903454,0.06430707090903454,-0.014812717975912104,10,0.020252207636841456,0.06404310377907518
2022-10-10,AAPL,False,20,140.4199981689453,153.1379252977177,127.70207104017292,2022-11-07,2022-10-28,take_profit,1,0.10910132120772853,0.10910132120772853,-0.014812717975912104,14,0.020252207636841456,0.09057062594083574
2022-10-10,MSFT,False,5,229.25,239.72566294042142,218.77433705957858,2022-10-17,2022-10-17,vertical_timeout,0,0.03611777002964822,0.03611777002964822,-0.016750256653830453,5,0.02043558948236217,0.04569536724284156
2022-10-10,MSFT,False,10,229.25,244.06482460519317,214.4351753948068,2022-10-24,2022-10-24,take_profit,1,0.07851690294438396,0.07851690294438396,-0.016750256653830453,10,0.02043558948236217,0.0646230080924458
2022-10-10,MSFT,False,20,229.25,250.20132588084283,208.29867411915714,2022-11-07,2022-10-25,take_profit,1,0.09339150997648593,0.09339150997648593,-0.06543075245365326,11,0.02043558948236217,0.09139073448568312
2022-10-10,NVDA,False,5,11.670000076293944,12.63146719211349,10.708532960474397,2022-10-17,2022-10-17,vertical_timeout,0,0.018680330495954856,0.02485003941363506,-0.03796056871350051,5,0.0368450011147886,0.08238792712372284
2022-10-10,NVDA,False,10,11.670000076293944,13.029719911261687,10.310280241326199,2022-10-24,2022-10-24,vertical_timeout,0,0.07960581788726917,0.07960581788726917,-0.03796056871350051,10,0.0368450011147886,0.11651412391417502
2022-10-10,NVDA,False,20,11.670000076293944,13.592934307933035,9.747065844654852,2022-11-07,2022-10-28,take_profit,1,0.18543269437426968,0.22544983272699715,-0.03796056871350051,14,0.0368450011147886,0.16477585424744567
2022-10-10,AMZN,False,5,113.66999816894533,120.99624588219406,106.3437504556966,2022-10-17,2022-10-17,vertical_timeout,0,0.0010557116962706115,0.0010557116962706115,-0.0595583421493886,5,0.02882376734532602,0.06445190315178764
2022-10-10,AMZN,False,10,113.66999816894533,124.03087704632657,103.30911929156409,2022-10-24,2022-10-24,vertical_timeout,0,0.054103999515670465,0.054103999515670465,-0.0595583421493886,10,0.02882376734532602,0.09114875555801531
2022-10-10,AMZN,False,20,113.66999816894533,128.3224935954428,99.01750274244785,2022-11-07,2022-11-01,stop_loss,-1,-0.14850002221632486,0.06096595774441593,-0.2143925003057262,16,0.02882376734532602,0.12890380630357529
2022-10-10,GOOGL,False,5,97.86000061035156,102.87762175780733,92.84237946289579,2022-10-17,2022-10-17,vertical_timeout,0,0.021561420367785855,0.021561420367785855,-0.013284314772631367,5,0.02293018986526511,0.05127346327570953
2022-10-10,GOOGL,False,10,97.86000061035156,104.95598848793358,90.76401273276956,2022-10-24,2022-10-24,vertical_timeout,0,0.047619006781632,0.047619006781632,-0.013284314772631367,10,0.02293018986526511,0.07251162715434724
2022-10-10,GOOGL,False,20,97.86000061035156,107.8952429052631,87.82475831544002,2022-11-07,2022-11-02,stop_loss,-1,-0.11128141550917281,0.06764768756686235,-0.14745555094191753,17,0.02293018986526511,0.10254692655141906
2022-10-10,META,False,5,133.7899932861328,143.11951389975175,124.46047267251386,2022-10-17,2022-10-17,vertical_timeout,0,0.0018686001386167828,0.0018686001386167828,-0.0525449697487278,5,0.031185355163179895,0.0697325740473443
2022-10-10,META,False,10,133.7899932861328,146.98392786835208,120.59605870391353,2022-10-24,2022-10-24,vertical_timeout,0,-0.030420750950523767,0.0018686001386167828,-0.0525449697487278,10,0.031185355163179895,0.0986167519569404
2022-10-10,META,False,20,133.7899932861328,152.44903451337072,115.1309520588949,2022-11-07,2022-10-27,stop_loss,-1,-0.2679571914474591,0.02780477918664115,-0.33545101933027155,13,0.031185355163179895,0.1394651480946886
2022-10-10,TSLA,False,5,222.9600067138672,239.5621015298106,206.35791189792374,2022-10-17,2022-10-14,stop_loss,-1,-0.08059741962496747,-0.005561560171441049,-0.08059741962496747,4,0.03330051261165256,0.07446220988524418
2022-10-10,TSLA,False,10,222.9600067138672,246.43891436637847,199.48109906135593,2022-10-24,2022-10-24,vertical_timeout,0,-0.052520660034313105,-0.004126360782340077,-0.08059741962496747,10,0.03330051261165256,0.10530546710398427
2022-10-10,TSLA,False,20,222.9600067138672,256.1641963457541,189.75581708198033,2022-11-07,2022-11-07,vertical_timeout,0,-0.1160746506256849,0.02493719676699291,-0.1160746506256849,20,0.03330051261165256,0.14892441977048837
2022-10-10,SPY,True,5,360.0199890136719,372.10479335809663,347.9351846692471,2022-10-17,2022-10-17,vertical_timeout,0,0.018887891000654022,0.018887891000654022,-0.00961055374885511,5,0.01501163537221948,0.033567037145723115
2022-10-10,SPY,True,10,360.0199890136719,377.1104832161827,342.9294948111611,2022-10-24,2022-10-24,take_profit,1,0.05235822087311881,0.05235822087311881,-0.00961055374885511,10,0.01501163537221948,0.0474709591801631
2022-10-10,SPY,True,20,360.0199890136719,384.1895977025213,335.85038032482237,2022-11-07,2022-10-25,take_profit,1,0.06916289421117927,0.08055108295361535,-0.00961055374885511,11,0.01501163537221948,0.06713407429144623
2022-10-10,QQQ,False,5,266.4100036621094,277.5191075358924,255.30089978832635,2022-10-17,2022-10-17,vertical_timeout,0,0.011035630798365448,0.011035630798365448,-0.021283034982896964,5,0.018648482481454277,0.041699274505745725
2022-10-10,QQQ,False,10,266.4100036621094,282.1206490262248,250.69935829799394,2022-10-24,2022-10-24,vertical_timeout,0,0.04519353019563166,0.04519353019563166,-0.021283034982896964,10,0.018648482481454277,0.058971679547144246
2022-10-10,QQQ,False,20,266.4100036621094,288.62821140967543,244.19179591454332,2022-11-07,2022-11-07,vertical_timeout,0,0.004429235612630533,0.06681426203328567,-0.02222143818309008,20,0.018648482481454277,0.08339854901149145
2022-10-10,AVGO,False,5,43.77000045776367,45.97383927101928,41.566161644508064,2022-10-17,2022-10-17,vertical_timeout,0,-0.005323319774904078,0.0006168706183165007,-0.02421753169305707,5,0.02251740162830138,0.05035044071754634
2022-10-10,AVGO,False,10,43.77000045776367,46.88669919675397,40.65330171877337,2022-10-24,2022-10-24,vertical_timeout,0,0.04299748571623785,0.04299748571623785,-0.02421753169305707,10,0.02251740162830138,0.07120627613421654
2022-10-10,AVGO,False,20,43.77000045776367,48.17767808427489,39.362322831252456,2022-11-07,2022-11-07,vertical_timeout,0,0.08572078734583788,0.08572078734583788,-0.02421753169305707,20,0.02251740162830138,0.10070088143509268
2022-10-10,AMD,False,5,57.810001373291016,62.51169538602678,53.10830736055525,2022-10-17,2022-10-17,vertical_timeout,0,0.0025946671444110336,0.019546743237754738,-0.03234739149212329,5,0.036371932787181094,0.08133011418519032
2022-10-10,AMD,False,10,57.810001373291016,64.4592008122303,51.16080193435171,2022-10-24,2022-10-24,vertical_timeout,0,0.01539524941197512,0.019546743237754738,-0.03234739149212329,10,0.036371932787181094,0.1150181505100486
2022-10-10,AMD,False,20,57.810001373291016,67.21338939876254,48.40661334781948,2022-11-07,2022-11-07,vertical_timeout,0,0.09116070459390246,0.09116070459390246,-0.03234739149212329,20,0.036371932787181094,0.16266022837038063
2022-10-10,NFLX,False,5,22.99799919128418,24.67646737690419,21.31953100566417,2022-10-17,2022-10-17,vertical_timeout,0,0.06574489480679158,0.06574489480679158,-0.06822325384664829,5,0.03263909116528239,0.07298322656938425
2022-10-10,NFLX,False,10,22.99799919128418,25.371711663399758,20.6242867191686,2022-10-24,2022-10-19,take_profit,1,0.18436393719300948,0.2591095639048482,-0.06822325384664829,7,0.03263909116528239,0.10321386884017161
2022-10-10,NFLX,False,20,22.99799919128418,26.354935562524197,19.641062820044162,2022-11-07,2022-10-19,take_profit,1,0.18436393719300948,0.29846076014455636,-0.06822325384664829,7,0.03263909116528239,0.1459664531387685
2022-10-10,COST,False,5,466.30999755859375,483.405517321117,449.21447779607047,2022-10-17,2022-10-17,vertical_timeout,0,-0.004589187755063007,0.012245054759651985,-0.025004833100633284,5,0.01639542128619693,0.03666127651568337
2022-10-10,COST,False,10,466.30999755859375,490.4867134625714,442.1332816546161,2022-10-24,2022-10-24,take_profit,1,0.06575026017591834,0.06575026017591834,-0.025004833100633284,10,0.01639542128619693,0.051846874462389676
2022-10-10,COST,False,20,466.30999755859375,500.50103708364026,432.1189580335473,2022-11-07,2022-10-28,take_profit,1,0.0955587437367662,0.0955587437367662,-0.025004833100633284,14,0.01639542128619693,0.07332255303136674
2022-10-10,ADBE,False,5,285.7200012207031,305.8402181652937,265.59978427611253,2022-10-17,2022-10-17,vertical_timeout,0,0.027229451022181772,0.03156933002637241,-0.003114988956443465,5,0.03149249098273324,0.07041935061819068
2022-10-10,ADBE,False,10,285.7200012207031,314.17428490163206,257.2657175397742,2022-10-24,2022-10-24,take_profit,1,0.10674786458663221,0.10674786458663221,-0.003114988956443465,10,0.03149249098273324,0.09958800069775146
2022-10-10,ADBE,False,20,285.7200012207031,325.96043510988426,245.479567331522,2022-11-07,2022-11-07,vertical_timeout,0,0.0483690580469498,0.13985717235179207,-0.003114988956443465,20,0.03149249098273324,0.14083870123638137
2022-10-10,PEP,False,5,161.82000732421875,165.7134524502092,157.9265621982283,2022-10-17,2022-10-12,take_profit,1,0.04678032210357408,0.07903839270324031,0.004758305393776974,2,0.010760113180487882,0.02406034451716237
2022-10-10,PEP,False,10,161.82000732421875,167.32617022574985,156.31384442268762,2022-10-24,2022-10-12,take_profit,1,0.04678032210357408,0.09801003975846956,0.004758305393776974,2,0.010760113180487882,0.03402646553154016
2022-10-10,PEP,False,20,161.82000732421875,169.60689757619963,154.03311707223787,2022-11-07,2022-10-13,take_profit,1,0.07903839270324031,0.12612771894409414,0.004758305393776974,3,0.010760113180487882,0.04812068903432474
2022-10-10,CSCO,False,5,39.88999938964844,41.4023448847225,38.377653894574365,2022-10-17,2022-10-17,vertical_timeout,0,0.035347201528862504,0.035347201528862504,-0.015542716003291268,5,0.016955163620928804,0.03791289842602828
2022-10-10,CSCO,False,10,39.88999938964844,42.02877889977604,37.75121987952083,2022-10-24,2022-10-21,take_profit,1,0.0729506114800107,0.09150166913329394,-0.015542716003291268,9,0.016955163620928804,0.053616935142962764
2022-10-10,CSCO,False,20,39.88999938964844,42.91469037979658,36.86530839950029,2022-11-07,2022-10-24,take_profit,1,0.09150166913329394,0.14414640481273455,-0.015542716003291268,10,0.016955163620928804,0.07582579685205657
2022-10-10,INTC,False,5,25.200000762939453,26.577071680188862,23.822929845690044,2022-10-17,2022-10-17,vertical_timeout,0,0.04841266969914915,0.04841266969914915,-0.006349200101906871,5,0.024438286409388877,0.05464566966500279
2022-10-10,INTC,False,10,25.200000762939453,27.147473130463123,23.252528395415784,2022-10-24,2022-10-24,take_profit,1,0.07857140802742468,0.07857140802742468,-0.006349200101906871,10,0.024438286409388877,0.07728064716520697
2022-10-10,INTC,False,20,25.200000762939453,27.95414259743827,22.44585892844064,2022-11-07,2022-10-28,take_profit,1,0.15357138153647232,0.15357138153647232,-0.006349200101906871,14,0.024438286409388877,0.10929133933000558
2022-10-10,AMAT,False,5,79.19000244140625,84.40449992567547,73.97550495713703,2022-10-17,2022-10-17,vertical_timeout,0,-0.060361139435923916,0.0029043530805450413,-0.060361139435923916,5,0.029448088101663977,0.06584792680272339
2022-10-10,AMAT,False,10,79.19000244140625,86.56441550462014,71.81558937819236,2022-10-24,2022-10-24,vertical_timeout,0,0.07261017581423235,0.07261017581423235,-0.060361139435923916,10,0.029448088101663977,0.09312303113856225
2022-10-10,AMAT,False,20,79.19000244140625,89.61899740994467,68.76100747286785,2022-11-07,2022-10-28,take_profit,1,0.13297131525015637,0.20015150884543442,-0.060361139435923916,14,0.029448088101663977,0.13169585360544678
2022-10-10,QCOM,False,5,114.5999984741211,120.79905625972587,108.4009406885163,2022-10-17,2022-10-17,vertical_timeout,0,-0.02626528949658047,-0.01518322763470592,-0.0520069735063613,5,0.02419112528730413,0.05409300059462616
2022-10-10,QCOM,False,10,114.5999984741211,123.3667900684579,105.83320687978427,2022-10-24,2022-10-24,vertical_timeout,0,0.015532275767864201,0.015532275767864201,-0.0520069735063613,10,0.02419112528730413,0.07649905507037622
2022-10-10,QCOM,False,20,114.5999984741211,126.99811404533068,102.2018829029115,2022-11-07,2022-11-07,vertical_timeout,0,-0.03935429490646036,0.04022688195229418,-0.09354276931446825,20,0.02419112528730413,0.10818600118925233
2022-10-10,TXN,False,5,156.7899932861328,164.27799565432204,149.3019909179436,2022-10-17,2022-10-14,stop_loss,-1,-0.05389372606720777,-0.01562597776103658,-0.05389372606720777,4,0.021358100679798122,0.04775816499031307
2022-10-10,TXN,False,10,156.7899932861328,167.37962779030784,146.2003587819578,2022-10-24,2022-10-24,vertical_timeout,0,0.03099688002079537,0.03099688002079537,-0.05389372606720777,10,0.021358100679798122,0.06754024464335268
2022-10-10,TXN,False,20,156.7899932861328,171.7659980225112,141.8139885497544,2022-11-07,2022-11-07,vertical_timeout,0,0.05676388504610386,0.05676388504610386,-0.05389372606720777,20,0.021358100679798122,0.09551632998062615
2022-10-10,CCJ,True,5,25.38999938964844,27.500402612759157,23.279596166537726,2022-10-17,2022-10-12,stop_loss,-1,-0.12170146620199185,0.01693581392329957,-0.16148084177554867,2,0.037172155811347994,0.08311946726438797
2022-10-10,CCJ,True,10,25.38999938964844,28.374560249847505,22.405438529449377,2022-10-24,2022-10-12,stop_loss,-1,-0.12170146620199185,0.01693581392329957,-0.16148084177554867,2,0.037172155811347994,0.11754867790252396
2022-10-10,CCJ,True,20,25.38999938964844,29.610805835869872,21.169192943427014,2022-11-07,2022-11-07,vertical_timeout,0,-0.06104762797641061,0.01693581392329957,-0.16148084177554867,20,0.037172155811347994,0.16623893452877594
2022-10-10,YPF,True,5,6.880000114440918,7.520335958942132,6.239664269939705,2022-10-17,2022-10-17,vertical_timeout,0,0.027616286927329314,0.027616286927329314,-0.04069770423704466,5,0.041623094561555905,0.09307206887354082
2022-10-10,YPF,True,10,6.880000114440918,7.785571750208164,5.974428478673672,2022-10-24,2022-10-24,vertical_timeout,0,0.07412786970369423,0.07412786970369423,-0.04069770423704466,10,0.041623094561555905,0.1316237820790842
2022-10-10,YPF,True,20,6.880000114440918,8.160671803443345,5.5993284254384905,2022-11-07,2022-11-01,take_profit,1,0.20058140864624963,0.20058140864624963,-0.04069770423704466,16,0.041623094561555905,0.18614413774708163
2022-10-10,VIST,True,5,11.390000343322754,12.482007363612912,10.297993323032594,2022-10-17,2022-10-17,vertical_timeout,0,0.016681262041812417,0.034240507277690346,-0.02282706067118412,5,0.04287623978356181,0.09587418677562508
2022-10-10,VIST,True,10,11.390000343322754,12.934331481623728,9.84566920502178,2022-10-24,2022-10-24,vertical_timeout,0,0.12467076676836131,0.12467076676836131,-0.02282706067118412,10,0.04287623978356181,0.13558657521958023
2022-10-10,VIST,True,20,11.390000343322754,13.574014383903073,9.205986302742435,2022-11-07,2022-10-26,take_profit,1,0.21334497614181558,0.2282703555245833,-0.02282706067118412,12,0.04287623978356181,0.19174837355125016
2022-10-17,AAPL,False,5,142.41000366210938,149.10656467775843,135.71344264646032,2022-10-24,2022-10-24,take_profit,1,0.049434682291254806,0.049434682291254806,0.006881509039661671,5,0.021029373304412614,0.04702310823288598
2022-10-17,AAPL,False,10,142.41000366210938,151.88037107169922,132.93963625251953,2022-10-31,2022-10-25,take_profit,1,0.06972819619709969,0.09360298776961096,0.006881509039661671,6,0.021029373304412614,0.06650071740788531
2022-10-17,AAPL,False,20,142.41000366210938,155.8031256934075,129.01688163081127,2022-11-14,2022-11-14,vertical_timeout,0,0.04121898017161074,0.09360298776961096,-0.052945778744671324,20,0.021029373304412614,0.09404621646577196
2022-10-17,MSFT,False,5,237.52999877929688,249.01939432699848,226.04060323159524,2022-10-24,2022-10-24,vertical_timeout,0,0.04092115215196279,0.04092115215196279,-0.0058098130337412845,5,0.021631852479328615,0.04837029262302615
2022-10-17,MSFT,False,10,237.52999877929688,253.7784577863256,221.28153977226816,2022-10-31,2022-10-31,vertical_timeout,0,-0.022733944866904277,0.05527724898029551,-0.045383736095217175,10,0.021631852479328615,0.06840592384343885
2022-10-17,MSFT,False,20,237.52999877929688,260.50878987470014,214.5512076838936,2022-11-14,2022-11-03,stop_loss,-1,-0.09800866795325369,0.05527724898029551,-0.09800866795325369,13,0.021631852479328615,0.0967405852460523
2022-10-17,NVDA,False,5,11.887999534606934,12.874124058458602,10.901875010755264,2022-10-24,2022-10-24,vertical_timeout,0,0.059808249523824575,0.059808249523824575,0.0066453967122461766,5,0.037096930618021794,0.08295125861849002
2022-10-17,NVDA,False,10,11.887999534606934,13.282590210426674,10.493408858787193,2022-10-31,2022-10-28,take_profit,1,0.1636944965817979,0.1636944965817979,0.0066453967122461766,9,0.037096930618021794,0.11731079495418667
2022-10-17,NVDA,False,20,11.887999534606934,13.860248582310271,9.915750486903596,2022-11-14,2022-11-04,take_profit,1,0.19078067728046544,0.3734017751916474,0.0066453967122461766,14,0.037096930618021794,0.16590251723698005
2022-10-17,AMZN,False,5,113.79000091552734,121.36247597540863,106.21752585564606,2022-10-24,2022-10-24,vertical_timeout,0,0.052992343182888924,0.052992343182888924,0.011248780815522608,5,0.02976108419998404,0.06654780735525927
2022-10-17,AMZN,False,10,113.79000091552734,124.49909784594348,103.0809039851112,2022-10-31,2022-10-31,stop_loss,-1,-0.0997451303524185,0.05984706480184654,-0.0997451303524185,10,0.02976108419998404,0.09411281170799966
2022-10-17,AMZN,False,20,113.79000091552734,128.9349510352899,98.64505079576476,2022-11-14,2022-11-01,stop_loss,-1,-0.14939801268320618,0.05984706480184654,-0.2429914869796428,11,0.02976108419998404,0.13309561471051853
2022-10-17,GOOGL,True,5,99.97000122070312,104.85025199414103,95.08975044726522,2022-10-24,2022-10-24,vertical_timeout,0,0.025507606194118848,0.025507606194118848,-0.003401059949319496,5,0.02183169419506454,0.048817152284151864
2022-10-17,GOOGL,True,10,99.97000122070312,106.87171805228081,93.06828438912544,2022-10-31,2022-10-27,stop_loss,-1,-0.07752325603048038,0.045113554878065454,-0.07752325603048038,8,0.02183169419506454,0.06903787883668029
2022-10-17,GOOGL,True,20,99.97000122070312,109.73050276757894,90.20949967382731,2022-11-14,2022-11-02,stop_loss,-1,-0.13003901011564445,0.045113554878065454,-0.16544964202823298,12,0.02183169419506454,0.09763430456830373
2022-10-17,META,False,5,134.0399932861328,143.03180003379515,125.0481865384705,2022-10-24,2022-10-24,vertical_timeout,0,-0.03222912773658437,-0.00604295433576052,-0.03222912773658437,5,0.030000435892881153,0.06708301401110686
2022-10-17,META,False,10,134.0399932861328,146.75632833891478,121.32365823335086,2022-10-31,2022-10-27,stop_loss,-1,-0.26932253545898466,0.02588780509184141,-0.3049835248555828,8,0.030000435892881153,0.09486970821937168
2022-10-17,META,False,20,134.0399932861328,152.02360678145743,116.05637979080818,2022-11-14,2022-10-27,stop_loss,-1,-0.26932253545898466,0.02588780509184141,-0.3366904795920517,8,0.030000435892881153,0.13416602802221372
2022-10-17,TSLA,False,5,219.3500061035156,235.8310921095974,202.8689200974338,2022-10-24,2022-10-24,vertical_timeout,0,-0.036927311958646736,0.01226344703791682,-0.05502624567296632,5,0.03360184875967393,0.0751360179962979
2022-10-17,TSLA,False,10,219.3500061035156,242.6577814559539,196.04223075107728,2022-10-31,2022-10-31,vertical_timeout,0,0.03733752885674502,0.04180532443029805,-0.05502624567296632,10,0.03360184875967393,0.10625837567307345
2022-10-17,TSLA,False,20,219.3500061035156,252.3121781156792,186.387834091352,2022-11-14,2022-11-09,stop_loss,-1,-0.19038070938515317,0.04180532443029805,-0.19038070938515317,17,0.03360184875967393,0.1502720359925958
2022-10-17,SPY,False,5,366.8200073242188,379.56485245499505,354.0751621934426,2022-10-24,2022-10-24,vertical_timeout,0,0.03284986519919597,0.03284986519919597,-0.003843857025124575,5,0.015538051091054099,0.034744138477461745
2022-10-17,SPY,False,10,366.8200073242188,384.8439401585072,348.7960744899304,2022-10-31,2022-10-25,take_profit,1,0.04934301767110982,0.06052009499534017,-0.003843857025124575,6,0.015538051091054099,0.04913563184779529
2022-10-17,SPY,False,20,366.8200073242188,392.3096975857712,341.33031706266644,2022-11-14,2022-11-10,take_profit,1,0.0759773037476501,0.08639115045160706,-0.003843857025124575,18,0.015538051091054099,0.06948827695492349
2022-10-17,QQQ,False,5,269.3500061035156,280.8339378062912,257.8660744007401,2022-10-24,2022-10-24,vertical_timeout,0,0.033785059949166474,0.033785059949166474,-0.0008911109950406892,5,0.019067274070528308,0.04263572096732042
2022-10-17,QQQ,False,10,269.3500061035156,285.59073806694715,253.10927414008412,2022-10-31,2022-10-31,vertical_timeout,0,0.03192873921900152,0.05516979771610453,-0.0008911109950406892,10,0.019067274070528308,0.06029601483353947
2022-10-17,QQQ,False,20,269.3500061035156,292.31786950906667,246.38214269796453,2022-11-14,2022-11-14,vertical_timeout,0,0.05973638750060761,0.06909220319234133,-0.032894062254951506,20,0.019067274070528308,0.08527144193464084
2022-10-17,AVGO,False,5,43.5369987487793,45.719060401569244,41.35493709598936,2022-10-24,2022-10-24,vertical_timeout,0,0.04857940922090087,0.04857940922090087,-0.011645266877672311,5,0.022414214699954055,0.05011970773137232
2022-10-17,AVGO,False,10,43.5369987487793,46.622899932089084,40.45109756546951,2022-10-31,2022-10-28,take_profit,1,0.08620259261332919,0.08620259261332919,-0.011645266877672311,9,0.022414214699954055,0.0708799704158824
2022-10-17,AVGO,False,20,43.5369987487793,47.90112205435918,39.172875443199416,2022-11-14,2022-11-08,take_profit,1,0.10735695892468944,0.18999930167126622,-0.011645266877672311,16,0.022414214699954055,0.10023941546274465
2022-10-17,AMD,False,5,57.959999084472656,62.590485776704966,53.32951239224034,2022-10-24,2022-10-24,vertical_timeout,0,0.012767454971631231,0.01483782995058669,-0.012594885330698635,5,0.03572837534952082,0.07989107600715636
2022-10-17,AMD,False,10,57.959999084472656,64.50849616501573,51.41150200392958,2022-10-31,2022-10-31,vertical_timeout,0,0.036231924119904724,0.06987576433805587,-0.012594885330698635,10,0.03572837534952082,0.11298304320190031
2022-10-17,AMD,False,20,57.959999084472656,67.22097246893729,48.699025700008015,2022-11-14,2022-11-10,take_profit,1,0.18133199279235446,0.2686335393506827,-0.012594885330698635,18,0.03572837534952082,0.15978215201431273
2022-10-17,NFLX,False,5,24.51000022888184,26.344500794778238,22.67549966298544,2022-10-24,2022-10-19,take_profit,1,0.11130153469580728,0.18143616736077495,-0.017299052730212927,2,0.03347260654263415,0.07484702361343418
2022-10-17,NFLX,False,10,24.51000022888184,27.10437580935364,21.915624648410038,2022-10-31,2022-10-19,take_profit,1,0.11130153469580728,0.2183598218220446,-0.017299052730212927,2,0.03347260654263415,0.1058496758973779
2022-10-17,NFLX,False,20,24.51000022888184,28.179001360674633,20.840999097089046,2022-11-14,2022-10-21,take_profit,1,0.18143616736077495,0.2210118223708255,-0.017299052730212927,4,0.03347260654263415,0.14969404722686835
2022-10-17,COST,False,5,464.1700134277344,481.8471068341253,446.4929200213435,2022-10-24,2022-10-24,take_profit,1,0.07066373708795237,0.07066373708795237,0.0009694329156038073,5,0.017031338241524436,0.03808323005584037
2022-10-17,COST,False,10,464.1700134277344,489.16919866638847,439.1708281890803,2022-10-31,2022-10-24,take_profit,1,0.07066373708795237,0.10060964805673245,0.0009694329156038073,5,0.017031338241524436,0.05385782044394414
2022-10-17,COST,False,20,464.1700134277344,499.5242002405162,428.8158266149525,2022-11-14,2022-10-28,take_profit,1,0.10060964805673245,0.11051975739785136,0.0009694329156038073,9,0.017031338241524436,0.07616646011168074
2022-10-17,ADBE,False,5,293.5,313.8188915509695,273.1811084490305,2022-10-24,2022-10-24,take_profit,1,0.077410566339704,0.077410566339704,-0.0017716831811648293,5,0.03096042435121903,0.06922961346156557
2022-10-17,ADBE,False,10,293.5,322.2352520037692,264.7647479962308,2022-10-31,2022-10-25,take_profit,1,0.10320275483789398,0.10964222376756805,-0.0017716831811648293,6,0.03096042435121903,0.09790545827519304
2022-10-17,ADBE,False,20,293.5,334.13778310193896,252.862216898061,2022-11-14,2022-11-11,take_profit,1,0.16235091617200803,0.16235091617200803,-0.02640545144804085,19,0.03096042435121903,0.13845922692313115
2022-10-17,PEP,False,5,172.72999572753906,177.8117490431061,167.64824241197203,2022-10-24,2022-10-24,vertical_timeout,0,0.028657425291958027,0.028657425291958027,-0.0073524520644064895,5,0.01315711936497329,0.029420213288159143
2022-10-17,PEP,False,10,172.72999572753906,179.91668018704837,165.54331126802975,2022-10-31,2022-10-28,take_profit,1,0.054999132953057694,0.054999132953057694,-0.0073524520644064895,9,0.01315711936497329,0.04160646464002381
2022-10-17,PEP,False,20,172.72999572753906,182.8935023586731,162.56648909640504,2022-11-14,2022-11-14,vertical_timeout,0,0.023157529664445287,0.054999132953057694,-0.0073524520644064895,20,0.01315711936497329,0.058840426576318286
2022-10-17,CSCO,False,5,41.29999923706055,42.90642700481897,39.69357146930212,2022-10-24,2022-10-24,take_profit,1,0.05423732977836804,0.05423732977836804,0.009927357263585623,5,0.017395069036358388,0.03889655683859912
2022-10-17,CSCO,False,10,41.29999923706055,43.57183117319725,39.02816730092385,2022-10-31,2022-10-25,take_profit,1,0.07409204430553906,0.1050847513985762,0.009927357263585623,6,0.017395069036358388,0.05500803821076283
2022-10-17,CSCO,False,20,41.29999923706055,44.512854772577406,38.087143701543695,2022-11-14,2022-10-28,take_profit,1,0.1050847513985762,0.10556902399259904,0.009927357263585623,9,0.017395069036358388,0.07779311367719824
2022-10-17,INTC,False,5,26.420000076293945,27.873285489988174,24.96671466259972,2022-10-24,2022-10-24,vertical_timeout,0,0.028766094878393433,0.028766094878393433,-0.02081753351522686,5,0.024599886194890824,0.05500701777053452
2022-10-17,INTC,False,10,26.420000076293945,28.475256018339312,24.36474413424858,2022-10-31,2022-10-28,take_profit,1,0.10030278618008248,0.10030278618008248,-0.02081753351522686,9,0.024599886194890824,0.07779167055678778
2022-10-17,INTC,False,20,26.420000076293945,29.326570903682395,23.513429248905496,2022-11-14,2022-11-10,take_profit,1,0.12641938466854108,0.15177896356177212,-0.02081753351522686,18,0.024599886194890824,0.11001403554106905
2022-10-17,AMAT,False,5,74.41000366210938,79.32756159269869,69.49244573152006,2022-10-24,2022-10-21,take_profit,1,0.10764674254296192,0.14151321409837392,0.011020019546669868,4,0.029555149240478328,0.06608732278686082
2022-10-17,AMAT,False,10,74.41000366210938,81.36448078130415,67.45552654291458,2022-10-31,2022-10-21,take_profit,1,0.10764674254296192,0.20575187212885226,0.011020019546669868,4,0.029555149240478328,0.09346158818610706
2022-10-17,AMAT,False,20,74.41000366210938,84.24511952328801,64.57488780093074,2022-11-14,2022-10-24,take_profit,1,0.14151321409837392,0.4854185370183004,0.011020019546669868,5,0.029555149240478328,0.13217464557372163
2022-10-17,QCOM,False,5,111.58999633789062,117.6125678726945,105.56742480308675,2022-10-24,2022-10-24,vertical_timeout,0,0.042925002892045816,0.042925002892045816,-0.003405298556219627,5,0.02413635593355423,0.05397053259655765
2022-10-17,QCOM,False,10,111.58999633789062,120.1071986827724,103.07279399300884,2022-10-31,2022-10-31,vertical_timeout,0,0.054395622577484204,0.06828571553590645,-0.003405298556219627,10,0.02413635593355423,0.07632585916655105
2022-10-17,QCOM,False,20,111.58999633789062,123.63513940749836,99.54485326828288,2022-11-14,2022-11-14,vertical_timeout,0,0.08253434013905347,0.08817998288565199,-0.06909220662690096,20,0.02413635593355423,0.1079410651931153
2022-10-17,TXN,True,5,150.99000549316406,158.38911510518713,143.590895881141,2022-10-24,2022-10-21,take_profit,1,0.05781836816963559,0.07060062266043787,0.003443863797298885,4,0.021915241358415275,0.04900396942073139
2022-10-17,TXN,True,10,150.99000549316406,161.45392665597223,140.5260843303559,2022-10-31,2022-10-24,take_profit,1,0.07060062266043787,0.07397839434777032,0.003443863797298885,5,0.021915241358415275,0.06930207816491475
2022-10-17,TXN,True,20,150.99000549316406,165.7882247172102,136.19178626911793,2022-11-14,2022-11-08,take_profit,1,0.11338495591989761,0.18875421526685288,0.003443863797298885,16,0.021915241358415275,0.09800793884146278
2022-10-17,CCJ,False,5,22.649999618530277,24.770492161554053,20.5295070755065,2022-10-24,2022-10-24,vertical_timeout,0,0.05386318945917434,0.05386318945917434,0.006181072819203548,5,0.04186812849306561,0.09361998140119053
2022-10-17,CCJ,False,10,22.649999618530277,25.648828931785516,19.651170305275038,2022-10-31,2022-10-31,vertical_timeout,0,0.04724060542362363,0.10286975553853184,0.006181072819203548,10,0.04186812849306561,0.13239864740668056
2022-10-17,CCJ,False,20,22.649999618530277,26.890984704577832,18.409014532482722,2022-11-14,2022-11-14,vertical_timeout,0,0.07240623949747693,0.10286975553853184,0.006181072819203548,20,0.04186812849306561,0.18723996280238106
2022-10-17,YPF,True,5,7.070000171661377,7.727587313610234,6.4124130297125195,2022-10-24,2022-10-24,vertical_timeout,0,0.045261624760190466,0.045261624760190466,-0.0183875687813978,5,0.04159574299365024,0.09301090890841256
2022-10-17,YPF,True,10,7.070000171661377,7.9999688262476125,6.140031517075141,2022-10-31,2022-10-31,vertical_timeout,0,0.0806223028266595,0.11315412934561686,-0.0183875687813978,10,0.04159574299365024,0.13153728882692556
2022-10-17,YPF,True,20,7.070000171661377,8.385174455559092,5.754825887763662,2022-11-14,2022-11-14,vertical_timeout,0,0.13719940122203855,0.16831683568981037,-0.0183875687813978,20,0.04159574299365024,0.1860218178168251
2022-10-17,VIST,True,5,11.579999923706056,12.69518993942305,10.464809907989064,2022-10-24,2022-10-24,take_profit,1,0.10621766010487099,0.10621766010487099,-0.018134718439597908,5,0.04306806043871184,0.0963031108000291
2022-10-17,VIST,True,10,11.579999923706056,13.157116768556092,10.002883078856021,2022-10-31,2022-10-26,take_profit,1,0.19343694178551196,0.19343694178551196,-0.018134718439597908,7,0.04306806043871184,0.13619316539212004
2022-10-17,VIST,True,20,11.579999923706056,13.810379955140041,9.349619892272072,2022-11-14,2022-10-26,take_profit,1,0.19343694178551196,0.24438686894225303,-0.018134718439597908,7,0.04306806043871184,0.1926062216000582
2022-10-24,AAPL,False,5,149.4499969482422,156.29168174498628,142.60831215149807,2022-10-31,2022-10-31,vertical_timeout,0,0.02602876861212411,0.04208771276924317,-0.031114044773749794,5,0.020473031245955602,0.045779089571433944
2022-10-24,AAPL,False,10,149.4499969482422,159.1256003772795,139.77439351920486,2022-11-07,2022-11-03,stop_loss,-1,-0.07072594366857232,0.04208771276924317,-0.07407154427218532,8,0.020473031245955602,0.0647414093450146
2022-10-24,AAPL,False,20,149.4499969482422,163.1333665417304,135.76662735475398,2022-11-21,2022-11-09,stop_loss,-1,-0.09755772585331035,0.04208771276924317,-0.09755772585331035,12,0.020473031245955602,0.09155817914286789
2022-10-24,MSFT,False,5,247.25,257.9871384503935,236.51286154960653,2022-10-31,2022-10-26,stop_loss,-1,-0.0644286862518959,0.01379172360812686,-0.08291203235591504,2,0.01942080603349369,0.04342624246872995
2022-10-24,MSFT,False,10,247.25,262.43460681762406,232.0653931823759,2022-11-07,2022-10-26,stop_loss,-1,-0.0644286862518959,0.01379172360812686,-0.1334681496461072,2,0.01942080603349369,0.06141398106218037
2022-10-24,MSFT,False,20,247.25,268.72427690078695,225.77572309921305,2022-11-21,2022-11-02,stop_loss,-1,-0.10980786206869309,0.01379172360812686,-0.1334681496461072,7,0.01942080603349369,0.0868524849374599
2022-10-24,NVDA,False,5,12.598999977111816,13.600667336531204,11.597332617692427,2022-10-31,2022-10-28,take_profit,1,0.09802362559892286,0.09802362559892286,0.023573294061036476,4,0.03555514422689788,0.07950371944115286
2022-10-24,NVDA,False,10,12.598999977111816,14.01557154178916,11.18242841243447,2022-11-07,2022-11-04,take_profit,1,0.12358124954725258,0.13509006011577163,0.023573294061036476,9,0.03555514422689788,0.11243523829278389
2022-10-24,NVDA,False,20,12.598999977111816,14.602334695950594,10.595665258273039,2022-11-21,2022-11-10,take_profit,1,0.25009921649436473,0.3228034285647674,0.023573294061036476,13,0.03555514422689788,0.15900743888230573
2022-10-24,AMZN,True,5,119.81999969482422,126.55409179354318,113.08590759610526,2022-10-31,2022-10-27,stop_loss,-1,-0.07394425499013146,0.006509754475742646,-0.14505088714475034,3,0.02513418083430404,0.05620173690427622
2022-10-24,AMZN,True,10,119.81999969482422,129.34344407110208,110.29655531854635,2022-11-07,2022-10-28,stop_loss,-1,-0.13695540038816822,0.006509754475742646,-0.2547153790752743,4,0.02513418083430404,0.07948125855895191
2022-10-24,AMZN,True,20,119.81999969482422,133.28818389226214,106.35181549738628,2022-11-21,2022-10-28,stop_loss,-1,-0.13695540038816822,0.006509754475742646,-0.28108830237821003,4,0.02513418083430404,0.11240347380855244
2022-10-24,GOOGL,False,5,102.5199966430664,106.88746421883658,98.15252906729623,2022-10-31,2022-10-26,stop_loss,-1,-0.07403430146721479,0.019118286949336705,-0.10046815996516023,2,0.01905180395771856,0.04260112874345823
2022-10-24,GOOGL,False,10,102.5199966430664,108.69652852194532,96.34346476418747,2022-11-07,2022-10-26,stop_loss,-1,-0.07403430146721479,0.019118286949336705,-0.18620753963106684,2,0.01905180395771856,0.06024709404140092
2022-10-24,GOOGL,False,20,102.5199966430664,111.25493179460676,93.78506149152605,2022-11-21,2022-10-27,stop_loss,-1,-0.10046815996516023,0.019118286949336705,-0.18620753963106684,3,0.01905180395771856,0.08520225748691646
2022-10-24,META,False,5,129.72000122070312,137.65874804593932,121.78125439546692,2022-10-31,2022-10-27,stop_loss,-1,-0.24498919580818534,0.060052368276493295,-0.28183778302924367,3,0.027369067823529516,0.06119909613421422
2022-10-24,META,False,10,129.72000122070312,140.94708464919853,118.49291779220775,2022-11-07,2022-10-27,stop_loss,-1,-0.24498919580818534,0.060052368276493295,-0.3146006566031433,3,0.027369067823529516,0.0865485917579806
2022-10-24,META,False,20,129.72000122070312,145.59749487117554,113.84250757023074,2022-11-21,2022-10-27,stop_loss,-1,-0.24498919580818534,0.060052368276493295,-0.3146006566031433,3,0.027369067823529516,0.12239819226842844
2022-10-24,TSLA,False,5,211.25,226.61346997117906,195.88653002882094,2022-10-31,2022-10-28,take_profit,1,0.08175149951460803,0.08175149951460803,0.05287573097725584,4,0.032524272876528364,0.07272648507067005
2022-10-24,TSLA,False,10,211.25,232.9772275983532,189.52277240164682,2022-11-07,2022-11-07,vertical_timeout,0,-0.0670769144092086,0.08175149951460803,-0.0670769144092086,10,0.032524272876528364,0.102850781530666
2022-10-24,TSLA,False,20,211.25,241.9769399423581,180.5230600576419,2022-11-21,2022-11-09,stop_loss,-1,-0.15933729544193787,0.08175149951460803,-0.20534913553994083,12,0.032524272876528364,0.1454529701413401
2022-10-24,SPY,False,5,378.8699951171875,391.9357647872197,365.8042254471553,2022-10-31,2022-10-31,vertical_timeout,0,0.01937339043072095,0.026790176121877618,0.00292980675019483,5,0.01542267771904727,0.0344861557748611
2022-10-24,SPY,False,10,378.8699951171875,397.34778378739003,360.3922064469849,2022-11-07,2022-11-07,vertical_timeout,0,0.002850627137970463,0.026790176121877618,-0.020745863892260297,10,0.01542267771904727,0.048770789210919804
2022-10-24,SPY,False,20,378.8699951171875,405.0015344572519,352.73845577712314,2022-11-21,2022-11-21,vertical_timeout,0,0.041491808333465,0.051838400774816495,-0.020745863892260297,20,0.01542267771904727,0.0689723115497222
2022-10-24,QQQ,True,5,278.45001220703125,289.7783033042501,267.1217211098124,2022-10-31,2022-10-31,vertical_timeout,0,-0.0017956544373509686,0.02068586459161037,-0.020039564895744877,5,0.018194166171164122,0.040683392352650054
2022-10-24,QQQ,True,10,278.45001220703125,294.47063511522856,262.42938929883394,2022-11-07,2022-11-03,stop_loss,-1,-0.0644999863002439,0.02068586459161037,-0.0644999863002439,8,0.018194166171164122,0.05753500522846357
2022-10-24,QQQ,True,20,278.45001220703125,301.10659440146895,255.79343001259355,2022-11-21,2022-11-21,vertical_timeout,0,0.012354111296818848,0.039288927857084044,-0.0644999863002439,20,0.018194166171164122,0.08136678470530011
2022-10-24,AVGO,False,5,45.652000427246094,47.986707383901056,43.31729347059113,2022-10-31,2022-10-31,vertical_timeout,0,0.029790602769290464,0.03588014704616649,-0.002453331960715288,5,0.022871126845545195,0.05114139434865939
2022-10-24,AVGO,False,10,45.652000427246094,48.95377466951435,42.350226184977835,2022-11-07,2022-11-07,vertical_timeout,0,0.04096203702759782,0.04096203702759782,-0.02716204474857442,10,0.022871126845545195,0.07232485348654487
2022-10-24,AVGO,False,20,45.652000427246094,50.32141434055601,40.98258651393618,2022-11-21,2022-11-10,take_profit,1,0.10963377335658087,0.14873391860118623,-0.02716204474857442,13,0.022871126845545195,0.10228278869731879
2022-10-24,AMD,False,5,58.70000076293945,63.18820568575955,54.21179584011936,2022-10-31,2022-10-31,vertical_timeout,0,0.023168664270447614,0.05638837334877067,-0.0017036164824293376,5,0.034193973335384244,0.07646004879873439
2022-10-24,AMD,False,10,58.70000076293945,65.04728103550131,52.35272049037758,2022-11-07,2022-11-07,vertical_timeout,0,0.07461671228598288,0.07461671228598288,-0.0017036164824293376,10,0.034193973335384244,0.10813083799087884
2022-10-24,AMD,False,20,58.70000076293945,67.67641060857964,49.72359091729926,2022-11-21,2022-11-10,take_profit,1,0.16643952863339684,0.30102217638809003,-0.0017036164824293376,13,0.034193973335384244,0.15292009759746877
2022-10-24,NFLX,False,5,28.2450008392334,30.658525818658973,25.831475859807824,2022-10-31,2022-10-31,vertical_timeout,0,0.033386399649120824,0.05724902193096337,0.03034159738501807,5,0.03821423798219888,0.0854496338365511
2022-10-24,NFLX,False,10,28.2450008392334,31.65824059826329,24.83176108020351,2022-11-07,2022-11-07,vertical_timeout,0,-0.08443972943944755,0.05724902193096337,-0.08443972943944755,10,0.03821423798219888,0.1208440310714655
2022-10-24,NFLX,False,20,28.2450008392334,33.07205079808455,23.417950880382254,2022-11-21,2022-11-21,vertical_timeout,0,0.009205109357690588,0.09824746100469905,-0.0983891362503263,20,0.03821423798219888,0.1708992676731022
2022-10-24,COST,False,5,496.9700012207031,516.3198538826565,477.62014855874963,2022-10-31,2022-10-31,vertical_timeout,0,0.009115235865685856,0.027969482790393574,-0.0008652286349780658,5,0.017412554399845237,0.038935655299967
2022-10-24,COST,False,10,496.9700012207031,524.3348252851589,469.60517715624735,2022-11-07,2022-11-07,vertical_timeout,0,-0.016942699573520237,0.027969482790393574,-0.027084112566184038,10,0.017412554399845237,0.055063331785097216
2022-10-24,COST,False,20,496.9700012207031,535.6697065446101,458.27029589679614,2022-11-21,2022-11-21,vertical_timeout,0,0.05312190641615855,0.05935965834952084,-0.027084112566184038,20,0.017412554399845237,0.077871310599934
2022-10-24,ADBE,False,5,316.2200012207031,337.8558290106473,294.58417343075894,2022-10-31,2022-10-31,vertical_timeout,0,0.007210166246585992,0.029915854210865067,0.007210166246585992,5,0.030598432421122198,0.06842017489856271
2022-10-24,ADBE,False,10,316.2200012207031,346.81768231441094,285.6223201269953,2022-11-07,2022-11-07,vertical_timeout,0,-0.05274806340962468,0.029915854210865067,-0.09635697015710543,10,0.030598432421122198,0.09676073928148658
2022-10-24,ADBE,False,20,316.2200012207031,359.49165680059156,272.9483456408147,2022-11-21,2022-11-21,vertical_timeout,0,0.016665577741218573,0.09404841603810565,-0.09635697015710543,20,0.030598432421122198,0.13684034979712542
2022-10-24,PEP,True,5,177.67999267578125,183.05529940531002,172.30468594625248,2022-10-31,2022-10-31,vertical_timeout,0,0.02194962469629269,0.025607852540045828,0.0033206417210760453,5,0.013529436900721725,0.030252740607307853
2022-10-24,PEP,True,10,177.67999267578125,185.28182435459618,170.0781609969663,2022-11-07,2022-11-07,vertical_timeout,0,0.014239161089467878,0.025607852540045828,0.0005628439196196933,10,0.013529436900721725,0.04278383606581003
2022-10-24,PEP,True,20,177.67999267578125,188.4306061348388,166.9293792167237,2022-11-21,2022-11-21,vertical_timeout,0,0.04018468563011557,0.04018468563011557,-0.005346673724687001,20,0.013529436900721725,0.06050548121461571
2022-10-24,CSCO,False,5,43.540000915527344,45.2433753548387,41.83662647621599,2022-10-31,2022-10-28,take_profit,1,0.04823147519439264,0.04823147519439264,0.018833249370276972,4,0.017495916202782853,0.03912205795806246
2022-10-24,CSCO,False,10,43.540000915527344,45.94893614940113,41.13106568165356,2022-11-07,2022-11-07,vertical_timeout,0,0.023197021136786677,0.04823147519439264,0.007119833534114495,10,0.017495916202782853,0.0553269449522382
2022-10-24,CSCO,False,20,43.540000915527344,46.94674979415005,40.133252036904636,2022-11-21,2022-11-18,take_profit,1,0.0976113897711095,0.0976113897711095,0.007119833534114495,19,0.017495916202782853,0.07824411591612492
2022-10-24,INTC,False,5,27.18000030517578,28.53731393935432,25.822686670997243,2022-10-31,2022-10-28,take_profit,1,0.0695364006044008,0.0695364006044008,-0.03348049437802325,4,0.022332932441009163,0.049937955075006805
2022-10-24,INTC,False,10,27.18000030517578,29.099531655024986,25.260468955326576,2022-11-07,2022-11-07,vertical_timeout,0,0.04525384578461922,0.0695364006044008,-0.03348049437802325,10,0.022332932441009163,0.07062293334425296
2022-10-24,INTC,False,20,27.18000030517578,29.89462757353286,24.4653730368187,2022-11-21,2022-11-11,take_profit,1,0.11957321425714307,0.12987486165055961,-0.03348049437802325,14,0.022332932441009163,0.09987591015001361
2022-10-24,AMAT,False,5,84.94000244140625,90.67199934785869,79.20800553495381,2022-10-31,2022-10-31,vertical_timeout,0,0.039439585328856275,0.056275001670670344,0.0188368074892018,5,0.030179266214379347,0.06748289076641496
2022-10-24,AMAT,False,10,84.94000244140625,93.0462702059919,76.8337346768206,2022-11-07,2022-11-07,take_profit,1,0.11890744271038045,0.11890744271038045,0.01601130882106716,10,0.030179266214379347,0.09543521935000615
2022-10-24,AMAT,False,20,84.94000244140625,96.40399625431114,73.47600862850138,2022-11-21,2022-11-08,take_profit,1,0.14739811965160965,0.30127143398121814,0.01601130882106716,11,0.030179266214379347,0.13496578153282993
2022-10-24,QCOM,False,5,116.37999725341795,122.5428176592242,110.21717684761171,2022-10-31,2022-10-31,vertical_timeout,0,0.010998508669012974,0.02431690924422658,-0.014435472974943964,5,0.02368187950803699,0.05295429241492999
2022-10-24,QCOM,False,10,116.37999725341795,125.09554145377881,107.6644530530571,2022-11-07,2022-11-03,stop_loss,-1,-0.1074067734576517,0.02431690924422658,-0.1074067734576517,8,0.02368187950803699,0.07488867851906471
2022-10-24,QCOM,False,20,116.37999725341795,128.70563806503046,104.05435644180547,2022-11-21,2022-11-03,stop_loss,-1,-0.1074067734576517,0.08283209844606976,-0.1074067734576517,8,0.02368187950803699,0.10590858482985999
2022-10-24,TXN,False,5,161.64999389648438,169.0062116440669,154.29377614890186,2022-10-31,2022-10-31,vertical_timeout,0,-0.006309861133215078,0.003155024960604713,-0.030250538659344683,5,0.0203513808375623,0.04550707098877591
2022-10-24,TXN,False,10,161.64999389648438,172.05325680288522,151.24673099008353,2022-11-07,2022-11-07,vertical_timeout,0,0.024992321048332267,0.024992321048332267,-0.03173516744645544,10,0.0203513808375623,0.0643567169762021
2022-10-24,TXN,False,20,161.64999389648438,176.36242939164939,146.93755840131936,2022-11-21,2022-11-11,take_profit,1,0.11036196888509542,0.11036196888509542,-0.03173516744645544,14,0.0203513808375623,0.09101414197755182
2022-10-24,CCJ,False,5,23.8700008392334,26.024388168654315,21.71561350981248,2022-10-31,2022-10-31,vertical_timeout,0,-0.006284102245709189,0.04650182924076418,-0.006284102245709189,5,0.04036327062487119,0.0902550169114324
2022-10-24,CCJ,False,10,23.8700008392334,26.91676461910521,20.823237059361585,2022-11-07,2022-11-07,vertical_timeout,0,-0.0012568364302777413,0.04650182924076418,-0.044826207145085895,10,0.04036327062487119,0.12763986898836074
2022-10-24,CCJ,False,20,23.8700008392334,28.178775498075233,19.561226180391568,2022-11-21,2022-11-21,vertical_timeout,0,-0.03309597351286542,0.04650182924076418,-0.044826207145085895,20,0.04036327062487119,0.1805100338228648
2022-10-24,YPF,False,5,7.389999866485596,8.06385653757413,6.716143195397062,2022-10-31,2022-10-31,vertical_timeout,0,0.03382949993460427,0.06495264245542631,0.0324763534900383,5,0.04077914346058715,0.09118493684208888
2022-10-24,YPF,False,10,7.389999866485596,8.342977109834587,6.437022623136605,2022-11-07,2022-11-07,vertical_timeout,0,0.0730717146967732,0.1177267088111571,0.0324763534900383,10,0.04077914346058715,0.1289549743662162
2022-10-24,YPF,False,20,7.389999866485596,8.737713208662663,6.042286524308527,2022-11-21,2022-11-21,vertical_timeout,0,-0.016238144482693895,0.1177267088111571,-0.0365358573483866,20,0.04077914346058715,0.18236987368417776
2022-10-24,VIST,True,5,12.8100004196167,13.851711114771303,11.768289724462095,2022-10-31,2022-10-31,vertical_timeout,0,0.0327868156800728,0.07884459345222572,-0.005464531319713251,5,0.03636746059254152,0.08132011405396762
2022-10-24,VIST,True,10,12.8100004196167,14.283201812773443,11.336799026459955,2022-11-07,2022-11-07,vertical_timeout,0,0.0811865673525205,0.09211548109666445,-0.005464531319713251,10,0.03636746059254152,0.11500400818884794
2022-10-24,VIST,True,20,12.8100004196167,14.893421809925906,10.726579029307494,2022-11-21,2022-11-21,vertical_timeout,0,0.004683798905307013,0.12490237122437864,-0.005464531319713251,20,0.03636746059254152,0.16264022810793524
2022-10-31,AAPL,False,5,153.33999633789062,161.18872996021534,145.49126271556594,2022-11-07,2022-11-02,stop_loss,-1,-0.05419328131639156,-0.0175427318745901,-0.09756092221440515,2,0.022890703451085778,0.051185168969416835
2022-10-31,AAPL,False,10,153.33999633789062,164.43978187403593,142.24021080174535,2022-11-14,2022-11-03,stop_loss,-1,-0.0943001943420878,-0.0175427318745901,-0.12045129556416423,3,0.022890703451085778,0.07238676014890778
2022-10-31,AAPL,False,20,153.33999633789062,169.03746358254,137.64252909324125,2022-11-29,2022-11-09,stop_loss,-1,-0.12045129556416423,-0.013369004178404698,-0.12045129556416423,7,0.022890703451085778,0.10237033793883367
2022-10-31,MSFT,False,5,232.1300048828125,243.72519973773908,220.53481002788592,2022-11-07,2022-11-02,stop_loss,-1,-0.05182440238766228,-0.017059434931155693,-0.07702582392069035,2,0.022338899205262885,0.04995129716548384
2022-10-31,MSFT,False,10,232.1300048828125,248.5280867050084,215.7319230606166,2022-11-14,2022-11-03,stop_loss,-1,-0.07702582392069035,0.06453278513090766,-0.07702582392069035,3,0.022338899205262885,0.07064180190955599
2022-10-31,MSFT,False,20,232.1300048828125,255.32039459266568,208.93961517295932,2022-11-29,2022-11-29,vertical_timeout,0,0.035325019496647236,0.06655751787039299,-0.07702582392069035,20,0.022338899205262885,0.09990259433096768
2022-10-31,NVDA,False,5,13.496999740600586,14.593971590481077,12.400027890720095,2022-11-07,2022-11-07,vertical_timeout,0,0.05956878686152334,0.05956878686152334,-0.02059716109302656,5,0.03634739087025162,0.08127523679063786
2022-10-31,NVDA,False,10,13.496999740600586,15.048352208243077,11.945647272958093,2022-11-14,2022-11-10,take_profit,1,0.16692600597910068,0.20967622272326758,-0.02059716109302656,8,0.03634739087025162,0.11494054215440482
2022-10-31,NVDA,False,20,13.496999740600586,15.690943440361567,11.303056040839605,2022-11-29,2022-11-10,take_profit,1,0.16692600597910068,0.2347929678088101,-0.02059716109302656,8,0.03634739087025162,0.16255047358127572
2022-10-31,AMZN,False,5,102.44000244140624,108.53846137614947,96.34154350666302,2022-11-07,2022-11-02,stop_loss,-1,-0.10074189231620778,-0.05515425020719411,-0.12827019793526706,2,0.0266235228642769,0.05953200692504306
2022-10-31,AMZN,False,10,102.44000244140624,111.06452577649547,93.81547910631699,2022-11-14,2022-11-02,stop_loss,-1,-0.10074189231620778,-0.016107003968714895,-0.1591175582124873,2,0.0266235228642769,0.08419097158868491
2022-10-31,AMZN,False,20,102.44000244140624,114.63692031089268,90.24308457191978,2022-11-29,2022-11-03,stop_loss,-1,-0.12827019793526706,-0.016107003968714895,-0.1591175582124873,3,0.0266235228642769,0.11906401385008612
2022-10-31,GOOGL,False,5,94.51000213623048,99.44903615514072,89.57096811732025,2022-11-07,2022-11-02,stop_loss,-1,-0.0797799253528626,-0.04274680800137898,-0.1172362880183152,2,0.023371104771636706,0.05225937897864938
2022-10-31,GOOGL,False,10,94.51000213623048,101.49485103079543,87.52515324166554,2022-11-14,2022-11-02,stop_loss,-1,-0.0797799253528626,0.020103708421677524,-0.1172362880183152,2,0.023371104771636706,0.07390592251280137
2022-10-31,GOOGL,False,20,94.51000213623048,104.38807017405095,84.63193409841001,2022-11-29,2022-11-03,stop_loss,-1,-0.1172362880183152,0.04592102676746079,-0.1172362880183152,3,0.023371104771636706,0.10451875795729876
2022-10-31,META,False,5,93.16000366210938,102.07482099185374,84.24518633236501,2022-11-07,2022-11-07,vertical_timeout,0,0.038213797967482144,0.038213797967482144,-0.04562043616287004,5,0.0427954846987824,0.09569361291652957
2022-10-31,META,False,10,93.16000366210938,105.76745923591255,80.55254808830618,2022-11-14,2022-11-10,take_profit,1,0.20083725149189213,0.22606265275577053,-0.04562043616287004,8,0.0427954846987824,0.1353312052190373
2022-10-31,META,False,20,93.16000366210938,110.98963832159812,75.33036900262063,2022-11-29,2022-11-10,take_profit,1,0.20083725149189213,0.2567625292899618,-0.04562043616287004,8,0.0427954846987824,0.19138722583305914
2022-10-31,TSLA,False,5,227.5399932861328,243.9383102059133,211.14167636635233,2022-11-07,2022-11-04,stop_loss,-1,-0.08820423950787215,0.0012306146011606955,-0.13386653930667258,4,0.032229719988700396,0.07206784479051784
2022-10-31,TSLA,False,10,227.5399932861328,250.73071547417857,204.34927109808703,2022-11-14,2022-11-07,stop_loss,-1,-0.13386653930667258,0.0012306146011606955,-0.21952183537875813,5,0.032229719988700396,0.10191932351374954
2022-10-31,TSLA,False,20,227.5399932861328,260.3366271256938,194.74335944657182,2022-11-29,2022-11-08,stop_loss,-1,-0.15926866178994303,0.0012306146011606955,-0.26223960591362927,6,0.032229719988700396,0.14413568958103568
2022-10-31,SPY,True,5,386.2099914550781,399.8612114727785,372.55877143737774,2022-11-07,2022-11-03,stop_loss,-1,-0.039356780056844065,-0.004375864112264538,-0.039356780056844065,3,0.01580749157751109,0.03534662572107019
2022-10-31,SPY,True,10,386.2099914550781,405.5157319470491,366.9042509631072,2022-11-14,2022-11-14,vertical_timeout,0,0.023070360320146532,0.0318480064801161,-0.039356780056844065,10,0.01580749157751109,0.04998767747886314
2022-10-31,SPY,True,20,386.2099914550781,413.51243149047883,358.9075514196774,2022-11-29,2022-11-29,vertical_timeout,0,0.02335522055570416,0.04197204197536064,-0.039356780056844065,20,0.01580749157751109,0.07069325144214038
2022-10-31,QQQ,False,5,277.95001220703125,289.6611676416294,266.2388567724331,2022-11-07,2022-11-02,stop_loss,-1,-0.044144698659378645,-0.01021776121870921,-0.06281712972061737,2,0.018842913111528962,0.04213403461150084
2022-10-31,QQQ,False,10,277.95001220703125,294.5120870536993,261.3879373603632,2022-11-14,2022-11-03,stop_loss,-1,-0.06281712972061737,0.03601359528126569,-0.06281712972061737,3,0.018842913111528962,0.05958652318508189
2022-10-31,QQQ,False,20,277.95001220703125,301.37232307622753,254.52770133783497,2022-11-29,2022-11-29,vertical_timeout,0,0.009426137802203138,0.04115848871733507,-0.06281712972061737,20,0.018842913111528962,0.08426806922300167
2022-10-31,AVGO,False,5,47.012001037597656,49.44005727184956,44.58394480334576,2022-11-07,2022-11-03,stop_loss,-1,-0.055305075968559936,0.01084825811020762,-0.055305075968559936,3,0.023097501374754678,0.051647583184346306
2022-10-31,AVGO,False,10,47.012001037597656,50.44579109428124,43.57821098091407,2022-11-14,2022-11-10,take_profit,1,0.07753340375468376,0.10203771301876974,-0.055305075968559936,8,0.023097501374754678,0.07304071260309515
2022-10-31,AVGO,False,20,47.012001037597656,51.86811350610145,42.155888569093854,2022-11-29,2022-11-15,take_profit,1,0.11550242885498885,0.13511438005815357,-0.055305075968559936,11,0.023097501374754678,0.10329516636869261
2022-10-31,AMD,False,5,60.060001373291016,64.73806572743133,55.38193701915069,2022-11-07,2022-11-07,vertical_timeout,0,0.05028305675508493,0.05028305675508493,-0.02380952834629324,5,0.03483339880051427,0.07788984760530954
2022-10-31,AMD,False,10,60.060001373291016,66.67578342857038,53.44421931801164,2022-11-14,2022-11-10,take_profit,1,0.14002663428429551,0.22427567595754394,-0.02380952834629324,8,0.03483339880051427,0.1101528788546023
2022-10-31,AMD,False,20,60.060001373291016,69.41613008157167,50.70387266501038,2022-11-29,2022-11-11,take_profit,1,0.2049617231405083,0.27206126838109546,-0.02380952834629324,9,0.03483339880051427,0.15577969521061907
2022-10-31,NFLX,False,5,29.1879997253418,31.67517986221272,26.700819588470882,2022-11-07,2022-11-04,stop_loss,-1,-0.1065163519794069,-0.017575732941913502,-0.11401943080398136,4,0.03810815342376445,0.08521242155252867
2022-10-31,NFLX,False,10,29.1879997253418,32.705403606969625,25.67059584371398,2022-11-14,2022-11-09,stop_loss,-1,-0.12751816352933487,0.025318635308638315,-0.12751816352933487,7,0.03810815342376445,0.12050856224223948
2022-10-31,NFLX,False,20,29.1879997253418,34.162359999083634,24.213639451599967,2022-11-29,2022-11-29,vertical_timeout,0,-0.03741260326952034,0.06276554576061888,-0.12751816352933487,20,0.03810815342376445,0.17042484310505734
2022-10-31,COST,False,5,501.5,521.6359541078924,481.36404589210747,2022-11-07,2022-11-07,vertical_timeout,0,-0.02582255674383105,-0.00307080467581633,-0.0358723633786141,5,0.017956276042697422,0.040151453854222356
2022-10-31,COST,False,10,501.5,529.9765393907038,473.0234606092962,2022-11-14,2022-11-14,vertical_timeout,0,0.016311052194977638,0.02785637228938187,-0.0358723633786141,10,0.017956276042697422,0.05678273058963873
2022-10-31,COST,False,20,501.5,541.7719082157851,461.228091784215,2022-11-29,2022-11-29,vertical_timeout,0,0.054755776615466045,0.06578263257103689,-0.0358723633786141,20,0.017956276042697422,0.08030290770844471
2022-10-31,ADBE,True,5,318.5,340.2404374953114,296.7595625046886,2022-11-07,2022-11-03,stop_loss,-1,-0.10226061954228804,-0.0077865337090364806,-0.10282574568288849,3,0.03052627698593507,0.06825883044053821
2022-10-31,ADBE,True,10,318.5,349.245621557794,287.754378442206,2022-11-14,2022-11-03,stop_loss,-1,-0.10226061954228804,0.0711145805227138,-0.10282574568288849,3,0.03052627698593507,0.09653256376073462
2022-10-31,ADBE,True,20,318.5,361.98087499062285,275.01912500937715,2022-11-29,2022-11-29,vertical_timeout,0,0.025996856449911787,0.08621661367371458,-0.10282574568288849,20,0.03052627698593507,0.13651766088107642
2022-10-31,PEP,False,5,181.5800018310547,187.10643064742706,176.0535730146823,2022-11-07,2022-11-07,vertical_timeout,0,-0.007544856830997149,-0.004515956140267563,-0.020927431509188965,5,0.013611047892509642,0.03043522833265681
2022-10-31,PEP,False,10,181.5800018310547,189.39555241465803,173.76445124745138,2022-11-14,2022-11-14,vertical_timeout,0,-0.02671002343103923,0.0006608388367521645,-0.02671002343103923,10,0.013611047892509642,0.043041912681965146
2022-10-31,PEP,False,20,181.5800018310547,192.63285946379946,170.5271441983099,2022-11-29,2022-11-29,vertical_timeout,0,0.005562256287317657,0.019275250383885778,-0.02671002343103923,20,0.013611047892509642,0.06087045666531362
2022-10-31,CSCO,True,5,45.43000030517578,47.23955882033387,43.6204417900177,2022-11-07,2022-11-07,vertical_timeout,0,-0.01937048342953629,0.0006603297181457801,-0.03477882061283366,5,0.017813320809932146,0.039831796236019894
2022-10-31,CSCO,True,10,45.43000030517578,47.98910249922006,42.870898111131496,2022-11-14,2022-11-14,vertical_timeout,0,-0.015188171298127329,0.005062723766042332,-0.03477882061283366,10,0.017813320809932146,0.056330666450660934
2022-10-31,CSCO,True,20,45.43000030517578,49.04911733549194,41.81088327485961,2022-11-29,2022-11-29,vertical_timeout,0,0.06273384228431089,0.06911730945532701,-0.03477882061283366,20,0.017813320809932146,0.07966359247203979
2022-10-31,INTC,False,5,28.43000030517578,30.128426725361305,26.731573884990258,2022-11-07,2022-11-07,vertical_timeout,0,-0.0007034983309525122,-0.0007034983309525122,-0.03658110813801185,5,0.026716826518113312,0.059740640237570385
2022-10-31,INTC,False,10,28.43000030517578,30.83193798329493,26.02806262705663,2022-11-14,2022-11-14,vertical_timeout,0,0.06753429671769662,0.07034822295221344,-0.03658110813801185,10,0.026716826518113312,0.08448602364882388
2022-10-31,INTC,False,20,28.43000030517578,31.826853145546828,25.03314746480474,2022-11-29,2022-11-29,vertical_timeout,0,0.01653180824162459,0.08019693122837546,-0.03658110813801185,20,0.026716826518113312,0.11948128047514077
2022-10-31,AMAT,False,5,88.29000091552734,94.28420513161397,82.29579669944071,2022-11-07,2022-11-07,take_profit,1,0.07645259859560039,0.07645259859560039,-0.022539334501462838,5,0.030362324066593838,0.06789222056778167
2022-10-31,AMAT,False,10,88.29000091552734,96.76708581355105,79.81291601750365,2022-11-14,2022-11-08,take_profit,1,0.10386225024189133,0.251897130288264,-0.022539334501462838,6,0.030362324066593838,0.09601409910658244
2022-10-31,AMAT,False,20,88.29000091552734,100.2784093477006,76.30159248335409,2022-11-29,2022-11-10,take_profit,1,0.18688412990035652,0.251897130288264,-0.022539334501462838,8,0.030362324066593838,0.13578444113556334
2022-10-31,QCOM,False,5,117.66000366210938,124.13650290468897,111.18350441952978,2022-11-07,2022-11-03,stop_loss,-1,-0.11711716793978866,-0.002804706958894676,-0.11711716793978866,3,0.02461650877425147,0.05504418698794632
2022-10-31,QCOM,False,10,117.66000366210938,126.81915672766452,108.50085059655423,2022-11-14,2022-11-03,stop_loss,-1,-0.11711716793978866,0.03204144590963054,-0.11711716793978866,3,0.02461650877425147,0.07784423576815433
2022-10-31,QCOM,False,20,117.66000366210938,130.61300214726856,104.70700517695018,2022-11-29,2022-11-03,stop_loss,-1,-0.11711716793978866,0.0710521223929661,-0.11711716793978866,3,0.02461650877425147,0.11008837397589263
2022-10-31,TXN,False,5,160.6300048828125,167.95218154637524,153.30782821924979,2022-11-07,2022-11-07,vertical_timeout,0,0.03150094879400189,0.03150094879400189,-0.025586755185309284,5,0.02038583610195827,0.04558411530214802
2022-10-31,TXN,False,10,160.6300048828125,170.9851264265147,150.27488333911032,2022-11-14,2022-11-10,take_profit,1,0.08753033139014854,0.1174126877734385,-0.025586755185309284,8,0.02038583610195827,0.06446567408907668
2022-10-31,TXN,False,20,160.6300048828125,175.27435820993796,145.98565155568704,2022-11-29,2022-11-11,take_profit,1,0.1174126877734385,0.1174126877734385,-0.025586755185309284,9,0.02038583610195827,0.09116823060429605
2022-10-31,CCJ,False,5,23.71999931335449,25.878742942318016,21.56125568439096,2022-11-07,2022-11-07,vertical_timeout,0,0.005059057449712467,0.005059057449712467,-0.03878583907782729,5,0.04070065463820941,0.09100943049977836
2022-10-31,CCJ,False,10,23.71999931335449,26.77292383112122,20.66707479558776,2022-11-14,2022-11-14,vertical_timeout,0,0.024030422372396165,0.03161888793047929,-0.03878583907782729,10,0.04070065463820941,0.12870677091663815
2022-10-31,CCJ,False,20,23.71999931335449,28.03748657128154,19.402512055427437,2022-11-29,2022-11-29,vertical_timeout,0,-0.017284985635782624,0.043423301705814765,-0.03878583907782729,20,0.04070065463820941,0.18201886099955672
2022-10-31,YPF,False,5,7.639999866485596,8.33055351053067,6.949446222440522,2022-11-07,2022-11-07,vertical_timeout,0,0.037958110853531624,0.08115188131298234,0.037958110853531624,5,0.040422118250776254,0.0903866042032706
2022-10-31,YPF,False,10,7.639999866485596,8.616590195440303,6.66340953753089,2022-11-14,2022-11-14,vertical_timeout,0,0.05235603434001512,0.08115188131298234,-0.06806282591804724,10,0.040422118250776254,0.12782596152111428
2022-10-31,YPF,False,20,7.639999866485596,9.021107154575743,6.258892578395448,2022-11-29,2022-11-29,vertical_timeout,0,0.12565451986398157,0.12565451986398157,-0.06806282591804724,20,0.040422118250776254,0.1807732084065412
2022-10-31,VIST,True,5,13.229999542236328,14.355659773439085,12.104339311033572,2022-11-07,2022-11-07,vertical_timeout,0,0.046863254775940666,0.05744521959018667,0.022675752162887308,5,0.038050686071483035,0.08508392064634049
2022-10-31,VIST,True,10,13.229999542236328,14.8219235078273,11.638075576645356,2022-11-14,2022-11-14,vertical_timeout,0,0.08919125820138318,0.08919125820138318,-0.012093715264412164,10,0.038050686071483035,0.12032683451793093
2022-10-31,VIST,True,20,13.229999542236328,15.481320004641843,10.978679079830814,2022-11-29,2022-11-29,vertical_timeout,0,0.08390027579426018,0.08919125820138318,-0.027210859344927396,20,0.038050686071483035,0.17016784129268098
