date,variant,portfolio_return,selected_count,cash_proxy,turnover,selected_tickers
2022-01-03,baseline_current,-0.01528779760413259,2,6.661338147750939e-16,1.0,"CSCO,SPY"
2022-01-10,baseline_current,0.010787830704828399,2,2.220446049250313e-16,0.6666666666666666,"CSCO,INTC"
2022-01-18,baseline_current,-0.006334990861005899,2,2.220446049250313e-16,1.0,"VIST,YPF"
2022-01-25,baseline_current,-0.008052215390468336,2,0.6000000000000002,1.0,"AMD,CCJ"
2022-02-01,baseline_current,-0.013809438388929098,2,2.220446049250313e-16,1.0,"VIST,YPF"
2022-02-08,baseline_current,0.016431748311113645,2,2.220446049250313e-16,0.6666666666666666,"COST,VIST"
2022-02-15,baseline_current,0.0178843288173001,2,2.220446049250313e-16,0.6666666666666666,"AVGO,VIST"
2022-02-23,baseline_current,0.0030818797139579484,2,2.220446049250313e-16,0.6666666666666666,"VIST,YPF"
2022-03-02,baseline_current,-0.03494241657433679,2,3.3306690738754696e-16,0.6666666666666666,"CCJ,VIST"
2022-03-09,baseline_current,0.028883471911209282,2,4.440892098500626e-16,0.0,"CCJ,VIST"
2022-03-16,baseline_current,0.04073493342374909,2,2.220446049250313e-16,0.6666666666666666,"COST,VIST"
2022-03-23,baseline_current,-0.011026021794957248,2,3.3306690738754696e-16,0.6666666666666666,"CCJ,VIST"
2022-03-30,baseline_current,-0.015186565357643894,2,4.440892098500626e-16,1.0,"SPY,TSLA"
2022-04-06,baseline_current,0.006381228583989347,2,2.220446049250313e-16,1.0,"PEP,YPF"
2022-04-13,baseline_current,0.0032989102644428985,2,4.440892098500626e-16,0.6666666666666666,"COST,YPF"
2022-04-21,baseline_current,-0.03255462218917739,2,2.220446049250313e-16,1.0,"PEP,VIST"
2022-04-28,baseline_current,-0.015171415056740994,2,0.6000000000000001,1.0,"CCJ,COST"
2022-05-05,baseline_current,-0.026564520037987493,2,2.220446049250313e-16,0.0,"CCJ,COST"
2022-05-12,baseline_current,0.05769518335763055,2,2.220446049250313e-16,0.6666666666666666,"AMD,COST"
2022-05-19,baseline_current,-0.008823530952470349,2,2.220446049250313e-16,0.6666666666666666,"AMD,CCJ"
2022-05-26,baseline_current,0.018095053099168094,2,2.220446049250313e-16,1.0,"PEP,YPF"
2022-06-03,baseline_current,0.01032052141540375,2,0.0,1.0,"AMD,VIST"
2022-06-10,baseline_current,-0.08711720632298123,2,2.220446049250313e-16,0.6666666666666666,"AMD,CCJ"
2022-06-17,baseline_current,0.01934990963124489,2,0.6000000000000002,0.6666666666666666,"CCJ,COST"
2022-06-27,baseline_current,-0.02169526248448095,2,0.0,0.0,"CCJ,COST"
2022-07-05,baseline_current,0.0037981003402582777,2,0.6000000000000002,0.6666666666666666,"COST,PEP"
2022-07-12,baseline_current,0.004257792931693099,2,1.1102230246251565e-16,0.6666666666666666,"CCJ,COST"
2022-07-19,baseline_current,0.018540532728732198,2,2.220446049250313e-16,0.6666666666666666,"COST,QCOM"
2022-07-26,baseline_current,0.02164039992499494,2,3.3306690738754696e-16,0.0,"COST,QCOM"
2022-08-02,baseline_current,0.037609599440314334,2,3.3306690738754696e-16,1.0,"AMZN,TXN"
2022-08-09,baseline_current,0.013097281628008797,2,2.220446049250313e-16,1.0,"AAPL,VIST"
2022-08-16,baseline_current,0.004262755850916274,3,2.220446049250313e-16,0.75,"AAPL,MSFT,YPF"
2022-08-23,baseline_current,0.02453927231346114,2,2.220446049250313e-16,0.75,"VIST,YPF"
2022-08-30,baseline_current,-0.00411580151868918,2,0.6,0.0,"VIST,YPF"
2022-09-07,baseline_current,0.010386054966624836,2,0.6000000000000002,0.6666666666666666,"CCJ,YPF"
2022-09-14,baseline_current,-0.02058015798797023,2,0.6000000000000002,0.6666666666666666,"PEP,YPF"
2022-09-21,baseline_current,-0.0020988933135019177,2,0.6000000000000004,0.6666666666666666,"VIST,YPF"
2022-09-28,baseline_current,-0.016490110119419744,2,2.220446049250313e-16,0.0,"VIST,YPF"
2022-10-05,baseline_current,0.00363679350263498,2,0.6000000000000001,0.0,"VIST,YPF"
2022-10-12,baseline_current,0.046347398482974686,2,2.220446049250313e-16,0.0,"VIST,YPF"
2022-10-19,baseline_current,0.002784203310132849,2,2.220446049250313e-16,0.6666666666666666,"NFLX,VIST"
2022-10-26,baseline_current,-0.024047154851706297,2,2.220446049250313e-16,0.6666666666666666,"PEP,VIST"
2022-11-02,baseline_current,0.00017098306347944,2,0.6000000000000002,0.6666666666666666,"VIST,YPF"
2022-11-09,baseline_current,0.06394821206355679,2,2.220446049250313e-16,0.6666666666666666,"AMAT,VIST"
2022-11-16,baseline_current,-0.016444448845177095,2,2.220446049250313e-16,0.6666666666666666,"AMAT,NFLX"
2022-11-23,baseline_current,-0.016127793491765696,2,2.220446049250313e-16,0.6666666666666666,"AMAT,NVDA"
2022-12-01,baseline_current,-0.011734752296787847,2,2.220446049250313e-16,1.0,"AVGO,CSCO"
2022-12-08,baseline_current,-0.018231616837597296,2,1.1102230246251565e-16,1.0,"AMD,NVDA"
2022-12-15,baseline_current,0.0004912062910344397,2,0.6000000000000002,1.0,"AVGO,VIST"
2022-12-22,baseline_current,0.012383081898507646,2,2.220446049250313e-16,0.6666666666666666,"AVGO,YPF"
2022-12-30,baseline_current,-0.04624021879381678,2,2.220446049250313e-16,0.6666666666666666,"AVGO,VIST"
2023-01-09,baseline_current,-0.002521346364191779,2,0.6000000000000001,0.6666666666666666,"VIST,YPF"
2023-01-17,baseline_current,-0.07969569360763763,2,2.220446049250313e-16,0.0,"VIST,YPF"
2023-01-24,baseline_current,0.010380827947808847,2,2.220446049250313e-16,0.6666666666666666,"CCJ,YPF"
2023-01-31,baseline_current,0.0032347990347662003,2,1.1102230246251565e-16,0.0,"CCJ,YPF"
2023-02-07,baseline_current,-0.015318870630595748,3,2.220446049250313e-16,1.0,"META,NVDA,TSLA"
2023-02-14,baseline_current,0.007417852678740847,2,2.220446049250313e-16,0.3333333333333333,"NVDA,TSLA"
2023-02-22,baseline_current,0.0057002316659308,2,0.0,0.6666666666666666,"META,TSLA"
2023-03-01,baseline_current,0.016769785080934248,2,1.1102230246251565e-16,0.6666666666666666,"META,NVDA"
2023-03-08,baseline_current,-0.011473191357339948,2,2.220446049250313e-16,0.6666666666666666,"META,VIST"
2023-03-15,baseline_current,0.06567835439013753,2,2.220446049250313e-16,1.0,"AMD,NVDA"
2023-03-22,baseline_current,0.024621260478924586,2,5.551115123125783e-16,0.6666666666666666,"AMD,GOOGL"
2023-03-29,baseline_current,0.013774527721143045,2,3.3306690738754696e-16,1.0,"INTC,QQQ"
2023-04-05,baseline_current,0.018600327555861995,2,2.220446049250313e-16,0.6666666666666666,"GOOGL,INTC"
2023-04-13,baseline_current,0.024974830073527146,2,2.220446049250313e-16,1.0,"META,VIST"
2023-04-20,baseline_current,-0.007562992658185049,2,2.220446049250313e-16,1.0,"NVDA,YPF"
2023-04-27,baseline_current,0.0176937262132671,2,1.1102230246251565e-16,1.0,"META,VIST"
2023-05-04,baseline_current,0.002154969387837919,2,0.6000000000000002,1.0,"NFLX,PEP"
2023-05-11,baseline_current,0.0022385238277185995,2,1.1102230246251565e-16,1.0,"GOOGL,QQQ"
2023-05-18,baseline_current,-0.0014116084466987498,2,2.220446049250313e-16,0.0,"GOOGL,QQQ"
2023-05-25,baseline_current,0.0853333844989559,2,4.440892098500626e-16,1.0,"AMD,AVGO"
2023-06-02,baseline_current,-0.008482208396998998,2,2.220446049250313e-16,0.6666666666666666,"ADBE,AVGO"
2023-06-09,baseline_current,0.03382912417544844,2,2.220446049250313e-16,0.6666666666666666,"ADBE,TSLA"
2023-06-16,baseline_current,0.017283836740919642,2,3.3306690738754696e-16,0.0,"ADBE,TSLA"
2023-06-26,baseline_current,0.005688531094182148,2,5.551115123125783e-16,0.6666666666666666,"TSLA,YPF"
2023-07-03,baseline_current,0.0036213704834400988,2,4.440892098500626e-16,0.6666666666666666,"NVDA,TSLA"
2023-07-11,baseline_current,0.006672602063388447,2,4.440892098500626e-16,0.6666666666666666,"ADBE,TSLA"
2023-07-18,baseline_current,-0.010332634078823948,2,2.220446049250313e-16,1.0,"MSFT,YPF"
2023-07-25,baseline_current,0.0014940524611197995,2,3.3306690738754696e-16,1.0,"COST,PEP"
2023-08-01,baseline_current,-0.031156918794677843,2,1.1102230246251565e-16,1.0,"CCJ,GOOGL"
2023-08-08,baseline_current,-0.0027974629854113494,2,2.220446049250313e-16,0.0,"CCJ,GOOGL"
2023-08-15,baseline_current,-0.0036621948956866495,2,2.220446049250313e-16,1.0,"ADBE,VIST"
2023-08-22,baseline_current,0.009964049317900169,2,0.6000000000000004,0.6666666666666666,"CSCO,VIST"
2023-08-29,baseline_current,0.008098844418925548,2,1.1102230246251565e-16,0.6666666666666666,"CCJ,CSCO"
2023-09-06,baseline_current,-0.017474301806101197,2,1.1102230246251565e-16,1.0,"ADBE,AMAT"
2023-09-13,baseline_current,0.011813136704678245,2,4.440892098500626e-16,1.0,"CCJ,INTC"
2023-09-20,baseline_current,-0.02235981102958559,2,4.440892098500626e-16,0.6666666666666666,"CCJ,TSLA"
2023-09-27,baseline_current,0.009042802943140651,2,0.6000000000000004,0.6666666666666666,"CCJ,VIST"
2023-10-04,baseline_current,0.004793676615114999,2,4.440892098500626e-16,0.6666666666666666,"COST,VIST"
2023-10-11,baseline_current,-0.0033514763069530493,2,2.220446049250313e-16,0.6666666666666666,"QQQ,VIST"
2023-10-18,baseline_current,-0.0012676303961511996,2,4.440892098500626e-16,0.6666666666666666,"ADBE,VIST"
2023-10-25,baseline_current,-0.016780597072022202,2,0.0,0.6666666666666666,"CCJ,VIST"
2023-11-01,baseline_current,0.027181206333382092,2,4.440892098500626e-16,0.6666666666666666,"CCJ,NFLX"
2023-11-08,baseline_current,-0.005173050050082499,2,1.1102230246251565e-16,0.6666666666666666,"MSFT,NFLX"
2023-11-15,baseline_current,0.004948973246558248,2,2.220446049250313e-16,1.0,"AAPL,QQQ"
2023-11-22,baseline_current,0.002504089280573549,2,4.440892098500626e-16,1.0,"AMD,INTC"
2023-11-30,baseline_current,-0.02458535402904754,2,4.440892098500626e-16,0.6666666666666666,"INTC,YPF"
2023-12-07,baseline_current,0.019254807299321445,2,2.220446049250313e-16,0.6666666666666666,"COST,YPF"
2023-12-14,baseline_current,0.011038841474331946,2,4.440892098500626e-16,0.0,"COST,YPF"
2023-12-21,baseline_current,-0.006604479144700047,2,4.440892098500626e-16,0.6666666666666666,"AVGO,YPF"
2023-12-29,baseline_current,-0.038205655614564835,2,3.3306690738754696e-16,0.6666666666666666,"AVGO,INTC"
2024-01-08,baseline_current,0.014683424614674848,2,2.220446049250313e-16,1.0,"AMD,COST"
2024-01-16,baseline_current,-0.013538509677801392,2,4.440892098500626e-16,1.0,"CCJ,NVDA"
2024-01-23,baseline_current,0.010692676806021694,2,4.440892098500626e-16,0.6666666666666666,"AAPL,NVDA"
2024-01-30,baseline_current,-0.008813140461593249,2,3.3306690738754696e-16,0.6666666666666666,"NFLX,NVDA"
2024-02-06,baseline_current,0.03009974089016635,2,0.0,0.6666666666666666,"META,NVDA"
2024-02-13,baseline_current,0.02658436147853519,2,2.220446049250313e-16,0.0,"META,NVDA"
2024-02-21,baseline_current,0.04403031023477183,2,4.440892098500626e-16,0.6666666666666666,"AMAT,META"
2024-02-28,baseline_current,0.019655777602141596,2,1.1102230246251565e-16,0.6666666666666666,"AMAT,NVDA"
2024-03-06,baseline_current,0.006972224771340799,2,2.220446049250313e-16,0.6666666666666666,"NVDA,VIST"
2024-03-13,baseline_current,-0.021478754507586392,2,4.440892098500626e-16,0.0,"NVDA,VIST"
2024-03-20,baseline_current,0.009137780642363397,2,2.220446049250313e-16,0.0,"NVDA,VIST"
2024-03-27,baseline_current,0.004346983796264348,2,4.440892098500626e-16,1.0,"GOOGL,PEP"
2024-04-04,baseline_current,0.022831820816056735,2,5.551115123125783e-16,1.0,"CCJ,VIST"
2024-04-11,baseline_current,-0.0188985447706393,2,0.0,0.6666666666666666,"CCJ,YPF"
2024-04-18,baseline_current,0.002711053163850739,2,0.6000000000000002,0.6666666666666666,"CCJ,VIST"
2024-04-25,baseline_current,0.005559895602242598,2,2.220446049250313e-16,0.0,"CCJ,VIST"
2024-05-02,baseline_current,0.0316538340329922,2,0.0,1.0,"TXN,YPF"
2024-05-09,baseline_current,0.0005498999339326998,2,4.440892098500626e-16,0.6666666666666666,"AAPL,TXN"
2024-05-16,baseline_current,0.0032538105617811487,2,4.440892098500626e-16,1.0,"COST,QCOM"
2024-05-23,baseline_current,0.034173852457557295,2,2.220446049250313e-16,0.6666666666666666,"NVDA,QCOM"
2024-05-31,baseline_current,0.011776690290854947,2,1.1102230246251565e-16,0.6666666666666666,"CCJ,NVDA"
2024-06-07,baseline_current,0.005362749349210849,2,3.3306690738754696e-16,0.6666666666666666,"COST,NVDA"
2024-06-14,baseline_current,0.002712686521383049,2,2.220446049250313e-16,0.6666666666666666,"NVDA,QQQ"
2024-06-24,baseline_current,0.03744546061123104,2,3.3306690738754696e-16,0.6666666666666666,"MSFT,NVDA"
2024-07-01,baseline_current,0.014994851733022101,2,0.0,1.0,"AAPL,ADBE"
2024-07-09,baseline_current,0.00047405214378079996,2,3.3306690738754696e-16,0.6666666666666666,"ADBE,TSLA"
2024-07-16,baseline_current,-0.028355812515889648,2,0.0,0.6666666666666666,"AAPL,TSLA"
2024-07-23,baseline_current,-0.03500894665293198,2,0.6000000000000003,0.6666666666666666,"TSLA,VIST"
2024-07-30,baseline_current,0.0023664625116415587,2,0.6000000000000002,1.0,"COST,PEP"
2024-08-06,baseline_current,-0.0009843469668383196,2,0.6000000000000001,0.6666666666666666,"COST,NFLX"
2024-08-13,baseline_current,-0.0029037525054072992,2,2.220446049250313e-16,0.6666666666666666,"COST,META"
2024-08-20,baseline_current,0.004697014444347599,2,2.220446049250313e-16,0.6666666666666666,"COST,SPY"
2024-08-27,baseline_current,-0.015480395544883141,2,4.440892098500626e-16,1.0,"CSCO,TXN"
2024-09-04,baseline_current,-0.012691681837954298,2,1.1102230246251565e-16,1.0,"VIST,YPF"
2024-09-11,baseline_current,0.013214782374583546,2,2.220446049250313e-16,1.0,"COST,CSCO"
2024-09-18,baseline_current,0.02488512029280924,2,4.440892098500626e-16,1.0,"NFLX,YPF"
2024-09-25,baseline_current,0.005655835200078798,2,4.440892098500626e-16,1.0,"CSCO,QQQ"
2024-10-02,baseline_current,0.013952905966496093,2,4.440892098500626e-16,1.0,"CCJ,META"
2024-10-09,baseline_current,-0.020887375688614235,2,6.661338147750939e-16,0.6666666666666666,"AMD,CCJ"
2024-10-16,baseline_current,0.008155136430705494,2,4.440892098500626e-16,0.6666666666666666,"CCJ,CSCO"
2024-10-23,baseline_current,-0.0049694358211764475,2,4.440892098500626e-16,0.0,"CCJ,CSCO"
2024-10-30,baseline_current,-0.016976496276119545,2,4.440892098500626e-16,0.6666666666666666,"CSCO,GOOGL"
2024-11-06,baseline_current,0.029403150216751838,2,3.3306690738754696e-16,1.0,"NFLX,YPF"
2024-11-13,baseline_current,-0.009333739864712646,2,4.440892098500626e-16,1.0,"AMZN,SPY"
2024-11-20,baseline_current,0.0117461320792968,2,0.0,1.0,"NFLX,YPF"
2024-11-27,baseline_current,0.0047289173958625155,2,0.6000000000000003,0.6666666666666666,"QQQ,YPF"
2024-12-05,baseline_current,0.032029190360313785,2,4.440892098500626e-16,0.6666666666666666,"TSLA,YPF"
2024-12-12,baseline_current,0.003527048791338198,2,3.3306690738754696e-16,0.6666666666666666,"AMZN,YPF"
2024-12-19,baseline_current,-0.007913318294122947,2,1.1102230246251565e-16,1.0,"AAPL,TSLA"
2024-12-27,baseline_current,-0.015927159758062543,2,4.440892098500626e-16,1.0,"AVGO,YPF"
2025-01-06,baseline_current,-0.005102502903129098,2,2.220446049250313e-16,0.0,"AVGO,YPF"
2025-01-14,baseline_current,0.013381565087456547,2,2.220446049250313e-16,0.6666666666666666,"AVGO,VIST"
2025-01-22,baseline_current,0.0035601943945483498,2,1.1102230246251565e-16,0.6666666666666666,"AVGO,CSCO"
2025-01-29,baseline_current,0.005258180077787449,2,3.3306690738754696e-16,1.0,"META,NFLX"
2025-02-05,baseline_current,0.006148160114526848,2,4.440892098500626e-16,0.6666666666666666,"COST,NFLX"
2025-02-12,baseline_current,0.007703061057805098,2,1.1102230246251565e-16,0.6666666666666666,"COST,META"
2025-02-20,baseline_current,-0.011486143356550533,2,0.6000000000000003,1.0,"CSCO,INTC"
2025-02-27,baseline_current,0.02224452666874295,2,0.0,1.0,"COST,NFLX"
2025-03-06,baseline_current,-0.03875993782968043,2,4.440892098500626e-16,0.0,"COST,NFLX"
2025-03-13,baseline_current,0.00920632258350186,2,0.6,0.6666666666666666,"INTC,NFLX"
2025-03-20,baseline_current,0.00140184496119765,2,2.220446049250313e-16,0.6666666666666666,"CCJ,NFLX"
2025-03-27,baseline_current,-0.016110429168986185,2,0.6000000000000003,0.6666666666666666,"NFLX,YPF"
2025-04-03,baseline_current,-0.023809470188300583,2,0.6,0.6666666666666666,"COST,NFLX"
2025-04-10,baseline_current,-0.0008119466085211999,2,0.6000000000000001,0.0,"COST,NFLX"
2025-04-17,baseline_current,-0.004328137289115217,2,0.6000000000000003,0.0,"COST,NFLX"
2025-04-25,baseline_current,0.0018893119912453391,2,0.6000000000000001,0.0,"COST,NFLX"
2025-05-02,baseline_current,-0.008675115751273948,2,4.440892098500626e-16,0.6666666666666666,"MSFT,NFLX"
2025-05-09,baseline_current,0.016238671786266496,2,2.220446049250313e-16,0.6666666666666666,"CCJ,MSFT"
2025-05-16,baseline_current,0.005109240858848426,2,4.440892098500626e-16,0.6666666666666666,"MSFT,NFLX"
2025-05-23,baseline_current,0.03484681189230789,2,2.220446049250313e-16,1.0,"CCJ,TXN"
2025-06-02,baseline_current,0.02925546662126039,2,2.220446049250313e-16,0.6666666666666666,"AVGO,CCJ"
2025-06-09,baseline_current,-0.015285502401122445,2,4.440892098500626e-16,0.6666666666666666,"CCJ,TXN"
2025-06-16,baseline_current,-0.0016662903740744793,2,0.6000000000000002,0.6666666666666666,"CCJ,COST"
2025-06-24,baseline_current,-0.0031194334299899183,2,0.6000000000000002,0.6666666666666666,"CCJ,NFLX"
2025-07-01,baseline_current,-0.0037600453225770493,2,2.220446049250313e-16,0.6666666666666666,"CCJ,CSCO"
2025-07-09,baseline_current,0.011300903961187147,2,3.3306690738754696e-16,1.0,"NVDA,TXN"
2025-07-16,baseline_current,0.005786546284107148,2,3.3306690738754696e-16,0.6666666666666666,"AMD,NVDA"
2025-07-23,baseline_current,0.015887901763129646,2,2.220446049250313e-16,0.6666666666666666,"AMD,MSFT"
2025-07-30,baseline_current,-0.020692528844887394,2,2.220446049250313e-16,0.6666666666666666,"AMD,GOOGL"
2025-08-06,baseline_current,-0.004842775046544498,2,4.440892098500626e-16,0.6666666666666666,"GOOGL,YPF"
2025-08-13,baseline_current,-0.010586471531464149,2,2.220446049250313e-16,1.0,"AAPL,AMD"
2025-08-20,baseline_current,-0.008260727064685548,2,4.440892098500626e-16,0.6666666666666666,"AAPL,PEP"
2025-08-27,baseline_current,-0.0001347866296530502,2,2.220446049250313e-16,1.0,"QCOM,TXN"
2025-09-04,baseline_current,0.009776270857448997,2,2.220446049250313e-16,1.0,"COST,GOOGL"
2025-09-11,baseline_current,0.0011002840199559388,2,0.6000000000000004,0.0,"COST,GOOGL"
2025-09-18,baseline_current,-0.010855670715558995,2,3.3306690738754696e-16,0.6666666666666666,"GOOGL,INTC"
2025-09-25,baseline_current,0.03303401270831079,2,1.1102230246251565e-16,0.6666666666666666,"AMAT,INTC"
2025-10-02,baseline_current,-0.01985181817951069,2,2.220446049250313e-16,0.0,"AMAT,INTC"
2025-10-09,baseline_current,-0.04240605636865559,2,2.220446049250313e-16,0.0,"AMAT,INTC"
2025-10-16,baseline_current,-0.009149028030556249,2,3.3306690738754696e-16,0.6666666666666666,"AMAT,AMD"
2025-10-23,baseline_current,0.015889142470980704,2,0.6000000000000004,0.6666666666666666,"AMD,INTC"
2025-10-30,baseline_current,0.0019962278816340997,2,2.220446049250313e-16,0.6666666666666666,"AMD,GOOGL"
2025-11-06,baseline_current,-0.013954829506123043,2,4.440892098500626e-16,0.6666666666666666,"GOOGL,YPF"
2025-11-13,baseline_current,0.00012927161303439888,2,1.1102230246251565e-16,0.6666666666666666,"CSCO,GOOGL"
2025-11-20,baseline_current,-0.013930113042090533,2,0.6000000000000002,1.0,"VIST,YPF"
2025-11-28,baseline_current,-0.002269028719136638,2,0.6000000000000003,1.0,"GOOGL,PEP"
2025-12-05,baseline_current,-0.013252357382246194,2,2.220446049250313e-16,0.6666666666666666,"GOOGL,SPY"
2025-12-12,baseline_current,0.021785624292944346,2,2.220446049250313e-16,1.0,"AMAT,TSLA"
2025-12-19,baseline_current,0.010170635393198995,2,6.661338147750939e-16,0.6666666666666666,"ADBE,TSLA"
2025-12-29,baseline_current,-0.00217804870436575,2,2.220446049250313e-16,1.0,"CCJ,VIST"
2026-01-06,baseline_current,0.00571688078156675,2,2.220446049250313e-16,1.0,"AMAT,GOOGL"
2026-01-13,baseline_current,-0.0050807739927303,2,2.220446049250313e-16,0.0,"AMAT,GOOGL"
2026-01-21,baseline_current,-0.005327624436296894,2,0.6000000000000004,0.6666666666666666,"AMAT,COST"
2026-01-28,baseline_current,0.005249033801026898,2,3.3306690738754696e-16,0.6666666666666666,"AMAT,CCJ"
2026-02-04,baseline_current,0.006439408261340899,2,2.220446049250313e-16,1.0,"PEP,TXN"
2026-02-11,baseline_current,-0.06737271473209017,2,4.440892098500626e-16,0.6666666666666666,"CSCO,PEP"
2026-02-19,baseline_current,0.007503472557737498,2,2.220446049250313e-16,1.0,"AMAT,VIST"
2026-02-26,baseline_current,0.0018934145601255488,2,4.440892098500626e-16,0.6666666666666666,"AMAT,PEP"
2026-03-05,baseline_current,0.013456659038459152,2,0.0,1.0,"NFLX,VIST"
2026-03-12,baseline_current,0.009720470248851755,2,0.6000000000000002,0.0,"NFLX,VIST"
2026-03-19,baseline_current,-0.005731748878000798,2,2.220446049250313e-16,0.0,"NFLX,VIST"
2026-03-26,baseline_current,0.012077490322552994,2,0.6000000000000002,0.6666666666666666,"VIST,YPF"
2026-04-02,baseline_current,-0.013047928457724593,2,4.440892098500626e-16,0.6666666666666666,"COST,YPF"
2026-04-10,baseline_current,0.027053550927080245,2,2.220446049250313e-16,1.0,"INTC,TXN"
2026-04-17,baseline_current,-0.007821294915525146,2,4.440892098500626e-16,1.0,"GOOGL,QQQ"
2026-04-24,baseline_current,-0.010828930757901095,2,4.440892098500626e-16,1.0,"AMZN,AVGO"
2026-05-01,baseline_current,-0.04562262190341524,2,2.220446049250313e-16,1.0,"AMD,INTC"
2026-05-08,baseline_current,0.022045995330625394,2,2.220446049250313e-16,0.0,"AMD,INTC"
2026-05-15,baseline_current,-0.007646912758953097,2,4.440892098500626e-16,0.6666666666666666,"AAPL,AMD"
2022-01-03,no_signal_strength_adjustment,-0.015187574011753989,2,6.661338147750939e-16,1.0,"AVGO,TSLA"
2022-01-10,no_signal_strength_adjustment,0.008558915100451649,2,2.220446049250313e-16,0.6666666666666666,"CCJ,TSLA"
2022-01-18,no_signal_strength_adjustment,-0.013656622504658347,2,2.220446049250313e-16,0.6666666666666666,"TSLA,VIST"
2022-01-25,no_signal_strength_adjustment,0.004484011928778197,2,0.6000000000000002,0.6666666666666666,"VIST,YPF"
2022-02-01,no_signal_strength_adjustment,-0.013809438388929098,2,2.220446049250313e-16,0.0,"VIST,YPF"
2022-02-08,no_signal_strength_adjustment,0.011532568953302147,2,2.220446049250313e-16,0.0,"VIST,YPF"
2022-02-15,no_signal_strength_adjustment,0.0227982897052355,2,2.220446049250313e-16,0.6666666666666666,"NVDA,VIST"
2022-02-23,no_signal_strength_adjustment,0.0030818797139579484,2,2.220446049250313e-16,0.6666666666666666,"VIST,YPF"
2022-03-02,no_signal_strength_adjustment,-0.03494241657433679,2,3.3306690738754696e-16,0.6666666666666666,"CCJ,VIST"
2022-03-09,no_signal_strength_adjustment,0.028883471911209282,2,4.440892098500626e-16,0.0,"CCJ,VIST"
2022-03-16,no_signal_strength_adjustment,0.07885978997968263,2,2.220446049250313e-16,0.0,"CCJ,VIST"
2022-03-23,no_signal_strength_adjustment,0.006722843234408948,2,3.3306690738754696e-16,0.6666666666666666,"CCJ,TSLA"
2022-03-30,no_signal_strength_adjustment,-0.014785981113783143,2,4.440892098500626e-16,0.6666666666666666,"NVDA,TSLA"
2022-04-06,no_signal_strength_adjustment,0.0047146953371289485,2,2.220446049250313e-16,0.6666666666666666,"META,TSLA"
2022-04-13,no_signal_strength_adjustment,-0.022130768182431294,2,4.440892098500626e-16,0.6666666666666666,"TSLA,VIST"
2022-04-21,no_signal_strength_adjustment,-0.008035216058987498,2,2.220446049250313e-16,0.6666666666666666,"NFLX,TSLA"
2022-04-28,no_signal_strength_adjustment,-0.014295533754402975,2,0.6000000000000001,0.6666666666666666,"META,NFLX"
2022-05-05,no_signal_strength_adjustment,-0.02325654357344119,2,2.220446049250313e-16,0.6666666666666666,"NFLX,QCOM"
2022-05-12,no_signal_strength_adjustment,0.08556260806687903,2,2.220446049250313e-16,0.6666666666666666,"NFLX,NVDA"
2022-05-19,no_signal_strength_adjustment,-0.0105148540763992,2,2.220446049250313e-16,1.0,"AMD,META"
2022-05-26,no_signal_strength_adjustment,0.034385261437044644,2,2.220446049250313e-16,0.6666666666666666,"AMD,VIST"
2022-06-03,no_signal_strength_adjustment,-0.00768097232567235,2,0.0,0.6666666666666666,"AMD,NFLX"
2022-06-10,no_signal_strength_adjustment,-0.08204251775674759,2,2.220446049250313e-16,0.6666666666666666,"CCJ,NFLX"
2022-06-17,no_signal_strength_adjustment,0.0021099693771661193,2,0.6000000000000002,0.6666666666666666,"COST,NFLX"
2022-06-27,no_signal_strength_adjustment,-0.0502412061975357,2,0.0,0.6666666666666666,"NFLX,TSLA"
2022-07-05,no_signal_strength_adjustment,-0.003102404568005398,2,0.6000000000000002,0.0,"NFLX,TSLA"
2022-07-12,no_signal_strength_adjustment,0.014564315131095747,2,1.1102230246251565e-16,0.0,"NFLX,TSLA"
2022-07-19,no_signal_strength_adjustment,0.018736614300495495,2,2.220446049250313e-16,0.6666666666666666,"QCOM,TSLA"
2022-07-26,no_signal_strength_adjustment,0.04151487596396533,2,3.3306690738754696e-16,0.6666666666666666,"NFLX,QCOM"
2022-08-02,no_signal_strength_adjustment,-0.0001400350398207996,2,3.3306690738754696e-16,1.0,"TSLA,VIST"
2022-08-09,no_signal_strength_adjustment,0.019452908883382997,2,2.220446049250313e-16,0.0,"TSLA,VIST"
2022-08-16,no_signal_strength_adjustment,-0.011546508840242074,4,2.220446049250313e-16,0.5,"NFLX,TSLA,VIST,YPF"
2022-08-23,no_signal_strength_adjustment,0.024539272313461143,2,2.220446049250313e-16,0.5,"VIST,YPF"
2022-08-30,no_signal_strength_adjustment,-0.00429740256034976,2,0.6,0.6666666666666666,"CCJ,YPF"
2022-09-07,no_signal_strength_adjustment,0.010386054966624836,2,0.6000000000000002,0.0,"CCJ,YPF"
2022-09-14,no_signal_strength_adjustment,-0.027374775819615664,2,0.6000000000000002,0.6666666666666666,"VIST,YPF"
2022-09-21,no_signal_strength_adjustment,-0.00027328413249110006,2,0.6000000000000004,0.6666666666666666,"CCJ,YPF"
2022-09-28,no_signal_strength_adjustment,-0.024496979015179495,2,2.220446049250313e-16,0.6666666666666666,"NFLX,YPF"
2022-10-05,no_signal_strength_adjustment,0.00363679350263498,2,0.6000000000000001,0.6666666666666666,"VIST,YPF"
2022-10-12,no_signal_strength_adjustment,0.052243186117979484,2,2.220446049250313e-16,0.6666666666666666,"NFLX,VIST"
2022-10-19,no_signal_strength_adjustment,0.002784203310132849,2,2.220446049250313e-16,0.0,"NFLX,VIST"
2022-10-26,no_signal_strength_adjustment,0.0029711133976821004,2,2.220446049250313e-16,0.6666666666666666,"NFLX,YPF"
2022-11-02,no_signal_strength_adjustment,-0.007507388237222896,2,0.6000000000000002,0.6666666666666666,"NFLX,VIST"
2022-11-09,no_signal_strength_adjustment,0.08044513551292404,2,2.220446049250313e-16,0.6666666666666666,"NVDA,VIST"
2022-11-16,no_signal_strength_adjustment,0.0009306941860292,2,2.220446049250313e-16,0.6666666666666666,"AMD,NVDA"
2022-11-23,no_signal_strength_adjustment,-0.015782822253776446,2,2.220446049250313e-16,0.0,"AMD,NVDA"
2022-12-01,no_signal_strength_adjustment,-0.0034713078814668005,2,2.220446049250313e-16,0.6666666666666666,"AMD,META"
2022-12-08,no_signal_strength_adjustment,0.010820061820865697,2,1.1102230246251565e-16,1.0,"NFLX,NVDA"
2022-12-15,no_signal_strength_adjustment,0.001152815916320579,2,0.6000000000000002,0.6666666666666666,"META,NVDA"
2022-12-22,no_signal_strength_adjustment,0.016907300181107247,2,2.220446049250313e-16,0.6666666666666666,"META,YPF"
2022-12-30,no_signal_strength_adjustment,-0.06730305769772293,2,2.220446049250313e-16,0.6666666666666666,"VIST,YPF"
2023-01-09,no_signal_strength_adjustment,-0.002521346364191779,2,0.6000000000000001,0.0,"VIST,YPF"
2023-01-17,no_signal_strength_adjustment,-0.04996930749803134,2,2.220446049250313e-16,0.6666666666666666,"META,YPF"
2023-01-24,no_signal_strength_adjustment,-0.002395324996626999,2,2.220446049250313e-16,0.0,"META,YPF"
2023-01-31,no_signal_strength_adjustment,0.05962347301155619,2,1.1102230246251565e-16,1.0,"NVDA,TSLA"
2023-02-07,no_signal_strength_adjustment,-0.008183887243684873,4,2.220446049250313e-16,0.5,"AMD,META,NVDA,TSLA"
2023-02-14,no_signal_strength_adjustment,0.005460455848500048,2,2.220446049250313e-16,0.5,"META,TSLA"
2023-02-22,no_signal_strength_adjustment,0.0057002316659308,2,0.0,0.0,"META,TSLA"
2023-03-01,no_signal_strength_adjustment,-0.015700180417807845,2,1.1102230246251565e-16,0.6666666666666666,"NVDA,TSLA"
2023-03-08,no_signal_strength_adjustment,-0.018011526690137794,2,2.220446049250313e-16,0.6666666666666666,"NVDA,VIST"
2023-03-15,no_signal_strength_adjustment,0.04525095780635239,2,2.220446049250313e-16,0.6666666666666666,"META,NVDA"
2023-03-22,no_signal_strength_adjustment,0.027492780148929686,2,5.551115123125783e-16,0.6666666666666666,"AMD,NVDA"
2023-03-29,no_signal_strength_adjustment,0.013456069019077345,2,3.3306690738754696e-16,0.6666666666666666,"META,NVDA"
2023-04-05,no_signal_strength_adjustment,0.01061843707120475,2,2.220446049250313e-16,0.6666666666666666,"INTC,META"
2023-04-13,no_signal_strength_adjustment,0.026436597497623095,2,2.220446049250313e-16,1.0,"VIST,YPF"
2023-04-20,no_signal_strength_adjustment,-0.019187534166510846,2,2.220446049250313e-16,0.0,"VIST,YPF"
2023-04-27,no_signal_strength_adjustment,-0.016207386362783998,2,1.1102230246251565e-16,1.0,"AMZN,META"
2023-05-04,no_signal_strength_adjustment,0.007478835579221256,2,0.6000000000000002,0.6666666666666666,"META,NVDA"
2023-05-11,no_signal_strength_adjustment,-0.013638773817049445,2,1.1102230246251565e-16,0.6666666666666666,"AMD,NVDA"
2023-05-18,no_signal_strength_adjustment,-0.016309353432303147,2,2.220446049250313e-16,0.0,"AMD,NVDA"
2023-05-25,no_signal_strength_adjustment,0.04046960500521353,2,4.440892098500626e-16,0.0,"AMD,NVDA"
2023-06-02,no_signal_strength_adjustment,-0.0016863865150476497,2,2.220446049250313e-16,0.0,"AMD,NVDA"
2023-06-09,no_signal_strength_adjustment,0.026273286960485746,2,2.220446049250313e-16,0.0,"AMD,NVDA"
2023-06-16,no_signal_strength_adjustment,0.02117140440778449,4,3.3306690738754696e-16,0.8,"NVDA,TSLA,VIST,YPF"
2023-06-26,no_signal_strength_adjustment,0.005688531094182148,2,5.551115123125783e-16,0.5,"TSLA,YPF"
2023-07-03,no_signal_strength_adjustment,0.013483729154866345,2,4.440892098500626e-16,0.0,"TSLA,YPF"
2023-07-11,no_signal_strength_adjustment,0.03568173619966049,2,4.440892098500626e-16,0.6666666666666666,"NVDA,YPF"
2023-07-18,no_signal_strength_adjustment,-0.009208414645961348,2,2.220446049250313e-16,0.6666666666666666,"NVDA,VIST"
2023-07-25,no_signal_strength_adjustment,-0.012798768950697072,4,3.3306690738754696e-16,0.5,"AVGO,NVDA,TSLA,VIST"
2023-08-01,no_signal_strength_adjustment,-0.04316915825003474,2,1.1102230246251565e-16,0.8,"CCJ,NVDA"
2023-08-08,no_signal_strength_adjustment,-0.019797314512457444,2,2.220446049250313e-16,0.0,"CCJ,NVDA"
2023-08-15,no_signal_strength_adjustment,-0.015323344008496595,2,2.220446049250313e-16,0.6666666666666666,"CCJ,INTC"
2023-08-22,no_signal_strength_adjustment,-0.0011230760078576587,2,0.6000000000000004,0.6666666666666666,"AMAT,CCJ"
2023-08-29,no_signal_strength_adjustment,0.008849300432831999,2,1.1102230246251565e-16,1.0,"NVDA,VIST"
2023-09-06,no_signal_strength_adjustment,0.007512903324959698,2,1.1102230246251565e-16,0.6666666666666666,"INTC,NVDA"
2023-09-13,no_signal_strength_adjustment,0.021065566460508292,2,4.440892098500626e-16,1.0,"CCJ,TSLA"
2023-09-20,no_signal_strength_adjustment,-0.0029341394382717996,2,4.440892098500626e-16,0.6666666666666666,"TSLA,VIST"
2023-09-27,no_signal_strength_adjustment,0.009042802943140651,2,0.6000000000000004,0.6666666666666666,"CCJ,VIST"
2023-10-04,no_signal_strength_adjustment,0.004662188627372098,2,4.440892098500626e-16,0.6666666666666666,"TSLA,VIST"
2023-10-11,no_signal_strength_adjustment,-0.007196287889128048,2,2.220446049250313e-16,0.6666666666666666,"META,VIST"
2023-10-18,no_signal_strength_adjustment,-0.03232155477119239,2,4.440892098500626e-16,0.6666666666666666,"VIST,YPF"
2023-10-25,no_signal_strength_adjustment,-0.02813101155637355,2,0.0,1.0,"MSFT,NFLX"
2023-11-01,no_signal_strength_adjustment,0.02718120633338209,2,4.440892098500626e-16,0.6666666666666666,"CCJ,NFLX"
2023-11-08,no_signal_strength_adjustment,0.020161227792717746,2,1.1102230246251565e-16,0.0,"CCJ,NFLX"
2023-11-15,no_signal_strength_adjustment,0.013177021251930748,2,2.220446049250313e-16,0.6666666666666666,"AMD,NFLX"
2023-11-22,no_signal_strength_adjustment,0.060517059853972224,2,4.440892098500626e-16,0.6666666666666666,"AMD,YPF"
2023-11-30,no_signal_strength_adjustment,-0.016450408300080443,2,4.440892098500626e-16,0.6666666666666666,"TSLA,YPF"
2023-12-07,no_signal_strength_adjustment,0.027757922407469944,2,2.220446049250313e-16,0.6666666666666666,"VIST,YPF"
2023-12-14,no_signal_strength_adjustment,-0.007020945316139848,2,4.440892098500626e-16,0.6666666666666666,"AMD,YPF"
2023-12-21,no_signal_strength_adjustment,-0.005357127365794698,2,4.440892098500626e-16,0.0,"AMD,YPF"
2023-12-29,no_signal_strength_adjustment,-0.04943855980019408,2,3.3306690738754696e-16,0.0,"AMD,YPF"
2024-01-08,no_signal_strength_adjustment,-0.009512858139545902,2,2.220446049250313e-16,0.0,"AMD,YPF"
2024-01-16,no_signal_strength_adjustment,0.0015866124158210994,2,4.440892098500626e-16,0.6666666666666666,"AMD,NVDA"
2024-01-23,no_signal_strength_adjustment,0.04173637132762433,2,4.440892098500626e-16,0.0,"AMD,NVDA"
2024-01-30,no_signal_strength_adjustment,-0.012988235562199546,2,3.3306690738754696e-16,0.6666666666666666,"AMD,YPF"
2024-02-06,no_signal_strength_adjustment,0.0015291868488673992,2,0.0,0.6666666666666666,"META,YPF"
2024-02-13,no_signal_strength_adjustment,0.025104961507083794,2,2.220446049250313e-16,0.0,"META,YPF"
2024-02-21,no_signal_strength_adjustment,0.020724138152622695,2,4.440892098500626e-16,0.6666666666666666,"META,VIST"
2024-02-28,no_signal_strength_adjustment,0.015640489433710898,2,1.1102230246251565e-16,0.6666666666666666,"META,NVDA"
2024-03-06,no_signal_strength_adjustment,0.024153551854224797,2,2.220446049250313e-16,0.6666666666666666,"AMD,NVDA"
2024-03-13,no_signal_strength_adjustment,-0.03603762938890293,2,4.440892098500626e-16,0.0,"AMD,NVDA"
2024-03-20,no_signal_strength_adjustment,0.013826335805541571,4,2.220446049250313e-16,0.5,"AMD,NVDA,VIST,YPF"
2024-03-27,no_signal_strength_adjustment,-0.007365052593637846,2,4.440892098500626e-16,0.5,"NVDA,YPF"
2024-04-04,no_signal_strength_adjustment,0.01533178911356084,2,5.551115123125783e-16,1.0,"CCJ,GOOGL"
2024-04-11,no_signal_strength_adjustment,-0.0188985447706393,2,0.0,0.6666666666666666,"CCJ,YPF"
2024-04-18,no_signal_strength_adjustment,-0.008552884365457935,2,0.6000000000000002,0.6666666666666666,"CCJ,META"
2024-04-25,no_signal_strength_adjustment,0.024906767556597997,2,2.220446049250313e-16,0.6666666666666666,"CCJ,YPF"
2024-05-02,no_signal_strength_adjustment,0.02608617155318545,2,0.0,0.6666666666666666,"TSLA,YPF"
2024-05-09,no_signal_strength_adjustment,-0.04298994507413054,2,4.440892098500626e-16,0.0,"TSLA,YPF"
2024-05-16,no_signal_strength_adjustment,0.0032625001126324483,2,4.440892098500626e-16,0.0,"TSLA,YPF"
2024-05-23,no_signal_strength_adjustment,0.034173852457557295,2,2.220446049250313e-16,1.0,"NVDA,QCOM"
2024-05-31,no_signal_strength_adjustment,0.011776690290854947,2,1.1102230246251565e-16,0.6666666666666666,"CCJ,NVDA"
2024-06-07,no_signal_strength_adjustment,-0.018697338642606594,2,3.3306690738754696e-16,0.6666666666666666,"AMD,NVDA"
2024-06-14,no_signal_strength_adjustment,0.023627482618594646,2,2.220446049250313e-16,0.6666666666666666,"AVGO,NVDA"
2024-06-24,no_signal_strength_adjustment,0.030195844151062242,2,3.3306690738754696e-16,0.0,"AVGO,NVDA"
2024-07-01,no_signal_strength_adjustment,0.056069241285049004,2,0.0,0.6666666666666666,"AVGO,TSLA"
2024-07-09,no_signal_strength_adjustment,0.005055358850057949,2,3.3306690738754696e-16,0.0,"AVGO,TSLA"
2024-07-16,no_signal_strength_adjustment,-0.0667357298341273,2,0.0,0.6666666666666666,"AMD,TSLA"
2024-07-23,no_signal_strength_adjustment,-0.038275533653935614,2,0.6000000000000003,0.6666666666666666,"NVDA,TSLA"
2024-07-30,no_signal_strength_adjustment,0.01893836038144691,2,0.6000000000000002,0.6666666666666666,"TSLA,YPF"
2024-08-06,no_signal_strength_adjustment,-0.018716610965346978,2,0.6000000000000001,1.0,"INTC,NVDA"
2024-08-13,no_signal_strength_adjustment,0.005361903916389099,2,2.220446049250313e-16,1.0,"VIST,YPF"
2024-08-20,no_signal_strength_adjustment,0.004399394392443149,2,2.220446049250313e-16,1.0,"AVGO,NVDA"
2024-08-27,no_signal_strength_adjustment,-0.010679875497239996,2,4.440892098500626e-16,0.6666666666666666,"NVDA,VIST"
2024-09-04,no_signal_strength_adjustment,-0.012691681837954298,2,1.1102230246251565e-16,0.6666666666666666,"VIST,YPF"
2024-09-11,no_signal_strength_adjustment,0.013219327251037846,2,2.220446049250313e-16,1.0,"NVDA,TSLA"
2024-09-18,no_signal_strength_adjustment,0.04570282943494214,2,4.440892098500626e-16,0.6666666666666666,"INTC,TSLA"
2024-09-25,no_signal_strength_adjustment,0.0026243263368378993,2,4.440892098500626e-16,0.0,"INTC,TSLA"
2024-10-02,no_signal_strength_adjustment,0.0023558413811395488,2,4.440892098500626e-16,0.6666666666666666,"CCJ,INTC"
2024-10-09,no_signal_strength_adjustment,-0.005814182741180896,2,6.661338147750939e-16,0.6666666666666666,"AVGO,INTC"
2024-10-16,no_signal_strength_adjustment,0.012435440037348693,2,4.440892098500626e-16,1.0,"CCJ,NVDA"
2024-10-23,no_signal_strength_adjustment,0.0009187968475898997,2,4.440892098500626e-16,0.0,"CCJ,NVDA"
2024-10-30,no_signal_strength_adjustment,-0.038559836494469535,2,4.440892098500626e-16,0.6666666666666666,"NVDA,TSLA"
2024-11-06,no_signal_strength_adjustment,0.03345994302450744,2,3.3306690738754696e-16,0.6666666666666666,"TSLA,YPF"
2024-11-13,no_signal_strength_adjustment,-0.0070202291073847446,2,4.440892098500626e-16,0.0,"TSLA,YPF"
2024-11-20,no_signal_strength_adjustment,0.0005417313771342498,2,0.0,0.0,"TSLA,YPF"
2024-11-27,no_signal_strength_adjustment,0.010343342103808351,2,0.6000000000000003,0.0,"TSLA,YPF"
2024-12-05,no_signal_strength_adjustment,0.032029190360313785,2,4.440892098500626e-16,0.0,"TSLA,YPF"
2024-12-12,no_signal_strength_adjustment,0.018000542267773992,2,3.3306690738754696e-16,0.6666666666666666,"TSLA,VIST"
2024-12-19,no_signal_strength_adjustment,-0.011664443954689848,2,1.1102230246251565e-16,0.6666666666666666,"AVGO,TSLA"
2024-12-27,no_signal_strength_adjustment,-0.02926715935456699,2,4.440892098500626e-16,0.0,"AVGO,TSLA"
2025-01-06,no_signal_strength_adjustment,-0.03673499382171644,2,2.220446049250313e-16,0.0,"AVGO,TSLA"
2025-01-14,no_signal_strength_adjustment,0.04753388825478694,2,2.220446049250313e-16,0.0,"AVGO,TSLA"
2025-01-22,no_signal_strength_adjustment,-0.013608707517778498,2,1.1102230246251565e-16,0.6666666666666666,"AMAT,AVGO"
2025-01-29,no_signal_strength_adjustment,0.008408619378684597,2,3.3306690738754696e-16,1.0,"META,QCOM"
2025-02-05,no_signal_strength_adjustment,0.0008805871843799999,2,4.440892098500626e-16,1.0,"AVGO,NFLX"
2025-02-12,no_signal_strength_adjustment,0.03553574542781174,2,1.1102230246251565e-16,0.6666666666666666,"AVGO,INTC"
2025-02-20,no_signal_strength_adjustment,-0.01647934429880293,2,0.6000000000000003,0.0,"AVGO,INTC"
2025-02-27,no_signal_strength_adjustment,0.017979097297855247,2,0.0,0.0,"AVGO,INTC"
2025-03-06,no_signal_strength_adjustment,0.04056479115668333,2,4.440892098500626e-16,0.0,"AVGO,INTC"
2025-03-13,no_signal_strength_adjustment,0.007322294954339781,2,0.6,0.0,"AVGO,INTC"
2025-03-20,no_signal_strength_adjustment,0.0026930144127419496,2,2.220446049250313e-16,0.6666666666666666,"CCJ,INTC"
2025-03-27,no_signal_strength_adjustment,-0.015037428099748586,2,0.6000000000000003,0.6666666666666666,"INTC,YPF"
2025-04-03,no_signal_strength_adjustment,-0.0438444768065795,2,0.6,0.6666666666666666,"INTC,TSLA"
2025-04-10,no_signal_strength_adjustment,0.006175783595141678,2,0.6000000000000001,0.6666666666666666,"NVDA,TSLA"
2025-04-17,no_signal_strength_adjustment,-0.02174162999236584,2,0.6000000000000003,0.6666666666666666,"TSLA,VIST"
2025-04-25,no_signal_strength_adjustment,0.0008191427410233197,2,0.6000000000000001,0.6666666666666666,"AVGO,TSLA"
2025-05-02,no_signal_strength_adjustment,-0.01926863973187829,2,4.440892098500626e-16,0.0,"AVGO,TSLA"
2025-05-09,no_signal_strength_adjustment,0.06302872387161318,2,2.220446049250313e-16,0.6666666666666666,"TSLA,VIST"
2025-05-16,no_signal_strength_adjustment,-0.02164164324712914,2,4.440892098500626e-16,0.6666666666666666,"AMD,TSLA"
2025-05-23,no_signal_strength_adjustment,0.049849250272973544,2,2.220446049250313e-16,0.6666666666666666,"AVGO,TSLA"
2025-06-02,no_signal_strength_adjustment,0.018669709731954944,2,2.220446049250313e-16,0.0,"AVGO,TSLA"
2025-06-09,no_signal_strength_adjustment,0.010864647645492496,2,4.440892098500626e-16,1.0,"AMD,NVDA"
2025-06-16,no_signal_strength_adjustment,0.0008063177082570595,2,0.6000000000000002,0.6666666666666666,"AMD,CCJ"
2025-06-24,no_signal_strength_adjustment,0.004664640285089218,2,0.6000000000000002,0.0,"AMD,CCJ"
2025-07-01,no_signal_strength_adjustment,-0.012372262381022348,2,2.220446049250313e-16,0.6666666666666666,"AMD,INTC"
2025-07-09,no_signal_strength_adjustment,0.028877403959426888,2,3.3306690738754696e-16,0.0,"AMD,INTC"
2025-07-16,no_signal_strength_adjustment,0.005786546284107148,2,3.3306690738754696e-16,0.6666666666666666,"AMD,NVDA"
2025-07-23,no_signal_strength_adjustment,0.019602166832351445,2,2.220446049250313e-16,0.0,"AMD,NVDA"
2025-07-30,no_signal_strength_adjustment,-0.025791935684309146,2,2.220446049250313e-16,0.6666666666666666,"AMD,TSLA"
2025-08-06,no_signal_strength_adjustment,0.03213382790557753,2,4.440892098500626e-16,0.0,"AMD,TSLA"
2025-08-13,no_signal_strength_adjustment,-0.015006347853327847,2,2.220446049250313e-16,0.0,"AMD,TSLA"
2025-08-20,no_signal_strength_adjustment,-0.004659074387916099,2,4.440892098500626e-16,0.6666666666666666,"AMD,TXN"
2025-08-27,no_signal_strength_adjustment,-0.003567682076054,2,2.220446049250313e-16,1.0,"INTC,TSLA"
2025-09-04,no_signal_strength_adjustment,0.0033733937553912996,2,2.220446049250313e-16,0.6666666666666666,"GOOGL,INTC"
2025-09-11,no_signal_strength_adjustment,0.0004912534409802394,2,0.6000000000000004,0.6666666666666666,"AVGO,GOOGL"
2025-09-18,no_signal_strength_adjustment,-0.005133206571458947,2,3.3306690738754696e-16,1.0,"INTC,TSLA"
2025-09-25,no_signal_strength_adjustment,0.04230022668158724,2,1.1102230246251565e-16,0.0,"INTC,TSLA"
2025-10-02,no_signal_strength_adjustment,-0.013375936925513598,2,2.220446049250313e-16,0.0,"INTC,TSLA"
2025-10-09,no_signal_strength_adjustment,-0.05753874465895444,2,2.220446049250313e-16,0.6666666666666666,"AMD,INTC"
2025-10-16,no_signal_strength_adjustment,-0.00084758419554005,2,3.3306690738754696e-16,0.0,"AMD,INTC"
2025-10-23,no_signal_strength_adjustment,0.015889142470980704,2,0.6000000000000004,0.0,"AMD,INTC"
2025-10-30,no_signal_strength_adjustment,0.02910866187017854,2,2.220446049250313e-16,0.6666666666666666,"AMD,YPF"
2025-11-06,no_signal_strength_adjustment,-0.005733215516756448,2,4.440892098500626e-16,0.6666666666666666,"VIST,YPF"
2025-11-13,no_signal_strength_adjustment,0.03276441580590245,2,1.1102230246251565e-16,0.0,"VIST,YPF"
2025-11-20,no_signal_strength_adjustment,-0.013930113042090533,2,0.6000000000000002,0.0,"VIST,YPF"
2025-11-28,no_signal_strength_adjustment,-0.0024031937445832376,2,0.6000000000000003,0.0,"VIST,YPF"
2025-12-05,no_signal_strength_adjustment,-0.013104052892193246,2,2.220446049250313e-16,1.0,"AMAT,INTC"
2025-12-12,no_signal_strength_adjustment,0.021785624292944346,2,2.220446049250313e-16,0.6666666666666666,"AMAT,TSLA"
2025-12-19,no_signal_strength_adjustment,0.017380812470537937,2,6.661338147750939e-16,0.6666666666666666,"CCJ,TSLA"
2025-12-29,no_signal_strength_adjustment,-0.008542952404059249,2,2.220446049250313e-16,0.6666666666666666,"AMD,CCJ"
2026-01-06,no_signal_strength_adjustment,0.00262507393689735,2,2.220446049250313e-16,0.6666666666666666,"AMAT,CCJ"
2026-01-13,no_signal_strength_adjustment,0.023703773304592796,2,2.220446049250313e-16,0.6666666666666666,"CCJ,INTC"
2026-01-21,no_signal_strength_adjustment,-0.0004939991898099795,2,0.6000000000000004,0.0,"CCJ,INTC"
2026-01-28,no_signal_strength_adjustment,-0.002796106910302399,2,3.3306690738754696e-16,0.0,"CCJ,INTC"
2026-02-04,no_signal_strength_adjustment,-0.02745455716320724,2,2.220446049250313e-16,0.6666666666666666,"INTC,VIST"
2026-02-11,no_signal_strength_adjustment,-0.026597587131890692,2,4.440892098500626e-16,0.6666666666666666,"INTC,TXN"
2026-02-19,no_signal_strength_adjustment,0.007503472557737498,2,2.220446049250313e-16,1.0,"AMAT,VIST"
2026-02-26,no_signal_strength_adjustment,-0.002901460592683199,2,4.440892098500626e-16,0.6666666666666666,"AMAT,INTC"
2026-03-05,no_signal_strength_adjustment,-0.03219657658805594,2,0.0,0.6666666666666666,"AMAT,NFLX"
2026-03-12,no_signal_strength_adjustment,0.009720470248851755,2,0.6000000000000002,0.6666666666666666,"NFLX,VIST"
2026-03-19,no_signal_strength_adjustment,-0.005731748878000798,2,2.220446049250313e-16,0.0,"NFLX,VIST"
2026-03-26,no_signal_strength_adjustment,0.012077490322552994,2,0.6000000000000002,0.6666666666666666,"VIST,YPF"
2026-04-02,no_signal_strength_adjustment,-7.935441281364981e-05,2,4.440892098500626e-16,0.6666666666666666,"INTC,VIST"
2026-04-10,no_signal_strength_adjustment,0.026095566674199298,2,2.220446049250313e-16,0.6666666666666666,"AMD,INTC"
2026-04-17,no_signal_strength_adjustment,-0.026616365383965435,2,4.440892098500626e-16,0.0,"AMD,INTC"
2026-04-24,no_signal_strength_adjustment,-0.004105845487728748,2,4.440892098500626e-16,0.0,"AMD,INTC"
2026-05-01,no_signal_strength_adjustment,-0.04562262190341524,2,2.220446049250313e-16,0.0,"AMD,INTC"
2026-05-08,no_signal_strength_adjustment,0.022045995330625394,2,2.220446049250313e-16,0.0,"AMD,INTC"
2026-05-15,no_signal_strength_adjustment,-0.006424713246556897,2,4.440892098500626e-16,0.0,"AMD,INTC"
2022-01-03,no_regime_adjustment,-0.01528779760413259,2,6.661338147750939e-16,1.0,"CSCO,SPY"
2022-01-10,no_regime_adjustment,0.010787830704828399,2,2.220446049250313e-16,0.6666666666666666,"CSCO,INTC"
2022-01-18,no_regime_adjustment,0.006850105765380298,2,2.220446049250313e-16,1.0,"PEP,VIST"
2022-01-25,no_regime_adjustment,0.004484011928778197,2,0.6000000000000002,0.6666666666666666,"VIST,YPF"
2022-02-01,no_regime_adjustment,-0.013809438388929098,2,2.220446049250313e-16,0.0,"VIST,YPF"
2022-02-08,no_regime_adjustment,0.016431748311113645,2,2.220446049250313e-16,0.6666666666666666,"COST,VIST"
2022-02-15,no_regime_adjustment,0.0178843288173001,2,2.220446049250313e-16,0.6666666666666666,"AVGO,VIST"
2022-02-23,no_regime_adjustment,0.0030818797139579484,2,2.220446049250313e-16,0.6666666666666666,"VIST,YPF"
2022-03-02,no_regime_adjustment,-0.03494241657433679,2,3.3306690738754696e-16,0.6666666666666666,"CCJ,VIST"
2022-03-09,no_regime_adjustment,0.028883471911209282,2,4.440892098500626e-16,0.0,"CCJ,VIST"
2022-03-16,no_regime_adjustment,0.014717536579771647,2,2.220446049250313e-16,1.0,"COST,TXN"
2022-03-23,no_regime_adjustment,-0.011026021794957246,2,3.3306690738754696e-16,1.0,"CCJ,VIST"
2022-03-30,no_regime_adjustment,-0.015186565357643894,2,4.440892098500626e-16,1.0,"SPY,TSLA"
2022-04-06,no_regime_adjustment,0.006381228583989347,2,2.220446049250313e-16,1.0,"PEP,YPF"
2022-04-13,no_regime_adjustment,0.0032989102644428985,2,4.440892098500626e-16,0.6666666666666666,"COST,YPF"
2022-04-21,no_regime_adjustment,-0.024625849026899092,2,2.220446049250313e-16,0.6666666666666666,"COST,PEP"
2022-04-28,no_regime_adjustment,-0.011637429137513715,2,0.6000000000000001,0.6666666666666666,"META,PEP"
2022-05-05,no_regime_adjustment,-0.014568630752427897,2,2.220446049250313e-16,0.6666666666666666,"META,QCOM"
2022-05-12,no_regime_adjustment,0.07589067387951638,2,2.220446049250313e-16,1.0,"NVDA,TSLA"
2022-05-19,no_regime_adjustment,-0.0105148540763992,2,2.220446049250313e-16,1.0,"AMD,META"
2022-05-26,no_regime_adjustment,0.030988009253347593,2,2.220446049250313e-16,0.6666666666666666,"AMD,YPF"
2022-06-03,no_regime_adjustment,-0.00340644516273005,2,0.0,0.6666666666666666,"ADBE,AMD"
2022-06-10,no_regime_adjustment,-0.07399978086470993,2,2.220446049250313e-16,0.6666666666666666,"ADBE,CCJ"
2022-06-17,no_regime_adjustment,0.011999764051604194,2,0.6000000000000002,1.0,"COST,PEP"
2022-06-27,no_regime_adjustment,-0.05072395004857765,2,0.0,1.0,"AMZN,TSLA"
2022-07-05,no_regime_adjustment,0.0037981003402582777,2,0.6000000000000002,1.0,"COST,PEP"
2022-07-12,no_regime_adjustment,0.00041338817986620005,2,1.1102230246251565e-16,0.6666666666666666,"AAPL,COST"
2022-07-19,no_regime_adjustment,0.021479826723237845,2,2.220446049250313e-16,0.6666666666666666,"AAPL,QCOM"
2022-07-26,no_regime_adjustment,0.04151487596396534,2,3.3306690738754696e-16,0.6666666666666666,"NFLX,QCOM"
2022-08-02,no_regime_adjustment,0.03677815101003883,2,3.3306690738754696e-16,1.0,"AMAT,TXN"
2022-08-09,no_regime_adjustment,0.013097281628008797,2,2.220446049250313e-16,1.0,"AAPL,YPF"
2022-08-16,no_regime_adjustment,-0.001983775075130625,4,2.220446049250313e-16,0.5,"AAPL,MSFT,NFLX,YPF"
2022-08-23,no_regime_adjustment,0.02453927231346114,2,2.220446049250313e-16,0.8,"VIST,YPF"
2022-08-30,no_regime_adjustment,-0.00411580151868918,2,0.6,0.0,"VIST,YPF"
2022-09-07,no_regime_adjustment,0.010386054966624836,2,0.6000000000000002,0.6666666666666666,"CCJ,YPF"
2022-09-14,no_regime_adjustment,-0.027565493133555708,2,0.6000000000000002,0.0,"CCJ,YPF"
2022-09-21,no_regime_adjustment,-0.00027328413249110006,2,0.6000000000000004,0.0,"CCJ,YPF"
2022-09-28,no_regime_adjustment,-0.024496979015179495,2,2.220446049250313e-16,0.6666666666666666,"NFLX,YPF"
2022-10-05,no_regime_adjustment,0.00363679350263498,2,0.6000000000000001,0.6666666666666666,"VIST,YPF"
2022-10-12,no_regime_adjustment,0.052243186117979484,2,2.220446049250313e-16,0.6666666666666666,"NFLX,VIST"
2022-10-19,no_regime_adjustment,-0.013226455123106396,2,2.220446049250313e-16,0.6666666666666666,"NFLX,PEP"
2022-10-26,no_regime_adjustment,-0.024047154851706297,2,2.220446049250313e-16,0.6666666666666666,"PEP,VIST"
2022-11-02,no_regime_adjustment,0.00017098306347944,2,0.6000000000000002,0.6666666666666666,"VIST,YPF"
2022-11-09,no_regime_adjustment,0.08454512779005859,2,2.220446049250313e-16,1.0,"AMAT,TXN"
2022-11-16,no_regime_adjustment,-0.006219018023048698,2,2.220446049250313e-16,0.6666666666666666,"AMAT,NVDA"
2022-11-23,no_regime_adjustment,-0.016127793491765696,2,2.220446049250313e-16,0.0,"AMAT,NVDA"
2022-12-01,no_regime_adjustment,-0.011756146088939698,2,2.220446049250313e-16,1.0,"AVGO,GOOGL"
2022-12-08,no_regime_adjustment,-0.018231616837597296,2,1.1102230246251565e-16,1.0,"AMD,NVDA"
2022-12-15,no_regime_adjustment,0.004898764318289578,2,0.6000000000000002,1.0,"AVGO,META"
2022-12-22,no_regime_adjustment,0.012383081898507646,2,2.220446049250313e-16,0.6666666666666666,"AVGO,YPF"
2022-12-30,no_regime_adjustment,-0.04624021879381678,2,2.220446049250313e-16,0.6666666666666666,"AVGO,VIST"
2023-01-09,no_regime_adjustment,-0.002521346364191779,2,0.6000000000000001,0.6666666666666666,"VIST,YPF"
2023-01-17,no_regime_adjustment,-0.07969569360763763,2,2.220446049250313e-16,0.0,"VIST,YPF"
2023-01-24,no_regime_adjustment,-0.0003431289497506499,2,2.220446049250313e-16,0.6666666666666666,"INTC,YPF"
2023-01-31,no_regime_adjustment,0.029499212339106747,2,1.1102230246251565e-16,1.0,"AMZN,QCOM"
2023-02-07,no_regime_adjustment,-0.015318870630595748,3,2.220446049250313e-16,1.0,"META,NVDA,TSLA"
2023-02-14,no_regime_adjustment,0.007417852678740847,2,2.220446049250313e-16,0.3333333333333333,"NVDA,TSLA"
2023-02-22,no_regime_adjustment,0.0057002316659308,2,0.0,0.6666666666666666,"META,TSLA"
2023-03-01,no_regime_adjustment,0.016769785080934248,2,1.1102230246251565e-16,0.6666666666666666,"META,NVDA"
2023-03-08,no_regime_adjustment,-0.011473191357339948,2,2.220446049250313e-16,0.6666666666666666,"META,VIST"
2023-03-15,no_regime_adjustment,0.019928529578038395,2,2.220446049250313e-16,1.0,"MSFT,PEP"
2023-03-22,no_regime_adjustment,0.024621260478924586,2,5.551115123125783e-16,1.0,"AMD,GOOGL"
2023-03-29,no_regime_adjustment,0.013986814096090644,2,3.3306690738754696e-16,1.0,"AAPL,INTC"
2023-04-05,no_regime_adjustment,0.018600327555861995,2,2.220446049250313e-16,0.6666666666666666,"GOOGL,INTC"
2023-04-13,no_regime_adjustment,0.024974830073527146,2,2.220446049250313e-16,1.0,"META,VIST"
2023-04-20,no_regime_adjustment,-0.007562992658185049,2,2.220446049250313e-16,1.0,"NVDA,YPF"
2023-04-27,no_regime_adjustment,0.0176937262132671,2,1.1102230246251565e-16,1.0,"META,VIST"
2023-05-04,no_regime_adjustment,0.004351913183795977,2,0.6000000000000002,1.0,"MSFT,PEP"
2023-05-11,no_regime_adjustment,0.0022385238277185995,2,1.1102230246251565e-16,1.0,"GOOGL,QQQ"
2023-05-18,no_regime_adjustment,-0.0014116084466987498,2,2.220446049250313e-16,0.0,"GOOGL,QQQ"
2023-05-25,no_regime_adjustment,0.0853333844989559,2,4.440892098500626e-16,1.0,"AMD,AVGO"
2023-06-02,no_regime_adjustment,-0.008482208396998998,2,2.220446049250313e-16,0.6666666666666666,"ADBE,AVGO"
2023-06-09,no_regime_adjustment,0.03382912417544844,2,2.220446049250313e-16,0.6666666666666666,"ADBE,TSLA"
2023-06-16,no_regime_adjustment,0.00391352903555637,3,3.3306690738754696e-16,0.3333333333333333,"ADBE,AVGO,TSLA"
2023-06-26,no_regime_adjustment,0.005688531094182148,2,5.551115123125783e-16,0.75,"TSLA,YPF"
2023-07-03,no_regime_adjustment,0.0036213704834400988,2,4.440892098500626e-16,0.6666666666666666,"NVDA,TSLA"
2023-07-11,no_regime_adjustment,0.022107707086396693,2,4.440892098500626e-16,0.6666666666666666,"TSLA,YPF"
2023-07-18,no_regime_adjustment,-0.006250348798907348,2,2.220446049250313e-16,1.0,"MSFT,QQQ"
2023-07-25,no_regime_adjustment,-0.01456791373460192,4,3.3306690738754696e-16,1.0,"COST,CSCO,PEP,TXN"
2023-08-01,no_regime_adjustment,-0.029745758369783593,2,1.1102230246251565e-16,1.0,"CCJ,QCOM"
2023-08-08,no_regime_adjustment,-0.016248664999495746,2,2.220446049250313e-16,1.0,"AMAT,GOOGL"
2023-08-15,no_regime_adjustment,-0.008219138313900948,2,2.220446049250313e-16,0.6666666666666666,"ADBE,GOOGL"
2023-08-22,no_regime_adjustment,0.0005492509732312792,2,0.6000000000000004,1.0,"CCJ,CSCO"
2023-08-29,no_regime_adjustment,0.008098844418925548,2,1.1102230246251565e-16,0.0,"CCJ,CSCO"
2023-09-06,no_regime_adjustment,-0.004553368891973249,2,1.1102230246251565e-16,0.6666666666666666,"ADBE,CSCO"
2023-09-13,no_regime_adjustment,0.011813136704678245,2,4.440892098500626e-16,1.0,"CCJ,INTC"
2023-09-20,no_regime_adjustment,-0.02235981102958559,2,4.440892098500626e-16,0.6666666666666666,"CCJ,TSLA"
2023-09-27,no_regime_adjustment,0.009042802943140651,2,0.6000000000000004,0.6666666666666666,"CCJ,VIST"
2023-10-04,no_regime_adjustment,0.004662188627372098,2,4.440892098500626e-16,0.6666666666666666,"TSLA,VIST"
2023-10-11,no_regime_adjustment,-0.0033514763069530493,2,2.220446049250313e-16,0.6666666666666666,"QQQ,VIST"
2023-10-18,no_regime_adjustment,-0.0012676303961511996,2,4.440892098500626e-16,0.6666666666666666,"ADBE,VIST"
2023-10-25,no_regime_adjustment,-0.03022214007792,2,0.0,1.0,"CCJ,MSFT"
2023-11-01,no_regime_adjustment,0.027181206333382092,2,4.440892098500626e-16,0.6666666666666666,"CCJ,NFLX"
2023-11-08,no_regime_adjustment,-0.005173050050082499,2,1.1102230246251565e-16,0.6666666666666666,"MSFT,NFLX"
2023-11-15,no_regime_adjustment,-0.0004253425316989999,2,2.220446049250313e-16,1.0,"QCOM,QQQ"
2023-11-22,no_regime_adjustment,0.002504089280573549,2,4.440892098500626e-16,1.0,"AMD,INTC"
2023-11-30,no_regime_adjustment,-0.02458535402904754,2,4.440892098500626e-16,0.6666666666666666,"INTC,YPF"
2023-12-07,no_regime_adjustment,0.019254807299321445,2,2.220446049250313e-16,0.6666666666666666,"COST,YPF"
2023-12-14,no_regime_adjustment,-0.011602329146558094,2,4.440892098500626e-16,0.6666666666666666,"TXN,YPF"
2023-12-21,no_regime_adjustment,0.0024857444815748497,2,4.440892098500626e-16,1.0,"AVGO,COST"
2023-12-29,no_regime_adjustment,-0.038205655614564835,2,3.3306690738754696e-16,0.6666666666666666,"AVGO,INTC"
2024-01-08,no_regime_adjustment,2.0478263161699886e-05,2,2.220446049250313e-16,0.6666666666666666,"COST,INTC"
2024-01-16,no_regime_adjustment,-0.013538509677801392,2,4.440892098500626e-16,1.0,"CCJ,NVDA"
2024-01-23,no_regime_adjustment,0.01702226047338734,2,4.440892098500626e-16,0.6666666666666666,"MSFT,NVDA"
2024-01-30,no_regime_adjustment,-0.008813140461593249,2,3.3306690738754696e-16,0.6666666666666666,"NFLX,NVDA"
2024-02-06,no_regime_adjustment,0.03009974089016635,2,0.0,0.6666666666666666,"META,NVDA"
2024-02-13,no_regime_adjustment,0.02658436147853519,2,2.220446049250313e-16,0.0,"META,NVDA"
2024-02-21,no_regime_adjustment,0.04403031023477183,2,4.440892098500626e-16,0.6666666666666666,"AMAT,META"
2024-02-28,no_regime_adjustment,0.016638766553262397,2,1.1102230246251565e-16,0.0,"AMAT,META"
2024-03-06,no_regime_adjustment,0.030359080116346745,2,2.220446049250313e-16,1.0,"COST,NVDA"
2024-03-13,no_regime_adjustment,-0.021478754507586392,2,4.440892098500626e-16,0.6666666666666666,"NVDA,VIST"
2024-03-20,no_regime_adjustment,0.008367753547242647,3,2.220446049250313e-16,0.3333333333333333,"NVDA,PEP,VIST"
2024-03-27,no_regime_adjustment,0.0007861117769396997,2,4.440892098500626e-16,0.75,"GOOGL,NVDA"
2024-04-04,no_regime_adjustment,0.022831820816056735,2,5.551115123125783e-16,1.0,"CCJ,VIST"
2024-04-11,no_regime_adjustment,-0.0188985447706393,2,0.0,0.6666666666666666,"CCJ,YPF"
2024-04-18,no_regime_adjustment,0.001868765525321659,2,0.6000000000000002,0.6666666666666666,"CCJ,PEP"
2024-04-25,no_regime_adjustment,-0.0011804953682187996,2,2.220446049250313e-16,0.0,"CCJ,PEP"
2024-05-02,no_regime_adjustment,0.010705832445239498,2,0.0,1.0,"GOOGL,TXN"
2024-05-09,no_regime_adjustment,0.0005498999339326998,2,4.440892098500626e-16,0.6666666666666666,"AAPL,TXN"
2024-05-16,no_regime_adjustment,0.0032538105617811487,2,4.440892098500626e-16,1.0,"COST,QCOM"
2024-05-23,no_regime_adjustment,0.034173852457557295,2,2.220446049250313e-16,0.6666666666666666,"NVDA,QCOM"
2024-05-31,no_regime_adjustment,0.011776690290854947,2,1.1102230246251565e-16,0.6666666666666666,"CCJ,NVDA"
2024-06-07,no_regime_adjustment,0.005362749349210849,2,3.3306690738754696e-16,0.6666666666666666,"COST,NVDA"
2024-06-14,no_regime_adjustment,0.002712686521383049,2,2.220446049250313e-16,0.6666666666666666,"NVDA,QQQ"
2024-06-24,no_regime_adjustment,7.720615674589992e-05,2,3.3306690738754696e-16,1.0,"AVGO,MSFT"
2024-07-01,no_regime_adjustment,0.014994851733022101,2,0.0,1.0,"AAPL,ADBE"
2024-07-09,no_regime_adjustment,0.00047405214378079996,2,3.3306690738754696e-16,0.6666666666666666,"ADBE,TSLA"
2024-07-16,no_regime_adjustment,-0.028355812515889648,2,0.0,0.6666666666666666,"AAPL,TSLA"
2024-07-23,no_regime_adjustment,-0.03225646241739264,2,0.6000000000000003,0.6666666666666666,"INTC,TSLA"
2024-07-30,no_regime_adjustment,0.007900838162558935,2,0.6000000000000002,0.6666666666666666,"PEP,TSLA"
2024-08-06,no_regime_adjustment,-0.010083025585729398,2,0.6000000000000001,1.0,"COST,INTC"
2024-08-13,no_regime_adjustment,-0.0029037525054072992,2,2.220446049250313e-16,0.6666666666666666,"COST,META"
2024-08-20,no_regime_adjustment,0.004697014444347599,2,2.220446049250313e-16,0.6666666666666666,"COST,SPY"
2024-08-27,no_regime_adjustment,-0.01701748433158074,2,4.440892098500626e-16,1.0,"CSCO,NFLX"
2024-09-04,no_regime_adjustment,-0.012691681837954298,2,1.1102230246251565e-16,1.0,"VIST,YPF"
2024-09-11,no_regime_adjustment,0.008126792141879549,2,2.220446049250313e-16,1.0,"AMD,CSCO"
2024-09-18,no_regime_adjustment,0.02408169398717609,2,4.440892098500626e-16,1.0,"AMZN,YPF"
2024-09-25,no_regime_adjustment,-0.0016585682283689989,2,4.440892098500626e-16,0.6666666666666666,"AMZN,CSCO"
2024-10-02,no_regime_adjustment,0.013952905966496093,2,4.440892098500626e-16,1.0,"CCJ,META"
2024-10-09,no_regime_adjustment,-0.020887375688614235,2,6.661338147750939e-16,0.6666666666666666,"AMD,CCJ"
2024-10-16,no_regime_adjustment,0.008155136430705494,2,4.440892098500626e-16,0.6666666666666666,"CCJ,CSCO"
2024-10-23,no_regime_adjustment,-0.0049694358211764475,2,4.440892098500626e-16,0.0,"CCJ,CSCO"
2024-10-30,no_regime_adjustment,-0.033212389460748934,2,4.440892098500626e-16,1.0,"GOOGL,NVDA"
2024-11-06,no_regime_adjustment,0.029403150216751838,2,3.3306690738754696e-16,1.0,"NFLX,YPF"
2024-11-13,no_regime_adjustment,-0.009333739864712646,2,4.440892098500626e-16,1.0,"AMZN,SPY"
2024-11-20,no_regime_adjustment,0.0117461320792968,2,0.0,1.0,"NFLX,YPF"
2024-11-27,no_regime_adjustment,0.005130339485528316,2,0.6000000000000003,0.0,"NFLX,YPF"
2024-12-05,no_regime_adjustment,0.032029190360313785,2,4.440892098500626e-16,0.6666666666666666,"TSLA,YPF"
2024-12-12,no_regime_adjustment,0.003527048791338198,2,3.3306690738754696e-16,0.6666666666666666,"AMZN,YPF"
2024-12-19,no_regime_adjustment,-0.007913318294122947,2,1.1102230246251565e-16,1.0,"AAPL,TSLA"
2024-12-27,no_regime_adjustment,-0.029267159354566988,2,4.440892098500626e-16,0.6666666666666666,"AVGO,TSLA"
2025-01-06,no_regime_adjustment,-0.005102502903129098,2,2.220446049250313e-16,0.6666666666666666,"AVGO,YPF"
2025-01-14,no_regime_adjustment,0.022638075330308895,2,2.220446049250313e-16,0.6666666666666666,"AVGO,QCOM"
2025-01-22,no_regime_adjustment,-0.007433408423401547,2,1.1102230246251565e-16,1.0,"AMAT,CSCO"
2025-01-29,no_regime_adjustment,0.005258180077787449,2,3.3306690738754696e-16,1.0,"META,NFLX"
2025-02-05,no_regime_adjustment,0.006148160114526848,2,4.440892098500626e-16,0.6666666666666666,"COST,NFLX"
2025-02-12,no_regime_adjustment,0.007703061057805098,2,1.1102230246251565e-16,0.6666666666666666,"COST,META"
2025-02-20,no_regime_adjustment,-0.011486143356550533,2,0.6000000000000003,1.0,"CSCO,INTC"
2025-02-27,no_regime_adjustment,0.007119821853431499,2,0.0,0.6666666666666666,"CSCO,PEP"
2025-03-06,no_regime_adjustment,0.007295250413173546,2,4.440892098500626e-16,0.6666666666666666,"CSCO,TXN"
2025-03-13,no_regime_adjustment,0.0106816800034839,2,0.6,1.0,"INTC,TSLA"
2025-03-20,no_regime_adjustment,0.0026930144127419496,2,2.220446049250313e-16,0.6666666666666666,"CCJ,INTC"
2025-03-27,no_regime_adjustment,-0.015913723235957224,2,0.6000000000000003,1.0,"AMZN,YPF"
2025-04-03,no_regime_adjustment,-0.023809470188300583,2,0.6,1.0,"COST,NFLX"
2025-04-10,no_regime_adjustment,-0.00025797950187222,2,0.6000000000000001,0.6666666666666666,"COST,TSLA"
2025-04-17,no_regime_adjustment,-0.01887934770943634,2,0.6000000000000003,0.0,"COST,TSLA"
2025-04-25,no_regime_adjustment,0.0022596007261660393,2,0.6000000000000001,0.6666666666666666,"NFLX,TSLA"
2025-05-02,no_regime_adjustment,-0.008675115751273948,2,4.440892098500626e-16,0.6666666666666666,"MSFT,NFLX"
2025-05-09,no_regime_adjustment,0.016238671786266496,2,2.220446049250313e-16,0.6666666666666666,"CCJ,MSFT"
2025-05-16,no_regime_adjustment,0.009318328519576294,2,4.440892098500626e-16,0.6666666666666666,"ADBE,MSFT"
2025-05-23,no_regime_adjustment,0.026837565265341593,2,2.220446049250313e-16,0.6666666666666666,"CCJ,MSFT"
2025-06-02,no_regime_adjustment,0.02925546662126039,2,2.220446049250313e-16,0.6666666666666666,"AVGO,CCJ"
2025-06-09,no_regime_adjustment,-0.015285502401122445,2,4.440892098500626e-16,0.6666666666666666,"CCJ,TXN"
2025-06-16,no_regime_adjustment,0.0008063177082570595,2,0.6000000000000002,0.6666666666666666,"AMD,CCJ"
2025-06-24,no_regime_adjustment,-0.0016320947235282592,2,0.6000000000000002,0.6666666666666666,"CCJ,CSCO"
2025-07-01,no_regime_adjustment,0.016936151863352747,2,2.220446049250313e-16,0.6666666666666666,"AMAT,CCJ"
2025-07-09,no_regime_adjustment,0.011300903961187147,2,3.3306690738754696e-16,1.0,"NVDA,TXN"
2025-07-16,no_regime_adjustment,0.005786546284107148,2,3.3306690738754696e-16,0.6666666666666666,"AMD,NVDA"
2025-07-23,no_regime_adjustment,0.0010042943892580002,2,2.220446049250313e-16,1.0,"MSFT,PEP"
2025-07-30,no_regime_adjustment,-0.020692528844887394,2,2.220446049250313e-16,1.0,"AMD,GOOGL"
2025-08-06,no_regime_adjustment,-0.004842775046544498,2,4.440892098500626e-16,0.6666666666666666,"GOOGL,YPF"
2025-08-13,no_regime_adjustment,-0.011175236915291148,2,2.220446049250313e-16,1.0,"AMD,COST"
2025-08-20,no_regime_adjustment,-0.018318034664129842,2,4.440892098500626e-16,0.6666666666666666,"COST,PEP"
2025-08-27,no_regime_adjustment,-0.0017485099493248497,2,2.220446049250313e-16,1.0,"INTC,TXN"
2025-09-04,no_regime_adjustment,-0.001295631097632849,2,2.220446049250313e-16,1.0,"AMZN,GOOGL"
2025-09-11,no_regime_adjustment,0.0004912534409802394,2,0.6000000000000004,0.6666666666666666,"AVGO,GOOGL"
2025-09-18,no_regime_adjustment,0.006232570186759748,2,3.3306690738754696e-16,0.6666666666666666,"AMAT,GOOGL"
2025-09-25,no_regime_adjustment,0.03303401270831079,2,1.1102230246251565e-16,0.6666666666666666,"AMAT,INTC"
2025-10-02,no_regime_adjustment,-0.01985181817951069,2,2.220446049250313e-16,0.0,"AMAT,INTC"
2025-10-09,no_regime_adjustment,-0.04240605636865559,2,2.220446049250313e-16,0.0,"AMAT,INTC"
2025-10-16,no_regime_adjustment,-0.009149028030556247,2,3.3306690738754696e-16,0.6666666666666666,"AMAT,AMD"
2025-10-23,no_regime_adjustment,0.015889142470980704,2,0.6000000000000004,0.6666666666666666,"AMD,INTC"
2025-10-30,no_regime_adjustment,0.0019962278816340997,2,2.220446049250313e-16,0.6666666666666666,"AMD,GOOGL"
2025-11-06,no_regime_adjustment,-0.013954829506123043,2,4.440892098500626e-16,0.6666666666666666,"GOOGL,YPF"
2025-11-13,no_regime_adjustment,0.0175708996571907,2,1.1102230246251565e-16,1.0,"CSCO,VIST"
2025-11-20,no_regime_adjustment,-0.013930113042090533,2,0.6000000000000002,0.6666666666666666,"VIST,YPF"
2025-11-28,no_regime_adjustment,-0.005422788238021934,2,0.6000000000000003,0.6666666666666666,"GOOGL,YPF"
2025-12-05,no_regime_adjustment,-0.013252357382246194,2,2.220446049250313e-16,0.6666666666666666,"GOOGL,SPY"
2025-12-12,no_regime_adjustment,-0.0034331748297125493,2,2.220446049250313e-16,1.0,"ADBE,AMAT"
2025-12-19,no_regime_adjustment,0.010170635393198995,2,6.661338147750939e-16,0.6666666666666666,"ADBE,TSLA"
2025-12-29,no_regime_adjustment,-0.013584314602495597,2,2.220446049250313e-16,0.6666666666666666,"CCJ,TSLA"
2026-01-06,no_regime_adjustment,0.00262507393689735,2,2.220446049250313e-16,0.6666666666666666,"AMAT,CCJ"
2026-01-13,no_regime_adjustment,-8.333718964735008e-05,2,2.220446049250313e-16,0.6666666666666666,"AMAT,COST"
2026-01-21,no_regime_adjustment,-0.005327624436296894,2,0.6000000000000004,0.0,"AMAT,COST"
2026-01-28,no_regime_adjustment,0.005249033801026898,2,3.3306690738754696e-16,0.6666666666666666,"AMAT,CCJ"
2026-02-04,no_regime_adjustment,0.006439408261340899,2,2.220446049250313e-16,1.0,"PEP,TXN"
2026-02-11,no_regime_adjustment,-0.06737271473209017,2,4.440892098500626e-16,0.6666666666666666,"CSCO,PEP"
2026-02-19,no_regime_adjustment,0.0010632666361966997,2,2.220446049250313e-16,0.6666666666666666,"PEP,VIST"
2026-02-26,no_regime_adjustment,0.0018934145601255488,2,4.440892098500626e-16,0.6666666666666666,"AMAT,PEP"
2026-03-05,no_regime_adjustment,0.01345665903845915,2,0.0,1.0,"NFLX,VIST"
2026-03-12,no_regime_adjustment,0.009720470248851755,2,0.6000000000000002,0.0,"NFLX,VIST"
2026-03-19,no_regime_adjustment,-0.005731748878000798,2,2.220446049250313e-16,0.0,"NFLX,VIST"
2026-03-26,no_regime_adjustment,0.012077490322552994,2,0.6000000000000002,0.6666666666666666,"VIST,YPF"
2026-04-02,no_regime_adjustment,-0.018865615094598043,2,4.440892098500626e-16,0.0,"VIST,YPF"
2026-04-10,no_regime_adjustment,0.007777667120105698,2,2.220446049250313e-16,1.0,"AMZN,TXN"
2026-04-17,no_regime_adjustment,-0.007821294915525146,2,4.440892098500626e-16,1.0,"GOOGL,QQQ"
2026-04-24,no_regime_adjustment,-0.010828930757901095,2,4.440892098500626e-16,1.0,"AMZN,AVGO"
2026-05-01,no_regime_adjustment,-0.019504512348429346,2,2.220446049250313e-16,1.0,"INTC,TXN"
2026-05-08,no_regime_adjustment,0.022045995330625394,2,2.220446049250313e-16,0.6666666666666666,"AMD,INTC"
2026-05-15,no_regime_adjustment,-0.0067384125549506966,2,4.440892098500626e-16,0.6666666666666666,"AAPL,INTC"
2022-01-03,no_signal_strength_and_no_regime_adjustment,-0.015187574011753989,2,6.661338147750939e-16,1.0,"AVGO,TSLA"
2022-01-10,no_signal_strength_and_no_regime_adjustment,0.008558915100451649,2,2.220446049250313e-16,0.6666666666666666,"CCJ,TSLA"
2022-01-18,no_signal_strength_and_no_regime_adjustment,-0.013656622504658347,2,2.220446049250313e-16,0.6666666666666666,"TSLA,VIST"
2022-01-25,no_signal_strength_and_no_regime_adjustment,0.004484011928778197,2,0.6000000000000002,0.6666666666666666,"VIST,YPF"
2022-02-01,no_signal_strength_and_no_regime_adjustment,-0.013809438388929098,2,2.220446049250313e-16,0.0,"VIST,YPF"
2022-02-08,no_signal_strength_and_no_regime_adjustment,0.011532568953302147,2,2.220446049250313e-16,0.0,"VIST,YPF"
2022-02-15,no_signal_strength_and_no_regime_adjustment,0.0227982897052355,2,2.220446049250313e-16,0.6666666666666666,"NVDA,VIST"
2022-02-23,no_signal_strength_and_no_regime_adjustment,0.0030818797139579484,2,2.220446049250313e-16,0.6666666666666666,"VIST,YPF"
2022-03-02,no_signal_strength_and_no_regime_adjustment,-0.03494241657433679,2,3.3306690738754696e-16,0.6666666666666666,"CCJ,VIST"
2022-03-09,no_signal_strength_and_no_regime_adjustment,0.028883471911209282,2,4.440892098500626e-16,0.0,"CCJ,VIST"
2022-03-16,no_signal_strength_and_no_regime_adjustment,0.07885978997968263,2,2.220446049250313e-16,0.0,"CCJ,VIST"
2022-03-23,no_signal_strength_and_no_regime_adjustment,0.006722843234408948,2,3.3306690738754696e-16,0.6666666666666666,"CCJ,TSLA"
2022-03-30,no_signal_strength_and_no_regime_adjustment,-0.014785981113783143,2,4.440892098500626e-16,0.6666666666666666,"NVDA,TSLA"
2022-04-06,no_signal_strength_and_no_regime_adjustment,0.0047146953371289485,2,2.220446049250313e-16,0.6666666666666666,"META,TSLA"
2022-04-13,no_signal_strength_and_no_regime_adjustment,-0.022130768182431294,2,4.440892098500626e-16,0.6666666666666666,"TSLA,VIST"
2022-04-21,no_signal_strength_and_no_regime_adjustment,-0.008035216058987498,2,2.220446049250313e-16,0.6666666666666666,"NFLX,TSLA"
2022-04-28,no_signal_strength_and_no_regime_adjustment,-0.014295533754402975,2,0.6000000000000001,0.6666666666666666,"META,NFLX"
2022-05-05,no_signal_strength_and_no_regime_adjustment,-0.02325654357344119,2,2.220446049250313e-16,0.6666666666666666,"NFLX,QCOM"
2022-05-12,no_signal_strength_and_no_regime_adjustment,0.08556260806687903,2,2.220446049250313e-16,0.6666666666666666,"NFLX,NVDA"
2022-05-19,no_signal_strength_and_no_regime_adjustment,-0.0105148540763992,2,2.220446049250313e-16,1.0,"AMD,META"
2022-05-26,no_signal_strength_and_no_regime_adjustment,0.034385261437044644,2,2.220446049250313e-16,0.6666666666666666,"AMD,VIST"
2022-06-03,no_signal_strength_and_no_regime_adjustment,-0.00768097232567235,2,0.0,0.6666666666666666,"AMD,NFLX"
2022-06-10,no_signal_strength_and_no_regime_adjustment,-0.08204251775674759,2,2.220446049250313e-16,0.6666666666666666,"CCJ,NFLX"
2022-06-17,no_signal_strength_and_no_regime_adjustment,0.0021099693771661193,2,0.6000000000000002,0.6666666666666666,"COST,NFLX"
2022-06-27,no_signal_strength_and_no_regime_adjustment,-0.0502412061975357,2,0.0,0.6666666666666666,"NFLX,TSLA"
2022-07-05,no_signal_strength_and_no_regime_adjustment,-0.003102404568005398,2,0.6000000000000002,0.0,"NFLX,TSLA"
2022-07-12,no_signal_strength_and_no_regime_adjustment,0.014564315131095747,2,1.1102230246251565e-16,0.0,"NFLX,TSLA"
2022-07-19,no_signal_strength_and_no_regime_adjustment,0.018736614300495495,2,2.220446049250313e-16,0.6666666666666666,"QCOM,TSLA"
2022-07-26,no_signal_strength_and_no_regime_adjustment,0.04151487596396533,2,3.3306690738754696e-16,0.6666666666666666,"NFLX,QCOM"
2022-08-02,no_signal_strength_and_no_regime_adjustment,-0.0001400350398207996,2,3.3306690738754696e-16,1.0,"TSLA,VIST"
2022-08-09,no_signal_strength_and_no_regime_adjustment,0.019452908883382997,2,2.220446049250313e-16,0.0,"TSLA,VIST"
2022-08-16,no_signal_strength_and_no_regime_adjustment,-0.011546508840242074,4,2.220446049250313e-16,0.5,"NFLX,TSLA,VIST,YPF"
2022-08-23,no_signal_strength_and_no_regime_adjustment,0.024539272313461143,2,2.220446049250313e-16,0.5,"VIST,YPF"
2022-08-30,no_signal_strength_and_no_regime_adjustment,-0.00429740256034976,2,0.6,0.6666666666666666,"CCJ,YPF"
2022-09-07,no_signal_strength_and_no_regime_adjustment,0.010386054966624836,2,0.6000000000000002,0.0,"CCJ,YPF"
2022-09-14,no_signal_strength_and_no_regime_adjustment,-0.027374775819615664,2,0.6000000000000002,0.6666666666666666,"VIST,YPF"
2022-09-21,no_signal_strength_and_no_regime_adjustment,-0.00027328413249110006,2,0.6000000000000004,0.6666666666666666,"CCJ,YPF"
2022-09-28,no_signal_strength_and_no_regime_adjustment,-0.024496979015179495,2,2.220446049250313e-16,0.6666666666666666,"NFLX,YPF"
2022-10-05,no_signal_strength_and_no_regime_adjustment,0.00363679350263498,2,0.6000000000000001,0.6666666666666666,"VIST,YPF"
2022-10-12,no_signal_strength_and_no_regime_adjustment,0.052243186117979484,2,2.220446049250313e-16,0.6666666666666666,"NFLX,VIST"
2022-10-19,no_signal_strength_and_no_regime_adjustment,0.002784203310132849,2,2.220446049250313e-16,0.0,"NFLX,VIST"
2022-10-26,no_signal_strength_and_no_regime_adjustment,0.0029711133976821004,2,2.220446049250313e-16,0.6666666666666666,"NFLX,YPF"
2022-11-02,no_signal_strength_and_no_regime_adjustment,-0.007507388237222896,2,0.6000000000000002,0.6666666666666666,"NFLX,VIST"
2022-11-09,no_signal_strength_and_no_regime_adjustment,0.08044513551292404,2,2.220446049250313e-16,0.6666666666666666,"NVDA,VIST"
2022-11-16,no_signal_strength_and_no_regime_adjustment,0.0009306941860292,2,2.220446049250313e-16,0.6666666666666666,"AMD,NVDA"
2022-11-23,no_signal_strength_and_no_regime_adjustment,-0.015782822253776446,2,2.220446049250313e-16,0.0,"AMD,NVDA"
2022-12-01,no_signal_strength_and_no_regime_adjustment,-0.0034713078814668005,2,2.220446049250313e-16,0.6666666666666666,"AMD,META"
2022-12-08,no_signal_strength_and_no_regime_adjustment,0.010820061820865697,2,1.1102230246251565e-16,1.0,"NFLX,NVDA"
2022-12-15,no_signal_strength_and_no_regime_adjustment,0.001152815916320579,2,0.6000000000000002,0.6666666666666666,"META,NVDA"
2022-12-22,no_signal_strength_and_no_regime_adjustment,0.016907300181107247,2,2.220446049250313e-16,0.6666666666666666,"META,YPF"
2022-12-30,no_signal_strength_and_no_regime_adjustment,-0.06730305769772293,2,2.220446049250313e-16,0.6666666666666666,"VIST,YPF"
2023-01-09,no_signal_strength_and_no_regime_adjustment,-0.002521346364191779,2,0.6000000000000001,0.0,"VIST,YPF"
2023-01-17,no_signal_strength_and_no_regime_adjustment,-0.04996930749803134,2,2.220446049250313e-16,0.6666666666666666,"META,YPF"
2023-01-24,no_signal_strength_and_no_regime_adjustment,-0.002395324996626999,2,2.220446049250313e-16,0.0,"META,YPF"
2023-01-31,no_signal_strength_and_no_regime_adjustment,0.05962347301155619,2,1.1102230246251565e-16,1.0,"NVDA,TSLA"
2023-02-07,no_signal_strength_and_no_regime_adjustment,-0.008183887243684873,4,2.220446049250313e-16,0.5,"AMD,META,NVDA,TSLA"
2023-02-14,no_signal_strength_and_no_regime_adjustment,0.005460455848500048,2,2.220446049250313e-16,0.5,"META,TSLA"
2023-02-22,no_signal_strength_and_no_regime_adjustment,0.0057002316659308,2,0.0,0.0,"META,TSLA"
2023-03-01,no_signal_strength_and_no_regime_adjustment,-0.015700180417807845,2,1.1102230246251565e-16,0.6666666666666666,"NVDA,TSLA"
2023-03-08,no_signal_strength_and_no_regime_adjustment,-0.018011526690137794,2,2.220446049250313e-16,0.6666666666666666,"NVDA,VIST"
2023-03-15,no_signal_strength_and_no_regime_adjustment,0.04525095780635239,2,2.220446049250313e-16,0.6666666666666666,"META,NVDA"
2023-03-22,no_signal_strength_and_no_regime_adjustment,0.027492780148929686,2,5.551115123125783e-16,0.6666666666666666,"AMD,NVDA"
2023-03-29,no_signal_strength_and_no_regime_adjustment,0.013456069019077345,2,3.3306690738754696e-16,0.6666666666666666,"META,NVDA"
2023-04-05,no_signal_strength_and_no_regime_adjustment,0.01061843707120475,2,2.220446049250313e-16,0.6666666666666666,"INTC,META"
2023-04-13,no_signal_strength_and_no_regime_adjustment,0.026436597497623095,2,2.220446049250313e-16,1.0,"VIST,YPF"
2023-04-20,no_signal_strength_and_no_regime_adjustment,-0.019187534166510846,2,2.220446049250313e-16,0.0,"VIST,YPF"
2023-04-27,no_signal_strength_and_no_regime_adjustment,-0.016207386362783998,2,1.1102230246251565e-16,1.0,"AMZN,META"
2023-05-04,no_signal_strength_and_no_regime_adjustment,0.007478835579221256,2,0.6000000000000002,0.6666666666666666,"META,NVDA"
2023-05-11,no_signal_strength_and_no_regime_adjustment,-0.013638773817049445,2,1.1102230246251565e-16,0.6666666666666666,"AMD,NVDA"
2023-05-18,no_signal_strength_and_no_regime_adjustment,-0.016309353432303147,2,2.220446049250313e-16,0.0,"AMD,NVDA"
2023-05-25,no_signal_strength_and_no_regime_adjustment,0.04046960500521353,2,4.440892098500626e-16,0.0,"AMD,NVDA"
2023-06-02,no_signal_strength_and_no_regime_adjustment,-0.0016863865150476497,2,2.220446049250313e-16,0.0,"AMD,NVDA"
2023-06-09,no_signal_strength_and_no_regime_adjustment,0.026273286960485746,2,2.220446049250313e-16,0.0,"AMD,NVDA"
2023-06-16,no_signal_strength_and_no_regime_adjustment,0.02117140440778449,4,3.3306690738754696e-16,0.8,"NVDA,TSLA,VIST,YPF"
2023-06-26,no_signal_strength_and_no_regime_adjustment,0.005688531094182148,2,5.551115123125783e-16,0.5,"TSLA,YPF"
2023-07-03,no_signal_strength_and_no_regime_adjustment,0.013483729154866345,2,4.440892098500626e-16,0.0,"TSLA,YPF"
2023-07-11,no_signal_strength_and_no_regime_adjustment,0.03568173619966049,2,4.440892098500626e-16,0.6666666666666666,"NVDA,YPF"
2023-07-18,no_signal_strength_and_no_regime_adjustment,-0.009208414645961348,2,2.220446049250313e-16,0.6666666666666666,"NVDA,VIST"
2023-07-25,no_signal_strength_and_no_regime_adjustment,-0.012798768950697072,4,3.3306690738754696e-16,0.5,"AVGO,NVDA,TSLA,VIST"
2023-08-01,no_signal_strength_and_no_regime_adjustment,-0.04316915825003474,2,1.1102230246251565e-16,0.8,"CCJ,NVDA"
2023-08-08,no_signal_strength_and_no_regime_adjustment,-0.019797314512457444,2,2.220446049250313e-16,0.0,"CCJ,NVDA"
2023-08-15,no_signal_strength_and_no_regime_adjustment,-0.015323344008496595,2,2.220446049250313e-16,0.6666666666666666,"CCJ,INTC"
2023-08-22,no_signal_strength_and_no_regime_adjustment,-0.0011230760078576587,2,0.6000000000000004,0.6666666666666666,"AMAT,CCJ"
2023-08-29,no_signal_strength_and_no_regime_adjustment,0.008849300432831999,2,1.1102230246251565e-16,1.0,"NVDA,VIST"
2023-09-06,no_signal_strength_and_no_regime_adjustment,0.007512903324959698,2,1.1102230246251565e-16,0.6666666666666666,"INTC,NVDA"
2023-09-13,no_signal_strength_and_no_regime_adjustment,0.021065566460508292,2,4.440892098500626e-16,1.0,"CCJ,TSLA"
2023-09-20,no_signal_strength_and_no_regime_adjustment,-0.0029341394382717996,2,4.440892098500626e-16,0.6666666666666666,"TSLA,VIST"
2023-09-27,no_signal_strength_and_no_regime_adjustment,0.009042802943140651,2,0.6000000000000004,0.6666666666666666,"CCJ,VIST"
2023-10-04,no_signal_strength_and_no_regime_adjustment,0.004662188627372098,2,4.440892098500626e-16,0.6666666666666666,"TSLA,VIST"
2023-10-11,no_signal_strength_and_no_regime_adjustment,-0.007196287889128048,2,2.220446049250313e-16,0.6666666666666666,"META,VIST"
2023-10-18,no_signal_strength_and_no_regime_adjustment,-0.03232155477119239,2,4.440892098500626e-16,0.6666666666666666,"VIST,YPF"
2023-10-25,no_signal_strength_and_no_regime_adjustment,-0.02813101155637355,2,0.0,1.0,"MSFT,NFLX"
2023-11-01,no_signal_strength_and_no_regime_adjustment,0.02718120633338209,2,4.440892098500626e-16,0.6666666666666666,"CCJ,NFLX"
2023-11-08,no_signal_strength_and_no_regime_adjustment,0.020161227792717746,2,1.1102230246251565e-16,0.0,"CCJ,NFLX"
2023-11-15,no_signal_strength_and_no_regime_adjustment,0.013177021251930748,2,2.220446049250313e-16,0.6666666666666666,"AMD,NFLX"
2023-11-22,no_signal_strength_and_no_regime_adjustment,0.060517059853972224,2,4.440892098500626e-16,0.6666666666666666,"AMD,YPF"
2023-11-30,no_signal_strength_and_no_regime_adjustment,-0.016450408300080443,2,4.440892098500626e-16,0.6666666666666666,"TSLA,YPF"
2023-12-07,no_signal_strength_and_no_regime_adjustment,0.027757922407469944,2,2.220446049250313e-16,0.6666666666666666,"VIST,YPF"
2023-12-14,no_signal_strength_and_no_regime_adjustment,-0.007020945316139848,2,4.440892098500626e-16,0.6666666666666666,"AMD,YPF"
2023-12-21,no_signal_strength_and_no_regime_adjustment,-0.005357127365794698,2,4.440892098500626e-16,0.0,"AMD,YPF"
2023-12-29,no_signal_strength_and_no_regime_adjustment,-0.04943855980019408,2,3.3306690738754696e-16,0.0,"AMD,YPF"
2024-01-08,no_signal_strength_and_no_regime_adjustment,-0.009512858139545902,2,2.220446049250313e-16,0.0,"AMD,YPF"
2024-01-16,no_signal_strength_and_no_regime_adjustment,0.0015866124158210994,2,4.440892098500626e-16,0.6666666666666666,"AMD,NVDA"
2024-01-23,no_signal_strength_and_no_regime_adjustment,0.04173637132762433,2,4.440892098500626e-16,0.0,"AMD,NVDA"
2024-01-30,no_signal_strength_and_no_regime_adjustment,-0.012988235562199546,2,3.3306690738754696e-16,0.6666666666666666,"AMD,YPF"
2024-02-06,no_signal_strength_and_no_regime_adjustment,0.0015291868488673992,2,0.0,0.6666666666666666,"META,YPF"
2024-02-13,no_signal_strength_and_no_regime_adjustment,0.025104961507083794,2,2.220446049250313e-16,0.0,"META,YPF"
2024-02-21,no_signal_strength_and_no_regime_adjustment,0.020724138152622695,2,4.440892098500626e-16,0.6666666666666666,"META,VIST"
2024-02-28,no_signal_strength_and_no_regime_adjustment,0.015640489433710898,2,1.1102230246251565e-16,0.6666666666666666,"META,NVDA"
2024-03-06,no_signal_strength_and_no_regime_adjustment,0.024153551854224797,2,2.220446049250313e-16,0.6666666666666666,"AMD,NVDA"
2024-03-13,no_signal_strength_and_no_regime_adjustment,-0.03603762938890293,2,4.440892098500626e-16,0.0,"AMD,NVDA"
2024-03-20,no_signal_strength_and_no_regime_adjustment,0.013826335805541571,4,2.220446049250313e-16,0.5,"AMD,NVDA,VIST,YPF"
2024-03-27,no_signal_strength_and_no_regime_adjustment,-0.007365052593637846,2,4.440892098500626e-16,0.5,"NVDA,YPF"
2024-04-04,no_signal_strength_and_no_regime_adjustment,0.01533178911356084,2,5.551115123125783e-16,1.0,"CCJ,GOOGL"
2024-04-11,no_signal_strength_and_no_regime_adjustment,-0.0188985447706393,2,0.0,0.6666666666666666,"CCJ,YPF"
2024-04-18,no_signal_strength_and_no_regime_adjustment,-0.008552884365457935,2,0.6000000000000002,0.6666666666666666,"CCJ,META"
2024-04-25,no_signal_strength_and_no_regime_adjustment,0.024906767556597997,2,2.220446049250313e-16,0.6666666666666666,"CCJ,YPF"
2024-05-02,no_signal_strength_and_no_regime_adjustment,0.02608617155318545,2,0.0,0.6666666666666666,"TSLA,YPF"
2024-05-09,no_signal_strength_and_no_regime_adjustment,-0.04298994507413054,2,4.440892098500626e-16,0.0,"TSLA,YPF"
2024-05-16,no_signal_strength_and_no_regime_adjustment,0.0032625001126324483,2,4.440892098500626e-16,0.0,"TSLA,YPF"
2024-05-23,no_signal_strength_and_no_regime_adjustment,0.034173852457557295,2,2.220446049250313e-16,1.0,"NVDA,QCOM"
2024-05-31,no_signal_strength_and_no_regime_adjustment,0.011776690290854947,2,1.1102230246251565e-16,0.6666666666666666,"CCJ,NVDA"
2024-06-07,no_signal_strength_and_no_regime_adjustment,-0.018697338642606594,2,3.3306690738754696e-16,0.6666666666666666,"AMD,NVDA"
2024-06-14,no_signal_strength_and_no_regime_adjustment,0.023627482618594646,2,2.220446049250313e-16,0.6666666666666666,"AVGO,NVDA"
2024-06-24,no_signal_strength_and_no_regime_adjustment,0.030195844151062242,2,3.3306690738754696e-16,0.0,"AVGO,NVDA"
2024-07-01,no_signal_strength_and_no_regime_adjustment,0.056069241285049004,2,0.0,0.6666666666666666,"AVGO,TSLA"
2024-07-09,no_signal_strength_and_no_regime_adjustment,0.005055358850057949,2,3.3306690738754696e-16,0.0,"AVGO,TSLA"
2024-07-16,no_signal_strength_and_no_regime_adjustment,-0.0667357298341273,2,0.0,0.6666666666666666,"AMD,TSLA"
2024-07-23,no_signal_strength_and_no_regime_adjustment,-0.038275533653935614,2,0.6000000000000003,0.6666666666666666,"NVDA,TSLA"
2024-07-30,no_signal_strength_and_no_regime_adjustment,0.01893836038144691,2,0.6000000000000002,0.6666666666666666,"TSLA,YPF"
2024-08-06,no_signal_strength_and_no_regime_adjustment,-0.018716610965346978,2,0.6000000000000001,1.0,"INTC,NVDA"
2024-08-13,no_signal_strength_and_no_regime_adjustment,0.005361903916389099,2,2.220446049250313e-16,1.0,"VIST,YPF"
2024-08-20,no_signal_strength_and_no_regime_adjustment,0.004399394392443149,2,2.220446049250313e-16,1.0,"AVGO,NVDA"
2024-08-27,no_signal_strength_and_no_regime_adjustment,-0.010679875497239996,2,4.440892098500626e-16,0.6666666666666666,"NVDA,VIST"
2024-09-04,no_signal_strength_and_no_regime_adjustment,-0.012691681837954298,2,1.1102230246251565e-16,0.6666666666666666,"VIST,YPF"
2024-09-11,no_signal_strength_and_no_regime_adjustment,0.013219327251037846,2,2.220446049250313e-16,1.0,"NVDA,TSLA"
2024-09-18,no_signal_strength_and_no_regime_adjustment,0.04570282943494214,2,4.440892098500626e-16,0.6666666666666666,"INTC,TSLA"
2024-09-25,no_signal_strength_and_no_regime_adjustment,0.0026243263368378993,2,4.440892098500626e-16,0.0,"INTC,TSLA"
2024-10-02,no_signal_strength_and_no_regime_adjustment,0.0023558413811395488,2,4.440892098500626e-16,0.6666666666666666,"CCJ,INTC"
2024-10-09,no_signal_strength_and_no_regime_adjustment,-0.005814182741180896,2,6.661338147750939e-16,0.6666666666666666,"AVGO,INTC"
2024-10-16,no_signal_strength_and_no_regime_adjustment,0.012435440037348693,2,4.440892098500626e-16,1.0,"CCJ,NVDA"
2024-10-23,no_signal_strength_and_no_regime_adjustment,0.0009187968475898997,2,4.440892098500626e-16,0.0,"CCJ,NVDA"
2024-10-30,no_signal_strength_and_no_regime_adjustment,-0.038559836494469535,2,4.440892098500626e-16,0.6666666666666666,"NVDA,TSLA"
2024-11-06,no_signal_strength_and_no_regime_adjustment,0.03345994302450744,2,3.3306690738754696e-16,0.6666666666666666,"TSLA,YPF"
2024-11-13,no_signal_strength_and_no_regime_adjustment,-0.0070202291073847446,2,4.440892098500626e-16,0.0,"TSLA,YPF"
2024-11-20,no_signal_strength_and_no_regime_adjustment,0.0005417313771342498,2,0.0,0.0,"TSLA,YPF"
2024-11-27,no_signal_strength_and_no_regime_adjustment,0.010343342103808351,2,0.6000000000000003,0.0,"TSLA,YPF"
2024-12-05,no_signal_strength_and_no_regime_adjustment,0.032029190360313785,2,4.440892098500626e-16,0.0,"TSLA,YPF"
2024-12-12,no_signal_strength_and_no_regime_adjustment,0.018000542267773992,2,3.3306690738754696e-16,0.6666666666666666,"TSLA,VIST"
2024-12-19,no_signal_strength_and_no_regime_adjustment,-0.011664443954689848,2,1.1102230246251565e-16,0.6666666666666666,"AVGO,TSLA"
2024-12-27,no_signal_strength_and_no_regime_adjustment,-0.02926715935456699,2,4.440892098500626e-16,0.0,"AVGO,TSLA"
2025-01-06,no_signal_strength_and_no_regime_adjustment,-0.03673499382171644,2,2.220446049250313e-16,0.0,"AVGO,TSLA"
2025-01-14,no_signal_strength_and_no_regime_adjustment,0.04753388825478694,2,2.220446049250313e-16,0.0,"AVGO,TSLA"
2025-01-22,no_signal_strength_and_no_regime_adjustment,-0.013608707517778498,2,1.1102230246251565e-16,0.6666666666666666,"AMAT,AVGO"
2025-01-29,no_signal_strength_and_no_regime_adjustment,0.008408619378684597,2,3.3306690738754696e-16,1.0,"META,QCOM"
2025-02-05,no_signal_strength_and_no_regime_adjustment,0.0008805871843799999,2,4.440892098500626e-16,1.0,"AVGO,NFLX"
2025-02-12,no_signal_strength_and_no_regime_adjustment,0.03553574542781174,2,1.1102230246251565e-16,0.6666666666666666,"AVGO,INTC"
2025-02-20,no_signal_strength_and_no_regime_adjustment,-0.01647934429880293,2,0.6000000000000003,0.0,"AVGO,INTC"
2025-02-27,no_signal_strength_and_no_regime_adjustment,0.017979097297855247,2,0.0,0.0,"AVGO,INTC"
2025-03-06,no_signal_strength_and_no_regime_adjustment,0.04056479115668333,2,4.440892098500626e-16,0.0,"AVGO,INTC"
2025-03-13,no_signal_strength_and_no_regime_adjustment,0.007322294954339781,2,0.6,0.0,"AVGO,INTC"
2025-03-20,no_signal_strength_and_no_regime_adjustment,0.0026930144127419496,2,2.220446049250313e-16,0.6666666666666666,"CCJ,INTC"
2025-03-27,no_signal_strength_and_no_regime_adjustment,-0.015037428099748586,2,0.6000000000000003,0.6666666666666666,"INTC,YPF"
2025-04-03,no_signal_strength_and_no_regime_adjustment,-0.0438444768065795,2,0.6,0.6666666666666666,"INTC,TSLA"
2025-04-10,no_signal_strength_and_no_regime_adjustment,0.006175783595141678,2,0.6000000000000001,0.6666666666666666,"NVDA,TSLA"
2025-04-17,no_signal_strength_and_no_regime_adjustment,-0.02174162999236584,2,0.6000000000000003,0.6666666666666666,"TSLA,VIST"
2025-04-25,no_signal_strength_and_no_regime_adjustment,0.0008191427410233197,2,0.6000000000000001,0.6666666666666666,"AVGO,TSLA"
2025-05-02,no_signal_strength_and_no_regime_adjustment,-0.01926863973187829,2,4.440892098500626e-16,0.0,"AVGO,TSLA"
2025-05-09,no_signal_strength_and_no_regime_adjustment,0.06302872387161318,2,2.220446049250313e-16,0.6666666666666666,"TSLA,VIST"
2025-05-16,no_signal_strength_and_no_regime_adjustment,-0.02164164324712914,2,4.440892098500626e-16,0.6666666666666666,"AMD,TSLA"
2025-05-23,no_signal_strength_and_no_regime_adjustment,0.049849250272973544,2,2.220446049250313e-16,0.6666666666666666,"AVGO,TSLA"
2025-06-02,no_signal_strength_and_no_regime_adjustment,0.018669709731954944,2,2.220446049250313e-16,0.0,"AVGO,TSLA"
2025-06-09,no_signal_strength_and_no_regime_adjustment,0.010864647645492496,2,4.440892098500626e-16,1.0,"AMD,NVDA"
2025-06-16,no_signal_strength_and_no_regime_adjustment,0.0008063177082570595,2,0.6000000000000002,0.6666666666666666,"AMD,CCJ"
2025-06-24,no_signal_strength_and_no_regime_adjustment,0.004664640285089218,2,0.6000000000000002,0.0,"AMD,CCJ"
2025-07-01,no_signal_strength_and_no_regime_adjustment,-0.012372262381022348,2,2.220446049250313e-16,0.6666666666666666,"AMD,INTC"
2025-07-09,no_signal_strength_and_no_regime_adjustment,0.028877403959426888,2,3.3306690738754696e-16,0.0,"AMD,INTC"
2025-07-16,no_signal_strength_and_no_regime_adjustment,0.005786546284107148,2,3.3306690738754696e-16,0.6666666666666666,"AMD,NVDA"
2025-07-23,no_signal_strength_and_no_regime_adjustment,0.019602166832351445,2,2.220446049250313e-16,0.0,"AMD,NVDA"
2025-07-30,no_signal_strength_and_no_regime_adjustment,-0.025791935684309146,2,2.220446049250313e-16,0.6666666666666666,"AMD,TSLA"
2025-08-06,no_signal_strength_and_no_regime_adjustment,0.03213382790557753,2,4.440892098500626e-16,0.0,"AMD,TSLA"
2025-08-13,no_signal_strength_and_no_regime_adjustment,-0.015006347853327847,2,2.220446049250313e-16,0.0,"AMD,TSLA"
2025-08-20,no_signal_strength_and_no_regime_adjustment,-0.004659074387916099,2,4.440892098500626e-16,0.6666666666666666,"AMD,TXN"
2025-08-27,no_signal_strength_and_no_regime_adjustment,-0.003567682076054,2,2.220446049250313e-16,1.0,"INTC,TSLA"
2025-09-04,no_signal_strength_and_no_regime_adjustment,0.0033733937553912996,2,2.220446049250313e-16,0.6666666666666666,"GOOGL,INTC"
2025-09-11,no_signal_strength_and_no_regime_adjustment,0.0004912534409802394,2,0.6000000000000004,0.6666666666666666,"AVGO,GOOGL"
2025-09-18,no_signal_strength_and_no_regime_adjustment,-0.005133206571458947,2,3.3306690738754696e-16,1.0,"INTC,TSLA"
2025-09-25,no_signal_strength_and_no_regime_adjustment,0.04230022668158724,2,1.1102230246251565e-16,0.0,"INTC,TSLA"
2025-10-02,no_signal_strength_and_no_regime_adjustment,-0.013375936925513598,2,2.220446049250313e-16,0.0,"INTC,TSLA"
2025-10-09,no_signal_strength_and_no_regime_adjustment,-0.05753874465895444,2,2.220446049250313e-16,0.6666666666666666,"AMD,INTC"
2025-10-16,no_signal_strength_and_no_regime_adjustment,-0.00084758419554005,2,3.3306690738754696e-16,0.0,"AMD,INTC"
2025-10-23,no_signal_strength_and_no_regime_adjustment,0.015889142470980704,2,0.6000000000000004,0.0,"AMD,INTC"
2025-10-30,no_signal_strength_and_no_regime_adjustment,0.02910866187017854,2,2.220446049250313e-16,0.6666666666666666,"AMD,YPF"
2025-11-06,no_signal_strength_and_no_regime_adjustment,-0.005733215516756448,2,4.440892098500626e-16,0.6666666666666666,"VIST,YPF"
2025-11-13,no_signal_strength_and_no_regime_adjustment,0.03276441580590245,2,1.1102230246251565e-16,0.0,"VIST,YPF"
2025-11-20,no_signal_strength_and_no_regime_adjustment,-0.013930113042090533,2,0.6000000000000002,0.0,"VIST,YPF"
2025-11-28,no_signal_strength_and_no_regime_adjustment,-0.0024031937445832376,2,0.6000000000000003,0.0,"VIST,YPF"
2025-12-05,no_signal_strength_and_no_regime_adjustment,-0.013104052892193246,2,2.220446049250313e-16,1.0,"AMAT,INTC"
2025-12-12,no_signal_strength_and_no_regime_adjustment,0.021785624292944346,2,2.220446049250313e-16,0.6666666666666666,"AMAT,TSLA"
2025-12-19,no_signal_strength_and_no_regime_adjustment,0.017380812470537937,2,6.661338147750939e-16,0.6666666666666666,"CCJ,TSLA"
2025-12-29,no_signal_strength_and_no_regime_adjustment,-0.008542952404059249,2,2.220446049250313e-16,0.6666666666666666,"AMD,CCJ"
2026-01-06,no_signal_strength_and_no_regime_adjustment,0.00262507393689735,2,2.220446049250313e-16,0.6666666666666666,"AMAT,CCJ"
2026-01-13,no_signal_strength_and_no_regime_adjustment,0.023703773304592796,2,2.220446049250313e-16,0.6666666666666666,"CCJ,INTC"
2026-01-21,no_signal_strength_and_no_regime_adjustment,-0.0004939991898099795,2,0.6000000000000004,0.0,"CCJ,INTC"
2026-01-28,no_signal_strength_and_no_regime_adjustment,-0.002796106910302399,2,3.3306690738754696e-16,0.0,"CCJ,INTC"
2026-02-04,no_signal_strength_and_no_regime_adjustment,-0.02745455716320724,2,2.220446049250313e-16,0.6666666666666666,"INTC,VIST"
2026-02-11,no_signal_strength_and_no_regime_adjustment,-0.026597587131890692,2,4.440892098500626e-16,0.6666666666666666,"INTC,TXN"
2026-02-19,no_signal_strength_and_no_regime_adjustment,0.007503472557737498,2,2.220446049250313e-16,1.0,"AMAT,VIST"
2026-02-26,no_signal_strength_and_no_regime_adjustment,-0.002901460592683199,2,4.440892098500626e-16,0.6666666666666666,"AMAT,INTC"
2026-03-05,no_signal_strength_and_no_regime_adjustment,-0.03219657658805594,2,0.0,0.6666666666666666,"AMAT,NFLX"
2026-03-12,no_signal_strength_and_no_regime_adjustment,0.009720470248851755,2,0.6000000000000002,0.6666666666666666,"NFLX,VIST"
2026-03-19,no_signal_strength_and_no_regime_adjustment,-0.005731748878000798,2,2.220446049250313e-16,0.0,"NFLX,VIST"
2026-03-26,no_signal_strength_and_no_regime_adjustment,0.012077490322552994,2,0.6000000000000002,0.6666666666666666,"VIST,YPF"
2026-04-02,no_signal_strength_and_no_regime_adjustment,-7.935441281364981e-05,2,4.440892098500626e-16,0.6666666666666666,"INTC,VIST"
2026-04-10,no_signal_strength_and_no_regime_adjustment,0.026095566674199298,2,2.220446049250313e-16,0.6666666666666666,"AMD,INTC"
2026-04-17,no_signal_strength_and_no_regime_adjustment,-0.026616365383965435,2,4.440892098500626e-16,0.0,"AMD,INTC"
2026-04-24,no_signal_strength_and_no_regime_adjustment,-0.004105845487728748,2,4.440892098500626e-16,0.0,"AMD,INTC"
2026-05-01,no_signal_strength_and_no_regime_adjustment,-0.04562262190341524,2,2.220446049250313e-16,0.0,"AMD,INTC"
2026-05-08,no_signal_strength_and_no_regime_adjustment,0.022045995330625394,2,2.220446049250313e-16,0.0,"AMD,INTC"
2026-05-15,no_signal_strength_and_no_regime_adjustment,-0.006424713246556897,2,4.440892098500626e-16,0.0,"AMD,INTC"
2022-01-03,raw_target_return_only,-0.015187574011753989,2,6.661338147750939e-16,1.0,"AVGO,TSLA"
2022-01-10,raw_target_return_only,0.008558915100451649,2,2.220446049250313e-16,0.6666666666666666,"CCJ,TSLA"
2022-01-18,raw_target_return_only,-0.013656622504658347,2,2.220446049250313e-16,0.6666666666666666,"TSLA,VIST"
2022-01-25,raw_target_return_only,0.004484011928778197,2,0.6000000000000002,0.6666666666666666,"VIST,YPF"
2022-02-01,raw_target_return_only,-0.013809438388929098,2,2.220446049250313e-16,0.0,"VIST,YPF"
2022-02-08,raw_target_return_only,0.011532568953302147,2,2.220446049250313e-16,0.0,"VIST,YPF"
2022-02-15,raw_target_return_only,0.0227982897052355,2,2.220446049250313e-16,0.6666666666666666,"NVDA,VIST"
2022-02-23,raw_target_return_only,0.0030818797139579484,2,2.220446049250313e-16,0.6666666666666666,"VIST,YPF"
2022-03-02,raw_target_return_only,-0.03494241657433679,2,3.3306690738754696e-16,0.6666666666666666,"CCJ,VIST"
2022-03-09,raw_target_return_only,0.028883471911209282,2,4.440892098500626e-16,0.0,"CCJ,VIST"
2022-03-16,raw_target_return_only,0.07885978997968263,2,2.220446049250313e-16,0.0,"CCJ,VIST"
2022-03-23,raw_target_return_only,0.006722843234408948,2,3.3306690738754696e-16,0.6666666666666666,"CCJ,TSLA"
2022-03-30,raw_target_return_only,-0.014785981113783143,2,4.440892098500626e-16,0.6666666666666666,"NVDA,TSLA"
2022-04-06,raw_target_return_only,0.0047146953371289485,2,2.220446049250313e-16,0.6666666666666666,"META,TSLA"
2022-04-13,raw_target_return_only,-0.022130768182431294,2,4.440892098500626e-16,0.6666666666666666,"TSLA,VIST"
2022-04-21,raw_target_return_only,-0.008035216058987498,2,2.220446049250313e-16,0.6666666666666666,"NFLX,TSLA"
2022-04-28,raw_target_return_only,-0.014295533754402975,2,0.6000000000000001,0.6666666666666666,"META,NFLX"
2022-05-05,raw_target_return_only,-0.02325654357344119,2,2.220446049250313e-16,0.6666666666666666,"NFLX,QCOM"
2022-05-12,raw_target_return_only,0.08556260806687903,2,2.220446049250313e-16,0.6666666666666666,"NFLX,NVDA"
2022-05-19,raw_target_return_only,-0.0105148540763992,2,2.220446049250313e-16,1.0,"AMD,META"
2022-05-26,raw_target_return_only,0.034385261437044644,2,2.220446049250313e-16,0.6666666666666666,"AMD,VIST"
2022-06-03,raw_target_return_only,-0.00768097232567235,2,0.0,0.6666666666666666,"AMD,NFLX"
2022-06-10,raw_target_return_only,-0.08204251775674759,2,2.220446049250313e-16,0.6666666666666666,"CCJ,NFLX"
2022-06-17,raw_target_return_only,0.0021099693771661193,2,0.6000000000000002,0.6666666666666666,"COST,NFLX"
2022-06-27,raw_target_return_only,-0.0502412061975357,2,0.0,0.6666666666666666,"NFLX,TSLA"
2022-07-05,raw_target_return_only,-0.003102404568005398,2,0.6000000000000002,0.0,"NFLX,TSLA"
2022-07-12,raw_target_return_only,0.014564315131095747,2,1.1102230246251565e-16,0.0,"NFLX,TSLA"
2022-07-19,raw_target_return_only,0.018736614300495495,2,2.220446049250313e-16,0.6666666666666666,"QCOM,TSLA"
2022-07-26,raw_target_return_only,0.04151487596396533,2,3.3306690738754696e-16,0.6666666666666666,"NFLX,QCOM"
2022-08-02,raw_target_return_only,-0.0001400350398207996,2,3.3306690738754696e-16,1.0,"TSLA,VIST"
2022-08-09,raw_target_return_only,0.019452908883382997,2,2.220446049250313e-16,0.0,"TSLA,VIST"
2022-08-16,raw_target_return_only,-0.011546508840242074,4,2.220446049250313e-16,0.5,"NFLX,TSLA,VIST,YPF"
2022-08-23,raw_target_return_only,0.024539272313461143,2,2.220446049250313e-16,0.5,"VIST,YPF"
2022-08-30,raw_target_return_only,-0.00429740256034976,2,0.6,0.6666666666666666,"CCJ,YPF"
2022-09-07,raw_target_return_only,0.010386054966624836,2,0.6000000000000002,0.0,"CCJ,YPF"
2022-09-14,raw_target_return_only,-0.027374775819615664,2,0.6000000000000002,0.6666666666666666,"VIST,YPF"
2022-09-21,raw_target_return_only,-0.00027328413249110006,2,0.6000000000000004,0.6666666666666666,"CCJ,YPF"
2022-09-28,raw_target_return_only,-0.024496979015179495,2,2.220446049250313e-16,0.6666666666666666,"NFLX,YPF"
2022-10-05,raw_target_return_only,0.00363679350263498,2,0.6000000000000001,0.6666666666666666,"VIST,YPF"
2022-10-12,raw_target_return_only,0.052243186117979484,2,2.220446049250313e-16,0.6666666666666666,"NFLX,VIST"
2022-10-19,raw_target_return_only,0.002784203310132849,2,2.220446049250313e-16,0.0,"NFLX,VIST"
2022-10-26,raw_target_return_only,0.0029711133976821004,2,2.220446049250313e-16,0.6666666666666666,"NFLX,YPF"
2022-11-02,raw_target_return_only,-0.007507388237222896,2,0.6000000000000002,0.6666666666666666,"NFLX,VIST"
2022-11-09,raw_target_return_only,0.08044513551292404,2,2.220446049250313e-16,0.6666666666666666,"NVDA,VIST"
2022-11-16,raw_target_return_only,0.0009306941860292,2,2.220446049250313e-16,0.6666666666666666,"AMD,NVDA"
2022-11-23,raw_target_return_only,-0.015782822253776446,2,2.220446049250313e-16,0.0,"AMD,NVDA"
2022-12-01,raw_target_return_only,-0.0034713078814668005,2,2.220446049250313e-16,0.6666666666666666,"AMD,META"
2022-12-08,raw_target_return_only,0.010820061820865697,2,1.1102230246251565e-16,1.0,"NFLX,NVDA"
2022-12-15,raw_target_return_only,0.001152815916320579,2,0.6000000000000002,0.6666666666666666,"META,NVDA"
2022-12-22,raw_target_return_only,0.016907300181107247,2,2.220446049250313e-16,0.6666666666666666,"META,YPF"
2022-12-30,raw_target_return_only,-0.06730305769772293,2,2.220446049250313e-16,0.6666666666666666,"VIST,YPF"
2023-01-09,raw_target_return_only,-0.002521346364191779,2,0.6000000000000001,0.0,"VIST,YPF"
2023-01-17,raw_target_return_only,-0.04996930749803134,2,2.220446049250313e-16,0.6666666666666666,"META,YPF"
2023-01-24,raw_target_return_only,-0.002395324996626999,2,2.220446049250313e-16,0.0,"META,YPF"
2023-01-31,raw_target_return_only,0.05962347301155619,2,1.1102230246251565e-16,1.0,"NVDA,TSLA"
2023-02-07,raw_target_return_only,-0.008183887243684873,4,2.220446049250313e-16,0.5,"AMD,META,NVDA,TSLA"
2023-02-14,raw_target_return_only,0.005460455848500048,2,2.220446049250313e-16,0.5,"META,TSLA"
2023-02-22,raw_target_return_only,0.0057002316659308,2,0.0,0.0,"META,TSLA"
2023-03-01,raw_target_return_only,-0.015700180417807845,2,1.1102230246251565e-16,0.6666666666666666,"NVDA,TSLA"
2023-03-08,raw_target_return_only,-0.018011526690137794,2,2.220446049250313e-16,0.6666666666666666,"NVDA,VIST"
2023-03-15,raw_target_return_only,0.04525095780635239,2,2.220446049250313e-16,0.6666666666666666,"META,NVDA"
2023-03-22,raw_target_return_only,0.027492780148929686,2,5.551115123125783e-16,0.6666666666666666,"AMD,NVDA"
2023-03-29,raw_target_return_only,0.013456069019077345,2,3.3306690738754696e-16,0.6666666666666666,"META,NVDA"
2023-04-05,raw_target_return_only,0.01061843707120475,2,2.220446049250313e-16,0.6666666666666666,"INTC,META"
2023-04-13,raw_target_return_only,0.026436597497623095,2,2.220446049250313e-16,1.0,"VIST,YPF"
2023-04-20,raw_target_return_only,-0.019187534166510846,2,2.220446049250313e-16,0.0,"VIST,YPF"
2023-04-27,raw_target_return_only,-0.016207386362783998,2,1.1102230246251565e-16,1.0,"AMZN,META"
2023-05-04,raw_target_return_only,0.007478835579221256,2,0.6000000000000002,0.6666666666666666,"META,NVDA"
2023-05-11,raw_target_return_only,-0.013638773817049445,2,1.1102230246251565e-16,0.6666666666666666,"AMD,NVDA"
2023-05-18,raw_target_return_only,-0.016309353432303147,2,2.220446049250313e-16,0.0,"AMD,NVDA"
2023-05-25,raw_target_return_only,0.04046960500521353,2,4.440892098500626e-16,0.0,"AMD,NVDA"
2023-06-02,raw_target_return_only,-0.0016863865150476497,2,2.220446049250313e-16,0.0,"AMD,NVDA"
2023-06-09,raw_target_return_only,0.026273286960485746,2,2.220446049250313e-16,0.0,"AMD,NVDA"
2023-06-16,raw_target_return_only,0.02117140440778449,4,3.3306690738754696e-16,0.8,"NVDA,TSLA,VIST,YPF"
2023-06-26,raw_target_return_only,0.005688531094182148,2,5.551115123125783e-16,0.5,"TSLA,YPF"
2023-07-03,raw_target_return_only,0.013483729154866345,2,4.440892098500626e-16,0.0,"TSLA,YPF"
2023-07-11,raw_target_return_only,0.03568173619966049,2,4.440892098500626e-16,0.6666666666666666,"NVDA,YPF"
2023-07-18,raw_target_return_only,-0.009208414645961348,2,2.220446049250313e-16,0.6666666666666666,"NVDA,VIST"
2023-07-25,raw_target_return_only,-0.012798768950697072,4,3.3306690738754696e-16,0.5,"AVGO,NVDA,TSLA,VIST"
2023-08-01,raw_target_return_only,-0.04316915825003474,2,1.1102230246251565e-16,0.8,"CCJ,NVDA"
2023-08-08,raw_target_return_only,-0.019797314512457444,2,2.220446049250313e-16,0.0,"CCJ,NVDA"
2023-08-15,raw_target_return_only,-0.015323344008496595,2,2.220446049250313e-16,0.6666666666666666,"CCJ,INTC"
2023-08-22,raw_target_return_only,-0.0011230760078576587,2,0.6000000000000004,0.6666666666666666,"AMAT,CCJ"
2023-08-29,raw_target_return_only,0.008849300432831999,2,1.1102230246251565e-16,1.0,"NVDA,VIST"
2023-09-06,raw_target_return_only,0.007512903324959698,2,1.1102230246251565e-16,0.6666666666666666,"INTC,NVDA"
2023-09-13,raw_target_return_only,0.021065566460508292,2,4.440892098500626e-16,1.0,"CCJ,TSLA"
2023-09-20,raw_target_return_only,-0.0029341394382717996,2,4.440892098500626e-16,0.6666666666666666,"TSLA,VIST"
2023-09-27,raw_target_return_only,0.009042802943140651,2,0.6000000000000004,0.6666666666666666,"CCJ,VIST"
2023-10-04,raw_target_return_only,0.004662188627372098,2,4.440892098500626e-16,0.6666666666666666,"TSLA,VIST"
2023-10-11,raw_target_return_only,-0.007196287889128048,2,2.220446049250313e-16,0.6666666666666666,"META,VIST"
2023-10-18,raw_target_return_only,-0.03232155477119239,2,4.440892098500626e-16,0.6666666666666666,"VIST,YPF"
2023-10-25,raw_target_return_only,-0.02813101155637355,2,0.0,1.0,"MSFT,NFLX"
2023-11-01,raw_target_return_only,0.02718120633338209,2,4.440892098500626e-16,0.6666666666666666,"CCJ,NFLX"
2023-11-08,raw_target_return_only,0.020161227792717746,2,1.1102230246251565e-16,0.0,"CCJ,NFLX"
2023-11-15,raw_target_return_only,0.013177021251930748,2,2.220446049250313e-16,0.6666666666666666,"AMD,NFLX"
2023-11-22,raw_target_return_only,0.060517059853972224,2,4.440892098500626e-16,0.6666666666666666,"AMD,YPF"
2023-11-30,raw_target_return_only,-0.016450408300080443,2,4.440892098500626e-16,0.6666666666666666,"TSLA,YPF"
2023-12-07,raw_target_return_only,0.027757922407469944,2,2.220446049250313e-16,0.6666666666666666,"VIST,YPF"
2023-12-14,raw_target_return_only,-0.007020945316139848,2,4.440892098500626e-16,0.6666666666666666,"AMD,YPF"
2023-12-21,raw_target_return_only,-0.005357127365794698,2,4.440892098500626e-16,0.0,"AMD,YPF"
2023-12-29,raw_target_return_only,-0.04943855980019408,2,3.3306690738754696e-16,0.0,"AMD,YPF"
2024-01-08,raw_target_return_only,-0.009512858139545902,2,2.220446049250313e-16,0.0,"AMD,YPF"
2024-01-16,raw_target_return_only,0.0015866124158210994,2,4.440892098500626e-16,0.6666666666666666,"AMD,NVDA"
2024-01-23,raw_target_return_only,0.04173637132762433,2,4.440892098500626e-16,0.0,"AMD,NVDA"
2024-01-30,raw_target_return_only,-0.012988235562199546,2,3.3306690738754696e-16,0.6666666666666666,"AMD,YPF"
2024-02-06,raw_target_return_only,0.0015291868488673992,2,0.0,0.6666666666666666,"META,YPF"
2024-02-13,raw_target_return_only,0.025104961507083794,2,2.220446049250313e-16,0.0,"META,YPF"
2024-02-21,raw_target_return_only,0.020724138152622695,2,4.440892098500626e-16,0.6666666666666666,"META,VIST"
2024-02-28,raw_target_return_only,0.015640489433710898,2,1.1102230246251565e-16,0.6666666666666666,"META,NVDA"
2024-03-06,raw_target_return_only,0.024153551854224797,2,2.220446049250313e-16,0.6666666666666666,"AMD,NVDA"
2024-03-13,raw_target_return_only,-0.03603762938890293,2,4.440892098500626e-16,0.0,"AMD,NVDA"
2024-03-20,raw_target_return_only,0.013826335805541571,4,2.220446049250313e-16,0.5,"AMD,NVDA,VIST,YPF"
2024-03-27,raw_target_return_only,-0.007365052593637846,2,4.440892098500626e-16,0.5,"NVDA,YPF"
2024-04-04,raw_target_return_only,0.01533178911356084,2,5.551115123125783e-16,1.0,"CCJ,GOOGL"
2024-04-11,raw_target_return_only,-0.0188985447706393,2,0.0,0.6666666666666666,"CCJ,YPF"
2024-04-18,raw_target_return_only,-0.008552884365457935,2,0.6000000000000002,0.6666666666666666,"CCJ,META"
2024-04-25,raw_target_return_only,0.024906767556597997,2,2.220446049250313e-16,0.6666666666666666,"CCJ,YPF"
2024-05-02,raw_target_return_only,0.02608617155318545,2,0.0,0.6666666666666666,"TSLA,YPF"
2024-05-09,raw_target_return_only,-0.04298994507413054,2,4.440892098500626e-16,0.0,"TSLA,YPF"
2024-05-16,raw_target_return_only,0.0032625001126324483,2,4.440892098500626e-16,0.0,"TSLA,YPF"
2024-05-23,raw_target_return_only,0.034173852457557295,2,2.220446049250313e-16,1.0,"NVDA,QCOM"
2024-05-31,raw_target_return_only,0.011776690290854947,2,1.1102230246251565e-16,0.6666666666666666,"CCJ,NVDA"
2024-06-07,raw_target_return_only,-0.018697338642606594,2,3.3306690738754696e-16,0.6666666666666666,"AMD,NVDA"
2024-06-14,raw_target_return_only,0.023627482618594646,2,2.220446049250313e-16,0.6666666666666666,"AVGO,NVDA"
2024-06-24,raw_target_return_only,0.030195844151062242,2,3.3306690738754696e-16,0.0,"AVGO,NVDA"
2024-07-01,raw_target_return_only,0.056069241285049004,2,0.0,0.6666666666666666,"AVGO,TSLA"
2024-07-09,raw_target_return_only,0.005055358850057949,2,3.3306690738754696e-16,0.0,"AVGO,TSLA"
2024-07-16,raw_target_return_only,-0.0667357298341273,2,0.0,0.6666666666666666,"AMD,TSLA"
2024-07-23,raw_target_return_only,-0.038275533653935614,2,0.6000000000000003,0.6666666666666666,"NVDA,TSLA"
2024-07-30,raw_target_return_only,0.01893836038144691,2,0.6000000000000002,0.6666666666666666,"TSLA,YPF"
2024-08-06,raw_target_return_only,-0.018716610965346978,2,0.6000000000000001,1.0,"INTC,NVDA"
2024-08-13,raw_target_return_only,0.005361903916389099,2,2.220446049250313e-16,1.0,"VIST,YPF"
2024-08-20,raw_target_return_only,0.004399394392443149,2,2.220446049250313e-16,1.0,"AVGO,NVDA"
2024-08-27,raw_target_return_only,-0.010679875497239996,2,4.440892098500626e-16,0.6666666666666666,"NVDA,VIST"
2024-09-04,raw_target_return_only,-0.012691681837954298,2,1.1102230246251565e-16,0.6666666666666666,"VIST,YPF"
2024-09-11,raw_target_return_only,0.013219327251037846,2,2.220446049250313e-16,1.0,"NVDA,TSLA"
2024-09-18,raw_target_return_only,0.04570282943494214,2,4.440892098500626e-16,0.6666666666666666,"INTC,TSLA"
2024-09-25,raw_target_return_only,0.0026243263368378993,2,4.440892098500626e-16,0.0,"INTC,TSLA"
2024-10-02,raw_target_return_only,0.0023558413811395488,2,4.440892098500626e-16,0.6666666666666666,"CCJ,INTC"
2024-10-09,raw_target_return_only,-0.005814182741180896,2,6.661338147750939e-16,0.6666666666666666,"AVGO,INTC"
2024-10-16,raw_target_return_only,0.012435440037348693,2,4.440892098500626e-16,1.0,"CCJ,NVDA"
2024-10-23,raw_target_return_only,0.0009187968475898997,2,4.440892098500626e-16,0.0,"CCJ,NVDA"
2024-10-30,raw_target_return_only,-0.038559836494469535,2,4.440892098500626e-16,0.6666666666666666,"NVDA,TSLA"
2024-11-06,raw_target_return_only,0.03345994302450744,2,3.3306690738754696e-16,0.6666666666666666,"TSLA,YPF"
2024-11-13,raw_target_return_only,-0.0070202291073847446,2,4.440892098500626e-16,0.0,"TSLA,YPF"
2024-11-20,raw_target_return_only,0.0005417313771342498,2,0.0,0.0,"TSLA,YPF"
2024-11-27,raw_target_return_only,0.010343342103808351,2,0.6000000000000003,0.0,"TSLA,YPF"
2024-12-05,raw_target_return_only,0.032029190360313785,2,4.440892098500626e-16,0.0,"TSLA,YPF"
2024-12-12,raw_target_return_only,0.018000542267773992,2,3.3306690738754696e-16,0.6666666666666666,"TSLA,VIST"
2024-12-19,raw_target_return_only,-0.011664443954689848,2,1.1102230246251565e-16,0.6666666666666666,"AVGO,TSLA"
2024-12-27,raw_target_return_only,-0.02926715935456699,2,4.440892098500626e-16,0.0,"AVGO,TSLA"
2025-01-06,raw_target_return_only,-0.03673499382171644,2,2.220446049250313e-16,0.0,"AVGO,TSLA"
2025-01-14,raw_target_return_only,0.04753388825478694,2,2.220446049250313e-16,0.0,"AVGO,TSLA"
2025-01-22,raw_target_return_only,-0.013608707517778498,2,1.1102230246251565e-16,0.6666666666666666,"AMAT,AVGO"
2025-01-29,raw_target_return_only,0.008408619378684597,2,3.3306690738754696e-16,1.0,"META,QCOM"
2025-02-05,raw_target_return_only,0.0008805871843799999,2,4.440892098500626e-16,1.0,"AVGO,NFLX"
2025-02-12,raw_target_return_only,0.03553574542781174,2,1.1102230246251565e-16,0.6666666666666666,"AVGO,INTC"
2025-02-20,raw_target_return_only,-0.01647934429880293,2,0.6000000000000003,0.0,"AVGO,INTC"
2025-02-27,raw_target_return_only,0.017979097297855247,2,0.0,0.0,"AVGO,INTC"
2025-03-06,raw_target_return_only,0.04056479115668333,2,4.440892098500626e-16,0.0,"AVGO,INTC"
2025-03-13,raw_target_return_only,0.007322294954339781,2,0.6,0.0,"AVGO,INTC"
2025-03-20,raw_target_return_only,0.0026930144127419496,2,2.220446049250313e-16,0.6666666666666666,"CCJ,INTC"
2025-03-27,raw_target_return_only,-0.015037428099748586,2,0.6000000000000003,0.6666666666666666,"INTC,YPF"
2025-04-03,raw_target_return_only,-0.0438444768065795,2,0.6,0.6666666666666666,"INTC,TSLA"
2025-04-10,raw_target_return_only,0.006175783595141678,2,0.6000000000000001,0.6666666666666666,"NVDA,TSLA"
2025-04-17,raw_target_return_only,-0.02174162999236584,2,0.6000000000000003,0.6666666666666666,"TSLA,VIST"
2025-04-25,raw_target_return_only,0.0008191427410233197,2,0.6000000000000001,0.6666666666666666,"AVGO,TSLA"
2025-05-02,raw_target_return_only,-0.01926863973187829,2,4.440892098500626e-16,0.0,"AVGO,TSLA"
2025-05-09,raw_target_return_only,0.06302872387161318,2,2.220446049250313e-16,0.6666666666666666,"TSLA,VIST"
2025-05-16,raw_target_return_only,-0.02164164324712914,2,4.440892098500626e-16,0.6666666666666666,"AMD,TSLA"
2025-05-23,raw_target_return_only,0.049849250272973544,2,2.220446049250313e-16,0.6666666666666666,"AVGO,TSLA"
2025-06-02,raw_target_return_only,0.018669709731954944,2,2.220446049250313e-16,0.0,"AVGO,TSLA"
2025-06-09,raw_target_return_only,0.010864647645492496,2,4.440892098500626e-16,1.0,"AMD,NVDA"
2025-06-16,raw_target_return_only,0.0008063177082570595,2,0.6000000000000002,0.6666666666666666,"AMD,CCJ"
2025-06-24,raw_target_return_only,0.004664640285089218,2,0.6000000000000002,0.0,"AMD,CCJ"
2025-07-01,raw_target_return_only,-0.012372262381022348,2,2.220446049250313e-16,0.6666666666666666,"AMD,INTC"
2025-07-09,raw_target_return_only,0.028877403959426888,2,3.3306690738754696e-16,0.0,"AMD,INTC"
2025-07-16,raw_target_return_only,0.005786546284107148,2,3.3306690738754696e-16,0.6666666666666666,"AMD,NVDA"
2025-07-23,raw_target_return_only,0.019602166832351445,2,2.220446049250313e-16,0.0,"AMD,NVDA"
2025-07-30,raw_target_return_only,-0.025791935684309146,2,2.220446049250313e-16,0.6666666666666666,"AMD,TSLA"
2025-08-06,raw_target_return_only,0.03213382790557753,2,4.440892098500626e-16,0.0,"AMD,TSLA"
2025-08-13,raw_target_return_only,-0.015006347853327847,2,2.220446049250313e-16,0.0,"AMD,TSLA"
2025-08-20,raw_target_return_only,-0.004659074387916099,2,4.440892098500626e-16,0.6666666666666666,"AMD,TXN"
2025-08-27,raw_target_return_only,-0.003567682076054,2,2.220446049250313e-16,1.0,"INTC,TSLA"
2025-09-04,raw_target_return_only,0.0033733937553912996,2,2.220446049250313e-16,0.6666666666666666,"GOOGL,INTC"
2025-09-11,raw_target_return_only,0.0004912534409802394,2,0.6000000000000004,0.6666666666666666,"AVGO,GOOGL"
2025-09-18,raw_target_return_only,-0.005133206571458947,2,3.3306690738754696e-16,1.0,"INTC,TSLA"
2025-09-25,raw_target_return_only,0.04230022668158724,2,1.1102230246251565e-16,0.0,"INTC,TSLA"
2025-10-02,raw_target_return_only,-0.013375936925513598,2,2.220446049250313e-16,0.0,"INTC,TSLA"
2025-10-09,raw_target_return_only,-0.05753874465895444,2,2.220446049250313e-16,0.6666666666666666,"AMD,INTC"
2025-10-16,raw_target_return_only,-0.00084758419554005,2,3.3306690738754696e-16,0.0,"AMD,INTC"
2025-10-23,raw_target_return_only,0.015889142470980704,2,0.6000000000000004,0.0,"AMD,INTC"
2025-10-30,raw_target_return_only,0.02910866187017854,2,2.220446049250313e-16,0.6666666666666666,"AMD,YPF"
2025-11-06,raw_target_return_only,-0.005733215516756448,2,4.440892098500626e-16,0.6666666666666666,"VIST,YPF"
2025-11-13,raw_target_return_only,0.03276441580590245,2,1.1102230246251565e-16,0.0,"VIST,YPF"
2025-11-20,raw_target_return_only,-0.013930113042090533,2,0.6000000000000002,0.0,"VIST,YPF"
2025-11-28,raw_target_return_only,-0.0024031937445832376,2,0.6000000000000003,0.0,"VIST,YPF"
2025-12-05,raw_target_return_only,-0.013104052892193246,2,2.220446049250313e-16,1.0,"AMAT,INTC"
2025-12-12,raw_target_return_only,0.021785624292944346,2,2.220446049250313e-16,0.6666666666666666,"AMAT,TSLA"
2025-12-19,raw_target_return_only,0.017380812470537937,2,6.661338147750939e-16,0.6666666666666666,"CCJ,TSLA"
2025-12-29,raw_target_return_only,-0.008542952404059249,2,2.220446049250313e-16,0.6666666666666666,"AMD,CCJ"
2026-01-06,raw_target_return_only,0.00262507393689735,2,2.220446049250313e-16,0.6666666666666666,"AMAT,CCJ"
2026-01-13,raw_target_return_only,0.023703773304592796,2,2.220446049250313e-16,0.6666666666666666,"CCJ,INTC"
2026-01-21,raw_target_return_only,-0.0004939991898099795,2,0.6000000000000004,0.0,"CCJ,INTC"
2026-01-28,raw_target_return_only,-0.002796106910302399,2,3.3306690738754696e-16,0.0,"CCJ,INTC"
2026-02-04,raw_target_return_only,-0.02745455716320724,2,2.220446049250313e-16,0.6666666666666666,"INTC,VIST"
2026-02-11,raw_target_return_only,-0.026597587131890692,2,4.440892098500626e-16,0.6666666666666666,"INTC,TXN"
2026-02-19,raw_target_return_only,0.007503472557737498,2,2.220446049250313e-16,1.0,"AMAT,VIST"
2026-02-26,raw_target_return_only,-0.002901460592683199,2,4.440892098500626e-16,0.6666666666666666,"AMAT,INTC"
2026-03-05,raw_target_return_only,-0.03219657658805594,2,0.0,0.6666666666666666,"AMAT,NFLX"
2026-03-12,raw_target_return_only,0.009720470248851755,2,0.6000000000000002,0.6666666666666666,"NFLX,VIST"
2026-03-19,raw_target_return_only,-0.005731748878000798,2,2.220446049250313e-16,0.0,"NFLX,VIST"
2026-03-26,raw_target_return_only,0.012077490322552994,2,0.6000000000000002,0.6666666666666666,"VIST,YPF"
2026-04-02,raw_target_return_only,-7.935441281364981e-05,2,4.440892098500626e-16,0.6666666666666666,"INTC,VIST"
2026-04-10,raw_target_return_only,0.026095566674199298,2,2.220446049250313e-16,0.6666666666666666,"AMD,INTC"
2026-04-17,raw_target_return_only,-0.026616365383965435,2,4.440892098500626e-16,0.0,"AMD,INTC"
2026-04-24,raw_target_return_only,-0.004105845487728748,2,4.440892098500626e-16,0.0,"AMD,INTC"
2026-05-01,raw_target_return_only,-0.04562262190341524,2,2.220446049250313e-16,0.0,"AMD,INTC"
2026-05-08,raw_target_return_only,0.022045995330625394,2,2.220446049250313e-16,0.0,"AMD,INTC"
2026-05-15,raw_target_return_only,-0.006424713246556897,2,4.440892098500626e-16,0.0,"AMD,INTC"
2022-01-03,raw_target_return_with_final_scaling,-0.01528779760413259,2,6.661338147750939e-16,1.0,"CSCO,SPY"
2022-01-10,raw_target_return_with_final_scaling,0.010787830704828399,2,2.220446049250313e-16,0.6666666666666666,"CSCO,INTC"
2022-01-18,raw_target_return_with_final_scaling,-0.006334990861005899,2,2.220446049250313e-16,1.0,"VIST,YPF"
2022-01-25,raw_target_return_with_final_scaling,-0.008052215390468336,2,0.6000000000000002,1.0,"AMD,CCJ"
2022-02-01,raw_target_return_with_final_scaling,-0.013809438388929098,2,2.220446049250313e-16,1.0,"VIST,YPF"
2022-02-08,raw_target_return_with_final_scaling,0.016431748311113645,2,2.220446049250313e-16,0.6666666666666666,"COST,VIST"
2022-02-15,raw_target_return_with_final_scaling,0.0178843288173001,2,2.220446049250313e-16,0.6666666666666666,"AVGO,VIST"
2022-02-23,raw_target_return_with_final_scaling,0.0030818797139579484,2,2.220446049250313e-16,0.6666666666666666,"VIST,YPF"
2022-03-02,raw_target_return_with_final_scaling,-0.03494241657433679,2,3.3306690738754696e-16,0.6666666666666666,"CCJ,VIST"
2022-03-09,raw_target_return_with_final_scaling,0.028883471911209282,2,4.440892098500626e-16,0.0,"CCJ,VIST"
2022-03-16,raw_target_return_with_final_scaling,0.04073493342374909,2,2.220446049250313e-16,0.6666666666666666,"COST,VIST"
2022-03-23,raw_target_return_with_final_scaling,-0.011026021794957248,2,3.3306690738754696e-16,0.6666666666666666,"CCJ,VIST"
2022-03-30,raw_target_return_with_final_scaling,-0.015186565357643894,2,4.440892098500626e-16,1.0,"SPY,TSLA"
2022-04-06,raw_target_return_with_final_scaling,0.006381228583989347,2,2.220446049250313e-16,1.0,"PEP,YPF"
2022-04-13,raw_target_return_with_final_scaling,0.0032989102644428985,2,4.440892098500626e-16,0.6666666666666666,"COST,YPF"
2022-04-21,raw_target_return_with_final_scaling,-0.03255462218917739,2,2.220446049250313e-16,1.0,"PEP,VIST"
2022-04-28,raw_target_return_with_final_scaling,-0.015171415056740994,2,0.6000000000000001,1.0,"CCJ,COST"
2022-05-05,raw_target_return_with_final_scaling,-0.026564520037987493,2,2.220446049250313e-16,0.0,"CCJ,COST"
2022-05-12,raw_target_return_with_final_scaling,0.05769518335763055,2,2.220446049250313e-16,0.6666666666666666,"AMD,COST"
2022-05-19,raw_target_return_with_final_scaling,-0.008823530952470349,2,2.220446049250313e-16,0.6666666666666666,"AMD,CCJ"
2022-05-26,raw_target_return_with_final_scaling,0.018095053099168094,2,2.220446049250313e-16,1.0,"PEP,YPF"
2022-06-03,raw_target_return_with_final_scaling,0.01032052141540375,2,0.0,1.0,"AMD,VIST"
2022-06-10,raw_target_return_with_final_scaling,-0.08711720632298123,2,2.220446049250313e-16,0.6666666666666666,"AMD,CCJ"
2022-06-17,raw_target_return_with_final_scaling,0.01934990963124489,2,0.6000000000000002,0.6666666666666666,"CCJ,COST"
2022-06-27,raw_target_return_with_final_scaling,-0.02169526248448095,2,0.0,0.0,"CCJ,COST"
2022-07-05,raw_target_return_with_final_scaling,0.0037981003402582777,2,0.6000000000000002,0.6666666666666666,"COST,PEP"
2022-07-12,raw_target_return_with_final_scaling,0.004257792931693099,2,1.1102230246251565e-16,0.6666666666666666,"CCJ,COST"
2022-07-19,raw_target_return_with_final_scaling,0.018540532728732198,2,2.220446049250313e-16,0.6666666666666666,"COST,QCOM"
2022-07-26,raw_target_return_with_final_scaling,0.02164039992499494,2,3.3306690738754696e-16,0.0,"COST,QCOM"
2022-08-02,raw_target_return_with_final_scaling,0.037609599440314334,2,3.3306690738754696e-16,1.0,"AMZN,TXN"
2022-08-09,raw_target_return_with_final_scaling,0.013097281628008797,2,2.220446049250313e-16,1.0,"AAPL,VIST"
2022-08-16,raw_target_return_with_final_scaling,0.004262755850916274,3,2.220446049250313e-16,0.75,"AAPL,MSFT,YPF"
2022-08-23,raw_target_return_with_final_scaling,0.02453927231346114,2,2.220446049250313e-16,0.75,"VIST,YPF"
2022-08-30,raw_target_return_with_final_scaling,-0.00411580151868918,2,0.6,0.0,"VIST,YPF"
2022-09-07,raw_target_return_with_final_scaling,0.010386054966624836,2,0.6000000000000002,0.6666666666666666,"CCJ,YPF"
2022-09-14,raw_target_return_with_final_scaling,-0.02058015798797023,2,0.6000000000000002,0.6666666666666666,"PEP,YPF"
2022-09-21,raw_target_return_with_final_scaling,-0.0020988933135019177,2,0.6000000000000004,0.6666666666666666,"VIST,YPF"
2022-09-28,raw_target_return_with_final_scaling,-0.016490110119419744,2,2.220446049250313e-16,0.0,"VIST,YPF"
2022-10-05,raw_target_return_with_final_scaling,0.00363679350263498,2,0.6000000000000001,0.0,"VIST,YPF"
2022-10-12,raw_target_return_with_final_scaling,0.046347398482974686,2,2.220446049250313e-16,0.0,"VIST,YPF"
2022-10-19,raw_target_return_with_final_scaling,0.002784203310132849,2,2.220446049250313e-16,0.6666666666666666,"NFLX,VIST"
2022-10-26,raw_target_return_with_final_scaling,-0.024047154851706297,2,2.220446049250313e-16,0.6666666666666666,"PEP,VIST"
2022-11-02,raw_target_return_with_final_scaling,0.00017098306347944,2,0.6000000000000002,0.6666666666666666,"VIST,YPF"
2022-11-09,raw_target_return_with_final_scaling,0.06394821206355679,2,2.220446049250313e-16,0.6666666666666666,"AMAT,VIST"
2022-11-16,raw_target_return_with_final_scaling,-0.016444448845177095,2,2.220446049250313e-16,0.6666666666666666,"AMAT,NFLX"
2022-11-23,raw_target_return_with_final_scaling,-0.016127793491765696,2,2.220446049250313e-16,0.6666666666666666,"AMAT,NVDA"
2022-12-01,raw_target_return_with_final_scaling,-0.011734752296787847,2,2.220446049250313e-16,1.0,"AVGO,CSCO"
2022-12-08,raw_target_return_with_final_scaling,-0.018231616837597296,2,1.1102230246251565e-16,1.0,"AMD,NVDA"
2022-12-15,raw_target_return_with_final_scaling,0.0004912062910344397,2,0.6000000000000002,1.0,"AVGO,VIST"
2022-12-22,raw_target_return_with_final_scaling,0.012383081898507646,2,2.220446049250313e-16,0.6666666666666666,"AVGO,YPF"
2022-12-30,raw_target_return_with_final_scaling,-0.04624021879381678,2,2.220446049250313e-16,0.6666666666666666,"AVGO,VIST"
2023-01-09,raw_target_return_with_final_scaling,-0.002521346364191779,2,0.6000000000000001,0.6666666666666666,"VIST,YPF"
2023-01-17,raw_target_return_with_final_scaling,-0.07969569360763763,2,2.220446049250313e-16,0.0,"VIST,YPF"
2023-01-24,raw_target_return_with_final_scaling,0.010380827947808847,2,2.220446049250313e-16,0.6666666666666666,"CCJ,YPF"
2023-01-31,raw_target_return_with_final_scaling,0.0032347990347662003,2,1.1102230246251565e-16,0.0,"CCJ,YPF"
2023-02-07,raw_target_return_with_final_scaling,-0.015318870630595748,3,2.220446049250313e-16,1.0,"META,NVDA,TSLA"
2023-02-14,raw_target_return_with_final_scaling,0.007417852678740847,2,2.220446049250313e-16,0.3333333333333333,"NVDA,TSLA"
2023-02-22,raw_target_return_with_final_scaling,0.0057002316659308,2,0.0,0.6666666666666666,"META,TSLA"
2023-03-01,raw_target_return_with_final_scaling,0.016769785080934248,2,1.1102230246251565e-16,0.6666666666666666,"META,NVDA"
2023-03-08,raw_target_return_with_final_scaling,-0.011473191357339948,2,2.220446049250313e-16,0.6666666666666666,"META,VIST"
2023-03-15,raw_target_return_with_final_scaling,0.06567835439013753,2,2.220446049250313e-16,1.0,"AMD,NVDA"
2023-03-22,raw_target_return_with_final_scaling,0.024621260478924586,2,5.551115123125783e-16,0.6666666666666666,"AMD,GOOGL"
2023-03-29,raw_target_return_with_final_scaling,0.013774527721143045,2,3.3306690738754696e-16,1.0,"INTC,QQQ"
2023-04-05,raw_target_return_with_final_scaling,0.018600327555861995,2,2.220446049250313e-16,0.6666666666666666,"GOOGL,INTC"
2023-04-13,raw_target_return_with_final_scaling,0.024974830073527146,2,2.220446049250313e-16,1.0,"META,VIST"
2023-04-20,raw_target_return_with_final_scaling,-0.007562992658185049,2,2.220446049250313e-16,1.0,"NVDA,YPF"
2023-04-27,raw_target_return_with_final_scaling,0.0176937262132671,2,1.1102230246251565e-16,1.0,"META,VIST"
2023-05-04,raw_target_return_with_final_scaling,0.002154969387837919,2,0.6000000000000002,1.0,"NFLX,PEP"
2023-05-11,raw_target_return_with_final_scaling,0.0022385238277185995,2,1.1102230246251565e-16,1.0,"GOOGL,QQQ"
2023-05-18,raw_target_return_with_final_scaling,-0.0014116084466987498,2,2.220446049250313e-16,0.0,"GOOGL,QQQ"
2023-05-25,raw_target_return_with_final_scaling,0.0853333844989559,2,4.440892098500626e-16,1.0,"AMD,AVGO"
2023-06-02,raw_target_return_with_final_scaling,-0.008482208396998998,2,2.220446049250313e-16,0.6666666666666666,"ADBE,AVGO"
2023-06-09,raw_target_return_with_final_scaling,0.03382912417544844,2,2.220446049250313e-16,0.6666666666666666,"ADBE,TSLA"
2023-06-16,raw_target_return_with_final_scaling,0.017283836740919642,2,3.3306690738754696e-16,0.0,"ADBE,TSLA"
2023-06-26,raw_target_return_with_final_scaling,0.005688531094182148,2,5.551115123125783e-16,0.6666666666666666,"TSLA,YPF"
2023-07-03,raw_target_return_with_final_scaling,0.0036213704834400988,2,4.440892098500626e-16,0.6666666666666666,"NVDA,TSLA"
2023-07-11,raw_target_return_with_final_scaling,0.006672602063388447,2,4.440892098500626e-16,0.6666666666666666,"ADBE,TSLA"
2023-07-18,raw_target_return_with_final_scaling,-0.010332634078823948,2,2.220446049250313e-16,1.0,"MSFT,YPF"
2023-07-25,raw_target_return_with_final_scaling,0.0014940524611197995,2,3.3306690738754696e-16,1.0,"COST,PEP"
2023-08-01,raw_target_return_with_final_scaling,-0.031156918794677843,2,1.1102230246251565e-16,1.0,"CCJ,GOOGL"
2023-08-08,raw_target_return_with_final_scaling,-0.0027974629854113494,2,2.220446049250313e-16,0.0,"CCJ,GOOGL"
2023-08-15,raw_target_return_with_final_scaling,-0.0036621948956866495,2,2.220446049250313e-16,1.0,"ADBE,VIST"
2023-08-22,raw_target_return_with_final_scaling,0.009964049317900169,2,0.6000000000000004,0.6666666666666666,"CSCO,VIST"
2023-08-29,raw_target_return_with_final_scaling,0.008098844418925548,2,1.1102230246251565e-16,0.6666666666666666,"CCJ,CSCO"
2023-09-06,raw_target_return_with_final_scaling,-0.017474301806101197,2,1.1102230246251565e-16,1.0,"ADBE,AMAT"
2023-09-13,raw_target_return_with_final_scaling,0.011813136704678245,2,4.440892098500626e-16,1.0,"CCJ,INTC"
2023-09-20,raw_target_return_with_final_scaling,-0.02235981102958559,2,4.440892098500626e-16,0.6666666666666666,"CCJ,TSLA"
2023-09-27,raw_target_return_with_final_scaling,0.009042802943140651,2,0.6000000000000004,0.6666666666666666,"CCJ,VIST"
2023-10-04,raw_target_return_with_final_scaling,0.004793676615114999,2,4.440892098500626e-16,0.6666666666666666,"COST,VIST"
2023-10-11,raw_target_return_with_final_scaling,-0.0033514763069530493,2,2.220446049250313e-16,0.6666666666666666,"QQQ,VIST"
2023-10-18,raw_target_return_with_final_scaling,-0.0012676303961511996,2,4.440892098500626e-16,0.6666666666666666,"ADBE,VIST"
2023-10-25,raw_target_return_with_final_scaling,-0.016780597072022202,2,0.0,0.6666666666666666,"CCJ,VIST"
2023-11-01,raw_target_return_with_final_scaling,0.027181206333382092,2,4.440892098500626e-16,0.6666666666666666,"CCJ,NFLX"
2023-11-08,raw_target_return_with_final_scaling,-0.005173050050082499,2,1.1102230246251565e-16,0.6666666666666666,"MSFT,NFLX"
2023-11-15,raw_target_return_with_final_scaling,0.004948973246558248,2,2.220446049250313e-16,1.0,"AAPL,QQQ"
2023-11-22,raw_target_return_with_final_scaling,0.002504089280573549,2,4.440892098500626e-16,1.0,"AMD,INTC"
2023-11-30,raw_target_return_with_final_scaling,-0.02458535402904754,2,4.440892098500626e-16,0.6666666666666666,"INTC,YPF"
2023-12-07,raw_target_return_with_final_scaling,0.019254807299321445,2,2.220446049250313e-16,0.6666666666666666,"COST,YPF"
2023-12-14,raw_target_return_with_final_scaling,0.011038841474331946,2,4.440892098500626e-16,0.0,"COST,YPF"
2023-12-21,raw_target_return_with_final_scaling,-0.006604479144700047,2,4.440892098500626e-16,0.6666666666666666,"AVGO,YPF"
2023-12-29,raw_target_return_with_final_scaling,-0.038205655614564835,2,3.3306690738754696e-16,0.6666666666666666,"AVGO,INTC"
2024-01-08,raw_target_return_with_final_scaling,0.014683424614674848,2,2.220446049250313e-16,1.0,"AMD,COST"
2024-01-16,raw_target_return_with_final_scaling,-0.013538509677801392,2,4.440892098500626e-16,1.0,"CCJ,NVDA"
2024-01-23,raw_target_return_with_final_scaling,0.010692676806021694,2,4.440892098500626e-16,0.6666666666666666,"AAPL,NVDA"
2024-01-30,raw_target_return_with_final_scaling,-0.008813140461593249,2,3.3306690738754696e-16,0.6666666666666666,"NFLX,NVDA"
2024-02-06,raw_target_return_with_final_scaling,0.03009974089016635,2,0.0,0.6666666666666666,"META,NVDA"
2024-02-13,raw_target_return_with_final_scaling,0.02658436147853519,2,2.220446049250313e-16,0.0,"META,NVDA"
2024-02-21,raw_target_return_with_final_scaling,0.04403031023477183,2,4.440892098500626e-16,0.6666666666666666,"AMAT,META"
2024-02-28,raw_target_return_with_final_scaling,0.019655777602141596,2,1.1102230246251565e-16,0.6666666666666666,"AMAT,NVDA"
2024-03-06,raw_target_return_with_final_scaling,0.006972224771340799,2,2.220446049250313e-16,0.6666666666666666,"NVDA,VIST"
2024-03-13,raw_target_return_with_final_scaling,-0.021478754507586392,2,4.440892098500626e-16,0.0,"NVDA,VIST"
2024-03-20,raw_target_return_with_final_scaling,0.009137780642363397,2,2.220446049250313e-16,0.0,"NVDA,VIST"
2024-03-27,raw_target_return_with_final_scaling,0.004346983796264348,2,4.440892098500626e-16,1.0,"GOOGL,PEP"
2024-04-04,raw_target_return_with_final_scaling,0.022831820816056735,2,5.551115123125783e-16,1.0,"CCJ,VIST"
2024-04-11,raw_target_return_with_final_scaling,-0.0188985447706393,2,0.0,0.6666666666666666,"CCJ,YPF"
2024-04-18,raw_target_return_with_final_scaling,0.002711053163850739,2,0.6000000000000002,0.6666666666666666,"CCJ,VIST"
2024-04-25,raw_target_return_with_final_scaling,0.005559895602242598,2,2.220446049250313e-16,0.0,"CCJ,VIST"
2024-05-02,raw_target_return_with_final_scaling,0.0316538340329922,2,0.0,1.0,"TXN,YPF"
2024-05-09,raw_target_return_with_final_scaling,0.0005498999339326998,2,4.440892098500626e-16,0.6666666666666666,"AAPL,TXN"
2024-05-16,raw_target_return_with_final_scaling,0.0032538105617811487,2,4.440892098500626e-16,1.0,"COST,QCOM"
2024-05-23,raw_target_return_with_final_scaling,0.034173852457557295,2,2.220446049250313e-16,0.6666666666666666,"NVDA,QCOM"
2024-05-31,raw_target_return_with_final_scaling,0.011776690290854947,2,1.1102230246251565e-16,0.6666666666666666,"CCJ,NVDA"
2024-06-07,raw_target_return_with_final_scaling,0.005362749349210849,2,3.3306690738754696e-16,0.6666666666666666,"COST,NVDA"
2024-06-14,raw_target_return_with_final_scaling,0.002712686521383049,2,2.220446049250313e-16,0.6666666666666666,"NVDA,QQQ"
2024-06-24,raw_target_return_with_final_scaling,0.03744546061123104,2,3.3306690738754696e-16,0.6666666666666666,"MSFT,NVDA"
2024-07-01,raw_target_return_with_final_scaling,0.014994851733022101,2,0.0,1.0,"AAPL,ADBE"
2024-07-09,raw_target_return_with_final_scaling,0.00047405214378079996,2,3.3306690738754696e-16,0.6666666666666666,"ADBE,TSLA"
2024-07-16,raw_target_return_with_final_scaling,-0.028355812515889648,2,0.0,0.6666666666666666,"AAPL,TSLA"
2024-07-23,raw_target_return_with_final_scaling,-0.03500894665293198,2,0.6000000000000003,0.6666666666666666,"TSLA,VIST"
2024-07-30,raw_target_return_with_final_scaling,0.0023664625116415587,2,0.6000000000000002,1.0,"COST,PEP"
2024-08-06,raw_target_return_with_final_scaling,-0.0009843469668383196,2,0.6000000000000001,0.6666666666666666,"COST,NFLX"
2024-08-13,raw_target_return_with_final_scaling,-0.0029037525054072992,2,2.220446049250313e-16,0.6666666666666666,"COST,META"
2024-08-20,raw_target_return_with_final_scaling,0.004697014444347599,2,2.220446049250313e-16,0.6666666666666666,"COST,SPY"
2024-08-27,raw_target_return_with_final_scaling,-0.015480395544883141,2,4.440892098500626e-16,1.0,"CSCO,TXN"
2024-09-04,raw_target_return_with_final_scaling,-0.012691681837954298,2,1.1102230246251565e-16,1.0,"VIST,YPF"
2024-09-11,raw_target_return_with_final_scaling,0.013214782374583546,2,2.220446049250313e-16,1.0,"COST,CSCO"
2024-09-18,raw_target_return_with_final_scaling,0.02488512029280924,2,4.440892098500626e-16,1.0,"NFLX,YPF"
2024-09-25,raw_target_return_with_final_scaling,0.005655835200078798,2,4.440892098500626e-16,1.0,"CSCO,QQQ"
2024-10-02,raw_target_return_with_final_scaling,0.013952905966496093,2,4.440892098500626e-16,1.0,"CCJ,META"
2024-10-09,raw_target_return_with_final_scaling,-0.020887375688614235,2,6.661338147750939e-16,0.6666666666666666,"AMD,CCJ"
2024-10-16,raw_target_return_with_final_scaling,0.008155136430705494,2,4.440892098500626e-16,0.6666666666666666,"CCJ,CSCO"
2024-10-23,raw_target_return_with_final_scaling,-0.0049694358211764475,2,4.440892098500626e-16,0.0,"CCJ,CSCO"
2024-10-30,raw_target_return_with_final_scaling,-0.016976496276119545,2,4.440892098500626e-16,0.6666666666666666,"CSCO,GOOGL"
2024-11-06,raw_target_return_with_final_scaling,0.029403150216751838,2,3.3306690738754696e-16,1.0,"NFLX,YPF"
2024-11-13,raw_target_return_with_final_scaling,-0.009333739864712646,2,4.440892098500626e-16,1.0,"AMZN,SPY"
2024-11-20,raw_target_return_with_final_scaling,0.0117461320792968,2,0.0,1.0,"NFLX,YPF"
2024-11-27,raw_target_return_with_final_scaling,0.0047289173958625155,2,0.6000000000000003,0.6666666666666666,"QQQ,YPF"
2024-12-05,raw_target_return_with_final_scaling,0.032029190360313785,2,4.440892098500626e-16,0.6666666666666666,"TSLA,YPF"
2024-12-12,raw_target_return_with_final_scaling,0.003527048791338198,2,3.3306690738754696e-16,0.6666666666666666,"AMZN,YPF"
2024-12-19,raw_target_return_with_final_scaling,-0.007913318294122947,2,1.1102230246251565e-16,1.0,"AAPL,TSLA"
2024-12-27,raw_target_return_with_final_scaling,-0.015927159758062543,2,4.440892098500626e-16,1.0,"AVGO,YPF"
2025-01-06,raw_target_return_with_final_scaling,-0.005102502903129098,2,2.220446049250313e-16,0.0,"AVGO,YPF"
2025-01-14,raw_target_return_with_final_scaling,0.013381565087456547,2,2.220446049250313e-16,0.6666666666666666,"AVGO,VIST"
2025-01-22,raw_target_return_with_final_scaling,0.0035601943945483498,2,1.1102230246251565e-16,0.6666666666666666,"AVGO,CSCO"
2025-01-29,raw_target_return_with_final_scaling,0.005258180077787449,2,3.3306690738754696e-16,1.0,"META,NFLX"
2025-02-05,raw_target_return_with_final_scaling,0.006148160114526848,2,4.440892098500626e-16,0.6666666666666666,"COST,NFLX"
2025-02-12,raw_target_return_with_final_scaling,0.007703061057805098,2,1.1102230246251565e-16,0.6666666666666666,"COST,META"
2025-02-20,raw_target_return_with_final_scaling,-0.011486143356550533,2,0.6000000000000003,1.0,"CSCO,INTC"
2025-02-27,raw_target_return_with_final_scaling,0.02224452666874295,2,0.0,1.0,"COST,NFLX"
2025-03-06,raw_target_return_with_final_scaling,-0.03875993782968043,2,4.440892098500626e-16,0.0,"COST,NFLX"
2025-03-13,raw_target_return_with_final_scaling,0.00920632258350186,2,0.6,0.6666666666666666,"INTC,NFLX"
2025-03-20,raw_target_return_with_final_scaling,0.00140184496119765,2,2.220446049250313e-16,0.6666666666666666,"CCJ,NFLX"
2025-03-27,raw_target_return_with_final_scaling,-0.016110429168986185,2,0.6000000000000003,0.6666666666666666,"NFLX,YPF"
2025-04-03,raw_target_return_with_final_scaling,-0.023809470188300583,2,0.6,0.6666666666666666,"COST,NFLX"
2025-04-10,raw_target_return_with_final_scaling,-0.0008119466085211999,2,0.6000000000000001,0.0,"COST,NFLX"
2025-04-17,raw_target_return_with_final_scaling,-0.004328137289115217,2,0.6000000000000003,0.0,"COST,NFLX"
2025-04-25,raw_target_return_with_final_scaling,0.0018893119912453391,2,0.6000000000000001,0.0,"COST,NFLX"
2025-05-02,raw_target_return_with_final_scaling,-0.008675115751273948,2,4.440892098500626e-16,0.6666666666666666,"MSFT,NFLX"
2025-05-09,raw_target_return_with_final_scaling,0.016238671786266496,2,2.220446049250313e-16,0.6666666666666666,"CCJ,MSFT"
2025-05-16,raw_target_return_with_final_scaling,0.005109240858848426,2,4.440892098500626e-16,0.6666666666666666,"MSFT,NFLX"
2025-05-23,raw_target_return_with_final_scaling,0.03484681189230789,2,2.220446049250313e-16,1.0,"CCJ,TXN"
2025-06-02,raw_target_return_with_final_scaling,0.02925546662126039,2,2.220446049250313e-16,0.6666666666666666,"AVGO,CCJ"
2025-06-09,raw_target_return_with_final_scaling,-0.015285502401122445,2,4.440892098500626e-16,0.6666666666666666,"CCJ,TXN"
2025-06-16,raw_target_return_with_final_scaling,-0.0016662903740744793,2,0.6000000000000002,0.6666666666666666,"CCJ,COST"
2025-06-24,raw_target_return_with_final_scaling,-0.0031194334299899183,2,0.6000000000000002,0.6666666666666666,"CCJ,NFLX"
2025-07-01,raw_target_return_with_final_scaling,-0.0037600453225770493,2,2.220446049250313e-16,0.6666666666666666,"CCJ,CSCO"
2025-07-09,raw_target_return_with_final_scaling,0.011300903961187147,2,3.3306690738754696e-16,1.0,"NVDA,TXN"
2025-07-16,raw_target_return_with_final_scaling,0.005786546284107148,2,3.3306690738754696e-16,0.6666666666666666,"AMD,NVDA"
2025-07-23,raw_target_return_with_final_scaling,0.015887901763129646,2,2.220446049250313e-16,0.6666666666666666,"AMD,MSFT"
2025-07-30,raw_target_return_with_final_scaling,-0.020692528844887394,2,2.220446049250313e-16,0.6666666666666666,"AMD,GOOGL"
2025-08-06,raw_target_return_with_final_scaling,-0.004842775046544498,2,4.440892098500626e-16,0.6666666666666666,"GOOGL,YPF"
2025-08-13,raw_target_return_with_final_scaling,-0.010586471531464149,2,2.220446049250313e-16,1.0,"AAPL,AMD"
2025-08-20,raw_target_return_with_final_scaling,-0.008260727064685548,2,4.440892098500626e-16,0.6666666666666666,"AAPL,PEP"
2025-08-27,raw_target_return_with_final_scaling,-0.0001347866296530502,2,2.220446049250313e-16,1.0,"QCOM,TXN"
2025-09-04,raw_target_return_with_final_scaling,0.009776270857448997,2,2.220446049250313e-16,1.0,"COST,GOOGL"
2025-09-11,raw_target_return_with_final_scaling,0.0011002840199559388,2,0.6000000000000004,0.0,"COST,GOOGL"
2025-09-18,raw_target_return_with_final_scaling,-0.010855670715558995,2,3.3306690738754696e-16,0.6666666666666666,"GOOGL,INTC"
2025-09-25,raw_target_return_with_final_scaling,0.03303401270831079,2,1.1102230246251565e-16,0.6666666666666666,"AMAT,INTC"
2025-10-02,raw_target_return_with_final_scaling,-0.01985181817951069,2,2.220446049250313e-16,0.0,"AMAT,INTC"
2025-10-09,raw_target_return_with_final_scaling,-0.04240605636865559,2,2.220446049250313e-16,0.0,"AMAT,INTC"
2025-10-16,raw_target_return_with_final_scaling,-0.009149028030556249,2,3.3306690738754696e-16,0.6666666666666666,"AMAT,AMD"
2025-10-23,raw_target_return_with_final_scaling,0.015889142470980704,2,0.6000000000000004,0.6666666666666666,"AMD,INTC"
2025-10-30,raw_target_return_with_final_scaling,0.0019962278816340997,2,2.220446049250313e-16,0.6666666666666666,"AMD,GOOGL"
2025-11-06,raw_target_return_with_final_scaling,-0.013954829506123043,2,4.440892098500626e-16,0.6666666666666666,"GOOGL,YPF"
2025-11-13,raw_target_return_with_final_scaling,0.00012927161303439888,2,1.1102230246251565e-16,0.6666666666666666,"CSCO,GOOGL"
2025-11-20,raw_target_return_with_final_scaling,-0.013930113042090533,2,0.6000000000000002,1.0,"VIST,YPF"
2025-11-28,raw_target_return_with_final_scaling,-0.002269028719136638,2,0.6000000000000003,1.0,"GOOGL,PEP"
2025-12-05,raw_target_return_with_final_scaling,-0.013252357382246194,2,2.220446049250313e-16,0.6666666666666666,"GOOGL,SPY"
2025-12-12,raw_target_return_with_final_scaling,0.021785624292944346,2,2.220446049250313e-16,1.0,"AMAT,TSLA"
2025-12-19,raw_target_return_with_final_scaling,0.010170635393198995,2,6.661338147750939e-16,0.6666666666666666,"ADBE,TSLA"
2025-12-29,raw_target_return_with_final_scaling,-0.00217804870436575,2,2.220446049250313e-16,1.0,"CCJ,VIST"
2026-01-06,raw_target_return_with_final_scaling,0.00571688078156675,2,2.220446049250313e-16,1.0,"AMAT,GOOGL"
2026-01-13,raw_target_return_with_final_scaling,-0.0050807739927303,2,2.220446049250313e-16,0.0,"AMAT,GOOGL"
2026-01-21,raw_target_return_with_final_scaling,-0.005327624436296894,2,0.6000000000000004,0.6666666666666666,"AMAT,COST"
2026-01-28,raw_target_return_with_final_scaling,0.005249033801026898,2,3.3306690738754696e-16,0.6666666666666666,"AMAT,CCJ"
2026-02-04,raw_target_return_with_final_scaling,0.006439408261340899,2,2.220446049250313e-16,1.0,"PEP,TXN"
2026-02-11,raw_target_return_with_final_scaling,-0.06737271473209017,2,4.440892098500626e-16,0.6666666666666666,"CSCO,PEP"
2026-02-19,raw_target_return_with_final_scaling,0.007503472557737498,2,2.220446049250313e-16,1.0,"AMAT,VIST"
2026-02-26,raw_target_return_with_final_scaling,0.0018934145601255488,2,4.440892098500626e-16,0.6666666666666666,"AMAT,PEP"
2026-03-05,raw_target_return_with_final_scaling,0.013456659038459152,2,0.0,1.0,"NFLX,VIST"
2026-03-12,raw_target_return_with_final_scaling,0.009720470248851755,2,0.6000000000000002,0.0,"NFLX,VIST"
2026-03-19,raw_target_return_with_final_scaling,-0.005731748878000798,2,2.220446049250313e-16,0.0,"NFLX,VIST"
2026-03-26,raw_target_return_with_final_scaling,0.012077490322552994,2,0.6000000000000002,0.6666666666666666,"VIST,YPF"
2026-04-02,raw_target_return_with_final_scaling,-0.013047928457724593,2,4.440892098500626e-16,0.6666666666666666,"COST,YPF"
2026-04-10,raw_target_return_with_final_scaling,0.027053550927080245,2,2.220446049250313e-16,1.0,"INTC,TXN"
2026-04-17,raw_target_return_with_final_scaling,-0.007821294915525146,2,4.440892098500626e-16,1.0,"GOOGL,QQQ"
2026-04-24,raw_target_return_with_final_scaling,-0.010828930757901095,2,4.440892098500626e-16,1.0,"AMZN,AVGO"
2026-05-01,raw_target_return_with_final_scaling,-0.04562262190341524,2,2.220446049250313e-16,1.0,"AMD,INTC"
2026-05-08,raw_target_return_with_final_scaling,0.022045995330625394,2,2.220446049250313e-16,0.0,"AMD,INTC"
2026-05-15,raw_target_return_with_final_scaling,-0.007646912758953097,2,4.440892098500626e-16,0.6666666666666666,"AAPL,AMD"
