S,fold_id,test_blocks,strategy_count,is_winner,is_sharpe,oos_sharpe,oos_rank,relative_oos_rank,lambda_logit,overfit_fold
8,1,"0,1,2,3",60,crisis_overlay__drawdown_aware_trend_filter__2010-01-01,2.5041079378060647,1.8873194037315826,57,0.05084745762711865,-2.9267394020670396,True
8,2,"0,1,2,4",60,crisis_overlay__realized_volatility_filter__2015-01-01,3.5915921128675232,0.8904149381020917,45,0.2542372881355932,-1.0761394328160512,True
8,3,"0,1,2,5",60,crisis_overlay__spy_trend_filter__2015-01-01,2.6448669935651226,2.7024408931141575,7,0.8983050847457628,2.1785324443240675,False
8,4,"0,1,2,6",60,final_selection__growth_champion_v3__2015-01-01,3.0950280480838486,2.1156912806499157,15,0.7627118644067796,1.167605160155061,False
8,5,"0,1,2,7",60,final_selection__growth_champion_v3__2015-01-01,2.142919967808571,3.495344225963024,16,0.7457627118644068,1.0761394328160512,False
8,6,"0,1,3,4",60,crisis_overlay__realized_volatility_filter__2020-01-01,3.635621409944897,0.027227896134440304,57,0.05084745762711865,-2.9267394020670396,True
8,7,"0,1,3,5",60,final_selection__growth_champion_v3__2020-01-01,2.519566735604076,2.1899558294469252,30,0.5084745762711864,0.0339015516756812,False
8,8,"0,1,3,6",60,final_selection__growth_champion_v3__2008-01-01,2.7526487550736,1.9687910374264561,39,0.3559322033898305,-0.5930637220029629,True
8,9,"0,1,3,7",60,final_selection__growth_champion_v3__2008-01-01,1.8348059113743196,2.470417650647596,40,0.3389830508474576,-0.6678293725756556,True
8,10,"0,1,4,5",60,crisis_overlay__realized_volatility_filter__2020-01-01,3.9912408576729517,-0.889930099783029,56,0.06779661016949153,-2.6210388241125804,True
8,11,"0,1,4,6",60,final_selection__growth_champion_v2__2020-01-01,3.788053451644141,-0.28648041506621486,58,0.03389830508474576,-3.349904087274605,True
8,12,"0,1,4,7",60,crisis_overlay__realized_volatility_filter__2015-01-01,2.901117737476447,1.6851875704327728,55,0.0847457627118644,-2.379546134130174,True
8,13,"0,1,5,6",60,crisis_overlay__spy_trend_filter__2015-01-01,2.9414853153707434,2.128437253626188,17,0.7288135593220338,0.9886113934537809,False
8,14,"0,1,5,7",60,crisis_overlay__spy_trend_filter__2015-01-01,2.101584227980759,3.782240379333893,23,0.6271186440677966,0.5198754592859086,False
8,15,"0,1,6,7",60,final_selection__growth_champion_v3__2015-01-01,2.441104608291131,2.9827540684623677,16,0.7457627118644068,1.0761394328160512,False
8,16,"0,2,3,4",60,crisis_overlay__realized_volatility_filter__2020-01-01,3.635621409944897,0.027227896134440304,57,0.05084745762711865,-2.9267394020670396,True
8,17,"0,2,3,5",60,final_selection__growth_champion_v3__2020-01-01,2.519566735604076,2.1899558294469252,23,0.6271186440677966,0.5198754592859086,False
8,18,"0,2,3,6",60,final_selection__growth_champion_v3__2008-01-01,2.804466767834873,1.865746938855022,34,0.4406779661016949,-0.23841102344499837,True
8,19,"0,2,3,7",60,final_selection__growth_champion_v3__2008-01-01,1.9979954069648276,2.4079737330139634,39,0.3559322033898305,-0.5930637220029629,True
8,20,"0,2,4,5",60,crisis_overlay__realized_volatility_filter__2020-01-01,3.9912408576729517,-0.889930099783029,56,0.06779661016949153,-2.6210388241125804,True
8,21,"0,2,4,6",60,final_selection__growth_champion_v3__2015-01-01,3.8868935318984494,1.238323776261667,14,0.7796610169491526,1.2636920390275586,False
8,22,"0,2,4,7",60,crisis_overlay__realized_volatility_filter__2015-01-01,2.9201103583818617,1.8761686534440591,31,0.4915254237288136,-0.03390155167568123,True
8,23,"0,2,5,6",60,final_selection__growth_champion_v3__2015-01-01,3.015068052279177,2.175994543159012,7,0.8983050847457628,2.1785324443240675,False
8,24,"0,2,5,7",60,final_selection__growth_champion_v3__2015-01-01,2.102316023678468,3.658744389332368,17,0.7288135593220338,0.9886113934537809,False
8,25,"0,2,6,7",60,final_selection__growth_champion_v3__2015-01-01,2.469315007284554,2.819918979401537,18,0.711864406779661,0.9044562742271522,False
8,26,"0,3,4,5",60,crisis_overlay__realized_volatility_filter__2020-01-01,4.486170475389928,0.48818113123665746,56,0.06779661016949153,-2.6210388241125804,True
8,27,"0,3,4,6",60,final_selection__growth_champion_v2__2020-01-01,4.32043340103592,0.6831998253274281,57,0.05084745762711865,-2.9267394020670396,True
8,28,"0,3,4,7",60,final_selection__growth_champion_v3__2010-01-01,2.6930061323373873,1.6943305459664801,45,0.2542372881355932,-1.0761394328160512,True
8,29,"0,3,5,6",60,final_selection__growth_champion_v3__2008-01-01,2.713354215619025,1.86428854344991,39,0.3559322033898305,-0.5930637220029629,True
8,30,"0,3,5,7",60,final_selection__growth_champion_v3__2008-01-01,1.9885359129325126,2.452123799066276,44,0.2711864406779661,-0.9886113934537812,True
8,31,"0,3,6,7",60,final_selection__growth_champion_v3__2008-01-01,2.3617655555336867,2.166001098016609,49,0.1864406779661017,-1.4733057381095205,True
8,32,"0,4,5,6",60,final_selection__growth_champion_v2__2020-01-01,4.858313947790249,0.21350830300762444,58,0.03389830508474576,-3.349904087274605,True
8,33,"0,4,5,7",60,crisis_overlay__realized_volatility_filter__2020-01-01,2.8610767682324583,1.7809632318951747,42,0.3050847457627119,-0.823200308808143,True
8,34,"0,4,6,7",60,crisis_overlay__spy_trend_filter__2015-01-01,3.169720255876119,1.9098081123871429,19,0.6949152542372882,0.8232003088081432,False
8,35,"0,5,6,7",60,crisis_overlay__spy_trend_filter__2015-01-01,2.382996350398071,3.0111487972643642,24,0.6101694915254238,0.4480247225269605,False
8,36,"1,2,3,4",60,crisis_overlay__realized_volatility_filter__2020-01-01,3.635621409944897,0.027227896134440304,57,0.05084745762711865,-2.9267394020670396,True
8,37,"1,2,3,5",60,final_selection__growth_champion_v3__2020-01-01,2.519566735604076,2.1899558294469252,50,0.1694915254237288,-1.589235205116581,True
8,38,"1,2,3,6",60,crisis_overlay__drawdown_aware_trend_filter__2015-01-01,2.608643324416553,2.333040605932705,49,0.1864406779661017,-1.4733057381095205,True
8,39,"1,2,3,7",60,crisis_overlay__spy_trend_filter__2008-01-01,1.4662554586779875,3.067321534975312,45,0.2542372881355932,-1.0761394328160512,True
8,40,"1,2,4,5",60,crisis_overlay__realized_volatility_filter__2020-01-01,3.9912408576729517,-0.889930099783029,56,0.06779661016949153,-2.6210388241125804,True
8,41,"1,2,4,6",60,crisis_overlay__realized_volatility_filter__2015-01-01,4.300742678601805,1.2091169636938057,41,0.3220338983050847,-0.7444404749474959,True
8,42,"1,2,4,7",60,crisis_overlay__realized_volatility_filter__2015-01-01,3.1437103465444904,1.8990242978020786,53,0.11864406779661017,-2.005333569526114,True
8,43,"1,2,5,6",60,crisis_overlay__spy_trend_filter__2015-01-01,3.0996009168615104,2.2263301970892795,38,0.3728813559322034,-0.5198754592859085,True
8,44,"1,2,5,7",60,crisis_overlay__spy_trend_filter__2015-01-01,2.0051425080859904,3.37812232030588,44,0.2711864406779661,-0.9886113934537812,True
8,45,"1,2,6,7",60,final_selection__growth_champion_v3__2015-01-01,2.410623116736425,2.794428856126244,43,0.288135593220339,-0.9044562742271522,True
8,46,"1,3,4,5",60,crisis_overlay__realized_volatility_filter__2020-01-01,4.486170475389928,0.48818113123665746,56,0.06779661016949153,-2.6210388241125804,True
8,47,"1,3,4,6",60,final_selection__growth_champion_v2__2020-01-01,4.32043340103592,0.6831998253274281,58,0.03389830508474576,-3.349904087274605,True
8,48,"1,3,4,7",60,crisis_overlay__realized_volatility_filter__2015-01-01,2.3238081692313552,2.602084459681464,12,0.8135593220338984,1.4733057381095207,False
8,49,"1,3,5,6",60,final_selection__growth_champion_v3__2020-01-01,2.509848093868692,2.352971927319044,44,0.2711864406779661,-0.9886113934537812,True
8,50,"1,3,5,7",60,crisis_overlay__spy_trend_filter__2008-01-01,1.4879415288590243,3.2076891890399737,45,0.2542372881355932,-1.0761394328160512,True
8,51,"1,3,6,7",60,crisis_overlay__spy_trend_filter__2008-01-01,1.7707134962153082,2.782570812862745,52,0.13559322033898305,-1.8523840910444898,True
8,52,"1,4,5,6",60,final_selection__growth_champion_v2__2020-01-01,4.858313947790249,0.21350830300762444,58,0.03389830508474576,-3.349904087274605,True
8,53,"1,4,5,7",60,crisis_overlay__realized_volatility_filter__2020-01-01,2.8610767682324583,1.7809632318951747,57,0.05084745762711865,-2.9267394020670396,True
8,54,"1,4,6,7",60,crisis_overlay__realized_volatility_filter__2015-01-01,3.3055349323602443,1.7841458824291208,56,0.06779661016949153,-2.6210388241125804,True
8,55,"1,5,6,7",60,crisis_overlay__spy_trend_filter__2015-01-01,2.3387824123275682,2.906161735937476,52,0.13559322033898305,-1.8523840910444898,True
8,56,"2,3,4,5",60,crisis_overlay__realized_volatility_filter__2020-01-01,4.486170475389928,0.48818113123665746,56,0.06779661016949153,-2.6210388241125804,True
8,57,"2,3,4,6",60,final_selection__growth_champion_v2__2020-01-01,4.32043340103592,0.6831998253274281,58,0.03389830508474576,-3.349904087274605,True
8,58,"2,3,4,7",60,crisis_overlay__realized_volatility_filter__2008-01-01,2.271065562418127,2.1369192059443884,47,0.22033898305084745,-1.2636920390275583,True
8,59,"2,3,5,6",60,final_selection__growth_champion_v3__2020-01-01,2.509848093868692,2.352971927319044,38,0.3728813559322034,-0.5198754592859085,True
8,60,"2,3,5,7",60,crisis_overlay__spy_trend_filter__2008-01-01,1.6390002698709012,3.2191682045492174,44,0.2711864406779661,-0.9886113934537812,True
8,61,"2,3,6,7",60,crisis_overlay__spy_trend_filter__2008-01-01,1.9111298877644163,2.7505097181120903,52,0.13559322033898305,-1.8523840910444898,True
8,62,"2,4,5,6",60,final_selection__growth_champion_v2__2020-01-01,4.858313947790249,0.21350830300762444,58,0.03389830508474576,-3.349904087274605,True
8,63,"2,4,5,7",60,crisis_overlay__realized_volatility_filter__2015-01-01,2.8921371841315446,2.1290421469915417,46,0.23728813559322035,-1.1676051601550612,True
8,64,"2,4,6,7",60,crisis_overlay__spy_trend_filter__2015-01-01,3.4132738725969034,2.0554845877573866,38,0.3728813559322034,-0.5198754592859085,True
8,65,"2,5,6,7",60,final_selection__growth_champion_v3__2015-01-01,2.3339136652961456,2.8609490066087746,47,0.22033898305084745,-1.2636920390275583,True
8,66,"3,4,5,6",60,final_selection__growth_champion_v2__2020-01-01,6.724472471845108,0.8551491894649699,58,0.03389830508474576,-3.349904087274605,True
8,67,"3,4,5,7",60,crisis_overlay__realized_volatility_filter__2020-01-01,2.7418205641381133,2.0371393027050897,55,0.0847457627118644,-2.379546134130174,True
8,68,"3,4,6,7",60,final_selection__growth_champion_v3__2015-01-01,2.7786744881930203,2.6412508885502155,2,0.9830508474576272,4.060443010546422,False
8,69,"3,5,6,7",60,crisis_overlay__spy_trend_filter__2008-01-01,1.9027079392070037,2.9042792359029606,52,0.13559322033898305,-1.8523840910444898,True
8,70,"4,5,6,7",60,crisis_overlay__spy_trend_filter__2015-01-01,3.209735704444221,2.0630230310494806,47,0.22033898305084745,-1.2636920390275583,True
10,1,"0,1,2,3,4",60,crisis_overlay__drawdown_aware_trend_filter__2010-01-01,2.5356737294633973,1.8706482618505391,57,0.05084745762711865,-2.9267394020670396,True
10,2,"0,1,2,3,5",60,crisis_overlay__realized_volatility_filter__2010-01-01,3.4205679239411504,1.1353092772480098,44,0.2711864406779661,-0.9886113934537812,True
10,3,"0,1,2,3,6",60,final_selection__growth_champion_v3__2020-01-01,2.6823738832576636,0.414406582522806,48,0.2033898305084746,-1.365240951922058,True
10,4,"0,1,2,3,7",60,final_selection__growth_champion_v3__2015-01-01,2.4725445543579907,2.86578976394999,16,0.7457627118644068,1.0761394328160512,False
10,5,"0,1,2,3,8",60,final_selection__growth_champion_v3__2015-01-01,3.0483602216275605,2.104952338606981,1,0.999999,13.815509557935018,False
10,6,"0,1,2,3,9",60,final_selection__growth_champion_v3__2015-01-01,1.8321088159150727,3.925472289432053,16,0.7457627118644068,1.0761394328160512,False
10,7,"0,1,2,4,5",60,crisis_overlay__realized_volatility_filter__2020-01-01,3.427516970852854,0.0038222007006877665,57,0.05084745762711865,-2.9267394020670396,True
10,8,"0,1,2,4,6",60,final_selection__growth_champion_v3__2020-01-01,2.6518893029379593,1.9020638375955778,46,0.23728813559322035,-1.1676051601550612,True
10,9,"0,1,2,4,7",60,final_selection__growth_champion_v3__2010-01-01,2.2131909382425805,2.212304283280605,45,0.2542372881355932,-1.0761394328160512,True
10,10,"0,1,2,4,8",60,crisis_overlay__drawdown_aware_trend_filter__2015-01-01,2.762430903823681,2.0231682765909027,35,0.423728813559322,-0.3074846997479607,True
10,11,"0,1,2,4,9",60,final_selection__growth_champion_v3__2008-01-01,1.6013432202749847,2.5875089270679883,41,0.3220338983050847,-0.7444404749474959,True
10,12,"0,1,2,5,6",60,crisis_overlay__realized_volatility_filter__2020-01-01,3.8790144573924827,-1.7905177946818325,59,0.01694915254237288,-4.060443010546419,True
10,13,"0,1,2,5,7",60,crisis_overlay__realized_volatility_filter__2015-01-01,3.201388549567901,1.4051739995483994,42,0.3050847457627119,-0.823200308808143,True
10,14,"0,1,2,5,8",60,crisis_overlay__qqq_trend_filter__2020-01-01,3.822610073343379,-1.0188228122906418,54,0.1016949152542373,-2.178532444324067,True
10,15,"0,1,2,5,9",60,crisis_overlay__realized_volatility_filter__2015-01-01,2.5807656000362145,2.3182966012108954,26,0.576271186440678,0.3074846997479607,False
10,16,"0,1,2,6,7",60,crisis_overlay__spy_trend_filter__2015-01-01,2.458922379867289,2.861282940131489,8,0.8813559322033898,2.0053335695261136,False
10,17,"0,1,2,6,8",60,final_selection__growth_champion_v3__2020-01-01,3.0846685603401625,0.749405128655518,47,0.22033898305084745,-1.2636920390275583,True
10,18,"0,1,2,6,9",60,crisis_overlay__spy_trend_filter__2015-01-01,1.8601899127864037,4.075842786448093,8,0.8813559322033898,2.0053335695261136,False
10,19,"0,1,2,7,8",60,crisis_overlay__spy_trend_filter__2015-01-01,3.0076576139353493,2.061506276021301,38,0.3728813559322034,-0.5198754592859085,True
10,20,"0,1,2,7,9",60,final_selection__growth_champion_v3__2015-01-01,1.7923944810789583,3.8969674199900703,16,0.7457627118644068,1.0761394328160512,False
10,21,"0,1,2,8,9",60,final_selection__growth_champion_v3__2015-01-01,2.346377244654482,3.1004292800514848,16,0.7457627118644068,1.0761394328160512,False
10,22,"0,1,3,4,5",60,crisis_overlay__realized_volatility_filter__2010-01-01,3.9309042251539354,0.8135454553692074,41,0.3220338983050847,-0.7444404749474959,True
10,23,"0,1,3,4,6",60,crisis_overlay__drawdown_aware_trend_filter__2010-01-01,2.9831930032612406,1.509753237956028,57,0.05084745762711865,-2.9267394020670396,True
10,24,"0,1,3,4,7",60,crisis_overlay__drawdown_aware_trend_filter__2010-01-01,3.1136208562823087,1.5023718015327103,57,0.05084745762711865,-2.9267394020670396,True
10,25,"0,1,3,4,8",60,crisis_overlay__qqq_trend_filter__2008-01-01,3.3463159950399946,1.5121991436141842,46,0.23728813559322035,-1.1676051601550612,True
10,26,"0,1,3,4,9",60,crisis_overlay__qqq_trend_filter__2008-01-01,2.3520368782828713,2.077243913991198,49,0.1864406779661017,-1.4733057381095205,True
10,27,"0,1,3,5,6",60,crisis_overlay__realized_volatility_filter__2020-01-01,3.8790144573924827,-1.7905177946818325,59,0.01694915254237288,-4.060443010546419,True
10,28,"0,1,3,5,7",60,crisis_overlay__realized_volatility_filter__2010-01-01,3.814341979175325,0.7383186495887805,55,0.0847457627118644,-2.379546134130174,True
10,29,"0,1,3,5,8",60,crisis_overlay__realized_volatility_filter__2010-01-01,3.9093241284655735,0.521421019045796,29,0.5254237288135594,0.10178269430994258,False
10,30,"0,1,3,5,9",60,crisis_overlay__realized_volatility_filter__2010-01-01,3.1506332721241983,1.2264150969115821,59,0.01694915254237288,-4.060443010546419,True
10,31,"0,1,3,6,7",60,final_selection__growth_champion_v3__2010-01-01,2.873087223488677,1.6917811531015097,49,0.1864406779661017,-1.4733057381095205,True
10,32,"0,1,3,6,8",60,final_selection__growth_champion_v3__2015-01-01,3.2125652649013867,1.5387712743049795,13,0.7966101694915254,1.3652409519220583,False
10,33,"0,1,3,6,9",60,final_selection__growth_champion_v3__2010-01-01,2.2424797094712567,2.203036200148908,43,0.288135593220339,-0.9044562742271522,True
10,34,"0,1,3,7,8",60,final_selection__growth_champion_v3__2015-01-01,3.278333361851357,1.6470398249067113,26,0.576271186440678,0.3074846997479607,False
10,35,"0,1,3,7,9",60,final_selection__growth_champion_v3__2010-01-01,2.3174652285697306,2.1358786669495045,45,0.2542372881355932,-1.0761394328160512,True
10,36,"0,1,3,8,9",60,crisis_overlay__qqq_trend_filter__2008-01-01,2.682840657841332,1.8378610146150898,56,0.06779661016949153,-2.6210388241125804,True
10,37,"0,1,4,5,6",60,crisis_overlay__realized_volatility_filter__2020-01-01,4.288475736130239,0.16588509701194495,57,0.05084745762711865,-2.9267394020670396,True
10,38,"0,1,4,5,7",60,crisis_overlay__spy_trend_filter__2010-01-01,3.602200399500676,1.2378220845090893,45,0.2542372881355932,-1.0761394328160512,True
10,39,"0,1,4,5,8",60,crisis_overlay__qqq_trend_filter__2020-01-01,4.2510422545525595,0.5812321836492333,53,0.11864406779661017,-2.005333569526114,True
10,40,"0,1,4,5,9",60,crisis_overlay__qqq_trend_filter__2010-01-01,2.913953092758753,1.5870191295092966,52,0.13559322033898305,-1.8523840910444898,True
10,41,"0,1,4,6,7",60,final_selection__growth_champion_v3__2010-01-01,2.721700769594085,1.841935814082483,46,0.23728813559322035,-1.1676051601550612,True
10,42,"0,1,4,6,8",60,final_selection__growth_champion_v3__2020-01-01,3.2137235821857795,1.6021520062580887,39,0.3559322033898305,-0.5930637220029629,True
10,43,"0,1,4,6,9",60,final_selection__growth_champion_v3__2008-01-01,2.1244323387057156,2.3029068520498828,42,0.3050847457627119,-0.823200308808143,True
10,44,"0,1,4,7,8",60,final_selection__growth_champion_v3__2015-01-01,3.087796216887238,2.193865504957088,18,0.711864406779661,0.9044562742271522,False
10,45,"0,1,4,7,9",60,final_selection__growth_champion_v3__2010-01-01,2.1406983703492677,2.2687219759405206,43,0.288135593220339,-0.9044562742271522,True
10,46,"0,1,4,8,9",60,final_selection__growth_champion_v3__2008-01-01,2.5887484338115576,2.010764244636355,45,0.2542372881355932,-1.0761394328160512,True
10,47,"0,1,5,6,7",60,crisis_overlay__realized_volatility_filter__2020-01-01,3.6355842625931647,0.5980532802046926,56,0.06779661016949153,-2.6210388241125804,True
10,48,"0,1,5,6,8",60,crisis_overlay__qqq_trend_filter__2020-01-01,4.716480720858049,-0.5793038999293194,54,0.1016949152542373,-2.178532444324067,True
10,49,"0,1,5,6,9",60,crisis_overlay__realized_volatility_filter__2020-01-01,2.9505581668122134,1.4135283954812583,55,0.0847457627118644,-2.379546134130174,True
10,50,"0,1,5,7,8",60,crisis_overlay__spy_trend_filter__2015-01-01,3.821312558071415,0.4465075801908812,52,0.13559322033898305,-1.8523840910444898,True
10,51,"0,1,5,7,9",60,final_selection__growth_champion_v3__2010-01-01,2.8433177234159945,1.6720579431856306,47,0.22033898305084745,-1.2636920390275583,True
10,52,"0,1,5,8,9",60,crisis_overlay__spy_trend_filter__2015-01-01,3.1595796424884406,1.4658255714137114,36,0.4067796610169492,-0.3772942311414679,True
10,53,"0,1,6,7,8",60,crisis_overlay__spy_trend_filter__2015-01-01,3.1998299808918285,1.481363391408444,51,0.15254237288135594,-1.7147984280919266,True
10,54,"0,1,6,7,9",60,crisis_overlay__spy_trend_filter__2015-01-01,2.106165167050197,3.683834173745759,23,0.6271186440677966,0.5198754592859086,False
10,55,"0,1,6,8,9",60,crisis_overlay__spy_trend_filter__2015-01-01,2.591341759663458,2.6559607402183567,23,0.6271186440677966,0.5198754592859086,False
10,56,"0,1,7,8,9",60,final_selection__growth_champion_v3__2015-01-01,2.61739443712068,2.7310706754532244,17,0.7288135593220338,0.9886113934537809,False
10,57,"0,2,3,4,5",60,crisis_overlay__realized_volatility_filter__2020-01-01,3.427516970852854,0.0038222007006877665,57,0.05084745762711865,-2.9267394020670396,True
10,58,"0,2,3,4,6",60,final_selection__growth_champion_v3__2020-01-01,2.6518893029379593,1.9020638375955778,47,0.22033898305084745,-1.2636920390275583,True
10,59,"0,2,3,4,7",60,crisis_overlay__spy_trend_filter__2010-01-01,2.162322753197856,2.285850493141676,43,0.288135593220339,-0.9044562742271522,True
10,60,"0,2,3,4,8",60,final_selection__growth_champion_v3__2020-01-01,2.6342932375171224,2.063325443968326,30,0.5084745762711864,0.0339015516756812,False
10,61,"0,2,3,4,9",60,crisis_overlay__spy_trend_filter__2008-01-01,1.5953732632773927,2.801230555937451,37,0.3898305084745763,-0.44802472252696024,True
10,62,"0,2,3,5,6",60,crisis_overlay__realized_volatility_filter__2020-01-01,3.8790144573924827,-1.7905177946818325,59,0.01694915254237288,-4.060443010546419,True
10,63,"0,2,3,5,7",60,crisis_overlay__realized_volatility_filter__2015-01-01,3.0570226999024626,1.942365403337744,19,0.6949152542372882,0.8232003088081432,False
10,64,"0,2,3,5,8",60,crisis_overlay__qqq_trend_filter__2020-01-01,3.822610073343379,-1.0188228122906418,54,0.1016949152542373,-2.178532444324067,True
10,65,"0,2,3,5,9",60,crisis_overlay__realized_volatility_filter__2020-01-01,2.4100714325196835,1.783299260245742,56,0.06779661016949153,-2.6210388241125804,True
10,66,"0,2,3,6,7",60,crisis_overlay__spy_trend_filter__2015-01-01,2.2816121472058506,2.9793423333135247,7,0.8983050847457628,2.1785324443240675,False
10,67,"0,2,3,6,8",60,final_selection__growth_champion_v3__2020-01-01,3.0846685603401625,0.749405128655518,47,0.22033898305084745,-1.2636920390275583,True
10,68,"0,2,3,6,9",60,final_selection__growth_champion_v3__2020-01-01,1.6350645757285052,4.029174814489326,1,0.999999,13.815509557935018,False
10,69,"0,2,3,7,8",60,final_selection__growth_champion_v3__2015-01-01,2.94950114037716,2.3530100001212353,18,0.711864406779661,0.9044562742271522,False
10,70,"0,2,3,7,9",60,final_selection__growth_champion_v3__2010-01-01,1.577404218902598,2.878246525901652,37,0.3898305084745763,-0.44802472252696024,True
10,71,"0,2,3,8,9",60,final_selection__growth_champion_v3__2015-01-01,2.158652261460501,3.144813514726678,17,0.7288135593220338,0.9886113934537809,False
10,72,"0,2,4,5,6",60,crisis_overlay__realized_volatility_filter__2020-01-01,4.288475736130239,0.16588509701194495,57,0.05084745762711865,-2.9267394020670396,True
10,73,"0,2,4,5,7",60,crisis_overlay__realized_volatility_filter__2020-01-01,2.993577549268573,1.4818592685371197,53,0.11864406779661017,-2.005333569526114,True
10,74,"0,2,4,5,8",60,crisis_overlay__qqq_trend_filter__2020-01-01,4.2510422545525595,0.5812321836492333,54,0.1016949152542373,-2.178532444324067,True
10,75,"0,2,4,5,9",60,crisis_overlay__realized_volatility_filter__2020-01-01,2.235273982629557,2.1855303198837905,49,0.1864406779661017,-1.4733057381095205,True
10,76,"0,2,4,6,7",60,final_selection__growth_champion_v3__2020-01-01,1.9823873645561028,2.7831444027825105,17,0.7288135593220338,0.9886113934537809,False
10,77,"0,2,4,6,8",60,final_selection__growth_champion_v3__2020-01-01,3.2137235821857795,1.6021520062580887,47,0.22033898305084745,-1.2636920390275583,True
10,78,"0,2,4,6,9",60,final_selection__growth_champion_v3__2008-01-01,1.4719872206662068,2.92340132596618,50,0.1694915254237288,-1.589235205116581,True
10,79,"0,2,4,7,8",60,final_selection__growth_champion_v3__2015-01-01,2.633987989058854,2.6893081336335376,17,0.7288135593220338,0.9886113934537809,False
10,80,"0,2,4,7,9",60,crisis_overlay__spy_trend_filter__2010-01-01,1.4207886369983842,3.028042236217148,33,0.4576271186440678,-0.16989903679539747,True
10,81,"0,2,4,8,9",60,crisis_overlay__spy_trend_filter__2008-01-01,1.8521307277883412,2.6405672692060196,46,0.23728813559322035,-1.1676051601550612,True
10,82,"0,2,5,6,7",60,crisis_overlay__realized_volatility_filter__2020-01-01,3.6355842625931647,0.5980532802046926,56,0.06779661016949153,-2.6210388241125804,True
10,83,"0,2,5,6,8",60,crisis_overlay__qqq_trend_filter__2020-01-01,4.716480720858049,-0.5793038999293194,54,0.1016949152542373,-2.178532444324067,True
10,84,"0,2,5,6,9",60,crisis_overlay__realized_volatility_filter__2020-01-01,2.9505581668122134,1.4135283954812583,57,0.05084745762711865,-2.9267394020670396,True
10,85,"0,2,5,7,8",60,crisis_overlay__spy_trend_filter__2015-01-01,3.6703993319787744,1.5176379372468858,30,0.5084745762711864,0.0339015516756812,False
10,86,"0,2,5,7,9",60,crisis_overlay__realized_volatility_filter__2015-01-01,2.2755365811476795,2.7098523629775433,27,0.559322033898305,0.23841102344499795,False
10,87,"0,2,5,8,9",60,crisis_overlay__spy_trend_filter__2015-01-01,2.8634689673797924,2.3107782003540893,9,0.864406779661017,1.8523840910444902,False
10,88,"0,2,6,7,8",60,crisis_overlay__spy_trend_filter__2015-01-01,2.9011411894124817,2.2901272048402155,34,0.4406779661016949,-0.23841102344499837,True
10,89,"0,2,6,7,9",60,crisis_overlay__spy_trend_filter__2015-01-01,1.5489991109734806,3.875226003901121,24,0.6101694915254238,0.4480247225269605,False
10,90,"0,2,6,8,9",60,crisis_overlay__spy_trend_filter__2015-01-01,2.1718761320445927,3.1761408411613403,10,0.847457627118644,1.7147984280919264,False
10,91,"0,2,7,8,9",60,final_selection__growth_champion_v3__2015-01-01,2.128245428911749,3.1742165584383515,19,0.6949152542372882,0.8232003088081432,False
10,92,"0,3,4,5,6",60,crisis_overlay__realized_volatility_filter__2020-01-01,4.288475736130239,0.16588509701194495,57,0.05084745762711865,-2.9267394020670396,True
10,93,"0,3,4,5,7",60,crisis_overlay__spy_trend_filter__2010-01-01,3.3312859396661016,1.099951964502197,48,0.2033898305084746,-1.365240951922058,True
10,94,"0,3,4,5,8",60,crisis_overlay__qqq_trend_filter__2020-01-01,4.2510422545525595,0.5812321836492333,50,0.1694915254237288,-1.589235205116581,True
10,95,"0,3,4,5,9",60,crisis_overlay__spy_trend_filter__2010-01-01,2.7475002475089223,1.6677629581020688,47,0.22033898305084745,-1.2636920390275583,True
10,96,"0,3,4,6,7",60,final_selection__growth_champion_v3__2010-01-01,2.565047644439149,1.8535664840024395,47,0.22033898305084745,-1.2636920390275583,True
10,97,"0,3,4,6,8",60,final_selection__growth_champion_v3__2020-01-01,3.2137235821857795,1.6021520062580887,37,0.3898305084745763,-0.44802472252696024,True
10,98,"0,3,4,6,9",60,final_selection__growth_champion_v3__2008-01-01,2.0298207409382982,2.4150201354999665,41,0.3220338983050847,-0.7444404749474959,True
10,99,"0,3,4,7,8",60,final_selection__growth_champion_v3__2015-01-01,3.01364108687018,2.371591179802215,18,0.711864406779661,0.9044562742271522,False
10,100,"0,3,4,7,9",60,crisis_overlay__spy_trend_filter__2010-01-01,2.0952748527660945,2.3750661439857295,42,0.3050847457627119,-0.823200308808143,True
10,101,"0,3,4,8,9",60,crisis_overlay__spy_trend_filter__2008-01-01,2.413873313866421,2.1404497924610806,39,0.3559322033898305,-0.5930637220029629,True
10,102,"0,3,5,6,7",60,crisis_overlay__realized_volatility_filter__2020-01-01,3.6355842625931647,0.5980532802046926,55,0.0847457627118644,-2.379546134130174,True
10,103,"0,3,5,6,8",60,crisis_overlay__qqq_trend_filter__2020-01-01,4.716480720858049,-0.5793038999293194,54,0.1016949152542373,-2.178532444324067,True
10,104,"0,3,5,6,9",60,crisis_overlay__realized_volatility_filter__2020-01-01,2.9505581668122134,1.4135283954812583,56,0.06779661016949153,-2.6210388241125804,True
10,105,"0,3,5,7,8",60,crisis_overlay__spy_trend_filter__2015-01-01,3.919309387691113,1.1356612827653882,15,0.7627118644067796,1.167605160155061,False
10,106,"0,3,5,7,9",60,crisis_overlay__spy_trend_filter__2010-01-01,2.6853886002866423,1.6726456915305299,45,0.2542372881355932,-1.0761394328160512,True
10,107,"0,3,5,8,9",60,final_selection__growth_champion_v3__2015-01-01,3.142303139261392,1.980084843437779,5,0.9322033898305084,2.6210388241125795,False
10,108,"0,3,6,7,8",60,crisis_overlay__spy_trend_filter__2015-01-01,3.1708309300051867,1.930930109411121,23,0.6271186440677966,0.5198754592859086,False
10,109,"0,3,6,7,9",60,final_selection__growth_champion_v3__2010-01-01,2.0145771911543005,2.4636521511033567,47,0.22033898305084745,-1.2636920390275583,True
10,110,"0,3,6,8,9",60,final_selection__growth_champion_v3__2015-01-01,2.4666880704247154,2.886616756202747,12,0.8135593220338984,1.4733057381095207,False
10,111,"0,3,7,8,9",60,final_selection__growth_champion_v3__2015-01-01,2.4714577269725133,2.8195395965843337,19,0.6949152542372882,0.8232003088081432,False
10,112,"0,4,5,6,7",60,crisis_overlay__realized_volatility_filter__2020-01-01,4.078674778169978,1.276864826669837,44,0.2711864406779661,-0.9886113934537812,True
10,113,"0,4,5,6,8",60,crisis_overlay__qqq_trend_filter__2020-01-01,5.757714054423125,0.5489175162259285,54,0.1016949152542373,-2.178532444324067,True
10,114,"0,4,5,6,9",60,crisis_overlay__realized_volatility_filter__2020-01-01,3.003655642861666,1.8295536956673297,46,0.23728813559322035,-1.1676051601550612,True
10,115,"0,4,5,7,8",60,final_selection__growth_champion_v3__2020-01-01,4.029174814489326,1.6350645757285052,8,0.8813559322033898,2.0053335695261136,False
10,116,"0,4,5,7,9",60,crisis_overlay__spy_trend_filter__2010-01-01,2.6048016007418893,1.8499907297962497,48,0.2033898305084746,-1.365240951922058,True
10,117,"0,4,5,8,9",60,final_selection__growth_champion_v3__2015-01-01,2.885741735232828,2.4121959853997916,2,0.9830508474576272,4.060443010546422,False
10,118,"0,4,6,7,8",60,final_selection__growth_champion_v3__2015-01-01,2.935525379440222,2.4216565064415847,2,0.9830508474576272,4.060443010546422,False
10,119,"0,4,6,7,9",60,final_selection__growth_champion_v3__2010-01-01,1.8771312938877374,2.6391811310698245,38,0.3728813559322034,-0.5198754592859085,True
10,120,"0,4,6,8,9",60,final_selection__growth_champion_v3__2008-01-01,2.240024701197038,2.232753470992996,50,0.1694915254237288,-1.589235205116581,True
10,121,"0,4,7,8,9",60,crisis_overlay__spy_trend_filter__2008-01-01,2.2434567617058514,2.3166924753704676,40,0.3389830508474576,-0.6678293725756556,True
10,122,"0,5,6,7,8",60,final_selection__growth_champion_v3__2020-01-01,4.7850489215145435,0.9743683168506178,24,0.6101694915254238,0.4480247225269605,False
10,123,"0,5,6,7,9",60,crisis_overlay__spy_trend_filter__2015-01-01,2.553903149313442,2.707687269036892,9,0.864406779661017,1.8523840910444902,False
10,124,"0,5,6,8,9",60,final_selection__growth_champion_v2__2020-01-01,3.7557653573388037,1.0825609101360687,58,0.03389830508474576,-3.349904087274605,True
10,125,"0,5,7,8,9",60,crisis_overlay__spy_trend_filter__2015-01-01,3.1429772197795707,1.9699983880600653,23,0.6271186440677966,0.5198754592859086,False
10,126,"0,6,7,8,9",60,crisis_overlay__spy_trend_filter__2015-01-01,2.4590645724018723,2.8666145688321594,25,0.5932203389830508,0.377294231141468,False
10,127,"1,2,3,4,5",60,crisis_overlay__realized_volatility_filter__2020-01-01,3.427516970852854,0.0038222007006877665,57,0.05084745762711865,-2.9267394020670396,True
10,128,"1,2,3,4,6",60,final_selection__growth_champion_v3__2020-01-01,2.6518893029379593,1.9020638375955778,48,0.2033898305084746,-1.365240951922058,True
10,129,"1,2,3,4,7",60,final_selection__growth_champion_v3__2015-01-01,1.9496204523749734,3.0444770880386685,17,0.7288135593220338,0.9886113934537809,False
10,130,"1,2,3,4,8",60,crisis_overlay__drawdown_aware_trend_filter__2015-01-01,2.856730067407081,2.121420152219062,39,0.3559322033898305,-0.5930637220029629,True
10,131,"1,2,3,4,9",60,crisis_overlay__realized_volatility_filter__2008-01-01,1.440546053006921,2.937717913715758,45,0.2542372881355932,-1.0761394328160512,True
10,132,"1,2,3,5,6",60,crisis_overlay__realized_volatility_filter__2020-01-01,3.8790144573924827,-1.7905177946818325,59,0.01694915254237288,-4.060443010546419,True
10,133,"1,2,3,5,7",60,crisis_overlay__realized_volatility_filter__2015-01-01,3.381680431529431,1.7178017339912548,40,0.3389830508474576,-0.6678293725756556,True
10,134,"1,2,3,5,8",60,crisis_overlay__spy_trend_filter__2015-01-01,3.9141284887646695,1.4206173669515272,34,0.4406779661016949,-0.23841102344499837,True
10,135,"1,2,3,5,9",60,crisis_overlay__realized_volatility_filter__2015-01-01,2.5960656237533737,2.4272880630553066,37,0.3898305084745763,-0.44802472252696024,True
10,136,"1,2,3,6,7",60,crisis_overlay__spy_trend_filter__2015-01-01,2.425704028021817,2.8242995075067867,8,0.8813559322033898,2.0053335695261136,False
10,137,"1,2,3,6,8",60,crisis_overlay__spy_trend_filter__2015-01-01,3.1027433345213518,2.1750303766691204,35,0.423728813559322,-0.3074846997479607,True
10,138,"1,2,3,6,9",60,final_selection__growth_champion_v3__2015-01-01,1.686392900508962,3.787113010243766,12,0.8135593220338984,1.4733057381095207,False
10,139,"1,2,3,7,8",60,final_selection__growth_champion_v3__2015-01-01,3.127504625345592,2.2297658416176525,43,0.288135593220339,-0.9044562742271522,True
10,140,"1,2,3,7,9",60,final_selection__growth_champion_v3__2015-01-01,1.57016564968231,3.57525671130747,16,0.7457627118644068,1.0761394328160512,False
10,141,"1,2,3,8,9",60,final_selection__growth_champion_v3__2015-01-01,2.295991686668722,2.986531947682443,20,0.6779661016949152,0.7444404749474958,False
10,142,"1,2,4,5,6",60,crisis_overlay__realized_volatility_filter__2020-01-01,4.288475736130239,0.16588509701194495,57,0.05084745762711865,-2.9267394020670396,True
10,143,"1,2,4,5,7",60,crisis_overlay__realized_volatility_filter__2020-01-01,2.993577549268573,1.4818592685371197,57,0.05084745762711865,-2.9267394020670396,True
10,144,"1,2,4,5,8",60,crisis_overlay__qqq_trend_filter__2020-01-01,4.2510422545525595,0.5812321836492333,54,0.1016949152542373,-2.178532444324067,True
10,145,"1,2,4,5,9",60,crisis_overlay__realized_volatility_filter__2020-01-01,2.235273982629557,2.1855303198837905,55,0.0847457627118644,-2.379546134130174,True
10,146,"1,2,4,6,7",60,final_selection__growth_champion_v3__2020-01-01,1.9823873645561028,2.7831444027825105,30,0.5084745762711864,0.0339015516756812,False
10,147,"1,2,4,6,8",60,final_selection__growth_champion_v3__2020-01-01,3.2137235821857795,1.6021520062580887,47,0.22033898305084745,-1.2636920390275583,True
10,148,"1,2,4,6,9",60,crisis_overlay__spy_trend_filter__2008-01-01,1.2792977687037232,3.209696380517792,41,0.3220338983050847,-0.7444404749474959,True
10,149,"1,2,4,7,8",60,final_selection__growth_champion_v3__2015-01-01,2.8137811591275463,2.5601428337844094,25,0.5932203389830508,0.377294231141468,False
10,150,"1,2,4,7,9",60,crisis_overlay__spy_trend_filter__2008-01-01,1.2422451189973864,3.1526045466018178,43,0.288135593220339,-0.9044562742271522,True
10,151,"1,2,4,8,9",60,final_selection__growth_champion_v3__2015-01-01,1.8490037284125487,3.235337919230698,18,0.711864406779661,0.9044562742271522,False
10,152,"1,2,5,6,7",60,crisis_overlay__realized_volatility_filter__2020-01-01,3.6355842625931647,0.5980532802046926,56,0.06779661016949153,-2.6210388241125804,True
10,153,"1,2,5,6,8",60,crisis_overlay__qqq_trend_filter__2020-01-01,4.716480720858049,-0.5793038999293194,54,0.1016949152542373,-2.178532444324067,True
10,154,"1,2,5,6,9",60,crisis_overlay__realized_volatility_filter__2020-01-01,2.9505581668122134,1.4135283954812583,57,0.05084745762711865,-2.9267394020670396,True
10,155,"1,2,5,7,8",60,crisis_overlay__spy_trend_filter__2015-01-01,3.861690861359317,1.411607997612442,38,0.3728813559322034,-0.5198754592859085,True
10,156,"1,2,5,7,9",60,crisis_overlay__realized_volatility_filter__2015-01-01,2.5294638158200042,2.427773397944165,57,0.05084745762711865,-2.9267394020670396,True
10,157,"1,2,5,8,9",60,crisis_overlay__spy_trend_filter__2015-01-01,3.0148953018119724,2.1681850455136513,30,0.5084745762711864,0.0339015516756812,False
10,158,"1,2,6,7,8",60,crisis_overlay__spy_trend_filter__2015-01-01,3.0562579073795657,2.1507016288149234,40,0.3389830508474576,-0.6678293725756556,True
10,159,"1,2,6,7,9",60,crisis_overlay__spy_trend_filter__2015-01-01,1.6517239822317624,3.666478746018655,23,0.6271186440677966,0.5198754592859086,False
10,160,"1,2,6,8,9",60,crisis_overlay__spy_trend_filter__2015-01-01,2.293883917705706,2.99240522443432,34,0.4406779661016949,-0.23841102344499837,True
10,161,"1,2,7,8,9",60,final_selection__growth_champion_v3__2015-01-01,2.2567351215737124,3.005667683895652,30,0.5084745762711864,0.0339015516756812,False
10,162,"1,3,4,5,6",60,crisis_overlay__realized_volatility_filter__2020-01-01,4.288475736130239,0.16588509701194495,57,0.05084745762711865,-2.9267394020670396,True
10,163,"1,3,4,5,7",60,crisis_overlay__qqq_trend_filter__2015-01-01,3.2868100445055544,1.990490485810008,8,0.8813559322033898,2.0053335695261136,False
10,164,"1,3,4,5,8",60,crisis_overlay__qqq_trend_filter__2020-01-01,4.2510422545525595,0.5812321836492333,54,0.1016949152542373,-2.178532444324067,True
10,165,"1,3,4,5,9",60,crisis_overlay__realized_volatility_filter__2008-01-01,2.532135059197519,1.9048641232136654,48,0.2033898305084746,-1.365240951922058,True
10,166,"1,3,4,6,7",60,final_selection__growth_champion_v3__2015-01-01,2.3873115267612377,2.8383548645400043,2,0.9830508474576272,4.060443010546422,False
10,167,"1,3,4,6,8",60,final_selection__growth_champion_v3__2020-01-01,3.2137235821857795,1.6021520062580887,45,0.2542372881355932,-1.0761394328160512,True
10,168,"1,3,4,6,9",60,crisis_overlay__spy_trend_filter__2008-01-01,1.8202901931509023,2.6890578065775563,38,0.3728813559322034,-0.5198754592859085,True
10,169,"1,3,4,7,8",60,final_selection__growth_champion_v3__2015-01-01,3.202598886416315,2.2509561198229258,18,0.711864406779661,0.9044562742271522,False
10,170,"1,3,4,7,9",60,crisis_overlay__spy_trend_filter__2008-01-01,1.8176413909305766,2.657893780166107,36,0.4067796610169492,-0.3772942311414679,True
10,171,"1,3,4,8,9",60,crisis_overlay__qqq_trend_filter__2015-01-01,2.2663706918922846,2.77146759917316,24,0.6101694915254238,0.4480247225269605,False
10,172,"1,3,5,6,7",60,crisis_overlay__realized_volatility_filter__2020-01-01,3.6355842625931647,0.5980532802046926,56,0.06779661016949153,-2.6210388241125804,True
10,173,"1,3,5,6,8",60,crisis_overlay__qqq_trend_filter__2020-01-01,4.716480720858049,-0.5793038999293194,54,0.1016949152542373,-2.178532444324067,True
10,174,"1,3,5,6,9",60,crisis_overlay__realized_volatility_filter__2020-01-01,2.9505581668122134,1.4135283954812583,57,0.05084745762711865,-2.9267394020670396,True
10,175,"1,3,5,7,8",60,crisis_overlay__spy_trend_filter__2015-01-01,4.1156602223656495,1.0408192669017426,42,0.3050847457627119,-0.823200308808143,True
10,176,"1,3,5,7,9",60,crisis_overlay__realized_volatility_filter__2015-01-01,2.7600227831879596,2.174754725084397,34,0.4406779661016949,-0.23841102344499837,True
10,177,"1,3,5,8,9",60,final_selection__growth_champion_v3__2015-01-01,3.2981268847036747,1.847345869849056,16,0.7457627118644068,1.0761394328160512,False
10,178,"1,3,6,7,8",60,crisis_overlay__spy_trend_filter__2015-01-01,3.3320801007201473,1.8016456976543889,50,0.1694915254237288,-1.589235205116581,True
10,179,"1,3,6,7,9",60,final_selection__growth_champion_v3__2015-01-01,1.9873327754625765,3.4137888483395087,16,0.7457627118644068,1.0761394328160512,False
10,180,"1,3,6,8,9",60,final_selection__growth_champion_v3__2015-01-01,2.594166297723537,2.710904204207037,12,0.8135593220338984,1.4733057381095207,False
10,181,"1,3,7,8,9",60,final_selection__growth_champion_v3__2015-01-01,2.6085967127453924,2.6614844639855004,17,0.7288135593220338,0.9886113934537809,False
10,182,"1,4,5,6,7",60,crisis_overlay__realized_volatility_filter__2020-01-01,4.078674778169978,1.276864826669837,56,0.06779661016949153,-2.6210388241125804,True
10,183,"1,4,5,6,8",60,crisis_overlay__qqq_trend_filter__2020-01-01,5.757714054423125,0.5489175162259285,54,0.1016949152542373,-2.178532444324067,True
10,184,"1,4,5,6,9",60,crisis_overlay__realized_volatility_filter__2020-01-01,3.003655642861666,1.8295536956673297,56,0.06779661016949153,-2.6210388241125804,True
10,185,"1,4,5,7,8",60,final_selection__growth_champion_v3__2020-01-01,4.029174814489326,1.6350645757285052,1,0.999999,13.815509557935018,False
10,186,"1,4,5,7,9",60,crisis_overlay__qqq_trend_filter__2015-01-01,2.3846650860283978,2.747445466538793,21,0.6610169491525424,0.6678293725756556,False
10,187,"1,4,5,8,9",60,crisis_overlay__qqq_trend_filter__2015-01-01,3.079134284574239,2.079073231982024,20,0.6779661016949152,0.7444404749474958,False
10,188,"1,4,6,7,8",60,final_selection__growth_champion_v3__2015-01-01,3.0974095664571846,2.2810469572760255,12,0.8135593220338984,1.4733057381095207,False
10,189,"1,4,6,7,9",60,crisis_overlay__spy_trend_filter__2008-01-01,1.661658064964478,2.8849956848174294,35,0.423728813559322,-0.3074846997479607,True
10,190,"1,4,6,8,9",60,final_selection__growth_champion_v3__2015-01-01,2.2592878956186255,3.0418930874262404,3,0.9661016949152542,3.3499040872746044,False
10,191,"1,4,7,8,9",60,final_selection__growth_champion_v3__2015-01-01,2.298676485342758,3.0194988574268096,18,0.711864406779661,0.9044562742271522,False
10,192,"1,5,6,7,8",60,final_selection__growth_champion_v3__2020-01-01,4.7850489215145435,0.9743683168506178,31,0.4915254237288136,-0.03390155167568123,True
10,193,"1,5,6,7,9",60,crisis_overlay__realized_volatility_filter__2015-01-01,2.790306825233169,2.086601589539729,52,0.13559322033898305,-1.8523840910444898,True
10,194,"1,5,6,8,9",60,final_selection__growth_champion_v2__2020-01-01,3.7557653573388037,1.0825609101360687,58,0.03389830508474576,-3.349904087274605,True
10,195,"1,5,7,8,9",60,crisis_overlay__spy_trend_filter__2015-01-01,3.2938519271483315,1.8274056595922485,45,0.2542372881355932,-1.0761394328160512,True
10,196,"1,6,7,8,9",60,crisis_overlay__spy_trend_filter__2015-01-01,2.582528045829677,2.6768633676912645,42,0.3050847457627119,-0.823200308808143,True
10,197,"2,3,4,5,6",60,crisis_overlay__realized_volatility_filter__2020-01-01,4.288475736130239,0.16588509701194495,57,0.05084745762711865,-2.9267394020670396,True
10,198,"2,3,4,5,7",60,crisis_overlay__realized_volatility_filter__2020-01-01,2.993577549268573,1.4818592685371197,57,0.05084745762711865,-2.9267394020670396,True
10,199,"2,3,4,5,8",60,crisis_overlay__qqq_trend_filter__2020-01-01,4.2510422545525595,0.5812321836492333,54,0.1016949152542373,-2.178532444324067,True
10,200,"2,3,4,5,9",60,crisis_overlay__realized_volatility_filter__2020-01-01,2.235273982629557,2.1855303198837905,57,0.05084745762711865,-2.9267394020670396,True
10,201,"2,3,4,6,7",60,final_selection__growth_champion_v3__2020-01-01,1.9823873645561028,2.7831444027825105,43,0.288135593220339,-0.9044562742271522,True
10,202,"2,3,4,6,8",60,final_selection__growth_champion_v3__2020-01-01,3.2137235821857795,1.6021520062580887,47,0.22033898305084745,-1.2636920390275583,True
10,203,"2,3,4,6,9",60,crisis_overlay__spy_trend_filter__2008-01-01,1.3573449157250694,3.4772902807801045,39,0.3559322033898305,-0.5930637220029629,True
10,204,"2,3,4,7,8",60,final_selection__growth_champion_v3__2015-01-01,2.599146264658565,2.6536595801882434,30,0.5084745762711864,0.0339015516756812,False
10,205,"2,3,4,7,9",60,crisis_overlay__spy_trend_filter__2008-01-01,1.3309836675983464,3.4005492801124,42,0.3050847457627119,-0.823200308808143,True
10,206,"2,3,4,8,9",60,crisis_overlay__spy_trend_filter__2008-01-01,1.6991478610381388,3.0125858851131326,51,0.15254237288135594,-1.7147984280919266,True
10,207,"2,3,5,6,7",60,crisis_overlay__realized_volatility_filter__2020-01-01,3.6355842625931647,0.5980532802046926,56,0.06779661016949153,-2.6210388241125804,True
10,208,"2,3,5,6,8",60,crisis_overlay__qqq_trend_filter__2020-01-01,4.716480720858049,-0.5793038999293194,54,0.1016949152542373,-2.178532444324067,True
10,209,"2,3,5,6,9",60,crisis_overlay__realized_volatility_filter__2020-01-01,2.9505581668122134,1.4135283954812583,57,0.05084745762711865,-2.9267394020670396,True
10,210,"2,3,5,7,8",60,crisis_overlay__spy_trend_filter__2015-01-01,4.031821272693633,1.756651942750231,29,0.5254237288135594,0.10178269430994258,False
10,211,"2,3,5,7,9",60,crisis_overlay__realized_volatility_filter__2015-01-01,2.1653214178358713,2.698179794256687,45,0.2542372881355932,-1.0761394328160512,True
10,212,"2,3,5,8,9",60,crisis_overlay__spy_trend_filter__2015-01-01,2.9597697046188314,2.396708661478071,25,0.5932203389830508,0.377294231141468,False
10,213,"2,3,6,7,8",60,crisis_overlay__spy_trend_filter__2015-01-01,2.9920626883853374,2.369541516058346,38,0.3728813559322034,-0.5198754592859085,True
10,214,"2,3,6,7,9",60,crisis_overlay__spy_trend_filter__2008-01-01,1.2945357279262972,3.7371929220857707,20,0.6779661016949152,0.7444404749474958,False
10,215,"2,3,6,8,9",60,crisis_overlay__spy_trend_filter__2015-01-01,2.0476743064179908,3.0712466108438106,37,0.3898305084745763,-0.44802472252696024,True
10,216,"2,3,7,8,9",60,final_selection__growth_champion_v3__2015-01-01,1.9540533313506836,3.0398921266953813,46,0.23728813559322035,-1.1676051601550612,True
10,217,"2,4,5,6,7",60,crisis_overlay__realized_volatility_filter__2020-01-01,4.078674778169978,1.276864826669837,56,0.06779661016949153,-2.6210388241125804,True
10,218,"2,4,5,6,8",60,crisis_overlay__qqq_trend_filter__2020-01-01,5.757714054423125,0.5489175162259285,54,0.1016949152542373,-2.178532444324067,True
10,219,"2,4,5,6,9",60,crisis_overlay__realized_volatility_filter__2020-01-01,3.003655642861666,1.8295536956673297,57,0.05084745762711865,-2.9267394020670396,True
10,220,"2,4,5,7,8",60,final_selection__growth_champion_v3__2020-01-01,4.029174814489326,1.6350645757285052,46,0.23728813559322035,-1.1676051601550612,True
10,221,"2,4,5,7,9",60,crisis_overlay__realized_volatility_filter__2008-01-01,1.7807487654294138,2.8676329233761177,44,0.2711864406779661,-0.9886113934537812,True
10,222,"2,4,5,8,9",60,crisis_overlay__qqq_trend_filter__2020-01-01,2.8175397272724245,2.1451908103608868,54,0.1016949152542373,-2.178532444324067,True
10,223,"2,4,6,7,8",60,final_selection__growth_champion_v3__2015-01-01,2.550072628219987,2.7079675906447442,30,0.5084745762711864,0.0339015516756812,False
10,224,"2,4,6,7,9",60,crisis_overlay__spy_trend_filter__2008-01-01,1.225989208170211,3.7527201370836387,34,0.4406779661016949,-0.23841102344499837,True
10,225,"2,4,6,8,9",60,crisis_overlay__spy_trend_filter__2008-01-01,1.5761809750574498,3.3335769805845907,26,0.576271186440678,0.3074846997479607,False
10,226,"2,4,7,8,9",60,crisis_overlay__spy_trend_filter__2008-01-01,1.5653865496187993,3.270933818145542,42,0.3050847457627119,-0.823200308808143,True
10,227,"2,5,6,7,8",60,final_selection__growth_champion_v3__2020-01-01,4.7850489215145435,0.9743683168506178,46,0.23728813559322035,-1.1676051601550612,True
10,228,"2,5,6,7,9",60,crisis_overlay__realized_volatility_filter__2015-01-01,2.24977027083154,2.6614110931902966,45,0.2542372881355932,-1.0761394328160512,True
10,229,"2,5,6,8,9",60,final_selection__growth_champion_v2__2020-01-01,3.7557653573388037,1.0825609101360687,58,0.03389830508474576,-3.349904087274605,True
10,230,"2,5,7,8,9",60,crisis_overlay__spy_trend_filter__2015-01-01,2.9364391412964603,2.395719250793425,48,0.2033898305084746,-1.365240951922058,True
10,231,"2,6,7,8,9",60,crisis_overlay__spy_trend_filter__2015-01-01,2.0239243066168444,3.062865343684657,55,0.0847457627118644,-2.379546134130174,True
10,232,"3,4,5,6,7",60,crisis_overlay__realized_volatility_filter__2020-01-01,4.078674778169978,1.276864826669837,56,0.06779661016949153,-2.6210388241125804,True
10,233,"3,4,5,6,8",60,crisis_overlay__qqq_trend_filter__2020-01-01,5.757714054423125,0.5489175162259285,54,0.1016949152542373,-2.178532444324067,True
10,234,"3,4,5,6,9",60,crisis_overlay__realized_volatility_filter__2020-01-01,3.003655642861666,1.8295536956673297,57,0.05084745762711865,-2.9267394020670396,True
10,235,"3,4,5,7,8",60,final_selection__growth_champion_v3__2015-01-01,4.182351894645066,1.8496970074142283,3,0.9661016949152542,3.3499040872746044,False
10,236,"3,4,5,7,9",60,crisis_overlay__spy_trend_filter__2010-01-01,2.2585069753788467,2.2263416969332317,47,0.22033898305084745,-1.2636920390275583,True
10,237,"3,4,5,8,9",60,final_selection__growth_champion_v3__2015-01-01,2.962774004367637,2.435271947997586,2,0.9830508474576272,4.060443010546422,False
10,238,"3,4,6,7,8",60,final_selection__growth_champion_v3__2015-01-01,3.0147969856902606,2.4316564746837908,3,0.9661016949152542,3.3499040872746044,False
10,239,"3,4,6,7,9",60,crisis_overlay__spy_trend_filter__2008-01-01,1.6864051903026236,3.1073977716407746,39,0.3559322033898305,-0.5930637220029629,True
10,240,"3,4,6,8,9",60,crisis_overlay__spy_trend_filter__2008-01-01,2.01766387228359,2.663094995962989,52,0.13559322033898305,-1.8523840910444898,True
10,241,"3,4,7,8,9",60,crisis_overlay__spy_trend_filter__2008-01-01,2.0306840858095287,2.6392361106870577,51,0.15254237288135594,-1.7147984280919266,True
10,242,"3,5,6,7,8",60,final_selection__growth_champion_v3__2020-01-01,4.7850489215145435,0.9743683168506178,46,0.23728813559322035,-1.1676051601550612,True
10,243,"3,5,6,7,9",60,crisis_overlay__spy_trend_filter__2015-01-01,2.526811647121436,2.689708507330092,8,0.8813559322033898,2.0053335695261136,False
10,244,"3,5,6,8,9",60,final_selection__growth_champion_v2__2020-01-01,3.7557653573388037,1.0825609101360687,58,0.03389830508474576,-3.349904087274605,True
10,245,"3,5,7,8,9",60,final_selection__growth_champion_v3__2015-01-01,3.271343174645958,2.145238671131887,14,0.7796610169491526,1.2636920390275586,False
10,246,"3,6,7,8,9",60,final_selection__growth_champion_v3__2015-01-01,2.3917727224008627,2.833308285361411,44,0.2711864406779661,-0.9886113934537812,True
10,247,"4,5,6,7,8",60,final_selection__growth_champion_v3__2020-01-01,6.780087758196924,1.43673633622177,44,0.2711864406779661,-0.9886113934537812,True
10,248,"4,5,6,7,9",60,final_selection__growth_champion_v3__2015-01-01,2.104952338606981,3.0483602216275605,1,0.999999,13.815509557935018,False
10,249,"4,5,6,8,9",60,final_selection__growth_champion_v2__2020-01-01,4.665201092907678,1.487967626035527,58,0.03389830508474576,-3.349904087274605,True
10,250,"4,5,7,8,9",60,final_selection__growth_champion_v3__2015-01-01,3.04264624904592,2.4942640931361,12,0.8135593220338984,1.4733057381095207,False
10,251,"4,6,7,8,9",60,final_selection__growth_champion_v3__2015-01-01,1.9948744938432892,3.1325989534420575,26,0.576271186440678,0.3074846997479607,False
10,252,"5,6,7,8,9",60,crisis_overlay__spy_trend_filter__2015-01-01,3.209735704444221,2.0630230310494806,48,0.2033898305084746,-1.365240951922058,True
12,1,"0,1,2,3,4,5",60,crisis_overlay__drawdown_aware_trend_filter__2010-01-01,2.5041079378060647,1.8873194037315826,57,0.05084745762711865,-2.9267394020670396,True
12,2,"0,1,2,3,4,6",60,crisis_overlay__realized_volatility_filter__2010-01-01,3.434256261713442,1.1802749259502707,41,0.3220338983050847,-0.7444404749474959,True
12,3,"0,1,2,3,4,7",60,crisis_overlay__drawdown_aware_trend_filter__2010-01-01,2.9828848717691203,1.5085117761289049,42,0.3050847457627119,-0.823200308808143,True
12,4,"0,1,2,3,4,8",60,crisis_overlay__drawdown_aware_trend_filter__2010-01-01,2.5243021048181546,1.8408880645192245,57,0.05084745762711865,-2.9267394020670396,True
12,5,"0,1,2,3,4,9",60,crisis_overlay__drawdown_aware_trend_filter__2010-01-01,2.6209923908867236,1.7957521575705144,57,0.05084745762711865,-2.9267394020670396,True
12,6,"0,1,2,3,4,10",60,crisis_overlay__drawdown_aware_trend_filter__2015-01-01,3.120458727045675,1.523674202877381,41,0.3220338983050847,-0.7444404749474959,True
12,7,"0,1,2,3,4,11",60,crisis_overlay__drawdown_aware_trend_filter__2010-01-01,1.8397363919706804,2.2742525440140184,56,0.06779661016949153,-2.6210388241125804,True
12,8,"0,1,2,3,5,6",60,final_selection__growth_champion_v3__2020-01-01,3.189939117193857,0.77622798110774,47,0.22033898305084745,-1.2636920390275583,True
12,9,"0,1,2,3,5,7",60,final_selection__growth_champion_v3__2020-01-01,2.7640294626658903,1.5220004217866747,46,0.23728813559322035,-1.1676051601550612,True
12,10,"0,1,2,3,5,8",60,final_selection__growth_champion_v3__2020-01-01,2.2703601172936727,2.70304685738782,26,0.576271186440678,0.3074846997479607,False
12,11,"0,1,2,3,5,9",60,final_selection__growth_champion_v3__2015-01-01,2.0595741416115403,3.2056728526292133,16,0.7457627118644068,1.0761394328160512,False
12,12,"0,1,2,3,5,10",60,final_selection__growth_champion_v3__2015-01-01,2.5889324445030044,2.684250722925438,1,0.999999,13.815509557935018,False
12,13,"0,1,2,3,5,11",60,final_selection__growth_champion_v3__2015-01-01,1.1497773140981442,4.365317647909647,16,0.7457627118644068,1.0761394328160512,False
12,14,"0,1,2,3,6,7",60,crisis_overlay__realized_volatility_filter__2020-01-01,3.7232037001879794,-2.819479409787965,51,0.15254237288135594,-1.7147984280919266,True
12,15,"0,1,2,3,6,8",60,final_selection__growth_champion_v3__2020-01-01,3.220563436789268,-0.21431966629224372,47,0.22033898305084745,-1.2636920390275583,True
12,16,"0,1,2,3,6,9",60,final_selection__growth_champion_v3__2015-01-01,2.9872269073833637,2.1711180541616146,1,0.999999,13.815509557935018,False
12,17,"0,1,2,3,6,10",60,crisis_overlay__spy_trend_filter__2015-01-01,3.416177937463438,1.3983385781304134,32,0.4745762711864407,-0.10178269430994223,True
12,18,"0,1,2,3,6,11",60,final_selection__growth_champion_v3__2020-01-01,2.263638289819157,2.682063388056856,16,0.7457627118644068,1.0761394328160512,False
12,19,"0,1,2,3,7,8",60,final_selection__growth_champion_v3__2020-01-01,2.8466681492617627,0.7822915957506423,47,0.22033898305084745,-1.2636920390275583,True
12,20,"0,1,2,3,7,9",60,crisis_overlay__realized_volatility_filter__2015-01-01,2.8159274472180535,2.0118027766942483,49,0.1864406779661017,-1.4733057381095205,True
12,21,"0,1,2,3,7,10",60,crisis_overlay__realized_volatility_filter__2015-01-01,3.2538029963436985,1.2435135380030837,42,0.3050847457627119,-0.823200308808143,True
12,22,"0,1,2,3,7,11",60,crisis_overlay__realized_volatility_filter__2015-01-01,2.0935425748718424,3.1635590552971937,26,0.576271186440678,0.3074846997479607,False
12,23,"0,1,2,3,8,9",60,final_selection__growth_champion_v3__2015-01-01,2.2829843687340614,3.1313760925303344,15,0.7627118644067796,1.167605160155061,False
12,24,"0,1,2,3,8,10",60,crisis_overlay__spy_trend_filter__2015-01-01,2.732293446194505,2.4349361517663124,8,0.8813559322033898,2.0053335695261136,False
12,25,"0,1,2,3,8,11",60,final_selection__growth_champion_v3__2015-01-01,1.5150531752134762,4.671133543936573,15,0.7627118644067796,1.167605160155061,False
12,26,"0,1,2,3,9,10",60,final_selection__growth_champion_v3__2015-01-01,3.0150853292360305,2.170173140796211,26,0.576271186440678,0.3074846997479607,False
12,27,"0,1,2,3,9,11",60,final_selection__growth_champion_v3__2015-01-01,1.6375768306484026,3.936701095305252,16,0.7457627118644068,1.0761394328160512,False
12,28,"0,1,2,3,10,11",60,final_selection__growth_champion_v3__2015-01-01,2.136235876892571,3.4006272286200603,16,0.7457627118644068,1.0761394328160512,False
12,29,"0,1,2,4,5,6",60,crisis_overlay__drawdown_aware_trend_filter__2010-01-01,3.503636368873877,1.2057380054253153,38,0.3728813559322034,-0.5198754592859085,True
12,30,"0,1,2,4,5,7",60,crisis_overlay__drawdown_aware_trend_filter__2010-01-01,3.045716793043799,1.4575836064977183,50,0.1694915254237288,-1.589235205116581,True
12,31,"0,1,2,4,5,8",60,crisis_overlay__drawdown_aware_trend_filter__2010-01-01,2.5888977626275373,1.7863313104139722,57,0.05084745762711865,-2.9267394020670396,True
12,32,"0,1,2,4,5,9",60,crisis_overlay__qqq_trend_filter__2008-01-01,2.7587017242427705,1.8808461501800569,48,0.2033898305084746,-1.365240951922058,True
12,33,"0,1,2,4,5,10",60,crisis_overlay__qqq_trend_filter__2008-01-01,3.1158707023279586,1.652124935074844,46,0.23728813559322035,-1.1676051601550612,True
12,34,"0,1,2,4,5,11",60,crisis_overlay__qqq_trend_filter__2008-01-01,1.9752659909684949,2.2768022813177256,51,0.15254237288135594,-1.7147984280919266,True
12,35,"0,1,2,4,6,7",60,crisis_overlay__drawdown_aware_trend_filter__2010-01-01,3.8286593188756917,0.7280976060357272,34,0.4406779661016949,-0.23841102344499837,True
12,36,"0,1,2,4,6,8",60,crisis_overlay__drawdown_aware_trend_filter__2010-01-01,3.4276532265400843,1.1045481538077568,39,0.3559322033898305,-0.5930637220029629,True
12,37,"0,1,2,4,6,9",60,crisis_overlay__drawdown_aware_trend_filter__2010-01-01,3.6001820382923184,1.1057390249490993,49,0.1864406779661017,-1.4733057381095205,True
12,38,"0,1,2,4,6,10",60,crisis_overlay__drawdown_aware_trend_filter__2010-01-01,3.9063001432669133,0.7529374976225945,31,0.4915254237288136,-0.03390155167568123,True
12,39,"0,1,2,4,6,11",60,crisis_overlay__qqq_trend_filter__2010-01-01,2.8509515206248386,1.6602532201882874,52,0.13559322033898305,-1.8523840910444898,True
12,40,"0,1,2,4,7,8",60,crisis_overlay__drawdown_aware_trend_filter__2010-01-01,3.014724662933216,1.373436746186296,42,0.3050847457627119,-0.823200308808143,True
12,41,"0,1,2,4,7,9",60,crisis_overlay__drawdown_aware_trend_filter__2015-01-01,3.175472259270912,1.3273577993328944,58,0.03389830508474576,-3.349904087274605,True
12,42,"0,1,2,4,7,10",60,crisis_overlay__drawdown_aware_trend_filter__2015-01-01,3.597317978889044,0.4655622809389505,45,0.2542372881355932,-1.0761394328160512,True
12,43,"0,1,2,4,7,11",60,final_selection__growth_champion_v3__2008-01-01,2.4591665802771026,2.1056859699463817,34,0.4406779661016949,-0.23841102344499837,True
12,44,"0,1,2,4,8,9",60,crisis_overlay__drawdown_aware_trend_filter__2010-01-01,2.704645018826015,1.6917645999375035,57,0.05084745762711865,-2.9267394020670396,True
12,45,"0,1,2,4,8,10",60,crisis_overlay__drawdown_aware_trend_filter__2015-01-01,3.090245823842707,1.33321471972466,58,0.03389830508474576,-3.349904087274605,True
12,46,"0,1,2,4,8,11",60,final_selection__growth_champion_v3__2010-01-01,1.983859156446613,2.3949226975572944,38,0.3728813559322034,-0.5198754592859085,True
12,47,"0,1,2,4,9,10",60,crisis_overlay__drawdown_aware_trend_filter__2015-01-01,3.437417292008689,1.1935264979053188,58,0.03389830508474576,-3.349904087274605,True
12,48,"0,1,2,4,9,11",60,crisis_overlay__qqq_trend_filter__2008-01-01,2.201472461063332,2.154771771818593,54,0.1016949152542373,-2.178532444324067,True
12,49,"0,1,2,4,10,11",60,crisis_overlay__qqq_trend_filter__2008-01-01,2.5751586532672097,1.9324010755530212,51,0.15254237288135594,-1.7147984280919266,True
12,50,"0,1,2,5,6,7",60,crisis_overlay__realized_volatility_filter__2020-01-01,4.033601512949728,-0.06121366597673466,57,0.05084745762711865,-2.9267394020670396,True
12,51,"0,1,2,5,6,8",60,final_selection__growth_champion_v3__2020-01-01,3.3780655529039856,1.2055648341830623,46,0.23728813559322035,-1.1676051601550612,True
12,52,"0,1,2,5,6,9",60,final_selection__growth_champion_v3__2015-01-01,2.951389241554891,2.3699238595335617,1,0.999999,13.815509557935018,False
12,53,"0,1,2,5,6,10",60,final_selection__growth_champion_v3__2020-01-01,3.598012592801192,0.8653315334460774,46,0.23728813559322035,-1.1676051601550612,True
12,54,"0,1,2,5,6,11",60,crisis_overlay__qqq_trend_filter__2010-01-01,2.085674504613035,2.208389826059139,52,0.13559322033898305,-1.8523840910444898,True
12,55,"0,1,2,5,7,8",60,final_selection__growth_champion_v3__2020-01-01,2.850087187288032,1.7569731432794495,46,0.23728813559322035,-1.1676051601550612,True
12,56,"0,1,2,5,7,9",60,crisis_overlay__spy_trend_filter__2015-01-01,2.7399659551355797,2.5043650725303173,14,0.7796610169491526,1.2636920390275586,False
12,57,"0,1,2,5,7,10",60,crisis_overlay__spy_trend_filter__2015-01-01,3.177883611778406,1.8217830877527423,23,0.6271186440677966,0.5198754592859086,False
12,58,"0,1,2,5,7,11",60,crisis_overlay__realized_volatility_filter__2015-01-01,1.8825512539438467,3.317889677745332,17,0.7288135593220338,0.9886113934537809,False
12,59,"0,1,2,5,8,9",60,final_selection__growth_champion_v3__2015-01-01,2.1701257241325482,3.246147969014026,9,0.864406779661017,1.8523840910444902,False
12,60,"0,1,2,5,8,10",60,final_selection__growth_champion_v3__2015-01-01,2.637934898574225,2.643714493641228,1,0.999999,13.815509557935018,False
12,61,"0,1,2,5,8,11",60,final_selection__growth_champion_v3__2015-01-01,1.3229530717960134,4.542579893930606,1,0.999999,13.815509557935018,False
12,62,"0,1,2,5,9,10",60,final_selection__growth_champion_v3__2015-01-01,3.0058786505426247,2.3812555728051286,16,0.7457627118644068,1.0761394328160512,False
12,63,"0,1,2,5,9,11",60,final_selection__growth_champion_v3__2015-01-01,1.461579764123611,4.0073622533447315,16,0.7457627118644068,1.0761394328160512,False
12,64,"0,1,2,5,10,11",60,final_selection__growth_champion_v3__2015-01-01,2.002604697430459,3.471555227195758,16,0.7457627118644068,1.0761394328160512,False
12,65,"0,1,2,6,7,8",60,crisis_overlay__realized_volatility_filter__2020-01-01,3.9912408576729517,-0.889930099783029,56,0.06779661016949153,-2.6210388241125804,True
12,66,"0,1,2,6,7,9",60,crisis_overlay__realized_volatility_filter__2015-01-01,3.55354684688211,0.8197452164692075,42,0.3050847457627119,-0.823200308808143,True
12,67,"0,1,2,6,7,10",60,crisis_overlay__realized_volatility_filter__2020-01-01,4.210984031747755,-1.5306400399801474,56,0.06779661016949153,-2.6210388241125804,True
12,68,"0,1,2,6,7,11",60,crisis_overlay__realized_volatility_filter__2020-01-01,2.931645337237001,1.1357682732525318,57,0.05084745762711865,-2.9267394020670396,True
12,69,"0,1,2,6,8,9",60,crisis_overlay__spy_trend_filter__2015-01-01,3.005433362320636,1.9877184700349217,9,0.864406779661017,1.8523840910444902,False
12,70,"0,1,2,6,8,10",60,final_selection__growth_champion_v3__2020-01-01,3.613147747187853,0.2359700412893755,46,0.23728813559322035,-1.1676051601550612,True
12,71,"0,1,2,6,8,11",60,final_selection__growth_champion_v3__2020-01-01,2.2484919216871346,2.588709851019909,16,0.7457627118644068,1.0761394328160512,False
12,72,"0,1,2,6,9,10",60,crisis_overlay__spy_trend_filter__2015-01-01,3.7610507321621167,1.045814233835322,46,0.23728813559322035,-1.1676051601550612,True
12,73,"0,1,2,6,9,11",60,final_selection__growth_champion_v3__2015-01-01,2.4200288852132994,2.9894262401795366,13,0.7966101694915254,1.3652409519220583,False
12,74,"0,1,2,6,10,11",60,crisis_overlay__spy_trend_filter__2015-01-01,2.8423351072850576,2.213576688671093,12,0.8135593220338984,1.4733057381095207,False
12,75,"0,1,2,7,8,9",60,crisis_overlay__spy_trend_filter__2015-01-01,2.8412681925308827,2.1937883097903974,23,0.6271186440677966,0.5198754592859086,False
12,76,"0,1,2,7,8,10",60,crisis_overlay__spy_trend_filter__2015-01-01,3.2258647681810646,1.2925548206601292,37,0.3898305084745763,-0.44802472252696024,True
12,77,"0,1,2,7,8,11",60,crisis_overlay__spy_trend_filter__2015-01-01,2.0940967505446273,3.8325454885161037,8,0.8813559322033898,2.0053335695261136,False
12,78,"0,1,2,7,9,10",60,crisis_overlay__spy_trend_filter__2015-01-01,3.543454661439628,1.1663179734031237,53,0.11864406779661017,-2.005333569526114,True
12,79,"0,1,2,7,9,11",60,crisis_overlay__spy_trend_filter__2015-01-01,2.267839149385543,3.1980660683397906,23,0.6271186440677966,0.5198754592859086,False
12,80,"0,1,2,7,10,11",60,crisis_overlay__spy_trend_filter__2015-01-01,2.69176370018575,2.453185370988952,20,0.6779661016949152,0.7444404749474958,False
12,81,"0,1,2,8,9,10",60,crisis_overlay__spy_trend_filter__2015-01-01,3.0298652347525663,2.0048662251804585,45,0.2542372881355932,-1.0761394328160512,True
12,82,"0,1,2,8,9,11",60,final_selection__growth_champion_v3__2015-01-01,1.7636504299141884,4.078042758527556,16,0.7457627118644068,1.0761394328160512,False
12,83,"0,1,2,8,10,11",60,final_selection__growth_champion_v3__2015-01-01,2.210294951155709,3.4445632288735664,16,0.7457627118644068,1.0761394328160512,False
12,84,"0,1,2,9,10,11",60,final_selection__growth_champion_v3__2015-01-01,2.441104608291131,2.9827540684623677,16,0.7457627118644068,1.0761394328160512,False
12,85,"0,1,3,4,5,6",60,crisis_overlay__realized_volatility_filter__2010-01-01,3.2746836255522274,1.2036243650217124,44,0.2711864406779661,-0.9886113934537812,True
12,86,"0,1,3,4,5,7",60,final_selection__growth_champion_v3__2010-01-01,2.773135947323603,1.7924573728328497,30,0.5084745762711864,0.0339015516756812,False
12,87,"0,1,3,4,5,8",60,final_selection__growth_champion_v3__2010-01-01,2.3563608826878633,2.1196112134141787,45,0.2542372881355932,-1.0761394328160512,True
12,88,"0,1,3,4,5,9",60,final_selection__growth_champion_v3__2008-01-01,2.487927689385657,2.0940232087870854,34,0.4406779661016949,-0.23841102344499837,True
12,89,"0,1,3,4,5,10",60,final_selection__growth_champion_v3__2008-01-01,2.8438256150809753,1.8667167409879626,33,0.4576271186440678,-0.16989903679539747,True
12,90,"0,1,3,4,5,11",60,final_selection__growth_champion_v3__2008-01-01,1.754481577749499,2.5148818530892516,38,0.3728813559322034,-0.5198754592859085,True
12,91,"0,1,3,4,6,7",60,crisis_overlay__realized_volatility_filter__2020-01-01,3.7232037001879794,-2.819479409787965,51,0.15254237288135594,-1.7147984280919266,True
12,92,"0,1,3,4,6,8",60,crisis_overlay__realized_volatility_filter__2010-01-01,3.2225681022001234,1.098181539863278,44,0.2711864406779661,-0.9886113934537812,True
12,93,"0,1,3,4,6,9",60,crisis_overlay__realized_volatility_filter__2010-01-01,3.331411832240654,1.1095381899552257,55,0.0847457627118644,-2.379546134130174,True
12,94,"0,1,3,4,6,10",60,crisis_overlay__realized_volatility_filter__2010-01-01,3.6317257854758886,0.7360297766459515,44,0.2711864406779661,-0.9886113934537812,True
12,95,"0,1,3,4,6,11",60,crisis_overlay__realized_volatility_filter__2010-01-01,2.6704849275990012,1.619713489810394,58,0.03389830508474576,-3.349904087274605,True
12,96,"0,1,3,4,7,8",60,final_selection__growth_champion_v3__2020-01-01,2.8466681492617627,0.7822915957506423,47,0.22033898305084745,-1.2636920390275583,True
12,97,"0,1,3,4,7,9",60,final_selection__growth_champion_v3__2015-01-01,2.9353876960887013,2.2285599790875015,8,0.8813559322033898,2.0053335695261136,False
12,98,"0,1,3,4,7,10",60,final_selection__growth_champion_v3__2015-01-01,3.357619882523547,1.5105011656089626,6,0.9152542372881356,2.379546134130174,False
12,99,"0,1,3,4,7,11",60,final_selection__growth_champion_v3__2008-01-01,2.244074152493566,2.249106395001371,34,0.4406779661016949,-0.23841102344499837,True
12,100,"0,1,3,4,8,9",60,final_selection__growth_champion_v3__2010-01-01,2.4713842058123525,2.015619751678866,45,0.2542372881355932,-1.0761394328160512,True
12,101,"0,1,3,4,8,10",60,final_selection__growth_champion_v3__2015-01-01,2.8817939063034954,2.302065399926402,3,0.9661016949152542,3.3499040872746044,False
12,102,"0,1,3,4,8,11",60,final_selection__growth_champion_v3__2010-01-01,1.8245382283211575,2.540246323760078,38,0.3728813559322034,-0.5198754592859085,True
12,103,"0,1,3,4,9,10",60,final_selection__growth_champion_v3__2015-01-01,3.176883672228464,1.9865320689799677,18,0.711864406779661,0.9044562742271522,False
12,104,"0,1,3,4,9,11",60,final_selection__growth_champion_v3__2008-01-01,1.9731739569308537,2.3878126634456898,39,0.3559322033898305,-0.5930637220029629,True
12,105,"0,1,3,4,10,11",60,final_selection__growth_champion_v3__2008-01-01,2.3445957856919875,2.168669832608009,38,0.3728813559322034,-0.5198754592859085,True
12,106,"0,1,3,5,6,7",60,crisis_overlay__realized_volatility_filter__2020-01-01,4.033601512949728,-0.06121366597673466,57,0.05084745762711865,-2.9267394020670396,True
12,107,"0,1,3,5,6,8",60,final_selection__growth_champion_v3__2020-01-01,3.3780655529039856,1.2055648341830623,46,0.23728813559322035,-1.1676051601550612,True
12,108,"0,1,3,5,6,9",60,final_selection__growth_champion_v3__2020-01-01,2.8507312120310746,1.989095328754738,30,0.5084745762711864,0.0339015516756812,False
12,109,"0,1,3,5,6,10",60,final_selection__growth_champion_v3__2020-01-01,3.598012592801192,0.8653315334460774,46,0.23728813559322035,-1.1676051601550612,True
12,110,"0,1,3,5,6,11",60,final_selection__growth_champion_v3__2020-01-01,2.0597537835868702,2.7528646859445614,16,0.7457627118644068,1.0761394328160512,False
12,111,"0,1,3,5,7,8",60,final_selection__growth_champion_v3__2020-01-01,2.850087187288032,1.7569731432794495,47,0.22033898305084745,-1.2636920390275583,True
12,112,"0,1,3,5,7,9",60,crisis_overlay__spy_trend_filter__2015-01-01,2.4699141061053407,2.792468801406703,8,0.8813559322033898,2.0053335695261136,False
12,113,"0,1,3,5,7,10",60,final_selection__growth_champion_v3__2020-01-01,3.071256283839228,1.4126253013350736,46,0.23728813559322035,-1.1676051601550612,True
12,114,"0,1,3,5,7,11",60,crisis_overlay__spy_trend_filter__2015-01-01,1.6080131100479862,4.0503419705924735,8,0.8813559322033898,2.0053335695261136,False
12,115,"0,1,3,5,8,9",60,final_selection__growth_champion_v3__2015-01-01,1.9063845604393603,3.4837548594231538,7,0.8983050847457628,2.1785324443240675,False
12,116,"0,1,3,5,8,10",60,final_selection__growth_champion_v3__2020-01-01,2.489427720424419,2.269813918093382,39,0.3559322033898305,-0.5930637220029629,True
12,117,"0,1,3,5,8,11",60,final_selection__growth_champion_v3__2010-01-01,1.0859055939160318,3.1074669730357964,41,0.3220338983050847,-0.7444404749474959,True
12,118,"0,1,3,5,9,10",60,final_selection__growth_champion_v3__2015-01-01,2.723488410834642,2.6194378041856705,17,0.7288135593220338,0.9886113934537809,False
12,119,"0,1,3,5,9,11",60,crisis_overlay__qqq_trend_filter__2008-01-01,1.1955095241284124,2.740093563904281,56,0.06779661016949153,-2.6210388241125804,True
12,120,"0,1,3,5,10,11",60,final_selection__growth_champion_v3__2015-01-01,1.7491203335546217,3.7184085520078285,11,0.8305084745762712,1.589235205116581,False
12,121,"0,1,3,6,7,8",60,crisis_overlay__realized_volatility_filter__2020-01-01,3.9912408576729517,-0.889930099783029,56,0.06779661016949153,-2.6210388241125804,True
12,122,"0,1,3,6,7,9",60,crisis_overlay__qqq_trend_filter__2020-01-01,3.4730153881680557,0.5972478251263683,54,0.1016949152542373,-2.178532444324067,True
12,123,"0,1,3,6,7,10",60,crisis_overlay__realized_volatility_filter__2020-01-01,4.210984031747755,-1.5306400399801474,56,0.06779661016949153,-2.6210388241125804,True
12,124,"0,1,3,6,7,11",60,crisis_overlay__realized_volatility_filter__2020-01-01,2.931645337237001,1.1357682732525318,57,0.05084745762711865,-2.9267394020670396,True
12,125,"0,1,3,6,8,9",60,final_selection__growth_champion_v3__2020-01-01,2.9035797908205248,1.6601675254820536,42,0.3050847457627119,-0.823200308808143,True
12,126,"0,1,3,6,8,10",60,final_selection__growth_champion_v3__2020-01-01,3.613147747187853,0.2359700412893755,46,0.23728813559322035,-1.1676051601550612,True
12,127,"0,1,3,6,8,11",60,final_selection__growth_champion_v3__2020-01-01,2.2484919216871346,2.588709851019909,21,0.6610169491525424,0.6678293725756556,False
12,128,"0,1,3,6,9,10",60,final_selection__growth_champion_v3__2015-01-01,3.528187409023328,1.4333825158507922,22,0.6440677966101694,0.5930637220029625,False
12,129,"0,1,3,6,9,11",60,final_selection__growth_champion_v3__2015-01-01,2.191894056402516,3.274574548102463,2,0.9830508474576272,4.060443010546422,False
12,130,"0,1,3,6,10,11",60,final_selection__growth_champion_v3__2015-01-01,2.634426476527708,2.6341116918342466,2,0.9830508474576272,4.060443010546422,False
12,131,"0,1,3,7,8,9",60,crisis_overlay__spy_trend_filter__2015-01-01,2.6259034113210573,2.587928265121567,9,0.864406779661017,1.8523840910444902,False
12,132,"0,1,3,7,8,10",60,final_selection__growth_champion_v3__2020-01-01,3.157336385943871,0.9266974006514971,46,0.23728813559322035,-1.1676051601550612,True
12,133,"0,1,3,7,8,11",60,crisis_overlay__spy_trend_filter__2015-01-01,1.890096650195409,4.308710122999627,9,0.864406779661017,1.8523840910444902,False
12,134,"0,1,3,7,9,10",60,crisis_overlay__spy_trend_filter__2015-01-01,3.3171995495057454,1.5432586178690786,48,0.2033898305084746,-1.365240951922058,True
12,135,"0,1,3,7,9,11",60,crisis_overlay__spy_trend_filter__2015-01-01,2.0334054822087446,3.5366402163301744,21,0.6610169491525424,0.6678293725756556,False
12,136,"0,1,3,7,10,11",60,crisis_overlay__spy_trend_filter__2015-01-01,2.4824179269558546,2.8699998633111186,18,0.711864406779661,0.9044562742271522,False
12,137,"0,1,3,8,9,10",60,final_selection__growth_champion_v3__2015-01-01,2.811989159453001,2.380738075779599,18,0.711864406779661,0.9044562742271522,False
12,138,"0,1,3,8,9,11",60,final_selection__growth_champion_v3__2015-01-01,1.5347654600465885,4.351399453707112,22,0.6440677966101694,0.5930637220029625,False
12,139,"0,1,3,8,10,11",60,final_selection__growth_champion_v3__2015-01-01,2.007368748950277,3.792508462911376,8,0.8813559322033898,2.0053335695261136,False
12,140,"0,1,3,9,10,11",60,final_selection__growth_champion_v3__2015-01-01,2.2029050291846666,3.250939720731646,18,0.711864406779661,0.9044562742271522,False
12,141,"0,1,4,5,6,7",60,crisis_overlay__realized_volatility_filter__2020-01-01,4.033601512949728,-0.06121366597673466,57,0.05084745762711865,-2.9267394020670396,True
12,142,"0,1,4,5,6,8",60,final_selection__growth_champion_v3__2020-01-01,3.3780655529039856,1.2055648341830623,38,0.3728813559322034,-0.5198754592859085,True
12,143,"0,1,4,5,6,9",60,final_selection__growth_champion_v3__2010-01-01,3.4283369050021504,1.3383711227544757,45,0.2542372881355932,-1.0761394328160512,True
12,144,"0,1,4,5,6,10",60,crisis_overlay__qqq_trend_filter__2010-01-01,3.7007592406613976,0.8849764103315748,36,0.4067796610169492,-0.3772942311414679,True
12,145,"0,1,4,5,6,11",60,crisis_overlay__qqq_trend_filter__2010-01-01,2.7162813955985516,1.726422918897906,50,0.1694915254237288,-1.589235205116581,True
12,146,"0,1,4,5,7,8",60,final_selection__growth_champion_v3__2010-01-01,2.8507773209023144,1.6443402300157348,39,0.3559322033898305,-0.5930637220029629,True
12,147,"0,1,4,5,7,9",60,final_selection__growth_champion_v3__2008-01-01,3.061237593163598,1.6875962991304745,36,0.4067796610169492,-0.3772942311414679,True
12,148,"0,1,4,5,7,10",60,final_selection__growth_champion_v3__2008-01-01,3.3404934942011475,1.4180649913716188,20,0.6779661016949152,0.7444404749474958,False
12,149,"0,1,4,5,7,11",60,final_selection__growth_champion_v3__2008-01-01,2.3866073043309943,2.1306146235956573,37,0.3898305084745763,-0.44802472252696024,True
12,150,"0,1,4,5,8,9",60,final_selection__growth_champion_v3__2008-01-01,2.5743117132826816,2.0211948585317163,33,0.4576271186440678,-0.16989903679539747,True
12,151,"0,1,4,5,8,10",60,final_selection__growth_champion_v3__2008-01-01,2.888777133237789,1.7758302186996646,33,0.4576271186440678,-0.16989903679539747,True
12,152,"0,1,4,5,8,11",60,final_selection__growth_champion_v3__2010-01-01,1.8903676881076656,2.463292142001028,34,0.4406779661016949,-0.23841102344499837,True
12,153,"0,1,4,5,9,10",60,final_selection__growth_champion_v3__2008-01-01,3.215178143009862,1.6311280358323723,37,0.3898305084745763,-0.44802472252696024,True
12,154,"0,1,4,5,9,11",60,final_selection__growth_champion_v3__2008-01-01,2.149953414211632,2.2856033462716816,42,0.3050847457627119,-0.823200308808143,True
12,155,"0,1,4,5,10,11",60,final_selection__growth_champion_v3__2008-01-01,2.5025924938079687,2.0590492267258265,40,0.3389830508474576,-0.6678293725756556,True
12,156,"0,1,4,6,7,8",60,crisis_overlay__realized_volatility_filter__2020-01-01,3.9912408576729517,-0.889930099783029,56,0.06779661016949153,-2.6210388241125804,True
12,157,"0,1,4,6,7,9",60,final_selection__growth_champion_v3__2010-01-01,3.7114606046582788,0.8351314238739881,26,0.576271186440678,0.3074846997479607,False
12,158,"0,1,4,6,7,10",60,crisis_overlay__realized_volatility_filter__2020-01-01,4.210984031747755,-1.5306400399801474,56,0.06779661016949153,-2.6210388241125804,True
12,159,"0,1,4,6,7,11",60,final_selection__growth_champion_v3__2010-01-01,3.080009840456419,1.3719257885074236,42,0.3050847457627119,-0.823200308808143,True
12,160,"0,1,4,6,8,9",60,final_selection__growth_champion_v3__2010-01-01,3.3660041812842114,1.2207564165694667,46,0.23728813559322035,-1.1676051601550612,True
12,161,"0,1,4,6,8,10",60,final_selection__growth_champion_v3__2010-01-01,3.620601493612227,0.8337140775136678,25,0.5932203389830508,0.377294231141468,False
12,162,"0,1,4,6,8,11",60,final_selection__growth_champion_v3__2010-01-01,2.722998276492958,1.747393206654919,45,0.2542372881355932,-1.0761394328160512,True
12,163,"0,1,4,6,9,10",60,final_selection__growth_champion_v3__2015-01-01,3.902957202266974,0.9225177700681123,28,0.5423728813559322,0.16989903679539742,False
12,164,"0,1,4,6,9,11",60,crisis_overlay__qqq_trend_filter__2008-01-01,2.8813719646234532,1.7157716004624337,47,0.22033898305084745,-1.2636920390275583,True
12,165,"0,1,4,6,10,11",60,crisis_overlay__realized_volatility_filter__2008-01-01,3.1696368161536523,1.5206777280662878,36,0.4067796610169492,-0.3772942311414679,True
12,166,"0,1,4,7,8,9",60,final_selection__growth_champion_v3__2010-01-01,2.948340109961458,1.5263386262469156,45,0.2542372881355932,-1.0761394328160512,True
12,167,"0,1,4,7,8,10",60,final_selection__growth_champion_v3__2015-01-01,3.3214407242401274,1.2306540034630902,15,0.7627118644067796,1.167605160155061,False
12,168,"0,1,4,7,8,11",60,final_selection__growth_champion_v3__2010-01-01,2.3485023984431166,2.08606357787043,44,0.2711864406779661,-0.9886113934537812,True
12,169,"0,1,4,7,9,10",60,final_selection__growth_champion_v3__2015-01-01,3.646169526856329,1.0851508111508046,39,0.3559322033898305,-0.5930637220029629,True
12,170,"0,1,4,7,9,11",60,final_selection__growth_champion_v3__2008-01-01,2.573119586136607,1.9905250184674144,42,0.3050847457627119,-0.823200308808143,True
12,171,"0,1,4,7,10,11",60,final_selection__growth_champion_v3__2008-01-01,2.8668415897219846,1.729853230253075,34,0.4406779661016949,-0.23841102344499837,True
12,172,"0,1,4,8,9,10",60,final_selection__growth_champion_v3__2015-01-01,3.1716794600766356,1.8492151282484794,18,0.711864406779661,0.9044562742271522,False
12,173,"0,1,4,8,9,11",60,final_selection__growth_champion_v3__2008-01-01,2.093975973662416,2.3274689531645754,39,0.3559322033898305,-0.5930637220029629,True
12,174,"0,1,4,8,10,11",60,final_selection__growth_champion_v3__2008-01-01,2.4246227775221145,2.090247355124522,34,0.4406779661016949,-0.23841102344499837,True
12,175,"0,1,4,9,10,11",60,final_selection__growth_champion_v3__2008-01-01,2.7008081550319525,1.9243416883921598,42,0.3050847457627119,-0.823200308808143,True
12,176,"0,1,5,6,7,8",60,crisis_overlay__realized_volatility_filter__2020-01-01,4.486170475389928,0.48818113123665746,56,0.06779661016949153,-2.6210388241125804,True
12,177,"0,1,5,6,7,9",60,crisis_overlay__qqq_trend_filter__2020-01-01,3.799819341870569,1.3714956814420107,48,0.2033898305084746,-1.365240951922058,True
12,178,"0,1,5,6,7,10",60,crisis_overlay__realized_volatility_filter__2020-01-01,4.772771912571356,0.16639726300025892,56,0.06779661016949153,-2.6210388241125804,True
12,179,"0,1,5,6,7,11",60,crisis_overlay__realized_volatility_filter__2020-01-01,2.9752632942569037,1.7018188279264512,55,0.0847457627118644,-2.379546134130174,True
12,180,"0,1,5,6,8,9",60,final_selection__growth_champion_v3__2020-01-01,3.0145281803051462,2.0508239061374844,18,0.711864406779661,0.9044562742271522,False
12,181,"0,1,5,6,8,10",60,final_selection__growth_champion_v3__2020-01-01,3.9598212043213414,1.1923145547853904,45,0.2542372881355932,-1.0761394328160512,True
12,182,"0,1,5,6,8,11",60,final_selection__growth_champion_v3__2010-01-01,2.047875285352519,2.3590754243237426,46,0.23728813559322035,-1.1676051601550612,True
12,183,"0,1,5,6,9,10",60,final_selection__growth_champion_v3__2015-01-01,3.581933844576073,1.7233076724165648,11,0.8305084745762712,1.589235205116581,False
12,184,"0,1,5,6,9,11",60,crisis_overlay__qqq_trend_filter__2008-01-01,2.170893840231931,2.183343296269222,55,0.0847457627118644,-2.379546134130174,True
12,185,"0,1,5,6,10,11",60,final_selection__growth_champion_v3__2015-01-01,2.5545455902980794,2.8007109347563843,2,0.9830508474576272,4.060443010546422,False
12,186,"0,1,5,7,8,9",60,crisis_overlay__spy_trend_filter__2015-01-01,2.539932982612696,2.767297446577092,9,0.864406779661017,1.8523840910444902,False
12,187,"0,1,5,7,8,10",60,final_selection__growth_champion_v3__2020-01-01,3.266825303832923,1.629594202890111,43,0.288135593220339,-0.9044562742271522,True
12,188,"0,1,5,7,8,11",60,crisis_overlay__spy_trend_filter__2015-01-01,1.735064811846158,4.1838469460062475,9,0.864406779661017,1.8523840910444902,False
12,189,"0,1,5,7,9,10",60,crisis_overlay__spy_trend_filter__2015-01-01,3.3166449987490156,1.8334035441553302,32,0.4745762711864407,-0.10178269430994223,True
12,190,"0,1,5,7,9,11",60,crisis_overlay__spy_trend_filter__2015-01-01,1.9023172477726993,3.6487972103396284,8,0.8813559322033898,2.0053335695261136,False
12,191,"0,1,5,7,10,11",60,crisis_overlay__spy_trend_filter__2015-01-01,2.378163157570823,3.0021734782608345,9,0.864406779661017,1.8523840910444902,False
12,192,"0,1,5,8,9,10",60,final_selection__growth_champion_v3__2015-01-01,2.7768455424434557,2.6004410079073814,16,0.7457627118644068,1.0761394328160512,False
12,193,"0,1,5,8,9,11",60,final_selection__growth_champion_v3__2008-01-01,1.3788371927558205,2.7986179620603195,50,0.1694915254237288,-1.589235205116581,True
12,194,"0,1,5,8,10,11",60,final_selection__growth_champion_v3__2015-01-01,1.8713772437095617,3.8315086855905833,3,0.9661016949152542,3.3499040872746044,False
12,195,"0,1,5,9,10,11",60,final_selection__growth_champion_v3__2015-01-01,2.115039625219401,3.4177059094850586,18,0.711864406779661,0.9044562742271522,False
12,196,"0,1,6,7,8,9",60,final_selection__growth_champion_v3__2020-01-01,3.7861301816031885,1.1142362343558834,39,0.3559322033898305,-0.5930637220029629,True
12,197,"0,1,6,7,8,10",60,crisis_overlay__realized_volatility_filter__2020-01-01,4.695794754811579,-0.41894589782435804,56,0.06779661016949153,-2.6210388241125804,True
12,198,"0,1,6,7,8,11",60,crisis_overlay__realized_volatility_filter__2020-01-01,3.074534181421369,1.454392855586341,56,0.06779661016949153,-2.6210388241125804,True
12,199,"0,1,6,7,9,10",60,crisis_overlay__qqq_trend_filter__2020-01-01,4.078722104991784,0.716741523306893,38,0.3728813559322034,-0.5198754592859085,True
12,200,"0,1,6,7,9,11",60,crisis_overlay__spy_trend_filter__2015-01-01,2.746131319373862,2.3933185995119577,18,0.711864406779661,0.9044562742271522,False
12,201,"0,1,6,7,10,11",60,crisis_overlay__realized_volatility_filter__2020-01-01,3.3855973106337593,1.1376187060135479,53,0.11864406779661017,-2.005333569526114,True
12,202,"0,1,6,8,9,10",60,final_selection__growth_champion_v3__2015-01-01,3.5007139058341714,1.212066055251389,39,0.3559322033898305,-0.5930637220029629,True
12,203,"0,1,6,8,9,11",60,final_selection__growth_champion_v3__2015-01-01,2.269881197895838,3.3293204170046504,2,0.9830508474576272,4.060443010546422,False
12,204,"0,1,6,8,10,11",60,final_selection__growth_champion_v3__2015-01-01,2.6686887237638173,2.5611839516709884,2,0.9830508474576272,4.060443010546422,False
12,205,"0,1,6,9,10,11",60,final_selection__growth_champion_v3__2015-01-01,2.9537230232624845,2.234733726461029,17,0.7288135593220338,0.9886113934537809,False
12,206,"0,1,7,8,9,10",60,crisis_overlay__spy_trend_filter__2015-01-01,3.3101051710929856,1.3061325108111579,53,0.11864406779661017,-2.005333569526114,True
12,207,"0,1,7,8,9,11",60,crisis_overlay__spy_trend_filter__2015-01-01,2.1240612805447965,3.6123745680557553,9,0.864406779661017,1.8523840910444902,False
12,208,"0,1,7,8,10,11",60,crisis_overlay__spy_trend_filter__2015-01-01,2.5301522555307687,2.8053124260738214,15,0.7627118644067796,1.167605160155061,False
12,209,"0,1,7,9,10,11",60,crisis_overlay__spy_trend_filter__2015-01-01,2.7655646667342872,2.406524147166755,25,0.5932203389830508,0.377294231141468,False
12,210,"0,1,8,9,10,11",60,final_selection__growth_champion_v3__2015-01-01,2.284928353310412,3.316303440125349,19,0.6949152542372882,0.8232003088081432,False
12,211,"0,2,3,4,5,6",60,final_selection__growth_champion_v3__2020-01-01,3.189939117193857,0.77622798110774,47,0.22033898305084745,-1.2636920390275583,True
12,212,"0,2,3,4,5,7",60,final_selection__growth_champion_v3__2020-01-01,2.7640294626658903,1.5220004217866747,46,0.23728813559322035,-1.1676051601550612,True
12,213,"0,2,3,4,5,8",60,final_selection__growth_champion_v3__2020-01-01,2.2703601172936727,2.70304685738782,21,0.6610169491525424,0.6678293725756556,False
12,214,"0,2,3,4,5,9",60,crisis_overlay__drawdown_aware_trend_filter__2010-01-01,2.1495936506073177,2.060929899950299,58,0.03389830508474576,-3.349904087274605,True
12,215,"0,2,3,4,5,10",60,crisis_overlay__drawdown_aware_trend_filter__2015-01-01,2.8169273333957086,2.128316179743536,28,0.5423728813559322,0.16989903679539742,False
12,216,"0,2,3,4,5,11",60,crisis_overlay__drawdown_aware_trend_filter__2010-01-01,1.5004162722280499,2.604829977821444,57,0.05084745762711865,-2.9267394020670396,True
12,217,"0,2,3,4,6,7",60,crisis_overlay__realized_volatility_filter__2020-01-01,3.7232037001879794,-2.819479409787965,51,0.15254237288135594,-1.7147984280919266,True
12,218,"0,2,3,4,6,8",60,final_selection__growth_champion_v3__2020-01-01,3.220563436789268,-0.21431966629224372,47,0.22033898305084745,-1.2636920390275583,True
12,219,"0,2,3,4,6,9",60,final_selection__growth_champion_v3__2015-01-01,3.2617617868002884,2.1244271296851136,2,0.9830508474576272,4.060443010546422,False
12,220,"0,2,3,4,6,10",60,crisis_overlay__drawdown_aware_trend_filter__2015-01-01,3.8154141426914463,1.1355302175823323,35,0.423728813559322,-0.3074846997479607,True
12,221,"0,2,3,4,6,11",60,crisis_overlay__drawdown_aware_trend_filter__2010-01-01,2.2990844127323835,1.9006396140683606,55,0.0847457627118644,-2.379546134130174,True
12,222,"0,2,3,4,7,8",60,final_selection__growth_champion_v3__2020-01-01,2.8466681492617627,0.7822915957506423,47,0.22033898305084745,-1.2636920390275583,True
12,223,"0,2,3,4,7,9",60,crisis_overlay__drawdown_aware_trend_filter__2015-01-01,3.043074075802166,1.8543517452174014,47,0.22033898305084745,-1.2636920390275583,True
12,224,"0,2,3,4,7,10",60,crisis_overlay__drawdown_aware_trend_filter__2015-01-01,3.59112191662896,1.2437402532677078,42,0.3050847457627119,-0.823200308808143,True
12,225,"0,2,3,4,7,11",60,crisis_overlay__realized_volatility_filter__2015-01-01,2.027194377222941,3.0334264177310875,22,0.6440677966101694,0.5930637220029625,False
12,226,"0,2,3,4,8,9",60,final_selection__growth_champion_v3__2015-01-01,2.3769503408246995,2.8805425565442153,17,0.7288135593220338,0.9886113934537809,False
12,227,"0,2,3,4,8,10",60,crisis_overlay__drawdown_aware_trend_filter__2015-01-01,2.9579910140867995,1.8984094891764567,36,0.4067796610169492,-0.3772942311414679,True
12,228,"0,2,3,4,8,11",60,crisis_overlay__drawdown_aware_trend_filter__2010-01-01,1.5922560357921351,2.603514970518057,58,0.03389830508474576,-3.349904087274605,True
12,229,"0,2,3,4,9,10",60,crisis_overlay__drawdown_aware_trend_filter__2015-01-01,3.3361794247374776,1.700295506248235,54,0.1016949152542373,-2.178532444324067,True
12,230,"0,2,3,4,9,11",60,final_selection__growth_champion_v3__2008-01-01,1.6610250421614967,2.6720160628857417,42,0.3050847457627119,-0.823200308808143,True
12,231,"0,2,3,4,10,11",60,final_selection__growth_champion_v3__2015-01-01,2.198611610285303,3.0886635072542905,17,0.7288135593220338,0.9886113934537809,False
12,232,"0,2,3,5,6,7",60,crisis_overlay__realized_volatility_filter__2020-01-01,4.033601512949728,-0.06121366597673466,57,0.05084745762711865,-2.9267394020670396,True
12,233,"0,2,3,5,6,8",60,final_selection__growth_champion_v3__2020-01-01,3.3780655529039856,1.2055648341830623,46,0.23728813559322035,-1.1676051601550612,True
12,234,"0,2,3,5,6,9",60,final_selection__growth_champion_v3__2020-01-01,2.8507312120310746,1.989095328754738,45,0.2542372881355932,-1.0761394328160512,True
12,235,"0,2,3,5,6,10",60,final_selection__growth_champion_v3__2020-01-01,3.598012592801192,0.8653315334460774,46,0.23728813559322035,-1.1676051601550612,True
12,236,"0,2,3,5,6,11",60,final_selection__growth_champion_v3__2020-01-01,2.0597537835868702,2.7528646859445614,31,0.4915254237288136,-0.03390155167568123,True
12,237,"0,2,3,5,7,8",60,final_selection__growth_champion_v3__2020-01-01,2.850087187288032,1.7569731432794495,47,0.22033898305084745,-1.2636920390275583,True
12,238,"0,2,3,5,7,9",60,crisis_overlay__realized_volatility_filter__2015-01-01,2.4626753136326567,2.502892287335144,36,0.4067796610169492,-0.3772942311414679,True
12,239,"0,2,3,5,7,10",60,final_selection__growth_champion_v3__2020-01-01,3.071256283839228,1.4126253013350736,46,0.23728813559322035,-1.1676051601550612,True
12,240,"0,2,3,5,7,11",60,final_selection__growth_champion_v3__2020-01-01,1.5603345055822602,3.352892005194644,15,0.7627118644067796,1.167605160155061,False
12,241,"0,2,3,5,8,9",60,final_selection__growth_champion_v3__2015-01-01,1.7097442234348936,3.3309239949585128,2,0.9830508474576272,4.060443010546422,False
12,242,"0,2,3,5,8,10",60,final_selection__growth_champion_v3__2020-01-01,2.489427720424419,2.269813918093382,46,0.23728813559322035,-1.1676051601550612,True
12,243,"0,2,3,5,8,11",60,final_selection__growth_champion_v3__2010-01-01,0.9140359168551865,3.547137839447159,32,0.4745762711864407,-0.10178269430994223,True
12,244,"0,2,3,5,9,10",60,final_selection__growth_champion_v3__2015-01-01,2.727596963544965,2.6201321540844535,16,0.7457627118644068,1.0761394328160512,False
12,245,"0,2,3,5,9,11",60,final_selection__growth_champion_v3__2008-01-01,0.9872267680221868,3.1658807219153515,51,0.15254237288135594,-1.7147984280919266,True
12,246,"0,2,3,5,10,11",60,final_selection__growth_champion_v3__2015-01-01,1.5247736937520848,3.520345392583232,16,0.7457627118644068,1.0761394328160512,False
12,247,"0,2,3,6,7,8",60,crisis_overlay__realized_volatility_filter__2020-01-01,3.9912408576729517,-0.889930099783029,56,0.06779661016949153,-2.6210388241125804,True
12,248,"0,2,3,6,7,9",60,crisis_overlay__realized_volatility_filter__2015-01-01,3.573995940518569,1.3924066284136865,41,0.3220338983050847,-0.7444404749474959,True
12,249,"0,2,3,6,7,10",60,crisis_overlay__realized_volatility_filter__2020-01-01,4.210984031747755,-1.5306400399801474,56,0.06779661016949153,-2.6210388241125804,True
12,250,"0,2,3,6,7,11",60,crisis_overlay__realized_volatility_filter__2020-01-01,2.931645337237001,1.1357682732525318,57,0.05084745762711865,-2.9267394020670396,True
12,251,"0,2,3,6,8,9",60,final_selection__growth_champion_v3__2020-01-01,2.9035797908205248,1.6601675254820536,46,0.23728813559322035,-1.1676051601550612,True
12,252,"0,2,3,6,8,10",60,final_selection__growth_champion_v3__2020-01-01,3.613147747187853,0.2359700412893755,46,0.23728813559322035,-1.1676051601550612,True
12,253,"0,2,3,6,8,11",60,final_selection__growth_champion_v3__2020-01-01,2.2484919216871346,2.588709851019909,41,0.3220338983050847,-0.7444404749474959,True
12,254,"0,2,3,6,9,10",60,crisis_overlay__spy_trend_filter__2015-01-01,3.7273381363847022,1.6296789419153643,29,0.5254237288135594,0.10178269430994258,False
12,255,"0,2,3,6,9,11",60,crisis_overlay__realized_volatility_filter__2015-01-01,2.090261346301086,2.858614926292218,23,0.6271186440677966,0.5198754592859086,False
12,256,"0,2,3,6,10,11",60,crisis_overlay__realized_volatility_filter__2015-01-01,2.6458461544335887,2.3017074850202004,32,0.4745762711864407,-0.10178269430994223,True
12,257,"0,2,3,7,8,9",60,crisis_overlay__spy_trend_filter__2015-01-01,2.638035845864922,2.587764453488042,19,0.6949152542372882,0.8232003088081432,False
12,258,"0,2,3,7,8,10",60,final_selection__growth_champion_v3__2020-01-01,3.157336385943871,0.9266974006514971,46,0.23728813559322035,-1.1676051601550612,True
12,259,"0,2,3,7,8,11",60,crisis_overlay__realized_volatility_filter__2015-01-01,1.8370737458960702,3.367553931823602,15,0.7627118644067796,1.167605160155061,False
12,260,"0,2,3,7,9,10",60,crisis_overlay__spy_trend_filter__2015-01-01,3.472123890535277,1.757949704857859,46,0.23728813559322035,-1.1676051601550612,True
12,261,"0,2,3,7,9,11",60,crisis_overlay__realized_volatility_filter__2015-01-01,1.9398695631921492,3.0243156842845575,38,0.3728813559322034,-0.5198754592859085,True
12,262,"0,2,3,7,10,11",60,crisis_overlay__realized_volatility_filter__2015-01-01,2.496578839950497,2.4705027268182342,52,0.13559322033898305,-1.8523840910444898,True
12,263,"0,2,3,8,9,10",60,crisis_overlay__spy_trend_filter__2015-01-01,2.8376118573538527,2.3938122865065474,48,0.2033898305084746,-1.365240951922058,True
12,264,"0,2,3,8,9,11",60,final_selection__growth_champion_v3__2015-01-01,1.294070274669343,3.996777756253799,16,0.7457627118644068,1.0761394328160512,False
12,265,"0,2,3,8,10,11",60,crisis_overlay__spy_trend_filter__2015-01-01,1.878579877399961,3.494381419825484,21,0.6610169491525424,0.6678293725756556,False
12,266,"0,2,3,9,10,11",60,final_selection__growth_champion_v3__2015-01-01,2.0910232579226697,3.1307956871225073,16,0.7457627118644068,1.0761394328160512,False
12,267,"0,2,4,5,6,7",60,crisis_overlay__realized_volatility_filter__2020-01-01,4.033601512949728,-0.06121366597673466,57,0.05084745762711865,-2.9267394020670396,True
12,268,"0,2,4,5,6,8",60,final_selection__growth_champion_v3__2020-01-01,3.3780655529039856,1.2055648341830623,42,0.3050847457627119,-0.823200308808143,True
12,269,"0,2,4,5,6,9",60,crisis_overlay__qqq_trend_filter__2015-01-01,3.2114127640850567,2.1209190965692404,9,0.864406779661017,1.8523840910444902,False
12,270,"0,2,4,5,6,10",60,crisis_overlay__drawdown_aware_trend_filter__2015-01-01,3.757484915477051,1.3599083410722004,22,0.6440677966101694,0.5930637220029625,False
12,271,"0,2,4,5,6,11",60,crisis_overlay__drawdown_aware_trend_filter__2010-01-01,2.3688963850432976,1.8467120959391947,55,0.0847457627118644,-2.379546134130174,True
12,272,"0,2,4,5,7,8",60,final_selection__growth_champion_v3__2020-01-01,2.850087187288032,1.7569731432794495,40,0.3389830508474576,-0.6678293725756556,True
12,273,"0,2,4,5,7,9",60,crisis_overlay__drawdown_aware_trend_filter__2015-01-01,2.9336704256826107,2.0208341463964286,31,0.4915254237288136,-0.03390155167568123,True
12,274,"0,2,4,5,7,10",60,crisis_overlay__drawdown_aware_trend_filter__2015-01-01,3.496493199114008,1.4615430009488009,34,0.4406779661016949,-0.23841102344499837,True
12,275,"0,2,4,5,7,11",60,final_selection__growth_champion_v3__2008-01-01,2.0431442044246553,2.403647514885841,40,0.3389830508474576,-0.6678293725756556,True
12,276,"0,2,4,5,8,9",60,crisis_overlay__drawdown_aware_trend_filter__2010-01-01,2.262635315669615,1.9646613461169669,58,0.03389830508474576,-3.349904087274605,True
12,277,"0,2,4,5,8,10",60,crisis_overlay__drawdown_aware_trend_filter__2015-01-01,2.8221248671498245,2.0560275079420416,31,0.4915254237288136,-0.03390155167568123,True
12,278,"0,2,4,5,8,11",60,crisis_overlay__drawdown_aware_trend_filter__2010-01-01,1.6461710780015197,2.5363011604495234,58,0.03389830508474576,-3.349904087274605,True
12,279,"0,2,4,5,9,10",60,crisis_overlay__drawdown_aware_trend_filter__2015-01-01,3.317931527900141,1.883869919797817,34,0.4406779661016949,-0.23841102344499837,True
12,280,"0,2,4,5,9,11",60,final_selection__growth_champion_v3__2008-01-01,1.804435318915974,2.5555231728420864,42,0.3050847457627119,-0.823200308808143,True
12,281,"0,2,4,5,10,11",60,crisis_overlay__spy_trend_filter__2008-01-01,2.1407042194464343,2.375008714287307,39,0.3559322033898305,-0.5930637220029629,True
12,282,"0,2,4,6,7,8",60,crisis_overlay__realized_volatility_filter__2020-01-01,3.9912408576729517,-0.889930099783029,56,0.06779661016949153,-2.6210388241125804,True
12,283,"0,2,4,6,7,9",60,crisis_overlay__drawdown_aware_trend_filter__2015-01-01,3.8358341187768037,0.9557600535456368,34,0.4406779661016949,-0.23841102344499837,True
12,284,"0,2,4,6,7,10",60,crisis_overlay__drawdown_aware_trend_filter__2015-01-01,4.286958517194093,0.2057361917886731,44,0.2711864406779661,-0.9886113934537812,True
12,285,"0,2,4,6,7,11",60,crisis_overlay__realized_volatility_filter__2020-01-01,2.931645337237001,1.1357682732525318,57,0.05084745762711865,-2.9267394020670396,True
12,286,"0,2,4,6,8,9",60,final_selection__growth_champion_v3__2015-01-01,3.23570477480349,2.0193234975659284,2,0.9830508474576272,4.060443010546422,False
12,287,"0,2,4,6,8,10",60,crisis_overlay__drawdown_aware_trend_filter__2015-01-01,3.704918680781444,0.9362755705194084,35,0.423728813559322,-0.3074846997479607,True
12,288,"0,2,4,6,8,11",60,crisis_overlay__spy_trend_filter__2010-01-01,2.397988272236291,2.025926878480836,47,0.22033898305084745,-1.2636920390275583,True
12,289,"0,2,4,6,9,10",60,crisis_overlay__drawdown_aware_trend_filter__2015-01-01,4.201782252418221,0.8675481753716442,50,0.1694915254237288,-1.589235205116581,True
12,290,"0,2,4,6,9,11",60,final_selection__growth_champion_v3__2015-01-01,2.524857990176646,2.7372016321471535,17,0.7288135593220338,0.9886113934537809,False
12,291,"0,2,4,6,10,11",60,crisis_overlay__qqq_trend_filter__2015-01-01,3.0396603472780677,2.019944203452921,21,0.6610169491525424,0.6678293725756556,False
12,292,"0,2,4,7,8,9",60,crisis_overlay__drawdown_aware_trend_filter__2015-01-01,3.0176415664968044,1.7378942237584145,49,0.1864406779661017,-1.4733057381095205,True
12,293,"0,2,4,7,8,10",60,crisis_overlay__drawdown_aware_trend_filter__2015-01-01,3.5014358917179154,1.0404767350804922,44,0.2711864406779661,-0.9886113934537812,True
12,294,"0,2,4,7,8,11",60,final_selection__growth_champion_v3__2015-01-01,2.105177720950588,3.4705159037244844,1,0.999999,13.815509557935018,False
12,295,"0,2,4,7,9,10",60,crisis_overlay__drawdown_aware_trend_filter__2015-01-01,3.9222397090014955,0.9473929001908012,59,0.01694915254237288,-4.060443010546419,True
12,296,"0,2,4,7,9,11",60,final_selection__growth_champion_v3__2015-01-01,2.307385915168879,2.976906134369156,16,0.7457627118644068,1.0761394328160512,False
12,297,"0,2,4,7,10,11",60,crisis_overlay__drawdown_aware_trend_filter__2015-01-01,2.84009412161568,1.9090798050770619,44,0.2711864406779661,-0.9886113934537812,True
12,298,"0,2,4,8,9,10",60,crisis_overlay__drawdown_aware_trend_filter__2015-01-01,3.292182777440794,1.584826412391677,53,0.11864406779661017,-2.005333569526114,True
12,299,"0,2,4,8,9,11",60,crisis_overlay__spy_trend_filter__2008-01-01,1.7864178321536406,2.6905926474824358,38,0.3728813559322034,-0.5198754592859085,True
12,300,"0,2,4,8,10,11",60,final_selection__growth_champion_v3__2015-01-01,2.2737625045343726,3.0752953666134877,18,0.711864406779661,0.9044562742271522,False
12,301,"0,2,4,9,10,11",60,final_selection__growth_champion_v3__2015-01-01,2.547111153199506,2.7243637109330403,18,0.711864406779661,0.9044562742271522,False
12,302,"0,2,5,6,7,8",60,crisis_overlay__realized_volatility_filter__2020-01-01,4.486170475389928,0.48818113123665746,56,0.06779661016949153,-2.6210388241125804,True
12,303,"0,2,5,6,7,9",60,crisis_overlay__qqq_trend_filter__2020-01-01,3.799819341870569,1.3714956814420107,53,0.11864406779661017,-2.005333569526114,True
12,304,"0,2,5,6,7,10",60,crisis_overlay__realized_volatility_filter__2020-01-01,4.772771912571356,0.16639726300025892,56,0.06779661016949153,-2.6210388241125804,True
12,305,"0,2,5,6,7,11",60,crisis_overlay__realized_volatility_filter__2020-01-01,2.9752632942569037,1.7018188279264512,57,0.05084745762711865,-2.9267394020670396,True
12,306,"0,2,5,6,8,9",60,final_selection__growth_champion_v3__2020-01-01,3.0145281803051462,2.0508239061374844,37,0.3898305084745763,-0.44802472252696024,True
12,307,"0,2,5,6,8,10",60,final_selection__growth_champion_v3__2020-01-01,3.9598212043213414,1.1923145547853904,46,0.23728813559322035,-1.1676051601550612,True
12,308,"0,2,5,6,8,11",60,final_selection__growth_champion_v3__2020-01-01,1.9549703987085623,2.659742878047041,36,0.4067796610169492,-0.3772942311414679,True
12,309,"0,2,5,6,9,10",60,crisis_overlay__spy_trend_filter__2015-01-01,3.819686863790681,1.8425783095801844,8,0.8813559322033898,2.0053335695261136,False
12,310,"0,2,5,6,9,11",60,final_selection__growth_champion_v3__2015-01-01,1.9390164274671617,3.253227809437787,1,0.999999,13.815509557935018,False
12,311,"0,2,5,6,10,11",60,crisis_overlay__spy_trend_filter__2015-01-01,2.524894620453278,2.7195976710038403,6,0.9152542372881356,2.379546134130174,False
12,312,"0,2,5,7,8,9",60,crisis_overlay__spy_trend_filter__2015-01-01,2.528695645325581,2.7159011047794515,8,0.8813559322033898,2.0053335695261136,False
12,313,"0,2,5,7,8,10",60,final_selection__growth_champion_v3__2020-01-01,3.266825303832923,1.629594202890111,46,0.23728813559322035,-1.1676051601550612,True
12,314,"0,2,5,7,8,11",60,crisis_overlay__realized_volatility_filter__2015-01-01,1.5708968255767894,3.4670478772057614,12,0.8135593220338984,1.4733057381095207,False
12,315,"0,2,5,7,9,10",60,crisis_overlay__spy_trend_filter__2015-01-01,3.4889444526633673,1.9634266893582586,44,0.2711864406779661,-0.9886113934537812,True
12,316,"0,2,5,7,9,11",60,crisis_overlay__spy_trend_filter__2015-01-01,1.7453825461136268,3.4126603104404807,18,0.711864406779661,0.9044562742271522,False
12,317,"0,2,5,7,10,11",60,crisis_overlay__spy_trend_filter__2015-01-01,2.334003684230706,2.903078199305363,11,0.8305084745762712,1.589235205116581,False
12,318,"0,2,5,8,9,10",60,final_selection__growth_champion_v3__2015-01-01,2.7947578090259193,2.5955565253393678,16,0.7457627118644068,1.0761394328160512,False
12,319,"0,2,5,8,9,11",60,final_selection__growth_champion_v3__2008-01-01,1.159527123036995,3.1469007854204816,51,0.15254237288135594,-1.7147984280919266,True
12,320,"0,2,5,8,10,11",60,final_selection__growth_champion_v3__2015-01-01,1.6951523282463192,3.5782659431118784,1,0.999999,13.815509557935018,False
12,321,"0,2,5,9,10,11",60,final_selection__growth_champion_v3__2015-01-01,1.9690801234251842,3.247627298736769,16,0.7457627118644068,1.0761394328160512,False
12,322,"0,2,6,7,8,9",60,final_selection__growth_champion_v3__2020-01-01,3.7861301816031885,1.1142362343558834,46,0.23728813559322035,-1.1676051601550612,True
12,323,"0,2,6,7,8,10",60,crisis_overlay__realized_volatility_filter__2020-01-01,4.695794754811579,-0.41894589782435804,56,0.06779661016949153,-2.6210388241125804,True
12,324,"0,2,6,7,8,11",60,crisis_overlay__realized_volatility_filter__2020-01-01,3.074534181421369,1.454392855586341,57,0.05084745762711865,-2.9267394020670396,True
12,325,"0,2,6,7,9,10",60,crisis_overlay__spy_trend_filter__2015-01-01,4.273266702019861,0.7703380621958278,42,0.3050847457627119,-0.823200308808143,True
12,326,"0,2,6,7,9,11",60,crisis_overlay__realized_volatility_filter__2015-01-01,2.830732450815004,2.099166492813347,47,0.22033898305084745,-1.2636920390275583,True
12,327,"0,2,6,7,10,11",60,crisis_overlay__realized_volatility_filter__2020-01-01,3.3855973106337593,1.1376187060135479,57,0.05084745762711865,-2.9267394020670396,True
12,328,"0,2,6,8,9,10",60,crisis_overlay__spy_trend_filter__2015-01-01,3.682322576176143,1.4682726947329539,41,0.3220338983050847,-0.7444404749474959,True
12,329,"0,2,6,8,9,11",60,crisis_overlay__spy_trend_filter__2015-01-01,2.186974423902236,3.1181863526299916,6,0.9152542372881356,2.379546134130174,False
12,330,"0,2,6,8,10,11",60,crisis_overlay__spy_trend_filter__2015-01-01,2.6794904878473127,2.5188873815642707,7,0.8983050847457628,2.1785324443240675,False
12,331,"0,2,6,9,10,11",60,crisis_overlay__spy_trend_filter__2015-01-01,3.0135144595747434,2.2650881014069166,21,0.6610169491525424,0.6678293725756556,False
12,332,"0,2,7,8,9,10",60,crisis_overlay__spy_trend_filter__2015-01-01,3.4473691303766905,1.5984416450476129,51,0.15254237288135594,-1.7147984280919266,True
12,333,"0,2,7,8,9,11",60,crisis_overlay__spy_trend_filter__2015-01-01,2.0382670923315342,3.3540981375390047,19,0.6949152542372882,0.8232003088081432,False
12,334,"0,2,7,8,10,11",60,crisis_overlay__spy_trend_filter__2015-01-01,2.523154491449485,2.7476130446494107,18,0.711864406779661,0.9044562742271522,False
12,335,"0,2,7,9,10,11",60,crisis_overlay__spy_trend_filter__2015-01-01,2.7999299900634385,2.430484627376378,39,0.3559322033898305,-0.5930637220029629,True
12,336,"0,2,8,9,10,11",60,final_selection__growth_champion_v3__2015-01-01,2.1999134680306325,3.1546844849939535,17,0.7288135593220338,0.9886113934537809,False
12,337,"0,3,4,5,6,7",60,crisis_overlay__realized_volatility_filter__2020-01-01,4.033601512949728,-0.06121366597673466,57,0.05084745762711865,-2.9267394020670396,True
12,338,"0,3,4,5,6,8",60,final_selection__growth_champion_v3__2020-01-01,3.3780655529039856,1.2055648341830623,45,0.2542372881355932,-1.0761394328160512,True
12,339,"0,3,4,5,6,9",60,final_selection__growth_champion_v3__2015-01-01,2.882242909641082,2.4750537606336867,2,0.9830508474576272,4.060443010546422,False
12,340,"0,3,4,5,6,10",60,final_selection__growth_champion_v3__2020-01-01,3.598012592801192,0.8653315334460774,45,0.2542372881355932,-1.0761394328160512,True
12,341,"0,3,4,5,6,11",60,crisis_overlay__spy_trend_filter__2010-01-01,2.19973773722469,2.2588224315176353,38,0.3728813559322034,-0.5198754592859085,True
12,342,"0,3,4,5,7,8",60,final_selection__growth_champion_v3__2020-01-01,2.850087187288032,1.7569731432794495,45,0.2542372881355932,-1.0761394328160512,True
12,343,"0,3,4,5,7,9",60,final_selection__growth_champion_v3__2015-01-01,2.59221061235485,2.6637936927650734,2,0.9830508474576272,4.060443010546422,False
12,344,"0,3,4,5,7,10",60,final_selection__growth_champion_v3__2015-01-01,3.1711190197515005,2.1848478826245126,2,0.9830508474576272,4.060443010546422,False
12,345,"0,3,4,5,7,11",60,final_selection__growth_champion_v3__2008-01-01,1.8777715924189875,2.577299334887545,39,0.3559322033898305,-0.5930637220029629,True
12,346,"0,3,4,5,8,9",60,crisis_overlay__spy_trend_filter__2010-01-01,2.066188910136472,2.403765869021516,37,0.3898305084745763,-0.44802472252696024,True
12,347,"0,3,4,5,8,10",60,final_selection__growth_champion_v3__2015-01-01,2.532085126680102,2.724975585510225,3,0.9661016949152542,3.3499040872746044,False
12,348,"0,3,4,5,8,11",60,crisis_overlay__spy_trend_filter__2010-01-01,1.5163436197748505,3.0174612405106505,32,0.4745762711864407,-0.10178269430994223,True
12,349,"0,3,4,5,9,10",60,final_selection__growth_champion_v3__2015-01-01,2.929469942321784,2.4697226799420533,18,0.711864406779661,0.9044562742271522,False
12,350,"0,3,4,5,9,11",60,final_selection__growth_champion_v3__2008-01-01,1.6305465037619076,2.7202336230161506,42,0.3050847457627119,-0.823200308808143,True
12,351,"0,3,4,5,10,11",60,crisis_overlay__spy_trend_filter__2008-01-01,1.964842391897794,2.5437072903465086,39,0.3559322033898305,-0.5930637220029629,True
12,352,"0,3,4,6,7,8",60,crisis_overlay__realized_volatility_filter__2020-01-01,3.9912408576729517,-0.889930099783029,56,0.06779661016949153,-2.6210388241125804,True
12,353,"0,3,4,6,7,9",60,final_selection__growth_champion_v3__2015-01-01,3.5782659431118784,1.6951523282463192,1,0.999999,13.815509557935018,False
12,354,"0,3,4,6,7,10",60,crisis_overlay__realized_volatility_filter__2020-01-01,4.210984031747755,-1.5306400399801474,56,0.06779661016949153,-2.6210388241125804,True
12,355,"0,3,4,6,7,11",60,crisis_overlay__realized_volatility_filter__2020-01-01,2.931645337237001,1.1357682732525318,57,0.05084745762711865,-2.9267394020670396,True
12,356,"0,3,4,6,8,9",60,final_selection__growth_champion_v3__2015-01-01,2.9953190375665883,2.289381373032677,3,0.9661016949152542,3.3499040872746044,False
12,357,"0,3,4,6,8,10",60,final_selection__growth_champion_v3__2020-01-01,3.613147747187853,0.2359700412893755,46,0.23728813559322035,-1.1676051601550612,True
12,358,"0,3,4,6,8,11",60,crisis_overlay__spy_trend_filter__2010-01-01,2.2534374817703386,2.194025880533501,41,0.3220338983050847,-0.7444404749474959,True
12,359,"0,3,4,6,9,10",60,final_selection__growth_champion_v3__2015-01-01,3.9156202268185925,1.5331913973814317,3,0.9661016949152542,3.3499040872746044,False
12,360,"0,3,4,6,9,11",60,crisis_overlay__spy_trend_filter__2010-01-01,2.3094213497813443,2.1498061924687666,38,0.3728813559322034,-0.5198754592859085,True
12,361,"0,3,4,6,10,11",60,final_selection__growth_champion_v3__2015-01-01,2.803614982882857,2.481980438939104,2,0.9830508474576272,4.060443010546422,False
12,362,"0,3,4,7,8,9",60,final_selection__growth_champion_v3__2015-01-01,2.7660552683090227,2.520054108955112,2,0.9830508474576272,4.060443010546422,False
12,363,"0,3,4,7,8,10",60,final_selection__growth_champion_v3__2015-01-01,3.253227809437787,1.9390164274671617,1,0.999999,13.815509557935018,False
12,364,"0,3,4,7,8,11",60,crisis_overlay__spy_trend_filter__2010-01-01,1.9380927225329228,2.633263208945368,37,0.3898305084745763,-0.44802472252696024,True
12,365,"0,3,4,7,9,10",60,final_selection__growth_champion_v3__2015-01-01,3.6096268064930914,1.6975741531789215,13,0.7966101694915254,1.3652409519220583,False
12,366,"0,3,4,7,9,11",60,final_selection__growth_champion_v3__2015-01-01,2.0507747834355436,3.2338007664884256,17,0.7288135593220338,0.9886113934537809,False
12,367,"0,3,4,7,10,11",60,final_selection__growth_champion_v3__2015-01-01,2.593874342833001,2.7417429294563993,12,0.8135593220338984,1.4733057381095207,False
12,368,"0,3,4,8,9,10",60,final_selection__growth_champion_v3__2015-01-01,3.0167456631795666,2.277277734433532,18,0.711864406779661,0.9044562742271522,False
12,369,"0,3,4,8,9,11",60,crisis_overlay__spy_trend_filter__2010-01-01,1.6313774438102775,2.9194691583267978,32,0.4745762711864407,-0.10178269430994223,True
12,370,"0,3,4,8,10,11",60,final_selection__growth_champion_v3__2015-01-01,2.0355285465003856,3.358694371546273,18,0.711864406779661,0.9044562742271522,False
12,371,"0,3,4,9,10,11",60,final_selection__growth_champion_v3__2015-01-01,2.2603825353751477,2.9539777050576768,18,0.711864406779661,0.9044562742271522,False
12,372,"0,3,5,6,7,8",60,crisis_overlay__realized_volatility_filter__2020-01-01,4.486170475389928,0.48818113123665746,56,0.06779661016949153,-2.6210388241125804,True
12,373,"0,3,5,6,7,9",60,crisis_overlay__qqq_trend_filter__2020-01-01,3.799819341870569,1.3714956814420107,54,0.1016949152542373,-2.178532444324067,True
12,374,"0,3,5,6,7,10",60,crisis_overlay__realized_volatility_filter__2020-01-01,4.772771912571356,0.16639726300025892,56,0.06779661016949153,-2.6210388241125804,True
12,375,"0,3,5,6,7,11",60,crisis_overlay__realized_volatility_filter__2020-01-01,2.9752632942569037,1.7018188279264512,57,0.05084745762711865,-2.9267394020670396,True
12,376,"0,3,5,6,8,9",60,final_selection__growth_champion_v3__2020-01-01,3.0145281803051462,2.0508239061374844,43,0.288135593220339,-0.9044562742271522,True
12,377,"0,3,5,6,8,10",60,final_selection__growth_champion_v3__2020-01-01,3.9598212043213414,1.1923145547853904,46,0.23728813559322035,-1.1676051601550612,True
12,378,"0,3,5,6,8,11",60,final_selection__growth_champion_v3__2020-01-01,1.9549703987085623,2.659742878047041,44,0.2711864406779661,-0.9886113934537812,True
12,379,"0,3,5,6,9,10",60,final_selection__growth_champion_v3__2015-01-01,3.4705159037244844,2.105177720950588,1,0.999999,13.815509557935018,False
12,380,"0,3,5,6,9,11",60,final_selection__growth_champion_v3__2010-01-01,1.684291310176399,2.8231124275365325,34,0.4406779661016949,-0.23841102344499837,True
12,381,"0,3,5,6,10,11",60,final_selection__growth_champion_v3__2020-01-01,2.304905617415302,2.4373488835148924,31,0.4915254237288136,-0.03390155167568123,True
12,382,"0,3,5,7,8,9",60,final_selection__growth_champion_v3__2020-01-01,2.26164426235632,2.4798732019887044,42,0.3050847457627119,-0.823200308808143,True
12,383,"0,3,5,7,8,10",60,final_selection__growth_champion_v3__2020-01-01,3.266825303832923,1.629594202890111,46,0.23728813559322035,-1.1676051601550612,True
12,384,"0,3,5,7,8,11",60,final_selection__growth_champion_v3__2010-01-01,1.3633306212072285,3.371938388447597,18,0.711864406779661,0.9044562742271522,False
12,385,"0,3,5,7,9,10",60,crisis_overlay__spy_trend_filter__2015-01-01,3.1560436323724206,2.2123149808075775,25,0.5932203389830508,0.377294231141468,False
12,386,"0,3,5,7,9,11",60,final_selection__growth_champion_v3__2008-01-01,1.4655846105306356,2.9802370437742667,51,0.15254237288135594,-1.7147984280919266,True
12,387,"0,3,5,7,10,11",60,crisis_overlay__spy_trend_filter__2015-01-01,2.041289204177188,3.1668413956075585,8,0.8813559322033898,2.0053335695261136,False
12,388,"0,3,5,8,9,10",60,final_selection__growth_champion_v3__2015-01-01,2.470532470609324,2.806716256898051,8,0.8813559322033898,2.0053335695261136,False
12,389,"0,3,5,8,9,11",60,final_selection__growth_champion_v3__2008-01-01,1.023904133440874,3.3469758539685746,51,0.15254237288135594,-1.7147984280919266,True
12,390,"0,3,5,8,10,11",60,final_selection__growth_champion_v3__2015-01-01,1.4057408293850933,3.799415711307868,2,0.9830508474576272,4.060443010546422,False
12,391,"0,3,5,9,10,11",60,final_selection__growth_champion_v3__2015-01-01,1.6025909727280698,3.4328325642161683,18,0.711864406779661,0.9044562742271522,False
12,392,"0,3,6,7,8,9",60,final_selection__growth_champion_v3__2020-01-01,3.7861301816031885,1.1142362343558834,46,0.23728813559322035,-1.1676051601550612,True
12,393,"0,3,6,7,8,10",60,crisis_overlay__realized_volatility_filter__2020-01-01,4.695794754811579,-0.41894589782435804,56,0.06779661016949153,-2.6210388241125804,True
12,394,"0,3,6,7,8,11",60,crisis_overlay__realized_volatility_filter__2020-01-01,3.074534181421369,1.454392855586341,57,0.05084745762711865,-2.9267394020670396,True
12,395,"0,3,6,7,9,10",60,crisis_overlay__qqq_trend_filter__2020-01-01,4.078722104991784,0.716741523306893,54,0.1016949152542373,-2.178532444324067,True
12,396,"0,3,6,7,9,11",60,crisis_overlay__realized_volatility_filter__2015-01-01,2.5232285280736493,2.4294751288272485,27,0.559322033898305,0.23841102344499795,False
12,397,"0,3,6,7,10,11",60,crisis_overlay__realized_volatility_filter__2020-01-01,3.3855973106337593,1.1376187060135479,57,0.05084745762711865,-2.9267394020670396,True
12,398,"0,3,6,8,9,10",60,final_selection__growth_champion_v3__2015-01-01,3.4149139028447375,1.8111759854268445,14,0.7796610169491526,1.2636920390275586,False
12,399,"0,3,6,8,9,11",60,final_selection__growth_champion_v3__2015-01-01,1.928152809778161,3.421253563443341,2,0.9830508474576272,4.060443010546422,False
12,400,"0,3,6,8,10,11",60,final_selection__growth_champion_v3__2020-01-01,2.5287787400764605,2.289666781366535,39,0.3559322033898305,-0.5930637220029629,True
12,401,"0,3,6,9,10,11",60,final_selection__growth_champion_v3__2015-01-01,2.733164430105607,2.5595424063766306,14,0.7796610169491526,1.2636920390275586,False
12,402,"0,3,7,8,9,10",60,crisis_overlay__spy_trend_filter__2015-01-01,3.197516842735052,1.917957350192987,46,0.23728813559322035,-1.1676051601550612,True
12,403,"0,3,7,8,9,11",60,crisis_overlay__spy_trend_filter__2015-01-01,1.7765296475506551,3.6502631320565397,9,0.864406779661017,1.8523840910444902,False
12,404,"0,3,7,8,10,11",60,crisis_overlay__spy_trend_filter__2015-01-01,2.2920508280222065,3.10183117359898,9,0.864406779661017,1.8523840910444902,False
12,405,"0,3,7,9,10,11",60,crisis_overlay__spy_trend_filter__2015-01-01,2.524337726438682,2.713021484781354,38,0.3728813559322034,-0.5198754592859085,True
12,406,"0,3,8,9,10,11",60,final_selection__growth_champion_v3__2015-01-01,1.931164954582997,3.391303154528714,19,0.6949152542372882,0.8232003088081432,False
12,407,"0,4,5,6,7,8",60,crisis_overlay__realized_volatility_filter__2020-01-01,4.486170475389928,0.48818113123665746,56,0.06779661016949153,-2.6210388241125804,True
12,408,"0,4,5,6,7,9",60,crisis_overlay__qqq_trend_filter__2020-01-01,3.799819341870569,1.3714956814420107,26,0.576271186440678,0.3074846997479607,False
12,409,"0,4,5,6,7,10",60,crisis_overlay__realized_volatility_filter__2020-01-01,4.772771912571356,0.16639726300025892,55,0.0847457627118644,-2.379546134130174,True
12,410,"0,4,5,6,7,11",60,crisis_overlay__realized_volatility_filter__2020-01-01,2.9752632942569037,1.7018188279264512,41,0.3220338983050847,-0.7444404749474959,True
12,411,"0,4,5,6,8,9",60,final_selection__growth_champion_v3__2020-01-01,3.0145281803051462,2.0508239061374844,16,0.7457627118644068,1.0761394328160512,False
12,412,"0,4,5,6,8,10",60,final_selection__growth_champion_v3__2020-01-01,3.9598212043213414,1.1923145547853904,30,0.5084745762711864,0.0339015516756812,False
12,413,"0,4,5,6,8,11",60,crisis_overlay__spy_trend_filter__2010-01-01,2.3212310438341235,2.121933073539265,43,0.288135593220339,-0.9044562742271522,True
12,414,"0,4,5,6,9,10",60,final_selection__growth_champion_v3__2015-01-01,3.9965224911624695,1.7355438090193975,13,0.7966101694915254,1.3652409519220583,False
12,415,"0,4,5,6,9,11",60,final_selection__growth_champion_v3__2008-01-01,2.4236739488262935,2.0939863808840227,34,0.4406779661016949,-0.23841102344499837,True
12,416,"0,4,5,6,10,11",60,final_selection__growth_champion_v3__2015-01-01,2.690959361585434,2.5913523612282447,3,0.9661016949152542,3.3499040872746044,False
12,417,"0,4,5,7,8,9",60,final_selection__growth_champion_v3__2015-01-01,2.6494625528756,2.6251083320513,3,0.9661016949152542,3.3499040872746044,False
12,418,"0,4,5,7,8,10",60,final_selection__growth_champion_v3__2020-01-01,3.266825303832923,1.629594202890111,21,0.6610169491525424,0.6678293725756556,False
12,419,"0,4,5,7,8,11",60,crisis_overlay__spy_trend_filter__2010-01-01,1.9940621784013426,2.541745111687764,34,0.4406779661016949,-0.23841102344499837,True
12,420,"0,4,5,7,9,10",60,final_selection__growth_champion_v3__2015-01-01,3.612325474599779,1.8877976245331445,15,0.7627118644067796,1.167605160155061,False
12,421,"0,4,5,7,9,11",60,final_selection__growth_champion_v3__2008-01-01,2.1786222419156096,2.297650803184442,42,0.3050847457627119,-0.823200308808143,True
12,422,"0,4,5,7,10,11",60,final_selection__growth_champion_v3__2015-01-01,2.4522094665259644,2.8112501037745377,10,0.847457627118644,1.7147984280919264,False
12,423,"0,4,5,8,9,10",60,final_selection__growth_champion_v3__2015-01-01,2.9680237219582883,2.4244139358796115,18,0.711864406779661,0.9044562742271522,False
12,424,"0,4,5,8,9,11",60,final_selection__growth_champion_v3__2008-01-01,1.7599975813177329,2.6766670902338476,42,0.3050847457627119,-0.823200308808143,True
12,425,"0,4,5,8,10,11",60,crisis_overlay__spy_trend_filter__2008-01-01,2.0695833391157294,2.47305395644746,38,0.3728813559322034,-0.5198754592859085,True
12,426,"0,4,5,9,10,11",60,crisis_overlay__spy_trend_filter__2008-01-01,2.280841978336875,2.2819094661729284,41,0.3220338983050847,-0.7444404749474959,True
12,427,"0,4,6,7,8,9",60,final_selection__growth_champion_v3__2020-01-01,3.7861301816031885,1.1142362343558834,29,0.5254237288135594,0.10178269430994258,False
12,428,"0,4,6,7,8,10",60,crisis_overlay__realized_volatility_filter__2020-01-01,4.695794754811579,-0.41894589782435804,56,0.06779661016949153,-2.6210388241125804,True
12,429,"0,4,6,7,8,11",60,crisis_overlay__realized_volatility_filter__2020-01-01,3.074534181421369,1.454392855586341,50,0.1694915254237288,-1.589235205116581,True
12,430,"0,4,6,7,9,10",60,final_selection__growth_champion_v3__2015-01-01,4.375792699088561,0.7222272905774384,19,0.6949152542372882,0.8232003088081432,False
12,431,"0,4,6,7,9,11",60,final_selection__growth_champion_v3__2015-01-01,2.8845124874788546,2.344410758885653,12,0.8135593220338984,1.4733057381095207,False
12,432,"0,4,6,7,10,11",60,crisis_overlay__realized_volatility_filter__2020-01-01,3.3855973106337593,1.1376187060135479,40,0.3389830508474576,-0.6678293725756556,True
12,433,"0,4,6,8,9,10",60,final_selection__growth_champion_v3__2015-01-01,3.8336851103864933,1.3677492604970956,14,0.7796610169491526,1.2636920390275586,False
12,434,"0,4,6,8,9,11",60,crisis_overlay__spy_trend_filter__2010-01-01,2.4273736189425508,2.008259112645764,40,0.3389830508474576,-0.6678293725756556,True
12,435,"0,4,6,8,10,11",60,final_selection__growth_champion_v3__2015-01-01,2.8199014309486206,2.399053936432614,3,0.9661016949152542,3.3499040872746044,False
12,436,"0,4,6,9,10,11",60,final_selection__growth_champion_v3__2015-01-01,3.1687153593546067,2.1351416251346906,18,0.711864406779661,0.9044562742271522,False
12,437,"0,4,7,8,9,10",60,final_selection__growth_champion_v3__2015-01-01,3.5549064805454966,1.5370198348188053,18,0.711864406779661,0.9044562742271522,False
12,438,"0,4,7,8,9,11",60,final_selection__growth_champion_v3__2015-01-01,2.1442552847561114,3.2450708634572125,15,0.7627118644067796,1.167605160155061,False
12,439,"0,4,7,8,10,11",60,final_selection__growth_champion_v3__2015-01-01,2.6242659697695183,2.6778795460609164,11,0.8305084745762712,1.589235205116581,False
12,440,"0,4,7,9,10,11",60,final_selection__growth_champion_v3__2015-01-01,2.9104889104955225,2.337671133351645,18,0.711864406779661,0.9044562742271522,False
12,441,"0,4,8,9,10,11",60,final_selection__growth_champion_v3__2015-01-01,2.349519075626141,2.948137409849842,18,0.711864406779661,0.9044562742271522,False
12,442,"0,5,6,7,8,9",60,final_selection__growth_champion_v3__2020-01-01,4.444631918128445,1.5969599945781718,39,0.3559322033898305,-0.5930637220029629,True
12,443,"0,5,6,7,8,10",60,crisis_overlay__realized_volatility_filter__2020-01-01,5.722875136408768,0.5866891285586197,56,0.06779661016949153,-2.6210388241125804,True
12,444,"0,5,6,7,8,11",60,crisis_overlay__realized_volatility_filter__2020-01-01,3.193492752180786,1.8288020055095313,57,0.05084745762711865,-2.9267394020670396,True
12,445,"0,5,6,7,9,10",60,crisis_overlay__qqq_trend_filter__2020-01-01,4.881199055411537,1.326135473298381,31,0.4915254237288136,-0.03390155167568123,True
12,446,"0,5,6,7,9,11",60,crisis_overlay__spy_trend_filter__2015-01-01,2.416835054570627,2.8664322515798126,9,0.864406779661017,1.8523840910444902,False
12,447,"0,5,6,7,10,11",60,crisis_overlay__realized_volatility_filter__2020-01-01,3.68001339862347,1.608142535091012,55,0.0847457627118644,-2.379546134130174,True
12,448,"0,5,6,8,9,10",60,final_selection__growth_champion_v3__2020-01-01,3.8112122802239417,1.9074789266117411,13,0.7966101694915254,1.3652409519220583,False
12,449,"0,5,6,8,9,11",60,final_selection__growth_champion_v3__2010-01-01,1.8350839121853613,2.7518081984982956,35,0.423728813559322,-0.3074846997479607,True
12,450,"0,5,6,8,10,11",60,final_selection__growth_champion_v3__2015-01-01,2.3253866491078767,2.9974328926064975,2,0.9830508474576272,4.060443010546422,False
12,451,"0,5,6,9,10,11",60,final_selection__growth_champion_v3__2015-01-01,2.717795913166248,2.7277309819933313,13,0.7966101694915254,1.3652409519220583,False
12,452,"0,5,7,8,9,10",60,crisis_overlay__spy_trend_filter__2015-01-01,3.176658609571344,2.1295953333929414,28,0.5423728813559322,0.16989903679539742,False
12,453,"0,5,7,8,9,11",60,crisis_overlay__spy_trend_filter__2015-01-01,1.597230748480633,3.7157446646051002,8,0.8813559322033898,2.0053335695261136,False
12,454,"0,5,7,8,10,11",60,crisis_overlay__spy_trend_filter__2015-01-01,2.1524231819839854,3.175823022240001,9,0.864406779661017,1.8523840910444902,False
12,455,"0,5,7,9,10,11",60,crisis_overlay__spy_trend_filter__2015-01-01,2.4485514748824935,2.8714431122923925,20,0.6779661016949152,0.7444404749474958,False
12,456,"0,5,8,9,10,11",60,final_selection__growth_champion_v3__2015-01-01,1.791493869618136,3.505324806363387,17,0.7288135593220338,0.9886113934537809,False
12,457,"0,6,7,8,9,10",60,final_selection__growth_champion_v3__2020-01-01,4.763917869196662,1.128513544410008,15,0.7627118644067796,1.167605160155061,False
12,458,"0,6,7,8,9,11",60,crisis_overlay__spy_trend_filter__2015-01-01,2.574008773165732,2.6742881484180083,9,0.864406779661017,1.8523840910444902,False
12,459,"0,6,7,8,10,11",60,crisis_overlay__realized_volatility_filter__2020-01-01,3.7933843590246017,1.4026302899923626,55,0.0847457627118644,-2.379546134130174,True
12,460,"0,6,7,9,10,11",60,crisis_overlay__spy_trend_filter__2015-01-01,3.3448331029160214,1.7571183119422138,38,0.3728813559322034,-0.5198754592859085,True
12,461,"0,6,8,9,10,11",60,final_selection__growth_champion_v3__2015-01-01,2.7792057521938176,2.518397641432247,14,0.7796610169491526,1.2636920390275586,False
12,462,"0,7,8,9,10,11",60,crisis_overlay__spy_trend_filter__2015-01-01,2.589942533068903,2.67291352407351,37,0.3898305084745763,-0.44802472252696024,True
12,463,"1,2,3,4,5,6",60,final_selection__growth_champion_v3__2020-01-01,3.189939117193857,0.77622798110774,47,0.22033898305084745,-1.2636920390275583,True
12,464,"1,2,3,4,5,7",60,final_selection__growth_champion_v3__2020-01-01,2.7640294626658903,1.5220004217866747,46,0.23728813559322035,-1.1676051601550612,True
12,465,"1,2,3,4,5,8",60,final_selection__growth_champion_v3__2020-01-01,2.2703601172936727,2.70304685738782,21,0.6610169491525424,0.6678293725756556,False
12,466,"1,2,3,4,5,9",60,crisis_overlay__spy_trend_filter__2008-01-01,2.130806824997173,2.366764470526326,41,0.3220338983050847,-0.7444404749474959,True
12,467,"1,2,3,4,5,10",60,crisis_overlay__drawdown_aware_trend_filter__2015-01-01,2.8169273333957086,2.128316179743536,36,0.4067796610169492,-0.3772942311414679,True
12,468,"1,2,3,4,5,11",60,crisis_overlay__realized_volatility_filter__2008-01-01,1.5301554113223905,2.8054744876096596,47,0.22033898305084745,-1.2636920390275583,True
12,469,"1,2,3,4,6,7",60,crisis_overlay__realized_volatility_filter__2020-01-01,3.7232037001879794,-2.819479409787965,51,0.15254237288135594,-1.7147984280919266,True
12,470,"1,2,3,4,6,8",60,final_selection__growth_champion_v3__2020-01-01,3.220563436789268,-0.21431966629224372,47,0.22033898305084745,-1.2636920390275583,True
12,471,"1,2,3,4,6,9",60,final_selection__growth_champion_v3__2015-01-01,3.2617617868002884,2.1244271296851136,2,0.9830508474576272,4.060443010546422,False
12,472,"1,2,3,4,6,10",60,crisis_overlay__drawdown_aware_trend_filter__2015-01-01,3.8154141426914463,1.1355302175823323,43,0.288135593220339,-0.9044562742271522,True
12,473,"1,2,3,4,6,11",60,crisis_overlay__realized_volatility_filter__2008-01-01,2.2988848097001706,2.16141165406495,44,0.2711864406779661,-0.9886113934537812,True
12,474,"1,2,3,4,7,8",60,final_selection__growth_champion_v3__2020-01-01,2.8466681492617627,0.7822915957506423,47,0.22033898305084745,-1.2636920390275583,True
12,475,"1,2,3,4,7,9",60,crisis_overlay__drawdown_aware_trend_filter__2015-01-01,3.043074075802166,1.8543517452174014,53,0.11864406779661017,-2.005333569526114,True
12,476,"1,2,3,4,7,10",60,crisis_overlay__drawdown_aware_trend_filter__2015-01-01,3.59112191662896,1.2437402532677078,45,0.2542372881355932,-1.0761394328160512,True
12,477,"1,2,3,4,7,11",60,crisis_overlay__realized_volatility_filter__2015-01-01,2.027194377222941,3.0334264177310875,22,0.6440677966101694,0.5930637220029625,False
12,478,"1,2,3,4,8,9",60,final_selection__growth_champion_v3__2015-01-01,2.3769503408246995,2.8805425565442153,17,0.7288135593220338,0.9886113934537809,False
12,479,"1,2,3,4,8,10",60,crisis_overlay__drawdown_aware_trend_filter__2015-01-01,2.9579910140867995,1.8984094891764567,43,0.288135593220339,-0.9044562742271522,True
12,480,"1,2,3,4,8,11",60,crisis_overlay__spy_trend_filter__2008-01-01,1.5332530402375395,2.9286229843357074,36,0.4067796610169492,-0.3772942311414679,True
12,481,"1,2,3,4,9,10",60,crisis_overlay__drawdown_aware_trend_filter__2015-01-01,3.3361794247374776,1.700295506248235,58,0.03389830508474576,-3.349904087274605,True
12,482,"1,2,3,4,9,11",60,crisis_overlay__spy_trend_filter__2008-01-01,1.7003250353691945,2.7067884007411656,44,0.2711864406779661,-0.9886113934537812,True
12,483,"1,2,3,4,10,11",60,final_selection__growth_champion_v3__2015-01-01,2.198611610285303,3.0886635072542905,17,0.7288135593220338,0.9886113934537809,False
12,484,"1,2,3,5,6,7",60,crisis_overlay__realized_volatility_filter__2020-01-01,4.033601512949728,-0.06121366597673466,57,0.05084745762711865,-2.9267394020670396,True
12,485,"1,2,3,5,6,8",60,final_selection__growth_champion_v3__2020-01-01,3.3780655529039856,1.2055648341830623,46,0.23728813559322035,-1.1676051601550612,True
12,486,"1,2,3,5,6,9",60,final_selection__growth_champion_v3__2020-01-01,2.8507312120310746,1.989095328754738,45,0.2542372881355932,-1.0761394328160512,True
12,487,"1,2,3,5,6,10",60,final_selection__growth_champion_v3__2020-01-01,3.598012592801192,0.8653315334460774,46,0.23728813559322035,-1.1676051601550612,True
12,488,"1,2,3,5,6,11",60,final_selection__growth_champion_v3__2020-01-01,2.0597537835868702,2.7528646859445614,33,0.4576271186440678,-0.16989903679539747,True
12,489,"1,2,3,5,7,8",60,final_selection__growth_champion_v3__2020-01-01,2.850087187288032,1.7569731432794495,47,0.22033898305084745,-1.2636920390275583,True
12,490,"1,2,3,5,7,9",60,crisis_overlay__realized_volatility_filter__2015-01-01,2.4626753136326567,2.502892287335144,43,0.288135593220339,-0.9044562742271522,True
12,491,"1,2,3,5,7,10",60,final_selection__growth_champion_v3__2020-01-01,3.071256283839228,1.4126253013350736,46,0.23728813559322035,-1.1676051601550612,True
12,492,"1,2,3,5,7,11",60,final_selection__growth_champion_v3__2020-01-01,1.5603345055822602,3.352892005194644,15,0.7627118644067796,1.167605160155061,False
12,493,"1,2,3,5,8,9",60,final_selection__growth_champion_v3__2015-01-01,1.7097442234348936,3.3309239949585128,2,0.9830508474576272,4.060443010546422,False
12,494,"1,2,3,5,8,10",60,final_selection__growth_champion_v3__2020-01-01,2.489427720424419,2.269813918093382,46,0.23728813559322035,-1.1676051601550612,True
12,495,"1,2,3,5,8,11",60,crisis_overlay__realized_volatility_filter__2008-01-01,0.9539702363391269,3.4395206260450535,49,0.1864406779661017,-1.4733057381095205,True
12,496,"1,2,3,5,9,10",60,final_selection__growth_champion_v3__2015-01-01,2.727596963544965,2.6201321540844535,20,0.6779661016949152,0.7444404749474958,False
12,497,"1,2,3,5,9,11",60,crisis_overlay__realized_volatility_filter__2008-01-01,1.0434453198313227,3.221472375334592,45,0.2542372881355932,-1.0761394328160512,True
12,498,"1,2,3,5,10,11",60,final_selection__growth_champion_v3__2015-01-01,1.5247736937520848,3.520345392583232,16,0.7457627118644068,1.0761394328160512,False
12,499,"1,2,3,6,7,8",60,crisis_overlay__realized_volatility_filter__2020-01-01,3.9912408576729517,-0.889930099783029,56,0.06779661016949153,-2.6210388241125804,True
12,500,"1,2,3,6,7,9",60,crisis_overlay__realized_volatility_filter__2015-01-01,3.573995940518569,1.3924066284136865,42,0.3050847457627119,-0.823200308808143,True
12,501,"1,2,3,6,7,10",60,crisis_overlay__realized_volatility_filter__2020-01-01,4.210984031747755,-1.5306400399801474,56,0.06779661016949153,-2.6210388241125804,True
12,502,"1,2,3,6,7,11",60,crisis_overlay__realized_volatility_filter__2020-01-01,2.931645337237001,1.1357682732525318,57,0.05084745762711865,-2.9267394020670396,True
12,503,"1,2,3,6,8,9",60,final_selection__growth_champion_v3__2020-01-01,2.9035797908205248,1.6601675254820536,46,0.23728813559322035,-1.1676051601550612,True
12,504,"1,2,3,6,8,10",60,final_selection__growth_champion_v3__2020-01-01,3.613147747187853,0.2359700412893755,46,0.23728813559322035,-1.1676051601550612,True
12,505,"1,2,3,6,8,11",60,final_selection__growth_champion_v3__2020-01-01,2.2484919216871346,2.588709851019909,44,0.2711864406779661,-0.9886113934537812,True
12,506,"1,2,3,6,9,10",60,crisis_overlay__spy_trend_filter__2015-01-01,3.7273381363847022,1.6296789419153643,34,0.4406779661016949,-0.23841102344499837,True
12,507,"1,2,3,6,9,11",60,crisis_overlay__realized_volatility_filter__2015-01-01,2.090261346301086,2.858614926292218,23,0.6271186440677966,0.5198754592859086,False
12,508,"1,2,3,6,10,11",60,crisis_overlay__realized_volatility_filter__2015-01-01,2.6458461544335887,2.3017074850202004,32,0.4745762711864407,-0.10178269430994223,True
12,509,"1,2,3,7,8,9",60,crisis_overlay__spy_trend_filter__2015-01-01,2.638035845864922,2.587764453488042,31,0.4915254237288136,-0.03390155167568123,True
12,510,"1,2,3,7,8,10",60,final_selection__growth_champion_v3__2020-01-01,3.157336385943871,0.9266974006514971,46,0.23728813559322035,-1.1676051601550612,True
12,511,"1,2,3,7,8,11",60,crisis_overlay__realized_volatility_filter__2015-01-01,1.8370737458960702,3.367553931823602,15,0.7627118644067796,1.167605160155061,False
12,512,"1,2,3,7,9,10",60,crisis_overlay__spy_trend_filter__2015-01-01,3.472123890535277,1.757949704857859,47,0.22033898305084745,-1.2636920390275583,True
12,513,"1,2,3,7,9,11",60,crisis_overlay__realized_volatility_filter__2015-01-01,1.9398695631921492,3.0243156842845575,38,0.3728813559322034,-0.5198754592859085,True
12,514,"1,2,3,7,10,11",60,crisis_overlay__realized_volatility_filter__2015-01-01,2.496578839950497,2.4705027268182342,52,0.13559322033898305,-1.8523840910444898,True
12,515,"1,2,3,8,9,10",60,crisis_overlay__spy_trend_filter__2015-01-01,2.8376118573538527,2.3938122865065474,49,0.1864406779661017,-1.4733057381095205,True
12,516,"1,2,3,8,9,11",60,final_selection__growth_champion_v3__2015-01-01,1.294070274669343,3.996777756253799,16,0.7457627118644068,1.0761394328160512,False
12,517,"1,2,3,8,10,11",60,crisis_overlay__spy_trend_filter__2015-01-01,1.878579877399961,3.494381419825484,21,0.6610169491525424,0.6678293725756556,False
12,518,"1,2,3,9,10,11",60,final_selection__growth_champion_v3__2015-01-01,2.0910232579226697,3.1307956871225073,16,0.7457627118644068,1.0761394328160512,False
12,519,"1,2,4,5,6,7",60,crisis_overlay__realized_volatility_filter__2020-01-01,4.033601512949728,-0.06121366597673466,57,0.05084745762711865,-2.9267394020670396,True
12,520,"1,2,4,5,6,8",60,final_selection__growth_champion_v3__2020-01-01,3.3780655529039856,1.2055648341830623,46,0.23728813559322035,-1.1676051601550612,True
12,521,"1,2,4,5,6,9",60,crisis_overlay__qqq_trend_filter__2015-01-01,3.2114127640850567,2.1209190965692404,9,0.864406779661017,1.8523840910444902,False
12,522,"1,2,4,5,6,10",60,crisis_overlay__drawdown_aware_trend_filter__2015-01-01,3.757484915477051,1.3599083410722004,31,0.4915254237288136,-0.03390155167568123,True
12,523,"1,2,4,5,6,11",60,crisis_overlay__realized_volatility_filter__2008-01-01,2.3774487386176117,2.0761252893797204,47,0.22033898305084745,-1.2636920390275583,True
12,524,"1,2,4,5,7,8",60,final_selection__growth_champion_v3__2020-01-01,2.850087187288032,1.7569731432794495,45,0.2542372881355932,-1.0761394328160512,True
12,525,"1,2,4,5,7,9",60,crisis_overlay__drawdown_aware_trend_filter__2015-01-01,2.9336704256826107,2.0208341463964286,36,0.4067796610169492,-0.3772942311414679,True
12,526,"1,2,4,5,7,10",60,crisis_overlay__drawdown_aware_trend_filter__2015-01-01,3.496493199114008,1.4615430009488009,41,0.3220338983050847,-0.7444404749474959,True
12,527,"1,2,4,5,7,11",60,crisis_overlay__spy_trend_filter__2008-01-01,2.076712711479434,2.438531231126984,43,0.288135593220339,-0.9044562742271522,True
12,528,"1,2,4,5,8,9",60,crisis_overlay__spy_trend_filter__2008-01-01,2.238182520455315,2.293753334355338,45,0.2542372881355932,-1.0761394328160512,True
12,529,"1,2,4,5,8,10",60,crisis_overlay__drawdown_aware_trend_filter__2015-01-01,2.8221248671498245,2.0560275079420416,38,0.3728813559322034,-0.5198754592859085,True
12,530,"1,2,4,5,8,11",60,crisis_overlay__spy_trend_filter__2008-01-01,1.652066449111272,2.788703169441289,45,0.2542372881355932,-1.0761394328160512,True
12,531,"1,2,4,5,9,10",60,crisis_overlay__drawdown_aware_trend_filter__2015-01-01,3.317931527900141,1.883869919797817,39,0.3559322033898305,-0.5930637220029629,True
12,532,"1,2,4,5,9,11",60,crisis_overlay__spy_trend_filter__2008-01-01,1.8443234087562739,2.5896450388006,44,0.2711864406779661,-0.9886113934537812,True
12,533,"1,2,4,5,10,11",60,crisis_overlay__spy_trend_filter__2008-01-01,2.1867172977805303,2.3362160196839956,45,0.2542372881355932,-1.0761394328160512,True
12,534,"1,2,4,6,7,8",60,crisis_overlay__realized_volatility_filter__2020-01-01,3.9912408576729517,-0.889930099783029,56,0.06779661016949153,-2.6210388241125804,True
12,535,"1,2,4,6,7,9",60,crisis_overlay__drawdown_aware_trend_filter__2015-01-01,3.8358341187768037,0.9557600535456368,43,0.288135593220339,-0.9044562742271522,True
12,536,"1,2,4,6,7,10",60,crisis_overlay__drawdown_aware_trend_filter__2015-01-01,4.286958517194093,0.2057361917886731,45,0.2542372881355932,-1.0761394328160512,True
12,537,"1,2,4,6,7,11",60,crisis_overlay__realized_volatility_filter__2020-01-01,2.931645337237001,1.1357682732525318,57,0.05084745762711865,-2.9267394020670396,True
12,538,"1,2,4,6,8,9",60,final_selection__growth_champion_v3__2015-01-01,3.23570477480349,2.0193234975659284,2,0.9830508474576272,4.060443010546422,False
12,539,"1,2,4,6,8,10",60,crisis_overlay__drawdown_aware_trend_filter__2015-01-01,3.704918680781444,0.9362755705194084,44,0.2711864406779661,-0.9886113934537812,True
12,540,"1,2,4,6,8,11",60,crisis_overlay__realized_volatility_filter__2008-01-01,2.3152431317999564,2.1224508768878847,46,0.23728813559322035,-1.1676051601550612,True
12,541,"1,2,4,6,9,10",60,crisis_overlay__drawdown_aware_trend_filter__2015-01-01,4.201782252418221,0.8675481753716442,56,0.06779661016949153,-2.6210388241125804,True
12,542,"1,2,4,6,9,11",60,final_selection__growth_champion_v3__2015-01-01,2.524857990176646,2.7372016321471535,17,0.7288135593220338,0.9886113934537809,False
12,543,"1,2,4,6,10,11",60,crisis_overlay__qqq_trend_filter__2015-01-01,3.0396603472780677,2.019944203452921,21,0.6610169491525424,0.6678293725756556,False
12,544,"1,2,4,7,8,9",60,crisis_overlay__drawdown_aware_trend_filter__2015-01-01,3.0176415664968044,1.7378942237584145,58,0.03389830508474576,-3.349904087274605,True
12,545,"1,2,4,7,8,10",60,crisis_overlay__drawdown_aware_trend_filter__2015-01-01,3.5014358917179154,1.0404767350804922,45,0.2542372881355932,-1.0761394328160512,True
12,546,"1,2,4,7,8,11",60,final_selection__growth_champion_v3__2015-01-01,2.105177720950588,3.4705159037244844,1,0.999999,13.815509557935018,False
12,547,"1,2,4,7,9,10",60,crisis_overlay__drawdown_aware_trend_filter__2015-01-01,3.9222397090014955,0.9473929001908012,60,1e-06,-13.815509557963773,True
12,548,"1,2,4,7,9,11",60,final_selection__growth_champion_v3__2015-01-01,2.307385915168879,2.976906134369156,16,0.7457627118644068,1.0761394328160512,False
12,549,"1,2,4,7,10,11",60,crisis_overlay__drawdown_aware_trend_filter__2015-01-01,2.84009412161568,1.9090798050770619,53,0.11864406779661017,-2.005333569526114,True
12,550,"1,2,4,8,9,10",60,crisis_overlay__drawdown_aware_trend_filter__2015-01-01,3.292182777440794,1.584826412391677,58,0.03389830508474576,-3.349904087274605,True
12,551,"1,2,4,8,9,11",60,crisis_overlay__spy_trend_filter__2008-01-01,1.8310134448703892,2.6507206699320314,45,0.2542372881355932,-1.0761394328160512,True
12,552,"1,2,4,8,10,11",60,final_selection__growth_champion_v3__2015-01-01,2.2737625045343726,3.0752953666134877,18,0.711864406779661,0.9044562742271522,False
12,553,"1,2,4,9,10,11",60,final_selection__growth_champion_v3__2015-01-01,2.547111153199506,2.7243637109330403,18,0.711864406779661,0.9044562742271522,False
12,554,"1,2,5,6,7,8",60,crisis_overlay__realized_volatility_filter__2020-01-01,4.486170475389928,0.48818113123665746,56,0.06779661016949153,-2.6210388241125804,True
12,555,"1,2,5,6,7,9",60,crisis_overlay__qqq_trend_filter__2020-01-01,3.799819341870569,1.3714956814420107,54,0.1016949152542373,-2.178532444324067,True
12,556,"1,2,5,6,7,10",60,crisis_overlay__realized_volatility_filter__2020-01-01,4.772771912571356,0.16639726300025892,56,0.06779661016949153,-2.6210388241125804,True
12,557,"1,2,5,6,7,11",60,crisis_overlay__realized_volatility_filter__2020-01-01,2.9752632942569037,1.7018188279264512,57,0.05084745762711865,-2.9267394020670396,True
12,558,"1,2,5,6,8,9",60,final_selection__growth_champion_v3__2020-01-01,3.0145281803051462,2.0508239061374844,43,0.288135593220339,-0.9044562742271522,True
12,559,"1,2,5,6,8,10",60,final_selection__growth_champion_v3__2020-01-01,3.9598212043213414,1.1923145547853904,46,0.23728813559322035,-1.1676051601550612,True
12,560,"1,2,5,6,8,11",60,final_selection__growth_champion_v3__2020-01-01,1.9549703987085623,2.659742878047041,38,0.3728813559322034,-0.5198754592859085,True
12,561,"1,2,5,6,9,10",60,crisis_overlay__spy_trend_filter__2015-01-01,3.819686863790681,1.8425783095801844,19,0.6949152542372882,0.8232003088081432,False
12,562,"1,2,5,6,9,11",60,final_selection__growth_champion_v3__2015-01-01,1.9390164274671617,3.253227809437787,1,0.999999,13.815509557935018,False
12,563,"1,2,5,6,10,11",60,crisis_overlay__spy_trend_filter__2015-01-01,2.524894620453278,2.7195976710038403,6,0.9152542372881356,2.379546134130174,False
12,564,"1,2,5,7,8,9",60,crisis_overlay__spy_trend_filter__2015-01-01,2.528695645325581,2.7159011047794515,8,0.8813559322033898,2.0053335695261136,False
12,565,"1,2,5,7,8,10",60,final_selection__growth_champion_v3__2020-01-01,3.266825303832923,1.629594202890111,46,0.23728813559322035,-1.1676051601550612,True
12,566,"1,2,5,7,8,11",60,crisis_overlay__realized_volatility_filter__2015-01-01,1.5708968255767894,3.4670478772057614,12,0.8135593220338984,1.4733057381095207,False
12,567,"1,2,5,7,9,10",60,crisis_overlay__spy_trend_filter__2015-01-01,3.4889444526633673,1.9634266893582586,47,0.22033898305084745,-1.2636920390275583,True
12,568,"1,2,5,7,9,11",60,crisis_overlay__spy_trend_filter__2015-01-01,1.7453825461136268,3.4126603104404807,18,0.711864406779661,0.9044562742271522,False
12,569,"1,2,5,7,10,11",60,crisis_overlay__spy_trend_filter__2015-01-01,2.334003684230706,2.903078199305363,11,0.8305084745762712,1.589235205116581,False
12,570,"1,2,5,8,9,10",60,final_selection__growth_champion_v3__2015-01-01,2.7947578090259193,2.5955565253393678,16,0.7457627118644068,1.0761394328160512,False
12,571,"1,2,5,8,9,11",60,crisis_overlay__spy_trend_filter__2008-01-01,1.1752967606904743,3.21160193644845,48,0.2033898305084746,-1.365240951922058,True
12,572,"1,2,5,8,10,11",60,final_selection__growth_champion_v3__2015-01-01,1.6951523282463192,3.5782659431118784,1,0.999999,13.815509557935018,False
12,573,"1,2,5,9,10,11",60,final_selection__growth_champion_v3__2015-01-01,1.9690801234251842,3.247627298736769,16,0.7457627118644068,1.0761394328160512,False
12,574,"1,2,6,7,8,9",60,final_selection__growth_champion_v3__2020-01-01,3.7861301816031885,1.1142362343558834,46,0.23728813559322035,-1.1676051601550612,True
12,575,"1,2,6,7,8,10",60,crisis_overlay__realized_volatility_filter__2020-01-01,4.695794754811579,-0.41894589782435804,56,0.06779661016949153,-2.6210388241125804,True
12,576,"1,2,6,7,8,11",60,crisis_overlay__realized_volatility_filter__2020-01-01,3.074534181421369,1.454392855586341,57,0.05084745762711865,-2.9267394020670396,True
12,577,"1,2,6,7,9,10",60,crisis_overlay__spy_trend_filter__2015-01-01,4.273266702019861,0.7703380621958278,43,0.288135593220339,-0.9044562742271522,True
12,578,"1,2,6,7,9,11",60,crisis_overlay__realized_volatility_filter__2015-01-01,2.830732450815004,2.099166492813347,52,0.13559322033898305,-1.8523840910444898,True
12,579,"1,2,6,7,10,11",60,crisis_overlay__realized_volatility_filter__2020-01-01,3.3855973106337593,1.1376187060135479,57,0.05084745762711865,-2.9267394020670396,True
12,580,"1,2,6,8,9,10",60,crisis_overlay__spy_trend_filter__2015-01-01,3.682322576176143,1.4682726947329539,45,0.2542372881355932,-1.0761394328160512,True
12,581,"1,2,6,8,9,11",60,crisis_overlay__spy_trend_filter__2015-01-01,2.186974423902236,3.1181863526299916,6,0.9152542372881356,2.379546134130174,False
12,582,"1,2,6,8,10,11",60,crisis_overlay__spy_trend_filter__2015-01-01,2.6794904878473127,2.5188873815642707,7,0.8983050847457628,2.1785324443240675,False
12,583,"1,2,6,9,10,11",60,crisis_overlay__spy_trend_filter__2015-01-01,3.0135144595747434,2.2650881014069166,29,0.5254237288135594,0.10178269430994258,False
12,584,"1,2,7,8,9,10",60,crisis_overlay__spy_trend_filter__2015-01-01,3.4473691303766905,1.5984416450476129,53,0.11864406779661017,-2.005333569526114,True
12,585,"1,2,7,8,9,11",60,crisis_overlay__spy_trend_filter__2015-01-01,2.0382670923315342,3.3540981375390047,19,0.6949152542372882,0.8232003088081432,False
12,586,"1,2,7,8,10,11",60,crisis_overlay__spy_trend_filter__2015-01-01,2.523154491449485,2.7476130446494107,21,0.6610169491525424,0.6678293725756556,False
12,587,"1,2,7,9,10,11",60,crisis_overlay__spy_trend_filter__2015-01-01,2.7999299900634385,2.430484627376378,43,0.288135593220339,-0.9044562742271522,True
12,588,"1,2,8,9,10,11",60,final_selection__growth_champion_v3__2015-01-01,2.1999134680306325,3.1546844849939535,17,0.7288135593220338,0.9886113934537809,False
12,589,"1,3,4,5,6,7",60,crisis_overlay__realized_volatility_filter__2020-01-01,4.033601512949728,-0.06121366597673466,57,0.05084745762711865,-2.9267394020670396,True
12,590,"1,3,4,5,6,8",60,final_selection__growth_champion_v3__2020-01-01,3.3780655529039856,1.2055648341830623,46,0.23728813559322035,-1.1676051601550612,True
12,591,"1,3,4,5,6,9",60,final_selection__growth_champion_v3__2015-01-01,2.882242909641082,2.4750537606336867,2,0.9830508474576272,4.060443010546422,False
12,592,"1,3,4,5,6,10",60,final_selection__growth_champion_v3__2020-01-01,3.598012592801192,0.8653315334460774,46,0.23728813559322035,-1.1676051601550612,True
12,593,"1,3,4,5,6,11",60,crisis_overlay__realized_volatility_filter__2008-01-01,2.2605238727121684,2.1775324977155104,48,0.2033898305084746,-1.365240951922058,True
12,594,"1,3,4,5,7,8",60,final_selection__growth_champion_v3__2020-01-01,2.850087187288032,1.7569731432794495,46,0.23728813559322035,-1.1676051601550612,True
12,595,"1,3,4,5,7,9",60,final_selection__growth_champion_v3__2015-01-01,2.59221061235485,2.6637936927650734,2,0.9830508474576272,4.060443010546422,False
12,596,"1,3,4,5,7,10",60,final_selection__growth_champion_v3__2015-01-01,3.1711190197515005,2.1848478826245126,2,0.9830508474576272,4.060443010546422,False
12,597,"1,3,4,5,7,11",60,crisis_overlay__spy_trend_filter__2008-01-01,1.908193598025641,2.6141904438491776,42,0.3050847457627119,-0.823200308808143,True
12,598,"1,3,4,5,8,9",60,crisis_overlay__spy_trend_filter__2008-01-01,2.0543412074803937,2.4563600850036367,42,0.3050847457627119,-0.823200308808143,True
12,599,"1,3,4,5,8,10",60,final_selection__growth_champion_v3__2015-01-01,2.532085126680102,2.724975585510225,3,0.9661016949152542,3.3499040872746044,False
12,600,"1,3,4,5,8,11",60,crisis_overlay__realized_volatility_filter__2008-01-01,1.5157706866501426,2.9416309528143936,45,0.2542372881355932,-1.0761394328160512,True
12,601,"1,3,4,5,9,10",60,final_selection__growth_champion_v3__2015-01-01,2.929469942321784,2.4697226799420533,18,0.711864406779661,0.9044562742271522,False
12,602,"1,3,4,5,9,11",60,crisis_overlay__spy_trend_filter__2008-01-01,1.6681022455508727,2.7573042738782556,46,0.23728813559322035,-1.1676051601550612,True
12,603,"1,3,4,5,10,11",60,crisis_overlay__spy_trend_filter__2008-01-01,2.0084688731834155,2.5030349674561867,45,0.2542372881355932,-1.0761394328160512,True
12,604,"1,3,4,6,7,8",60,crisis_overlay__realized_volatility_filter__2020-01-01,3.9912408576729517,-0.889930099783029,56,0.06779661016949153,-2.6210388241125804,True
12,605,"1,3,4,6,7,9",60,final_selection__growth_champion_v3__2015-01-01,3.5782659431118784,1.6951523282463192,1,0.999999,13.815509557935018,False
12,606,"1,3,4,6,7,10",60,crisis_overlay__realized_volatility_filter__2020-01-01,4.210984031747755,-1.5306400399801474,56,0.06779661016949153,-2.6210388241125804,True
12,607,"1,3,4,6,7,11",60,crisis_overlay__realized_volatility_filter__2020-01-01,2.931645337237001,1.1357682732525318,57,0.05084745762711865,-2.9267394020670396,True
12,608,"1,3,4,6,8,9",60,final_selection__growth_champion_v3__2015-01-01,2.9953190375665883,2.289381373032677,3,0.9661016949152542,3.3499040872746044,False
12,609,"1,3,4,6,8,10",60,final_selection__growth_champion_v3__2020-01-01,3.613147747187853,0.2359700412893755,46,0.23728813559322035,-1.1676051601550612,True
12,610,"1,3,4,6,8,11",60,final_selection__growth_champion_v3__2020-01-01,2.2484919216871346,2.588709851019909,16,0.7457627118644068,1.0761394328160512,False
12,611,"1,3,4,6,9,10",60,final_selection__growth_champion_v3__2015-01-01,3.9156202268185925,1.5331913973814317,3,0.9661016949152542,3.3499040872746044,False
12,612,"1,3,4,6,9,11",60,crisis_overlay__realized_volatility_filter__2008-01-01,2.3597598809246265,2.0699209798219855,48,0.2033898305084746,-1.365240951922058,True
12,613,"1,3,4,6,10,11",60,final_selection__growth_champion_v3__2015-01-01,2.803614982882857,2.481980438939104,2,0.9830508474576272,4.060443010546422,False
12,614,"1,3,4,7,8,9",60,final_selection__growth_champion_v3__2015-01-01,2.7660552683090227,2.520054108955112,2,0.9830508474576272,4.060443010546422,False
12,615,"1,3,4,7,8,10",60,final_selection__growth_champion_v3__2015-01-01,3.253227809437787,1.9390164274671617,1,0.999999,13.815509557935018,False
12,616,"1,3,4,7,8,11",60,crisis_overlay__spy_trend_filter__2008-01-01,1.8972098538754778,2.693189873671951,40,0.3389830508474576,-0.6678293725756556,True
12,617,"1,3,4,7,9,10",60,final_selection__growth_champion_v3__2015-01-01,3.6096268064930914,1.6975741531789215,19,0.6949152542372882,0.8232003088081432,False
12,618,"1,3,4,7,9,11",60,crisis_overlay__spy_trend_filter__2008-01-01,2.0706886442946995,2.463349134396425,44,0.2711864406779661,-0.9886113934537812,True
12,619,"1,3,4,7,10,11",60,final_selection__growth_champion_v3__2015-01-01,2.593874342833001,2.7417429294563993,12,0.8135593220338984,1.4733057381095207,False
12,620,"1,3,4,8,9,10",60,final_selection__growth_champion_v3__2015-01-01,3.0167456631795666,2.277277734433532,18,0.711864406779661,0.9044562742271522,False
12,621,"1,3,4,8,9,11",60,crisis_overlay__spy_trend_filter__2008-01-01,1.670728609225105,2.833647561137028,43,0.288135593220339,-0.9044562742271522,True
12,622,"1,3,4,8,10,11",60,final_selection__growth_champion_v3__2015-01-01,2.0355285465003856,3.358694371546273,18,0.711864406779661,0.9044562742271522,False
12,623,"1,3,4,9,10,11",60,final_selection__growth_champion_v3__2015-01-01,2.2603825353751477,2.9539777050576768,18,0.711864406779661,0.9044562742271522,False
12,624,"1,3,5,6,7,8",60,crisis_overlay__realized_volatility_filter__2020-01-01,4.486170475389928,0.48818113123665746,56,0.06779661016949153,-2.6210388241125804,True
12,625,"1,3,5,6,7,9",60,crisis_overlay__qqq_trend_filter__2020-01-01,3.799819341870569,1.3714956814420107,54,0.1016949152542373,-2.178532444324067,True
12,626,"1,3,5,6,7,10",60,crisis_overlay__realized_volatility_filter__2020-01-01,4.772771912571356,0.16639726300025892,56,0.06779661016949153,-2.6210388241125804,True
12,627,"1,3,5,6,7,11",60,crisis_overlay__realized_volatility_filter__2020-01-01,2.9752632942569037,1.7018188279264512,57,0.05084745762711865,-2.9267394020670396,True
12,628,"1,3,5,6,8,9",60,final_selection__growth_champion_v3__2020-01-01,3.0145281803051462,2.0508239061374844,44,0.2711864406779661,-0.9886113934537812,True
12,629,"1,3,5,6,8,10",60,final_selection__growth_champion_v3__2020-01-01,3.9598212043213414,1.1923145547853904,46,0.23728813559322035,-1.1676051601550612,True
12,630,"1,3,5,6,8,11",60,final_selection__growth_champion_v3__2020-01-01,1.9549703987085623,2.659742878047041,44,0.2711864406779661,-0.9886113934537812,True
12,631,"1,3,5,6,9,10",60,final_selection__growth_champion_v3__2015-01-01,3.4705159037244844,2.105177720950588,1,0.999999,13.815509557935018,False
12,632,"1,3,5,6,9,11",60,crisis_overlay__realized_volatility_filter__2008-01-01,1.8106918516288104,2.6259247024773256,55,0.0847457627118644,-2.379546134130174,True
12,633,"1,3,5,6,10,11",60,final_selection__growth_champion_v3__2020-01-01,2.304905617415302,2.4373488835148924,37,0.3898305084745763,-0.44802472252696024,True
12,634,"1,3,5,7,8,9",60,final_selection__growth_champion_v3__2020-01-01,2.26164426235632,2.4798732019887044,44,0.2711864406779661,-0.9886113934537812,True
12,635,"1,3,5,7,8,10",60,final_selection__growth_champion_v3__2020-01-01,3.266825303832923,1.629594202890111,46,0.23728813559322035,-1.1676051601550612,True
12,636,"1,3,5,7,8,11",60,crisis_overlay__realized_volatility_filter__2008-01-01,1.3581613958395775,3.203967834164395,39,0.3559322033898305,-0.5930637220029629,True
12,637,"1,3,5,7,9,10",60,crisis_overlay__spy_trend_filter__2015-01-01,3.1560436323724206,2.2123149808075775,32,0.4745762711864407,-0.10178269430994223,True
12,638,"1,3,5,7,9,11",60,crisis_overlay__realized_volatility_filter__2008-01-01,1.4655927132682844,2.988790769655503,54,0.1016949152542373,-2.178532444324067,True
12,639,"1,3,5,7,10,11",60,crisis_overlay__spy_trend_filter__2015-01-01,2.041289204177188,3.1668413956075585,8,0.8813559322033898,2.0053335695261136,False
12,640,"1,3,5,8,9,10",60,final_selection__growth_champion_v3__2015-01-01,2.470532470609324,2.806716256898051,8,0.8813559322033898,2.0053335695261136,False
12,641,"1,3,5,8,9,11",60,crisis_overlay__realized_volatility_filter__2008-01-01,1.081174960115587,3.409711496107426,47,0.22033898305084745,-1.2636920390275583,True
12,642,"1,3,5,8,10,11",60,crisis_overlay__realized_volatility_filter__2008-01-01,1.4420990533173155,3.1218626110147913,55,0.0847457627118644,-2.379546134130174,True
12,643,"1,3,5,9,10,11",60,final_selection__growth_champion_v3__2015-01-01,1.6025909727280698,3.4328325642161683,18,0.711864406779661,0.9044562742271522,False
12,644,"1,3,6,7,8,9",60,final_selection__growth_champion_v3__2020-01-01,3.7861301816031885,1.1142362343558834,46,0.23728813559322035,-1.1676051601550612,True
12,645,"1,3,6,7,8,10",60,crisis_overlay__realized_volatility_filter__2020-01-01,4.695794754811579,-0.41894589782435804,56,0.06779661016949153,-2.6210388241125804,True
12,646,"1,3,6,7,8,11",60,crisis_overlay__realized_volatility_filter__2020-01-01,3.074534181421369,1.454392855586341,57,0.05084745762711865,-2.9267394020670396,True
12,647,"1,3,6,7,9,10",60,crisis_overlay__qqq_trend_filter__2020-01-01,4.078722104991784,0.716741523306893,54,0.1016949152542373,-2.178532444324067,True
12,648,"1,3,6,7,9,11",60,crisis_overlay__realized_volatility_filter__2015-01-01,2.5232285280736493,2.4294751288272485,35,0.423728813559322,-0.3074846997479607,True
12,649,"1,3,6,7,10,11",60,crisis_overlay__realized_volatility_filter__2020-01-01,3.3855973106337593,1.1376187060135479,57,0.05084745762711865,-2.9267394020670396,True
12,650,"1,3,6,8,9,10",60,final_selection__growth_champion_v3__2015-01-01,3.4149139028447375,1.8111759854268445,27,0.559322033898305,0.23841102344499795,False
12,651,"1,3,6,8,9,11",60,final_selection__growth_champion_v3__2015-01-01,1.928152809778161,3.421253563443341,2,0.9830508474576272,4.060443010546422,False
12,652,"1,3,6,8,10,11",60,final_selection__growth_champion_v3__2020-01-01,2.5287787400764605,2.289666781366535,43,0.288135593220339,-0.9044562742271522,True
12,653,"1,3,6,9,10,11",60,final_selection__growth_champion_v3__2015-01-01,2.733164430105607,2.5595424063766306,14,0.7796610169491526,1.2636920390275586,False
12,654,"1,3,7,8,9,10",60,crisis_overlay__spy_trend_filter__2015-01-01,3.197516842735052,1.917957350192987,46,0.23728813559322035,-1.1676051601550612,True
12,655,"1,3,7,8,9,11",60,crisis_overlay__spy_trend_filter__2015-01-01,1.7765296475506551,3.6502631320565397,9,0.864406779661017,1.8523840910444902,False
12,656,"1,3,7,8,10,11",60,crisis_overlay__spy_trend_filter__2015-01-01,2.2920508280222065,3.10183117359898,9,0.864406779661017,1.8523840910444902,False
12,657,"1,3,7,9,10,11",60,crisis_overlay__spy_trend_filter__2015-01-01,2.524337726438682,2.713021484781354,37,0.3898305084745763,-0.44802472252696024,True
12,658,"1,3,8,9,10,11",60,final_selection__growth_champion_v3__2015-01-01,1.931164954582997,3.391303154528714,19,0.6949152542372882,0.8232003088081432,False
12,659,"1,4,5,6,7,8",60,crisis_overlay__realized_volatility_filter__2020-01-01,4.486170475389928,0.48818113123665746,56,0.06779661016949153,-2.6210388241125804,True
12,660,"1,4,5,6,7,9",60,crisis_overlay__qqq_trend_filter__2020-01-01,3.799819341870569,1.3714956814420107,36,0.4067796610169492,-0.3772942311414679,True
12,661,"1,4,5,6,7,10",60,crisis_overlay__realized_volatility_filter__2020-01-01,4.772771912571356,0.16639726300025892,56,0.06779661016949153,-2.6210388241125804,True
12,662,"1,4,5,6,7,11",60,crisis_overlay__realized_volatility_filter__2020-01-01,2.9752632942569037,1.7018188279264512,46,0.23728813559322035,-1.1676051601550612,True
12,663,"1,4,5,6,8,9",60,final_selection__growth_champion_v3__2020-01-01,3.0145281803051462,2.0508239061374844,16,0.7457627118644068,1.0761394328160512,False
12,664,"1,4,5,6,8,10",60,final_selection__growth_champion_v3__2020-01-01,3.9598212043213414,1.1923145547853904,39,0.3559322033898305,-0.5930637220029629,True
12,665,"1,4,5,6,8,11",60,crisis_overlay__realized_volatility_filter__2008-01-01,2.2835260921181013,2.142904579497473,47,0.22033898305084745,-1.2636920390275583,True
12,666,"1,4,5,6,9,10",60,final_selection__growth_champion_v3__2015-01-01,3.9965224911624695,1.7355438090193975,13,0.7966101694915254,1.3652409519220583,False
12,667,"1,4,5,6,9,11",60,crisis_overlay__spy_trend_filter__2008-01-01,2.4658247767000696,2.1245023805975323,41,0.3220338983050847,-0.7444404749474959,True
12,668,"1,4,5,6,10,11",60,crisis_overlay__realized_volatility_filter__2008-01-01,2.750968954603998,1.6417976987930312,53,0.11864406779661017,-2.005333569526114,True
12,669,"1,4,5,7,8,9",60,final_selection__growth_champion_v3__2015-01-01,2.6494625528756,2.6251083320513,3,0.9661016949152542,3.3499040872746044,False
12,670,"1,4,5,7,8,10",60,final_selection__growth_champion_v3__2020-01-01,3.266825303832923,1.629594202890111,33,0.4576271186440678,-0.16989903679539747,True
12,671,"1,4,5,7,8,11",60,crisis_overlay__spy_trend_filter__2008-01-01,2.0118744107028226,2.5438202190499575,42,0.3050847457627119,-0.823200308808143,True
12,672,"1,4,5,7,9,10",60,final_selection__growth_champion_v3__2015-01-01,3.612325474599779,1.8877976245331445,15,0.7627118644067796,1.167605160155061,False
12,673,"1,4,5,7,9,11",60,crisis_overlay__spy_trend_filter__2008-01-01,2.2081892318096967,2.3400493867053176,49,0.1864406779661017,-1.4733057381095205,True
12,674,"1,4,5,7,10,11",60,crisis_overlay__spy_trend_filter__2008-01-01,2.486604724613122,2.0377179027865124,49,0.1864406779661017,-1.4733057381095205,True
12,675,"1,4,5,8,9,10",60,final_selection__growth_champion_v3__2015-01-01,2.9680237219582883,2.4244139358796115,18,0.711864406779661,0.9044562742271522,False
12,676,"1,4,5,8,9,11",60,crisis_overlay__spy_trend_filter__2008-01-01,1.8029176669052913,2.7083684817424114,48,0.2033898305084746,-1.365240951922058,True
12,677,"1,4,5,8,10,11",60,crisis_overlay__spy_trend_filter__2008-01-01,2.111334337568819,2.4305731635163834,45,0.2542372881355932,-1.0761394328160512,True
12,678,"1,4,5,9,10,11",60,crisis_overlay__spy_trend_filter__2008-01-01,2.3275093219080123,2.2430722219015338,51,0.15254237288135594,-1.7147984280919266,True
12,679,"1,4,6,7,8,9",60,final_selection__growth_champion_v3__2020-01-01,3.7861301816031885,1.1142362343558834,39,0.3559322033898305,-0.5930637220029629,True
12,680,"1,4,6,7,8,10",60,crisis_overlay__realized_volatility_filter__2020-01-01,4.695794754811579,-0.41894589782435804,56,0.06779661016949153,-2.6210388241125804,True
12,681,"1,4,6,7,8,11",60,crisis_overlay__realized_volatility_filter__2020-01-01,3.074534181421369,1.454392855586341,56,0.06779661016949153,-2.6210388241125804,True
12,682,"1,4,6,7,9,10",60,final_selection__growth_champion_v3__2015-01-01,4.375792699088561,0.7222272905774384,30,0.5084745762711864,0.0339015516756812,False
12,683,"1,4,6,7,9,11",60,final_selection__growth_champion_v3__2015-01-01,2.8845124874788546,2.344410758885653,12,0.8135593220338984,1.4733057381095207,False
12,684,"1,4,6,7,10,11",60,crisis_overlay__realized_volatility_filter__2020-01-01,3.3855973106337593,1.1376187060135479,55,0.0847457627118644,-2.379546134130174,True
12,685,"1,4,6,8,9,10",60,final_selection__growth_champion_v3__2015-01-01,3.8336851103864933,1.3677492604970956,14,0.7796610169491526,1.2636920390275586,False
12,686,"1,4,6,8,9,11",60,crisis_overlay__spy_trend_filter__2008-01-01,2.3986880211947996,2.1508198554558895,39,0.3559322033898305,-0.5930637220029629,True
12,687,"1,4,6,8,10,11",60,final_selection__growth_champion_v3__2015-01-01,2.8199014309486206,2.399053936432614,3,0.9661016949152542,3.3499040872746044,False
12,688,"1,4,6,9,10,11",60,final_selection__growth_champion_v3__2015-01-01,3.1687153593546067,2.1351416251346906,18,0.711864406779661,0.9044562742271522,False
12,689,"1,4,7,8,9,10",60,final_selection__growth_champion_v3__2015-01-01,3.5549064805454966,1.5370198348188053,25,0.5932203389830508,0.377294231141468,False
12,690,"1,4,7,8,9,11",60,crisis_overlay__spy_trend_filter__2008-01-01,2.1670415895938517,2.3867145039195172,45,0.2542372881355932,-1.0761394328160512,True
12,691,"1,4,7,8,10,11",60,final_selection__growth_champion_v3__2015-01-01,2.6242659697695183,2.6778795460609164,11,0.8305084745762712,1.589235205116581,False
12,692,"1,4,7,9,10,11",60,final_selection__growth_champion_v3__2015-01-01,2.9104889104955225,2.337671133351645,18,0.711864406779661,0.9044562742271522,False
12,693,"1,4,8,9,10,11",60,final_selection__growth_champion_v3__2015-01-01,2.349519075626141,2.948137409849842,18,0.711864406779661,0.9044562742271522,False
12,694,"1,5,6,7,8,9",60,final_selection__growth_champion_v3__2020-01-01,4.444631918128445,1.5969599945781718,44,0.2711864406779661,-0.9886113934537812,True
12,695,"1,5,6,7,8,10",60,crisis_overlay__realized_volatility_filter__2020-01-01,5.722875136408768,0.5866891285586197,56,0.06779661016949153,-2.6210388241125804,True
12,696,"1,5,6,7,8,11",60,crisis_overlay__realized_volatility_filter__2020-01-01,3.193492752180786,1.8288020055095313,57,0.05084745762711865,-2.9267394020670396,True
12,697,"1,5,6,7,9,10",60,crisis_overlay__qqq_trend_filter__2020-01-01,4.881199055411537,1.326135473298381,44,0.2711864406779661,-0.9886113934537812,True
12,698,"1,5,6,7,9,11",60,crisis_overlay__spy_trend_filter__2015-01-01,2.416835054570627,2.8664322515798126,9,0.864406779661017,1.8523840910444902,False
12,699,"1,5,6,7,10,11",60,crisis_overlay__realized_volatility_filter__2020-01-01,3.68001339862347,1.608142535091012,56,0.06779661016949153,-2.6210388241125804,True
12,700,"1,5,6,8,9,10",60,final_selection__growth_champion_v3__2020-01-01,3.8112122802239417,1.9074789266117411,21,0.6610169491525424,0.6678293725756556,False
12,701,"1,5,6,8,9,11",60,crisis_overlay__realized_volatility_filter__2008-01-01,1.8607695723087108,2.6233703156021027,55,0.0847457627118644,-2.379546134130174,True
12,702,"1,5,6,8,10,11",60,final_selection__growth_champion_v3__2015-01-01,2.3253866491078767,2.9974328926064975,2,0.9830508474576272,4.060443010546422,False
12,703,"1,5,6,9,10,11",60,final_selection__growth_champion_v3__2015-01-01,2.717795913166248,2.7277309819933313,13,0.7966101694915254,1.3652409519220583,False
12,704,"1,5,7,8,9,10",60,crisis_overlay__spy_trend_filter__2015-01-01,3.176658609571344,2.1295953333929414,42,0.3050847457627119,-0.823200308808143,True
12,705,"1,5,7,8,9,11",60,crisis_overlay__spy_trend_filter__2015-01-01,1.597230748480633,3.7157446646051002,8,0.8813559322033898,2.0053335695261136,False
12,706,"1,5,7,8,10,11",60,crisis_overlay__spy_trend_filter__2015-01-01,2.1524231819839854,3.175823022240001,9,0.864406779661017,1.8523840910444902,False
12,707,"1,5,7,9,10,11",60,crisis_overlay__spy_trend_filter__2015-01-01,2.4485514748824935,2.8714431122923925,20,0.6779661016949152,0.7444404749474958,False
12,708,"1,5,8,9,10,11",60,final_selection__growth_champion_v3__2015-01-01,1.791493869618136,3.505324806363387,17,0.7288135593220338,0.9886113934537809,False
12,709,"1,6,7,8,9,10",60,final_selection__growth_champion_v3__2020-01-01,4.763917869196662,1.128513544410008,29,0.5254237288135594,0.10178269430994258,False
12,710,"1,6,7,8,9,11",60,crisis_overlay__spy_trend_filter__2015-01-01,2.574008773165732,2.6742881484180083,9,0.864406779661017,1.8523840910444902,False
12,711,"1,6,7,8,10,11",60,crisis_overlay__realized_volatility_filter__2020-01-01,3.7933843590246017,1.4026302899923626,56,0.06779661016949153,-2.6210388241125804,True
12,712,"1,6,7,9,10,11",60,crisis_overlay__spy_trend_filter__2015-01-01,3.3448331029160214,1.7571183119422138,44,0.2711864406779661,-0.9886113934537812,True
12,713,"1,6,8,9,10,11",60,final_selection__growth_champion_v3__2015-01-01,2.7792057521938176,2.518397641432247,14,0.7796610169491526,1.2636920390275586,False
12,714,"1,7,8,9,10,11",60,crisis_overlay__spy_trend_filter__2015-01-01,2.589942533068903,2.67291352407351,37,0.3898305084745763,-0.44802472252696024,True
12,715,"2,3,4,5,6,7",60,crisis_overlay__realized_volatility_filter__2020-01-01,4.033601512949728,-0.06121366597673466,57,0.05084745762711865,-2.9267394020670396,True
12,716,"2,3,4,5,6,8",60,final_selection__growth_champion_v3__2020-01-01,3.3780655529039856,1.2055648341830623,46,0.23728813559322035,-1.1676051601550612,True
12,717,"2,3,4,5,6,9",60,crisis_overlay__qqq_trend_filter__2015-01-01,2.9554212106610573,2.378691952514295,9,0.864406779661017,1.8523840910444902,False
12,718,"2,3,4,5,6,10",60,crisis_overlay__drawdown_aware_trend_filter__2015-01-01,3.755814082359118,1.7631853252283525,27,0.559322033898305,0.23841102344499795,False
12,719,"2,3,4,5,6,11",60,final_selection__growth_champion_v3__2020-01-01,2.0597537835868702,2.7528646859445614,16,0.7457627118644068,1.0761394328160512,False
12,720,"2,3,4,5,7,8",60,final_selection__growth_champion_v3__2020-01-01,2.850087187288032,1.7569731432794495,47,0.22033898305084745,-1.2636920390275583,True
12,721,"2,3,4,5,7,9",60,crisis_overlay__drawdown_aware_trend_filter__2015-01-01,2.620446934747651,2.3061143429075712,43,0.288135593220339,-0.9044562742271522,True
12,722,"2,3,4,5,7,10",60,crisis_overlay__drawdown_aware_trend_filter__2015-01-01,3.43086582150478,1.8675925306292942,38,0.3728813559322034,-0.5198754592859085,True
12,723,"2,3,4,5,7,11",60,crisis_overlay__spy_trend_filter__2008-01-01,1.6976835870073683,2.967095494558467,44,0.2711864406779661,-0.9886113934537812,True
12,724,"2,3,4,5,8,9",60,crisis_overlay__spy_trend_filter__2008-01-01,1.8189364555365701,2.774004344119774,43,0.288135593220339,-0.9044562742271522,True
12,725,"2,3,4,5,8,10",60,crisis_overlay__drawdown_aware_trend_filter__2015-01-01,2.5195444522702157,2.3533554536182155,32,0.4745762711864407,-0.10178269430994223,True
12,726,"2,3,4,5,8,11",60,crisis_overlay__spy_trend_filter__2008-01-01,1.3289436879270315,3.369524595372281,44,0.2711864406779661,-0.9886113934537812,True
12,727,"2,3,4,5,9,10",60,crisis_overlay__drawdown_aware_trend_filter__2015-01-01,3.0658311655713715,2.1675907336878044,51,0.15254237288135594,-1.7147984280919266,True
12,728,"2,3,4,5,9,11",60,crisis_overlay__spy_trend_filter__2008-01-01,1.4684550331468957,3.1031032676550296,47,0.22033898305084745,-1.2636920390275583,True
12,729,"2,3,4,5,10,11",60,crisis_overlay__spy_trend_filter__2008-01-01,1.7816455658597972,2.8314998867469945,47,0.22033898305084745,-1.2636920390275583,True
12,730,"2,3,4,6,7,8",60,crisis_overlay__realized_volatility_filter__2020-01-01,3.9912408576729517,-0.889930099783029,56,0.06779661016949153,-2.6210388241125804,True
12,731,"2,3,4,6,7,9",60,crisis_overlay__realized_volatility_filter__2015-01-01,3.9207347996245385,1.5983716149899743,27,0.559322033898305,0.23841102344499795,False
12,732,"2,3,4,6,7,10",60,crisis_overlay__realized_volatility_filter__2015-01-01,4.529695842404152,1.063359583562461,29,0.5254237288135594,0.10178269430994258,False
12,733,"2,3,4,6,7,11",60,crisis_overlay__realized_volatility_filter__2020-01-01,2.931645337237001,1.1357682732525318,57,0.05084745762711865,-2.9267394020670396,True
12,734,"2,3,4,6,8,9",60,final_selection__growth_champion_v3__2015-01-01,3.087774426314684,2.360867006508601,2,0.9830508474576272,4.060443010546422,False
12,735,"2,3,4,6,8,10",60,crisis_overlay__drawdown_aware_trend_filter__2015-01-01,3.731519614327447,1.4998946935393602,32,0.4745762711864407,-0.10178269430994223,True
12,736,"2,3,4,6,8,11",60,final_selection__growth_champion_v3__2020-01-01,2.2484919216871346,2.588709851019909,34,0.4406779661016949,-0.23841102344499837,True
12,737,"2,3,4,6,9,10",60,crisis_overlay__drawdown_aware_trend_filter__2015-01-01,4.323226406800362,1.3715309744030093,35,0.423728813559322,-0.3074846997479607,True
12,738,"2,3,4,6,9,11",60,final_selection__growth_champion_v3__2015-01-01,2.132198087464218,2.9324091049698917,14,0.7796610169491526,1.2636920390275586,False
12,739,"2,3,4,6,10,11",60,crisis_overlay__qqq_trend_filter__2015-01-01,2.8581526260001477,2.363837277344408,8,0.8813559322033898,2.0053335695261136,False
12,740,"2,3,4,7,8,9",60,crisis_overlay__drawdown_aware_trend_filter__2015-01-01,2.8328502108357854,2.1355138319557896,52,0.13559322033898305,-1.8523840910444898,True
12,741,"2,3,4,7,8,10",60,crisis_overlay__drawdown_aware_trend_filter__2015-01-01,3.4860477630437434,1.616964496817708,45,0.2542372881355932,-1.0761394328160512,True
12,742,"2,3,4,7,8,11",60,final_selection__growth_champion_v3__2020-01-01,1.8213053545588214,3.3355793434729546,10,0.847457627118644,1.7147984280919264,False
12,743,"2,3,4,7,9,10",60,crisis_overlay__drawdown_aware_trend_filter__2015-01-01,3.9706715781782376,1.461326780385101,57,0.05084745762711865,-2.9267394020670396,True
12,744,"2,3,4,7,9,11",60,final_selection__growth_champion_v3__2015-01-01,1.8900643776949297,3.1433090316936743,16,0.7457627118644068,1.0761394328160512,False
12,745,"2,3,4,7,10,11",60,crisis_overlay__drawdown_aware_trend_filter__2015-01-01,2.6231234512047017,2.289462557058864,48,0.2033898305084746,-1.365240951922058,True
12,746,"2,3,4,8,9,10",60,crisis_overlay__drawdown_aware_trend_filter__2015-01-01,3.139414796185123,1.9748166796265236,58,0.03389830508474576,-3.349904087274605,True
12,747,"2,3,4,8,9,11",60,crisis_overlay__spy_trend_filter__2008-01-01,1.4857338366496002,3.2184591874207196,47,0.22033898305084745,-1.2636920390275583,True
12,748,"2,3,4,8,10,11",60,final_selection__growth_champion_v3__2015-01-01,1.887403711123699,3.24087684737182,17,0.7288135593220338,0.9886113934537809,False
12,749,"2,3,4,9,10,11",60,final_selection__growth_champion_v3__2015-01-01,2.1332483522951264,2.911104689469758,23,0.6271186440677966,0.5198754592859086,False
12,750,"2,3,5,6,7,8",60,crisis_overlay__realized_volatility_filter__2020-01-01,4.486170475389928,0.48818113123665746,56,0.06779661016949153,-2.6210388241125804,True
12,751,"2,3,5,6,7,9",60,crisis_overlay__qqq_trend_filter__2020-01-01,3.799819341870569,1.3714956814420107,54,0.1016949152542373,-2.178532444324067,True
12,752,"2,3,5,6,7,10",60,crisis_overlay__realized_volatility_filter__2020-01-01,4.772771912571356,0.16639726300025892,56,0.06779661016949153,-2.6210388241125804,True
12,753,"2,3,5,6,7,11",60,crisis_overlay__realized_volatility_filter__2020-01-01,2.9752632942569037,1.7018188279264512,57,0.05084745762711865,-2.9267394020670396,True
12,754,"2,3,5,6,8,9",60,final_selection__growth_champion_v3__2020-01-01,3.0145281803051462,2.0508239061374844,46,0.23728813559322035,-1.1676051601550612,True
12,755,"2,3,5,6,8,10",60,final_selection__growth_champion_v3__2020-01-01,3.9598212043213414,1.1923145547853904,46,0.23728813559322035,-1.1676051601550612,True
12,756,"2,3,5,6,8,11",60,final_selection__growth_champion_v3__2020-01-01,1.9549703987085623,2.659742878047041,46,0.23728813559322035,-1.1676051601550612,True
12,757,"2,3,5,6,9,10",60,crisis_overlay__spy_trend_filter__2015-01-01,3.7511454894342524,2.149751708302879,26,0.576271186440678,0.3074846997479607,False
12,758,"2,3,5,6,9,11",60,crisis_overlay__realized_volatility_filter__2008-01-01,1.5092649729631185,3.10331624907276,37,0.3898305084745763,-0.44802472252696024,True
12,759,"2,3,5,6,10,11",60,final_selection__growth_champion_v3__2020-01-01,2.304905617415302,2.4373488835148924,46,0.23728813559322035,-1.1676051601550612,True
12,760,"2,3,5,7,8,9",60,final_selection__growth_champion_v3__2020-01-01,2.26164426235632,2.4798732019887044,46,0.23728813559322035,-1.1676051601550612,True
12,761,"2,3,5,7,8,10",60,final_selection__growth_champion_v3__2020-01-01,3.266825303832923,1.629594202890111,46,0.23728813559322035,-1.1676051601550612,True
12,762,"2,3,5,7,8,11",60,final_selection__growth_champion_v3__2020-01-01,1.3098090646799403,3.1272188283391076,46,0.23728813559322035,-1.1676051601550612,True
12,763,"2,3,5,7,9,10",60,crisis_overlay__spy_trend_filter__2015-01-01,3.331942334018856,2.2652854101610567,37,0.3898305084745763,-0.44802472252696024,True
12,764,"2,3,5,7,9,11",60,crisis_overlay__spy_trend_filter__2008-01-01,1.3006408631229271,3.482440088225153,34,0.4406779661016949,-0.23841102344499837,True
12,765,"2,3,5,7,10,11",60,crisis_overlay__realized_volatility_filter__2015-01-01,1.9558111616935212,2.8020317795678005,50,0.1694915254237288,-1.589235205116581,True
12,766,"2,3,5,8,9,10",60,final_selection__growth_champion_v3__2015-01-01,2.3949837200122825,2.781078108605312,37,0.3898305084745763,-0.44802472252696024,True
12,767,"2,3,5,8,9,11",60,crisis_overlay__spy_trend_filter__2008-01-01,0.9221293936269602,3.88835872871466,40,0.3389830508474576,-0.6678293725756556,True
12,768,"2,3,5,8,10,11",60,crisis_overlay__spy_trend_filter__2008-01-01,1.249355249710865,3.6350294132759946,19,0.6949152542372882,0.8232003088081432,False
12,769,"2,3,5,9,10,11",60,crisis_overlay__spy_trend_filter__2008-01-01,1.3773164494373218,3.3383610657897034,36,0.4067796610169492,-0.3772942311414679,True
12,770,"2,3,6,7,8,9",60,final_selection__growth_champion_v3__2020-01-01,3.7861301816031885,1.1142362343558834,46,0.23728813559322035,-1.1676051601550612,True
12,771,"2,3,6,7,8,10",60,crisis_overlay__realized_volatility_filter__2020-01-01,4.695794754811579,-0.41894589782435804,56,0.06779661016949153,-2.6210388241125804,True
12,772,"2,3,6,7,8,11",60,crisis_overlay__realized_volatility_filter__2020-01-01,3.074534181421369,1.454392855586341,57,0.05084745762711865,-2.9267394020670396,True
12,773,"2,3,6,7,9,10",60,crisis_overlay__realized_volatility_filter__2015-01-01,4.4377757747775775,1.1250725086145779,41,0.3220338983050847,-0.7444404749474959,True
12,774,"2,3,6,7,9,11",60,crisis_overlay__realized_volatility_filter__2015-01-01,2.6631087165366902,2.34533988570619,52,0.13559322033898305,-1.8523840910444898,True
12,775,"2,3,6,7,10,11",60,crisis_overlay__realized_volatility_filter__2020-01-01,3.3855973106337593,1.1376187060135479,57,0.05084745762711865,-2.9267394020670396,True
12,776,"2,3,6,8,9,10",60,crisis_overlay__spy_trend_filter__2015-01-01,3.6266682413580735,1.910867615048936,36,0.4067796610169492,-0.3772942311414679,True
12,777,"2,3,6,8,9,11",60,crisis_overlay__realized_volatility_filter__2015-01-01,1.7491841942251714,3.0386254341212084,42,0.3050847457627119,-0.823200308808143,True
12,778,"2,3,6,8,10,11",60,final_selection__growth_champion_v3__2020-01-01,2.5287787400764605,2.289666781366535,46,0.23728813559322035,-1.1676051601550612,True
12,779,"2,3,6,9,10,11",60,crisis_overlay__spy_trend_filter__2015-01-01,2.7508323291305863,2.534621428306932,43,0.288135593220339,-0.9044562742271522,True
12,780,"2,3,7,8,9,10",60,crisis_overlay__spy_trend_filter__2015-01-01,3.347056594843471,2.040535742604947,43,0.288135593220339,-0.9044562742271522,True
12,781,"2,3,7,8,9,11",60,crisis_overlay__spy_trend_filter__2015-01-01,1.5908705733898374,3.4464920064457014,46,0.23728813559322035,-1.1676051601550612,True
12,782,"2,3,7,8,10,11",60,crisis_overlay__realized_volatility_filter__2015-01-01,2.2443536127430104,2.715726389843962,50,0.1694915254237288,-1.589235205116581,True
12,783,"2,3,7,9,10,11",60,crisis_overlay__spy_trend_filter__2015-01-01,2.50865876801768,2.685873986419107,53,0.11864406779661017,-2.005333569526114,True
12,784,"2,3,8,9,10,11",60,final_selection__growth_champion_v3__2015-01-01,1.7340816533764933,3.2626089118425954,44,0.2711864406779661,-0.9886113934537812,True
12,785,"2,4,5,6,7,8",60,crisis_overlay__realized_volatility_filter__2020-01-01,4.486170475389928,0.48818113123665746,56,0.06779661016949153,-2.6210388241125804,True
12,786,"2,4,5,6,7,9",60,crisis_overlay__drawdown_aware_trend_filter__2015-01-01,3.832480716280737,1.65468255041802,11,0.8305084745762712,1.589235205116581,False
12,787,"2,4,5,6,7,10",60,crisis_overlay__realized_volatility_filter__2020-01-01,4.772771912571356,0.16639726300025892,56,0.06779661016949153,-2.6210388241125804,True
12,788,"2,4,5,6,7,11",60,crisis_overlay__realized_volatility_filter__2020-01-01,2.9752632942569037,1.7018188279264512,57,0.05084745762711865,-2.9267394020670396,True
12,789,"2,4,5,6,8,9",60,final_selection__growth_champion_v3__2020-01-01,3.0145281803051462,2.0508239061374844,22,0.6440677966101694,0.5930637220029625,False
12,790,"2,4,5,6,8,10",60,final_selection__growth_champion_v3__2020-01-01,3.9598212043213414,1.1923145547853904,45,0.2542372881355932,-1.0761394328160512,True
12,791,"2,4,5,6,8,11",60,crisis_overlay__spy_trend_filter__2008-01-01,1.9951967179441048,2.62249679138657,29,0.5254237288135594,0.10178269430994258,False
12,792,"2,4,5,6,9,10",60,crisis_overlay__drawdown_aware_trend_filter__2015-01-01,4.471727559174531,1.551275402627488,36,0.4067796610169492,-0.3772942311414679,True
12,793,"2,4,5,6,9,11",60,crisis_overlay__spy_trend_filter__2008-01-01,2.1814031816620623,2.4042708576257867,46,0.23728813559322035,-1.1676051601550612,True
12,794,"2,4,5,6,10,11",60,crisis_overlay__qqq_trend_filter__2015-01-01,2.709307409765785,2.4570287800585464,9,0.864406779661017,1.8523840910444902,False
12,795,"2,4,5,7,8,9",60,crisis_overlay__drawdown_aware_trend_filter__2015-01-01,2.6606285924017077,2.2602069613713547,43,0.288135593220339,-0.9044562742271522,True
12,796,"2,4,5,7,8,10",60,crisis_overlay__drawdown_aware_trend_filter__2015-01-01,3.340917713229101,1.7762311027835527,34,0.4406779661016949,-0.23841102344499837,True
12,797,"2,4,5,7,8,11",60,crisis_overlay__spy_trend_filter__2008-01-01,1.8016744592229421,2.9125447380315976,41,0.3220338983050847,-0.7444404749474959,True
12,798,"2,4,5,7,9,10",60,crisis_overlay__drawdown_aware_trend_filter__2015-01-01,3.990780517773568,1.6374557231050495,53,0.11864406779661017,-2.005333569526114,True
12,799,"2,4,5,7,9,11",60,crisis_overlay__spy_trend_filter__2008-01-01,1.9634374107562147,2.6596074099753744,48,0.2033898305084746,-1.365240951922058,True
12,800,"2,4,5,7,10,11",60,crisis_overlay__drawdown_aware_trend_filter__2015-01-01,2.4170341338016974,2.3974457664186235,37,0.3898305084745763,-0.44802472252696024,True
12,801,"2,4,5,8,9,10",60,crisis_overlay__drawdown_aware_trend_filter__2015-01-01,3.0702428847489056,2.1190337281643292,48,0.2033898305084746,-1.365240951922058,True
12,802,"2,4,5,8,9,11",60,crisis_overlay__spy_trend_filter__2008-01-01,1.5984510073046458,3.0736139705871923,47,0.22033898305084745,-1.2636920390275583,True
12,803,"2,4,5,8,10,11",60,crisis_overlay__spy_trend_filter__2008-01-01,1.8854690253339792,2.773056663203028,47,0.22033898305084745,-1.2636920390275583,True
12,804,"2,4,5,9,10,11",60,crisis_overlay__spy_trend_filter__2008-01-01,2.0618898198720035,2.542437498137156,52,0.13559322033898305,-1.8523840910444898,True
12,805,"2,4,6,7,8,9",60,final_selection__growth_champion_v3__2020-01-01,3.7861301816031885,1.1142362343558834,45,0.2542372881355932,-1.0761394328160512,True
12,806,"2,4,6,7,8,10",60,crisis_overlay__realized_volatility_filter__2020-01-01,4.695794754811579,-0.41894589782435804,56,0.06779661016949153,-2.6210388241125804,True
12,807,"2,4,6,7,8,11",60,crisis_overlay__realized_volatility_filter__2020-01-01,3.074534181421369,1.454392855586341,57,0.05084745762711865,-2.9267394020670396,True
12,808,"2,4,6,7,9,10",60,crisis_overlay__drawdown_aware_trend_filter__2015-01-01,4.889053737523947,0.6837976581207282,48,0.2033898305084746,-1.365240951922058,True
12,809,"2,4,6,7,9,11",60,final_selection__growth_champion_v3__2015-01-01,2.9315855539665217,2.4085684070173197,8,0.8813559322033898,2.0053335695261136,False
12,810,"2,4,6,7,10,11",60,crisis_overlay__drawdown_aware_trend_filter__2015-01-01,3.5096250064045877,1.4840590374925082,38,0.3728813559322034,-0.5198754592859085,True
12,811,"2,4,6,8,9,10",60,crisis_overlay__drawdown_aware_trend_filter__2015-01-01,4.140795588191879,1.2419931534653297,46,0.23728813559322035,-1.1676051601550612,True
12,812,"2,4,6,8,9,11",60,final_selection__growth_champion_v3__2015-01-01,2.246059078056563,2.9169251767094395,13,0.7966101694915254,1.3652409519220583,False
12,813,"2,4,6,8,10,11",60,final_selection__growth_champion_v3__2015-01-01,2.8546722455705966,2.4586375658785253,2,0.9830508474576272,4.060443010546422,False
12,814,"2,4,6,9,10,11",60,final_selection__growth_champion_v3__2015-01-01,3.290516571142733,2.226063982737103,17,0.7288135593220338,0.9886113934537809,False
12,815,"2,4,7,8,9,10",60,crisis_overlay__drawdown_aware_trend_filter__2015-01-01,3.831084126750096,1.3316655639178383,60,1e-06,-13.815509557963773,True
12,816,"2,4,7,8,9,11",60,final_selection__growth_champion_v3__2015-01-01,2.01964039218817,3.142128869712196,16,0.7457627118644068,1.0761394328160512,False
12,817,"2,4,7,8,10,11",60,crisis_overlay__drawdown_aware_trend_filter__2015-01-01,2.6301248284858376,2.219727593657312,54,0.1016949152542373,-2.178532444324067,True
12,818,"2,4,7,9,10,11",60,crisis_overlay__drawdown_aware_trend_filter__2015-01-01,2.9960951685502133,2.0003788094958708,55,0.0847457627118644,-2.379546134130174,True
12,819,"2,4,8,9,10,11",60,final_selection__growth_champion_v3__2015-01-01,2.258647781446714,2.8987214123035963,19,0.6949152542372882,0.8232003088081432,False
12,820,"2,5,6,7,8,9",60,final_selection__growth_champion_v3__2020-01-01,4.444631918128445,1.5969599945781718,46,0.23728813559322035,-1.1676051601550612,True
12,821,"2,5,6,7,8,10",60,crisis_overlay__realized_volatility_filter__2020-01-01,5.722875136408768,0.5866891285586197,56,0.06779661016949153,-2.6210388241125804,True
12,822,"2,5,6,7,8,11",60,crisis_overlay__realized_volatility_filter__2020-01-01,3.193492752180786,1.8288020055095313,57,0.05084745762711865,-2.9267394020670396,True
12,823,"2,5,6,7,9,10",60,crisis_overlay__qqq_trend_filter__2020-01-01,4.881199055411537,1.326135473298381,50,0.1694915254237288,-1.589235205116581,True
12,824,"2,5,6,7,9,11",60,crisis_overlay__realized_volatility_filter__2015-01-01,2.4705995847656967,2.5383042984188644,46,0.23728813559322035,-1.1676051601550612,True
12,825,"2,5,6,7,10,11",60,crisis_overlay__realized_volatility_filter__2020-01-01,3.68001339862347,1.608142535091012,57,0.05084745762711865,-2.9267394020670396,True
12,826,"2,5,6,8,9,10",60,final_selection__growth_champion_v3__2020-01-01,3.8112122802239417,1.9074789266117411,40,0.3389830508474576,-0.6678293725756556,True
12,827,"2,5,6,8,9,11",60,crisis_overlay__spy_trend_filter__2008-01-01,1.61236810236937,3.167258488807034,21,0.6610169491525424,0.6678293725756556,False
12,828,"2,5,6,8,10,11",60,final_selection__growth_champion_v3__2020-01-01,2.271224185449026,2.4200858695789815,46,0.23728813559322035,-1.1676051601550612,True
12,829,"2,5,6,9,10,11",60,crisis_overlay__spy_trend_filter__2015-01-01,2.7438479873649593,2.66686570051152,27,0.559322033898305,0.23841102344499795,False
12,830,"2,5,7,8,9,10",60,crisis_overlay__spy_trend_filter__2015-01-01,3.3372495806544915,2.197477987106475,45,0.2542372881355932,-1.0761394328160512,True
12,831,"2,5,7,8,9,11",60,crisis_overlay__spy_trend_filter__2008-01-01,1.4277091649873972,3.479294758241898,27,0.559322033898305,0.23841102344499795,False
12,832,"2,5,7,8,10,11",60,crisis_overlay__spy_trend_filter__2015-01-01,2.0491448350885157,3.058588244354829,35,0.423728813559322,-0.3074846997479607,True
12,833,"2,5,7,9,10,11",60,crisis_overlay__spy_trend_filter__2015-01-01,2.413226445969673,2.805317430457797,51,0.15254237288135594,-1.7147984280919266,True
12,834,"2,5,8,9,10,11",60,final_selection__growth_champion_v3__2015-01-01,1.5217790583011195,3.346690655109291,35,0.423728813559322,-0.3074846997479607,True
12,835,"2,6,7,8,9,10",60,final_selection__growth_champion_v3__2020-01-01,4.763917869196662,1.128513544410008,39,0.3559322033898305,-0.5930637220029629,True
12,836,"2,6,7,8,9,11",60,crisis_overlay__realized_volatility_filter__2015-01-01,2.6058946202119326,2.373361457909117,51,0.15254237288135594,-1.7147984280919266,True
12,837,"2,6,7,8,10,11",60,crisis_overlay__realized_volatility_filter__2020-01-01,3.7933843590246017,1.4026302899923626,56,0.06779661016949153,-2.6210388241125804,True
12,838,"2,6,7,9,10,11",60,crisis_overlay__spy_trend_filter__2015-01-01,3.5223321889358195,1.9060344692163456,49,0.1864406779661017,-1.4733057381095205,True
12,839,"2,6,8,9,10,11",60,crisis_overlay__spy_trend_filter__2015-01-01,2.8159561907393047,2.4859566498830215,43,0.288135593220339,-0.9044562742271522,True
12,840,"2,7,8,9,10,11",60,crisis_overlay__spy_trend_filter__2015-01-01,2.589605824858891,2.6457314360809168,53,0.11864406779661017,-2.005333569526114,True
12,841,"3,4,5,6,7,8",60,crisis_overlay__realized_volatility_filter__2020-01-01,4.486170475389928,0.48818113123665746,56,0.06779661016949153,-2.6210388241125804,True
12,842,"3,4,5,6,7,9",60,crisis_overlay__qqq_trend_filter__2020-01-01,3.799819341870569,1.3714956814420107,52,0.13559322033898305,-1.8523840910444898,True
12,843,"3,4,5,6,7,10",60,crisis_overlay__realized_volatility_filter__2020-01-01,4.772771912571356,0.16639726300025892,56,0.06779661016949153,-2.6210388241125804,True
12,844,"3,4,5,6,7,11",60,crisis_overlay__realized_volatility_filter__2020-01-01,2.9752632942569037,1.7018188279264512,57,0.05084745762711865,-2.9267394020670396,True
12,845,"3,4,5,6,8,9",60,final_selection__growth_champion_v3__2020-01-01,3.0145281803051462,2.0508239061374844,34,0.4406779661016949,-0.23841102344499837,True
12,846,"3,4,5,6,8,10",60,final_selection__growth_champion_v3__2020-01-01,3.9598212043213414,1.1923145547853904,46,0.23728813559322035,-1.1676051601550612,True
12,847,"3,4,5,6,8,11",60,final_selection__growth_champion_v3__2020-01-01,1.9549703987085623,2.659742878047041,34,0.4406779661016949,-0.23841102344499837,True
12,848,"3,4,5,6,9,10",60,final_selection__growth_champion_v3__2015-01-01,4.0046378330745425,2.0637530175389687,3,0.9661016949152542,3.3499040872746044,False
12,849,"3,4,5,6,9,11",60,crisis_overlay__spy_trend_filter__2008-01-01,2.0247103442241414,2.603236141816622,45,0.2542372881355932,-1.0761394328160512,True
12,850,"3,4,5,6,10,11",60,final_selection__growth_champion_v3__2015-01-01,2.32294377119213,2.8028074355550627,2,0.9830508474576272,4.060443010546422,False
12,851,"3,4,5,7,8,9",60,final_selection__growth_champion_v3__2015-01-01,2.281998243803491,2.8351278065104566,2,0.9830508474576272,4.060443010546422,False
12,852,"3,4,5,7,8,10",60,final_selection__growth_champion_v3__2020-01-01,3.266825303832923,1.629594202890111,46,0.23728813559322035,-1.1676051601550612,True
12,853,"3,4,5,7,8,11",60,crisis_overlay__spy_trend_filter__2008-01-01,1.6731965739404178,3.1615740092204385,29,0.5254237288135594,0.10178269430994258,False
12,854,"3,4,5,7,9,10",60,final_selection__growth_champion_v3__2015-01-01,3.5090599805089124,2.206907315348792,8,0.8813559322033898,2.0053335695261136,False
12,855,"3,4,5,7,9,11",60,crisis_overlay__spy_trend_filter__2008-01-01,1.820672403852353,2.8791365690724406,48,0.2033898305084746,-1.365240951922058,True
12,856,"3,4,5,7,10,11",60,crisis_overlay__spy_trend_filter__2008-01-01,2.0817416270462186,2.546861365861428,45,0.2542372881355932,-1.0761394328160512,True
12,857,"3,4,5,8,9,10",60,final_selection__growth_champion_v3__2015-01-01,2.6305886699023047,2.6444390990303885,17,0.7288135593220338,0.9886113934537809,False
12,858,"3,4,5,8,9,11",60,crisis_overlay__spy_trend_filter__2008-01-01,1.4653629931499068,3.308956345327241,47,0.22033898305084745,-1.2636920390275583,True
12,859,"3,4,5,8,10,11",60,crisis_overlay__spy_trend_filter__2008-01-01,1.7507768987898593,3.0069926048022793,47,0.22033898305084745,-1.2636920390275583,True
12,860,"3,4,5,9,10,11",60,crisis_overlay__spy_trend_filter__2008-01-01,1.9111298877644163,2.7505097181120903,52,0.13559322033898305,-1.8523840910444898,True
12,861,"3,4,6,7,8,9",60,final_selection__growth_champion_v3__2020-01-01,3.7861301816031885,1.1142362343558834,46,0.23728813559322035,-1.1676051601550612,True
12,862,"3,4,6,7,8,10",60,crisis_overlay__realized_volatility_filter__2020-01-01,4.695794754811579,-0.41894589782435804,56,0.06779661016949153,-2.6210388241125804,True
12,863,"3,4,6,7,8,11",60,crisis_overlay__realized_volatility_filter__2020-01-01,3.074534181421369,1.454392855586341,57,0.05084745762711865,-2.9267394020670396,True
12,864,"3,4,6,7,9,10",60,final_selection__growth_champion_v3__2015-01-01,4.542579893930606,1.3229530717960134,1,0.999999,13.815509557935018,False
12,865,"3,4,6,7,9,11",60,final_selection__growth_champion_v3__2015-01-01,2.643714493641228,2.637934898574225,1,0.999999,13.815509557935018,False
12,866,"3,4,6,7,10,11",60,crisis_overlay__realized_volatility_filter__2020-01-01,3.3855973106337593,1.1376187060135479,57,0.05084745762711865,-2.9267394020670396,True
12,867,"3,4,6,8,9,10",60,final_selection__growth_champion_v3__2015-01-01,3.8365482116852614,1.8318272790345753,3,0.9661016949152542,3.3499040872746044,False
12,868,"3,4,6,8,9,11",60,crisis_overlay__spy_trend_filter__2008-01-01,1.9987716207198751,2.678299171920208,40,0.3389830508474576,-0.6678293725756556,True
12,869,"3,4,6,8,10,11",60,final_selection__growth_champion_v3__2015-01-01,2.5918430935340195,2.7069460608447042,2,0.9830508474576272,4.060443010546422,False
12,870,"3,4,6,9,10,11",60,final_selection__growth_champion_v3__2015-01-01,2.9585253415235004,2.4353387607785804,15,0.7627118644067796,1.167605160155061,False
12,871,"3,4,7,8,9,10",60,final_selection__growth_champion_v3__2015-01-01,3.4976470465712928,1.995221000009253,18,0.711864406779661,0.9044562742271522,False
12,872,"3,4,7,8,9,11",60,crisis_overlay__spy_trend_filter__2008-01-01,1.8115349624172026,2.987359306957042,46,0.23728813559322035,-1.1676051601550612,True
12,873,"3,4,7,8,10,11",60,final_selection__growth_champion_v3__2015-01-01,2.3699238595335617,2.951389241554891,1,0.999999,13.815509557935018,False
12,874,"3,4,7,9,10,11",60,final_selection__growth_champion_v3__2015-01-01,2.6563388698696966,2.6189729962736443,25,0.5932203389830508,0.377294231141468,False
12,875,"3,4,8,9,10,11",60,final_selection__growth_champion_v3__2015-01-01,1.9249716080167132,3.1049395113857723,18,0.711864406779661,0.9044562742271522,False
12,876,"3,5,6,7,8,9",60,final_selection__growth_champion_v3__2020-01-01,4.444631918128445,1.5969599945781718,46,0.23728813559322035,-1.1676051601550612,True
12,877,"3,5,6,7,8,10",60,crisis_overlay__realized_volatility_filter__2020-01-01,5.722875136408768,0.5866891285586197,56,0.06779661016949153,-2.6210388241125804,True
12,878,"3,5,6,7,8,11",60,crisis_overlay__realized_volatility_filter__2020-01-01,3.193492752180786,1.8288020055095313,57,0.05084745762711865,-2.9267394020670396,True
12,879,"3,5,6,7,9,10",60,crisis_overlay__qqq_trend_filter__2020-01-01,4.881199055411537,1.326135473298381,54,0.1016949152542373,-2.178532444324067,True
12,880,"3,5,6,7,9,11",60,crisis_overlay__realized_volatility_filter__2015-01-01,2.0016827474621977,2.7782466074286534,38,0.3728813559322034,-0.5198754592859085,True
12,881,"3,5,6,7,10,11",60,crisis_overlay__realized_volatility_filter__2020-01-01,3.68001339862347,1.608142535091012,57,0.05084745762711865,-2.9267394020670396,True
12,882,"3,5,6,8,9,10",60,final_selection__growth_champion_v3__2020-01-01,3.8112122802239417,1.9074789266117411,46,0.23728813559322035,-1.1676051601550612,True
12,883,"3,5,6,8,9,11",60,crisis_overlay__realized_volatility_filter__2008-01-01,1.5046810306560283,3.3343154012037086,32,0.4745762711864407,-0.10178269430994223,True
12,884,"3,5,6,8,10,11",60,final_selection__growth_champion_v3__2020-01-01,2.271224185449026,2.4200858695789815,46,0.23728813559322035,-1.1676051601550612,True
12,885,"3,5,6,9,10,11",60,final_selection__growth_champion_v3__2015-01-01,2.276601689728445,2.8792015193246794,11,0.8305084745762712,1.589235205116581,False
12,886,"3,5,7,8,9,10",60,crisis_overlay__spy_trend_filter__2015-01-01,2.9520694889316914,2.4199960544523194,36,0.4067796610169492,-0.3772942311414679,True
12,887,"3,5,7,8,9,11",60,crisis_overlay__spy_trend_filter__2008-01-01,1.310748089212634,3.766156467422517,23,0.6271186440677966,0.5198754592859086,False
12,888,"3,5,7,8,10,11",60,crisis_overlay__spy_trend_filter__2015-01-01,1.7128672517654406,3.295375728075238,35,0.423728813559322,-0.3074846997479607,True
12,889,"3,5,7,9,10,11",60,crisis_overlay__spy_trend_filter__2015-01-01,1.97458849881043,3.0070410743780194,47,0.22033898305084745,-1.2636920390275583,True
12,890,"3,5,8,9,10,11",60,crisis_overlay__spy_trend_filter__2008-01-01,1.3822611390740778,3.599782154885059,32,0.4745762711864407,-0.10178269430994223,True
12,891,"3,6,7,8,9,10",60,final_selection__growth_champion_v3__2020-01-01,4.763917869196662,1.128513544410008,46,0.23728813559322035,-1.1676051601550612,True
12,892,"3,6,7,8,9,11",60,crisis_overlay__spy_trend_filter__2015-01-01,2.273346176374808,2.912087348178435,32,0.4745762711864407,-0.10178269430994223,True
12,893,"3,6,7,8,10,11",60,crisis_overlay__realized_volatility_filter__2020-01-01,3.7933843590246017,1.4026302899923626,56,0.06779661016949153,-2.6210388241125804,True
12,894,"3,6,7,9,10,11",60,crisis_overlay__spy_trend_filter__2015-01-01,3.202535164231003,2.1582075428513967,47,0.22033898305084745,-1.2636920390275583,True
12,895,"3,6,8,9,10,11",60,final_selection__growth_champion_v3__2015-01-01,2.484936618200078,2.7575158096483032,30,0.5084745762711864,0.0339015516756812,False
12,896,"3,7,8,9,10,11",60,crisis_overlay__spy_trend_filter__2015-01-01,2.27723678975194,2.8963502462085007,50,0.1694915254237288,-1.589235205116581,True
12,897,"4,5,6,7,8,9",60,final_selection__growth_champion_v3__2020-01-01,4.444631918128445,1.5969599945781718,24,0.6101694915254238,0.4480247225269605,False
12,898,"4,5,6,7,8,10",60,crisis_overlay__realized_volatility_filter__2020-01-01,5.722875136408768,0.5866891285586197,56,0.06779661016949153,-2.6210388241125804,True
12,899,"4,5,6,7,8,11",60,crisis_overlay__realized_volatility_filter__2020-01-01,3.193492752180786,1.8288020055095313,56,0.06779661016949153,-2.6210388241125804,True
12,900,"4,5,6,7,9,10",60,crisis_overlay__qqq_trend_filter__2020-01-01,4.881199055411537,1.326135473298381,20,0.6779661016949152,0.7444404749474958,False
12,901,"4,5,6,7,9,11",60,final_selection__growth_champion_v3__2015-01-01,2.501913125506123,2.728736823809631,2,0.9830508474576272,4.060443010546422,False
12,902,"4,5,6,7,10,11",60,crisis_overlay__realized_volatility_filter__2020-01-01,3.68001339862347,1.608142535091012,44,0.2711864406779661,-0.9886113934537812,True
12,903,"4,5,6,8,9,10",60,final_selection__growth_champion_v3__2015-01-01,3.9024710349197838,1.987941379154245,3,0.9661016949152542,3.3499040872746044,False
12,904,"4,5,6,8,9,11",60,crisis_overlay__spy_trend_filter__2008-01-01,2.1206465070508353,2.5411893014818845,44,0.2711864406779661,-0.9886113934537812,True
12,905,"4,5,6,8,10,11",60,final_selection__growth_champion_v3__2015-01-01,2.4222381507004527,2.7791367812795973,3,0.9661016949152542,3.3499040872746044,False
12,906,"4,5,6,9,10,11",60,final_selection__growth_champion_v3__2015-01-01,2.942791478882481,2.5551879171551146,15,0.7627118644067796,1.167605160155061,False
12,907,"4,5,7,8,9,10",60,final_selection__growth_champion_v3__2015-01-01,3.4679041261592403,2.1374219235429495,12,0.8135593220338984,1.4733057381095207,False
12,908,"4,5,7,8,9,11",60,crisis_overlay__spy_trend_filter__2008-01-01,1.921154996378266,2.832368444678635,47,0.22033898305084745,-1.2636920390275583,True
12,909,"4,5,7,8,10,11",60,final_selection__growth_champion_v3__2015-01-01,2.1711180541616146,2.9872269073833637,1,0.999999,13.815509557935018,False
12,910,"4,5,7,9,10,11",60,final_selection__growth_champion_v3__2015-01-01,2.54789797027636,2.721880552462974,18,0.711864406779661,0.9044562742271522,False
12,911,"4,5,8,9,10,11",60,crisis_overlay__spy_trend_filter__2008-01-01,2.0114436295900746,2.699235175729585,52,0.13559322033898305,-1.8523840910444898,True
12,912,"4,6,7,8,9,10",60,final_selection__growth_champion_v3__2020-01-01,4.763917869196662,1.128513544410008,6,0.9152542372881356,2.379546134130174,False
12,913,"4,6,7,8,9,11",60,final_selection__growth_champion_v3__2015-01-01,2.684250722925438,2.5889324445030044,1,0.999999,13.815509557935018,False
12,914,"4,6,7,8,10,11",60,crisis_overlay__realized_volatility_filter__2020-01-01,3.7933843590246017,1.4026302899923626,47,0.22033898305084745,-1.2636920390275583,True
12,915,"4,6,7,9,10,11",60,final_selection__growth_champion_v3__2015-01-01,3.633878885062464,1.850745005050049,13,0.7966101694915254,1.3652409519220583,False
12,916,"4,6,8,9,10,11",60,final_selection__growth_champion_v3__2015-01-01,2.9814699555946103,2.379763237661151,18,0.711864406779661,0.9044562742271522,False
12,917,"4,7,8,9,10,11",60,final_selection__growth_champion_v3__2015-01-01,2.7043850725273275,2.5742105163236957,19,0.6949152542372882,0.8232003088081432,False
12,918,"5,6,7,8,9,10",60,final_selection__growth_champion_v3__2020-01-01,6.916921315596936,1.537573701226498,40,0.3389830508474576,-0.6678293725756556,True
12,919,"5,6,7,8,9,11",60,crisis_overlay__spy_trend_filter__2015-01-01,2.125144133388538,3.0141857266373155,10,0.847457627118644,1.7147984280919264,False
12,920,"5,6,7,8,10,11",60,crisis_overlay__realized_volatility_filter__2020-01-01,4.6429251806882075,1.7345119713679802,56,0.06779661016949153,-2.6210388241125804,True
12,921,"5,6,7,9,10,11",60,crisis_overlay__spy_trend_filter__2015-01-01,3.2299525306981276,2.3224336035025797,26,0.576271186440678,0.3074846997479607,False
12,922,"5,6,8,9,10,11",60,final_selection__growth_champion_v3__2015-01-01,2.4227832875983633,2.8833761242153897,11,0.8305084745762712,1.589235205116581,False
12,923,"5,7,8,9,10,11",60,crisis_overlay__spy_trend_filter__2015-01-01,2.1492722704698823,3.01221231901514,45,0.2542372881355932,-1.0761394328160512,True
12,924,"6,7,8,9,10,11",60,crisis_overlay__spy_trend_filter__2015-01-01,3.209735704444221,2.0630230310494806,47,0.22033898305084745,-1.2636920390275583,True
