window_start,date,entry_date,exit_date,candidate,candidate_return,candidate_exposure,candidate_cash,candidate_turnover,selected_tickers,selected_count,overlay_cap,overlay_scale,overlay_reason
2008-01-01,2008-12-31,2009-01-02,2009-01-09,growth_champion_v2,-0.0366606691190277,0.6,0.4,0.3,"BKNG,ORLY",2,0.6,1.0,base cap 60%
2008-01-01,2008-12-31,2009-01-02,2009-01-09,growth_champion_v3,-0.0152752787995948,0.25,0.75,0.125,"BKNG,ORLY",2,0.25,0.4166666666666667,SPY and QQQ below 200D MA
2008-01-01,2009-01-08,2009-01-09,2009-01-16,growth_champion_v3,-0.0181874529073417,0.25,0.75,0.125,"NFLX,TMUS,ORLY,BKNG",4,0.25,0.4166666666666667,SPY and QQQ below 200D MA
2008-01-01,2009-01-08,2009-01-09,2009-01-16,growth_champion_v2,-0.0436498869776201,0.6,0.4,0.3,"NFLX,TMUS,ORLY,BKNG",4,0.6,1.0,base cap 60%
2008-01-01,2009-01-15,2009-01-16,2009-01-26,growth_champion_v2,-0.0050190370196313,0.6,0.4,0.15,"NFLX,MNST,ORLY,BKNG",4,0.6,1.0,base cap 60%
2008-01-01,2009-01-15,2009-01-16,2009-01-26,growth_champion_v3,-0.0020912654248463,0.25,0.75,0.0625,"NFLX,MNST,ORLY,BKNG",4,0.25,0.4166666666666667,SPY and QQQ below 200D MA
2008-01-01,2009-01-23,2009-01-26,2009-02-02,growth_champion_v3,0.0130979589518689,0.25,0.75,0.0,"NFLX,MNST,ORLY,BKNG",4,0.25,0.4166666666666667,SPY and QQQ below 200D MA
2008-01-01,2009-01-23,2009-01-26,2009-02-02,growth_champion_v2,0.0314351014844854,0.6,0.4,0.0,"NFLX,MNST,ORLY,BKNG",4,0.6,1.0,base cap 60%
2008-01-01,2009-01-30,2009-02-02,2009-02-09,growth_champion_v3,0.0122206010226717,0.25,0.75,0.0,"NFLX,MNST,ORLY,BKNG",4,0.25,0.4166666666666667,SPY and QQQ below 200D MA
2008-01-01,2009-01-30,2009-02-02,2009-02-09,growth_champion_v2,0.0293294424544123,0.6,0.4,0.0,"NFLX,MNST,ORLY,BKNG",4,0.6,1.0,base cap 60%
2008-01-01,2009-02-06,2009-02-09,2009-02-17,growth_champion_v3,-0.0176382044105967,0.25,0.75,0.0625,"NFLX,VALE,MNST,ORLY",4,0.25,0.4166666666666667,SPY and QQQ below 200D MA
2008-01-01,2009-02-06,2009-02-09,2009-02-17,growth_champion_v2,-0.0423316905854322,0.6,0.4,0.15,"NFLX,VALE,MNST,ORLY",4,0.6,1.0,base cap 60%
2008-01-01,2009-02-13,2009-02-17,2009-02-24,growth_champion_v3,0.0243696662295381,0.25,0.75,0.0625,"NFLX,DXCM,MNST,ORLY",4,0.25,0.4166666666666667,SPY and QQQ below 200D MA
2008-01-01,2009-02-13,2009-02-17,2009-02-24,growth_champion_v2,0.0584871989508916,0.6,0.4,0.15,"NFLX,DXCM,MNST,ORLY",4,0.6,1.0,base cap 60%
2008-01-01,2009-02-23,2009-02-24,2009-03-03,growth_champion_v3,-0.0064732504528787,0.25,0.75,0.0,"DXCM,NFLX,MNST,ORLY",4,0.25,0.4166666666666667,SPY and QQQ below 200D MA
2008-01-01,2009-02-23,2009-02-24,2009-03-03,growth_champion_v2,-0.015535801086909,0.6,0.4,0.0,"DXCM,NFLX,MNST,ORLY",4,0.6,1.0,base cap 60%
2008-01-01,2009-03-02,2009-03-03,2009-03-10,growth_champion_v2,0.0269005503706447,0.6,0.4,0.15,"DXCM,MELI,MNST,NFLX",4,0.6,1.0,base cap 60%
2008-01-01,2009-03-02,2009-03-03,2009-03-10,growth_champion_v3,0.0112085626544352,0.25,0.75,0.0625,"DXCM,MELI,MNST,NFLX",4,0.25,0.4166666666666667,SPY and QQQ below 200D MA
2008-01-01,2009-03-09,2009-03-10,2009-03-17,growth_champion_v3,0.0111088853080752,0.25,0.75,0.125,"ILMN,NFLX,MNST",3,0.25,0.4166666666666667,SPY and QQQ below 200D MA
2008-01-01,2009-03-09,2009-03-10,2009-03-17,growth_champion_v2,0.0266613247393807,0.6,0.4,0.3,"ILMN,NFLX,MNST",3,0.6,1.0,base cap 60%
2008-01-01,2009-03-16,2009-03-17,2009-03-24,growth_champion_v2,0.0173527681578773,0.6,0.4,0.3,"SIRI,MU,MNST,NFLX",4,0.6,1.0,base cap 60%
2008-01-01,2009-03-16,2009-03-17,2009-03-24,growth_champion_v3,0.0072303200657822,0.25,0.75,0.125,"SIRI,MU,MNST,NFLX",4,0.25,0.4166666666666667,SPY and QQQ below 200D MA
2008-01-01,2009-03-23,2009-03-24,2009-03-31,growth_champion_v2,-0.0166359610669605,0.6,0.4,0.15,"SIRI,DXCM,MNST,NFLX",4,0.6,1.0,base cap 60%
2008-01-01,2009-03-23,2009-03-24,2009-03-31,growth_champion_v3,-0.0069316504445668,0.25,0.75,0.0625,"SIRI,DXCM,MNST,NFLX",4,0.25,0.4166666666666667,SPY and QQQ below 200D MA
2008-01-01,2009-03-30,2009-03-31,2009-04-07,growth_champion_v2,0.0156623275347087,0.6,0.4,0.15,"SIRI,AMD,MNST,NFLX",4,0.6,1.0,base cap 60%
2008-01-01,2009-03-30,2009-03-31,2009-04-07,growth_champion_v3,0.0065259698061286,0.25,0.75,0.0625,"SIRI,AMD,MNST,NFLX",4,0.25,0.4166666666666667,SPY and QQQ below 200D MA
2008-01-01,2009-04-06,2009-04-07,2009-04-15,growth_champion_v2,0.0341792601046307,0.6,0.4,0.15,"SIRI,MU,AMD,NFLX",4,0.6,1.0,base cap 60%
2008-01-01,2009-04-06,2009-04-07,2009-04-15,growth_champion_v3,0.0142413583769294,0.25,0.75,0.0625,"SIRI,MU,AMD,NFLX",4,0.25,0.4166666666666667,SPY and QQQ below 200D MA
2008-01-01,2009-04-14,2009-04-15,2009-04-22,growth_champion_v2,0.0303213179876094,0.6,0.4,0.0,"SIRI,AMD,NFLX,MU",4,0.6,1.0,base cap 60%
2008-01-01,2009-04-14,2009-04-15,2009-04-22,growth_champion_v3,0.0126338824948372,0.25,0.75,0.0,"SIRI,AMD,NFLX,MU",4,0.25,0.4166666666666667,SPY and QQQ below 200D MA
2008-01-01,2009-04-21,2009-04-22,2009-04-29,growth_champion_v2,0.0076533229321851,0.6,0.4,0.15,"SIRI,MELI,AMD,NFLX",4,0.6,1.0,base cap 60%
2008-01-01,2009-04-21,2009-04-22,2009-04-29,growth_champion_v3,0.0031888845550771,0.25,0.75,0.0625,"SIRI,MELI,AMD,NFLX",4,0.25,0.4166666666666667,SPY and QQQ below 200D MA
2008-01-01,2009-04-28,2009-04-29,2009-05-06,growth_champion_v3,0.0376836961340653,0.25,0.75,0.0,"SIRI,MELI,AMD,NFLX",4,0.25,0.4166666666666667,SPY and QQQ below 200D MA
2008-01-01,2009-04-28,2009-04-29,2009-05-06,growth_champion_v2,0.0904408707217568,0.6,0.4,0.0,"SIRI,MELI,AMD,NFLX",4,0.6,1.0,base cap 60%
2008-01-01,2009-05-05,2009-05-06,2009-05-13,growth_champion_v3,-0.059576256044096,0.4,0.6,0.0,"SIRI,MELI,AMD,NFLX",4,0.4,0.6666666666666667,one benchmark below 200D MA
2008-01-01,2009-05-05,2009-05-06,2009-05-13,growth_champion_v2,-0.0893643840661441,0.6,0.4,0.0,"SIRI,MELI,AMD,NFLX",4,0.6,1.0,base cap 60%
2008-01-01,2009-05-12,2009-05-13,2009-05-20,growth_champion_v3,0.008774555207399,0.4,0.6,0.1,"SIRI,CCJ,AMD,MELI",4,0.4,0.6666666666666667,one benchmark below 200D MA
2008-01-01,2009-05-12,2009-05-13,2009-05-20,growth_champion_v2,0.0131618328110986,0.6,0.4,0.15,"SIRI,CCJ,AMD,MELI",4,0.6,1.0,base cap 60%
2008-01-01,2009-05-19,2009-05-20,2009-05-28,growth_champion_v3,-0.019395139147033,0.4,0.6,0.0,"SIRI,AMD,CCJ,MELI",4,0.4,0.6666666666666667,one benchmark below 200D MA
2008-01-01,2009-05-19,2009-05-20,2009-05-28,growth_champion_v2,-0.0290927087205495,0.6,0.4,0.0,"SIRI,AMD,CCJ,MELI",4,0.6,1.0,base cap 60%
2008-01-01,2009-05-27,2009-05-28,2009-06-04,growth_champion_v3,0.0261113516469262,0.4,0.6,0.0,"AMD,SIRI,CCJ,MELI",4,0.4,0.6666666666666667,one benchmark below 200D MA
2008-01-01,2009-05-27,2009-05-28,2009-06-04,growth_champion_v2,0.0391670274703893,0.6,0.4,0.0,"AMD,SIRI,CCJ,MELI",4,0.6,1.0,base cap 60%
2008-01-01,2009-06-03,2009-06-04,2009-06-11,growth_champion_v3,0.0150781115714093,0.6,0.4,0.15,"YPF,AMD,CCJ,MELI",4,0.6,1.0,SPY and QQQ above 200D MA
2008-01-01,2009-06-03,2009-06-04,2009-06-11,growth_champion_v2,0.0150781115714093,0.6,0.4,0.15,"YPF,AMD,CCJ,MELI",4,0.6,1.0,base cap 60%
2008-01-01,2009-06-10,2009-06-11,2009-06-18,growth_champion_v2,-0.0653655711311343,0.6,0.4,0.0,"YPF,AMD,CCJ,MELI",4,0.6,1.0,base cap 60%
2008-01-01,2009-06-10,2009-06-11,2009-06-18,growth_champion_v3,-0.0653655711311343,0.6,0.4,0.0,"YPF,AMD,CCJ,MELI",4,0.6,1.0,SPY and QQQ above 200D MA
2008-01-01,2009-06-17,2009-06-18,2009-06-25,growth_champion_v3,-0.0104932927978886,0.6,0.4,0.3,"SMCI,DXCM,AMD,CCJ",4,0.6,1.0,SPY and QQQ above 200D MA
2008-01-01,2009-06-17,2009-06-18,2009-06-25,growth_champion_v2,-0.0104932927978886,0.6,0.4,0.3,"SMCI,DXCM,AMD,CCJ",4,0.6,1.0,base cap 60%
2008-01-01,2009-06-24,2009-06-25,2009-07-02,growth_champion_v3,-0.0073527059721916,0.6,0.4,0.3,"ISRG,ON,CCJ,DXCM",4,0.6,1.0,SPY and QQQ above 200D MA
2008-01-01,2009-06-24,2009-06-25,2009-07-02,growth_champion_v2,-0.0073527059721916,0.6,0.4,0.3,"ISRG,ON,CCJ,DXCM",4,0.6,1.0,base cap 60%
2008-01-01,2009-07-01,2009-07-02,2009-07-10,growth_champion_v2,-0.0431661515777054,0.6,0.4,0.0,"ISRG,ON,DXCM,CCJ",4,0.6,1.0,base cap 60%
2008-01-01,2009-07-01,2009-07-02,2009-07-10,growth_champion_v3,-0.0431661515777054,0.6,0.4,0.0,"ISRG,ON,DXCM,CCJ",4,0.6,1.0,SPY and QQQ above 200D MA
2008-01-01,2009-07-09,2009-07-10,2009-07-17,growth_champion_v3,0.032520679792189,0.6,0.4,0.3,"YPF,MSTR,DXCM,CCJ",4,0.6,1.0,SPY and QQQ above 200D MA
2008-01-01,2009-07-09,2009-07-10,2009-07-17,growth_champion_v2,0.032520679792189,0.6,0.4,0.3,"YPF,MSTR,DXCM,CCJ",4,0.6,1.0,base cap 60%
2008-01-01,2009-07-16,2009-07-17,2009-07-24,growth_champion_v2,0.032846055462156,0.6,0.4,0.15,"ON,CCJ,DXCM,MSTR",4,0.6,1.0,base cap 60%
2008-01-01,2009-07-16,2009-07-17,2009-07-24,growth_champion_v3,0.032846055462156,0.6,0.4,0.15,"ON,CCJ,DXCM,MSTR",4,0.6,1.0,SPY and QQQ above 200D MA
2008-01-01,2009-07-23,2009-07-24,2009-07-31,growth_champion_v3,0.0041602366025208,0.6,0.4,0.15,"ISRG,ON,MSTR,CCJ",4,0.6,1.0,SPY and QQQ above 200D MA
2008-01-01,2009-07-23,2009-07-24,2009-07-31,growth_champion_v2,0.0041602366025208,0.6,0.4,0.15,"ISRG,ON,MSTR,CCJ",4,0.6,1.0,base cap 60%
2008-01-01,2009-07-30,2009-07-31,2009-08-07,growth_champion_v3,0.0192251823899743,0.6,0.4,0.15,"DXCM,ISRG,CCJ,MSTR",4,0.6,1.0,SPY and QQQ above 200D MA
2008-01-01,2009-07-30,2009-07-31,2009-08-07,growth_champion_v2,0.0192251823899743,0.6,0.4,0.15,"DXCM,ISRG,CCJ,MSTR",4,0.6,1.0,base cap 60%
2008-01-01,2009-08-06,2009-08-07,2009-08-14,growth_champion_v2,-0.0048294248954703,0.6,0.4,0.0,"DXCM,ISRG,CCJ,MSTR",4,0.6,1.0,base cap 60%
2008-01-01,2009-08-06,2009-08-07,2009-08-14,growth_champion_v3,-0.0048294248954703,0.6,0.4,0.0,"DXCM,ISRG,CCJ,MSTR",4,0.6,1.0,SPY and QQQ above 200D MA
2008-01-01,2009-08-13,2009-08-14,2009-08-21,growth_champion_v3,0.0408574155252868,0.6,0.4,0.15,"ISRG,CSX,CCJ,DXCM",4,0.6,1.0,SPY and QQQ above 200D MA
2008-01-01,2009-08-13,2009-08-14,2009-08-21,growth_champion_v2,0.0408574155252868,0.6,0.4,0.15,"ISRG,CSX,CCJ,DXCM",4,0.6,1.0,base cap 60%
2008-01-01,2009-08-20,2009-08-21,2009-08-28,growth_champion_v3,-0.0193170624258641,0.6,0.4,0.15,"SIRI,DXCM,CCJ,ISRG",4,0.6,1.0,SPY and QQQ above 200D MA
2008-01-01,2009-08-20,2009-08-21,2009-08-28,growth_champion_v2,-0.0193170624258641,0.6,0.4,0.15,"SIRI,DXCM,CCJ,ISRG",4,0.6,1.0,base cap 60%
2008-01-01,2009-08-27,2009-08-28,2009-09-04,growth_champion_v2,-0.0096602542754356,0.6,0.4,0.0,"SIRI,DXCM,CCJ,ISRG",4,0.6,1.0,base cap 60%
2008-01-01,2009-08-27,2009-08-28,2009-09-04,growth_champion_v3,-0.0096602542754356,0.6,0.4,0.0,"SIRI,DXCM,CCJ,ISRG",4,0.6,1.0,SPY and QQQ above 200D MA
2008-01-01,2009-09-03,2009-09-04,2009-09-14,growth_champion_v2,0.0161312836008107,0.6,0.4,0.1499999999999999,"SIRI,DXCM,ISRG",3,0.6,1.0,base cap 60%
2008-01-01,2009-09-03,2009-09-04,2009-09-14,growth_champion_v3,0.0161312836008107,0.6,0.4,0.1499999999999999,"SIRI,DXCM,ISRG",3,0.6,1.0,SPY and QQQ above 200D MA
2008-01-01,2009-09-11,2009-09-14,2009-09-21,growth_champion_v2,0.0034015333850357,0.6,0.4,0.1499999999999999,"SIRI,AMD,DXCM,ISRG",4,0.6,1.0,base cap 60%
2008-01-01,2009-09-11,2009-09-14,2009-09-21,growth_champion_v3,0.0034015333850357,0.6,0.4,0.1499999999999999,"SIRI,AMD,DXCM,ISRG",4,0.6,1.0,SPY and QQQ above 200D MA
2008-01-01,2009-09-18,2009-09-21,2009-09-28,growth_champion_v3,0.0171654707467512,0.6,0.4,0.15,"AMD,MELI,DXCM,ISRG",4,0.6,1.0,SPY and QQQ above 200D MA
2008-01-01,2009-09-18,2009-09-21,2009-09-28,growth_champion_v2,0.0171654707467512,0.6,0.4,0.15,"AMD,MELI,DXCM,ISRG",4,0.6,1.0,base cap 60%
2008-01-01,2009-09-25,2009-09-28,2009-10-05,growth_champion_v2,-0.0056695149469962,0.6,0.4,0.0,"AMD,ISRG,DXCM,MELI",4,0.6,1.0,base cap 60%
2008-01-01,2009-09-25,2009-09-28,2009-10-05,growth_champion_v3,-0.0056695149469962,0.6,0.4,0.0,"AMD,ISRG,DXCM,MELI",4,0.6,1.0,SPY and QQQ above 200D MA
2008-01-01,2009-10-02,2009-10-05,2009-10-12,growth_champion_v3,0.0132368370011745,0.6,0.4,0.0,"ISRG,MELI,AMD,DXCM",4,0.6,1.0,SPY and QQQ above 200D MA
2008-01-01,2009-10-02,2009-10-05,2009-10-12,growth_champion_v2,0.0132368370011745,0.6,0.4,0.0,"ISRG,MELI,AMD,DXCM",4,0.6,1.0,base cap 60%
2008-01-01,2009-10-09,2009-10-12,2009-10-19,growth_champion_v3,-0.0123983795583268,0.6,0.4,0.15,"ISRG,MU,AMD,MELI",4,0.6,1.0,SPY and QQQ above 200D MA
2008-01-01,2009-10-09,2009-10-12,2009-10-19,growth_champion_v2,-0.0123983795583268,0.6,0.4,0.15,"ISRG,MU,AMD,MELI",4,0.6,1.0,base cap 60%
2008-01-01,2009-10-16,2009-10-19,2009-10-26,growth_champion_v2,-0.0209216092559243,0.6,0.4,0.15,"AMD,VALE,ISRG,MELI",4,0.6,1.0,base cap 60%
2008-01-01,2009-10-16,2009-10-19,2009-10-26,growth_champion_v3,-0.0209216092559243,0.6,0.4,0.15,"AMD,VALE,ISRG,MELI",4,0.6,1.0,SPY and QQQ above 200D MA
2008-01-01,2009-10-23,2009-10-26,2009-11-02,growth_champion_v3,-0.0444350543368196,0.6,0.4,0.15,"AMZN,VALE,AMD,MELI",4,0.6,1.0,SPY and QQQ above 200D MA
2008-01-01,2009-10-23,2009-10-26,2009-11-02,growth_champion_v2,-0.0444350543368196,0.6,0.4,0.15,"AMZN,VALE,AMD,MELI",4,0.6,1.0,base cap 60%
2008-01-01,2009-10-30,2009-11-02,2009-11-09,growth_champion_v2,0.0583040400012195,0.6,0.4,0.15,"AMZN,MSTR,VALE,MELI",4,0.6,1.0,base cap 60%
2008-01-01,2009-10-30,2009-11-02,2009-11-09,growth_champion_v3,0.0583040400012195,0.6,0.4,0.15,"AMZN,MSTR,VALE,MELI",4,0.6,1.0,SPY and QQQ above 200D MA
2008-01-01,2009-11-06,2009-11-09,2009-11-16,growth_champion_v2,0.0095994875252223,0.6,0.4,0.0,"AMZN,MSTR,MELI,VALE",4,0.6,1.0,base cap 60%
2008-01-01,2009-11-06,2009-11-09,2009-11-16,growth_champion_v3,0.0095994875252223,0.6,0.4,0.0,"AMZN,MSTR,MELI,VALE",4,0.6,1.0,SPY and QQQ above 200D MA
2008-01-01,2009-11-13,2009-11-16,2009-11-23,growth_champion_v2,0.0145936332221394,0.6,0.4,0.15,"AMD,AMZN,VALE,MSTR",4,0.6,1.0,base cap 60%
2008-01-01,2009-11-13,2009-11-16,2009-11-23,growth_champion_v3,0.0145936332221394,0.6,0.4,0.15,"AMD,AMZN,VALE,MSTR",4,0.6,1.0,SPY and QQQ above 200D MA
2008-01-01,2009-11-20,2009-11-23,2009-12-01,growth_champion_v3,0.0112783961835382,0.6,0.4,0.0,"AMD,AMZN,VALE,MSTR",4,0.6,1.0,SPY and QQQ above 200D MA
2008-01-01,2009-11-20,2009-11-23,2009-12-01,growth_champion_v2,0.0112783961835382,0.6,0.4,0.0,"AMD,AMZN,VALE,MSTR",4,0.6,1.0,base cap 60%
2008-01-01,2009-11-30,2009-12-01,2009-12-08,growth_champion_v3,0.0136895709810135,0.6,0.4,0.0,"AMD,AMZN,VALE,MSTR",4,0.6,1.0,SPY and QQQ above 200D MA
2008-01-01,2009-11-30,2009-12-01,2009-12-08,growth_champion_v2,0.0136895709810135,0.6,0.4,0.0,"AMD,AMZN,VALE,MSTR",4,0.6,1.0,base cap 60%
2008-01-01,2009-12-07,2009-12-08,2009-12-15,growth_champion_v3,0.0065694468895973,0.6,0.4,0.0,"AMD,AMZN,VALE,MSTR",4,0.6,1.0,SPY and QQQ above 200D MA
2008-01-01,2009-12-07,2009-12-08,2009-12-15,growth_champion_v2,0.0065694468895973,0.6,0.4,0.0,"AMD,AMZN,VALE,MSTR",4,0.6,1.0,base cap 60%
2008-01-01,2009-12-14,2009-12-15,2009-12-22,growth_champion_v2,0.0108662918143008,0.6,0.4,0.15,"AMD,SMCI,AMZN,VALE",4,0.6,1.0,base cap 60%
2008-01-01,2009-12-14,2009-12-15,2009-12-22,growth_champion_v3,0.0108662918143008,0.6,0.4,0.15,"AMD,SMCI,AMZN,VALE",4,0.6,1.0,SPY and QQQ above 200D MA
2008-01-01,2009-12-21,2009-12-22,2009-12-30,growth_champion_v3,0.0095202638998132,0.6,0.4,0.0,"AMD,AMZN,VALE,SMCI",4,0.6,1.0,SPY and QQQ above 200D MA
2008-01-01,2009-12-21,2009-12-22,2009-12-30,growth_champion_v2,0.0095202638998132,0.6,0.4,0.0,"AMD,AMZN,VALE,SMCI",4,0.6,1.0,base cap 60%
2008-01-01,2009-12-29,2009-12-30,2010-01-07,growth_champion_v2,0.0044074453394692,0.6,0.4,0.15,"AMD,MU,AMZN,VALE",4,0.6,1.0,base cap 60%
2008-01-01,2009-12-29,2009-12-30,2010-01-07,growth_champion_v3,0.0044074453394692,0.6,0.4,0.15,"AMD,MU,AMZN,VALE",4,0.6,1.0,SPY and QQQ above 200D MA
2008-01-01,2010-01-06,2010-01-07,2010-01-14,growth_champion_v3,-0.0116416035029028,0.6,0.4,0.15,"AMD,REGN,AMZN,VALE",4,0.6,1.0,SPY and QQQ above 200D MA
2008-01-01,2010-01-06,2010-01-07,2010-01-14,growth_champion_v2,-0.0116416035029028,0.6,0.4,0.15,"AMD,REGN,AMZN,VALE",4,0.6,1.0,base cap 60%
2008-01-01,2010-01-13,2010-01-14,2010-01-22,growth_champion_v3,-0.0310509288299101,0.6,0.4,0.15,"AMD,SMCI,AMZN,REGN",4,0.6,1.0,SPY and QQQ above 200D MA
2008-01-01,2010-01-13,2010-01-14,2010-01-22,growth_champion_v2,-0.0310509288299101,0.6,0.4,0.15,"AMD,SMCI,AMZN,REGN",4,0.6,1.0,base cap 60%
2008-01-01,2010-01-21,2010-01-22,2010-01-29,growth_champion_v3,0.0125155440288851,0.6,0.4,0.0,"REGN,AMD,AMZN,SMCI",4,0.6,1.0,SPY and QQQ above 200D MA
2008-01-01,2010-01-21,2010-01-22,2010-01-29,growth_champion_v2,0.0125155440288851,0.6,0.4,0.0,"REGN,AMD,AMZN,SMCI",4,0.6,1.0,base cap 60%
2008-01-01,2010-01-28,2010-01-29,2010-02-05,growth_champion_v2,-0.0105714742297558,0.6,0.4,0.1499999999999999,"REGN,SMCI,AMD",3,0.6,1.0,base cap 60%
2008-01-01,2010-01-28,2010-01-29,2010-02-05,growth_champion_v3,-0.0105714742297558,0.6,0.4,0.1499999999999999,"REGN,SMCI,AMD",3,0.6,1.0,SPY and QQQ above 200D MA
2008-01-01,2010-02-04,2010-02-05,2010-02-12,growth_champion_v3,0.0516643090383989,0.6,0.4,0.1499999999999999,"REGN,SIRI,AMD,SMCI",4,0.6,1.0,SPY and QQQ above 200D MA
2008-01-01,2010-02-04,2010-02-05,2010-02-12,growth_champion_v2,0.0516643090383989,0.6,0.4,0.1499999999999999,"REGN,SIRI,AMD,SMCI",4,0.6,1.0,base cap 60%
2008-01-01,2010-02-11,2010-02-12,2010-02-22,growth_champion_v3,0.0271354037568698,0.6,0.4,0.0,"REGN,SIRI,AMD,SMCI",4,0.6,1.0,SPY and QQQ above 200D MA
2008-01-01,2010-02-11,2010-02-12,2010-02-22,growth_champion_v2,0.0271354037568698,0.6,0.4,0.0,"REGN,SIRI,AMD,SMCI",4,0.6,1.0,base cap 60%
2008-01-01,2010-02-19,2010-02-22,2010-03-01,growth_champion_v3,-0.0098131853572311,0.6,0.4,0.0,"SIRI,SMCI,AMD,REGN",4,0.6,1.0,SPY and QQQ above 200D MA
2008-01-01,2010-02-19,2010-02-22,2010-03-01,growth_champion_v2,-0.0098131853572311,0.6,0.4,0.0,"SIRI,SMCI,AMD,REGN",4,0.6,1.0,base cap 60%
2008-01-01,2010-02-26,2010-03-01,2010-03-08,growth_champion_v3,0.0140852788761265,0.6,0.4,0.0,"SIRI,SMCI,AMD,REGN",4,0.6,1.0,SPY and QQQ above 200D MA
2008-01-01,2010-02-26,2010-03-01,2010-03-08,growth_champion_v2,0.0140852788761265,0.6,0.4,0.0,"SIRI,SMCI,AMD,REGN",4,0.6,1.0,base cap 60%
2008-01-01,2010-03-05,2010-03-08,2010-03-15,growth_champion_v3,0.0013801678497606,0.6,0.4,0.0,"SMCI,SIRI,AMD,REGN",4,0.6,1.0,SPY and QQQ above 200D MA
2008-01-01,2010-03-05,2010-03-08,2010-03-15,growth_champion_v2,0.0013801678497606,0.6,0.4,0.0,"SMCI,SIRI,AMD,REGN",4,0.6,1.0,base cap 60%
2008-01-01,2010-03-12,2010-03-15,2010-03-22,growth_champion_v3,0.0211668041406389,0.6,0.4,0.15,"CCEP,SMCI,AMD,REGN",4,0.6,1.0,SPY and QQQ above 200D MA
2008-01-01,2010-03-12,2010-03-15,2010-03-22,growth_champion_v2,0.0211668041406389,0.6,0.4,0.15,"CCEP,SMCI,AMD,REGN",4,0.6,1.0,base cap 60%
2008-01-01,2010-03-19,2010-03-22,2010-03-29,growth_champion_v2,0.0108583996773983,0.6,0.4,0.0,"SMCI,CCEP,AMD,REGN",4,0.6,1.0,base cap 60%
2008-01-01,2010-03-19,2010-03-22,2010-03-29,growth_champion_v3,0.0108583996773983,0.6,0.4,0.0,"SMCI,CCEP,AMD,REGN",4,0.6,1.0,SPY and QQQ above 200D MA
2008-01-01,2010-03-26,2010-03-29,2010-04-06,growth_champion_v2,0.0020171896889912,0.6,0.4,0.15,"SMCI,SONY,AMD,REGN",4,0.6,1.0,base cap 60%
2008-01-01,2010-03-26,2010-03-29,2010-04-06,growth_champion_v3,0.0020171896889912,0.6,0.4,0.15,"SMCI,SONY,AMD,REGN",4,0.6,1.0,SPY and QQQ above 200D MA
2008-01-01,2010-04-05,2010-04-06,2010-04-13,growth_champion_v3,0.0044218062319542,0.6,0.4,0.15,"NFLX,SMCI,AMD,REGN",4,0.6,1.0,SPY and QQQ above 200D MA
2008-01-01,2010-04-05,2010-04-06,2010-04-13,growth_champion_v2,0.0044218062319542,0.6,0.4,0.15,"NFLX,SMCI,AMD,REGN",4,0.6,1.0,base cap 60%
2008-01-01,2010-04-12,2010-04-13,2010-04-20,growth_champion_v2,0.0296379526814319,0.6,0.4,0.15,"NFLX,SIRI,AMD,REGN",4,0.6,1.0,base cap 60%
2008-01-01,2010-04-12,2010-04-13,2010-04-20,growth_champion_v3,0.0296379526814319,0.6,0.4,0.15,"NFLX,SIRI,AMD,REGN",4,0.6,1.0,SPY and QQQ above 200D MA
2008-01-01,2010-04-19,2010-04-20,2010-04-27,growth_champion_v2,0.0212847204876635,0.6,0.4,0.0,"NFLX,SIRI,AMD,REGN",4,0.6,1.0,base cap 60%
2008-01-01,2010-04-19,2010-04-20,2010-04-27,growth_champion_v3,0.0212847204876635,0.6,0.4,0.0,"NFLX,SIRI,AMD,REGN",4,0.6,1.0,SPY and QQQ above 200D MA
2008-01-01,2010-04-26,2010-04-27,2010-05-04,growth_champion_v2,-0.0188817343576647,0.6,0.4,0.1499999999999999,"NFLX,SIRI,AMD",3,0.6,1.0,base cap 60%
2008-01-01,2010-04-26,2010-04-27,2010-05-04,growth_champion_v3,-0.0188817343576647,0.6,0.4,0.1499999999999999,"NFLX,SIRI,AMD",3,0.6,1.0,SPY and QQQ above 200D MA
2008-01-01,2010-05-03,2010-05-04,2010-05-11,growth_champion_v3,-0.0121218686054548,0.6,0.4,0.0,"NFLX,SIRI,AMD",3,0.6,1.0,SPY and QQQ above 200D MA
2008-01-01,2010-05-03,2010-05-04,2010-05-11,growth_champion_v2,-0.0121218686054548,0.6,0.4,0.0,"NFLX,SIRI,AMD",3,0.6,1.0,base cap 60%
2008-01-01,2010-05-10,2010-05-11,2010-05-18,growth_champion_v2,-0.0087263538200542,0.6,0.4,0.1499999999999999,"NFLX,CCEP,AMD,SIRI",4,0.6,1.0,base cap 60%
2008-01-01,2010-05-10,2010-05-11,2010-05-18,growth_champion_v3,-0.0087263538200542,0.6,0.4,0.1499999999999999,"NFLX,CCEP,AMD,SIRI",4,0.6,1.0,SPY and QQQ above 200D MA
2008-01-01,2010-05-17,2010-05-18,2010-05-25,growth_champion_v2,-0.0196543479838371,0.6,0.4,0.15,"NFLX,TMUS,AMD,SIRI",4,0.6,1.0,base cap 60%
2008-01-01,2010-05-17,2010-05-18,2010-05-25,growth_champion_v3,-0.0196543479838371,0.6,0.4,0.15,"NFLX,TMUS,AMD,SIRI",4,0.6,1.0,SPY and QQQ above 200D MA
2008-01-01,2010-05-24,2010-05-25,2010-06-02,growth_champion_v2,0.022556840799993,0.6,0.4,0.3,"NFLX,TMUS",2,0.6,1.0,base cap 60%
2008-01-01,2010-05-24,2010-05-25,2010-06-02,growth_champion_v3,0.015037893866662,0.4,0.6,0.2,"NFLX,TMUS",2,0.4,0.6666666666666667,one benchmark below 200D MA
2008-01-01,2010-06-01,2010-06-02,2010-06-09,growth_champion_v3,0.0009618702298615,0.4,0.6,0.0,"NFLX,TMUS",2,0.4,0.6666666666666667,one benchmark below 200D MA
2008-01-01,2010-06-01,2010-06-02,2010-06-09,growth_champion_v2,0.0014428053447923,0.6,0.4,0.0,"NFLX,TMUS",2,0.6,1.0,base cap 60%
2008-01-01,2010-06-08,2010-06-09,2010-06-16,growth_champion_v3,0.0219180156703182,0.25,0.75,0.0,"NFLX,TMUS",2,0.25,0.4166666666666667,SPY and QQQ below 200D MA
2008-01-01,2010-06-08,2010-06-09,2010-06-16,growth_champion_v2,0.0526032376087639,0.6,0.4,0.0,"NFLX,TMUS",2,0.6,1.0,base cap 60%
2008-01-01,2010-06-15,2010-06-16,2010-06-23,growth_champion_v3,-0.0169389718560266,0.4,0.6,0.1333333333333333,"NFLX,MELI,TMUS",3,0.4,0.6666666666666667,one benchmark below 200D MA
2008-01-01,2010-06-15,2010-06-16,2010-06-23,growth_champion_v2,-0.0254084577840399,0.6,0.4,0.2,"NFLX,MELI,TMUS",3,0.6,1.0,base cap 60%
2008-01-01,2010-06-22,2010-06-23,2010-06-30,growth_champion_v3,-0.0485314292232077,0.6,0.4,0.0,"NFLX,MELI,TMUS",3,0.6,1.0,SPY and QQQ above 200D MA
2008-01-01,2010-06-22,2010-06-23,2010-06-30,growth_champion_v2,-0.0485314292232077,0.6,0.4,0.0,"NFLX,MELI,TMUS",3,0.6,1.0,base cap 60%
2008-01-01,2010-06-29,2010-06-30,2010-07-08,growth_champion_v2,0.037323456919836,0.6,0.4,0.1499999999999999,"NFLX,DXCM,TMUS,MELI",4,0.6,1.0,base cap 60%
2008-01-01,2010-06-29,2010-06-30,2010-07-08,growth_champion_v3,0.024882304613224,0.4,0.6,0.0999999999999999,"NFLX,DXCM,TMUS,MELI",4,0.4,0.6666666666666667,one benchmark below 200D MA
2008-01-01,2010-07-07,2010-07-08,2010-07-15,growth_champion_v3,0.0096577486279869,0.25,0.75,0.0,"NFLX,DXCM,MELI,TMUS",4,0.25,0.4166666666666667,SPY and QQQ below 200D MA
2008-01-01,2010-07-07,2010-07-08,2010-07-15,growth_champion_v2,0.0231785967071687,0.6,0.4,0.0,"NFLX,DXCM,MELI,TMUS",4,0.6,1.0,base cap 60%
2008-01-01,2010-07-14,2010-07-15,2010-07-22,growth_champion_v2,-0.0343020171142993,0.6,0.4,0.0,"NFLX,TMUS,DXCM,MELI",4,0.6,1.0,base cap 60%
2008-01-01,2010-07-14,2010-07-15,2010-07-22,growth_champion_v3,-0.0228680114095328,0.4,0.6,0.0,"NFLX,TMUS,DXCM,MELI",4,0.4,0.6666666666666667,one benchmark below 200D MA
2008-01-01,2010-07-21,2010-07-22,2010-07-29,growth_champion_v2,-0.0049679175725375,0.6,0.4,0.15,"TMUS,ILMN,MELI,NFLX",4,0.6,1.0,base cap 60%
2008-01-01,2010-07-21,2010-07-22,2010-07-29,growth_champion_v3,-0.0033119450483583,0.4,0.6,0.1,"TMUS,ILMN,MELI,NFLX",4,0.4,0.6666666666666667,one benchmark below 200D MA
2008-01-01,2010-07-28,2010-07-29,2010-08-05,growth_champion_v3,0.0327397776532722,0.6,0.4,0.15,"MELI,AZN,TMUS,ILMN",4,0.6,1.0,SPY and QQQ above 200D MA
2008-01-01,2010-07-28,2010-07-29,2010-08-05,growth_champion_v2,0.0327397776532722,0.6,0.4,0.15,"MELI,AZN,TMUS,ILMN",4,0.6,1.0,base cap 60%
2008-01-01,2010-08-04,2010-08-05,2010-08-12,growth_champion_v3,-0.0029538848761026,0.6,0.4,0.15,"BKNG,MELI,AZN,TMUS",4,0.6,1.0,SPY and QQQ above 200D MA
2008-01-01,2010-08-04,2010-08-05,2010-08-12,growth_champion_v2,-0.0029538848761026,0.6,0.4,0.15,"BKNG,MELI,AZN,TMUS",4,0.6,1.0,base cap 60%
2008-01-01,2010-08-11,2010-08-12,2010-08-19,growth_champion_v3,0.0016630161772406,0.6,0.4,0.1499999999999999,"BKNG,MELI,AZN",3,0.6,1.0,SPY and QQQ above 200D MA
2008-01-01,2010-08-11,2010-08-12,2010-08-19,growth_champion_v2,0.0016630161772406,0.6,0.4,0.1499999999999999,"BKNG,MELI,AZN",3,0.6,1.0,base cap 60%
2008-01-01,2010-08-18,2010-08-19,2010-08-26,growth_champion_v3,-0.009604199398983,0.25,0.75,0.0,"BKNG,MELI,AZN",3,0.25,0.4166666666666667,SPY and QQQ below 200D MA
2008-01-01,2010-08-18,2010-08-19,2010-08-26,growth_champion_v2,-0.0230500785575594,0.6,0.4,0.0,"BKNG,MELI,AZN",3,0.6,1.0,base cap 60%
2008-01-01,2010-08-25,2010-08-26,2010-09-02,growth_champion_v3,0.0179783114979192,0.25,0.75,0.0624999999999999,"BKNG,NFLX,AZN,MELI",4,0.25,0.4166666666666667,SPY and QQQ below 200D MA
2008-01-01,2010-08-25,2010-08-26,2010-09-02,growth_champion_v2,0.0431479475950062,0.6,0.4,0.1499999999999999,"BKNG,NFLX,AZN,MELI",4,0.6,1.0,base cap 60%
2008-01-01,2010-09-01,2010-09-02,2010-09-10,growth_champion_v3,0.0074692609782586,0.25,0.75,0.0625,"BKNG,DXCM,AZN,NFLX",4,0.25,0.4166666666666667,SPY and QQQ below 200D MA
2008-01-01,2010-09-01,2010-09-02,2010-09-10,growth_champion_v2,0.0179262263478208,0.6,0.4,0.15,"BKNG,DXCM,AZN,NFLX",4,0.6,1.0,base cap 60%
2008-01-01,2010-09-09,2010-09-10,2010-09-17,growth_champion_v2,0.0036232197203501,0.6,0.4,0.0,"BKNG,DXCM,AZN,NFLX",4,0.6,1.0,base cap 60%
2008-01-01,2010-09-09,2010-09-10,2010-09-17,growth_champion_v3,0.0024154798135667,0.4,0.6,0.0,"BKNG,DXCM,AZN,NFLX",4,0.4,0.6666666666666667,one benchmark below 200D MA
2008-01-01,2010-09-16,2010-09-17,2010-09-24,growth_champion_v2,0.0127953253482859,0.6,0.4,0.15,"BKNG,MELI,AZN,DXCM",4,0.6,1.0,base cap 60%
2008-01-01,2010-09-16,2010-09-17,2010-09-24,growth_champion_v3,0.0127953253482859,0.6,0.4,0.15,"BKNG,MELI,AZN,DXCM",4,0.6,1.0,SPY and QQQ above 200D MA
2008-01-01,2010-09-23,2010-09-24,2010-10-01,growth_champion_v3,-0.0231664204506647,0.6,0.4,0.15,"BKNG,NFLX,AZN,DXCM",4,0.6,1.0,SPY and QQQ above 200D MA
2008-01-01,2010-09-23,2010-09-24,2010-10-01,growth_champion_v2,-0.0231664204506647,0.6,0.4,0.15,"BKNG,NFLX,AZN,DXCM",4,0.6,1.0,base cap 60%
2008-01-01,2010-09-30,2010-10-01,2010-10-08,growth_champion_v3,0.0112520525535877,0.6,0.4,0.15,"BKNG,AMZN,AZN,DXCM",4,0.6,1.0,SPY and QQQ above 200D MA
2008-01-01,2010-09-30,2010-10-01,2010-10-08,growth_champion_v2,0.0112520525535877,0.6,0.4,0.15,"BKNG,AMZN,AZN,DXCM",4,0.6,1.0,base cap 60%
2008-01-01,2010-10-07,2010-10-08,2010-10-15,growth_champion_v3,0.0279868341871782,0.6,0.4,0.15,"BKNG,SIRI,AZN,AMZN",4,0.6,1.0,SPY and QQQ above 200D MA
2008-01-01,2010-10-07,2010-10-08,2010-10-15,growth_champion_v2,0.0279868341871782,0.6,0.4,0.15,"BKNG,SIRI,AZN,AMZN",4,0.6,1.0,base cap 60%
2008-01-01,2010-10-14,2010-10-15,2010-10-22,growth_champion_v2,-0.0027706816134786,0.6,0.4,0.0,"SIRI,BKNG,AZN,AMZN",4,0.6,1.0,base cap 60%
2008-01-01,2010-10-14,2010-10-15,2010-10-22,growth_champion_v3,-0.0027706816134786,0.6,0.4,0.0,"SIRI,BKNG,AZN,AMZN",4,0.6,1.0,SPY and QQQ above 200D MA
2008-01-01,2010-10-21,2010-10-22,2010-10-29,growth_champion_v3,0.0021370837614973,0.6,0.4,0.15,"NFLX,BKNG,AZN,AMZN",4,0.6,1.0,SPY and QQQ above 200D MA
2008-01-01,2010-10-21,2010-10-22,2010-10-29,growth_champion_v2,0.0021370837614973,0.6,0.4,0.15,"NFLX,BKNG,AZN,AMZN",4,0.6,1.0,base cap 60%
2008-01-01,2010-10-28,2010-10-29,2010-11-05,growth_champion_v3,0.0081030040367112,0.6,0.4,0.15,"NFLX,SIRI,AMZN,BKNG",4,0.6,1.0,SPY and QQQ above 200D MA
2008-01-01,2010-10-28,2010-10-29,2010-11-05,growth_champion_v2,0.0081030040367112,0.6,0.4,0.15,"NFLX,SIRI,AMZN,BKNG",4,0.6,1.0,base cap 60%
2008-01-01,2010-11-04,2010-11-05,2010-11-12,growth_champion_v3,-0.0178779640295961,0.6,0.4,0.15,"SIRI,MRVL,AMZN,NFLX",4,0.6,1.0,SPY and QQQ above 200D MA
2008-01-01,2010-11-04,2010-11-05,2010-11-12,growth_champion_v2,-0.0178779640295961,0.6,0.4,0.15,"SIRI,MRVL,AMZN,NFLX",4,0.6,1.0,base cap 60%
2008-01-01,2010-11-11,2010-11-12,2010-11-19,growth_champion_v2,-0.0030790131006881,0.6,0.4,0.3,"CCJ,BKNG,AMZN,MRVL",4,0.6,1.0,base cap 60%
2008-01-01,2010-11-11,2010-11-12,2010-11-19,growth_champion_v3,-0.0030790131006881,0.6,0.4,0.3,"CCJ,BKNG,AMZN,MRVL",4,0.6,1.0,SPY and QQQ above 200D MA
2008-01-01,2010-11-18,2010-11-19,2010-11-29,growth_champion_v2,0.0127512891393403,0.6,0.4,0.0,"CCJ,BKNG,AMZN,MRVL",4,0.6,1.0,base cap 60%
2008-01-01,2010-11-18,2010-11-19,2010-11-29,growth_champion_v3,0.0127512891393403,0.6,0.4,0.0,"CCJ,BKNG,AMZN,MRVL",4,0.6,1.0,SPY and QQQ above 200D MA
2008-01-01,2010-11-26,2010-11-29,2010-12-06,growth_champion_v2,0.0153806569657988,0.6,0.4,0.15,"CCJ,NVDA,AMZN,BKNG",4,0.6,1.0,base cap 60%
2008-01-01,2010-11-26,2010-11-29,2010-12-06,growth_champion_v3,0.0153806569657988,0.6,0.4,0.15,"CCJ,NVDA,AMZN,BKNG",4,0.6,1.0,SPY and QQQ above 200D MA
2008-01-01,2010-12-03,2010-12-06,2010-12-13,growth_champion_v3,0.0022834625002717,0.6,0.4,0.15,"ON,NVDA,AMZN,CCJ",4,0.6,1.0,SPY and QQQ above 200D MA
2008-01-01,2010-12-03,2010-12-06,2010-12-13,growth_champion_v2,0.0022834625002717,0.6,0.4,0.15,"ON,NVDA,AMZN,CCJ",4,0.6,1.0,base cap 60%
2008-01-01,2010-12-10,2010-12-13,2010-12-20,growth_champion_v2,0.00734461983225,0.6,0.4,0.0,"NVDA,CCJ,AMZN,ON",4,0.6,1.0,base cap 60%
2008-01-01,2010-12-10,2010-12-13,2010-12-20,growth_champion_v3,0.00734461983225,0.6,0.4,0.0,"NVDA,CCJ,AMZN,ON",4,0.6,1.0,SPY and QQQ above 200D MA
2008-01-01,2010-12-17,2010-12-20,2010-12-28,growth_champion_v2,0.0040244484125775,0.6,0.4,0.15,"CCJ,BKR,AMZN,NVDA",4,0.6,1.0,base cap 60%
2008-01-01,2010-12-17,2010-12-20,2010-12-28,growth_champion_v3,0.0040244484125775,0.6,0.4,0.15,"CCJ,BKR,AMZN,NVDA",4,0.6,1.0,SPY and QQQ above 200D MA
2008-01-01,2010-12-27,2010-12-28,2011-01-04,growth_champion_v2,0.027396792570213,0.6,0.4,0.15,"CCJ,YPF,AMZN,NVDA",4,0.6,1.0,base cap 60%
2008-01-01,2010-12-27,2010-12-28,2011-01-04,growth_champion_v3,0.027396792570213,0.6,0.4,0.15,"CCJ,YPF,AMZN,NVDA",4,0.6,1.0,SPY and QQQ above 200D MA
2010-01-01,2011-01-03,2011-01-04,2011-01-11,growth_champion_v3,0.086927019656038,0.6,0.4,0.3,"YPF,NVDA",2,0.6,1.0,SPY and QQQ above 200D MA
2008-01-01,2011-01-03,2011-01-04,2011-01-11,growth_champion_v3,0.0386142346762809,0.6,0.4,0.0,"YPF,NVDA,AMZN,CCJ",4,0.6,1.0,SPY and QQQ above 200D MA
2010-01-01,2011-01-03,2011-01-04,2011-01-11,growth_champion_v2,0.086927019656038,0.6,0.4,0.3,"YPF,NVDA",2,0.6,1.0,base cap 60%
2008-01-01,2011-01-03,2011-01-04,2011-01-11,growth_champion_v2,0.0386142346762809,0.6,0.4,0.0,"YPF,NVDA,AMZN,CCJ",4,0.6,1.0,base cap 60%
2008-01-01,2011-01-10,2011-01-11,2011-01-19,growth_champion_v2,0.0230420485221005,0.6,0.4,0.15,"NVDA,ON,AMZN,CCJ",4,0.6,1.0,base cap 60%
2008-01-01,2011-01-10,2011-01-11,2011-01-19,growth_champion_v3,0.0230420485221005,0.6,0.4,0.15,"NVDA,ON,AMZN,CCJ",4,0.6,1.0,SPY and QQQ above 200D MA
2010-01-01,2011-01-10,2011-01-11,2011-01-19,growth_champion_v2,0.0144600501296626,0.6,0.4,0.2,"NVDA,ON,YPF",3,0.6,1.0,base cap 60%
2010-01-01,2011-01-10,2011-01-11,2011-01-19,growth_champion_v3,0.0144600501296626,0.6,0.4,0.2,"NVDA,ON,YPF",3,0.6,1.0,SPY and QQQ above 200D MA
2010-01-01,2011-01-18,2011-01-19,2011-01-26,growth_champion_v3,0.0185706536638871,0.6,0.4,0.0,"NVDA,ON,YPF",3,0.6,1.0,SPY and QQQ above 200D MA
2008-01-01,2011-01-18,2011-01-19,2011-01-26,growth_champion_v2,0.0031101323642877,0.6,0.4,0.0,"NVDA,ON,AMZN,CCJ",4,0.6,1.0,base cap 60%
2010-01-01,2011-01-18,2011-01-19,2011-01-26,growth_champion_v2,0.0185706536638871,0.6,0.4,0.0,"NVDA,ON,YPF",3,0.6,1.0,base cap 60%
2008-01-01,2011-01-18,2011-01-19,2011-01-26,growth_champion_v3,0.0031101323642877,0.6,0.4,0.0,"NVDA,ON,AMZN,CCJ",4,0.6,1.0,SPY and QQQ above 200D MA
2010-01-01,2011-01-25,2011-01-26,2011-02-02,growth_champion_v2,0.0094668891709085,0.6,0.4,0.0,"NVDA,ON,YPF",3,0.6,1.0,base cap 60%
2008-01-01,2011-01-25,2011-01-26,2011-02-02,growth_champion_v3,0.0220460848632462,0.6,0.4,0.0,"NVDA,ON,AMZN,CCJ",4,0.6,1.0,SPY and QQQ above 200D MA
2008-01-01,2011-01-25,2011-01-26,2011-02-02,growth_champion_v2,0.0220460848632462,0.6,0.4,0.0,"NVDA,ON,AMZN,CCJ",4,0.6,1.0,base cap 60%
2010-01-01,2011-01-25,2011-01-26,2011-02-02,growth_champion_v3,0.0094668891709085,0.6,0.4,0.0,"NVDA,ON,YPF",3,0.6,1.0,SPY and QQQ above 200D MA
2008-01-01,2011-02-01,2011-02-02,2011-02-09,growth_champion_v3,-0.0242202740865081,0.6,0.4,0.1499999999999999,"NVDA,ON,CCJ",3,0.6,1.0,SPY and QQQ above 200D MA
2008-01-01,2011-02-01,2011-02-02,2011-02-09,growth_champion_v2,-0.0242202740865081,0.6,0.4,0.1499999999999999,"NVDA,ON,CCJ",3,0.6,1.0,base cap 60%
2010-01-01,2011-02-01,2011-02-02,2011-02-09,growth_champion_v2,-0.0239648901257816,0.6,0.4,0.0,"NVDA,ON,YPF",3,0.6,1.0,base cap 60%
2010-01-01,2011-02-01,2011-02-02,2011-02-09,growth_champion_v3,-0.0239648901257816,0.6,0.4,0.0,"NVDA,ON,YPF",3,0.6,1.0,SPY and QQQ above 200D MA
2010-01-01,2011-02-08,2011-02-09,2011-02-16,growth_champion_v2,0.0058146856121962,0.6,0.4,0.1499999999999999,"NVDA,MU,YPF,ON",4,0.6,1.0,base cap 60%
2010-01-01,2011-02-08,2011-02-09,2011-02-16,growth_champion_v3,0.0058146856121962,0.6,0.4,0.1499999999999999,"NVDA,MU,YPF,ON",4,0.6,1.0,SPY and QQQ above 200D MA
2008-01-01,2011-02-08,2011-02-09,2011-02-16,growth_champion_v3,0.0110215312486789,0.6,0.4,0.1499999999999999,"NVDA,MU,CCJ,ON",4,0.6,1.0,SPY and QQQ above 200D MA
2008-01-01,2011-02-08,2011-02-09,2011-02-16,growth_champion_v2,0.0110215312486789,0.6,0.4,0.1499999999999999,"NVDA,MU,CCJ,ON",4,0.6,1.0,base cap 60%
2008-01-01,2011-02-15,2011-02-16,2011-02-24,growth_champion_v3,-0.0299721704252332,0.6,0.4,0.0,"MU,NVDA,CCJ,ON",4,0.6,1.0,SPY and QQQ above 200D MA
2010-01-01,2011-02-15,2011-02-16,2011-02-24,growth_champion_v3,-0.0164002753874011,0.6,0.4,0.0,"MU,NVDA,ON,YPF",4,0.6,1.0,SPY and QQQ above 200D MA
2008-01-01,2011-02-15,2011-02-16,2011-02-24,growth_champion_v2,-0.0299721704252332,0.6,0.4,0.0,"MU,NVDA,CCJ,ON",4,0.6,1.0,base cap 60%
2010-01-01,2011-02-15,2011-02-16,2011-02-24,growth_champion_v2,-0.0164002753874011,0.6,0.4,0.0,"MU,NVDA,ON,YPF",4,0.6,1.0,base cap 60%
2010-01-01,2011-02-23,2011-02-24,2011-03-03,growth_champion_v3,-0.0014572058886767,0.6,0.4,0.15,"TTWO,NVDA,YPF,ON",4,0.6,1.0,SPY and QQQ above 200D MA
2010-01-01,2011-02-23,2011-02-24,2011-03-03,growth_champion_v2,-0.0014572058886767,0.6,0.4,0.15,"TTWO,NVDA,YPF,ON",4,0.6,1.0,base cap 60%
2008-01-01,2011-02-23,2011-02-24,2011-03-03,growth_champion_v2,-0.0061102898788157,0.6,0.4,0.15,"TTWO,NVDA,CCJ,ON",4,0.6,1.0,base cap 60%
2008-01-01,2011-02-23,2011-02-24,2011-03-03,growth_champion_v3,-0.0061102898788157,0.6,0.4,0.15,"TTWO,NVDA,CCJ,ON",4,0.6,1.0,SPY and QQQ above 200D MA
2008-01-01,2011-03-02,2011-03-03,2011-03-10,growth_champion_v2,-0.0558730293273733,0.6,0.4,0.15,"VRTX,TTWO,ON,NVDA",4,0.6,1.0,base cap 60%
2010-01-01,2011-03-02,2011-03-03,2011-03-10,growth_champion_v3,-0.0558730293273733,0.6,0.4,0.15,"VRTX,TTWO,ON,NVDA",4,0.6,1.0,SPY and QQQ above 200D MA
2010-01-01,2011-03-02,2011-03-03,2011-03-10,growth_champion_v2,-0.0558730293273733,0.6,0.4,0.15,"VRTX,TTWO,ON,NVDA",4,0.6,1.0,base cap 60%
2008-01-01,2011-03-02,2011-03-03,2011-03-10,growth_champion_v3,-0.0558730293273733,0.6,0.4,0.15,"VRTX,TTWO,ON,NVDA",4,0.6,1.0,SPY and QQQ above 200D MA
2008-01-01,2011-03-09,2011-03-10,2011-03-17,growth_champion_v3,-0.0071345246831765,0.6,0.4,0.15,"VRTX,REGN,NVDA,TTWO",4,0.6,1.0,SPY and QQQ above 200D MA
2010-01-01,2011-03-09,2011-03-10,2011-03-17,growth_champion_v2,-0.0071345246831765,0.6,0.4,0.15,"VRTX,REGN,NVDA,TTWO",4,0.6,1.0,base cap 60%
2008-01-01,2011-03-09,2011-03-10,2011-03-17,growth_champion_v2,-0.0071345246831765,0.6,0.4,0.15,"VRTX,REGN,NVDA,TTWO",4,0.6,1.0,base cap 60%
2010-01-01,2011-03-09,2011-03-10,2011-03-17,growth_champion_v3,-0.0071345246831765,0.6,0.4,0.15,"VRTX,REGN,NVDA,TTWO",4,0.6,1.0,SPY and QQQ above 200D MA
2010-01-01,2011-03-16,2011-03-17,2011-03-24,growth_champion_v2,0.026308985596361,0.6,0.4,0.15,"VRTX,FTNT,NVDA,TTWO",4,0.6,1.0,base cap 60%
2008-01-01,2011-03-16,2011-03-17,2011-03-24,growth_champion_v3,0.036775183733445,0.6,0.4,0.15,"VRTX,MSTR,NVDA,TTWO",4,0.6,1.0,SPY and QQQ above 200D MA
2010-01-01,2011-03-16,2011-03-17,2011-03-24,growth_champion_v3,0.026308985596361,0.6,0.4,0.15,"VRTX,FTNT,NVDA,TTWO",4,0.6,1.0,SPY and QQQ above 200D MA
2008-01-01,2011-03-16,2011-03-17,2011-03-24,growth_champion_v2,0.036775183733445,0.6,0.4,0.15,"VRTX,MSTR,NVDA,TTWO",4,0.6,1.0,base cap 60%
2008-01-01,2011-03-23,2011-03-24,2011-03-31,growth_champion_v2,0.0148247005233404,0.6,0.4,0.15,"MSTR,SMCI,NVDA,TTWO",4,0.6,1.0,base cap 60%
2010-01-01,2011-03-23,2011-03-24,2011-03-31,growth_champion_v2,0.0148247005233404,0.6,0.4,0.3,"MSTR,SMCI,NVDA,TTWO",4,0.6,1.0,base cap 60%
2010-01-01,2011-03-23,2011-03-24,2011-03-31,growth_champion_v3,0.0148247005233404,0.6,0.4,0.3,"MSTR,SMCI,NVDA,TTWO",4,0.6,1.0,SPY and QQQ above 200D MA
2008-01-01,2011-03-23,2011-03-24,2011-03-31,growth_champion_v3,0.0148247005233404,0.6,0.4,0.15,"MSTR,SMCI,NVDA,TTWO",4,0.6,1.0,SPY and QQQ above 200D MA
2010-01-01,2011-03-30,2011-03-31,2011-04-07,growth_champion_v2,-0.0057054366101006,0.6,0.4,0.15,"MSTR,REGN,NVDA,TTWO",4,0.6,1.0,base cap 60%
2010-01-01,2011-03-30,2011-03-31,2011-04-07,growth_champion_v3,-0.0057054366101006,0.6,0.4,0.15,"MSTR,REGN,NVDA,TTWO",4,0.6,1.0,SPY and QQQ above 200D MA
2008-01-01,2011-03-30,2011-03-31,2011-04-07,growth_champion_v3,-0.0057054366101006,0.6,0.4,0.15,"MSTR,REGN,NVDA,TTWO",4,0.6,1.0,SPY and QQQ above 200D MA
2008-01-01,2011-03-30,2011-03-31,2011-04-07,growth_champion_v2,-0.0057054366101006,0.6,0.4,0.15,"MSTR,REGN,NVDA,TTWO",4,0.6,1.0,base cap 60%
2008-01-01,2011-04-06,2011-04-07,2011-04-14,growth_champion_v3,-0.0044778452806517,0.6,0.4,0.1499999999999999,"MSTR,REGN,TTWO",3,0.6,1.0,SPY and QQQ above 200D MA
2008-01-01,2011-04-06,2011-04-07,2011-04-14,growth_champion_v2,-0.0044778452806517,0.6,0.4,0.1499999999999999,"MSTR,REGN,TTWO",3,0.6,1.0,base cap 60%
2010-01-01,2011-04-06,2011-04-07,2011-04-14,growth_champion_v2,-0.0044778452806517,0.6,0.4,0.1499999999999999,"MSTR,REGN,TTWO",3,0.6,1.0,base cap 60%
2010-01-01,2011-04-06,2011-04-07,2011-04-14,growth_champion_v3,-0.0044778452806517,0.6,0.4,0.1499999999999999,"MSTR,REGN,TTWO",3,0.6,1.0,SPY and QQQ above 200D MA
2010-01-01,2011-04-13,2011-04-14,2011-04-21,growth_champion_v3,0.0241274771936135,0.6,0.4,0.1499999999999999,"MSTR,TMUS,TTWO,REGN",4,0.6,1.0,SPY and QQQ above 200D MA
2008-01-01,2011-04-13,2011-04-14,2011-04-21,growth_champion_v3,0.0241274771936135,0.6,0.4,0.1499999999999999,"MSTR,TMUS,TTWO,REGN",4,0.6,1.0,SPY and QQQ above 200D MA
2010-01-01,2011-04-13,2011-04-14,2011-04-21,growth_champion_v2,0.0241274771936135,0.6,0.4,0.1499999999999999,"MSTR,TMUS,TTWO,REGN",4,0.6,1.0,base cap 60%
2008-01-01,2011-04-13,2011-04-14,2011-04-21,growth_champion_v2,0.0241274771936135,0.6,0.4,0.1499999999999999,"MSTR,TMUS,TTWO,REGN",4,0.6,1.0,base cap 60%
2008-01-01,2011-04-20,2011-04-21,2011-04-29,growth_champion_v2,0.0229595006493964,0.6,0.4,0.15,"REGN,MELI,TTWO,MSTR",4,0.6,1.0,base cap 60%
2010-01-01,2011-04-20,2011-04-21,2011-04-29,growth_champion_v3,0.0229595006493964,0.6,0.4,0.15,"REGN,MELI,TTWO,MSTR",4,0.6,1.0,SPY and QQQ above 200D MA
2010-01-01,2011-04-20,2011-04-21,2011-04-29,growth_champion_v2,0.0229595006493964,0.6,0.4,0.15,"REGN,MELI,TTWO,MSTR",4,0.6,1.0,base cap 60%
2008-01-01,2011-04-20,2011-04-21,2011-04-29,growth_champion_v3,0.0229595006493964,0.6,0.4,0.15,"REGN,MELI,TTWO,MSTR",4,0.6,1.0,SPY and QQQ above 200D MA
2010-01-01,2011-04-28,2011-04-29,2011-05-06,growth_champion_v3,-0.0164289932755342,0.6,0.4,0.15,"REGN,BIIB,MSTR,TTWO",4,0.6,1.0,SPY and QQQ above 200D MA
2010-01-01,2011-04-28,2011-04-29,2011-05-06,growth_champion_v2,-0.0164289932755342,0.6,0.4,0.15,"REGN,BIIB,MSTR,TTWO",4,0.6,1.0,base cap 60%
2008-01-01,2011-04-28,2011-04-29,2011-05-06,growth_champion_v2,-0.0164289932755342,0.6,0.4,0.15,"REGN,BIIB,MSTR,TTWO",4,0.6,1.0,base cap 60%
2008-01-01,2011-04-28,2011-04-29,2011-05-06,growth_champion_v3,-0.0164289932755342,0.6,0.4,0.15,"REGN,BIIB,MSTR,TTWO",4,0.6,1.0,SPY and QQQ above 200D MA
2010-01-01,2011-05-05,2011-05-06,2011-05-13,growth_champion_v2,0.0120346277913884,0.6,0.4,0.15,"BIIB,VRTX,TTWO,MSTR",4,0.6,1.0,base cap 60%
2010-01-01,2011-05-05,2011-05-06,2011-05-13,growth_champion_v3,0.0120346277913884,0.6,0.4,0.15,"BIIB,VRTX,TTWO,MSTR",4,0.6,1.0,SPY and QQQ above 200D MA
2008-01-01,2011-05-05,2011-05-06,2011-05-13,growth_champion_v3,0.0120346277913884,0.6,0.4,0.15,"BIIB,VRTX,TTWO,MSTR",4,0.6,1.0,SPY and QQQ above 200D MA
2008-01-01,2011-05-05,2011-05-06,2011-05-13,growth_champion_v2,0.0120346277913884,0.6,0.4,0.15,"BIIB,VRTX,TTWO,MSTR",4,0.6,1.0,base cap 60%
2010-01-01,2011-05-12,2011-05-13,2011-05-20,growth_champion_v3,0.0071634098034334,0.6,0.4,0.0,"VRTX,BIIB,TTWO,MSTR",4,0.6,1.0,SPY and QQQ above 200D MA
2008-01-01,2011-05-12,2011-05-13,2011-05-20,growth_champion_v2,0.0071634098034334,0.6,0.4,0.0,"VRTX,BIIB,TTWO,MSTR",4,0.6,1.0,base cap 60%
2008-01-01,2011-05-12,2011-05-13,2011-05-20,growth_champion_v3,0.0071634098034334,0.6,0.4,0.0,"VRTX,BIIB,TTWO,MSTR",4,0.6,1.0,SPY and QQQ above 200D MA
2010-01-01,2011-05-12,2011-05-13,2011-05-20,growth_champion_v2,0.0071634098034334,0.6,0.4,0.0,"VRTX,BIIB,TTWO,MSTR",4,0.6,1.0,base cap 60%
2010-01-01,2011-05-19,2011-05-20,2011-05-27,growth_champion_v2,0.0006398003335509,0.6,0.4,0.15,"REGN,BIIB,MSTR,TTWO",4,0.6,1.0,base cap 60%
2008-01-01,2011-05-19,2011-05-20,2011-05-27,growth_champion_v3,0.0006398003335509,0.6,0.4,0.15,"REGN,BIIB,MSTR,TTWO",4,0.6,1.0,SPY and QQQ above 200D MA
2008-01-01,2011-05-19,2011-05-20,2011-05-27,growth_champion_v2,0.0006398003335509,0.6,0.4,0.15,"REGN,BIIB,MSTR,TTWO",4,0.6,1.0,base cap 60%
2010-01-01,2011-05-19,2011-05-20,2011-05-27,growth_champion_v3,0.0006398003335509,0.6,0.4,0.15,"REGN,BIIB,MSTR,TTWO",4,0.6,1.0,SPY and QQQ above 200D MA
2008-01-01,2011-05-26,2011-05-27,2011-06-06,growth_champion_v2,-0.0287105889030139,0.6,0.4,0.15,"REGN,SIRI,TTWO,MSTR",4,0.6,1.0,base cap 60%
2010-01-01,2011-05-26,2011-05-27,2011-06-06,growth_champion_v2,-0.0287105889030139,0.6,0.4,0.15,"REGN,SIRI,TTWO,MSTR",4,0.6,1.0,base cap 60%
2010-01-01,2011-05-26,2011-05-27,2011-06-06,growth_champion_v3,-0.0287105889030139,0.6,0.4,0.15,"REGN,SIRI,TTWO,MSTR",4,0.6,1.0,SPY and QQQ above 200D MA
2008-01-01,2011-05-26,2011-05-27,2011-06-06,growth_champion_v3,-0.0287105889030139,0.6,0.4,0.15,"REGN,SIRI,TTWO,MSTR",4,0.6,1.0,SPY and QQQ above 200D MA
2010-01-01,2011-06-03,2011-06-06,2011-06-13,growth_champion_v2,-0.0160761067469428,0.6,0.4,0.15,"REGN,NFLX,TTWO,MSTR",4,0.6,1.0,base cap 60%
2008-01-01,2011-06-03,2011-06-06,2011-06-13,growth_champion_v2,-0.0160761067469428,0.6,0.4,0.15,"REGN,NFLX,TTWO,MSTR",4,0.6,1.0,base cap 60%
2008-01-01,2011-06-03,2011-06-06,2011-06-13,growth_champion_v3,-0.0160761067469428,0.6,0.4,0.15,"REGN,NFLX,TTWO,MSTR",4,0.6,1.0,SPY and QQQ above 200D MA
2010-01-01,2011-06-03,2011-06-06,2011-06-13,growth_champion_v3,-0.0160761067469428,0.6,0.4,0.15,"REGN,NFLX,TTWO,MSTR",4,0.6,1.0,SPY and QQQ above 200D MA
2010-01-01,2011-06-10,2011-06-13,2011-06-20,growth_champion_v3,-0.0123769213595236,0.6,0.4,0.15,"REGN,MNST,TTWO,NFLX",4,0.6,1.0,SPY and QQQ above 200D MA
2008-01-01,2011-06-10,2011-06-13,2011-06-20,growth_champion_v2,-0.0123769213595236,0.6,0.4,0.15,"REGN,MNST,TTWO,NFLX",4,0.6,1.0,base cap 60%
2008-01-01,2011-06-10,2011-06-13,2011-06-20,growth_champion_v3,-0.0123769213595236,0.6,0.4,0.15,"REGN,MNST,TTWO,NFLX",4,0.6,1.0,SPY and QQQ above 200D MA
2010-01-01,2011-06-10,2011-06-13,2011-06-20,growth_champion_v2,-0.0123769213595236,0.6,0.4,0.15,"REGN,MNST,TTWO,NFLX",4,0.6,1.0,base cap 60%
2008-01-01,2011-06-17,2011-06-20,2011-06-27,growth_champion_v3,0.0189046967751284,0.4,0.6,0.1,"REGN,BIIB,MNST,NFLX",4,0.4,0.6666666666666667,one benchmark below 200D MA
2010-01-01,2011-06-17,2011-06-20,2011-06-27,growth_champion_v2,0.0283570451626927,0.6,0.4,0.15,"REGN,BIIB,MNST,NFLX",4,0.6,1.0,base cap 60%
2010-01-01,2011-06-17,2011-06-20,2011-06-27,growth_champion_v3,0.0189046967751284,0.4,0.6,0.1,"REGN,BIIB,MNST,NFLX",4,0.4,0.6666666666666667,one benchmark below 200D MA
2008-01-01,2011-06-17,2011-06-20,2011-06-27,growth_champion_v2,0.0283570451626927,0.6,0.4,0.15,"REGN,BIIB,MNST,NFLX",4,0.6,1.0,base cap 60%
2008-01-01,2011-06-24,2011-06-27,2011-07-05,growth_champion_v3,0.0464423369782225,0.6,0.4,0.0,"BIIB,MNST,NFLX,REGN",4,0.6,1.0,SPY and QQQ above 200D MA
2010-01-01,2011-06-24,2011-06-27,2011-07-05,growth_champion_v2,0.0464423369782225,0.6,0.4,0.0,"BIIB,MNST,NFLX,REGN",4,0.6,1.0,base cap 60%
2010-01-01,2011-06-24,2011-06-27,2011-07-05,growth_champion_v3,0.0464423369782225,0.6,0.4,0.0,"BIIB,MNST,NFLX,REGN",4,0.6,1.0,SPY and QQQ above 200D MA
2008-01-01,2011-06-24,2011-06-27,2011-07-05,growth_champion_v2,0.0464423369782225,0.6,0.4,0.0,"BIIB,MNST,NFLX,REGN",4,0.6,1.0,base cap 60%
2010-01-01,2011-07-01,2011-07-05,2011-07-12,growth_champion_v3,-0.0188545647244945,0.6,0.4,0.0,"BIIB,MNST,NFLX,REGN",4,0.6,1.0,SPY and QQQ above 200D MA
2008-01-01,2011-07-01,2011-07-05,2011-07-12,growth_champion_v2,-0.0188545647244945,0.6,0.4,0.0,"BIIB,MNST,NFLX,REGN",4,0.6,1.0,base cap 60%
2010-01-01,2011-07-01,2011-07-05,2011-07-12,growth_champion_v2,-0.0188545647244945,0.6,0.4,0.0,"BIIB,MNST,NFLX,REGN",4,0.6,1.0,base cap 60%
2008-01-01,2011-07-01,2011-07-05,2011-07-12,growth_champion_v3,-0.0188545647244945,0.6,0.4,0.0,"BIIB,MNST,NFLX,REGN",4,0.6,1.0,SPY and QQQ above 200D MA
2010-01-01,2011-07-11,2011-07-12,2011-07-19,growth_champion_v2,0.0089516661303657,0.6,0.4,0.15,"FTNT,BIIB,MNST,NFLX",4,0.6,1.0,base cap 60%
2010-01-01,2011-07-11,2011-07-12,2011-07-19,growth_champion_v3,0.0089516661303657,0.6,0.4,0.15,"FTNT,BIIB,MNST,NFLX",4,0.6,1.0,SPY and QQQ above 200D MA
2008-01-01,2011-07-11,2011-07-12,2011-07-19,growth_champion_v3,0.0146740234231431,0.6,0.4,0.0,"BIIB,MNST,NFLX,REGN",4,0.6,1.0,SPY and QQQ above 200D MA
2008-01-01,2011-07-11,2011-07-12,2011-07-19,growth_champion_v2,0.0146740234231431,0.6,0.4,0.0,"BIIB,MNST,NFLX,REGN",4,0.6,1.0,base cap 60%
2008-01-01,2011-07-18,2011-07-19,2011-07-26,growth_champion_v2,-0.0302147473276882,0.6,0.4,0.3,"MSTR,SIRI,MNST,NFLX",4,0.6,1.0,base cap 60%
2010-01-01,2011-07-18,2011-07-19,2011-07-26,growth_champion_v2,-0.0595749095018824,0.6,0.4,0.15,"FTNT,MSTR,MNST,NFLX",4,0.6,1.0,base cap 60%
2008-01-01,2011-07-18,2011-07-19,2011-07-26,growth_champion_v3,-0.0302147473276882,0.6,0.4,0.3,"MSTR,SIRI,MNST,NFLX",4,0.6,1.0,SPY and QQQ above 200D MA
2010-01-01,2011-07-18,2011-07-19,2011-07-26,growth_champion_v3,-0.0595749095018824,0.6,0.4,0.15,"FTNT,MSTR,MNST,NFLX",4,0.6,1.0,SPY and QQQ above 200D MA
2010-01-01,2011-07-25,2011-07-26,2011-08-02,growth_champion_v3,-0.0264913033898776,0.6,0.4,0.3,"GOOGL,GOOG,MNST,NFLX",4,0.6,1.0,SPY and QQQ above 200D MA
2010-01-01,2011-07-25,2011-07-26,2011-08-02,growth_champion_v2,-0.0264913033898776,0.6,0.4,0.3,"GOOGL,GOOG,MNST,NFLX",4,0.6,1.0,base cap 60%
2008-01-01,2011-07-25,2011-07-26,2011-08-02,growth_champion_v2,-0.0264913033898776,0.6,0.4,0.3,"GOOGL,GOOG,MNST,NFLX",4,0.6,1.0,base cap 60%
2008-01-01,2011-07-25,2011-07-26,2011-08-02,growth_champion_v3,-0.0264913033898776,0.6,0.4,0.3,"GOOGL,GOOG,MNST,NFLX",4,0.6,1.0,SPY and QQQ above 200D MA
2010-01-01,2011-08-01,2011-08-02,2011-08-09,growth_champion_v3,-0.0122492431386554,0.6,0.4,0.15,"AAPL,GOOGL,GOOG,MNST",4,0.6,1.0,SPY and QQQ above 200D MA
2010-01-01,2011-08-01,2011-08-02,2011-08-09,growth_champion_v2,-0.0122492431386554,0.6,0.4,0.15,"AAPL,GOOGL,GOOG,MNST",4,0.6,1.0,base cap 60%
2008-01-01,2011-08-01,2011-08-02,2011-08-09,growth_champion_v3,-0.0122492431386554,0.6,0.4,0.15,"AAPL,GOOGL,GOOG,MNST",4,0.6,1.0,SPY and QQQ above 200D MA
2008-01-01,2011-08-01,2011-08-02,2011-08-09,growth_champion_v2,-0.0122492431386554,0.6,0.4,0.15,"AAPL,GOOGL,GOOG,MNST",4,0.6,1.0,base cap 60%
2010-01-01,2011-08-08,2011-08-09,2011-08-16,growth_champion_v3,-0.0085599952806742,0.25,0.75,0.0624999999999999,"GOOG,GOOGL,AAPL",3,0.25,0.4166666666666667,SPY and QQQ below 200D MA
2008-01-01,2011-08-08,2011-08-09,2011-08-16,growth_champion_v3,-0.0085599952806742,0.25,0.75,0.0624999999999999,"GOOG,GOOGL,AAPL",3,0.25,0.4166666666666667,SPY and QQQ below 200D MA
2008-01-01,2011-08-08,2011-08-09,2011-08-16,growth_champion_v2,-0.0205439886736182,0.6,0.4,0.1499999999999999,"GOOG,GOOGL,AAPL",3,0.6,1.0,base cap 60%
2010-01-01,2011-08-08,2011-08-09,2011-08-16,growth_champion_v2,-0.0205439886736182,0.6,0.4,0.1499999999999999,"GOOG,GOOGL,AAPL",3,0.6,1.0,base cap 60%
2008-01-01,2011-08-15,2011-08-16,2011-08-23,growth_champion_v2,-0.0049385305022945,0.6,0.4,0.1499999999999999,"MNST,AAPL,GOOG,GOOGL",4,0.6,1.0,base cap 60%
2010-01-01,2011-08-15,2011-08-16,2011-08-23,growth_champion_v3,-0.0020577210426227,0.25,0.75,0.0624999999999999,"MNST,AAPL,GOOG,GOOGL",4,0.25,0.4166666666666667,SPY and QQQ below 200D MA
2010-01-01,2011-08-15,2011-08-16,2011-08-23,growth_champion_v2,-0.0049385305022945,0.6,0.4,0.1499999999999999,"MNST,AAPL,GOOG,GOOGL",4,0.6,1.0,base cap 60%
2008-01-01,2011-08-15,2011-08-16,2011-08-23,growth_champion_v3,-0.0020577210426227,0.25,0.75,0.0624999999999999,"MNST,AAPL,GOOG,GOOGL",4,0.25,0.4166666666666667,SPY and QQQ below 200D MA
2008-01-01,2011-08-22,2011-08-23,2011-08-30,growth_champion_v3,0.0110010656328782,0.25,0.75,0.1874999999999999,"MNST,ORLY",2,0.25,0.4166666666666667,SPY and QQQ below 200D MA
2010-01-01,2011-08-22,2011-08-23,2011-08-30,growth_champion_v3,0.0110010656328782,0.25,0.75,0.1874999999999999,"MNST,ORLY",2,0.25,0.4166666666666667,SPY and QQQ below 200D MA
2010-01-01,2011-08-22,2011-08-23,2011-08-30,growth_champion_v2,0.0264025575189079,0.6,0.4,0.4499999999999999,"MNST,ORLY",2,0.6,1.0,base cap 60%
2008-01-01,2011-08-22,2011-08-23,2011-08-30,growth_champion_v2,0.0264025575189079,0.6,0.4,0.4499999999999999,"MNST,ORLY",2,0.6,1.0,base cap 60%
2008-01-01,2011-08-29,2011-08-30,2011-09-07,growth_champion_v2,-1.713516331498799e-07,0.6,0.4,0.0,"MNST,ORLY",2,0.6,1.0,base cap 60%
2008-01-01,2011-08-29,2011-08-30,2011-09-07,growth_champion_v3,-7.139651381244996e-08,0.25,0.75,0.0,"MNST,ORLY",2,0.25,0.4166666666666667,SPY and QQQ below 200D MA
2010-01-01,2011-08-29,2011-08-30,2011-09-07,growth_champion_v3,-7.139651381244996e-08,0.25,0.75,0.0,"MNST,ORLY",2,0.25,0.4166666666666667,SPY and QQQ below 200D MA
2010-01-01,2011-08-29,2011-08-30,2011-09-07,growth_champion_v2,-1.713516331498799e-07,0.6,0.4,0.0,"MNST,ORLY",2,0.6,1.0,base cap 60%
2010-01-01,2011-09-06,2011-09-07,2011-09-14,growth_champion_v2,-0.0101365807517667,0.6,0.4,0.2,"REGN,MNST,ORLY",3,0.6,1.0,base cap 60%
2008-01-01,2011-09-06,2011-09-07,2011-09-14,growth_champion_v2,-0.0101365807517667,0.6,0.4,0.2,"REGN,MNST,ORLY",3,0.6,1.0,base cap 60%
2010-01-01,2011-09-06,2011-09-07,2011-09-14,growth_champion_v3,-0.0042235753132361,0.25,0.75,0.0833333333333333,"REGN,MNST,ORLY",3,0.25,0.4166666666666667,SPY and QQQ below 200D MA
2008-01-01,2011-09-06,2011-09-07,2011-09-14,growth_champion_v3,-0.0042235753132361,0.25,0.75,0.0833333333333333,"REGN,MNST,ORLY",3,0.25,0.4166666666666667,SPY and QQQ below 200D MA
2008-01-01,2011-09-13,2011-09-14,2011-09-21,growth_champion_v2,0.0273857504568342,0.6,0.4,0.0,"REGN,MNST,ORLY",3,0.6,1.0,base cap 60%
2010-01-01,2011-09-13,2011-09-14,2011-09-21,growth_champion_v2,0.0273857504568342,0.6,0.4,0.0,"REGN,MNST,ORLY",3,0.6,1.0,base cap 60%
2010-01-01,2011-09-13,2011-09-14,2011-09-21,growth_champion_v3,0.0114107293570142,0.25,0.75,0.0,"REGN,MNST,ORLY",3,0.25,0.4166666666666667,SPY and QQQ below 200D MA
2008-01-01,2011-09-13,2011-09-14,2011-09-21,growth_champion_v3,0.0114107293570142,0.25,0.75,0.0,"REGN,MNST,ORLY",3,0.25,0.4166666666666667,SPY and QQQ below 200D MA
2008-01-01,2011-09-20,2011-09-21,2011-09-28,growth_champion_v2,-0.0293367385449867,0.6,0.4,0.3,"AMZN,AAPL,MNST,REGN",4,0.6,1.0,base cap 60%
2010-01-01,2011-09-20,2011-09-21,2011-09-28,growth_champion_v2,-0.0293367385449867,0.6,0.4,0.3,"AMZN,AAPL,MNST,REGN",4,0.6,1.0,base cap 60%
2008-01-01,2011-09-20,2011-09-21,2011-09-28,growth_champion_v3,-0.0195578256966578,0.4,0.6,0.2,"AMZN,AAPL,MNST,REGN",4,0.4,0.6666666666666667,one benchmark below 200D MA
2010-01-01,2011-09-20,2011-09-21,2011-09-28,growth_champion_v3,-0.0195578256966578,0.4,0.6,0.2,"AMZN,AAPL,MNST,REGN",4,0.4,0.6666666666666667,one benchmark below 200D MA
2008-01-01,2011-09-27,2011-09-28,2011-10-05,growth_champion_v3,-0.0118916871216408,0.25,0.75,0.0,"AAPL,REGN,AMZN,MNST",4,0.25,0.4166666666666667,SPY and QQQ below 200D MA
2008-01-01,2011-09-27,2011-09-28,2011-10-05,growth_champion_v2,-0.028540049091938,0.6,0.4,0.0,"AAPL,REGN,AMZN,MNST",4,0.6,1.0,base cap 60%
2010-01-01,2011-09-27,2011-09-28,2011-10-05,growth_champion_v3,-0.0118916871216408,0.25,0.75,0.0,"AAPL,REGN,AMZN,MNST",4,0.25,0.4166666666666667,SPY and QQQ below 200D MA
2010-01-01,2011-09-27,2011-09-28,2011-10-05,growth_champion_v2,-0.028540049091938,0.6,0.4,0.0,"AAPL,REGN,AMZN,MNST",4,0.6,1.0,base cap 60%
2010-01-01,2011-10-04,2011-10-05,2011-10-12,growth_champion_v2,0.0280761586860324,0.6,0.4,0.3,"MRVL,ORLY,AAPL,MNST",4,0.6,1.0,base cap 60%
2008-01-01,2011-10-04,2011-10-05,2011-10-12,growth_champion_v2,0.0280761586860324,0.6,0.4,0.3,"MRVL,ORLY,AAPL,MNST",4,0.6,1.0,base cap 60%
2008-01-01,2011-10-04,2011-10-05,2011-10-12,growth_champion_v3,0.0116983994525135,0.25,0.75,0.125,"MRVL,ORLY,AAPL,MNST",4,0.25,0.4166666666666667,SPY and QQQ below 200D MA
2010-01-01,2011-10-04,2011-10-05,2011-10-12,growth_champion_v3,0.0116983994525135,0.25,0.75,0.125,"MRVL,ORLY,AAPL,MNST",4,0.25,0.4166666666666667,SPY and QQQ below 200D MA
2008-01-01,2011-10-11,2011-10-12,2011-10-19,growth_champion_v2,-0.0114419195802522,0.6,0.4,0.15,"ROST,MNST,AAPL,MRVL",4,0.6,1.0,base cap 60%
2008-01-01,2011-10-11,2011-10-12,2011-10-19,growth_champion_v3,-0.0047674664917717,0.25,0.75,0.0625,"ROST,MNST,AAPL,MRVL",4,0.25,0.4166666666666667,SPY and QQQ below 200D MA
2010-01-01,2011-10-11,2011-10-12,2011-10-19,growth_champion_v3,-0.0047674664917717,0.25,0.75,0.0625,"ROST,MNST,AAPL,MRVL",4,0.25,0.4166666666666667,SPY and QQQ below 200D MA
2010-01-01,2011-10-11,2011-10-12,2011-10-19,growth_champion_v2,-0.0114419195802522,0.6,0.4,0.15,"ROST,MNST,AAPL,MRVL",4,0.6,1.0,base cap 60%
2010-01-01,2011-10-18,2011-10-19,2011-10-26,growth_champion_v3,-0.0222647350910231,0.4,0.6,0.1,"MNST,AMZN,AAPL,ROST",4,0.4,0.6666666666666667,one benchmark below 200D MA
2010-01-01,2011-10-18,2011-10-19,2011-10-26,growth_champion_v2,-0.0333971026365347,0.6,0.4,0.15,"MNST,AMZN,AAPL,ROST",4,0.6,1.0,base cap 60%
2008-01-01,2011-10-18,2011-10-19,2011-10-26,growth_champion_v2,-0.0333971026365347,0.6,0.4,0.15,"MNST,AMZN,AAPL,ROST",4,0.6,1.0,base cap 60%
2008-01-01,2011-10-18,2011-10-19,2011-10-26,growth_champion_v3,-0.0222647350910231,0.4,0.6,0.1,"MNST,AMZN,AAPL,ROST",4,0.4,0.6666666666666667,one benchmark below 200D MA
2010-01-01,2011-10-25,2011-10-26,2011-11-02,growth_champion_v3,0.0064003415850327,0.4,0.6,0.2,"TTWO,ASML,AAPL,MNST",4,0.4,0.6666666666666667,one benchmark below 200D MA
2008-01-01,2011-10-25,2011-10-26,2011-11-02,growth_champion_v3,0.0064003415850327,0.4,0.6,0.2,"TTWO,ASML,AAPL,MNST",4,0.4,0.6666666666666667,one benchmark below 200D MA
2008-01-01,2011-10-25,2011-10-26,2011-11-02,growth_champion_v2,0.0096005123775491,0.6,0.4,0.3,"TTWO,ASML,AAPL,MNST",4,0.6,1.0,base cap 60%
2010-01-01,2011-10-25,2011-10-26,2011-11-02,growth_champion_v2,0.0096005123775491,0.6,0.4,0.3,"TTWO,ASML,AAPL,MNST",4,0.6,1.0,base cap 60%
2010-01-01,2011-11-01,2011-11-02,2011-11-09,growth_champion_v2,-0.0019356697445674,0.6,0.4,0.15,"TTWO,FTNT,AAPL,ASML",4,0.6,1.0,base cap 60%
2008-01-01,2011-11-01,2011-11-02,2011-11-09,growth_champion_v2,-0.0068569869252806,0.6,0.4,0.15,"TTWO,BIIB,AAPL,ASML",4,0.6,1.0,base cap 60%
2008-01-01,2011-11-01,2011-11-02,2011-11-09,growth_champion_v3,-0.0045713246168537,0.4,0.6,0.1,"TTWO,BIIB,AAPL,ASML",4,0.4,0.6666666666666667,one benchmark below 200D MA
2010-01-01,2011-11-01,2011-11-02,2011-11-09,growth_champion_v3,-0.0012904464963782,0.4,0.6,0.1,"TTWO,FTNT,AAPL,ASML",4,0.4,0.6666666666666667,one benchmark below 200D MA
2008-01-01,2011-11-08,2011-11-09,2011-11-16,growth_champion_v3,-0.0115492675372058,0.4,0.6,0.2,"MELI,CSGP,AAPL,TTWO",4,0.4,0.6666666666666667,one benchmark below 200D MA
2010-01-01,2011-11-08,2011-11-09,2011-11-16,growth_champion_v2,-0.0173239013058088,0.6,0.4,0.3,"MELI,CSGP,AAPL,TTWO",4,0.6,1.0,base cap 60%
2010-01-01,2011-11-08,2011-11-09,2011-11-16,growth_champion_v3,-0.0115492675372058,0.4,0.6,0.2,"MELI,CSGP,AAPL,TTWO",4,0.4,0.6666666666666667,one benchmark below 200D MA
2008-01-01,2011-11-08,2011-11-09,2011-11-16,growth_champion_v2,-0.0173239013058088,0.6,0.4,0.3,"MELI,CSGP,AAPL,TTWO",4,0.6,1.0,base cap 60%
2010-01-01,2011-11-15,2011-11-16,2011-11-23,growth_champion_v2,-0.0360989911070312,0.6,0.4,0.15,"FTNT,MELI,AAPL,TTWO",4,0.6,1.0,base cap 60%
2010-01-01,2011-11-15,2011-11-16,2011-11-23,growth_champion_v3,-0.0240659940713541,0.4,0.6,0.1,"FTNT,MELI,AAPL,TTWO",4,0.4,0.6666666666666667,one benchmark below 200D MA
2008-01-01,2011-11-15,2011-11-16,2011-11-23,growth_champion_v3,-0.018711470704749,0.4,0.6,0.1,"MELI,FAST,AAPL,TTWO",4,0.4,0.6666666666666667,one benchmark below 200D MA
2008-01-01,2011-11-15,2011-11-16,2011-11-23,growth_champion_v2,-0.0280672060571236,0.6,0.4,0.15,"MELI,FAST,AAPL,TTWO",4,0.6,1.0,base cap 60%
2008-01-01,2011-11-22,2011-11-23,2011-12-01,growth_champion_v3,0.0186945487459207,0.25,0.75,0.125,"MELI,FAST",2,0.25,0.4166666666666667,SPY and QQQ below 200D MA
2010-01-01,2011-11-22,2011-11-23,2011-12-01,growth_champion_v2,0.0362572421668083,0.6,0.4,0.3,"MELI,FTNT",2,0.6,1.0,base cap 60%
2010-01-01,2011-11-22,2011-11-23,2011-12-01,growth_champion_v3,0.0151071842361701,0.25,0.75,0.125,"MELI,FTNT",2,0.25,0.4166666666666667,SPY and QQQ below 200D MA
2008-01-01,2011-11-22,2011-11-23,2011-12-01,growth_champion_v2,0.0448669169902097,0.6,0.4,0.3,"MELI,FAST",2,0.6,1.0,base cap 60%
2010-01-01,2011-11-30,2011-12-01,2011-12-08,growth_champion_v2,-0.0035313314243132,0.6,0.4,0.2,"MELI,CSGP,FTNT",3,0.6,1.0,base cap 60%
2008-01-01,2011-11-30,2011-12-01,2011-12-08,growth_champion_v3,-0.0008305791756835,0.25,0.75,0.0833333333333333,"MELI,CSGP,FAST",3,0.25,0.4166666666666667,SPY and QQQ below 200D MA
2010-01-01,2011-11-30,2011-12-01,2011-12-08,growth_champion_v3,-0.0014713880934638,0.25,0.75,0.0833333333333333,"MELI,CSGP,FTNT",3,0.25,0.4166666666666667,SPY and QQQ below 200D MA
2008-01-01,2011-11-30,2011-12-01,2011-12-08,growth_champion_v2,-0.0019933900216405,0.6,0.4,0.2,"MELI,CSGP,FAST",3,0.6,1.0,base cap 60%
2010-01-01,2011-12-07,2011-12-08,2011-12-15,growth_champion_v2,-0.0269628142129114,0.6,0.4,0.0,"MELI,FTNT,CSGP",3,0.6,1.0,base cap 60%
2008-01-01,2011-12-07,2011-12-08,2011-12-15,growth_champion_v3,-0.0177528542521499,0.6,0.4,0.1499999999999999,"MELI,KLAC,FAST,CSGP",4,0.6,1.0,SPY and QQQ above 200D MA
2008-01-01,2011-12-07,2011-12-08,2011-12-15,growth_champion_v2,-0.0177528542521499,0.6,0.4,0.1499999999999999,"MELI,KLAC,FAST,CSGP",4,0.6,1.0,base cap 60%
2010-01-01,2011-12-07,2011-12-08,2011-12-15,growth_champion_v3,-0.0269628142129114,0.6,0.4,0.0,"MELI,FTNT,CSGP",3,0.6,1.0,SPY and QQQ above 200D MA
2008-01-01,2011-12-14,2011-12-15,2011-12-22,growth_champion_v3,0.0083215055477277,0.25,0.75,0.0,"MELI,KLAC,FAST,CSGP",4,0.25,0.4166666666666667,SPY and QQQ below 200D MA
2010-01-01,2011-12-14,2011-12-15,2011-12-22,growth_champion_v2,0.0037994659340122,0.6,0.4,0.1499999999999999,"MELI,KLAC,FTNT,CSGP",4,0.6,1.0,base cap 60%
2008-01-01,2011-12-14,2011-12-15,2011-12-22,growth_champion_v2,0.0199716133145467,0.6,0.4,0.0,"MELI,KLAC,FAST,CSGP",4,0.6,1.0,base cap 60%
2010-01-01,2011-12-14,2011-12-15,2011-12-22,growth_champion_v3,0.0015831108058384,0.25,0.75,0.0624999999999999,"MELI,KLAC,FTNT,CSGP",4,0.25,0.4166666666666667,SPY and QQQ below 200D MA
2010-01-01,2011-12-21,2011-12-22,2011-12-30,growth_champion_v2,0.0011522075677548,0.6,0.4,0.15,"ODFL,MELI,KLAC,FTNT",4,0.6,1.0,base cap 60%
2008-01-01,2011-12-21,2011-12-22,2011-12-30,growth_champion_v2,-0.0048796271190433,0.6,0.4,0.15,"ODFL,MELI,KLAC,FAST",4,0.6,1.0,base cap 60%
2010-01-01,2011-12-21,2011-12-22,2011-12-30,growth_champion_v3,0.0007681383785032,0.4,0.6,0.1,"ODFL,MELI,KLAC,FTNT",4,0.4,0.6666666666666667,one benchmark below 200D MA
2008-01-01,2011-12-21,2011-12-22,2011-12-30,growth_champion_v3,-0.0032530847460288,0.4,0.6,0.1,"ODFL,MELI,KLAC,FAST",4,0.4,0.6666666666666667,one benchmark below 200D MA
2010-01-01,2011-12-29,2011-12-30,2012-01-09,growth_champion_v2,0.018418067702787,0.6,0.4,0.15,"MELI,MU,ODFL,KLAC",4,0.6,1.0,base cap 60%
2008-01-01,2011-12-29,2011-12-30,2012-01-09,growth_champion_v3,0.012278711801858,0.4,0.6,0.1,"MELI,MU,ODFL,KLAC",4,0.4,0.6666666666666667,one benchmark below 200D MA
2008-01-01,2011-12-29,2011-12-30,2012-01-09,growth_champion_v2,0.018418067702787,0.6,0.4,0.15,"MELI,MU,ODFL,KLAC",4,0.6,1.0,base cap 60%
2010-01-01,2011-12-29,2011-12-30,2012-01-09,growth_champion_v3,0.012278711801858,0.4,0.6,0.1,"MELI,MU,ODFL,KLAC",4,0.4,0.6666666666666667,one benchmark below 200D MA
2010-01-01,2012-01-06,2012-01-09,2012-01-17,growth_champion_v3,0.0049792012798117,0.6,0.4,0.15,"MU,CTAS,ODFL,KLAC",4,0.6,1.0,SPY and QQQ above 200D MA
2008-01-01,2012-01-06,2012-01-09,2012-01-17,growth_champion_v2,0.0049792012798117,0.6,0.4,0.15,"MU,CTAS,ODFL,KLAC",4,0.6,1.0,base cap 60%
2010-01-01,2012-01-06,2012-01-09,2012-01-17,growth_champion_v2,0.0049792012798117,0.6,0.4,0.15,"MU,CTAS,ODFL,KLAC",4,0.6,1.0,base cap 60%
2008-01-01,2012-01-06,2012-01-09,2012-01-17,growth_champion_v3,0.0049792012798117,0.6,0.4,0.15,"MU,CTAS,ODFL,KLAC",4,0.6,1.0,SPY and QQQ above 200D MA
2010-01-01,2012-01-13,2012-01-17,2012-01-24,growth_champion_v3,0.0209292838383119,0.6,0.4,0.3,"REGN,ILMN,ODFL,KLAC",4,0.6,1.0,SPY and QQQ above 200D MA
2008-01-01,2012-01-13,2012-01-17,2012-01-24,growth_champion_v3,0.0209292838383119,0.6,0.4,0.3,"REGN,ILMN,ODFL,KLAC",4,0.6,1.0,SPY and QQQ above 200D MA
2010-01-01,2012-01-13,2012-01-17,2012-01-24,growth_champion_v2,0.0209292838383119,0.6,0.4,0.3,"REGN,ILMN,ODFL,KLAC",4,0.6,1.0,base cap 60%
2008-01-01,2012-01-13,2012-01-17,2012-01-24,growth_champion_v2,0.0209292838383119,0.6,0.4,0.3,"REGN,ILMN,ODFL,KLAC",4,0.6,1.0,base cap 60%
2010-01-01,2012-01-23,2012-01-24,2012-01-31,growth_champion_v2,0.0204743946425563,0.6,0.4,0.15,"MU,REGN,ODFL,KLAC",4,0.6,1.0,base cap 60%
2010-01-01,2012-01-23,2012-01-24,2012-01-31,growth_champion_v3,0.0204743946425563,0.6,0.4,0.15,"MU,REGN,ODFL,KLAC",4,0.6,1.0,SPY and QQQ above 200D MA
2008-01-01,2012-01-23,2012-01-24,2012-01-31,growth_champion_v3,0.0204743946425563,0.6,0.4,0.15,"MU,REGN,ODFL,KLAC",4,0.6,1.0,SPY and QQQ above 200D MA
2008-01-01,2012-01-23,2012-01-24,2012-01-31,growth_champion_v2,0.0204743946425563,0.6,0.4,0.15,"MU,REGN,ODFL,KLAC",4,0.6,1.0,base cap 60%
2008-01-01,2012-01-30,2012-01-31,2012-02-07,growth_champion_v3,0.0302696707556567,0.6,0.4,0.3,"ILMN,NFLX,ODFL,REGN",4,0.6,1.0,SPY and QQQ above 200D MA
2010-01-01,2012-01-30,2012-01-31,2012-02-07,growth_champion_v2,0.0302696707556567,0.6,0.4,0.3,"ILMN,NFLX,ODFL,REGN",4,0.6,1.0,base cap 60%
2010-01-01,2012-01-30,2012-01-31,2012-02-07,growth_champion_v3,0.0302696707556567,0.6,0.4,0.3,"ILMN,NFLX,ODFL,REGN",4,0.6,1.0,SPY and QQQ above 200D MA
2008-01-01,2012-01-30,2012-01-31,2012-02-07,growth_champion_v2,0.0302696707556567,0.6,0.4,0.3,"ILMN,NFLX,ODFL,REGN",4,0.6,1.0,base cap 60%
2008-01-01,2012-02-06,2012-02-07,2012-02-14,growth_champion_v3,0.0155213337370484,0.6,0.4,0.0,"REGN,ILMN,ODFL,NFLX",4,0.6,1.0,SPY and QQQ above 200D MA
2008-01-01,2012-02-06,2012-02-07,2012-02-14,growth_champion_v2,0.0155213337370484,0.6,0.4,0.0,"REGN,ILMN,ODFL,NFLX",4,0.6,1.0,base cap 60%
2010-01-01,2012-02-06,2012-02-07,2012-02-14,growth_champion_v2,0.0155213337370484,0.6,0.4,0.0,"REGN,ILMN,ODFL,NFLX",4,0.6,1.0,base cap 60%
2010-01-01,2012-02-06,2012-02-07,2012-02-14,growth_champion_v3,0.0155213337370484,0.6,0.4,0.0,"REGN,ILMN,ODFL,NFLX",4,0.6,1.0,SPY and QQQ above 200D MA
2010-01-01,2012-02-13,2012-02-14,2012-02-22,growth_champion_v3,-0.0375048005840786,0.6,0.4,0.0,"REGN,ILMN,ODFL,NFLX",4,0.6,1.0,SPY and QQQ above 200D MA
2010-01-01,2012-02-13,2012-02-14,2012-02-22,growth_champion_v2,-0.0375048005840786,0.6,0.4,0.0,"REGN,ILMN,ODFL,NFLX",4,0.6,1.0,base cap 60%
2008-01-01,2012-02-13,2012-02-14,2012-02-22,growth_champion_v3,-0.0375048005840786,0.6,0.4,0.0,"REGN,ILMN,ODFL,NFLX",4,0.6,1.0,SPY and QQQ above 200D MA
2008-01-01,2012-02-13,2012-02-14,2012-02-22,growth_champion_v2,-0.0375048005840786,0.6,0.4,0.0,"REGN,ILMN,ODFL,NFLX",4,0.6,1.0,base cap 60%
2008-01-01,2012-02-21,2012-02-22,2012-02-29,growth_champion_v3,0.0060488221809509,0.6,0.4,0.0,"ILMN,REGN,ODFL,NFLX",4,0.6,1.0,SPY and QQQ above 200D MA
2008-01-01,2012-02-21,2012-02-22,2012-02-29,growth_champion_v2,0.0060488221809509,0.6,0.4,0.0,"ILMN,REGN,ODFL,NFLX",4,0.6,1.0,base cap 60%
2010-01-01,2012-02-21,2012-02-22,2012-02-29,growth_champion_v2,0.0060488221809509,0.6,0.4,0.0,"ILMN,REGN,ODFL,NFLX",4,0.6,1.0,base cap 60%
2010-01-01,2012-02-21,2012-02-22,2012-02-29,growth_champion_v3,0.0060488221809509,0.6,0.4,0.0,"ILMN,REGN,ODFL,NFLX",4,0.6,1.0,SPY and QQQ above 200D MA
2010-01-01,2012-02-28,2012-02-29,2012-03-07,growth_champion_v3,-0.0045084234770864,0.6,0.4,0.0,"REGN,ILMN,ODFL,NFLX",4,0.6,1.0,SPY and QQQ above 200D MA
2008-01-01,2012-02-28,2012-02-29,2012-03-07,growth_champion_v2,-0.0045084234770864,0.6,0.4,0.0,"REGN,ILMN,ODFL,NFLX",4,0.6,1.0,base cap 60%
2010-01-01,2012-02-28,2012-02-29,2012-03-07,growth_champion_v2,-0.0045084234770864,0.6,0.4,0.0,"REGN,ILMN,ODFL,NFLX",4,0.6,1.0,base cap 60%
2008-01-01,2012-02-28,2012-02-29,2012-03-07,growth_champion_v3,-0.0045084234770864,0.6,0.4,0.0,"REGN,ILMN,ODFL,NFLX",4,0.6,1.0,SPY and QQQ above 200D MA
2010-01-01,2012-03-06,2012-03-07,2012-03-14,growth_champion_v3,0.0163079589380349,0.6,0.4,0.0,"REGN,ILMN,ODFL,NFLX",4,0.6,1.0,SPY and QQQ above 200D MA
2008-01-01,2012-03-06,2012-03-07,2012-03-14,growth_champion_v2,0.0163079589380349,0.6,0.4,0.0,"REGN,ILMN,ODFL,NFLX",4,0.6,1.0,base cap 60%
2008-01-01,2012-03-06,2012-03-07,2012-03-14,growth_champion_v3,0.0163079589380349,0.6,0.4,0.0,"REGN,ILMN,ODFL,NFLX",4,0.6,1.0,SPY and QQQ above 200D MA
2010-01-01,2012-03-06,2012-03-07,2012-03-14,growth_champion_v2,0.0163079589380349,0.6,0.4,0.0,"REGN,ILMN,ODFL,NFLX",4,0.6,1.0,base cap 60%
2008-01-01,2012-03-13,2012-03-14,2012-03-21,growth_champion_v2,0.031889234355182,0.6,0.4,0.0,"REGN,ILMN,ODFL,NFLX",4,0.6,1.0,base cap 60%
2010-01-01,2012-03-13,2012-03-14,2012-03-21,growth_champion_v2,0.031889234355182,0.6,0.4,0.0,"REGN,ILMN,ODFL,NFLX",4,0.6,1.0,base cap 60%
2010-01-01,2012-03-13,2012-03-14,2012-03-21,growth_champion_v3,0.031889234355182,0.6,0.4,0.0,"REGN,ILMN,ODFL,NFLX",4,0.6,1.0,SPY and QQQ above 200D MA
2008-01-01,2012-03-13,2012-03-14,2012-03-21,growth_champion_v3,0.031889234355182,0.6,0.4,0.0,"REGN,ILMN,ODFL,NFLX",4,0.6,1.0,SPY and QQQ above 200D MA
2010-01-01,2012-03-20,2012-03-21,2012-03-28,growth_champion_v3,-0.0053291228262736,0.6,0.4,0.0,"REGN,ILMN,ODFL,NFLX",4,0.6,1.0,SPY and QQQ above 200D MA
2008-01-01,2012-03-20,2012-03-21,2012-03-28,growth_champion_v3,-0.0053291228262736,0.6,0.4,0.0,"REGN,ILMN,ODFL,NFLX",4,0.6,1.0,SPY and QQQ above 200D MA
2010-01-01,2012-03-20,2012-03-21,2012-03-28,growth_champion_v2,-0.0053291228262736,0.6,0.4,0.0,"REGN,ILMN,ODFL,NFLX",4,0.6,1.0,base cap 60%
2008-01-01,2012-03-20,2012-03-21,2012-03-28,growth_champion_v2,-0.0053291228262736,0.6,0.4,0.0,"REGN,ILMN,ODFL,NFLX",4,0.6,1.0,base cap 60%
2008-01-01,2012-03-27,2012-03-28,2012-04-04,growth_champion_v3,0.0034726640466862,0.6,0.4,0.0,"REGN,NFLX,ODFL,ILMN",4,0.6,1.0,SPY and QQQ above 200D MA
2010-01-01,2012-03-27,2012-03-28,2012-04-04,growth_champion_v2,0.0034726640466862,0.6,0.4,0.0,"REGN,NFLX,ODFL,ILMN",4,0.6,1.0,base cap 60%
2010-01-01,2012-03-27,2012-03-28,2012-04-04,growth_champion_v3,0.0034726640466862,0.6,0.4,0.0,"REGN,NFLX,ODFL,ILMN",4,0.6,1.0,SPY and QQQ above 200D MA
2008-01-01,2012-03-27,2012-03-28,2012-04-04,growth_champion_v2,0.0034726640466862,0.6,0.4,0.0,"REGN,NFLX,ODFL,ILMN",4,0.6,1.0,base cap 60%
2010-01-01,2012-04-03,2012-04-04,2012-04-12,growth_champion_v2,-0.0071185068168737,0.6,0.4,0.15,"REGN,BKNG,ODFL,NFLX",4,0.6,1.0,base cap 60%
2008-01-01,2012-04-03,2012-04-04,2012-04-12,growth_champion_v3,-0.0071185068168737,0.6,0.4,0.15,"REGN,BKNG,ODFL,NFLX",4,0.6,1.0,SPY and QQQ above 200D MA
2008-01-01,2012-04-03,2012-04-04,2012-04-12,growth_champion_v2,-0.0071185068168737,0.6,0.4,0.15,"REGN,BKNG,ODFL,NFLX",4,0.6,1.0,base cap 60%
2010-01-01,2012-04-03,2012-04-04,2012-04-12,growth_champion_v3,-0.0071185068168737,0.6,0.4,0.15,"REGN,BKNG,ODFL,NFLX",4,0.6,1.0,SPY and QQQ above 200D MA
2010-01-01,2012-04-11,2012-04-12,2012-04-19,growth_champion_v2,0.0015094567857296,0.6,0.4,0.0,"REGN,BKNG,ODFL,NFLX",4,0.6,1.0,base cap 60%
2010-01-01,2012-04-11,2012-04-12,2012-04-19,growth_champion_v3,0.0015094567857296,0.6,0.4,0.0,"REGN,BKNG,ODFL,NFLX",4,0.6,1.0,SPY and QQQ above 200D MA
2008-01-01,2012-04-11,2012-04-12,2012-04-19,growth_champion_v3,0.0015094567857296,0.6,0.4,0.0,"REGN,BKNG,ODFL,NFLX",4,0.6,1.0,SPY and QQQ above 200D MA
2008-01-01,2012-04-11,2012-04-12,2012-04-19,growth_champion_v2,0.0015094567857296,0.6,0.4,0.0,"REGN,BKNG,ODFL,NFLX",4,0.6,1.0,base cap 60%
2008-01-01,2012-04-18,2012-04-19,2012-04-26,growth_champion_v2,-0.0184762126981032,0.6,0.4,0.0,"REGN,BKNG,ODFL,NFLX",4,0.6,1.0,base cap 60%
2010-01-01,2012-04-18,2012-04-19,2012-04-26,growth_champion_v3,-0.0184762126981032,0.6,0.4,0.0,"REGN,BKNG,ODFL,NFLX",4,0.6,1.0,SPY and QQQ above 200D MA
2010-01-01,2012-04-18,2012-04-19,2012-04-26,growth_champion_v2,-0.0184762126981032,0.6,0.4,0.0,"REGN,BKNG,ODFL,NFLX",4,0.6,1.0,base cap 60%
2008-01-01,2012-04-18,2012-04-19,2012-04-26,growth_champion_v3,-0.0184762126981032,0.6,0.4,0.0,"REGN,BKNG,ODFL,NFLX",4,0.6,1.0,SPY and QQQ above 200D MA
2008-01-01,2012-04-25,2012-04-26,2012-05-03,growth_champion_v3,-0.0018682452450369,0.6,0.4,0.1499999999999999,"REGN,BKNG,ODFL",3,0.6,1.0,SPY and QQQ above 200D MA
2010-01-01,2012-04-25,2012-04-26,2012-05-03,growth_champion_v3,-0.0018682452450369,0.6,0.4,0.1499999999999999,"REGN,BKNG,ODFL",3,0.6,1.0,SPY and QQQ above 200D MA
2008-01-01,2012-04-25,2012-04-26,2012-05-03,growth_champion_v2,-0.0018682452450369,0.6,0.4,0.1499999999999999,"REGN,BKNG,ODFL",3,0.6,1.0,base cap 60%
2010-01-01,2012-04-25,2012-04-26,2012-05-03,growth_champion_v2,-0.0018682452450369,0.6,0.4,0.1499999999999999,"REGN,BKNG,ODFL",3,0.6,1.0,base cap 60%
2010-01-01,2012-05-02,2012-05-03,2012-05-10,growth_champion_v3,-0.0304236561408466,0.6,0.4,0.1499999999999999,"BKNG,EC,ODFL,REGN",4,0.6,1.0,SPY and QQQ above 200D MA
2010-01-01,2012-05-02,2012-05-03,2012-05-10,growth_champion_v2,-0.0304236561408466,0.6,0.4,0.1499999999999999,"BKNG,EC,ODFL,REGN",4,0.6,1.0,base cap 60%
2008-01-01,2012-05-02,2012-05-03,2012-05-10,growth_champion_v3,-0.0321061064107065,0.6,0.4,0.0,"BKNG,REGN,ODFL",3,0.6,1.0,SPY and QQQ above 200D MA
2008-01-01,2012-05-02,2012-05-03,2012-05-10,growth_champion_v2,-0.0321061064107065,0.6,0.4,0.0,"BKNG,REGN,ODFL",3,0.6,1.0,base cap 60%
2010-01-01,2012-05-09,2012-05-10,2012-05-17,growth_champion_v3,-0.0230634209635262,0.6,0.4,0.15,"VRTX,EC,REGN,BKNG",4,0.6,1.0,SPY and QQQ above 200D MA
2010-01-01,2012-05-09,2012-05-10,2012-05-17,growth_champion_v2,-0.0230634209635262,0.6,0.4,0.15,"VRTX,EC,REGN,BKNG",4,0.6,1.0,base cap 60%
2008-01-01,2012-05-09,2012-05-10,2012-05-17,growth_champion_v2,-0.0241611811308886,0.6,0.4,0.3,"VRTX,ORLY,REGN,BKNG",4,0.6,1.0,base cap 60%
2008-01-01,2012-05-09,2012-05-10,2012-05-17,growth_champion_v3,-0.0241611811308886,0.6,0.4,0.3,"VRTX,ORLY,REGN,BKNG",4,0.6,1.0,SPY and QQQ above 200D MA
2008-01-01,2012-05-16,2012-05-17,2012-05-24,growth_champion_v2,0.0216835948766968,0.6,0.4,0.15,"VRTX,MNST,ORLY,REGN",4,0.6,1.0,base cap 60%
2010-01-01,2012-05-16,2012-05-17,2012-05-24,growth_champion_v2,0.0240421127989119,0.6,0.4,0.15,"VRTX,MNST,REGN,BKNG",4,0.6,1.0,base cap 60%
2008-01-01,2012-05-16,2012-05-17,2012-05-24,growth_champion_v3,0.0216835948766968,0.6,0.4,0.15,"VRTX,MNST,ORLY,REGN",4,0.6,1.0,SPY and QQQ above 200D MA
2010-01-01,2012-05-16,2012-05-17,2012-05-24,growth_champion_v3,0.0240421127989119,0.6,0.4,0.15,"VRTX,MNST,REGN,BKNG",4,0.6,1.0,SPY and QQQ above 200D MA
2010-01-01,2012-05-23,2012-05-24,2012-06-01,growth_champion_v2,-0.0353523019478559,0.6,0.4,0.0,"VRTX,MNST,REGN,BKNG",4,0.6,1.0,base cap 60%
2010-01-01,2012-05-23,2012-05-24,2012-06-01,growth_champion_v3,-0.0353523019478559,0.6,0.4,0.0,"VRTX,MNST,REGN,BKNG",4,0.6,1.0,SPY and QQQ above 200D MA
2008-01-01,2012-05-23,2012-05-24,2012-06-01,growth_champion_v3,-0.0272740643916725,0.6,0.4,0.0,"VRTX,MNST,REGN,ORLY",4,0.6,1.0,SPY and QQQ above 200D MA
2008-01-01,2012-05-23,2012-05-24,2012-06-01,growth_champion_v2,-0.0272740643916725,0.6,0.4,0.0,"VRTX,MNST,REGN,ORLY",4,0.6,1.0,base cap 60%
2008-01-01,2012-05-31,2012-06-01,2012-06-08,growth_champion_v3,0.0203370235367194,0.6,0.4,0.0,"VRTX,MNST,REGN,ORLY",4,0.6,1.0,SPY and QQQ above 200D MA
2008-01-01,2012-05-31,2012-06-01,2012-06-08,growth_champion_v2,0.0203370235367194,0.6,0.4,0.0,"VRTX,MNST,REGN,ORLY",4,0.6,1.0,base cap 60%
2010-01-01,2012-05-31,2012-06-01,2012-06-08,growth_champion_v3,0.0162831461888022,0.6,0.4,0.1499999999999999,"VRTX,MNST,REGN",3,0.6,1.0,SPY and QQQ above 200D MA
2010-01-01,2012-05-31,2012-06-01,2012-06-08,growth_champion_v2,0.0162831461888022,0.6,0.4,0.1499999999999999,"VRTX,MNST,REGN",3,0.6,1.0,base cap 60%
2008-01-01,2012-06-07,2012-06-08,2012-06-15,growth_champion_v3,-0.0129331852114947,0.6,0.4,0.0,"MNST,VRTX,REGN,ORLY",4,0.6,1.0,SPY and QQQ above 200D MA
2008-01-01,2012-06-07,2012-06-08,2012-06-15,growth_champion_v2,-0.0129331852114947,0.6,0.4,0.0,"MNST,VRTX,REGN,ORLY",4,0.6,1.0,base cap 60%
2010-01-01,2012-06-07,2012-06-08,2012-06-15,growth_champion_v2,-0.0192016371291143,0.6,0.4,0.0,"MNST,VRTX,REGN",3,0.6,1.0,base cap 60%
2010-01-01,2012-06-07,2012-06-08,2012-06-15,growth_champion_v3,-0.0192016371291143,0.6,0.4,0.0,"MNST,VRTX,REGN",3,0.6,1.0,SPY and QQQ above 200D MA
2008-01-01,2012-06-14,2012-06-15,2012-06-22,growth_champion_v2,0.0026477720659326,0.6,0.4,0.15,"MNST,DXCM,VRTX,ORLY",4,0.6,1.0,base cap 60%
2008-01-01,2012-06-14,2012-06-15,2012-06-22,growth_champion_v3,0.0026477720659326,0.6,0.4,0.15,"MNST,DXCM,VRTX,ORLY",4,0.6,1.0,SPY and QQQ above 200D MA
2010-01-01,2012-06-14,2012-06-15,2012-06-22,growth_champion_v3,0.0069629694491831,0.6,0.4,0.1999999999999999,"MNST,DXCM,VRTX",3,0.6,1.0,SPY and QQQ above 200D MA
2010-01-01,2012-06-14,2012-06-15,2012-06-22,growth_champion_v2,0.0069629694491831,0.6,0.4,0.1999999999999999,"MNST,DXCM,VRTX",3,0.6,1.0,base cap 60%
2008-01-01,2012-06-21,2012-06-22,2012-06-29,growth_champion_v3,-0.0382483300573176,0.6,0.4,0.0,"VRTX,DXCM,MNST,ORLY",4,0.6,1.0,SPY and QQQ above 200D MA
2010-01-01,2012-06-21,2012-06-22,2012-06-29,growth_champion_v2,-0.023098463787697,0.6,0.4,0.0,"VRTX,DXCM,MNST",3,0.6,1.0,base cap 60%
2008-01-01,2012-06-21,2012-06-22,2012-06-29,growth_champion_v2,-0.0382483300573176,0.6,0.4,0.0,"VRTX,DXCM,MNST,ORLY",4,0.6,1.0,base cap 60%
2010-01-01,2012-06-21,2012-06-22,2012-06-29,growth_champion_v3,-0.023098463787697,0.6,0.4,0.0,"VRTX,DXCM,MNST",3,0.6,1.0,SPY and QQQ above 200D MA
2010-01-01,2012-06-28,2012-06-29,2012-07-09,growth_champion_v3,-0.00288044985006,0.6,0.4,0.1499999999999999,"DXCM,CSGP,VRTX,MNST",4,0.6,1.0,SPY and QQQ above 200D MA
2008-01-01,2012-06-28,2012-06-29,2012-07-09,growth_champion_v2,-0.00288044985006,0.6,0.4,0.15,"DXCM,CSGP,VRTX,MNST",4,0.6,1.0,base cap 60%
2010-01-01,2012-06-28,2012-06-29,2012-07-09,growth_champion_v2,-0.00288044985006,0.6,0.4,0.1499999999999999,"DXCM,CSGP,VRTX,MNST",4,0.6,1.0,base cap 60%
2008-01-01,2012-06-28,2012-06-29,2012-07-09,growth_champion_v3,-0.00288044985006,0.6,0.4,0.15,"DXCM,CSGP,VRTX,MNST",4,0.6,1.0,SPY and QQQ above 200D MA
2008-01-01,2012-07-06,2012-07-09,2012-07-16,growth_champion_v2,-0.0073251038278188,0.6,0.4,0.0,"VRTX,DXCM,MNST,CSGP",4,0.6,1.0,base cap 60%
2008-01-01,2012-07-06,2012-07-09,2012-07-16,growth_champion_v3,-0.0073251038278188,0.6,0.4,0.0,"VRTX,DXCM,MNST,CSGP",4,0.6,1.0,SPY and QQQ above 200D MA
2010-01-01,2012-07-06,2012-07-09,2012-07-16,growth_champion_v3,-0.0073251038278188,0.6,0.4,0.0,"VRTX,DXCM,MNST,CSGP",4,0.6,1.0,SPY and QQQ above 200D MA
2010-01-01,2012-07-06,2012-07-09,2012-07-16,growth_champion_v2,-0.0073251038278188,0.6,0.4,0.0,"VRTX,DXCM,MNST,CSGP",4,0.6,1.0,base cap 60%
2008-01-01,2012-07-13,2012-07-16,2012-07-23,growth_champion_v3,-0.037569673094865,0.6,0.4,0.0,"VRTX,DXCM,MNST,CSGP",4,0.6,1.0,SPY and QQQ above 200D MA
2008-01-01,2012-07-13,2012-07-16,2012-07-23,growth_champion_v2,-0.037569673094865,0.6,0.4,0.0,"VRTX,DXCM,MNST,CSGP",4,0.6,1.0,base cap 60%
2010-01-01,2012-07-13,2012-07-16,2012-07-23,growth_champion_v2,-0.037569673094865,0.6,0.4,0.0,"VRTX,DXCM,MNST,CSGP",4,0.6,1.0,base cap 60%
2010-01-01,2012-07-13,2012-07-16,2012-07-23,growth_champion_v3,-0.037569673094865,0.6,0.4,0.0,"VRTX,DXCM,MNST,CSGP",4,0.6,1.0,SPY and QQQ above 200D MA
2010-01-01,2012-07-20,2012-07-23,2012-07-30,growth_champion_v3,0.0164482643929917,0.6,0.4,0.15,"VRTX,ASML,DXCM,CSGP",4,0.6,1.0,SPY and QQQ above 200D MA
2008-01-01,2012-07-20,2012-07-23,2012-07-30,growth_champion_v3,0.0164482643929917,0.6,0.4,0.15,"VRTX,ASML,DXCM,CSGP",4,0.6,1.0,SPY and QQQ above 200D MA
2008-01-01,2012-07-20,2012-07-23,2012-07-30,growth_champion_v2,0.0164482643929917,0.6,0.4,0.15,"VRTX,ASML,DXCM,CSGP",4,0.6,1.0,base cap 60%
2010-01-01,2012-07-20,2012-07-23,2012-07-30,growth_champion_v2,0.0164482643929917,0.6,0.4,0.15,"VRTX,ASML,DXCM,CSGP",4,0.6,1.0,base cap 60%
2008-01-01,2012-07-27,2012-07-30,2012-08-06,growth_champion_v3,-0.0051696882491171,0.6,0.4,0.15,"TMUS,ASML,VRTX,CSGP",4,0.6,1.0,SPY and QQQ above 200D MA
2008-01-01,2012-07-27,2012-07-30,2012-08-06,growth_champion_v2,-0.0051696882491171,0.6,0.4,0.15,"TMUS,ASML,VRTX,CSGP",4,0.6,1.0,base cap 60%
2010-01-01,2012-07-27,2012-07-30,2012-08-06,growth_champion_v3,-0.0051696882491171,0.6,0.4,0.15,"TMUS,ASML,VRTX,CSGP",4,0.6,1.0,SPY and QQQ above 200D MA
2010-01-01,2012-07-27,2012-07-30,2012-08-06,growth_champion_v2,-0.0051696882491171,0.6,0.4,0.15,"TMUS,ASML,VRTX,CSGP",4,0.6,1.0,base cap 60%
2008-01-01,2012-08-03,2012-08-06,2012-08-13,growth_champion_v3,0.0116994989759568,0.6,0.4,0.1499999999999999,"TMUS,ASML,CSGP",3,0.6,1.0,SPY and QQQ above 200D MA
2008-01-01,2012-08-03,2012-08-06,2012-08-13,growth_champion_v2,0.0116994989759568,0.6,0.4,0.1499999999999999,"TMUS,ASML,CSGP",3,0.6,1.0,base cap 60%
2010-01-01,2012-08-03,2012-08-06,2012-08-13,growth_champion_v2,0.0116994989759568,0.6,0.4,0.1499999999999999,"TMUS,ASML,CSGP",3,0.6,1.0,base cap 60%
2010-01-01,2012-08-03,2012-08-06,2012-08-13,growth_champion_v3,0.0116994989759568,0.6,0.4,0.1499999999999999,"TMUS,ASML,CSGP",3,0.6,1.0,SPY and QQQ above 200D MA
2008-01-01,2012-08-10,2012-08-13,2012-08-20,growth_champion_v2,0.0187876430331079,0.6,0.4,0.1499999999999999,"TMUS,SIRI,ASML,CSGP",4,0.6,1.0,base cap 60%
2008-01-01,2012-08-10,2012-08-13,2012-08-20,growth_champion_v3,0.0187876430331079,0.6,0.4,0.1499999999999999,"TMUS,SIRI,ASML,CSGP",4,0.6,1.0,SPY and QQQ above 200D MA
2010-01-01,2012-08-10,2012-08-13,2012-08-20,growth_champion_v3,0.0187876430331079,0.6,0.4,0.1499999999999999,"TMUS,SIRI,ASML,CSGP",4,0.6,1.0,SPY and QQQ above 200D MA
2010-01-01,2012-08-10,2012-08-13,2012-08-20,growth_champion_v2,0.0187876430331079,0.6,0.4,0.1499999999999999,"TMUS,SIRI,ASML,CSGP",4,0.6,1.0,base cap 60%
2008-01-01,2012-08-17,2012-08-20,2012-08-27,growth_champion_v2,-0.0074316242529071,0.6,0.4,0.0,"TMUS,SIRI,ASML,CSGP",4,0.6,1.0,base cap 60%
2008-01-01,2012-08-17,2012-08-20,2012-08-27,growth_champion_v3,-0.0074316242529071,0.6,0.4,0.0,"TMUS,SIRI,ASML,CSGP",4,0.6,1.0,SPY and QQQ above 200D MA
2010-01-01,2012-08-17,2012-08-20,2012-08-27,growth_champion_v3,-0.0074316242529071,0.6,0.4,0.0,"TMUS,SIRI,ASML,CSGP",4,0.6,1.0,SPY and QQQ above 200D MA
2010-01-01,2012-08-17,2012-08-20,2012-08-27,growth_champion_v2,-0.0074316242529071,0.6,0.4,0.0,"TMUS,SIRI,ASML,CSGP",4,0.6,1.0,base cap 60%
2008-01-01,2012-08-24,2012-08-27,2012-09-04,growth_champion_v2,-0.0005208241148858,0.6,0.4,0.0,"TMUS,SIRI,ASML,CSGP",4,0.6,1.0,base cap 60%
2010-01-01,2012-08-24,2012-08-27,2012-09-04,growth_champion_v3,-0.0005208241148858,0.6,0.4,0.0,"TMUS,SIRI,ASML,CSGP",4,0.6,1.0,SPY and QQQ above 200D MA
2008-01-01,2012-08-24,2012-08-27,2012-09-04,growth_champion_v3,-0.0005208241148858,0.6,0.4,0.0,"TMUS,SIRI,ASML,CSGP",4,0.6,1.0,SPY and QQQ above 200D MA
2010-01-01,2012-08-24,2012-08-27,2012-09-04,growth_champion_v2,-0.0005208241148858,0.6,0.4,0.0,"TMUS,SIRI,ASML,CSGP",4,0.6,1.0,base cap 60%
2008-01-01,2012-08-31,2012-09-04,2012-09-11,growth_champion_v2,-0.0027172111964516,0.6,0.4,0.0,"TMUS,SIRI,ASML,CSGP",4,0.6,1.0,base cap 60%
2010-01-01,2012-08-31,2012-09-04,2012-09-11,growth_champion_v3,-0.0027172111964516,0.6,0.4,0.0,"TMUS,SIRI,ASML,CSGP",4,0.6,1.0,SPY and QQQ above 200D MA
2010-01-01,2012-08-31,2012-09-04,2012-09-11,growth_champion_v2,-0.0027172111964516,0.6,0.4,0.0,"TMUS,SIRI,ASML,CSGP",4,0.6,1.0,base cap 60%
2008-01-01,2012-08-31,2012-09-04,2012-09-11,growth_champion_v3,-0.0027172111964516,0.6,0.4,0.0,"TMUS,SIRI,ASML,CSGP",4,0.6,1.0,SPY and QQQ above 200D MA
2010-01-01,2012-09-10,2012-09-11,2012-09-18,growth_champion_v2,0.0065028882672952,0.6,0.4,0.15,"TMUS,REGN,ASML,SIRI",4,0.6,1.0,base cap 60%
2010-01-01,2012-09-10,2012-09-11,2012-09-18,growth_champion_v3,0.0065028882672952,0.6,0.4,0.15,"TMUS,REGN,ASML,SIRI",4,0.6,1.0,SPY and QQQ above 200D MA
2008-01-01,2012-09-10,2012-09-11,2012-09-18,growth_champion_v2,0.0065028882672952,0.6,0.4,0.15,"TMUS,REGN,ASML,SIRI",4,0.6,1.0,base cap 60%
2008-01-01,2012-09-10,2012-09-11,2012-09-18,growth_champion_v3,0.0065028882672952,0.6,0.4,0.15,"TMUS,REGN,ASML,SIRI",4,0.6,1.0,SPY and QQQ above 200D MA
2008-01-01,2012-09-17,2012-09-18,2012-09-25,growth_champion_v2,0.0032979347015527,0.6,0.4,0.15,"TMUS,GILD,ASML,REGN",4,0.6,1.0,base cap 60%
2010-01-01,2012-09-17,2012-09-18,2012-09-25,growth_champion_v2,0.0032979347015527,0.6,0.4,0.15,"TMUS,GILD,ASML,REGN",4,0.6,1.0,base cap 60%
2008-01-01,2012-09-17,2012-09-18,2012-09-25,growth_champion_v3,0.0032979347015527,0.6,0.4,0.15,"TMUS,GILD,ASML,REGN",4,0.6,1.0,SPY and QQQ above 200D MA
2010-01-01,2012-09-17,2012-09-18,2012-09-25,growth_champion_v3,0.0032979347015527,0.6,0.4,0.15,"TMUS,GILD,ASML,REGN",4,0.6,1.0,SPY and QQQ above 200D MA
2010-01-01,2012-09-24,2012-09-25,2012-10-02,growth_champion_v3,0.0434380954222344,0.6,0.4,0.0,"TMUS,GILD,ASML,REGN",4,0.6,1.0,SPY and QQQ above 200D MA
2008-01-01,2012-09-24,2012-09-25,2012-10-02,growth_champion_v3,0.0434380954222344,0.6,0.4,0.0,"TMUS,GILD,ASML,REGN",4,0.6,1.0,SPY and QQQ above 200D MA
2010-01-01,2012-09-24,2012-09-25,2012-10-02,growth_champion_v2,0.0434380954222344,0.6,0.4,0.0,"TMUS,GILD,ASML,REGN",4,0.6,1.0,base cap 60%
2008-01-01,2012-09-24,2012-09-25,2012-10-02,growth_champion_v2,0.0434380954222344,0.6,0.4,0.0,"TMUS,GILD,ASML,REGN",4,0.6,1.0,base cap 60%
2010-01-01,2012-10-01,2012-10-02,2012-10-09,growth_champion_v2,-0.0159203911792531,0.6,0.4,0.0,"TMUS,GILD,ASML,REGN",4,0.6,1.0,base cap 60%
2008-01-01,2012-10-01,2012-10-02,2012-10-09,growth_champion_v3,-0.0159203911792531,0.6,0.4,0.0,"TMUS,GILD,ASML,REGN",4,0.6,1.0,SPY and QQQ above 200D MA
2008-01-01,2012-10-01,2012-10-02,2012-10-09,growth_champion_v2,-0.0159203911792531,0.6,0.4,0.0,"TMUS,GILD,ASML,REGN",4,0.6,1.0,base cap 60%
2010-01-01,2012-10-01,2012-10-02,2012-10-09,growth_champion_v3,-0.0159203911792531,0.6,0.4,0.0,"TMUS,GILD,ASML,REGN",4,0.6,1.0,SPY and QQQ above 200D MA
2010-01-01,2012-10-08,2012-10-09,2012-10-16,growth_champion_v3,-0.0153850088585284,0.6,0.4,0.0,"TMUS,GILD,ASML,REGN",4,0.6,1.0,SPY and QQQ above 200D MA
2008-01-01,2012-10-08,2012-10-09,2012-10-16,growth_champion_v3,-0.0153850088585284,0.6,0.4,0.0,"TMUS,GILD,ASML,REGN",4,0.6,1.0,SPY and QQQ above 200D MA
2010-01-01,2012-10-08,2012-10-09,2012-10-16,growth_champion_v2,-0.0153850088585284,0.6,0.4,0.0,"TMUS,GILD,ASML,REGN",4,0.6,1.0,base cap 60%
2008-01-01,2012-10-08,2012-10-09,2012-10-16,growth_champion_v2,-0.0153850088585284,0.6,0.4,0.0,"TMUS,GILD,ASML,REGN",4,0.6,1.0,base cap 60%
2010-01-01,2012-10-15,2012-10-16,2012-10-23,growth_champion_v2,-0.013695410494238,0.6,0.4,0.15,"TMUS,SIRI,REGN,GILD",4,0.6,1.0,base cap 60%
2010-01-01,2012-10-15,2012-10-16,2012-10-23,growth_champion_v3,-0.013695410494238,0.6,0.4,0.15,"TMUS,SIRI,REGN,GILD",4,0.6,1.0,SPY and QQQ above 200D MA
2008-01-01,2012-10-15,2012-10-16,2012-10-23,growth_champion_v2,-0.013695410494238,0.6,0.4,0.15,"TMUS,SIRI,REGN,GILD",4,0.6,1.0,base cap 60%
2008-01-01,2012-10-15,2012-10-16,2012-10-23,growth_champion_v3,-0.013695410494238,0.6,0.4,0.15,"TMUS,SIRI,REGN,GILD",4,0.6,1.0,SPY and QQQ above 200D MA
2008-01-01,2012-10-22,2012-10-23,2012-11-01,growth_champion_v3,0.0171810398581833,0.6,0.4,0.15,"SIRI,NFLX,REGN,GILD",4,0.6,1.0,SPY and QQQ above 200D MA
2010-01-01,2012-10-22,2012-10-23,2012-11-01,growth_champion_v2,0.0171810398581833,0.6,0.4,0.15,"SIRI,NFLX,REGN,GILD",4,0.6,1.0,base cap 60%
2008-01-01,2012-10-22,2012-10-23,2012-11-01,growth_champion_v2,0.0171810398581833,0.6,0.4,0.15,"SIRI,NFLX,REGN,GILD",4,0.6,1.0,base cap 60%
2010-01-01,2012-10-22,2012-10-23,2012-11-01,growth_champion_v3,0.0171810398581833,0.6,0.4,0.15,"SIRI,NFLX,REGN,GILD",4,0.6,1.0,SPY and QQQ above 200D MA
2010-01-01,2012-10-31,2012-11-01,2012-11-08,growth_champion_v2,-0.0180211271668339,0.6,0.4,0.15,"NFLX,TTWO,GILD,SIRI",4,0.6,1.0,base cap 60%
2008-01-01,2012-10-31,2012-11-01,2012-11-08,growth_champion_v2,-0.0180211271668339,0.6,0.4,0.15,"NFLX,TTWO,GILD,SIRI",4,0.6,1.0,base cap 60%
2010-01-01,2012-10-31,2012-11-01,2012-11-08,growth_champion_v3,-0.0180211271668339,0.6,0.4,0.15,"NFLX,TTWO,GILD,SIRI",4,0.6,1.0,SPY and QQQ above 200D MA
2008-01-01,2012-10-31,2012-11-01,2012-11-08,growth_champion_v3,-0.0180211271668339,0.6,0.4,0.15,"NFLX,TTWO,GILD,SIRI",4,0.6,1.0,SPY and QQQ above 200D MA
2008-01-01,2012-11-07,2012-11-08,2012-11-15,growth_champion_v2,0.0303266743741983,0.6,0.4,0.15,"NFLX,ODFL,TTWO,GILD",4,0.6,1.0,base cap 60%
2008-01-01,2012-11-07,2012-11-08,2012-11-15,growth_champion_v3,0.0303266743741983,0.6,0.4,0.15,"NFLX,ODFL,TTWO,GILD",4,0.6,1.0,SPY and QQQ above 200D MA
2010-01-01,2012-11-07,2012-11-08,2012-11-15,growth_champion_v3,0.0303266743741983,0.6,0.4,0.15,"NFLX,ODFL,TTWO,GILD",4,0.6,1.0,SPY and QQQ above 200D MA
2010-01-01,2012-11-07,2012-11-08,2012-11-15,growth_champion_v2,0.0303266743741983,0.6,0.4,0.15,"NFLX,ODFL,TTWO,GILD",4,0.6,1.0,base cap 60%
2010-01-01,2012-11-14,2012-11-15,2012-11-23,growth_champion_v2,0.0240879947618449,0.6,0.4,0.0,"NFLX,GILD,ODFL,TTWO",4,0.6,1.0,base cap 60%
2008-01-01,2012-11-14,2012-11-15,2012-11-23,growth_champion_v2,0.0240879947618449,0.6,0.4,0.0,"NFLX,GILD,ODFL,TTWO",4,0.6,1.0,base cap 60%
2010-01-01,2012-11-14,2012-11-15,2012-11-23,growth_champion_v3,0.0160586631745632,0.4,0.6,0.0,"NFLX,GILD,ODFL,TTWO",4,0.4,0.6666666666666667,one benchmark below 200D MA
2008-01-01,2012-11-14,2012-11-15,2012-11-23,growth_champion_v3,0.0160586631745632,0.4,0.6,0.0,"NFLX,GILD,ODFL,TTWO",4,0.4,0.6666666666666667,one benchmark below 200D MA
2010-01-01,2012-11-21,2012-11-23,2012-11-30,growth_champion_v3,-0.0035181039129765,0.4,0.6,0.0,"NFLX,GILD,ODFL,TTWO",4,0.4,0.6666666666666667,one benchmark below 200D MA
2010-01-01,2012-11-21,2012-11-23,2012-11-30,growth_champion_v2,-0.0052771558694648,0.6,0.4,0.0,"NFLX,GILD,ODFL,TTWO",4,0.6,1.0,base cap 60%
2008-01-01,2012-11-21,2012-11-23,2012-11-30,growth_champion_v3,-0.0035181039129765,0.4,0.6,0.0,"NFLX,GILD,ODFL,TTWO",4,0.4,0.6666666666666667,one benchmark below 200D MA
2008-01-01,2012-11-21,2012-11-23,2012-11-30,growth_champion_v2,-0.0052771558694648,0.6,0.4,0.0,"NFLX,GILD,ODFL,TTWO",4,0.6,1.0,base cap 60%
2010-01-01,2012-11-29,2012-11-30,2012-12-07,growth_champion_v3,0.0005319117230829,0.6,0.4,0.15,"REGN,GILD,ODFL,TTWO",4,0.6,1.0,SPY and QQQ above 200D MA
2008-01-01,2012-11-29,2012-11-30,2012-12-07,growth_champion_v3,0.0005319117230829,0.6,0.4,0.15,"REGN,GILD,ODFL,TTWO",4,0.6,1.0,SPY and QQQ above 200D MA
2008-01-01,2012-11-29,2012-11-30,2012-12-07,growth_champion_v2,0.0005319117230829,0.6,0.4,0.15,"REGN,GILD,ODFL,TTWO",4,0.6,1.0,base cap 60%
2010-01-01,2012-11-29,2012-11-30,2012-12-07,growth_champion_v2,0.0005319117230829,0.6,0.4,0.15,"REGN,GILD,ODFL,TTWO",4,0.6,1.0,base cap 60%
2010-01-01,2012-12-06,2012-12-07,2012-12-14,growth_champion_v3,0.0130370686623479,0.4,0.6,0.1,"NFLX,REGN,ODFL,TTWO",4,0.4,0.6666666666666667,one benchmark below 200D MA
2008-01-01,2012-12-06,2012-12-07,2012-12-14,growth_champion_v3,0.0130370686623479,0.4,0.6,0.1,"NFLX,REGN,ODFL,TTWO",4,0.4,0.6666666666666667,one benchmark below 200D MA
2010-01-01,2012-12-06,2012-12-07,2012-12-14,growth_champion_v2,0.0195556029935219,0.6,0.4,0.15,"NFLX,REGN,ODFL,TTWO",4,0.6,1.0,base cap 60%
2008-01-01,2012-12-06,2012-12-07,2012-12-14,growth_champion_v2,0.0195556029935219,0.6,0.4,0.15,"NFLX,REGN,ODFL,TTWO",4,0.6,1.0,base cap 60%
2010-01-01,2012-12-13,2012-12-14,2012-12-21,growth_champion_v2,-0.0224293372694861,0.6,0.4,0.0,"NFLX,REGN,ODFL,TTWO",4,0.6,1.0,base cap 60%
2010-01-01,2012-12-13,2012-12-14,2012-12-21,growth_champion_v3,-0.0224293372694861,0.6,0.4,0.0,"NFLX,REGN,ODFL,TTWO",4,0.6,1.0,SPY and QQQ above 200D MA
2008-01-01,2012-12-13,2012-12-14,2012-12-21,growth_champion_v3,-0.0224293372694861,0.6,0.4,0.0,"NFLX,REGN,ODFL,TTWO",4,0.6,1.0,SPY and QQQ above 200D MA
2008-01-01,2012-12-13,2012-12-14,2012-12-21,growth_champion_v2,-0.0224293372694861,0.6,0.4,0.0,"NFLX,REGN,ODFL,TTWO",4,0.6,1.0,base cap 60%
2010-01-01,2012-12-20,2012-12-21,2012-12-31,growth_champion_v3,-0.0045310542401894,0.6,0.4,0.15,"NFLX,YPF,ODFL,REGN",4,0.6,1.0,SPY and QQQ above 200D MA
2010-01-01,2012-12-20,2012-12-21,2012-12-31,growth_champion_v2,-0.0045310542401894,0.6,0.4,0.15,"NFLX,YPF,ODFL,REGN",4,0.6,1.0,base cap 60%
2008-01-01,2012-12-20,2012-12-21,2012-12-31,growth_champion_v2,-0.0045310542401894,0.6,0.4,0.15,"NFLX,YPF,ODFL,REGN",4,0.6,1.0,base cap 60%
2008-01-01,2012-12-20,2012-12-21,2012-12-31,growth_champion_v3,-0.0045310542401894,0.6,0.4,0.15,"NFLX,YPF,ODFL,REGN",4,0.6,1.0,SPY and QQQ above 200D MA
2008-01-01,2012-12-28,2012-12-31,2013-01-08,growth_champion_v2,0.0279413534053677,0.6,0.4,0.0,"NFLX,YPF,ODFL,REGN",4,0.6,1.0,base cap 60%
2010-01-01,2012-12-28,2012-12-31,2013-01-08,growth_champion_v2,0.0279413534053677,0.6,0.4,0.0,"NFLX,YPF,ODFL,REGN",4,0.6,1.0,base cap 60%
2010-01-01,2012-12-28,2012-12-31,2013-01-08,growth_champion_v3,0.0186275689369118,0.4,0.6,0.0,"NFLX,YPF,ODFL,REGN",4,0.4,0.6666666666666667,one benchmark below 200D MA
2008-01-01,2012-12-28,2012-12-31,2013-01-08,growth_champion_v3,0.0186275689369118,0.4,0.6,0.0,"NFLX,YPF,ODFL,REGN",4,0.4,0.6666666666666667,one benchmark below 200D MA
2010-01-01,2013-01-07,2013-01-08,2013-01-15,growth_champion_v3,-0.0004724012795307,0.6,0.4,0.0,"NFLX,YPF,ODFL,REGN",4,0.6,1.0,SPY and QQQ above 200D MA
2008-01-01,2013-01-07,2013-01-08,2013-01-15,growth_champion_v3,-0.0004724012795307,0.6,0.4,0.0,"NFLX,YPF,ODFL,REGN",4,0.6,1.0,SPY and QQQ above 200D MA
2008-01-01,2013-01-07,2013-01-08,2013-01-15,growth_champion_v2,-0.0004724012795307,0.6,0.4,0.0,"NFLX,YPF,ODFL,REGN",4,0.6,1.0,base cap 60%
2010-01-01,2013-01-07,2013-01-08,2013-01-15,growth_champion_v2,-0.0004724012795307,0.6,0.4,0.0,"NFLX,YPF,ODFL,REGN",4,0.6,1.0,base cap 60%
2008-01-01,2013-01-14,2013-01-15,2013-01-23,growth_champion_v3,0.0139240967394123,0.6,0.4,0.15,"NFLX,MU,ODFL,REGN",4,0.6,1.0,SPY and QQQ above 200D MA
2008-01-01,2013-01-14,2013-01-15,2013-01-23,growth_champion_v2,0.0139240967394123,0.6,0.4,0.15,"NFLX,MU,ODFL,REGN",4,0.6,1.0,base cap 60%
2010-01-01,2013-01-14,2013-01-15,2013-01-23,growth_champion_v2,0.0139240967394123,0.6,0.4,0.15,"NFLX,MU,ODFL,REGN",4,0.6,1.0,base cap 60%
2010-01-01,2013-01-14,2013-01-15,2013-01-23,growth_champion_v3,0.0139240967394123,0.6,0.4,0.15,"NFLX,MU,ODFL,REGN",4,0.6,1.0,SPY and QQQ above 200D MA
2008-01-01,2013-01-22,2013-01-23,2013-01-30,growth_champion_v3,0.091380387256944,0.6,0.4,0.0,"MU,NFLX,ODFL,REGN",4,0.6,1.0,SPY and QQQ above 200D MA
2010-01-01,2013-01-22,2013-01-23,2013-01-30,growth_champion_v2,0.091380387256944,0.6,0.4,0.0,"MU,NFLX,ODFL,REGN",4,0.6,1.0,base cap 60%
2010-01-01,2013-01-22,2013-01-23,2013-01-30,growth_champion_v3,0.091380387256944,0.6,0.4,0.0,"MU,NFLX,ODFL,REGN",4,0.6,1.0,SPY and QQQ above 200D MA
2008-01-01,2013-01-22,2013-01-23,2013-01-30,growth_champion_v2,0.091380387256944,0.6,0.4,0.0,"MU,NFLX,ODFL,REGN",4,0.6,1.0,base cap 60%
2008-01-01,2013-01-29,2013-01-30,2013-02-06,growth_champion_v2,0.014215371572022,0.6,0.4,0.15,"NFLX,SMCI,ODFL,REGN",4,0.6,1.0,base cap 60%
2010-01-01,2013-01-29,2013-01-30,2013-02-06,growth_champion_v2,0.014215371572022,0.6,0.4,0.15,"NFLX,SMCI,ODFL,REGN",4,0.6,1.0,base cap 60%
2008-01-01,2013-01-29,2013-01-30,2013-02-06,growth_champion_v3,0.014215371572022,0.6,0.4,0.15,"NFLX,SMCI,ODFL,REGN",4,0.6,1.0,SPY and QQQ above 200D MA
2010-01-01,2013-01-29,2013-01-30,2013-02-06,growth_champion_v3,0.014215371572022,0.6,0.4,0.15,"NFLX,SMCI,ODFL,REGN",4,0.6,1.0,SPY and QQQ above 200D MA
2010-01-01,2013-02-05,2013-02-06,2013-02-13,growth_champion_v3,-0.0148587951442234,0.6,0.4,0.15,"NFLX,SONY,ODFL,REGN",4,0.6,1.0,SPY and QQQ above 200D MA
2008-01-01,2013-02-05,2013-02-06,2013-02-13,growth_champion_v2,-0.0148587951442234,0.6,0.4,0.15,"NFLX,SONY,ODFL,REGN",4,0.6,1.0,base cap 60%
2010-01-01,2013-02-05,2013-02-06,2013-02-13,growth_champion_v2,-0.0148587951442234,0.6,0.4,0.15,"NFLX,SONY,ODFL,REGN",4,0.6,1.0,base cap 60%
2008-01-01,2013-02-05,2013-02-06,2013-02-13,growth_champion_v3,-0.0148587951442234,0.6,0.4,0.15,"NFLX,SONY,ODFL,REGN",4,0.6,1.0,SPY and QQQ above 200D MA
2008-01-01,2013-02-12,2013-02-13,2013-02-21,growth_champion_v3,-0.0235647683478132,0.6,0.4,0.15,"NFLX,SMCI,ODFL,REGN",4,0.6,1.0,SPY and QQQ above 200D MA
2008-01-01,2013-02-12,2013-02-13,2013-02-21,growth_champion_v2,-0.0235647683478132,0.6,0.4,0.15,"NFLX,SMCI,ODFL,REGN",4,0.6,1.0,base cap 60%
2010-01-01,2013-02-12,2013-02-13,2013-02-21,growth_champion_v3,-0.0235647683478132,0.6,0.4,0.15,"NFLX,SMCI,ODFL,REGN",4,0.6,1.0,SPY and QQQ above 200D MA
2010-01-01,2013-02-12,2013-02-13,2013-02-21,growth_champion_v2,-0.0235647683478132,0.6,0.4,0.15,"NFLX,SMCI,ODFL,REGN",4,0.6,1.0,base cap 60%
2008-01-01,2013-02-20,2013-02-21,2013-02-28,growth_champion_v2,-0.0209481782911574,0.6,0.4,0.15,"NFLX,YPF,ODFL,SMCI",4,0.6,1.0,base cap 60%
2008-01-01,2013-02-20,2013-02-21,2013-02-28,growth_champion_v3,-0.0209481782911574,0.6,0.4,0.15,"NFLX,YPF,ODFL,SMCI",4,0.6,1.0,SPY and QQQ above 200D MA
2010-01-01,2013-02-20,2013-02-21,2013-02-28,growth_champion_v2,-0.0209481782911574,0.6,0.4,0.15,"NFLX,YPF,ODFL,SMCI",4,0.6,1.0,base cap 60%
2010-01-01,2013-02-20,2013-02-21,2013-02-28,growth_champion_v3,-0.0209481782911574,0.6,0.4,0.15,"NFLX,YPF,ODFL,SMCI",4,0.6,1.0,SPY and QQQ above 200D MA
2008-01-01,2013-02-27,2013-02-28,2013-03-07,growth_champion_v2,0.0005671863199509,0.6,0.4,0.15,"NFLX,MU,SMCI,ODFL",4,0.6,1.0,base cap 60%
2010-01-01,2013-02-27,2013-02-28,2013-03-07,growth_champion_v3,0.0005671863199509,0.6,0.4,0.15,"NFLX,MU,SMCI,ODFL",4,0.6,1.0,SPY and QQQ above 200D MA
2008-01-01,2013-02-27,2013-02-28,2013-03-07,growth_champion_v3,0.0005671863199509,0.6,0.4,0.15,"NFLX,MU,SMCI,ODFL",4,0.6,1.0,SPY and QQQ above 200D MA
2010-01-01,2013-02-27,2013-02-28,2013-03-07,growth_champion_v2,0.0005671863199509,0.6,0.4,0.15,"NFLX,MU,SMCI,ODFL",4,0.6,1.0,base cap 60%
2008-01-01,2013-03-06,2013-03-07,2013-03-14,growth_champion_v3,0.0207710158504606,0.6,0.4,0.15,"NFLX,SONY,ODFL,SMCI",4,0.6,1.0,SPY and QQQ above 200D MA
2010-01-01,2013-03-06,2013-03-07,2013-03-14,growth_champion_v3,0.0207710158504606,0.6,0.4,0.15,"NFLX,SONY,ODFL,SMCI",4,0.6,1.0,SPY and QQQ above 200D MA
2008-01-01,2013-03-06,2013-03-07,2013-03-14,growth_champion_v2,0.0207710158504606,0.6,0.4,0.15,"NFLX,SONY,ODFL,SMCI",4,0.6,1.0,base cap 60%
2010-01-01,2013-03-06,2013-03-07,2013-03-14,growth_champion_v2,0.0207710158504606,0.6,0.4,0.15,"NFLX,SONY,ODFL,SMCI",4,0.6,1.0,base cap 60%
2010-01-01,2013-03-13,2013-03-14,2013-03-21,growth_champion_v2,-0.0173197362194616,0.6,0.4,0.15,"NFLX,MU,ODFL,SMCI",4,0.6,1.0,base cap 60%
2008-01-01,2013-03-13,2013-03-14,2013-03-21,growth_champion_v3,-0.0173197362194616,0.6,0.4,0.15,"NFLX,MU,ODFL,SMCI",4,0.6,1.0,SPY and QQQ above 200D MA
2008-01-01,2013-03-13,2013-03-14,2013-03-21,growth_champion_v2,-0.0173197362194616,0.6,0.4,0.15,"NFLX,MU,ODFL,SMCI",4,0.6,1.0,base cap 60%
2010-01-01,2013-03-13,2013-03-14,2013-03-21,growth_champion_v3,-0.0173197362194616,0.6,0.4,0.15,"NFLX,MU,ODFL,SMCI",4,0.6,1.0,SPY and QQQ above 200D MA
2008-01-01,2013-03-20,2013-03-21,2013-03-28,growth_champion_v2,0.0088516600581579,0.6,0.4,0.15,"NFLX,SONY,ODFL,SMCI",4,0.6,1.0,base cap 60%
2010-01-01,2013-03-20,2013-03-21,2013-03-28,growth_champion_v2,0.0088516600581579,0.6,0.4,0.15,"NFLX,SONY,ODFL,SMCI",4,0.6,1.0,base cap 60%
2010-01-01,2013-03-20,2013-03-21,2013-03-28,growth_champion_v3,0.0088516600581579,0.6,0.4,0.15,"NFLX,SONY,ODFL,SMCI",4,0.6,1.0,SPY and QQQ above 200D MA
2008-01-01,2013-03-20,2013-03-21,2013-03-28,growth_champion_v3,0.0088516600581579,0.6,0.4,0.15,"NFLX,SONY,ODFL,SMCI",4,0.6,1.0,SPY and QQQ above 200D MA
2008-01-01,2013-03-27,2013-03-28,2013-04-05,growth_champion_v3,-0.0418415626634805,0.6,0.4,0.0,"NFLX,SONY,ODFL,SMCI",4,0.6,1.0,SPY and QQQ above 200D MA
2010-01-01,2013-03-27,2013-03-28,2013-04-05,growth_champion_v2,-0.0418415626634805,0.6,0.4,0.0,"NFLX,SONY,ODFL,SMCI",4,0.6,1.0,base cap 60%
2010-01-01,2013-03-27,2013-03-28,2013-04-05,growth_champion_v3,-0.0418415626634805,0.6,0.4,0.0,"NFLX,SONY,ODFL,SMCI",4,0.6,1.0,SPY and QQQ above 200D MA
2008-01-01,2013-03-27,2013-03-28,2013-04-05,growth_champion_v2,-0.0418415626634805,0.6,0.4,0.0,"NFLX,SONY,ODFL,SMCI",4,0.6,1.0,base cap 60%
2010-01-01,2013-04-04,2013-04-05,2013-04-12,growth_champion_v2,0.0149563154100681,0.6,0.4,0.1499999999999999,"NFLX,SONY,ODFL",3,0.6,1.0,base cap 60%
2008-01-01,2013-04-04,2013-04-05,2013-04-12,growth_champion_v2,0.0149563154100681,0.6,0.4,0.1499999999999999,"NFLX,SONY,ODFL",3,0.6,1.0,base cap 60%
2010-01-01,2013-04-04,2013-04-05,2013-04-12,growth_champion_v3,0.0149563154100681,0.6,0.4,0.1499999999999999,"NFLX,SONY,ODFL",3,0.6,1.0,SPY and QQQ above 200D MA
2008-01-01,2013-04-04,2013-04-05,2013-04-12,growth_champion_v3,0.0149563154100681,0.6,0.4,0.1499999999999999,"NFLX,SONY,ODFL",3,0.6,1.0,SPY and QQQ above 200D MA
2010-01-01,2013-04-11,2013-04-12,2013-04-19,growth_champion_v2,-0.0175041272024386,0.6,0.4,0.0,"NFLX,SONY,ODFL",3,0.6,1.0,base cap 60%
2010-01-01,2013-04-11,2013-04-12,2013-04-19,growth_champion_v3,-0.0175041272024386,0.6,0.4,0.0,"NFLX,SONY,ODFL",3,0.6,1.0,SPY and QQQ above 200D MA
2008-01-01,2013-04-11,2013-04-12,2013-04-19,growth_champion_v2,-0.0175041272024386,0.6,0.4,0.0,"NFLX,SONY,ODFL",3,0.6,1.0,base cap 60%
2008-01-01,2013-04-11,2013-04-12,2013-04-19,growth_champion_v3,-0.0175041272024386,0.6,0.4,0.0,"NFLX,SONY,ODFL",3,0.6,1.0,SPY and QQQ above 200D MA
2010-01-01,2013-04-18,2013-04-19,2013-04-26,growth_champion_v2,0.0719914943889936,0.6,0.4,0.1999999999999999,"NFLX,BIIB,SONY",3,0.6,1.0,base cap 60%
2008-01-01,2013-04-18,2013-04-19,2013-04-26,growth_champion_v3,0.0719914943889936,0.6,0.4,0.1999999999999999,"NFLX,BIIB,SONY",3,0.6,1.0,SPY and QQQ above 200D MA
2010-01-01,2013-04-18,2013-04-19,2013-04-26,growth_champion_v3,0.0719914943889936,0.6,0.4,0.1999999999999999,"NFLX,BIIB,SONY",3,0.6,1.0,SPY and QQQ above 200D MA
2008-01-01,2013-04-18,2013-04-19,2013-04-26,growth_champion_v2,0.0719914943889936,0.6,0.4,0.1999999999999999,"NFLX,BIIB,SONY",3,0.6,1.0,base cap 60%
2010-01-01,2013-04-25,2013-04-26,2013-05-03,growth_champion_v2,0.002670174674018,0.6,0.4,0.1499999999999999,"VRTX,BIIB,NFLX,SONY",4,0.6,1.0,base cap 60%
2008-01-01,2013-04-25,2013-04-26,2013-05-03,growth_champion_v2,0.002670174674018,0.6,0.4,0.1499999999999999,"VRTX,BIIB,NFLX,SONY",4,0.6,1.0,base cap 60%
2010-01-01,2013-04-25,2013-04-26,2013-05-03,growth_champion_v3,0.002670174674018,0.6,0.4,0.1499999999999999,"VRTX,BIIB,NFLX,SONY",4,0.6,1.0,SPY and QQQ above 200D MA
2008-01-01,2013-04-25,2013-04-26,2013-05-03,growth_champion_v3,0.002670174674018,0.6,0.4,0.1499999999999999,"VRTX,BIIB,NFLX,SONY",4,0.6,1.0,SPY and QQQ above 200D MA
2008-01-01,2013-05-02,2013-05-03,2013-05-10,growth_champion_v2,0.0120217263655554,0.6,0.4,0.15,"VRTX,REGN,NFLX,BIIB",4,0.6,1.0,base cap 60%
2010-01-01,2013-05-02,2013-05-03,2013-05-10,growth_champion_v2,0.0120217263655554,0.6,0.4,0.15,"VRTX,REGN,NFLX,BIIB",4,0.6,1.0,base cap 60%
2008-01-01,2013-05-02,2013-05-03,2013-05-10,growth_champion_v3,0.0120217263655554,0.6,0.4,0.15,"VRTX,REGN,NFLX,BIIB",4,0.6,1.0,SPY and QQQ above 200D MA
2010-01-01,2013-05-02,2013-05-03,2013-05-10,growth_champion_v3,0.0120217263655554,0.6,0.4,0.15,"VRTX,REGN,NFLX,BIIB",4,0.6,1.0,SPY and QQQ above 200D MA
2008-01-01,2013-05-09,2013-05-10,2013-05-17,growth_champion_v2,0.008811226694234,0.6,0.4,0.15,"VRTX,AMD,REGN,BIIB",4,0.6,1.0,base cap 60%
2010-01-01,2013-05-09,2013-05-10,2013-05-17,growth_champion_v3,0.008811226694234,0.6,0.4,0.15,"VRTX,AMD,REGN,BIIB",4,0.6,1.0,SPY and QQQ above 200D MA
2008-01-01,2013-05-09,2013-05-10,2013-05-17,growth_champion_v3,0.008811226694234,0.6,0.4,0.15,"VRTX,AMD,REGN,BIIB",4,0.6,1.0,SPY and QQQ above 200D MA
2010-01-01,2013-05-09,2013-05-10,2013-05-17,growth_champion_v2,0.008811226694234,0.6,0.4,0.15,"VRTX,AMD,REGN,BIIB",4,0.6,1.0,base cap 60%
2010-01-01,2013-05-16,2013-05-17,2013-05-24,growth_champion_v2,-0.0066068417289375,0.6,0.4,0.0,"VRTX,REGN,AMD,BIIB",4,0.6,1.0,base cap 60%
2010-01-01,2013-05-16,2013-05-17,2013-05-24,growth_champion_v3,-0.0066068417289375,0.6,0.4,0.0,"VRTX,REGN,AMD,BIIB",4,0.6,1.0,SPY and QQQ above 200D MA
2008-01-01,2013-05-16,2013-05-17,2013-05-24,growth_champion_v3,-0.0066068417289375,0.6,0.4,0.0,"VRTX,REGN,AMD,BIIB",4,0.6,1.0,SPY and QQQ above 200D MA
2008-01-01,2013-05-16,2013-05-17,2013-05-24,growth_champion_v2,-0.0066068417289375,0.6,0.4,0.0,"VRTX,REGN,AMD,BIIB",4,0.6,1.0,base cap 60%
2010-01-01,2013-05-23,2013-05-24,2013-06-03,growth_champion_v2,-0.0202496392683376,0.6,0.4,0.15,"AMD,SONY,REGN,VRTX",4,0.6,1.0,base cap 60%
2010-01-01,2013-05-23,2013-05-24,2013-06-03,growth_champion_v3,-0.0202496392683376,0.6,0.4,0.15,"AMD,SONY,REGN,VRTX",4,0.6,1.0,SPY and QQQ above 200D MA
2008-01-01,2013-05-23,2013-05-24,2013-06-03,growth_champion_v2,-0.0202496392683376,0.6,0.4,0.15,"AMD,SONY,REGN,VRTX",4,0.6,1.0,base cap 60%
2008-01-01,2013-05-23,2013-05-24,2013-06-03,growth_champion_v3,-0.0202496392683376,0.6,0.4,0.15,"AMD,SONY,REGN,VRTX",4,0.6,1.0,SPY and QQQ above 200D MA
2010-01-01,2013-05-31,2013-06-03,2013-06-10,growth_champion_v3,0.0260169870655273,0.6,0.4,0.0,"AMD,VRTX,REGN,SONY",4,0.6,1.0,SPY and QQQ above 200D MA
2008-01-01,2013-05-31,2013-06-03,2013-06-10,growth_champion_v3,0.0260169870655273,0.6,0.4,0.0,"AMD,VRTX,REGN,SONY",4,0.6,1.0,SPY and QQQ above 200D MA
2008-01-01,2013-05-31,2013-06-03,2013-06-10,growth_champion_v2,0.0260169870655273,0.6,0.4,0.0,"AMD,VRTX,REGN,SONY",4,0.6,1.0,base cap 60%
2010-01-01,2013-05-31,2013-06-03,2013-06-10,growth_champion_v2,0.0260169870655273,0.6,0.4,0.0,"AMD,VRTX,REGN,SONY",4,0.6,1.0,base cap 60%
2010-01-01,2013-06-07,2013-06-10,2013-06-17,growth_champion_v3,-0.0156766957412662,0.6,0.4,0.0,"VRTX,AMD,REGN,SONY",4,0.6,1.0,SPY and QQQ above 200D MA
2008-01-01,2013-06-07,2013-06-10,2013-06-17,growth_champion_v3,-0.0156766957412662,0.6,0.4,0.0,"VRTX,AMD,REGN,SONY",4,0.6,1.0,SPY and QQQ above 200D MA
2008-01-01,2013-06-07,2013-06-10,2013-06-17,growth_champion_v2,-0.0156766957412662,0.6,0.4,0.0,"VRTX,AMD,REGN,SONY",4,0.6,1.0,base cap 60%
2010-01-01,2013-06-07,2013-06-10,2013-06-17,growth_champion_v2,-0.0156766957412662,0.6,0.4,0.0,"VRTX,AMD,REGN,SONY",4,0.6,1.0,base cap 60%
2010-01-01,2013-06-14,2013-06-17,2013-06-24,growth_champion_v3,-0.0107062648819254,0.6,0.4,0.15,"VRTX,MU,AMD,REGN",4,0.6,1.0,SPY and QQQ above 200D MA
2010-01-01,2013-06-14,2013-06-17,2013-06-24,growth_champion_v2,-0.0107062648819254,0.6,0.4,0.15,"VRTX,MU,AMD,REGN",4,0.6,1.0,base cap 60%
2008-01-01,2013-06-14,2013-06-17,2013-06-24,growth_champion_v2,-0.0107062648819254,0.6,0.4,0.15,"VRTX,MU,AMD,REGN",4,0.6,1.0,base cap 60%
2008-01-01,2013-06-14,2013-06-17,2013-06-24,growth_champion_v3,-0.0107062648819254,0.6,0.4,0.15,"VRTX,MU,AMD,REGN",4,0.6,1.0,SPY and QQQ above 200D MA
2008-01-01,2013-06-21,2013-06-24,2013-07-01,growth_champion_v2,0.0263124575142055,0.6,0.4,0.0,"AMD,MU,REGN,VRTX",4,0.6,1.0,base cap 60%
2010-01-01,2013-06-21,2013-06-24,2013-07-01,growth_champion_v3,0.0263124575142055,0.6,0.4,0.0,"AMD,MU,REGN,VRTX",4,0.6,1.0,SPY and QQQ above 200D MA
2010-01-01,2013-06-21,2013-06-24,2013-07-01,growth_champion_v2,0.0263124575142055,0.6,0.4,0.0,"AMD,MU,REGN,VRTX",4,0.6,1.0,base cap 60%
2008-01-01,2013-06-21,2013-06-24,2013-07-01,growth_champion_v3,0.0263124575142055,0.6,0.4,0.0,"AMD,MU,REGN,VRTX",4,0.6,1.0,SPY and QQQ above 200D MA
2008-01-01,2013-06-28,2013-07-01,2013-07-09,growth_champion_v2,-0.010760656828592,0.6,0.4,0.0,"AMD,MU,VRTX,REGN",4,0.6,1.0,base cap 60%
2010-01-01,2013-06-28,2013-07-01,2013-07-09,growth_champion_v3,-0.010760656828592,0.6,0.4,0.0,"AMD,MU,VRTX,REGN",4,0.6,1.0,SPY and QQQ above 200D MA
2010-01-01,2013-06-28,2013-07-01,2013-07-09,growth_champion_v2,-0.010760656828592,0.6,0.4,0.0,"AMD,MU,VRTX,REGN",4,0.6,1.0,base cap 60%
2008-01-01,2013-06-28,2013-07-01,2013-07-09,growth_champion_v3,-0.010760656828592,0.6,0.4,0.0,"AMD,MU,VRTX,REGN",4,0.6,1.0,SPY and QQQ above 200D MA
2010-01-01,2013-07-08,2013-07-09,2013-07-16,growth_champion_v2,0.0441608807432172,0.6,0.4,0.0,"AMD,MU,REGN,VRTX",4,0.6,1.0,base cap 60%
2010-01-01,2013-07-08,2013-07-09,2013-07-16,growth_champion_v3,0.0441608807432172,0.6,0.4,0.0,"AMD,MU,REGN,VRTX",4,0.6,1.0,SPY and QQQ above 200D MA
2008-01-01,2013-07-08,2013-07-09,2013-07-16,growth_champion_v3,0.0441608807432172,0.6,0.4,0.0,"AMD,MU,REGN,VRTX",4,0.6,1.0,SPY and QQQ above 200D MA
2008-01-01,2013-07-08,2013-07-09,2013-07-16,growth_champion_v2,0.0441608807432172,0.6,0.4,0.0,"AMD,MU,REGN,VRTX",4,0.6,1.0,base cap 60%
2010-01-01,2013-07-15,2013-07-16,2013-07-23,growth_champion_v3,-0.0268830574161947,0.6,0.4,0.15,"AMD,NFLX,VRTX,REGN",4,0.6,1.0,SPY and QQQ above 200D MA
2008-01-01,2013-07-15,2013-07-16,2013-07-23,growth_champion_v2,-0.0268830574161947,0.6,0.4,0.15,"AMD,NFLX,VRTX,REGN",4,0.6,1.0,base cap 60%
2010-01-01,2013-07-15,2013-07-16,2013-07-23,growth_champion_v2,-0.0268830574161947,0.6,0.4,0.15,"AMD,NFLX,VRTX,REGN",4,0.6,1.0,base cap 60%
2008-01-01,2013-07-15,2013-07-16,2013-07-23,growth_champion_v3,-0.0268830574161947,0.6,0.4,0.15,"AMD,NFLX,VRTX,REGN",4,0.6,1.0,SPY and QQQ above 200D MA
2010-01-01,2013-07-22,2013-07-23,2013-07-30,growth_champion_v3,-0.000240210264785,0.6,0.4,0.15,"DXCM,REGN,AMD,NFLX",4,0.6,1.0,SPY and QQQ above 200D MA
2010-01-01,2013-07-22,2013-07-23,2013-07-30,growth_champion_v2,-0.000240210264785,0.6,0.4,0.15,"DXCM,REGN,AMD,NFLX",4,0.6,1.0,base cap 60%
2008-01-01,2013-07-22,2013-07-23,2013-07-30,growth_champion_v3,-0.000240210264785,0.6,0.4,0.15,"DXCM,REGN,AMD,NFLX",4,0.6,1.0,SPY and QQQ above 200D MA
2008-01-01,2013-07-22,2013-07-23,2013-07-30,growth_champion_v2,-0.000240210264785,0.6,0.4,0.15,"DXCM,REGN,AMD,NFLX",4,0.6,1.0,base cap 60%
2008-01-01,2013-07-29,2013-07-30,2013-08-06,growth_champion_v3,-0.0073139014233198,0.6,0.4,0.3,"CSGP,EA,AMD,REGN",4,0.6,1.0,SPY and QQQ above 200D MA
2010-01-01,2013-07-29,2013-07-30,2013-08-06,growth_champion_v3,-0.0073139014233198,0.6,0.4,0.3,"CSGP,EA,AMD,REGN",4,0.6,1.0,SPY and QQQ above 200D MA
2010-01-01,2013-07-29,2013-07-30,2013-08-06,growth_champion_v2,-0.0073139014233198,0.6,0.4,0.3,"CSGP,EA,AMD,REGN",4,0.6,1.0,base cap 60%
2008-01-01,2013-07-29,2013-07-30,2013-08-06,growth_champion_v2,-0.0073139014233198,0.6,0.4,0.3,"CSGP,EA,AMD,REGN",4,0.6,1.0,base cap 60%
2010-01-01,2013-08-05,2013-08-06,2013-08-13,growth_champion_v2,-0.0005089475834205,0.6,0.4,0.15,"CSGP,TMUS,REGN,EA",4,0.6,1.0,base cap 60%
2010-01-01,2013-08-05,2013-08-06,2013-08-13,growth_champion_v3,-0.0005089475834205,0.6,0.4,0.15,"CSGP,TMUS,REGN,EA",4,0.6,1.0,SPY and QQQ above 200D MA
2008-01-01,2013-08-05,2013-08-06,2013-08-13,growth_champion_v3,-0.0005089475834205,0.6,0.4,0.15,"CSGP,TMUS,REGN,EA",4,0.6,1.0,SPY and QQQ above 200D MA
2008-01-01,2013-08-05,2013-08-06,2013-08-13,growth_champion_v2,-0.0005089475834205,0.6,0.4,0.15,"CSGP,TMUS,REGN,EA",4,0.6,1.0,base cap 60%
2008-01-01,2013-08-12,2013-08-13,2013-08-20,growth_champion_v2,-0.0188033268241054,0.6,0.4,0.15,"CSGP,DXCM,EA,TMUS",4,0.6,1.0,base cap 60%
2008-01-01,2013-08-12,2013-08-13,2013-08-20,growth_champion_v3,-0.0188033268241054,0.6,0.4,0.15,"CSGP,DXCM,EA,TMUS",4,0.6,1.0,SPY and QQQ above 200D MA
2010-01-01,2013-08-12,2013-08-13,2013-08-20,growth_champion_v2,-0.0188033268241054,0.6,0.4,0.15,"CSGP,DXCM,EA,TMUS",4,0.6,1.0,base cap 60%
2010-01-01,2013-08-12,2013-08-13,2013-08-20,growth_champion_v3,-0.0188033268241054,0.6,0.4,0.15,"CSGP,DXCM,EA,TMUS",4,0.6,1.0,SPY and QQQ above 200D MA
2008-01-01,2013-08-19,2013-08-20,2013-08-27,growth_champion_v3,-0.0042308584671833,0.6,0.4,0.0,"CSGP,DXCM,TMUS,EA",4,0.6,1.0,SPY and QQQ above 200D MA
2010-01-01,2013-08-19,2013-08-20,2013-08-27,growth_champion_v2,-0.0042308584671833,0.6,0.4,0.0,"CSGP,DXCM,TMUS,EA",4,0.6,1.0,base cap 60%
2010-01-01,2013-08-19,2013-08-20,2013-08-27,growth_champion_v3,-0.0042308584671833,0.6,0.4,0.0,"CSGP,DXCM,TMUS,EA",4,0.6,1.0,SPY and QQQ above 200D MA
2008-01-01,2013-08-19,2013-08-20,2013-08-27,growth_champion_v2,-0.0042308584671833,0.6,0.4,0.0,"CSGP,DXCM,TMUS,EA",4,0.6,1.0,base cap 60%
2008-01-01,2013-08-26,2013-08-27,2013-09-04,growth_champion_v2,0.0226836099049914,0.6,0.4,0.15,"DXCM,NFLX,EA,TMUS",4,0.6,1.0,base cap 60%
2010-01-01,2013-08-26,2013-08-27,2013-09-04,growth_champion_v2,0.0226836099049914,0.6,0.4,0.15,"DXCM,NFLX,EA,TMUS",4,0.6,1.0,base cap 60%
2010-01-01,2013-08-26,2013-08-27,2013-09-04,growth_champion_v3,0.0226836099049914,0.6,0.4,0.15,"DXCM,NFLX,EA,TMUS",4,0.6,1.0,SPY and QQQ above 200D MA
2008-01-01,2013-08-26,2013-08-27,2013-09-04,growth_champion_v3,0.0226836099049914,0.6,0.4,0.15,"DXCM,NFLX,EA,TMUS",4,0.6,1.0,SPY and QQQ above 200D MA
2008-01-01,2013-09-03,2013-09-04,2013-09-11,growth_champion_v2,0.0140196902937401,0.6,0.4,0.0,"NFLX,DXCM,TMUS,EA",4,0.6,1.0,base cap 60%
2010-01-01,2013-09-03,2013-09-04,2013-09-11,growth_champion_v3,0.0140196902937401,0.6,0.4,0.0,"NFLX,DXCM,TMUS,EA",4,0.6,1.0,SPY and QQQ above 200D MA
2010-01-01,2013-09-03,2013-09-04,2013-09-11,growth_champion_v2,0.0140196902937401,0.6,0.4,0.0,"NFLX,DXCM,TMUS,EA",4,0.6,1.0,base cap 60%
2008-01-01,2013-09-03,2013-09-04,2013-09-11,growth_champion_v3,0.0140196902937401,0.6,0.4,0.0,"NFLX,DXCM,TMUS,EA",4,0.6,1.0,SPY and QQQ above 200D MA
2008-01-01,2013-09-10,2013-09-11,2013-09-18,growth_champion_v2,0.0028544383699055,0.6,0.4,0.15,"NFLX,CSGP,EA,DXCM",4,0.6,1.0,base cap 60%
2008-01-01,2013-09-10,2013-09-11,2013-09-18,growth_champion_v3,0.0028544383699055,0.6,0.4,0.15,"NFLX,CSGP,EA,DXCM",4,0.6,1.0,SPY and QQQ above 200D MA
2010-01-01,2013-09-10,2013-09-11,2013-09-18,growth_champion_v2,0.0028544383699055,0.6,0.4,0.15,"NFLX,CSGP,EA,DXCM",4,0.6,1.0,base cap 60%
2010-01-01,2013-09-10,2013-09-11,2013-09-18,growth_champion_v3,0.0028544383699055,0.6,0.4,0.15,"NFLX,CSGP,EA,DXCM",4,0.6,1.0,SPY and QQQ above 200D MA
2010-01-01,2013-09-17,2013-09-18,2013-09-25,growth_champion_v2,-0.0126113446061329,0.6,0.4,0.15,"REGN,NFLX,DXCM,EA",4,0.6,1.0,base cap 60%
2008-01-01,2013-09-17,2013-09-18,2013-09-25,growth_champion_v3,-0.0126113446061329,0.6,0.4,0.15,"REGN,NFLX,DXCM,EA",4,0.6,1.0,SPY and QQQ above 200D MA
2008-01-01,2013-09-17,2013-09-18,2013-09-25,growth_champion_v2,-0.0126113446061329,0.6,0.4,0.15,"REGN,NFLX,DXCM,EA",4,0.6,1.0,base cap 60%
2010-01-01,2013-09-17,2013-09-18,2013-09-25,growth_champion_v3,-0.0126113446061329,0.6,0.4,0.15,"REGN,NFLX,DXCM,EA",4,0.6,1.0,SPY and QQQ above 200D MA
2010-01-01,2013-09-24,2013-09-25,2013-10-02,growth_champion_v3,0.0246388207017935,0.6,0.4,0.15,"YPF,NFLX,DXCM,REGN",4,0.6,1.0,SPY and QQQ above 200D MA
2010-01-01,2013-09-24,2013-09-25,2013-10-02,growth_champion_v2,0.0246388207017935,0.6,0.4,0.15,"YPF,NFLX,DXCM,REGN",4,0.6,1.0,base cap 60%
2008-01-01,2013-09-24,2013-09-25,2013-10-02,growth_champion_v3,0.0246388207017935,0.6,0.4,0.15,"YPF,NFLX,DXCM,REGN",4,0.6,1.0,SPY and QQQ above 200D MA
2008-01-01,2013-09-24,2013-09-25,2013-10-02,growth_champion_v2,0.0246388207017935,0.6,0.4,0.15,"YPF,NFLX,DXCM,REGN",4,0.6,1.0,base cap 60%
2010-01-01,2013-10-01,2013-10-02,2013-10-09,growth_champion_v2,-0.0378835025440656,0.6,0.4,0.0,"REGN,YPF,DXCM,NFLX",4,0.6,1.0,base cap 60%
2008-01-01,2013-10-01,2013-10-02,2013-10-09,growth_champion_v3,-0.0378835025440656,0.6,0.4,0.0,"REGN,YPF,DXCM,NFLX",4,0.6,1.0,SPY and QQQ above 200D MA
2008-01-01,2013-10-01,2013-10-02,2013-10-09,growth_champion_v2,-0.0378835025440656,0.6,0.4,0.0,"REGN,YPF,DXCM,NFLX",4,0.6,1.0,base cap 60%
2010-01-01,2013-10-01,2013-10-02,2013-10-09,growth_champion_v3,-0.0378835025440656,0.6,0.4,0.0,"REGN,YPF,DXCM,NFLX",4,0.6,1.0,SPY and QQQ above 200D MA
2008-01-01,2013-10-08,2013-10-09,2013-10-16,growth_champion_v2,0.0357058712787723,0.6,0.4,0.15,"MU,YPF,DXCM,NFLX",4,0.6,1.0,base cap 60%
2008-01-01,2013-10-08,2013-10-09,2013-10-16,growth_champion_v3,0.0357058712787723,0.6,0.4,0.15,"MU,YPF,DXCM,NFLX",4,0.6,1.0,SPY and QQQ above 200D MA
2010-01-01,2013-10-08,2013-10-09,2013-10-16,growth_champion_v2,0.0357058712787723,0.6,0.4,0.15,"MU,YPF,DXCM,NFLX",4,0.6,1.0,base cap 60%
2010-01-01,2013-10-08,2013-10-09,2013-10-16,growth_champion_v3,0.0357058712787723,0.6,0.4,0.15,"MU,YPF,DXCM,NFLX",4,0.6,1.0,SPY and QQQ above 200D MA
2008-01-01,2013-10-15,2013-10-16,2013-10-23,growth_champion_v3,-0.0053033934190461,0.6,0.4,0.0,"YPF,DXCM,NFLX,MU",4,0.6,1.0,SPY and QQQ above 200D MA
2008-01-01,2013-10-15,2013-10-16,2013-10-23,growth_champion_v2,-0.0053033934190461,0.6,0.4,0.0,"YPF,DXCM,NFLX,MU",4,0.6,1.0,base cap 60%
2010-01-01,2013-10-15,2013-10-16,2013-10-23,growth_champion_v2,-0.0053033934190461,0.6,0.4,0.0,"YPF,DXCM,NFLX,MU",4,0.6,1.0,base cap 60%
2010-01-01,2013-10-15,2013-10-16,2013-10-23,growth_champion_v3,-0.0053033934190461,0.6,0.4,0.0,"YPF,DXCM,NFLX,MU",4,0.6,1.0,SPY and QQQ above 200D MA
2008-01-01,2013-10-22,2013-10-23,2013-10-30,growth_champion_v2,-0.0041814380661464,0.6,0.4,0.0,"YPF,DXCM,NFLX,MU",4,0.6,1.0,base cap 60%
2008-01-01,2013-10-22,2013-10-23,2013-10-30,growth_champion_v3,-0.0041814380661464,0.6,0.4,0.0,"YPF,DXCM,NFLX,MU",4,0.6,1.0,SPY and QQQ above 200D MA
2010-01-01,2013-10-22,2013-10-23,2013-10-30,growth_champion_v3,-0.0041814380661464,0.6,0.4,0.0,"YPF,DXCM,NFLX,MU",4,0.6,1.0,SPY and QQQ above 200D MA
2010-01-01,2013-10-22,2013-10-23,2013-10-30,growth_champion_v2,-0.0041814380661464,0.6,0.4,0.0,"YPF,DXCM,NFLX,MU",4,0.6,1.0,base cap 60%
2008-01-01,2013-10-29,2013-10-30,2013-11-06,growth_champion_v3,0.0051416295684592,0.6,0.4,0.0,"YPF,DXCM,NFLX,MU",4,0.6,1.0,SPY and QQQ above 200D MA
2010-01-01,2013-10-29,2013-10-30,2013-11-06,growth_champion_v2,0.0051416295684592,0.6,0.4,0.0,"YPF,DXCM,NFLX,MU",4,0.6,1.0,base cap 60%
2008-01-01,2013-10-29,2013-10-30,2013-11-06,growth_champion_v2,0.0051416295684592,0.6,0.4,0.0,"YPF,DXCM,NFLX,MU",4,0.6,1.0,base cap 60%
2010-01-01,2013-10-29,2013-10-30,2013-11-06,growth_champion_v3,0.0051416295684592,0.6,0.4,0.0,"YPF,DXCM,NFLX,MU",4,0.6,1.0,SPY and QQQ above 200D MA
2008-01-01,2013-11-05,2013-11-06,2013-11-13,growth_champion_v2,0.0501381812144277,0.6,0.4,0.15,"MSTR,NFLX,DXCM,YPF",4,0.6,1.0,base cap 60%
2008-01-01,2013-11-05,2013-11-06,2013-11-13,growth_champion_v3,0.0501381812144277,0.6,0.4,0.15,"MSTR,NFLX,DXCM,YPF",4,0.6,1.0,SPY and QQQ above 200D MA
2010-01-01,2013-11-05,2013-11-06,2013-11-13,growth_champion_v2,0.0501381812144277,0.6,0.4,0.15,"MSTR,NFLX,DXCM,YPF",4,0.6,1.0,base cap 60%
2010-01-01,2013-11-05,2013-11-06,2013-11-13,growth_champion_v3,0.0501381812144277,0.6,0.4,0.15,"MSTR,NFLX,DXCM,YPF",4,0.6,1.0,SPY and QQQ above 200D MA
2008-01-01,2013-11-12,2013-11-13,2013-11-20,growth_champion_v2,-0.0002337171348335,0.6,0.4,0.0,"MSTR,YPF,DXCM,NFLX",4,0.6,1.0,base cap 60%
2010-01-01,2013-11-12,2013-11-13,2013-11-20,growth_champion_v2,-0.0002337171348335,0.6,0.4,0.0,"MSTR,YPF,DXCM,NFLX",4,0.6,1.0,base cap 60%
2008-01-01,2013-11-12,2013-11-13,2013-11-20,growth_champion_v3,-0.0002337171348335,0.6,0.4,0.0,"MSTR,YPF,DXCM,NFLX",4,0.6,1.0,SPY and QQQ above 200D MA
2010-01-01,2013-11-12,2013-11-13,2013-11-20,growth_champion_v3,-0.0002337171348335,0.6,0.4,0.0,"MSTR,YPF,DXCM,NFLX",4,0.6,1.0,SPY and QQQ above 200D MA
2008-01-01,2013-11-19,2013-11-20,2013-11-27,growth_champion_v2,0.0384061135667061,0.6,0.4,0.15,"MSTR,MU,DXCM,NFLX",4,0.6,1.0,base cap 60%
2008-01-01,2013-11-19,2013-11-20,2013-11-27,growth_champion_v3,0.0384061135667061,0.6,0.4,0.15,"MSTR,MU,DXCM,NFLX",4,0.6,1.0,SPY and QQQ above 200D MA
2010-01-01,2013-11-19,2013-11-20,2013-11-27,growth_champion_v3,0.0384061135667061,0.6,0.4,0.15,"MSTR,MU,DXCM,NFLX",4,0.6,1.0,SPY and QQQ above 200D MA
2010-01-01,2013-11-19,2013-11-20,2013-11-27,growth_champion_v2,0.0384061135667061,0.6,0.4,0.15,"MSTR,MU,DXCM,NFLX",4,0.6,1.0,base cap 60%
2010-01-01,2013-11-26,2013-11-27,2013-12-05,growth_champion_v3,-0.0018682315952079,0.6,0.4,0.15,"YPF,MU,DXCM,NFLX",4,0.6,1.0,SPY and QQQ above 200D MA
2008-01-01,2013-11-26,2013-11-27,2013-12-05,growth_champion_v3,-0.0018682315952079,0.6,0.4,0.15,"YPF,MU,DXCM,NFLX",4,0.6,1.0,SPY and QQQ above 200D MA
2010-01-01,2013-11-26,2013-11-27,2013-12-05,growth_champion_v2,-0.0018682315952079,0.6,0.4,0.15,"YPF,MU,DXCM,NFLX",4,0.6,1.0,base cap 60%
2008-01-01,2013-11-26,2013-11-27,2013-12-05,growth_champion_v2,-0.0018682315952079,0.6,0.4,0.15,"YPF,MU,DXCM,NFLX",4,0.6,1.0,base cap 60%
2008-01-01,2013-12-04,2013-12-05,2013-12-12,growth_champion_v2,0.0193196359869756,0.6,0.4,0.0,"YPF,MU,NFLX,DXCM",4,0.6,1.0,base cap 60%
2010-01-01,2013-12-04,2013-12-05,2013-12-12,growth_champion_v3,0.0193196359869756,0.6,0.4,0.0,"YPF,MU,NFLX,DXCM",4,0.6,1.0,SPY and QQQ above 200D MA
2010-01-01,2013-12-04,2013-12-05,2013-12-12,growth_champion_v2,0.0193196359869756,0.6,0.4,0.0,"YPF,MU,NFLX,DXCM",4,0.6,1.0,base cap 60%
2008-01-01,2013-12-04,2013-12-05,2013-12-12,growth_champion_v3,0.0193196359869756,0.6,0.4,0.0,"YPF,MU,NFLX,DXCM",4,0.6,1.0,SPY and QQQ above 200D MA
2010-01-01,2013-12-11,2013-12-12,2013-12-19,growth_champion_v2,0.0100059903997916,0.6,0.4,0.0,"YPF,MU,DXCM,NFLX",4,0.6,1.0,base cap 60%
2008-01-01,2013-12-11,2013-12-12,2013-12-19,growth_champion_v2,0.0100059903997916,0.6,0.4,0.0,"YPF,MU,DXCM,NFLX",4,0.6,1.0,base cap 60%
2008-01-01,2013-12-11,2013-12-12,2013-12-19,growth_champion_v3,0.0100059903997916,0.6,0.4,0.0,"YPF,MU,DXCM,NFLX",4,0.6,1.0,SPY and QQQ above 200D MA
2010-01-01,2013-12-11,2013-12-12,2013-12-19,growth_champion_v3,0.0100059903997916,0.6,0.4,0.0,"YPF,MU,DXCM,NFLX",4,0.6,1.0,SPY and QQQ above 200D MA
2008-01-01,2013-12-18,2013-12-19,2013-12-27,growth_champion_v2,0.0152164613826451,0.6,0.4,0.15,"YPF,ILMN,NFLX,DXCM",4,0.6,1.0,base cap 60%
2008-01-01,2013-12-18,2013-12-19,2013-12-27,growth_champion_v3,0.0152164613826451,0.6,0.4,0.15,"YPF,ILMN,NFLX,DXCM",4,0.6,1.0,SPY and QQQ above 200D MA
2010-01-01,2013-12-18,2013-12-19,2013-12-27,growth_champion_v2,0.0091683601413511,0.6,0.4,0.15,"YPF,AVGO,NFLX,DXCM",4,0.6,1.0,base cap 60%
2010-01-01,2013-12-18,2013-12-19,2013-12-27,growth_champion_v3,0.0091683601413511,0.6,0.4,0.15,"YPF,AVGO,NFLX,DXCM",4,0.6,1.0,SPY and QQQ above 200D MA
2008-01-01,2013-12-26,2013-12-27,2014-01-06,growth_champion_v3,-0.007238674126004,0.6,0.4,0.15,"YPF,TMUS,DXCM,NFLX",4,0.6,1.0,SPY and QQQ above 200D MA
2008-01-01,2013-12-26,2013-12-27,2014-01-06,growth_champion_v2,-0.007238674126004,0.6,0.4,0.15,"YPF,TMUS,DXCM,NFLX",4,0.6,1.0,base cap 60%
2010-01-01,2013-12-26,2013-12-27,2014-01-06,growth_champion_v3,-0.007238674126004,0.6,0.4,0.15,"YPF,TMUS,DXCM,NFLX",4,0.6,1.0,SPY and QQQ above 200D MA
2010-01-01,2013-12-26,2013-12-27,2014-01-06,growth_champion_v2,-0.007238674126004,0.6,0.4,0.15,"YPF,TMUS,DXCM,NFLX",4,0.6,1.0,base cap 60%
2008-01-01,2014-01-03,2014-01-06,2014-01-13,growth_champion_v2,0.0106140589027157,0.6,0.4,0.15,"YPF,ILMN,TMUS,DXCM",4,0.6,1.0,base cap 60%
2010-01-01,2014-01-03,2014-01-06,2014-01-13,growth_champion_v3,0.0106140589027157,0.6,0.4,0.15,"YPF,ILMN,TMUS,DXCM",4,0.6,1.0,SPY and QQQ above 200D MA
2008-01-01,2014-01-03,2014-01-06,2014-01-13,growth_champion_v3,0.0106140589027157,0.6,0.4,0.15,"YPF,ILMN,TMUS,DXCM",4,0.6,1.0,SPY and QQQ above 200D MA
2010-01-01,2014-01-03,2014-01-06,2014-01-13,growth_champion_v2,0.0106140589027157,0.6,0.4,0.15,"YPF,ILMN,TMUS,DXCM",4,0.6,1.0,base cap 60%
2008-01-01,2014-01-10,2014-01-13,2014-01-21,growth_champion_v3,0.0357047931764142,0.6,0.4,0.0,"YPF,ILMN,TMUS,DXCM",4,0.6,1.0,SPY and QQQ above 200D MA
2010-01-01,2014-01-10,2014-01-13,2014-01-21,growth_champion_v2,0.0357047931764142,0.6,0.4,0.0,"YPF,ILMN,TMUS,DXCM",4,0.6,1.0,base cap 60%
2008-01-01,2014-01-10,2014-01-13,2014-01-21,growth_champion_v2,0.0357047931764142,0.6,0.4,0.0,"YPF,ILMN,TMUS,DXCM",4,0.6,1.0,base cap 60%
2010-01-01,2014-01-10,2014-01-13,2014-01-21,growth_champion_v3,0.0357047931764142,0.6,0.4,0.0,"YPF,ILMN,TMUS,DXCM",4,0.6,1.0,SPY and QQQ above 200D MA
2010-01-01,2014-01-17,2014-01-21,2014-01-28,growth_champion_v3,-0.0253223225137688,0.6,0.4,0.15,"ILMN,AMD,TMUS,DXCM",4,0.6,1.0,SPY and QQQ above 200D MA
2008-01-01,2014-01-17,2014-01-21,2014-01-28,growth_champion_v3,-0.0253223225137688,0.6,0.4,0.15,"ILMN,AMD,TMUS,DXCM",4,0.6,1.0,SPY and QQQ above 200D MA
2010-01-01,2014-01-17,2014-01-21,2014-01-28,growth_champion_v2,-0.0253223225137688,0.6,0.4,0.15,"ILMN,AMD,TMUS,DXCM",4,0.6,1.0,base cap 60%
2008-01-01,2014-01-17,2014-01-21,2014-01-28,growth_champion_v2,-0.0253223225137688,0.6,0.4,0.15,"ILMN,AMD,TMUS,DXCM",4,0.6,1.0,base cap 60%
2010-01-01,2014-01-27,2014-01-28,2014-02-04,growth_champion_v3,-0.0073161185486546,0.6,0.4,0.15,"SMCI,ILMN,DXCM,TMUS",4,0.6,1.0,SPY and QQQ above 200D MA
2008-01-01,2014-01-27,2014-01-28,2014-02-04,growth_champion_v2,-0.0073161185486546,0.6,0.4,0.15,"SMCI,ILMN,DXCM,TMUS",4,0.6,1.0,base cap 60%
2010-01-01,2014-01-27,2014-01-28,2014-02-04,growth_champion_v2,-0.0073161185486546,0.6,0.4,0.15,"SMCI,ILMN,DXCM,TMUS",4,0.6,1.0,base cap 60%
2008-01-01,2014-01-27,2014-01-28,2014-02-04,growth_champion_v3,-0.0073161185486546,0.6,0.4,0.15,"SMCI,ILMN,DXCM,TMUS",4,0.6,1.0,SPY and QQQ above 200D MA
2008-01-01,2014-02-03,2014-02-04,2014-02-11,growth_champion_v3,0.0353367131772362,0.6,0.4,0.1499999999999999,"ILMN,SMCI,DXCM",3,0.6,1.0,SPY and QQQ above 200D MA
2010-01-01,2014-02-03,2014-02-04,2014-02-11,growth_champion_v3,0.0353367131772362,0.6,0.4,0.1499999999999999,"ILMN,SMCI,DXCM",3,0.6,1.0,SPY and QQQ above 200D MA
2010-01-01,2014-02-03,2014-02-04,2014-02-11,growth_champion_v2,0.0353367131772362,0.6,0.4,0.1499999999999999,"ILMN,SMCI,DXCM",3,0.6,1.0,base cap 60%
2008-01-01,2014-02-03,2014-02-04,2014-02-11,growth_champion_v2,0.0353367131772362,0.6,0.4,0.1499999999999999,"ILMN,SMCI,DXCM",3,0.6,1.0,base cap 60%
2008-01-01,2014-02-10,2014-02-11,2014-02-19,growth_champion_v3,0.0330654654667625,0.6,0.4,0.0,"ILMN,SMCI,DXCM",3,0.6,1.0,SPY and QQQ above 200D MA
2010-01-01,2014-02-10,2014-02-11,2014-02-19,growth_champion_v3,0.0330654654667625,0.6,0.4,0.0,"ILMN,SMCI,DXCM",3,0.6,1.0,SPY and QQQ above 200D MA
2010-01-01,2014-02-10,2014-02-11,2014-02-19,growth_champion_v2,0.0330654654667625,0.6,0.4,0.0,"ILMN,SMCI,DXCM",3,0.6,1.0,base cap 60%
2008-01-01,2014-02-10,2014-02-11,2014-02-19,growth_champion_v2,0.0330654654667625,0.6,0.4,0.0,"ILMN,SMCI,DXCM",3,0.6,1.0,base cap 60%
2008-01-01,2014-02-18,2014-02-19,2014-02-26,growth_champion_v3,0.0029733659636153,0.6,0.4,0.0,"ILMN,SMCI,DXCM",3,0.6,1.0,SPY and QQQ above 200D MA
2010-01-01,2014-02-18,2014-02-19,2014-02-26,growth_champion_v3,0.0029733659636153,0.6,0.4,0.0,"ILMN,SMCI,DXCM",3,0.6,1.0,SPY and QQQ above 200D MA
2010-01-01,2014-02-18,2014-02-19,2014-02-26,growth_champion_v2,0.0029733659636153,0.6,0.4,0.0,"ILMN,SMCI,DXCM",3,0.6,1.0,base cap 60%
2008-01-01,2014-02-18,2014-02-19,2014-02-26,growth_champion_v2,0.0029733659636153,0.6,0.4,0.0,"ILMN,SMCI,DXCM",3,0.6,1.0,base cap 60%
2008-01-01,2014-02-25,2014-02-26,2014-03-05,growth_champion_v3,0.0162291601891658,0.6,0.4,0.1499999999999999,"ILMN,NVO,DXCM,SMCI",4,0.6,1.0,SPY and QQQ above 200D MA
2008-01-01,2014-02-25,2014-02-26,2014-03-05,growth_champion_v2,0.0162291601891658,0.6,0.4,0.1499999999999999,"ILMN,NVO,DXCM,SMCI",4,0.6,1.0,base cap 60%
2010-01-01,2014-02-25,2014-02-26,2014-03-05,growth_champion_v2,0.0162291601891658,0.6,0.4,0.1499999999999999,"ILMN,NVO,DXCM,SMCI",4,0.6,1.0,base cap 60%
2010-01-01,2014-02-25,2014-02-26,2014-03-05,growth_champion_v3,0.0162291601891658,0.6,0.4,0.1499999999999999,"ILMN,NVO,DXCM,SMCI",4,0.6,1.0,SPY and QQQ above 200D MA
2010-01-01,2014-03-04,2014-03-05,2014-03-12,growth_champion_v2,-0.022689671995402,0.6,0.4,0.15,"ILMN,AVGO,NVO,DXCM",4,0.6,1.0,base cap 60%
2010-01-01,2014-03-04,2014-03-05,2014-03-12,growth_champion_v3,-0.022689671995402,0.6,0.4,0.15,"ILMN,AVGO,NVO,DXCM",4,0.6,1.0,SPY and QQQ above 200D MA
2008-01-01,2014-03-04,2014-03-05,2014-03-12,growth_champion_v2,-0.0365249606983462,0.6,0.4,0.0,"ILMN,NVO,DXCM,SMCI",4,0.6,1.0,base cap 60%
2008-01-01,2014-03-04,2014-03-05,2014-03-12,growth_champion_v3,-0.0365249606983462,0.6,0.4,0.0,"ILMN,NVO,DXCM,SMCI",4,0.6,1.0,SPY and QQQ above 200D MA
2008-01-01,2014-03-11,2014-03-12,2014-03-19,growth_champion_v3,-0.0043383314287449,0.6,0.4,0.15,"ILMN,EA,NVO,DXCM",4,0.6,1.0,SPY and QQQ above 200D MA
2010-01-01,2014-03-11,2014-03-12,2014-03-19,growth_champion_v3,-0.0033175986736651,0.6,0.4,0.15,"ILMN,EA,NVO,AVGO",4,0.6,1.0,SPY and QQQ above 200D MA
2008-01-01,2014-03-11,2014-03-12,2014-03-19,growth_champion_v2,-0.0043383314287449,0.6,0.4,0.15,"ILMN,EA,NVO,DXCM",4,0.6,1.0,base cap 60%
2010-01-01,2014-03-11,2014-03-12,2014-03-19,growth_champion_v2,-0.0033175986736651,0.6,0.4,0.15,"ILMN,EA,NVO,AVGO",4,0.6,1.0,base cap 60%
2010-01-01,2014-03-18,2014-03-19,2014-03-26,growth_champion_v2,-0.0395933837049146,0.6,0.4,0.15,"ILMN,DXCM,NVO,AVGO",4,0.6,1.0,base cap 60%
2008-01-01,2014-03-18,2014-03-19,2014-03-26,growth_champion_v2,-0.0441040727805889,0.6,0.4,0.0,"ILMN,DXCM,NVO,EA",4,0.6,1.0,base cap 60%
2008-01-01,2014-03-18,2014-03-19,2014-03-26,growth_champion_v3,-0.0441040727805889,0.6,0.4,0.0,"ILMN,DXCM,NVO,EA",4,0.6,1.0,SPY and QQQ above 200D MA
2010-01-01,2014-03-18,2014-03-19,2014-03-26,growth_champion_v3,-0.0395933837049146,0.6,0.4,0.15,"ILMN,DXCM,NVO,AVGO",4,0.6,1.0,SPY and QQQ above 200D MA
2010-01-01,2014-03-25,2014-03-26,2014-04-02,growth_champion_v2,0.0130461671660376,0.6,0.4,0.15,"EXC,AVGO,NVO,DXCM",4,0.6,1.0,base cap 60%
2008-01-01,2014-03-25,2014-03-26,2014-04-02,growth_champion_v2,0.0116159498605338,0.6,0.4,0.15,"EXC,EA,NVO,DXCM",4,0.6,1.0,base cap 60%
2008-01-01,2014-03-25,2014-03-26,2014-04-02,growth_champion_v3,0.0116159498605338,0.6,0.4,0.15,"EXC,EA,NVO,DXCM",4,0.6,1.0,SPY and QQQ above 200D MA
2010-01-01,2014-03-25,2014-03-26,2014-04-02,growth_champion_v3,0.0130461671660376,0.6,0.4,0.15,"EXC,AVGO,NVO,DXCM",4,0.6,1.0,SPY and QQQ above 200D MA
2010-01-01,2014-04-01,2014-04-02,2014-04-09,growth_champion_v3,-0.0363738678494139,0.6,0.4,0.3,"ISRG,ILMN,NVO,AVGO",4,0.6,1.0,SPY and QQQ above 200D MA
2008-01-01,2014-04-01,2014-04-02,2014-04-09,growth_champion_v3,-0.0462932029099491,0.6,0.4,0.3,"ISRG,ILMN,EA,DXCM",4,0.6,1.0,SPY and QQQ above 200D MA
2010-01-01,2014-04-01,2014-04-02,2014-04-09,growth_champion_v2,-0.0363738678494139,0.6,0.4,0.3,"ISRG,ILMN,NVO,AVGO",4,0.6,1.0,base cap 60%
2008-01-01,2014-04-01,2014-04-02,2014-04-09,growth_champion_v2,-0.0462932029099491,0.6,0.4,0.3,"ISRG,ILMN,EA,DXCM",4,0.6,1.0,base cap 60%
2008-01-01,2014-04-08,2014-04-09,2014-04-16,growth_champion_v3,-0.0163213684533864,0.6,0.4,0.3,"EXC,PBR,ISRG,EA",4,0.6,1.0,SPY and QQQ above 200D MA
2010-01-01,2014-04-08,2014-04-09,2014-04-16,growth_champion_v2,-0.0092230621995825,0.6,0.4,0.3,"EXC,PBR,NVO,AVGO",4,0.6,1.0,base cap 60%
2010-01-01,2014-04-08,2014-04-09,2014-04-16,growth_champion_v3,-0.0092230621995825,0.6,0.4,0.3,"EXC,PBR,NVO,AVGO",4,0.6,1.0,SPY and QQQ above 200D MA
2008-01-01,2014-04-08,2014-04-09,2014-04-16,growth_champion_v2,-0.0163213684533864,0.6,0.4,0.3,"EXC,PBR,ISRG,EA",4,0.6,1.0,base cap 60%
2008-01-01,2014-04-15,2014-04-16,2014-04-24,growth_champion_v2,0.0059858703474309,0.6,0.4,0.1499999999999999,"EXC,PBR,EA",3,0.6,1.0,base cap 60%
2008-01-01,2014-04-15,2014-04-16,2014-04-24,growth_champion_v3,0.0059858703474309,0.6,0.4,0.1499999999999999,"EXC,PBR,EA",3,0.6,1.0,SPY and QQQ above 200D MA
2010-01-01,2014-04-15,2014-04-16,2014-04-24,growth_champion_v2,0.0203765656149766,0.6,0.4,0.0,"EXC,PBR,NVO,AVGO",4,0.6,1.0,base cap 60%
2010-01-01,2014-04-15,2014-04-16,2014-04-24,growth_champion_v3,0.0203765656149766,0.6,0.4,0.0,"EXC,PBR,NVO,AVGO",4,0.6,1.0,SPY and QQQ above 200D MA
2010-01-01,2014-04-23,2014-04-24,2014-05-01,growth_champion_v2,-0.0083241995937613,0.6,0.4,0.15,"EXC,BKR,NVO,AVGO",4,0.6,1.0,base cap 60%
2008-01-01,2014-04-23,2014-04-24,2014-05-01,growth_champion_v2,0.0026259675781135,0.6,0.4,0.1499999999999999,"EXC,BKR,EA,PBR",4,0.6,1.0,base cap 60%
2010-01-01,2014-04-23,2014-04-24,2014-05-01,growth_champion_v3,-0.0083241995937613,0.6,0.4,0.15,"EXC,BKR,NVO,AVGO",4,0.6,1.0,SPY and QQQ above 200D MA
2008-01-01,2014-04-23,2014-04-24,2014-05-01,growth_champion_v3,0.0026259675781135,0.6,0.4,0.1499999999999999,"EXC,BKR,EA,PBR",4,0.6,1.0,SPY and QQQ above 200D MA
2010-01-01,2014-04-30,2014-05-01,2014-05-08,growth_champion_v3,0.0179614048117362,0.6,0.4,0.3,"AZN,PBR,NVO,AVGO",4,0.6,1.0,SPY and QQQ above 200D MA
2010-01-01,2014-04-30,2014-05-01,2014-05-08,growth_champion_v2,0.0179614048117362,0.6,0.4,0.3,"AZN,PBR,NVO,AVGO",4,0.6,1.0,base cap 60%
2008-01-01,2014-04-30,2014-05-01,2014-05-08,growth_champion_v2,0.042089300956875,0.6,0.4,0.15,"AZN,PBR,EA,EXC",4,0.6,1.0,base cap 60%
2008-01-01,2014-04-30,2014-05-01,2014-05-08,growth_champion_v3,0.042089300956875,0.6,0.4,0.15,"AZN,PBR,EA,EXC",4,0.6,1.0,SPY and QQQ above 200D MA
2010-01-01,2014-05-07,2014-05-08,2014-05-15,growth_champion_v3,0.0023524806709415,0.6,0.4,0.0,"PBR,AZN,NVO,AVGO",4,0.6,1.0,SPY and QQQ above 200D MA
2008-01-01,2014-05-07,2014-05-08,2014-05-15,growth_champion_v3,-0.0045528101987767,0.6,0.4,0.0,"PBR,AZN,EA,EXC",4,0.6,1.0,SPY and QQQ above 200D MA
2008-01-01,2014-05-07,2014-05-08,2014-05-15,growth_champion_v2,-0.0045528101987767,0.6,0.4,0.0,"PBR,AZN,EA,EXC",4,0.6,1.0,base cap 60%
2010-01-01,2014-05-07,2014-05-08,2014-05-15,growth_champion_v2,0.0023524806709415,0.6,0.4,0.0,"PBR,AZN,NVO,AVGO",4,0.6,1.0,base cap 60%
2008-01-01,2014-05-14,2014-05-15,2014-05-22,growth_champion_v3,-0.0171670810815631,0.6,0.4,0.0,"PBR,EA,AZN,EXC",4,0.6,1.0,SPY and QQQ above 200D MA
2010-01-01,2014-05-14,2014-05-15,2014-05-22,growth_champion_v2,-0.0139915486111093,0.6,0.4,0.15,"PBR,EA,AZN,AVGO",4,0.6,1.0,base cap 60%
2010-01-01,2014-05-14,2014-05-15,2014-05-22,growth_champion_v3,-0.0139915486111093,0.6,0.4,0.15,"PBR,EA,AZN,AVGO",4,0.6,1.0,SPY and QQQ above 200D MA
2008-01-01,2014-05-14,2014-05-15,2014-05-22,growth_champion_v2,-0.0171670810815631,0.6,0.4,0.0,"PBR,EA,AZN,EXC",4,0.6,1.0,base cap 60%
2010-01-01,2014-05-21,2014-05-22,2014-05-30,growth_champion_v2,-0.0012895444776087,0.6,0.4,0.0,"PBR,EA,AZN,AVGO",4,0.6,1.0,base cap 60%
2008-01-01,2014-05-21,2014-05-22,2014-05-30,growth_champion_v3,0.0058992151486157,0.6,0.4,0.0,"PBR,EA,AZN,EXC",4,0.6,1.0,SPY and QQQ above 200D MA
2008-01-01,2014-05-21,2014-05-22,2014-05-30,growth_champion_v2,0.0058992151486157,0.6,0.4,0.0,"PBR,EA,AZN,EXC",4,0.6,1.0,base cap 60%
2010-01-01,2014-05-21,2014-05-22,2014-05-30,growth_champion_v3,-0.0012895444776087,0.6,0.4,0.0,"PBR,EA,AZN,AVGO",4,0.6,1.0,SPY and QQQ above 200D MA
2008-01-01,2014-05-29,2014-05-30,2014-06-06,growth_champion_v2,0.0109171929672727,0.6,0.4,0.1499999999999999,"PBR,EA,EXC",3,0.6,1.0,base cap 60%
2010-01-01,2014-05-29,2014-05-30,2014-06-06,growth_champion_v2,0.0104843790255828,0.6,0.4,0.1499999999999999,"PBR,EA,AVGO",3,0.6,1.0,base cap 60%
2010-01-01,2014-05-29,2014-05-30,2014-06-06,growth_champion_v3,0.0104843790255828,0.6,0.4,0.1499999999999999,"PBR,EA,AVGO",3,0.6,1.0,SPY and QQQ above 200D MA
2008-01-01,2014-05-29,2014-05-30,2014-06-06,growth_champion_v3,0.0109171929672727,0.6,0.4,0.1499999999999999,"PBR,EA,EXC",3,0.6,1.0,SPY and QQQ above 200D MA
2008-01-01,2014-06-05,2014-06-06,2014-06-13,growth_champion_v2,0.0101130260513754,0.6,0.4,0.1499999999999999,"LRCX,EXC,EA,PBR",4,0.6,1.0,base cap 60%
2008-01-01,2014-06-05,2014-06-06,2014-06-13,growth_champion_v3,0.0101130260513754,0.6,0.4,0.1499999999999999,"LRCX,EXC,EA,PBR",4,0.6,1.0,SPY and QQQ above 200D MA
2010-01-01,2014-06-05,2014-06-06,2014-06-13,growth_champion_v3,-0.0016072513159237,0.6,0.4,0.3,"LRCX,EXC,EA,AVGO",4,0.6,1.0,SPY and QQQ above 200D MA
2010-01-01,2014-06-05,2014-06-06,2014-06-13,growth_champion_v2,-0.0016072513159237,0.6,0.4,0.3,"LRCX,EXC,EA,AVGO",4,0.6,1.0,base cap 60%
2008-01-01,2014-06-12,2014-06-13,2014-06-20,growth_champion_v3,0.0255900906817582,0.6,0.4,0.15,"PBR,SMCI,EA,LRCX",4,0.6,1.0,SPY and QQQ above 200D MA
2010-01-01,2014-06-12,2014-06-13,2014-06-20,growth_champion_v2,0.0255900906817582,0.6,0.4,0.3,"PBR,SMCI,EA,LRCX",4,0.6,1.0,base cap 60%
2010-01-01,2014-06-12,2014-06-13,2014-06-20,growth_champion_v3,0.0255900906817582,0.6,0.4,0.3,"PBR,SMCI,EA,LRCX",4,0.6,1.0,SPY and QQQ above 200D MA
2008-01-01,2014-06-12,2014-06-13,2014-06-20,growth_champion_v2,0.0255900906817582,0.6,0.4,0.15,"PBR,SMCI,EA,LRCX",4,0.6,1.0,base cap 60%
2010-01-01,2014-06-19,2014-06-20,2014-06-27,growth_champion_v2,-0.025126670654986,0.6,0.4,0.15,"SMCI,MU,EA,PBR",4,0.6,1.0,base cap 60%
2010-01-01,2014-06-19,2014-06-20,2014-06-27,growth_champion_v3,-0.025126670654986,0.6,0.4,0.15,"SMCI,MU,EA,PBR",4,0.6,1.0,SPY and QQQ above 200D MA
2008-01-01,2014-06-19,2014-06-20,2014-06-27,growth_champion_v2,-0.025126670654986,0.6,0.4,0.15,"SMCI,MU,EA,PBR",4,0.6,1.0,base cap 60%
2008-01-01,2014-06-19,2014-06-20,2014-06-27,growth_champion_v3,-0.025126670654986,0.6,0.4,0.15,"SMCI,MU,EA,PBR",4,0.6,1.0,SPY and QQQ above 200D MA
2010-01-01,2014-06-26,2014-06-27,2014-07-07,growth_champion_v3,0.0088111871699338,0.6,0.4,0.15,"SMCI,VRTX,EA,PBR",4,0.6,1.0,SPY and QQQ above 200D MA
2010-01-01,2014-06-26,2014-06-27,2014-07-07,growth_champion_v2,0.0088111871699338,0.6,0.4,0.15,"SMCI,VRTX,EA,PBR",4,0.6,1.0,base cap 60%
2008-01-01,2014-06-26,2014-06-27,2014-07-07,growth_champion_v2,0.0088111871699338,0.6,0.4,0.15,"SMCI,VRTX,EA,PBR",4,0.6,1.0,base cap 60%
2008-01-01,2014-06-26,2014-06-27,2014-07-07,growth_champion_v3,0.0088111871699338,0.6,0.4,0.15,"SMCI,VRTX,EA,PBR",4,0.6,1.0,SPY and QQQ above 200D MA
2010-01-01,2014-07-03,2014-07-07,2014-07-14,growth_champion_v3,0.0042117089359778,0.6,0.4,0.15,"VRTX,MU,EA,SMCI",4,0.6,1.0,SPY and QQQ above 200D MA
2010-01-01,2014-07-03,2014-07-07,2014-07-14,growth_champion_v2,0.0042117089359778,0.6,0.4,0.15,"VRTX,MU,EA,SMCI",4,0.6,1.0,base cap 60%
2008-01-01,2014-07-03,2014-07-07,2014-07-14,growth_champion_v2,0.0042117089359778,0.6,0.4,0.15,"VRTX,MU,EA,SMCI",4,0.6,1.0,base cap 60%
2008-01-01,2014-07-03,2014-07-07,2014-07-14,growth_champion_v3,0.0042117089359778,0.6,0.4,0.15,"VRTX,MU,EA,SMCI",4,0.6,1.0,SPY and QQQ above 200D MA
2010-01-01,2014-07-11,2014-07-14,2014-07-21,growth_champion_v2,0.0099008115188509,0.6,0.4,0.0,"VRTX,SMCI,EA,MU",4,0.6,1.0,base cap 60%
2008-01-01,2014-07-11,2014-07-14,2014-07-21,growth_champion_v3,0.0099008115188509,0.6,0.4,0.0,"VRTX,SMCI,EA,MU",4,0.6,1.0,SPY and QQQ above 200D MA
2008-01-01,2014-07-11,2014-07-14,2014-07-21,growth_champion_v2,0.0099008115188509,0.6,0.4,0.0,"VRTX,SMCI,EA,MU",4,0.6,1.0,base cap 60%
2010-01-01,2014-07-11,2014-07-14,2014-07-21,growth_champion_v3,0.0099008115188509,0.6,0.4,0.0,"VRTX,SMCI,EA,MU",4,0.6,1.0,SPY and QQQ above 200D MA
2010-01-01,2014-07-18,2014-07-21,2014-07-28,growth_champion_v2,-0.0266894679889196,0.6,0.4,0.15,"VRTX,LRCX,EA,SMCI",4,0.6,1.0,base cap 60%
2010-01-01,2014-07-18,2014-07-21,2014-07-28,growth_champion_v3,-0.0266894679889196,0.6,0.4,0.15,"VRTX,LRCX,EA,SMCI",4,0.6,1.0,SPY and QQQ above 200D MA
2008-01-01,2014-07-18,2014-07-21,2014-07-28,growth_champion_v2,-0.0266894679889196,0.6,0.4,0.15,"VRTX,LRCX,EA,SMCI",4,0.6,1.0,base cap 60%
2008-01-01,2014-07-18,2014-07-21,2014-07-28,growth_champion_v3,-0.0266894679889196,0.6,0.4,0.15,"VRTX,LRCX,EA,SMCI",4,0.6,1.0,SPY and QQQ above 200D MA
2010-01-01,2014-07-25,2014-07-28,2014-08-04,growth_champion_v2,-0.0054715350185961,0.6,0.4,0.15,"VRTX,ISRG,SMCI,LRCX",4,0.6,1.0,base cap 60%
2008-01-01,2014-07-25,2014-07-28,2014-08-04,growth_champion_v2,-0.0054715350185961,0.6,0.4,0.15,"VRTX,ISRG,SMCI,LRCX",4,0.6,1.0,base cap 60%
2010-01-01,2014-07-25,2014-07-28,2014-08-04,growth_champion_v3,-0.0054715350185961,0.6,0.4,0.15,"VRTX,ISRG,SMCI,LRCX",4,0.6,1.0,SPY and QQQ above 200D MA
2008-01-01,2014-07-25,2014-07-28,2014-08-04,growth_champion_v3,-0.0054715350185961,0.6,0.4,0.15,"VRTX,ISRG,SMCI,LRCX",4,0.6,1.0,SPY and QQQ above 200D MA
2008-01-01,2014-08-01,2014-08-04,2014-08-11,growth_champion_v3,-0.0095902301278526,0.6,0.4,0.15,"ISRG,INTC,LRCX,VRTX",4,0.6,1.0,SPY and QQQ above 200D MA
2010-01-01,2014-08-01,2014-08-04,2014-08-11,growth_champion_v3,-0.0095902301278526,0.6,0.4,0.15,"ISRG,INTC,LRCX,VRTX",4,0.6,1.0,SPY and QQQ above 200D MA
2008-01-01,2014-08-01,2014-08-04,2014-08-11,growth_champion_v2,-0.0095902301278526,0.6,0.4,0.15,"ISRG,INTC,LRCX,VRTX",4,0.6,1.0,base cap 60%
2010-01-01,2014-08-01,2014-08-04,2014-08-11,growth_champion_v2,-0.0095902301278526,0.6,0.4,0.15,"ISRG,INTC,LRCX,VRTX",4,0.6,1.0,base cap 60%
2010-01-01,2014-08-08,2014-08-11,2014-08-18,growth_champion_v3,0.0176547259441179,0.6,0.4,0.3,"DXCM,SMCI,LRCX,INTC",4,0.6,1.0,SPY and QQQ above 200D MA
2008-01-01,2014-08-08,2014-08-11,2014-08-18,growth_champion_v3,0.0176547259441179,0.6,0.4,0.3,"DXCM,SMCI,LRCX,INTC",4,0.6,1.0,SPY and QQQ above 200D MA
2008-01-01,2014-08-08,2014-08-11,2014-08-18,growth_champion_v2,0.0176547259441179,0.6,0.4,0.3,"DXCM,SMCI,LRCX,INTC",4,0.6,1.0,base cap 60%
2010-01-01,2014-08-08,2014-08-11,2014-08-18,growth_champion_v2,0.0176547259441179,0.6,0.4,0.3,"DXCM,SMCI,LRCX,INTC",4,0.6,1.0,base cap 60%
2008-01-01,2014-08-15,2014-08-18,2014-08-25,growth_champion_v3,0.0033576753006409,0.6,0.4,0.3,"MNST,MELI,LRCX,INTC",4,0.6,1.0,SPY and QQQ above 200D MA
2010-01-01,2014-08-15,2014-08-18,2014-08-25,growth_champion_v3,0.0033576753006409,0.6,0.4,0.3,"MNST,MELI,LRCX,INTC",4,0.6,1.0,SPY and QQQ above 200D MA
2010-01-01,2014-08-15,2014-08-18,2014-08-25,growth_champion_v2,0.0033576753006409,0.6,0.4,0.3,"MNST,MELI,LRCX,INTC",4,0.6,1.0,base cap 60%
2008-01-01,2014-08-15,2014-08-18,2014-08-25,growth_champion_v2,0.0033576753006409,0.6,0.4,0.3,"MNST,MELI,LRCX,INTC",4,0.6,1.0,base cap 60%
2008-01-01,2014-08-22,2014-08-25,2014-09-02,growth_champion_v3,0.0067961437532698,0.6,0.4,0.0,"MELI,MNST,INTC,LRCX",4,0.6,1.0,SPY and QQQ above 200D MA
2008-01-01,2014-08-22,2014-08-25,2014-09-02,growth_champion_v2,0.0067961437532698,0.6,0.4,0.0,"MELI,MNST,INTC,LRCX",4,0.6,1.0,base cap 60%
2010-01-01,2014-08-22,2014-08-25,2014-09-02,growth_champion_v3,0.0067961437532698,0.6,0.4,0.0,"MELI,MNST,INTC,LRCX",4,0.6,1.0,SPY and QQQ above 200D MA
2010-01-01,2014-08-22,2014-08-25,2014-09-02,growth_champion_v2,0.0067961437532698,0.6,0.4,0.0,"MELI,MNST,INTC,LRCX",4,0.6,1.0,base cap 60%
2010-01-01,2014-08-29,2014-09-02,2014-09-09,growth_champion_v3,-0.0161641852483002,0.6,0.4,0.15,"PBR,MNST,INTC,MELI",4,0.6,1.0,SPY and QQQ above 200D MA
2008-01-01,2014-08-29,2014-09-02,2014-09-09,growth_champion_v3,-0.0161641852483002,0.6,0.4,0.15,"PBR,MNST,INTC,MELI",4,0.6,1.0,SPY and QQQ above 200D MA
2010-01-01,2014-08-29,2014-09-02,2014-09-09,growth_champion_v2,-0.0161641852483002,0.6,0.4,0.15,"PBR,MNST,INTC,MELI",4,0.6,1.0,base cap 60%
2008-01-01,2014-08-29,2014-09-02,2014-09-09,growth_champion_v2,-0.0161641852483002,0.6,0.4,0.15,"PBR,MNST,INTC,MELI",4,0.6,1.0,base cap 60%
2010-01-01,2014-09-08,2014-09-09,2014-09-16,growth_champion_v3,-0.0053403475473708,0.6,0.4,0.15,"MNST,GILD,INTC,MELI",4,0.6,1.0,SPY and QQQ above 200D MA
2010-01-01,2014-09-08,2014-09-09,2014-09-16,growth_champion_v2,-0.0053403475473708,0.6,0.4,0.15,"MNST,GILD,INTC,MELI",4,0.6,1.0,base cap 60%
2008-01-01,2014-09-08,2014-09-09,2014-09-16,growth_champion_v3,-0.0053403475473708,0.6,0.4,0.15,"MNST,GILD,INTC,MELI",4,0.6,1.0,SPY and QQQ above 200D MA
2008-01-01,2014-09-08,2014-09-09,2014-09-16,growth_champion_v2,-0.0053403475473708,0.6,0.4,0.15,"MNST,GILD,INTC,MELI",4,0.6,1.0,base cap 60%
2010-01-01,2014-09-15,2014-09-16,2014-09-23,growth_champion_v3,0.0151893904424494,0.6,0.4,0.3,"VRTX,AVGO,MNST,INTC",4,0.6,1.0,SPY and QQQ above 200D MA
2008-01-01,2014-09-15,2014-09-16,2014-09-23,growth_champion_v3,0.0161599810632556,0.6,0.4,0.15,"VRTX,GILD,MNST,INTC",4,0.6,1.0,SPY and QQQ above 200D MA
2010-01-01,2014-09-15,2014-09-16,2014-09-23,growth_champion_v2,0.0151893904424494,0.6,0.4,0.3,"VRTX,AVGO,MNST,INTC",4,0.6,1.0,base cap 60%
2008-01-01,2014-09-15,2014-09-16,2014-09-23,growth_champion_v2,0.0161599810632556,0.6,0.4,0.15,"VRTX,GILD,MNST,INTC",4,0.6,1.0,base cap 60%
2010-01-01,2014-09-22,2014-09-23,2014-09-30,growth_champion_v3,0.0133605678806848,0.6,0.4,0.0,"MNST,AVGO,INTC,VRTX",4,0.6,1.0,SPY and QQQ above 200D MA
2010-01-01,2014-09-22,2014-09-23,2014-09-30,growth_champion_v2,0.0133605678806848,0.6,0.4,0.0,"MNST,AVGO,INTC,VRTX",4,0.6,1.0,base cap 60%
2008-01-01,2014-09-22,2014-09-23,2014-09-30,growth_champion_v3,0.0157055277295532,0.6,0.4,0.15,"MNST,REGN,INTC,VRTX",4,0.6,1.0,SPY and QQQ above 200D MA
2008-01-01,2014-09-22,2014-09-23,2014-09-30,growth_champion_v2,0.0157055277295532,0.6,0.4,0.15,"MNST,REGN,INTC,VRTX",4,0.6,1.0,base cap 60%
2010-01-01,2014-09-29,2014-09-30,2014-10-07,growth_champion_v3,-0.0275265621084069,0.6,0.4,0.0,"MNST,VRTX,INTC,AVGO",4,0.6,1.0,SPY and QQQ above 200D MA
2008-01-01,2014-09-29,2014-09-30,2014-10-07,growth_champion_v2,-0.019858809199158,0.6,0.4,0.0,"MNST,VRTX,INTC,REGN",4,0.6,1.0,base cap 60%
2010-01-01,2014-09-29,2014-09-30,2014-10-07,growth_champion_v2,-0.0275265621084069,0.6,0.4,0.0,"MNST,VRTX,INTC,AVGO",4,0.6,1.0,base cap 60%
2008-01-01,2014-09-29,2014-09-30,2014-10-07,growth_champion_v3,-0.019858809199158,0.6,0.4,0.0,"MNST,VRTX,INTC,REGN",4,0.6,1.0,SPY and QQQ above 200D MA
2010-01-01,2014-10-06,2014-10-07,2014-10-14,growth_champion_v3,-0.0070639613971898,0.6,0.4,0.15,"MNST,ISRG,INTC,VRTX",4,0.6,1.0,SPY and QQQ above 200D MA
2008-01-01,2014-10-06,2014-10-07,2014-10-14,growth_champion_v2,-0.0070639613971898,0.6,0.4,0.15,"MNST,ISRG,INTC,VRTX",4,0.6,1.0,base cap 60%
2008-01-01,2014-10-06,2014-10-07,2014-10-14,growth_champion_v3,-0.0070639613971898,0.6,0.4,0.15,"MNST,ISRG,INTC,VRTX",4,0.6,1.0,SPY and QQQ above 200D MA
2010-01-01,2014-10-06,2014-10-07,2014-10-14,growth_champion_v2,-0.0070639613971898,0.6,0.4,0.15,"MNST,ISRG,INTC,VRTX",4,0.6,1.0,base cap 60%
2010-01-01,2014-10-13,2014-10-14,2014-10-21,growth_champion_v2,0.0263290220895528,0.6,0.4,0.15,"MNST,ROST,ISRG,VRTX",4,0.6,1.0,base cap 60%
2010-01-01,2014-10-13,2014-10-14,2014-10-21,growth_champion_v3,0.0263290220895528,0.6,0.4,0.15,"MNST,ROST,ISRG,VRTX",4,0.6,1.0,SPY and QQQ above 200D MA
2008-01-01,2014-10-13,2014-10-14,2014-10-21,growth_champion_v2,0.0263290220895528,0.6,0.4,0.15,"MNST,ROST,ISRG,VRTX",4,0.6,1.0,base cap 60%
2008-01-01,2014-10-13,2014-10-14,2014-10-21,growth_champion_v3,0.0263290220895528,0.6,0.4,0.15,"MNST,ROST,ISRG,VRTX",4,0.6,1.0,SPY and QQQ above 200D MA
2008-01-01,2014-10-20,2014-10-21,2014-10-28,growth_champion_v3,0.0046459775031676,0.4,0.6,0.0,"MNST,ROST,VRTX,ISRG",4,0.4,0.6666666666666667,one benchmark below 200D MA
2010-01-01,2014-10-20,2014-10-21,2014-10-28,growth_champion_v2,0.0069689662547514,0.6,0.4,0.0,"MNST,ROST,VRTX,ISRG",4,0.6,1.0,base cap 60%
2010-01-01,2014-10-20,2014-10-21,2014-10-28,growth_champion_v3,0.0046459775031676,0.4,0.6,0.0,"MNST,ROST,VRTX,ISRG",4,0.4,0.6666666666666667,one benchmark below 200D MA
2008-01-01,2014-10-20,2014-10-21,2014-10-28,growth_champion_v2,0.0069689662547514,0.6,0.4,0.0,"MNST,ROST,VRTX,ISRG",4,0.6,1.0,base cap 60%
2010-01-01,2014-10-27,2014-10-28,2014-11-04,growth_champion_v2,-0.0042722679730995,0.6,0.4,0.15,"MNST,REGN,VRTX,ISRG",4,0.6,1.0,base cap 60%
2008-01-01,2014-10-27,2014-10-28,2014-11-04,growth_champion_v3,-0.0042722679730995,0.6,0.4,0.15,"MNST,REGN,VRTX,ISRG",4,0.6,1.0,SPY and QQQ above 200D MA
2010-01-01,2014-10-27,2014-10-28,2014-11-04,growth_champion_v3,-0.0042722679730995,0.6,0.4,0.15,"MNST,REGN,VRTX,ISRG",4,0.6,1.0,SPY and QQQ above 200D MA
2008-01-01,2014-10-27,2014-10-28,2014-11-04,growth_champion_v2,-0.0042722679730995,0.6,0.4,0.15,"MNST,REGN,VRTX,ISRG",4,0.6,1.0,base cap 60%
2008-01-01,2014-11-03,2014-11-04,2014-11-11,growth_champion_v2,0.0308980282828424,0.6,0.4,0.15,"SMCI,MNST,REGN,ISRG",4,0.6,1.0,base cap 60%
2010-01-01,2014-11-03,2014-11-04,2014-11-11,growth_champion_v2,0.0308980282828424,0.6,0.4,0.15,"SMCI,MNST,REGN,ISRG",4,0.6,1.0,base cap 60%
2010-01-01,2014-11-03,2014-11-04,2014-11-11,growth_champion_v3,0.0308980282828424,0.6,0.4,0.15,"SMCI,MNST,REGN,ISRG",4,0.6,1.0,SPY and QQQ above 200D MA
2008-01-01,2014-11-03,2014-11-04,2014-11-11,growth_champion_v3,0.0308980282828424,0.6,0.4,0.15,"SMCI,MNST,REGN,ISRG",4,0.6,1.0,SPY and QQQ above 200D MA
2010-01-01,2014-11-10,2014-11-11,2014-11-18,growth_champion_v3,0.0070615672102173,0.6,0.4,0.15,"SMCI,DXCM,MNST,REGN",4,0.6,1.0,SPY and QQQ above 200D MA
2008-01-01,2014-11-10,2014-11-11,2014-11-18,growth_champion_v3,0.0070615672102173,0.6,0.4,0.15,"SMCI,DXCM,MNST,REGN",4,0.6,1.0,SPY and QQQ above 200D MA
2010-01-01,2014-11-10,2014-11-11,2014-11-18,growth_champion_v2,0.0070615672102173,0.6,0.4,0.15,"SMCI,DXCM,MNST,REGN",4,0.6,1.0,base cap 60%
2008-01-01,2014-11-10,2014-11-11,2014-11-18,growth_champion_v2,0.0070615672102173,0.6,0.4,0.15,"SMCI,DXCM,MNST,REGN",4,0.6,1.0,base cap 60%
2008-01-01,2014-11-17,2014-11-18,2014-11-25,growth_champion_v3,-0.004489617682777,0.6,0.4,0.0,"SMCI,MNST,REGN,DXCM",4,0.6,1.0,SPY and QQQ above 200D MA
2010-01-01,2014-11-17,2014-11-18,2014-11-25,growth_champion_v2,-0.004489617682777,0.6,0.4,0.0,"SMCI,MNST,REGN,DXCM",4,0.6,1.0,base cap 60%
2008-01-01,2014-11-17,2014-11-18,2014-11-25,growth_champion_v2,-0.004489617682777,0.6,0.4,0.0,"SMCI,MNST,REGN,DXCM",4,0.6,1.0,base cap 60%
2010-01-01,2014-11-17,2014-11-18,2014-11-25,growth_champion_v3,-0.004489617682777,0.6,0.4,0.0,"SMCI,MNST,REGN,DXCM",4,0.6,1.0,SPY and QQQ above 200D MA
2010-01-01,2014-11-24,2014-11-25,2014-12-03,growth_champion_v3,-8.042536677536124e-05,0.6,0.4,0.15,"SMCI,MELI,MNST,REGN",4,0.6,1.0,SPY and QQQ above 200D MA
2008-01-01,2014-11-24,2014-11-25,2014-12-03,growth_champion_v3,-8.042536677536124e-05,0.6,0.4,0.15,"SMCI,MELI,MNST,REGN",4,0.6,1.0,SPY and QQQ above 200D MA
2008-01-01,2014-11-24,2014-11-25,2014-12-03,growth_champion_v2,-8.042536677536124e-05,0.6,0.4,0.15,"SMCI,MELI,MNST,REGN",4,0.6,1.0,base cap 60%
2010-01-01,2014-11-24,2014-11-25,2014-12-03,growth_champion_v2,-8.042536677536124e-05,0.6,0.4,0.15,"SMCI,MELI,MNST,REGN",4,0.6,1.0,base cap 60%
2010-01-01,2014-12-02,2014-12-03,2014-12-10,growth_champion_v3,-0.0069184667041753,0.6,0.4,0.3,"DXCM,VRTX,MNST,MELI",4,0.6,1.0,SPY and QQQ above 200D MA
2010-01-01,2014-12-02,2014-12-03,2014-12-10,growth_champion_v2,-0.0069184667041753,0.6,0.4,0.3,"DXCM,VRTX,MNST,MELI",4,0.6,1.0,base cap 60%
2008-01-01,2014-12-02,2014-12-03,2014-12-10,growth_champion_v3,-0.0069184667041753,0.6,0.4,0.3,"DXCM,VRTX,MNST,MELI",4,0.6,1.0,SPY and QQQ above 200D MA
2008-01-01,2014-12-02,2014-12-03,2014-12-10,growth_champion_v2,-0.0069184667041753,0.6,0.4,0.3,"DXCM,VRTX,MNST,MELI",4,0.6,1.0,base cap 60%
2008-01-01,2014-12-09,2014-12-10,2014-12-17,growth_champion_v3,-0.008035780390545,0.6,0.4,0.15,"DXCM,REGN,MNST,MELI",4,0.6,1.0,SPY and QQQ above 200D MA
2010-01-01,2014-12-09,2014-12-10,2014-12-17,growth_champion_v2,-0.008035780390545,0.6,0.4,0.15,"DXCM,REGN,MNST,MELI",4,0.6,1.0,base cap 60%
2010-01-01,2014-12-09,2014-12-10,2014-12-17,growth_champion_v3,-0.008035780390545,0.6,0.4,0.15,"DXCM,REGN,MNST,MELI",4,0.6,1.0,SPY and QQQ above 200D MA
2008-01-01,2014-12-09,2014-12-10,2014-12-17,growth_champion_v2,-0.008035780390545,0.6,0.4,0.15,"DXCM,REGN,MNST,MELI",4,0.6,1.0,base cap 60%
2008-01-01,2014-12-16,2014-12-17,2014-12-24,growth_champion_v2,0.0059200339048644,0.6,0.4,0.15,"DXCM,EA,MNST,REGN",4,0.6,1.0,base cap 60%
2010-01-01,2014-12-16,2014-12-17,2014-12-24,growth_champion_v3,0.0059200339048644,0.6,0.4,0.15,"DXCM,EA,MNST,REGN",4,0.6,1.0,SPY and QQQ above 200D MA
2008-01-01,2014-12-16,2014-12-17,2014-12-24,growth_champion_v3,0.0059200339048644,0.6,0.4,0.15,"DXCM,EA,MNST,REGN",4,0.6,1.0,SPY and QQQ above 200D MA
2010-01-01,2014-12-16,2014-12-17,2014-12-24,growth_champion_v2,0.0059200339048644,0.6,0.4,0.15,"DXCM,EA,MNST,REGN",4,0.6,1.0,base cap 60%
2008-01-01,2014-12-23,2014-12-24,2015-01-02,growth_champion_v2,-0.0069877659011534,0.6,0.4,0.0,"EA,DXCM,MNST,REGN",4,0.6,1.0,base cap 60%
2008-01-01,2014-12-23,2014-12-24,2015-01-02,growth_champion_v3,-0.0069877659011534,0.6,0.4,0.0,"EA,DXCM,MNST,REGN",4,0.6,1.0,SPY and QQQ above 200D MA
2010-01-01,2014-12-23,2014-12-24,2015-01-02,growth_champion_v2,-0.0069877659011534,0.6,0.4,0.0,"EA,DXCM,MNST,REGN",4,0.6,1.0,base cap 60%
2010-01-01,2014-12-23,2014-12-24,2015-01-02,growth_champion_v3,-0.0069877659011534,0.6,0.4,0.0,"EA,DXCM,MNST,REGN",4,0.6,1.0,SPY and QQQ above 200D MA
2010-01-01,2014-12-31,2015-01-02,2015-01-09,growth_champion_v3,0.0138213199796925,0.6,0.4,0.15,"SMCI,EA,MNST,REGN",4,0.6,1.0,SPY and QQQ above 200D MA
2008-01-01,2014-12-31,2015-01-02,2015-01-09,growth_champion_v2,0.0138213199796925,0.6,0.4,0.15,"SMCI,EA,MNST,REGN",4,0.6,1.0,base cap 60%
2010-01-01,2014-12-31,2015-01-02,2015-01-09,growth_champion_v2,0.0138213199796925,0.6,0.4,0.15,"SMCI,EA,MNST,REGN",4,0.6,1.0,base cap 60%
2008-01-01,2014-12-31,2015-01-02,2015-01-09,growth_champion_v3,0.0138213199796925,0.6,0.4,0.15,"SMCI,EA,MNST,REGN",4,0.6,1.0,SPY and QQQ above 200D MA
2008-01-01,2015-01-08,2015-01-09,2015-01-16,growth_champion_v2,-0.0042095540885162,0.6,0.4,0.15,"SMCI,ON,EA,REGN",4,0.6,1.0,base cap 60%
2010-01-01,2015-01-08,2015-01-09,2015-01-16,growth_champion_v2,0.0017750675643172,0.6,0.4,0.15,"SMCI,AVGO,EA,REGN",4,0.6,1.0,base cap 60%
2008-01-01,2015-01-08,2015-01-09,2015-01-16,growth_champion_v3,-0.0042095540885162,0.6,0.4,0.15,"SMCI,ON,EA,REGN",4,0.6,1.0,SPY and QQQ above 200D MA
2010-01-01,2015-01-08,2015-01-09,2015-01-16,growth_champion_v3,0.0017750675643172,0.6,0.4,0.15,"SMCI,AVGO,EA,REGN",4,0.6,1.0,SPY and QQQ above 200D MA
2008-01-01,2015-01-15,2015-01-16,2015-01-26,growth_champion_v3,0.0257783957175396,0.6,0.4,0.3,"DXCM,IDXX,EA,REGN",4,0.6,1.0,SPY and QQQ above 200D MA
2010-01-01,2015-01-15,2015-01-16,2015-01-26,growth_champion_v3,0.0257783957175396,0.6,0.4,0.3,"DXCM,IDXX,EA,REGN",4,0.6,1.0,SPY and QQQ above 200D MA
2008-01-01,2015-01-15,2015-01-16,2015-01-26,growth_champion_v2,0.0257783957175396,0.6,0.4,0.3,"DXCM,IDXX,EA,REGN",4,0.6,1.0,base cap 60%
2010-01-01,2015-01-15,2015-01-16,2015-01-26,growth_champion_v2,0.0257783957175396,0.6,0.4,0.3,"DXCM,IDXX,EA,REGN",4,0.6,1.0,base cap 60%
2008-01-01,2015-01-23,2015-01-26,2015-02-02,growth_champion_v3,0.0068423047090853,0.6,0.4,0.15,"DXCM,TTWO,REGN,EA",4,0.6,1.0,SPY and QQQ above 200D MA
2008-01-01,2015-01-23,2015-01-26,2015-02-02,growth_champion_v2,0.0068423047090853,0.6,0.4,0.15,"DXCM,TTWO,REGN,EA",4,0.6,1.0,base cap 60%
2010-01-01,2015-01-23,2015-01-26,2015-02-02,growth_champion_v2,0.0068423047090853,0.6,0.4,0.15,"DXCM,TTWO,REGN,EA",4,0.6,1.0,base cap 60%
2010-01-01,2015-01-23,2015-01-26,2015-02-02,growth_champion_v3,0.0068423047090853,0.6,0.4,0.15,"DXCM,TTWO,REGN,EA",4,0.6,1.0,SPY and QQQ above 200D MA
2008-01-01,2015-01-30,2015-02-02,2015-02-09,growth_champion_v2,-0.0144054751957906,0.6,0.4,0.0,"EA,DXCM,TTWO,REGN",4,0.6,1.0,base cap 60%
2010-01-01,2015-01-30,2015-02-02,2015-02-09,growth_champion_v2,-0.0144054751957906,0.6,0.4,0.0,"EA,DXCM,TTWO,REGN",4,0.6,1.0,base cap 60%
2010-01-01,2015-01-30,2015-02-02,2015-02-09,growth_champion_v3,-0.0144054751957906,0.6,0.4,0.0,"EA,DXCM,TTWO,REGN",4,0.6,1.0,SPY and QQQ above 200D MA
2008-01-01,2015-01-30,2015-02-02,2015-02-09,growth_champion_v3,-0.0144054751957906,0.6,0.4,0.0,"EA,DXCM,TTWO,REGN",4,0.6,1.0,SPY and QQQ above 200D MA
2008-01-01,2015-02-06,2015-02-09,2015-02-17,growth_champion_v3,0.0121532932858781,0.6,0.4,0.3,"SONY,ON,TTWO,DXCM",4,0.6,1.0,SPY and QQQ above 200D MA
2010-01-01,2015-02-06,2015-02-09,2015-02-17,growth_champion_v3,0.0121532932858781,0.6,0.4,0.3,"SONY,ON,TTWO,DXCM",4,0.6,1.0,SPY and QQQ above 200D MA
2010-01-01,2015-02-06,2015-02-09,2015-02-17,growth_champion_v2,0.0121532932858781,0.6,0.4,0.3,"SONY,ON,TTWO,DXCM",4,0.6,1.0,base cap 60%
2008-01-01,2015-02-06,2015-02-09,2015-02-17,growth_champion_v2,0.0121532932858781,0.6,0.4,0.3,"SONY,ON,TTWO,DXCM",4,0.6,1.0,base cap 60%
2010-01-01,2015-02-13,2015-02-17,2015-02-24,growth_champion_v2,0.0015544770636804,0.6,0.4,0.0,"ON,SONY,TTWO,DXCM",4,0.6,1.0,base cap 60%
2010-01-01,2015-02-13,2015-02-17,2015-02-24,growth_champion_v3,0.0015544770636804,0.6,0.4,0.0,"ON,SONY,TTWO,DXCM",4,0.6,1.0,SPY and QQQ above 200D MA
2008-01-01,2015-02-13,2015-02-17,2015-02-24,growth_champion_v3,0.0015544770636804,0.6,0.4,0.0,"ON,SONY,TTWO,DXCM",4,0.6,1.0,SPY and QQQ above 200D MA
2008-01-01,2015-02-13,2015-02-17,2015-02-24,growth_champion_v2,0.0015544770636804,0.6,0.4,0.0,"ON,SONY,TTWO,DXCM",4,0.6,1.0,base cap 60%
2010-01-01,2015-02-23,2015-02-24,2015-03-03,growth_champion_v3,0.0049012472310598,0.6,0.4,0.15,"ON,BIIB,DXCM,SONY",4,0.6,1.0,SPY and QQQ above 200D MA
2008-01-01,2015-02-23,2015-02-24,2015-03-03,growth_champion_v3,0.0049012472310598,0.6,0.4,0.15,"ON,BIIB,DXCM,SONY",4,0.6,1.0,SPY and QQQ above 200D MA
2010-01-01,2015-02-23,2015-02-24,2015-03-03,growth_champion_v2,0.0049012472310598,0.6,0.4,0.15,"ON,BIIB,DXCM,SONY",4,0.6,1.0,base cap 60%
2008-01-01,2015-02-23,2015-02-24,2015-03-03,growth_champion_v2,0.0049012472310598,0.6,0.4,0.15,"ON,BIIB,DXCM,SONY",4,0.6,1.0,base cap 60%
2010-01-01,2015-03-02,2015-03-03,2015-03-10,growth_champion_v2,-0.0060264777190181,0.6,0.4,0.15,"ON,AVGO,DXCM,BIIB",4,0.6,1.0,base cap 60%
2008-01-01,2015-03-02,2015-03-03,2015-03-10,growth_champion_v2,-0.0074855533426718,0.6,0.4,0.15,"ON,MNST,DXCM,BIIB",4,0.6,1.0,base cap 60%
2008-01-01,2015-03-02,2015-03-03,2015-03-10,growth_champion_v3,-0.0074855533426718,0.6,0.4,0.15,"ON,MNST,DXCM,BIIB",4,0.6,1.0,SPY and QQQ above 200D MA
2010-01-01,2015-03-02,2015-03-03,2015-03-10,growth_champion_v3,-0.0060264777190181,0.6,0.4,0.15,"ON,AVGO,DXCM,BIIB",4,0.6,1.0,SPY and QQQ above 200D MA
2008-01-01,2015-03-09,2015-03-10,2015-03-17,growth_champion_v2,0.0050442156960285,0.6,0.4,0.1499999999999999,"MNST,ON,BIIB",3,0.6,1.0,base cap 60%
2010-01-01,2015-03-09,2015-03-10,2015-03-17,growth_champion_v2,0.0085545731647759,0.6,0.4,0.15,"MNST,AVGO,BIIB,ON",4,0.6,1.0,base cap 60%
2010-01-01,2015-03-09,2015-03-10,2015-03-17,growth_champion_v3,0.0085545731647759,0.6,0.4,0.15,"MNST,AVGO,BIIB,ON",4,0.6,1.0,SPY and QQQ above 200D MA
2008-01-01,2015-03-09,2015-03-10,2015-03-17,growth_champion_v3,0.0050442156960285,0.6,0.4,0.1499999999999999,"MNST,ON,BIIB",3,0.6,1.0,SPY and QQQ above 200D MA
2010-01-01,2015-03-16,2015-03-17,2015-03-24,growth_champion_v3,0.0138223390881065,0.6,0.4,0.0,"AVGO,MNST,ON,BIIB",4,0.6,1.0,SPY and QQQ above 200D MA
2008-01-01,2015-03-16,2015-03-17,2015-03-24,growth_champion_v3,0.0115932506002533,0.6,0.4,0.0,"MNST,ON,BIIB",3,0.6,1.0,SPY and QQQ above 200D MA
2010-01-01,2015-03-16,2015-03-17,2015-03-24,growth_champion_v2,0.0138223390881065,0.6,0.4,0.0,"AVGO,MNST,ON,BIIB",4,0.6,1.0,base cap 60%
2008-01-01,2015-03-16,2015-03-17,2015-03-24,growth_champion_v2,0.0115932506002533,0.6,0.4,0.0,"MNST,ON,BIIB",3,0.6,1.0,base cap 60%
2010-01-01,2015-03-23,2015-03-24,2015-03-31,growth_champion_v3,-0.0206102844433622,0.6,0.4,0.0,"BIIB,AVGO,MNST,ON",4,0.6,1.0,SPY and QQQ above 200D MA
2008-01-01,2015-03-23,2015-03-24,2015-03-31,growth_champion_v3,-0.0179898610161275,0.6,0.4,0.1499999999999999,"BIIB,SONY,MNST,ON",4,0.6,1.0,SPY and QQQ above 200D MA
2008-01-01,2015-03-23,2015-03-24,2015-03-31,growth_champion_v2,-0.0179898610161275,0.6,0.4,0.1499999999999999,"BIIB,SONY,MNST,ON",4,0.6,1.0,base cap 60%
2010-01-01,2015-03-23,2015-03-24,2015-03-31,growth_champion_v2,-0.0206102844433622,0.6,0.4,0.0,"BIIB,AVGO,MNST,ON",4,0.6,1.0,base cap 60%
2010-01-01,2015-03-30,2015-03-31,2015-04-08,growth_champion_v2,0.0050832359139365,0.6,0.4,0.15,"NVO,AVGO,MNST,BIIB",4,0.6,1.0,base cap 60%
2008-01-01,2015-03-30,2015-03-31,2015-04-08,growth_champion_v2,0.0206549487290204,0.6,0.4,0.15,"NVO,SONY,MNST,BIIB",4,0.6,1.0,base cap 60%
2008-01-01,2015-03-30,2015-03-31,2015-04-08,growth_champion_v3,0.0206549487290204,0.6,0.4,0.15,"NVO,SONY,MNST,BIIB",4,0.6,1.0,SPY and QQQ above 200D MA
2010-01-01,2015-03-30,2015-03-31,2015-04-08,growth_champion_v3,0.0050832359139365,0.6,0.4,0.15,"NVO,AVGO,MNST,BIIB",4,0.6,1.0,SPY and QQQ above 200D MA
2010-01-01,2015-04-07,2015-04-08,2015-04-15,growth_champion_v3,0.0103871914745891,0.6,0.4,0.15,"NVO,SONY,AVGO,MNST",4,0.6,1.0,SPY and QQQ above 200D MA
2008-01-01,2015-04-07,2015-04-08,2015-04-15,growth_champion_v3,0.0134149552431472,0.6,0.4,0.0,"NVO,SONY,BIIB,MNST",4,0.6,1.0,SPY and QQQ above 200D MA
2010-01-01,2015-04-07,2015-04-08,2015-04-15,growth_champion_v2,0.0103871914745891,0.6,0.4,0.15,"NVO,SONY,AVGO,MNST",4,0.6,1.0,base cap 60%
2008-01-01,2015-04-07,2015-04-08,2015-04-15,growth_champion_v2,0.0134149552431472,0.6,0.4,0.0,"NVO,SONY,BIIB,MNST",4,0.6,1.0,base cap 60%
2010-01-01,2015-04-14,2015-04-15,2015-04-22,growth_champion_v2,0.0089024969334075,0.6,0.4,0.15,"SONY,PBR,NVO,AVGO",4,0.6,1.0,base cap 60%
2010-01-01,2015-04-14,2015-04-15,2015-04-22,growth_champion_v3,0.0089024969334075,0.6,0.4,0.15,"SONY,PBR,NVO,AVGO",4,0.6,1.0,SPY and QQQ above 200D MA
2008-01-01,2015-04-14,2015-04-15,2015-04-22,growth_champion_v3,0.0039474531884473,0.6,0.4,0.15,"SONY,PBR,NVO,BIIB",4,0.6,1.0,SPY and QQQ above 200D MA
2008-01-01,2015-04-14,2015-04-15,2015-04-22,growth_champion_v2,0.0039474531884473,0.6,0.4,0.15,"SONY,PBR,NVO,BIIB",4,0.6,1.0,base cap 60%
2010-01-01,2015-04-21,2015-04-22,2015-04-29,growth_champion_v2,-0.0065462739007857,0.6,0.4,0.15,"PBR,NFLX,NVO,AVGO",4,0.6,1.0,base cap 60%
2010-01-01,2015-04-21,2015-04-22,2015-04-29,growth_champion_v3,-0.0065462739007857,0.6,0.4,0.15,"PBR,NFLX,NVO,AVGO",4,0.6,1.0,SPY and QQQ above 200D MA
2008-01-01,2015-04-21,2015-04-22,2015-04-29,growth_champion_v3,-0.007889010764581,0.6,0.4,0.15,"PBR,NFLX,NVO,BIIB",4,0.6,1.0,SPY and QQQ above 200D MA
2008-01-01,2015-04-21,2015-04-22,2015-04-29,growth_champion_v2,-0.007889010764581,0.6,0.4,0.15,"PBR,NFLX,NVO,BIIB",4,0.6,1.0,base cap 60%
2008-01-01,2015-04-28,2015-04-29,2015-05-06,growth_champion_v2,0.0077136884952949,0.6,0.4,0.1499999999999999,"PBR,NFLX,NVO",3,0.6,1.0,base cap 60%
2010-01-01,2015-04-28,2015-04-29,2015-05-06,growth_champion_v3,0.0054648363979295,0.6,0.4,0.0,"PBR,NFLX,NVO,AVGO",4,0.6,1.0,SPY and QQQ above 200D MA
2008-01-01,2015-04-28,2015-04-29,2015-05-06,growth_champion_v3,0.0077136884952949,0.6,0.4,0.1499999999999999,"PBR,NFLX,NVO",3,0.6,1.0,SPY and QQQ above 200D MA
2010-01-01,2015-04-28,2015-04-29,2015-05-06,growth_champion_v2,0.0054648363979295,0.6,0.4,0.0,"PBR,NFLX,NVO,AVGO",4,0.6,1.0,base cap 60%
2008-01-01,2015-05-05,2015-05-06,2015-05-13,growth_champion_v3,-0.0120360234033271,0.6,0.4,0.1499999999999999,"PBR,VALE,NVO,NFLX",4,0.6,1.0,SPY and QQQ above 200D MA
2010-01-01,2015-05-05,2015-05-06,2015-05-13,growth_champion_v3,-0.0120360234033271,0.6,0.4,0.15,"PBR,VALE,NVO,NFLX",4,0.6,1.0,SPY and QQQ above 200D MA
2010-01-01,2015-05-05,2015-05-06,2015-05-13,growth_champion_v2,-0.0120360234033271,0.6,0.4,0.15,"PBR,VALE,NVO,NFLX",4,0.6,1.0,base cap 60%
2008-01-01,2015-05-05,2015-05-06,2015-05-13,growth_champion_v2,-0.0120360234033271,0.6,0.4,0.1499999999999999,"PBR,VALE,NVO,NFLX",4,0.6,1.0,base cap 60%
2008-01-01,2015-05-12,2015-05-13,2015-05-20,growth_champion_v2,-0.0073531803991402,0.6,0.4,0.0,"PBR,NFLX,NVO,VALE",4,0.6,1.0,base cap 60%
2010-01-01,2015-05-12,2015-05-13,2015-05-20,growth_champion_v2,-0.0073531803991402,0.6,0.4,0.0,"PBR,NFLX,NVO,VALE",4,0.6,1.0,base cap 60%
2008-01-01,2015-05-12,2015-05-13,2015-05-20,growth_champion_v3,-0.0073531803991402,0.6,0.4,0.0,"PBR,NFLX,NVO,VALE",4,0.6,1.0,SPY and QQQ above 200D MA
2010-01-01,2015-05-12,2015-05-13,2015-05-20,growth_champion_v3,-0.0073531803991402,0.6,0.4,0.0,"PBR,NFLX,NVO,VALE",4,0.6,1.0,SPY and QQQ above 200D MA
2008-01-01,2015-05-19,2015-05-20,2015-05-28,growth_champion_v2,-0.0093255278332592,0.6,0.4,0.1499999999999999,"PBR,NFLX,NVO",3,0.6,1.0,base cap 60%
2008-01-01,2015-05-19,2015-05-20,2015-05-28,growth_champion_v3,-0.0093255278332592,0.6,0.4,0.1499999999999999,"PBR,NFLX,NVO",3,0.6,1.0,SPY and QQQ above 200D MA
2010-01-01,2015-05-19,2015-05-20,2015-05-28,growth_champion_v3,-0.0093255278332592,0.6,0.4,0.1499999999999999,"PBR,NFLX,NVO",3,0.6,1.0,SPY and QQQ above 200D MA
2010-01-01,2015-05-19,2015-05-20,2015-05-28,growth_champion_v2,-0.0093255278332592,0.6,0.4,0.1499999999999999,"PBR,NFLX,NVO",3,0.6,1.0,base cap 60%
2008-01-01,2015-05-27,2015-05-28,2015-06-04,growth_champion_v2,0.000122306501268,0.6,0.4,0.1499999999999999,"NFLX,REGN,NVO,PBR",4,0.6,1.0,base cap 60%
2010-01-01,2015-05-27,2015-05-28,2015-06-04,growth_champion_v3,0.000122306501268,0.6,0.4,0.1499999999999999,"NFLX,REGN,NVO,PBR",4,0.6,1.0,SPY and QQQ above 200D MA
2008-01-01,2015-05-27,2015-05-28,2015-06-04,growth_champion_v3,0.000122306501268,0.6,0.4,0.1499999999999999,"NFLX,REGN,NVO,PBR",4,0.6,1.0,SPY and QQQ above 200D MA
2010-01-01,2015-05-27,2015-05-28,2015-06-04,growth_champion_v2,0.000122306501268,0.6,0.4,0.1499999999999999,"NFLX,REGN,NVO,PBR",4,0.6,1.0,base cap 60%
2010-01-01,2015-06-03,2015-06-04,2015-06-11,growth_champion_v2,0.0163793940428924,0.6,0.4,0.0,"PBR,NFLX,NVO,REGN",4,0.6,1.0,base cap 60%
2008-01-01,2015-06-03,2015-06-04,2015-06-11,growth_champion_v2,0.0163793940428924,0.6,0.4,0.0,"PBR,NFLX,NVO,REGN",4,0.6,1.0,base cap 60%
2008-01-01,2015-06-03,2015-06-04,2015-06-11,growth_champion_v3,0.0163793940428924,0.6,0.4,0.0,"PBR,NFLX,NVO,REGN",4,0.6,1.0,SPY and QQQ above 200D MA
2010-01-01,2015-06-03,2015-06-04,2015-06-11,growth_champion_v3,0.0163793940428924,0.6,0.4,0.0,"PBR,NFLX,NVO,REGN",4,0.6,1.0,SPY and QQQ above 200D MA
2008-01-01,2015-06-10,2015-06-11,2015-06-18,growth_champion_v3,0.0117301478591577,0.6,0.4,0.0,"PBR,NFLX,NVO,REGN",4,0.6,1.0,SPY and QQQ above 200D MA
2010-01-01,2015-06-10,2015-06-11,2015-06-18,growth_champion_v2,0.0117301478591577,0.6,0.4,0.0,"PBR,NFLX,NVO,REGN",4,0.6,1.0,base cap 60%
2008-01-01,2015-06-10,2015-06-11,2015-06-18,growth_champion_v2,0.0117301478591577,0.6,0.4,0.0,"PBR,NFLX,NVO,REGN",4,0.6,1.0,base cap 60%
2010-01-01,2015-06-10,2015-06-11,2015-06-18,growth_champion_v3,0.0117301478591577,0.6,0.4,0.0,"PBR,NFLX,NVO,REGN",4,0.6,1.0,SPY and QQQ above 200D MA
2008-01-01,2015-06-17,2015-06-18,2015-06-25,growth_champion_v2,-0.010769358757248,0.6,0.4,0.0,"PBR,NFLX,NVO,REGN",4,0.6,1.0,base cap 60%
2008-01-01,2015-06-17,2015-06-18,2015-06-25,growth_champion_v3,-0.010769358757248,0.6,0.4,0.0,"PBR,NFLX,NVO,REGN",4,0.6,1.0,SPY and QQQ above 200D MA
2010-01-01,2015-06-17,2015-06-18,2015-06-25,growth_champion_v3,-0.010769358757248,0.6,0.4,0.0,"PBR,NFLX,NVO,REGN",4,0.6,1.0,SPY and QQQ above 200D MA
2010-01-01,2015-06-17,2015-06-18,2015-06-25,growth_champion_v2,-0.010769358757248,0.6,0.4,0.0,"PBR,NFLX,NVO,REGN",4,0.6,1.0,base cap 60%
2008-01-01,2015-06-24,2015-06-25,2015-07-02,growth_champion_v3,-0.0104452051232384,0.6,0.4,0.0,"PBR,NFLX,NVO,REGN",4,0.6,1.0,SPY and QQQ above 200D MA
2010-01-01,2015-06-24,2015-06-25,2015-07-02,growth_champion_v3,-0.0104452051232384,0.6,0.4,0.0,"PBR,NFLX,NVO,REGN",4,0.6,1.0,SPY and QQQ above 200D MA
2010-01-01,2015-06-24,2015-06-25,2015-07-02,growth_champion_v2,-0.0104452051232384,0.6,0.4,0.0,"PBR,NFLX,NVO,REGN",4,0.6,1.0,base cap 60%
2008-01-01,2015-06-24,2015-06-25,2015-07-02,growth_champion_v2,-0.0104452051232384,0.6,0.4,0.0,"PBR,NFLX,NVO,REGN",4,0.6,1.0,base cap 60%
2010-01-01,2015-07-01,2015-07-02,2015-07-10,growth_champion_v2,0.0057667588552551,0.6,0.4,0.15,"NFLX,DXCM,REGN,PBR",4,0.6,1.0,base cap 60%
2008-01-01,2015-07-01,2015-07-02,2015-07-10,growth_champion_v3,0.0057667588552551,0.6,0.4,0.15,"NFLX,DXCM,REGN,PBR",4,0.6,1.0,SPY and QQQ above 200D MA
2008-01-01,2015-07-01,2015-07-02,2015-07-10,growth_champion_v2,0.0057667588552551,0.6,0.4,0.15,"NFLX,DXCM,REGN,PBR",4,0.6,1.0,base cap 60%
2010-01-01,2015-07-01,2015-07-02,2015-07-10,growth_champion_v3,0.0057667588552551,0.6,0.4,0.15,"NFLX,DXCM,REGN,PBR",4,0.6,1.0,SPY and QQQ above 200D MA
2008-01-01,2015-07-09,2015-07-10,2015-07-17,growth_champion_v2,0.0416911576053667,0.6,0.4,0.15,"NFLX,EA,DXCM,REGN",4,0.6,1.0,base cap 60%
2010-01-01,2015-07-09,2015-07-10,2015-07-17,growth_champion_v3,0.0416911576053667,0.6,0.4,0.15,"NFLX,EA,DXCM,REGN",4,0.6,1.0,SPY and QQQ above 200D MA
2008-01-01,2015-07-09,2015-07-10,2015-07-17,growth_champion_v3,0.0416911576053667,0.6,0.4,0.15,"NFLX,EA,DXCM,REGN",4,0.6,1.0,SPY and QQQ above 200D MA
2010-01-01,2015-07-09,2015-07-10,2015-07-17,growth_champion_v2,0.0416911576053667,0.6,0.4,0.15,"NFLX,EA,DXCM,REGN",4,0.6,1.0,base cap 60%
2010-01-01,2015-07-16,2015-07-17,2015-07-24,growth_champion_v3,-0.0135119725148994,0.6,0.4,0.0,"NFLX,EA,DXCM,REGN",4,0.6,1.0,SPY and QQQ above 200D MA
2008-01-01,2015-07-16,2015-07-17,2015-07-24,growth_champion_v3,-0.0135119725148994,0.6,0.4,0.0,"NFLX,EA,DXCM,REGN",4,0.6,1.0,SPY and QQQ above 200D MA
2008-01-01,2015-07-16,2015-07-17,2015-07-24,growth_champion_v2,-0.0135119725148994,0.6,0.4,0.0,"NFLX,EA,DXCM,REGN",4,0.6,1.0,base cap 60%
2010-01-01,2015-07-16,2015-07-17,2015-07-24,growth_champion_v2,-0.0135119725148994,0.6,0.4,0.0,"NFLX,EA,DXCM,REGN",4,0.6,1.0,base cap 60%
2010-01-01,2015-07-23,2015-07-24,2015-07-31,growth_champion_v3,0.0135291741596344,0.6,0.4,0.15,"NFLX,GOOGL,DXCM,REGN",4,0.6,1.0,SPY and QQQ above 200D MA
2008-01-01,2015-07-23,2015-07-24,2015-07-31,growth_champion_v3,0.0135291741596344,0.6,0.4,0.15,"NFLX,GOOGL,DXCM,REGN",4,0.6,1.0,SPY and QQQ above 200D MA
2008-01-01,2015-07-23,2015-07-24,2015-07-31,growth_champion_v2,0.0135291741596344,0.6,0.4,0.15,"NFLX,GOOGL,DXCM,REGN",4,0.6,1.0,base cap 60%
2010-01-01,2015-07-23,2015-07-24,2015-07-31,growth_champion_v2,0.0135291741596344,0.6,0.4,0.15,"NFLX,GOOGL,DXCM,REGN",4,0.6,1.0,base cap 60%
2008-01-01,2015-07-30,2015-07-31,2015-08-07,growth_champion_v3,0.0256863640825645,0.6,0.4,0.15,"NFLX,TTWO,DXCM,GOOGL",4,0.6,1.0,SPY and QQQ above 200D MA
2010-01-01,2015-07-30,2015-07-31,2015-08-07,growth_champion_v3,0.0256863640825645,0.6,0.4,0.15,"NFLX,TTWO,DXCM,GOOGL",4,0.6,1.0,SPY and QQQ above 200D MA
2008-01-01,2015-07-30,2015-07-31,2015-08-07,growth_champion_v2,0.0256863640825645,0.6,0.4,0.15,"NFLX,TTWO,DXCM,GOOGL",4,0.6,1.0,base cap 60%
2010-01-01,2015-07-30,2015-07-31,2015-08-07,growth_champion_v2,0.0256863640825645,0.6,0.4,0.15,"NFLX,TTWO,DXCM,GOOGL",4,0.6,1.0,base cap 60%
2010-01-01,2015-08-06,2015-08-07,2015-08-14,growth_champion_v2,0.0124483779827469,0.6,0.4,0.0,"NFLX,DXCM,TTWO,GOOGL",4,0.6,1.0,base cap 60%
2008-01-01,2015-08-06,2015-08-07,2015-08-14,growth_champion_v3,0.0124483779827469,0.6,0.4,0.0,"NFLX,DXCM,TTWO,GOOGL",4,0.6,1.0,SPY and QQQ above 200D MA
2008-01-01,2015-08-06,2015-08-07,2015-08-14,growth_champion_v2,0.0124483779827469,0.6,0.4,0.0,"NFLX,DXCM,TTWO,GOOGL",4,0.6,1.0,base cap 60%
2010-01-01,2015-08-06,2015-08-07,2015-08-14,growth_champion_v3,0.0124483779827469,0.6,0.4,0.0,"NFLX,DXCM,TTWO,GOOGL",4,0.6,1.0,SPY and QQQ above 200D MA
2008-01-01,2015-08-13,2015-08-14,2015-08-21,growth_champion_v3,-0.0549523027373934,0.6,0.4,0.0,"DXCM,NFLX,TTWO,GOOGL",4,0.6,1.0,SPY and QQQ above 200D MA
2010-01-01,2015-08-13,2015-08-14,2015-08-21,growth_champion_v2,-0.0549523027373934,0.6,0.4,0.0,"DXCM,NFLX,TTWO,GOOGL",4,0.6,1.0,base cap 60%
2010-01-01,2015-08-13,2015-08-14,2015-08-21,growth_champion_v3,-0.0549523027373934,0.6,0.4,0.0,"DXCM,NFLX,TTWO,GOOGL",4,0.6,1.0,SPY and QQQ above 200D MA
2008-01-01,2015-08-13,2015-08-14,2015-08-21,growth_champion_v2,-0.0549523027373934,0.6,0.4,0.0,"DXCM,NFLX,TTWO,GOOGL",4,0.6,1.0,base cap 60%
2008-01-01,2015-08-20,2015-08-21,2015-08-28,growth_champion_v3,0.0291511176931846,0.6,0.4,0.15,"DXCM,MSTR,TTWO,NFLX",4,0.6,1.0,SPY and QQQ above 200D MA
2008-01-01,2015-08-20,2015-08-21,2015-08-28,growth_champion_v2,0.0291511176931846,0.6,0.4,0.15,"DXCM,MSTR,TTWO,NFLX",4,0.6,1.0,base cap 60%
2010-01-01,2015-08-20,2015-08-21,2015-08-28,growth_champion_v2,0.0291511176931846,0.6,0.4,0.15,"DXCM,MSTR,TTWO,NFLX",4,0.6,1.0,base cap 60%
2010-01-01,2015-08-20,2015-08-21,2015-08-28,growth_champion_v3,0.0291511176931846,0.6,0.4,0.15,"DXCM,MSTR,TTWO,NFLX",4,0.6,1.0,SPY and QQQ above 200D MA
2008-01-01,2015-08-27,2015-08-28,2015-09-04,growth_champion_v3,-0.0208544519857594,0.25,0.75,0.0624999999999999,"DXCM,NFLX,MSTR",3,0.25,0.4166666666666667,SPY and QQQ below 200D MA
2008-01-01,2015-08-27,2015-08-28,2015-09-04,growth_champion_v2,-0.0500506847658227,0.6,0.4,0.1499999999999999,"DXCM,NFLX,MSTR",3,0.6,1.0,base cap 60%
2010-01-01,2015-08-27,2015-08-28,2015-09-04,growth_champion_v2,-0.0500506847658227,0.6,0.4,0.1499999999999999,"DXCM,NFLX,MSTR",3,0.6,1.0,base cap 60%
2010-01-01,2015-08-27,2015-08-28,2015-09-04,growth_champion_v3,-0.0208544519857594,0.25,0.75,0.0624999999999999,"DXCM,NFLX,MSTR",3,0.25,0.4166666666666667,SPY and QQQ below 200D MA
2008-01-01,2015-09-03,2015-09-04,2015-09-14,growth_champion_v2,0.0184927270686641,0.6,0.4,0.1999999999999999,"DXCM,CCEP,MSTR",3,0.6,1.0,base cap 60%
2008-01-01,2015-09-03,2015-09-04,2015-09-14,growth_champion_v3,0.0077053029452767,0.25,0.75,0.0833333333333333,"DXCM,CCEP,MSTR",3,0.25,0.4166666666666667,SPY and QQQ below 200D MA
2010-01-01,2015-09-03,2015-09-04,2015-09-14,growth_champion_v3,0.0077053029452767,0.25,0.75,0.0833333333333333,"DXCM,CCEP,MSTR",3,0.25,0.4166666666666667,SPY and QQQ below 200D MA
2010-01-01,2015-09-03,2015-09-04,2015-09-14,growth_champion_v2,0.0184927270686641,0.6,0.4,0.1999999999999999,"DXCM,CCEP,MSTR",3,0.6,1.0,base cap 60%
2010-01-01,2015-09-11,2015-09-14,2015-09-21,growth_champion_v3,0.0082509827240855,0.25,0.75,0.0624999999999999,"DXCM,AMZN,MSTR,CCEP",4,0.25,0.4166666666666667,SPY and QQQ below 200D MA
2008-01-01,2015-09-11,2015-09-14,2015-09-21,growth_champion_v3,0.0082509827240855,0.25,0.75,0.0624999999999999,"DXCM,AMZN,MSTR,CCEP",4,0.25,0.4166666666666667,SPY and QQQ below 200D MA
2010-01-01,2015-09-11,2015-09-14,2015-09-21,growth_champion_v2,0.0198023585378053,0.6,0.4,0.1499999999999999,"DXCM,AMZN,MSTR,CCEP",4,0.6,1.0,base cap 60%
2008-01-01,2015-09-11,2015-09-14,2015-09-21,growth_champion_v2,0.0198023585378053,0.6,0.4,0.1499999999999999,"DXCM,AMZN,MSTR,CCEP",4,0.6,1.0,base cap 60%
2010-01-01,2015-09-18,2015-09-21,2015-09-28,growth_champion_v3,-0.033871697308346,0.4,0.6,0.0,"DXCM,AMZN,MSTR,CCEP",4,0.4,0.6666666666666667,one benchmark below 200D MA
2010-01-01,2015-09-18,2015-09-21,2015-09-28,growth_champion_v2,-0.0508075459625191,0.6,0.4,0.0,"DXCM,AMZN,MSTR,CCEP",4,0.6,1.0,base cap 60%
2008-01-01,2015-09-18,2015-09-21,2015-09-28,growth_champion_v3,-0.033871697308346,0.4,0.6,0.0,"DXCM,AMZN,MSTR,CCEP",4,0.4,0.6666666666666667,one benchmark below 200D MA
2008-01-01,2015-09-18,2015-09-21,2015-09-28,growth_champion_v2,-0.0508075459625191,0.6,0.4,0.0,"DXCM,AMZN,MSTR,CCEP",4,0.6,1.0,base cap 60%
2008-01-01,2015-09-25,2015-09-28,2015-10-05,growth_champion_v3,0.0100786717360659,0.25,0.75,0.0,"MSTR,AMZN,DXCM,CCEP",4,0.25,0.4166666666666667,SPY and QQQ below 200D MA
2010-01-01,2015-09-25,2015-09-28,2015-10-05,growth_champion_v3,0.0100786717360659,0.25,0.75,0.0,"MSTR,AMZN,DXCM,CCEP",4,0.25,0.4166666666666667,SPY and QQQ below 200D MA
2008-01-01,2015-09-25,2015-09-28,2015-10-05,growth_champion_v2,0.0241888121665582,0.6,0.4,0.0,"MSTR,AMZN,DXCM,CCEP",4,0.6,1.0,base cap 60%
2010-01-01,2015-09-25,2015-09-28,2015-10-05,growth_champion_v2,0.0241888121665582,0.6,0.4,0.0,"MSTR,AMZN,DXCM,CCEP",4,0.6,1.0,base cap 60%
2010-01-01,2015-10-02,2015-10-05,2015-10-12,growth_champion_v3,0.0064463693266051,0.25,0.75,0.0625,"NVDA,AMZN,MSTR,CCEP",4,0.25,0.4166666666666667,SPY and QQQ below 200D MA
2010-01-01,2015-10-02,2015-10-05,2015-10-12,growth_champion_v2,0.0154712863838524,0.6,0.4,0.15,"NVDA,AMZN,MSTR,CCEP",4,0.6,1.0,base cap 60%
2008-01-01,2015-10-02,2015-10-05,2015-10-12,growth_champion_v2,0.0154712863838524,0.6,0.4,0.15,"NVDA,AMZN,MSTR,CCEP",4,0.6,1.0,base cap 60%
2008-01-01,2015-10-02,2015-10-05,2015-10-12,growth_champion_v3,0.0064463693266051,0.25,0.75,0.0625,"NVDA,AMZN,MSTR,CCEP",4,0.25,0.4166666666666667,SPY and QQQ below 200D MA
2008-01-01,2015-10-09,2015-10-12,2015-10-19,growth_champion_v3,0.0056564104148122,0.25,0.75,0.0,"NVDA,AMZN,MSTR,CCEP",4,0.25,0.4166666666666667,SPY and QQQ below 200D MA
2008-01-01,2015-10-09,2015-10-12,2015-10-19,growth_champion_v2,0.0135753849955493,0.6,0.4,0.0,"NVDA,AMZN,MSTR,CCEP",4,0.6,1.0,base cap 60%
2010-01-01,2015-10-09,2015-10-12,2015-10-19,growth_champion_v2,0.0135753849955493,0.6,0.4,0.0,"NVDA,AMZN,MSTR,CCEP",4,0.6,1.0,base cap 60%
2010-01-01,2015-10-09,2015-10-12,2015-10-19,growth_champion_v3,0.0056564104148122,0.25,0.75,0.0,"NVDA,AMZN,MSTR,CCEP",4,0.25,0.4166666666666667,SPY and QQQ below 200D MA
2010-01-01,2015-10-16,2015-10-19,2015-10-26,growth_champion_v2,0.0117518443627941,0.6,0.4,0.15,"NVDA,INTC,AMZN,MSTR",4,0.6,1.0,base cap 60%
2008-01-01,2015-10-16,2015-10-19,2015-10-26,growth_champion_v3,0.0078345629085294,0.4,0.6,0.1,"NVDA,INTC,AMZN,MSTR",4,0.4,0.6666666666666667,one benchmark below 200D MA
2010-01-01,2015-10-16,2015-10-19,2015-10-26,growth_champion_v3,0.0078345629085294,0.4,0.6,0.1,"NVDA,INTC,AMZN,MSTR",4,0.4,0.6666666666666667,one benchmark below 200D MA
2008-01-01,2015-10-16,2015-10-19,2015-10-26,growth_champion_v2,0.0117518443627941,0.6,0.4,0.15,"NVDA,INTC,AMZN,MSTR",4,0.6,1.0,base cap 60%
2010-01-01,2015-10-23,2015-10-26,2015-11-02,growth_champion_v3,0.0069433092645913,0.6,0.4,0.15,"NVDA,KLAC,AMZN,INTC",4,0.6,1.0,SPY and QQQ above 200D MA
2008-01-01,2015-10-23,2015-10-26,2015-11-02,growth_champion_v2,0.0069433092645913,0.6,0.4,0.15,"NVDA,KLAC,AMZN,INTC",4,0.6,1.0,base cap 60%
2008-01-01,2015-10-23,2015-10-26,2015-11-02,growth_champion_v3,0.0069433092645913,0.6,0.4,0.15,"NVDA,KLAC,AMZN,INTC",4,0.6,1.0,SPY and QQQ above 200D MA
2010-01-01,2015-10-23,2015-10-26,2015-11-02,growth_champion_v2,0.0069433092645913,0.6,0.4,0.15,"NVDA,KLAC,AMZN,INTC",4,0.6,1.0,base cap 60%
2008-01-01,2015-10-30,2015-11-02,2015-11-09,growth_champion_v2,0.0191676789352294,0.6,0.4,0.0,"KLAC,NVDA,AMZN,INTC",4,0.6,1.0,base cap 60%
2010-01-01,2015-10-30,2015-11-02,2015-11-09,growth_champion_v3,0.0191676789352294,0.6,0.4,0.0,"KLAC,NVDA,AMZN,INTC",4,0.6,1.0,SPY and QQQ above 200D MA
2010-01-01,2015-10-30,2015-11-02,2015-11-09,growth_champion_v2,0.0191676789352294,0.6,0.4,0.0,"KLAC,NVDA,AMZN,INTC",4,0.6,1.0,base cap 60%
2008-01-01,2015-10-30,2015-11-02,2015-11-09,growth_champion_v3,0.0191676789352294,0.6,0.4,0.0,"KLAC,NVDA,AMZN,INTC",4,0.6,1.0,SPY and QQQ above 200D MA
2010-01-01,2015-11-06,2015-11-09,2015-11-16,growth_champion_v3,-0.0123155681432815,0.6,0.4,0.0,"NVDA,KLAC,AMZN,INTC",4,0.6,1.0,SPY and QQQ above 200D MA
2010-01-01,2015-11-06,2015-11-09,2015-11-16,growth_champion_v2,-0.0123155681432815,0.6,0.4,0.0,"NVDA,KLAC,AMZN,INTC",4,0.6,1.0,base cap 60%
2008-01-01,2015-11-06,2015-11-09,2015-11-16,growth_champion_v3,-0.0123155681432815,0.6,0.4,0.0,"NVDA,KLAC,AMZN,INTC",4,0.6,1.0,SPY and QQQ above 200D MA
2008-01-01,2015-11-06,2015-11-09,2015-11-16,growth_champion_v2,-0.0123155681432815,0.6,0.4,0.0,"NVDA,KLAC,AMZN,INTC",4,0.6,1.0,base cap 60%
2008-01-01,2015-11-13,2015-11-16,2015-11-23,growth_champion_v3,0.0147914053241005,0.4,0.6,0.0,"KLAC,NVDA,AMZN,INTC",4,0.4,0.6666666666666667,one benchmark below 200D MA
2010-01-01,2015-11-13,2015-11-16,2015-11-23,growth_champion_v2,0.0221871079861508,0.6,0.4,0.0,"KLAC,NVDA,AMZN,INTC",4,0.6,1.0,base cap 60%
2008-01-01,2015-11-13,2015-11-16,2015-11-23,growth_champion_v2,0.0221871079861508,0.6,0.4,0.0,"KLAC,NVDA,AMZN,INTC",4,0.6,1.0,base cap 60%
2010-01-01,2015-11-13,2015-11-16,2015-11-23,growth_champion_v3,0.0147914053241005,0.4,0.6,0.0,"KLAC,NVDA,AMZN,INTC",4,0.4,0.6666666666666667,one benchmark below 200D MA
2010-01-01,2015-11-20,2015-11-23,2015-12-01,growth_champion_v2,0.014337290411852,0.6,0.4,0.0,"NVDA,KLAC,AMZN,INTC",4,0.6,1.0,base cap 60%
2010-01-01,2015-11-20,2015-11-23,2015-12-01,growth_champion_v3,0.014337290411852,0.6,0.4,0.0,"NVDA,KLAC,AMZN,INTC",4,0.6,1.0,SPY and QQQ above 200D MA
2008-01-01,2015-11-20,2015-11-23,2015-12-01,growth_champion_v3,0.014337290411852,0.6,0.4,0.0,"NVDA,KLAC,AMZN,INTC",4,0.6,1.0,SPY and QQQ above 200D MA
2008-01-01,2015-11-20,2015-11-23,2015-12-01,growth_champion_v2,0.014337290411852,0.6,0.4,0.0,"NVDA,KLAC,AMZN,INTC",4,0.6,1.0,base cap 60%
2010-01-01,2015-11-30,2015-12-01,2015-12-08,growth_champion_v3,0.0001128709259979,0.6,0.4,0.15,"NVDA,ADSK,AMZN,INTC",4,0.6,1.0,SPY and QQQ above 200D MA
2008-01-01,2015-11-30,2015-12-01,2015-12-08,growth_champion_v3,0.0001128709259979,0.6,0.4,0.15,"NVDA,ADSK,AMZN,INTC",4,0.6,1.0,SPY and QQQ above 200D MA
2008-01-01,2015-11-30,2015-12-01,2015-12-08,growth_champion_v2,0.0001128709259979,0.6,0.4,0.15,"NVDA,ADSK,AMZN,INTC",4,0.6,1.0,base cap 60%
2010-01-01,2015-11-30,2015-12-01,2015-12-08,growth_champion_v2,0.0001128709259979,0.6,0.4,0.15,"NVDA,ADSK,AMZN,INTC",4,0.6,1.0,base cap 60%
2010-01-01,2015-12-07,2015-12-08,2015-12-15,growth_champion_v3,-0.0116506809694545,0.6,0.4,0.0,"NVDA,ADSK,INTC,AMZN",4,0.6,1.0,SPY and QQQ above 200D MA
2010-01-01,2015-12-07,2015-12-08,2015-12-15,growth_champion_v2,-0.0116506809694545,0.6,0.4,0.0,"NVDA,ADSK,INTC,AMZN",4,0.6,1.0,base cap 60%
2008-01-01,2015-12-07,2015-12-08,2015-12-15,growth_champion_v2,-0.0116506809694545,0.6,0.4,0.0,"NVDA,ADSK,INTC,AMZN",4,0.6,1.0,base cap 60%
2008-01-01,2015-12-07,2015-12-08,2015-12-15,growth_champion_v3,-0.0116506809694545,0.6,0.4,0.0,"NVDA,ADSK,INTC,AMZN",4,0.6,1.0,SPY and QQQ above 200D MA
2010-01-01,2015-12-14,2015-12-15,2015-12-22,growth_champion_v2,-0.0019107724506578,0.6,0.4,0.15,"NVDA,KLAC,ADSK,INTC",4,0.6,1.0,base cap 60%
2008-01-01,2015-12-14,2015-12-15,2015-12-22,growth_champion_v2,-0.0019107724506578,0.6,0.4,0.15,"NVDA,KLAC,ADSK,INTC",4,0.6,1.0,base cap 60%
2008-01-01,2015-12-14,2015-12-15,2015-12-22,growth_champion_v3,-0.0012738483004385,0.4,0.6,0.1,"NVDA,KLAC,ADSK,INTC",4,0.4,0.6666666666666667,one benchmark below 200D MA
2010-01-01,2015-12-14,2015-12-15,2015-12-22,growth_champion_v3,-0.0012738483004385,0.4,0.6,0.1,"NVDA,KLAC,ADSK,INTC",4,0.4,0.6666666666666667,one benchmark below 200D MA
2008-01-01,2015-12-21,2015-12-22,2015-12-30,growth_champion_v3,0.0112788374365362,0.4,0.6,0.1,"AMD,KLAC,ADSK,INTC",4,0.4,0.6666666666666667,one benchmark below 200D MA
2010-01-01,2015-12-21,2015-12-22,2015-12-30,growth_champion_v2,0.0169182561548044,0.6,0.4,0.15,"AMD,KLAC,ADSK,INTC",4,0.6,1.0,base cap 60%
2010-01-01,2015-12-21,2015-12-22,2015-12-30,growth_champion_v3,0.0112788374365362,0.4,0.6,0.1,"AMD,KLAC,ADSK,INTC",4,0.4,0.6666666666666667,one benchmark below 200D MA
2008-01-01,2015-12-21,2015-12-22,2015-12-30,growth_champion_v2,0.0169182561548044,0.6,0.4,0.15,"AMD,KLAC,ADSK,INTC",4,0.6,1.0,base cap 60%
2010-01-01,2015-12-29,2015-12-30,2016-01-07,growth_champion_v3,-0.0719186969752124,0.6,0.4,0.0,"AMD,KLAC,INTC,ADSK",4,0.6,1.0,SPY and QQQ above 200D MA
2010-01-01,2015-12-29,2015-12-30,2016-01-07,growth_champion_v2,-0.0719186969752124,0.6,0.4,0.0,"AMD,KLAC,INTC,ADSK",4,0.6,1.0,base cap 60%
2008-01-01,2015-12-29,2015-12-30,2016-01-07,growth_champion_v2,-0.0719186969752124,0.6,0.4,0.0,"AMD,KLAC,INTC,ADSK",4,0.6,1.0,base cap 60%
2008-01-01,2015-12-29,2015-12-30,2016-01-07,growth_champion_v3,-0.0719186969752124,0.6,0.4,0.0,"AMD,KLAC,INTC,ADSK",4,0.6,1.0,SPY and QQQ above 200D MA
2015-01-01,2016-01-04,2016-01-05,2016-01-12,growth_champion_v2,-0.0523217511970081,0.6,0.4,0.3,"AMD,KLAC",2,0.6,1.0,base cap 60%
2015-01-01,2016-01-04,2016-01-05,2016-01-12,growth_champion_v3,-0.034881167464672,0.4,0.6,0.2,"AMD,KLAC",2,0.4,0.6666666666666667,one benchmark below 200D MA
2010-01-01,2016-01-06,2016-01-07,2016-01-14,growth_champion_v3,-0.0051002187945873,0.4,0.6,0.0,"AMD,KLAC,INTC,ADSK",4,0.4,0.6666666666666667,one benchmark below 200D MA
2008-01-01,2016-01-06,2016-01-07,2016-01-14,growth_champion_v3,-0.0051002187945873,0.4,0.6,0.0,"AMD,KLAC,INTC,ADSK",4,0.4,0.6666666666666667,one benchmark below 200D MA
2008-01-01,2016-01-06,2016-01-07,2016-01-14,growth_champion_v2,-0.007650328191881,0.6,0.4,0.0,"AMD,KLAC,INTC,ADSK",4,0.6,1.0,base cap 60%
2010-01-01,2016-01-06,2016-01-07,2016-01-14,growth_champion_v2,-0.007650328191881,0.6,0.4,0.0,"AMD,KLAC,INTC,ADSK",4,0.6,1.0,base cap 60%
2015-01-01,2016-01-11,2016-01-12,2016-01-20,growth_champion_v3,-0.0195341497157571,0.25,0.75,0.0833333333333333,"KLAC,ISRG,AMD",3,0.25,0.4166666666666667,SPY and QQQ below 200D MA
2015-01-01,2016-01-11,2016-01-12,2016-01-20,growth_champion_v2,-0.0468819593178171,0.6,0.4,0.2,"KLAC,ISRG,AMD",3,0.6,1.0,base cap 60%
2010-01-01,2016-01-13,2016-01-14,2016-01-22,growth_champion_v3,-0.0075766500041557,0.25,0.75,0.125,"KLAC,ISRG,AMD",3,0.25,0.4166666666666667,SPY and QQQ below 200D MA
2008-01-01,2016-01-13,2016-01-14,2016-01-22,growth_champion_v2,-0.0181839600099738,0.6,0.4,0.3,"KLAC,ISRG,AMD",3,0.6,1.0,base cap 60%
2010-01-01,2016-01-13,2016-01-14,2016-01-22,growth_champion_v2,-0.0181839600099738,0.6,0.4,0.3,"KLAC,ISRG,AMD",3,0.6,1.0,base cap 60%
2008-01-01,2016-01-13,2016-01-14,2016-01-22,growth_champion_v3,-0.0075766500041557,0.25,0.75,0.125,"KLAC,ISRG,AMD",3,0.25,0.4166666666666667,SPY and QQQ below 200D MA
2015-01-01,2016-01-19,2016-01-20,2016-01-27,growth_champion_v3,-0.0112202582341442,0.25,0.75,0.1666666666666666,"ILMN,ISRG",2,0.25,0.4166666666666667,SPY and QQQ below 200D MA
2015-01-01,2016-01-19,2016-01-20,2016-01-27,growth_champion_v2,-0.0269286197619462,0.6,0.4,0.3999999999999999,"ILMN,ISRG",2,0.6,1.0,base cap 60%
2008-01-01,2016-01-21,2016-01-22,2016-01-29,growth_champion_v3,-0.0188478668281405,0.25,0.75,0.1666666666666666,"ISRG,ILMN",2,0.25,0.4166666666666667,SPY and QQQ below 200D MA
2010-01-01,2016-01-21,2016-01-22,2016-01-29,growth_champion_v3,-0.0188478668281405,0.25,0.75,0.1666666666666666,"ISRG,ILMN",2,0.25,0.4166666666666667,SPY and QQQ below 200D MA
2010-01-01,2016-01-21,2016-01-22,2016-01-29,growth_champion_v2,-0.0452348803875372,0.6,0.4,0.3999999999999999,"ISRG,ILMN",2,0.6,1.0,base cap 60%
2008-01-01,2016-01-21,2016-01-22,2016-01-29,growth_champion_v2,-0.0452348803875372,0.6,0.4,0.3999999999999999,"ISRG,ILMN",2,0.6,1.0,base cap 60%
2015-01-01,2016-01-26,2016-01-27,2016-02-03,growth_champion_v3,-0.0073806131973756,0.25,0.75,0.0,"ILMN,ISRG",2,0.25,0.4166666666666667,SPY and QQQ below 200D MA
2015-01-01,2016-01-26,2016-01-27,2016-02-03,growth_champion_v2,-0.0177134716737016,0.6,0.4,0.0,"ILMN,ISRG",2,0.6,1.0,base cap 60%
2010-01-01,2016-01-28,2016-01-29,2016-02-05,growth_champion_v2,0.011284479642454,0.6,0.4,0.3999999999999999,"XEL,AEP,ISRG",3,0.6,1.0,base cap 60%
2010-01-01,2016-01-28,2016-01-29,2016-02-05,growth_champion_v3,0.0047018665176891,0.25,0.75,0.1666666666666666,"XEL,AEP,ISRG",3,0.25,0.4166666666666667,SPY and QQQ below 200D MA
2008-01-01,2016-01-28,2016-01-29,2016-02-05,growth_champion_v3,0.0047018665176891,0.25,0.75,0.1666666666666666,"XEL,AEP,ISRG",3,0.25,0.4166666666666667,SPY and QQQ below 200D MA
2008-01-01,2016-01-28,2016-01-29,2016-02-05,growth_champion_v2,0.011284479642454,0.6,0.4,0.3999999999999999,"XEL,AEP,ISRG",3,0.6,1.0,base cap 60%
2015-01-01,2016-02-02,2016-02-03,2016-02-10,growth_champion_v3,-0.017359781570928,0.25,0.75,0.1666666666666666,"SMCI,META,ISRG",3,0.25,0.4166666666666667,SPY and QQQ below 200D MA
2015-01-01,2016-02-02,2016-02-03,2016-02-10,growth_champion_v2,-0.0416634757702274,0.6,0.4,0.3999999999999999,"SMCI,META,ISRG",3,0.6,1.0,base cap 60%
2010-01-01,2016-02-04,2016-02-05,2016-02-12,growth_champion_v2,-0.0262630971329943,0.6,0.4,0.3,"SMCI,EXC,AEP,XEL",4,0.6,1.0,base cap 60%
2008-01-01,2016-02-04,2016-02-05,2016-02-12,growth_champion_v3,-0.0109429571387476,0.25,0.75,0.125,"SMCI,EXC,AEP,XEL",4,0.25,0.4166666666666667,SPY and QQQ below 200D MA
2008-01-01,2016-02-04,2016-02-05,2016-02-12,growth_champion_v2,-0.0262630971329943,0.6,0.4,0.3,"SMCI,EXC,AEP,XEL",4,0.6,1.0,base cap 60%
2010-01-01,2016-02-04,2016-02-05,2016-02-12,growth_champion_v3,-0.0109429571387476,0.25,0.75,0.125,"SMCI,EXC,AEP,XEL",4,0.25,0.4166666666666667,SPY and QQQ below 200D MA
2015-01-01,2016-02-09,2016-02-10,2016-02-18,growth_champion_v3,0.011999185684916,0.25,0.75,0.1666666666666666,"SMCI,EXC",2,0.25,0.4166666666666667,SPY and QQQ below 200D MA
2015-01-01,2016-02-09,2016-02-10,2016-02-18,growth_champion_v2,0.0287980456437986,0.6,0.4,0.3999999999999999,"SMCI,EXC",2,0.6,1.0,base cap 60%
2010-01-01,2016-02-11,2016-02-12,2016-02-22,growth_champion_v3,0.010723688276215,0.25,0.75,0.0625,"SMCI,ROST,AEP,XEL",4,0.25,0.4166666666666667,SPY and QQQ below 200D MA
2008-01-01,2016-02-11,2016-02-12,2016-02-22,growth_champion_v3,0.010723688276215,0.25,0.75,0.0625,"SMCI,ROST,AEP,XEL",4,0.25,0.4166666666666667,SPY and QQQ below 200D MA
2010-01-01,2016-02-11,2016-02-12,2016-02-22,growth_champion_v2,0.0257368518629161,0.6,0.4,0.15,"SMCI,ROST,AEP,XEL",4,0.6,1.0,base cap 60%
2008-01-01,2016-02-11,2016-02-12,2016-02-22,growth_champion_v2,0.0257368518629161,0.6,0.4,0.15,"SMCI,ROST,AEP,XEL",4,0.6,1.0,base cap 60%
2015-01-01,2016-02-17,2016-02-18,2016-02-25,growth_champion_v2,0.0036313421979603,0.6,0.4,0.2,"SMCI,FAST,EXC",3,0.6,1.0,base cap 60%
2015-01-01,2016-02-17,2016-02-18,2016-02-25,growth_champion_v3,0.0015130592491501,0.25,0.75,0.0833333333333333,"SMCI,FAST,EXC",3,0.25,0.4166666666666667,SPY and QQQ below 200D MA
2010-01-01,2016-02-19,2016-02-22,2016-02-29,growth_champion_v2,-0.0026521916062277,0.6,0.4,0.15,"SMCI,FAST,AEP,XEL",4,0.6,1.0,base cap 60%
2008-01-01,2016-02-19,2016-02-22,2016-02-29,growth_champion_v2,-0.0026521916062277,0.6,0.4,0.15,"SMCI,FAST,AEP,XEL",4,0.6,1.0,base cap 60%
2008-01-01,2016-02-19,2016-02-22,2016-02-29,growth_champion_v3,-0.0011050798359282,0.25,0.75,0.0625,"SMCI,FAST,AEP,XEL",4,0.25,0.4166666666666667,SPY and QQQ below 200D MA
2010-01-01,2016-02-19,2016-02-22,2016-02-29,growth_champion_v3,-0.0011050798359282,0.25,0.75,0.0625,"SMCI,FAST,AEP,XEL",4,0.25,0.4166666666666667,SPY and QQQ below 200D MA
2015-01-01,2016-02-24,2016-02-25,2016-03-03,growth_champion_v2,0.0241366155954662,0.6,0.4,0.0,"SMCI,EXC,FAST",3,0.6,1.0,base cap 60%
2015-01-01,2016-02-24,2016-02-25,2016-03-03,growth_champion_v3,0.0100569231647775,0.25,0.75,0.0,"SMCI,EXC,FAST",3,0.25,0.4166666666666667,SPY and QQQ below 200D MA
2008-01-01,2016-02-26,2016-02-29,2016-03-07,growth_champion_v3,0.0078459354551761,0.25,0.75,0.0625,"SMCI,EXC,AEP,XEL",4,0.25,0.4166666666666667,SPY and QQQ below 200D MA
2010-01-01,2016-02-26,2016-02-29,2016-03-07,growth_champion_v3,0.0078459354551761,0.25,0.75,0.0625,"SMCI,EXC,AEP,XEL",4,0.25,0.4166666666666667,SPY and QQQ below 200D MA
2008-01-01,2016-02-26,2016-02-29,2016-03-07,growth_champion_v2,0.0188302450924228,0.6,0.4,0.15,"SMCI,EXC,AEP,XEL",4,0.6,1.0,base cap 60%
2010-01-01,2016-02-26,2016-02-29,2016-03-07,growth_champion_v2,0.0188302450924228,0.6,0.4,0.15,"SMCI,EXC,AEP,XEL",4,0.6,1.0,base cap 60%
2015-01-01,2016-03-02,2016-03-03,2016-03-10,growth_champion_v3,-0.0038893994699473,0.25,0.75,0.0624999999999999,"VALE,FAST,SMCI,EXC",4,0.25,0.4166666666666667,SPY and QQQ below 200D MA
2015-01-01,2016-03-02,2016-03-03,2016-03-10,growth_champion_v2,-0.0093345587278737,0.6,0.4,0.1499999999999999,"VALE,FAST,SMCI,EXC",4,0.6,1.0,base cap 60%
2010-01-01,2016-03-04,2016-03-07,2016-03-14,growth_champion_v3,-0.0104390798387663,0.25,0.75,0.125,"VALE,PBR,AEP,XEL",4,0.25,0.4166666666666667,SPY and QQQ below 200D MA
2008-01-01,2016-03-04,2016-03-07,2016-03-14,growth_champion_v2,-0.0250537916130392,0.6,0.4,0.3,"VALE,PBR,AEP,XEL",4,0.6,1.0,base cap 60%
2010-01-01,2016-03-04,2016-03-07,2016-03-14,growth_champion_v2,-0.0250537916130392,0.6,0.4,0.3,"VALE,PBR,AEP,XEL",4,0.6,1.0,base cap 60%
2008-01-01,2016-03-04,2016-03-07,2016-03-14,growth_champion_v3,-0.0104390798387663,0.25,0.75,0.125,"VALE,PBR,AEP,XEL",4,0.25,0.4166666666666667,SPY and QQQ below 200D MA
2015-01-01,2016-03-09,2016-03-10,2016-03-17,growth_champion_v2,0.0335069789132656,0.6,0.4,0.15,"VALE,PBR,FAST,SMCI",4,0.6,1.0,base cap 60%
2015-01-01,2016-03-09,2016-03-10,2016-03-17,growth_champion_v3,0.0139612412138606,0.25,0.75,0.0625,"VALE,PBR,FAST,SMCI",4,0.25,0.4166666666666667,SPY and QQQ below 200D MA
2010-01-01,2016-03-11,2016-03-14,2016-03-21,growth_champion_v2,0.0243127349438641,0.6,0.4,0.15,"PBR,EC,AEP,XEL",4,0.6,1.0,base cap 60%
2010-01-01,2016-03-11,2016-03-14,2016-03-21,growth_champion_v3,0.01013030622661,0.25,0.75,0.0625,"PBR,EC,AEP,XEL",4,0.25,0.4166666666666667,SPY and QQQ below 200D MA
2008-01-01,2016-03-11,2016-03-14,2016-03-21,growth_champion_v2,0.0363261888674853,0.6,0.4,0.0,"PBR,VALE,AEP,XEL",4,0.6,1.0,base cap 60%
2008-01-01,2016-03-11,2016-03-14,2016-03-21,growth_champion_v3,0.0151359120281188,0.25,0.75,0.0,"PBR,VALE,AEP,XEL",4,0.25,0.4166666666666667,SPY and QQQ below 200D MA
2015-01-01,2016-03-16,2016-03-17,2016-03-24,growth_champion_v2,-0.0151440954271382,0.6,0.4,0.0,"PBR,VALE,SMCI,FAST",4,0.6,1.0,base cap 60%
2015-01-01,2016-03-16,2016-03-17,2016-03-24,growth_champion_v3,-0.0100960636180921,0.4,0.6,0.0,"PBR,VALE,SMCI,FAST",4,0.4,0.6666666666666667,one benchmark below 200D MA
2008-01-01,2016-03-18,2016-03-21,2016-03-29,growth_champion_v3,0.0062286487790567,0.6,0.4,0.0,"PBR,VALE,AEP,XEL",4,0.6,1.0,SPY and QQQ above 200D MA
2010-01-01,2016-03-18,2016-03-21,2016-03-29,growth_champion_v3,0.0062286487790567,0.6,0.4,0.15,"PBR,VALE,AEP,XEL",4,0.6,1.0,SPY and QQQ above 200D MA
2010-01-01,2016-03-18,2016-03-21,2016-03-29,growth_champion_v2,0.0062286487790567,0.6,0.4,0.15,"PBR,VALE,AEP,XEL",4,0.6,1.0,base cap 60%
2008-01-01,2016-03-18,2016-03-21,2016-03-29,growth_champion_v2,0.0062286487790567,0.6,0.4,0.0,"PBR,VALE,AEP,XEL",4,0.6,1.0,base cap 60%
2015-01-01,2016-03-23,2016-03-24,2016-04-01,growth_champion_v3,0.0326793001397806,0.6,0.4,0.0,"PBR,VALE,SMCI,FAST",4,0.6,1.0,SPY and QQQ above 200D MA
2015-01-01,2016-03-23,2016-03-24,2016-04-01,growth_champion_v2,0.0326793001397806,0.6,0.4,0.0,"PBR,VALE,SMCI,FAST",4,0.6,1.0,base cap 60%
2010-01-01,2016-03-28,2016-03-29,2016-04-05,growth_champion_v3,-0.0167451928782489,0.6,0.4,0.0,"PBR,VALE,AEP,XEL",4,0.6,1.0,SPY and QQQ above 200D MA
2008-01-01,2016-03-28,2016-03-29,2016-04-05,growth_champion_v2,-0.0167451928782489,0.6,0.4,0.0,"PBR,VALE,AEP,XEL",4,0.6,1.0,base cap 60%
2008-01-01,2016-03-28,2016-03-29,2016-04-05,growth_champion_v3,-0.0167451928782489,0.6,0.4,0.0,"PBR,VALE,AEP,XEL",4,0.6,1.0,SPY and QQQ above 200D MA
2010-01-01,2016-03-28,2016-03-29,2016-04-05,growth_champion_v2,-0.0167451928782489,0.6,0.4,0.0,"PBR,VALE,AEP,XEL",4,0.6,1.0,base cap 60%
2015-01-01,2016-03-31,2016-04-01,2016-04-08,growth_champion_v3,-0.0078999788513568,0.6,0.4,0.0,"PBR,SMCI,VALE,FAST",4,0.6,1.0,SPY and QQQ above 200D MA
2015-01-01,2016-03-31,2016-04-01,2016-04-08,growth_champion_v2,-0.0078999788513568,0.6,0.4,0.0,"PBR,SMCI,VALE,FAST",4,0.6,1.0,base cap 60%
2008-01-01,2016-04-04,2016-04-05,2016-04-12,growth_champion_v2,0.0289226758411547,0.6,0.4,0.15,"SMCI,PBR,AEP,XEL",4,0.6,1.0,base cap 60%
2010-01-01,2016-04-04,2016-04-05,2016-04-12,growth_champion_v2,0.0289226758411547,0.6,0.4,0.15,"SMCI,PBR,AEP,XEL",4,0.6,1.0,base cap 60%
2008-01-01,2016-04-04,2016-04-05,2016-04-12,growth_champion_v3,0.0289226758411547,0.6,0.4,0.15,"SMCI,PBR,AEP,XEL",4,0.6,1.0,SPY and QQQ above 200D MA
2010-01-01,2016-04-04,2016-04-05,2016-04-12,growth_champion_v3,0.0289226758411547,0.6,0.4,0.15,"SMCI,PBR,AEP,XEL",4,0.6,1.0,SPY and QQQ above 200D MA
2015-01-01,2016-04-07,2016-04-08,2016-04-15,growth_champion_v2,0.0186463299365674,0.6,0.4,0.0,"VALE,SMCI,FAST,PBR",4,0.6,1.0,base cap 60%
2015-01-01,2016-04-07,2016-04-08,2016-04-15,growth_champion_v3,0.0186463299365674,0.6,0.4,0.0,"VALE,SMCI,FAST,PBR",4,0.6,1.0,SPY and QQQ above 200D MA
2008-01-01,2016-04-11,2016-04-12,2016-04-19,growth_champion_v2,0.0239981747031811,0.6,0.4,0.15,"VALE,PBR,AEP,XEL",4,0.6,1.0,base cap 60%
2008-01-01,2016-04-11,2016-04-12,2016-04-19,growth_champion_v3,0.0239981747031811,0.6,0.4,0.15,"VALE,PBR,AEP,XEL",4,0.6,1.0,SPY and QQQ above 200D MA
2010-01-01,2016-04-11,2016-04-12,2016-04-19,growth_champion_v2,0.0239981747031811,0.6,0.4,0.15,"VALE,PBR,AEP,XEL",4,0.6,1.0,base cap 60%
2010-01-01,2016-04-11,2016-04-12,2016-04-19,growth_champion_v3,0.0239981747031811,0.6,0.4,0.15,"VALE,PBR,AEP,XEL",4,0.6,1.0,SPY and QQQ above 200D MA
2015-01-01,2016-04-14,2016-04-15,2016-04-22,growth_champion_v3,0.0244314093620005,0.6,0.4,0.0,"VALE,PBR,FAST,SMCI",4,0.6,1.0,SPY and QQQ above 200D MA
2015-01-01,2016-04-14,2016-04-15,2016-04-22,growth_champion_v2,0.0244314093620005,0.6,0.4,0.0,"VALE,PBR,FAST,SMCI",4,0.6,1.0,base cap 60%
2008-01-01,2016-04-18,2016-04-19,2016-04-26,growth_champion_v2,-0.0215633559255273,0.6,0.4,0.0,"VALE,PBR,AEP,XEL",4,0.6,1.0,base cap 60%
2010-01-01,2016-04-18,2016-04-19,2016-04-26,growth_champion_v3,-0.0215633559255273,0.6,0.4,0.0,"VALE,PBR,AEP,XEL",4,0.6,1.0,SPY and QQQ above 200D MA
2010-01-01,2016-04-18,2016-04-19,2016-04-26,growth_champion_v2,-0.0215633559255273,0.6,0.4,0.0,"VALE,PBR,AEP,XEL",4,0.6,1.0,base cap 60%
2008-01-01,2016-04-18,2016-04-19,2016-04-26,growth_champion_v3,-0.0215633559255273,0.6,0.4,0.0,"VALE,PBR,AEP,XEL",4,0.6,1.0,SPY and QQQ above 200D MA
2015-01-01,2016-04-21,2016-04-22,2016-04-29,growth_champion_v3,0.0284761790948933,0.6,0.4,0.1499999999999999,"VALE,PBR,FAST",3,0.6,1.0,SPY and QQQ above 200D MA
2015-01-01,2016-04-21,2016-04-22,2016-04-29,growth_champion_v2,0.0284761790948933,0.6,0.4,0.1499999999999999,"VALE,PBR,FAST",3,0.6,1.0,base cap 60%
2010-01-01,2016-04-25,2016-04-26,2016-05-03,growth_champion_v3,0.0071234506196578,0.6,0.4,0.0,"VALE,PBR,AEP,XEL",4,0.6,1.0,SPY and QQQ above 200D MA
2008-01-01,2016-04-25,2016-04-26,2016-05-03,growth_champion_v3,0.0071234506196578,0.6,0.4,0.0,"VALE,PBR,AEP,XEL",4,0.6,1.0,SPY and QQQ above 200D MA
2010-01-01,2016-04-25,2016-04-26,2016-05-03,growth_champion_v2,0.0071234506196578,0.6,0.4,0.0,"VALE,PBR,AEP,XEL",4,0.6,1.0,base cap 60%
2008-01-01,2016-04-25,2016-04-26,2016-05-03,growth_champion_v2,0.0071234506196578,0.6,0.4,0.0,"VALE,PBR,AEP,XEL",4,0.6,1.0,base cap 60%
2015-01-01,2016-04-28,2016-04-29,2016-05-06,growth_champion_v2,-0.0425329122056381,0.6,0.4,0.0,"VALE,PBR,FAST",3,0.6,1.0,base cap 60%
2015-01-01,2016-04-28,2016-04-29,2016-05-06,growth_champion_v3,-0.0425329122056381,0.6,0.4,0.0,"VALE,PBR,FAST",3,0.6,1.0,SPY and QQQ above 200D MA
2008-01-01,2016-05-02,2016-05-03,2016-05-10,growth_champion_v2,-0.0096492774351051,0.6,0.4,0.0,"PBR,VALE,AEP,XEL",4,0.6,1.0,base cap 60%
2010-01-01,2016-05-02,2016-05-03,2016-05-10,growth_champion_v2,-0.0096492774351051,0.6,0.4,0.0,"PBR,VALE,AEP,XEL",4,0.6,1.0,base cap 60%
2010-01-01,2016-05-02,2016-05-03,2016-05-10,growth_champion_v3,-0.0064328516234034,0.4,0.6,0.0,"PBR,VALE,AEP,XEL",4,0.4,0.6666666666666667,one benchmark below 200D MA
2008-01-01,2016-05-02,2016-05-03,2016-05-10,growth_champion_v3,-0.0064328516234034,0.4,0.6,0.0,"PBR,VALE,AEP,XEL",4,0.4,0.6666666666666667,one benchmark below 200D MA
2015-01-01,2016-05-05,2016-05-06,2016-05-13,growth_champion_v3,-0.0221817417328367,0.4,0.6,0.0999999999999999,"PBR,AMD,VALE,FAST",4,0.4,0.6666666666666667,one benchmark below 200D MA
2015-01-01,2016-05-05,2016-05-06,2016-05-13,growth_champion_v2,-0.0332726125992551,0.6,0.4,0.1499999999999999,"PBR,AMD,VALE,FAST",4,0.6,1.0,base cap 60%
2008-01-01,2016-05-09,2016-05-10,2016-05-17,growth_champion_v2,-0.0021833682734667,0.6,0.4,0.15,"PBR,AMD,AEP,XEL",4,0.6,1.0,base cap 60%
2010-01-01,2016-05-09,2016-05-10,2016-05-17,growth_champion_v2,-0.0021833682734667,0.6,0.4,0.15,"PBR,AMD,AEP,XEL",4,0.6,1.0,base cap 60%
2008-01-01,2016-05-09,2016-05-10,2016-05-17,growth_champion_v3,-0.0014555788489778,0.4,0.6,0.1,"PBR,AMD,AEP,XEL",4,0.4,0.6666666666666667,one benchmark below 200D MA
2010-01-01,2016-05-09,2016-05-10,2016-05-17,growth_champion_v3,-0.0014555788489778,0.4,0.6,0.1,"PBR,AMD,AEP,XEL",4,0.4,0.6666666666666667,one benchmark below 200D MA
2015-01-01,2016-05-12,2016-05-13,2016-05-20,growth_champion_v3,-0.0057956143999206,0.4,0.6,0.0,"PBR,AMD,VALE,FAST",4,0.4,0.6666666666666667,one benchmark below 200D MA
2015-01-01,2016-05-12,2016-05-13,2016-05-20,growth_champion_v2,-0.0086934215998809,0.6,0.4,0.0,"PBR,AMD,VALE,FAST",4,0.6,1.0,base cap 60%
2010-01-01,2016-05-16,2016-05-17,2016-05-24,growth_champion_v3,-0.0041153903391421,0.4,0.6,0.0,"PBR,AMD,XEL,AEP",4,0.4,0.6666666666666667,one benchmark below 200D MA
2008-01-01,2016-05-16,2016-05-17,2016-05-24,growth_champion_v2,-0.0061730855087132,0.6,0.4,0.0,"PBR,AMD,XEL,AEP",4,0.6,1.0,base cap 60%
2008-01-01,2016-05-16,2016-05-17,2016-05-24,growth_champion_v3,-0.0041153903391421,0.4,0.6,0.0,"PBR,AMD,XEL,AEP",4,0.4,0.6666666666666667,one benchmark below 200D MA
2010-01-01,2016-05-16,2016-05-17,2016-05-24,growth_champion_v2,-0.0061730855087132,0.6,0.4,0.0,"PBR,AMD,XEL,AEP",4,0.6,1.0,base cap 60%
2015-01-01,2016-05-19,2016-05-20,2016-05-27,growth_champion_v2,0.0188114321166383,0.6,0.4,0.1499999999999999,"AMD,PBR,VALE",3,0.6,1.0,base cap 60%
2015-01-01,2016-05-19,2016-05-20,2016-05-27,growth_champion_v3,0.0125409547444255,0.4,0.6,0.0999999999999999,"AMD,PBR,VALE",3,0.4,0.6666666666666667,one benchmark below 200D MA
2010-01-01,2016-05-23,2016-05-24,2016-06-01,growth_champion_v2,0.0059022666338736,0.6,0.4,0.0,"AMD,PBR,XEL,AEP",4,0.6,1.0,base cap 60%
2008-01-01,2016-05-23,2016-05-24,2016-06-01,growth_champion_v3,0.0039348444225824,0.4,0.6,0.0,"AMD,PBR,XEL,AEP",4,0.4,0.6666666666666667,one benchmark below 200D MA
2010-01-01,2016-05-23,2016-05-24,2016-06-01,growth_champion_v3,0.0039348444225824,0.4,0.6,0.0,"AMD,PBR,XEL,AEP",4,0.4,0.6666666666666667,one benchmark below 200D MA
2008-01-01,2016-05-23,2016-05-24,2016-06-01,growth_champion_v2,0.0059022666338736,0.6,0.4,0.0,"AMD,PBR,XEL,AEP",4,0.6,1.0,base cap 60%
2015-01-01,2016-05-26,2016-05-27,2016-06-06,growth_champion_v3,0.0088429089326997,0.6,0.4,0.1999999999999999,"AMD,NVDA,PBR",3,0.6,1.0,SPY and QQQ above 200D MA
2015-01-01,2016-05-26,2016-05-27,2016-06-06,growth_champion_v2,0.0088429089326997,0.6,0.4,0.1999999999999999,"AMD,NVDA,PBR",3,0.6,1.0,base cap 60%
2008-01-01,2016-05-31,2016-06-01,2016-06-08,growth_champion_v2,0.0042267695602219,0.6,0.4,0.15,"AMD,NVDA,XEL,AEP",4,0.6,1.0,base cap 60%
2010-01-01,2016-05-31,2016-06-01,2016-06-08,growth_champion_v3,0.0042267695602219,0.6,0.4,0.15,"AMD,NVDA,XEL,AEP",4,0.6,1.0,SPY and QQQ above 200D MA
2008-01-01,2016-05-31,2016-06-01,2016-06-08,growth_champion_v3,0.0042267695602219,0.6,0.4,0.15,"AMD,NVDA,XEL,AEP",4,0.6,1.0,SPY and QQQ above 200D MA
2010-01-01,2016-05-31,2016-06-01,2016-06-08,growth_champion_v2,0.0042267695602219,0.6,0.4,0.15,"AMD,NVDA,XEL,AEP",4,0.6,1.0,base cap 60%
2015-01-01,2016-06-03,2016-06-06,2016-06-13,growth_champion_v3,-0.0013961011980821,0.6,0.4,0.0,"AMD,NVDA,PBR",3,0.6,1.0,SPY and QQQ above 200D MA
2015-01-01,2016-06-03,2016-06-06,2016-06-13,growth_champion_v2,-0.0013961011980821,0.6,0.4,0.0,"AMD,NVDA,PBR",3,0.6,1.0,base cap 60%
2010-01-01,2016-06-07,2016-06-08,2016-06-15,growth_champion_v3,0.004391415577362,0.6,0.4,0.0,"AMD,NVDA,XEL,AEP",4,0.6,1.0,SPY and QQQ above 200D MA
2008-01-01,2016-06-07,2016-06-08,2016-06-15,growth_champion_v2,0.004391415577362,0.6,0.4,0.0,"AMD,NVDA,XEL,AEP",4,0.6,1.0,base cap 60%
2010-01-01,2016-06-07,2016-06-08,2016-06-15,growth_champion_v2,0.004391415577362,0.6,0.4,0.0,"AMD,NVDA,XEL,AEP",4,0.6,1.0,base cap 60%
2008-01-01,2016-06-07,2016-06-08,2016-06-15,growth_champion_v3,0.004391415577362,0.6,0.4,0.0,"AMD,NVDA,XEL,AEP",4,0.6,1.0,SPY and QQQ above 200D MA
2015-01-01,2016-06-10,2016-06-13,2016-06-20,growth_champion_v2,0.0576900474690227,0.6,0.4,0.0,"AMD,NVDA,PBR",3,0.6,1.0,base cap 60%
2015-01-01,2016-06-10,2016-06-13,2016-06-20,growth_champion_v3,0.0576900474690227,0.6,0.4,0.0,"AMD,NVDA,PBR",3,0.6,1.0,SPY and QQQ above 200D MA
2008-01-01,2016-06-14,2016-06-15,2016-06-22,growth_champion_v3,0.021708065865024,0.6,0.4,0.0,"AMD,NVDA,XEL,AEP",4,0.6,1.0,SPY and QQQ above 200D MA
2010-01-01,2016-06-14,2016-06-15,2016-06-22,growth_champion_v3,0.021708065865024,0.6,0.4,0.0,"AMD,NVDA,XEL,AEP",4,0.6,1.0,SPY and QQQ above 200D MA
2008-01-01,2016-06-14,2016-06-15,2016-06-22,growth_champion_v2,0.021708065865024,0.6,0.4,0.0,"AMD,NVDA,XEL,AEP",4,0.6,1.0,base cap 60%
2010-01-01,2016-06-14,2016-06-15,2016-06-22,growth_champion_v2,0.021708065865024,0.6,0.4,0.0,"AMD,NVDA,XEL,AEP",4,0.6,1.0,base cap 60%
2015-01-01,2016-06-17,2016-06-20,2016-06-27,growth_champion_v3,-0.0414696499982328,0.6,0.4,0.0,"AMD,NVDA,PBR",3,0.6,1.0,SPY and QQQ above 200D MA
2015-01-01,2016-06-17,2016-06-20,2016-06-27,growth_champion_v2,-0.0414696499982328,0.6,0.4,0.0,"AMD,NVDA,PBR",3,0.6,1.0,base cap 60%
2008-01-01,2016-06-21,2016-06-22,2016-06-29,growth_champion_v2,0.008515992749996,0.6,0.4,0.15,"AMD,DXCM,NVDA,XEL",4,0.6,1.0,base cap 60%
2008-01-01,2016-06-21,2016-06-22,2016-06-29,growth_champion_v3,0.008515992749996,0.6,0.4,0.15,"AMD,DXCM,NVDA,XEL",4,0.6,1.0,SPY and QQQ above 200D MA
2010-01-01,2016-06-21,2016-06-22,2016-06-29,growth_champion_v3,0.008515992749996,0.6,0.4,0.15,"AMD,DXCM,NVDA,XEL",4,0.6,1.0,SPY and QQQ above 200D MA
2010-01-01,2016-06-21,2016-06-22,2016-06-29,growth_champion_v2,0.008515992749996,0.6,0.4,0.15,"AMD,DXCM,NVDA,XEL",4,0.6,1.0,base cap 60%
2015-01-01,2016-06-24,2016-06-27,2016-07-05,growth_champion_v3,0.0239895142655874,0.6,0.4,0.1499999999999999,"AMD,MU,NVDA,PBR",4,0.6,1.0,SPY and QQQ above 200D MA
2015-01-01,2016-06-24,2016-06-27,2016-07-05,growth_champion_v2,0.0239895142655874,0.6,0.4,0.1499999999999999,"AMD,MU,NVDA,PBR",4,0.6,1.0,base cap 60%
2008-01-01,2016-06-28,2016-06-29,2016-07-07,growth_champion_v2,0.0012327137532125,0.6,0.4,0.15,"AMD,PBR,NVDA,DXCM",4,0.6,1.0,base cap 60%
2010-01-01,2016-06-28,2016-06-29,2016-07-07,growth_champion_v2,0.0012327137532125,0.6,0.4,0.15,"AMD,PBR,NVDA,DXCM",4,0.6,1.0,base cap 60%
2008-01-01,2016-06-28,2016-06-29,2016-07-07,growth_champion_v3,0.0005136307305052,0.25,0.75,0.0625,"AMD,PBR,NVDA,DXCM",4,0.25,0.4166666666666667,SPY and QQQ below 200D MA
2010-01-01,2016-06-28,2016-06-29,2016-07-07,growth_champion_v3,0.0005136307305052,0.25,0.75,0.0625,"AMD,PBR,NVDA,DXCM",4,0.25,0.4166666666666667,SPY and QQQ below 200D MA
2015-01-01,2016-07-01,2016-07-05,2016-07-12,growth_champion_v3,0.0654960453507959,0.6,0.4,0.0,"AMD,PBR,NVDA,MU",4,0.6,1.0,SPY and QQQ above 200D MA
2015-01-01,2016-07-01,2016-07-05,2016-07-12,growth_champion_v2,0.0654960453507959,0.6,0.4,0.0,"AMD,PBR,NVDA,MU",4,0.6,1.0,base cap 60%
2008-01-01,2016-07-06,2016-07-07,2016-07-14,growth_champion_v2,0.0408454268411348,0.6,0.4,0.0,"AMD,NVDA,PBR,DXCM",4,0.6,1.0,base cap 60%
2010-01-01,2016-07-06,2016-07-07,2016-07-14,growth_champion_v2,0.0408454268411348,0.6,0.4,0.0,"AMD,NVDA,PBR,DXCM",4,0.6,1.0,base cap 60%
2008-01-01,2016-07-06,2016-07-07,2016-07-14,growth_champion_v3,0.0408454268411348,0.6,0.4,0.0,"AMD,NVDA,PBR,DXCM",4,0.6,1.0,SPY and QQQ above 200D MA
2010-01-01,2016-07-06,2016-07-07,2016-07-14,growth_champion_v3,0.0408454268411348,0.6,0.4,0.0,"AMD,NVDA,PBR,DXCM",4,0.6,1.0,SPY and QQQ above 200D MA
2015-01-01,2016-07-11,2016-07-12,2016-07-19,growth_champion_v2,0.0170515184036786,0.6,0.4,0.0,"AMD,NVDA,PBR,MU",4,0.6,1.0,base cap 60%
2015-01-01,2016-07-11,2016-07-12,2016-07-19,growth_champion_v3,0.0170515184036786,0.6,0.4,0.0,"AMD,NVDA,PBR,MU",4,0.6,1.0,SPY and QQQ above 200D MA
2008-01-01,2016-07-13,2016-07-14,2016-07-21,growth_champion_v3,0.0166134321758762,0.6,0.4,0.0,"AMD,NVDA,PBR,DXCM",4,0.6,1.0,SPY and QQQ above 200D MA
2010-01-01,2016-07-13,2016-07-14,2016-07-21,growth_champion_v3,0.0166134321758762,0.6,0.4,0.0,"AMD,NVDA,PBR,DXCM",4,0.6,1.0,SPY and QQQ above 200D MA
2010-01-01,2016-07-13,2016-07-14,2016-07-21,growth_champion_v2,0.0166134321758762,0.6,0.4,0.0,"AMD,NVDA,PBR,DXCM",4,0.6,1.0,base cap 60%
2008-01-01,2016-07-13,2016-07-14,2016-07-21,growth_champion_v2,0.0166134321758762,0.6,0.4,0.0,"AMD,NVDA,PBR,DXCM",4,0.6,1.0,base cap 60%
2015-01-01,2016-07-18,2016-07-19,2016-07-26,growth_champion_v3,0.0676366941215309,0.6,0.4,0.0,"AMD,NVDA,PBR,MU",4,0.6,1.0,SPY and QQQ above 200D MA
2015-01-01,2016-07-18,2016-07-19,2016-07-26,growth_champion_v2,0.0676366941215309,0.6,0.4,0.0,"AMD,NVDA,PBR,MU",4,0.6,1.0,base cap 60%
2008-01-01,2016-07-20,2016-07-21,2016-07-28,growth_champion_v3,0.0575022854508659,0.6,0.4,0.0,"NVDA,AMD,PBR,DXCM",4,0.6,1.0,SPY and QQQ above 200D MA
2010-01-01,2016-07-20,2016-07-21,2016-07-28,growth_champion_v2,0.0575022854508659,0.6,0.4,0.0,"NVDA,AMD,PBR,DXCM",4,0.6,1.0,base cap 60%
2008-01-01,2016-07-20,2016-07-21,2016-07-28,growth_champion_v2,0.0575022854508659,0.6,0.4,0.0,"NVDA,AMD,PBR,DXCM",4,0.6,1.0,base cap 60%
2010-01-01,2016-07-20,2016-07-21,2016-07-28,growth_champion_v3,0.0575022854508659,0.6,0.4,0.0,"NVDA,AMD,PBR,DXCM",4,0.6,1.0,SPY and QQQ above 200D MA
2015-01-01,2016-07-25,2016-07-26,2016-08-02,growth_champion_v3,-0.0389392372715953,0.6,0.4,0.0,"AMD,NVDA,PBR,MU",4,0.6,1.0,SPY and QQQ above 200D MA
2015-01-01,2016-07-25,2016-07-26,2016-08-02,growth_champion_v2,-0.0389392372715953,0.6,0.4,0.0,"AMD,NVDA,PBR,MU",4,0.6,1.0,base cap 60%
2010-01-01,2016-07-27,2016-07-28,2016-08-04,growth_champion_v3,0.0048683588139023,0.6,0.4,0.0,"AMD,NVDA,PBR,DXCM",4,0.6,1.0,SPY and QQQ above 200D MA
2008-01-01,2016-07-27,2016-07-28,2016-08-04,growth_champion_v2,0.0048683588139023,0.6,0.4,0.0,"AMD,NVDA,PBR,DXCM",4,0.6,1.0,base cap 60%
2010-01-01,2016-07-27,2016-07-28,2016-08-04,growth_champion_v2,0.0048683588139023,0.6,0.4,0.0,"AMD,NVDA,PBR,DXCM",4,0.6,1.0,base cap 60%
2008-01-01,2016-07-27,2016-07-28,2016-08-04,growth_champion_v3,0.0048683588139023,0.6,0.4,0.0,"AMD,NVDA,PBR,DXCM",4,0.6,1.0,SPY and QQQ above 200D MA
2015-01-01,2016-08-01,2016-08-02,2016-08-09,growth_champion_v3,0.042846038676372,0.6,0.4,0.0,"AMD,NVDA,PBR,MU",4,0.6,1.0,SPY and QQQ above 200D MA
2015-01-01,2016-08-01,2016-08-02,2016-08-09,growth_champion_v2,0.042846038676372,0.6,0.4,0.0,"AMD,NVDA,PBR,MU",4,0.6,1.0,base cap 60%
2010-01-01,2016-08-03,2016-08-04,2016-08-11,growth_champion_v2,0.0127106092541088,0.6,0.4,0.0,"AMD,NVDA,PBR,DXCM",4,0.6,1.0,base cap 60%
2010-01-01,2016-08-03,2016-08-04,2016-08-11,growth_champion_v3,0.0127106092541088,0.6,0.4,0.0,"AMD,NVDA,PBR,DXCM",4,0.6,1.0,SPY and QQQ above 200D MA
2008-01-01,2016-08-03,2016-08-04,2016-08-11,growth_champion_v3,0.0127106092541088,0.6,0.4,0.0,"AMD,NVDA,PBR,DXCM",4,0.6,1.0,SPY and QQQ above 200D MA
2008-01-01,2016-08-03,2016-08-04,2016-08-11,growth_champion_v2,0.0127106092541088,0.6,0.4,0.0,"AMD,NVDA,PBR,DXCM",4,0.6,1.0,base cap 60%
2015-01-01,2016-08-08,2016-08-09,2016-08-16,growth_champion_v3,0.0321069332643441,0.6,0.4,0.0,"AMD,NVDA,PBR,MU",4,0.6,1.0,SPY and QQQ above 200D MA
2015-01-01,2016-08-08,2016-08-09,2016-08-16,growth_champion_v2,0.0321069332643441,0.6,0.4,0.0,"AMD,NVDA,PBR,MU",4,0.6,1.0,base cap 60%
2010-01-01,2016-08-10,2016-08-11,2016-08-18,growth_champion_v2,0.029805278939695,0.6,0.4,0.0,"AMD,DXCM,NVDA,PBR",4,0.6,1.0,base cap 60%
2008-01-01,2016-08-10,2016-08-11,2016-08-18,growth_champion_v3,0.029805278939695,0.6,0.4,0.0,"AMD,DXCM,NVDA,PBR",4,0.6,1.0,SPY and QQQ above 200D MA
2010-01-01,2016-08-10,2016-08-11,2016-08-18,growth_champion_v3,0.029805278939695,0.6,0.4,0.0,"AMD,DXCM,NVDA,PBR",4,0.6,1.0,SPY and QQQ above 200D MA
2008-01-01,2016-08-10,2016-08-11,2016-08-18,growth_champion_v2,0.029805278939695,0.6,0.4,0.0,"AMD,DXCM,NVDA,PBR",4,0.6,1.0,base cap 60%
2015-01-01,2016-08-15,2016-08-16,2016-08-23,growth_champion_v3,0.0288647640462287,0.6,0.4,0.0,"AMD,MU,NVDA,PBR",4,0.6,1.0,SPY and QQQ above 200D MA
2015-01-01,2016-08-15,2016-08-16,2016-08-23,growth_champion_v2,0.0288647640462287,0.6,0.4,0.0,"AMD,MU,NVDA,PBR",4,0.6,1.0,base cap 60%
2010-01-01,2016-08-17,2016-08-18,2016-08-25,growth_champion_v2,0.0007442031398119,0.6,0.4,0.15,"AMD,VALE,NVDA,DXCM",4,0.6,1.0,base cap 60%
2008-01-01,2016-08-17,2016-08-18,2016-08-25,growth_champion_v3,0.0007442031398119,0.6,0.4,0.15,"AMD,VALE,NVDA,DXCM",4,0.6,1.0,SPY and QQQ above 200D MA
2010-01-01,2016-08-17,2016-08-18,2016-08-25,growth_champion_v3,0.0007442031398119,0.6,0.4,0.15,"AMD,VALE,NVDA,DXCM",4,0.6,1.0,SPY and QQQ above 200D MA
2008-01-01,2016-08-17,2016-08-18,2016-08-25,growth_champion_v2,0.0007442031398119,0.6,0.4,0.15,"AMD,VALE,NVDA,DXCM",4,0.6,1.0,base cap 60%
2015-01-01,2016-08-22,2016-08-23,2016-08-30,growth_champion_v3,0.000725191395312,0.6,0.4,0.0,"AMD,PBR,NVDA,MU",4,0.6,1.0,SPY and QQQ above 200D MA
2015-01-01,2016-08-22,2016-08-23,2016-08-30,growth_champion_v2,0.000725191395312,0.6,0.4,0.0,"AMD,PBR,NVDA,MU",4,0.6,1.0,base cap 60%
2008-01-01,2016-08-24,2016-08-25,2016-09-01,growth_champion_v3,-0.0046196105449085,0.6,0.4,0.15,"AMD,PBR,NVDA,VALE",4,0.6,1.0,SPY and QQQ above 200D MA
2010-01-01,2016-08-24,2016-08-25,2016-09-01,growth_champion_v3,-0.0046196105449085,0.6,0.4,0.15,"AMD,PBR,NVDA,VALE",4,0.6,1.0,SPY and QQQ above 200D MA
2008-01-01,2016-08-24,2016-08-25,2016-09-01,growth_champion_v2,-0.0046196105449085,0.6,0.4,0.15,"AMD,PBR,NVDA,VALE",4,0.6,1.0,base cap 60%
2010-01-01,2016-08-24,2016-08-25,2016-09-01,growth_champion_v2,-0.0046196105449085,0.6,0.4,0.15,"AMD,PBR,NVDA,VALE",4,0.6,1.0,base cap 60%
2015-01-01,2016-08-29,2016-08-30,2016-09-07,growth_champion_v3,-6.338167913347813e-05,0.6,0.4,0.0,"AMD,PBR,NVDA,MU",4,0.6,1.0,SPY and QQQ above 200D MA
2015-01-01,2016-08-29,2016-08-30,2016-09-07,growth_champion_v2,-6.338167913347813e-05,0.6,0.4,0.0,"AMD,PBR,NVDA,MU",4,0.6,1.0,base cap 60%
2008-01-01,2016-08-31,2016-09-01,2016-09-09,growth_champion_v2,-0.0390620038718706,0.6,0.4,0.0,"AMD,PBR,VALE,NVDA",4,0.6,1.0,base cap 60%
2010-01-01,2016-08-31,2016-09-01,2016-09-09,growth_champion_v3,-0.0390620038718706,0.6,0.4,0.0,"AMD,PBR,VALE,NVDA",4,0.6,1.0,SPY and QQQ above 200D MA
2008-01-01,2016-08-31,2016-09-01,2016-09-09,growth_champion_v3,-0.0390620038718706,0.6,0.4,0.0,"AMD,PBR,VALE,NVDA",4,0.6,1.0,SPY and QQQ above 200D MA
2010-01-01,2016-08-31,2016-09-01,2016-09-09,growth_champion_v2,-0.0390620038718706,0.6,0.4,0.0,"AMD,PBR,VALE,NVDA",4,0.6,1.0,base cap 60%
2015-01-01,2016-09-06,2016-09-07,2016-09-14,growth_champion_v3,-0.0379912702979609,0.6,0.4,0.0,"AMD,PBR,NVDA,MU",4,0.6,1.0,SPY and QQQ above 200D MA
2015-01-01,2016-09-06,2016-09-07,2016-09-14,growth_champion_v2,-0.0379912702979609,0.6,0.4,0.0,"AMD,PBR,NVDA,MU",4,0.6,1.0,base cap 60%
2010-01-01,2016-09-08,2016-09-09,2016-09-16,growth_champion_v3,0.0116922771245899,0.6,0.4,0.15,"PBR,MU,NVDA,AMD",4,0.6,1.0,SPY and QQQ above 200D MA
2008-01-01,2016-09-08,2016-09-09,2016-09-16,growth_champion_v3,0.0116922771245899,0.6,0.4,0.15,"PBR,MU,NVDA,AMD",4,0.6,1.0,SPY and QQQ above 200D MA
2010-01-01,2016-09-08,2016-09-09,2016-09-16,growth_champion_v2,0.0116922771245899,0.6,0.4,0.15,"PBR,MU,NVDA,AMD",4,0.6,1.0,base cap 60%
2008-01-01,2016-09-08,2016-09-09,2016-09-16,growth_champion_v2,0.0116922771245899,0.6,0.4,0.15,"PBR,MU,NVDA,AMD",4,0.6,1.0,base cap 60%
2015-01-01,2016-09-13,2016-09-14,2016-09-21,growth_champion_v2,0.0397928133461486,0.6,0.4,0.15,"MU,MELI,NVDA,PBR",4,0.6,1.0,base cap 60%
2015-01-01,2016-09-13,2016-09-14,2016-09-21,growth_champion_v3,0.0397928133461486,0.6,0.4,0.15,"MU,MELI,NVDA,PBR",4,0.6,1.0,SPY and QQQ above 200D MA
2010-01-01,2016-09-15,2016-09-16,2016-09-23,growth_champion_v2,0.0187519395614378,0.6,0.4,0.0,"MU,NVDA,AMD,PBR",4,0.6,1.0,base cap 60%
2010-01-01,2016-09-15,2016-09-16,2016-09-23,growth_champion_v3,0.0187519395614378,0.6,0.4,0.0,"MU,NVDA,AMD,PBR",4,0.6,1.0,SPY and QQQ above 200D MA
2008-01-01,2016-09-15,2016-09-16,2016-09-23,growth_champion_v2,0.0187519395614378,0.6,0.4,0.0,"MU,NVDA,AMD,PBR",4,0.6,1.0,base cap 60%
2008-01-01,2016-09-15,2016-09-16,2016-09-23,growth_champion_v3,0.0187519395614378,0.6,0.4,0.0,"MU,NVDA,AMD,PBR",4,0.6,1.0,SPY and QQQ above 200D MA
2015-01-01,2016-09-20,2016-09-21,2016-09-28,growth_champion_v2,0.0031209194354163,0.6,0.4,0.0,"MELI,NVDA,PBR,MU",4,0.6,1.0,base cap 60%
2015-01-01,2016-09-20,2016-09-21,2016-09-28,growth_champion_v3,0.0031209194354163,0.6,0.4,0.0,"MELI,NVDA,PBR,MU",4,0.6,1.0,SPY and QQQ above 200D MA
2010-01-01,2016-09-22,2016-09-23,2016-09-30,growth_champion_v2,0.0162894499159214,0.6,0.4,0.3,"MELI,ADSK,AMD,NVDA",4,0.6,1.0,base cap 60%
2008-01-01,2016-09-22,2016-09-23,2016-09-30,growth_champion_v3,0.0162894499159214,0.6,0.4,0.3,"MELI,ADSK,AMD,NVDA",4,0.6,1.0,SPY and QQQ above 200D MA
2010-01-01,2016-09-22,2016-09-23,2016-09-30,growth_champion_v3,0.0162894499159214,0.6,0.4,0.3,"MELI,ADSK,AMD,NVDA",4,0.6,1.0,SPY and QQQ above 200D MA
2008-01-01,2016-09-22,2016-09-23,2016-09-30,growth_champion_v2,0.0162894499159214,0.6,0.4,0.3,"MELI,ADSK,AMD,NVDA",4,0.6,1.0,base cap 60%
2015-01-01,2016-09-27,2016-09-28,2016-10-05,growth_champion_v3,0.0114906281230094,0.6,0.4,0.0,"MU,NVDA,MELI,PBR",4,0.6,1.0,SPY and QQQ above 200D MA
2015-01-01,2016-09-27,2016-09-28,2016-10-05,growth_champion_v2,0.0114906281230094,0.6,0.4,0.0,"MU,NVDA,MELI,PBR",4,0.6,1.0,base cap 60%
2008-01-01,2016-09-29,2016-09-30,2016-10-07,growth_champion_v2,-0.0062407402495208,0.6,0.4,0.3,"MU,ON,ADSK,NVDA",4,0.6,1.0,base cap 60%
2010-01-01,2016-09-29,2016-09-30,2016-10-07,growth_champion_v3,-0.0062407402495208,0.6,0.4,0.3,"MU,ON,ADSK,NVDA",4,0.6,1.0,SPY and QQQ above 200D MA
2010-01-01,2016-09-29,2016-09-30,2016-10-07,growth_champion_v2,-0.0062407402495208,0.6,0.4,0.3,"MU,ON,ADSK,NVDA",4,0.6,1.0,base cap 60%
2008-01-01,2016-09-29,2016-09-30,2016-10-07,growth_champion_v3,-0.0062407402495208,0.6,0.4,0.3,"MU,ON,ADSK,NVDA",4,0.6,1.0,SPY and QQQ above 200D MA
2015-01-01,2016-10-04,2016-10-05,2016-10-12,growth_champion_v2,-0.0140408451610702,0.6,0.4,0.15,"MU,NXPI,NVDA,MELI",4,0.6,1.0,base cap 60%
2015-01-01,2016-10-04,2016-10-05,2016-10-12,growth_champion_v3,-0.0140408451610702,0.6,0.4,0.15,"MU,NXPI,NVDA,MELI",4,0.6,1.0,SPY and QQQ above 200D MA
2008-01-01,2016-10-06,2016-10-07,2016-10-14,growth_champion_v2,-0.0156698071881222,0.6,0.4,0.15,"AMD,ON,ADSK,NVDA",4,0.6,1.0,base cap 60%
2010-01-01,2016-10-06,2016-10-07,2016-10-14,growth_champion_v3,-0.0156698071881222,0.6,0.4,0.15,"AMD,ON,ADSK,NVDA",4,0.6,1.0,SPY and QQQ above 200D MA
2008-01-01,2016-10-06,2016-10-07,2016-10-14,growth_champion_v3,-0.0156698071881222,0.6,0.4,0.15,"AMD,ON,ADSK,NVDA",4,0.6,1.0,SPY and QQQ above 200D MA
2010-01-01,2016-10-06,2016-10-07,2016-10-14,growth_champion_v2,-0.0156698071881222,0.6,0.4,0.15,"AMD,ON,ADSK,NVDA",4,0.6,1.0,base cap 60%
2015-01-01,2016-10-11,2016-10-12,2016-10-19,growth_champion_v3,0.0034785054655775,0.6,0.4,0.15,"PBR,NXPI,NVDA,MELI",4,0.6,1.0,SPY and QQQ above 200D MA
2015-01-01,2016-10-11,2016-10-12,2016-10-19,growth_champion_v2,0.0034785054655775,0.6,0.4,0.15,"PBR,NXPI,NVDA,MELI",4,0.6,1.0,base cap 60%
2008-01-01,2016-10-13,2016-10-14,2016-10-21,growth_champion_v2,0.0165618752864575,0.6,0.4,0.3,"PBR,BHP,AMD,NVDA",4,0.6,1.0,base cap 60%
2010-01-01,2016-10-13,2016-10-14,2016-10-21,growth_champion_v2,0.0165618752864575,0.6,0.4,0.3,"PBR,BHP,AMD,NVDA",4,0.6,1.0,base cap 60%
2008-01-01,2016-10-13,2016-10-14,2016-10-21,growth_champion_v3,0.0165618752864575,0.6,0.4,0.3,"PBR,BHP,AMD,NVDA",4,0.6,1.0,SPY and QQQ above 200D MA
2010-01-01,2016-10-13,2016-10-14,2016-10-21,growth_champion_v3,0.0165618752864575,0.6,0.4,0.3,"PBR,BHP,AMD,NVDA",4,0.6,1.0,SPY and QQQ above 200D MA
2015-01-01,2016-10-18,2016-10-19,2016-10-26,growth_champion_v3,0.0073739576400303,0.6,0.4,0.15,"PBR,NFLX,NXPI,MELI",4,0.6,1.0,SPY and QQQ above 200D MA
2015-01-01,2016-10-18,2016-10-19,2016-10-26,growth_champion_v2,0.0073739576400303,0.6,0.4,0.15,"PBR,NFLX,NXPI,MELI",4,0.6,1.0,base cap 60%
2008-01-01,2016-10-20,2016-10-21,2016-10-28,growth_champion_v3,0.0175594654494303,0.6,0.4,0.15,"PBR,NFLX,AMD,NVDA",4,0.6,1.0,SPY and QQQ above 200D MA
2008-01-01,2016-10-20,2016-10-21,2016-10-28,growth_champion_v2,0.0175594654494303,0.6,0.4,0.15,"PBR,NFLX,AMD,NVDA",4,0.6,1.0,base cap 60%
2010-01-01,2016-10-20,2016-10-21,2016-10-28,growth_champion_v2,0.0175594654494303,0.6,0.4,0.15,"PBR,NFLX,AMD,NVDA",4,0.6,1.0,base cap 60%
2010-01-01,2016-10-20,2016-10-21,2016-10-28,growth_champion_v3,0.0175594654494303,0.6,0.4,0.15,"PBR,NFLX,AMD,NVDA",4,0.6,1.0,SPY and QQQ above 200D MA
2015-01-01,2016-10-25,2016-10-26,2016-11-02,growth_champion_v3,-0.0260981665139521,0.6,0.4,0.0,"PBR,NFLX,NXPI,MELI",4,0.6,1.0,SPY and QQQ above 200D MA
2015-01-01,2016-10-25,2016-10-26,2016-11-02,growth_champion_v2,-0.0260981665139521,0.6,0.4,0.0,"PBR,NFLX,NXPI,MELI",4,0.6,1.0,base cap 60%
2008-01-01,2016-10-27,2016-10-28,2016-11-04,growth_champion_v2,-0.0407397376629838,0.6,0.4,0.0,"PBR,NFLX,NVDA,AMD",4,0.6,1.0,base cap 60%
2010-01-01,2016-10-27,2016-10-28,2016-11-04,growth_champion_v2,-0.0407397376629838,0.6,0.4,0.0,"PBR,NFLX,NVDA,AMD",4,0.6,1.0,base cap 60%
2008-01-01,2016-10-27,2016-10-28,2016-11-04,growth_champion_v3,-0.0407397376629838,0.6,0.4,0.0,"PBR,NFLX,NVDA,AMD",4,0.6,1.0,SPY and QQQ above 200D MA
2010-01-01,2016-10-27,2016-10-28,2016-11-04,growth_champion_v3,-0.0407397376629838,0.6,0.4,0.0,"PBR,NFLX,NVDA,AMD",4,0.6,1.0,SPY and QQQ above 200D MA
2015-01-01,2016-11-01,2016-11-02,2016-11-09,growth_champion_v3,0.0072176102716513,0.6,0.4,0.1499999999999999,"NFLX,PBR,NXPI",3,0.6,1.0,SPY and QQQ above 200D MA
2015-01-01,2016-11-01,2016-11-02,2016-11-09,growth_champion_v2,0.0072176102716513,0.6,0.4,0.1499999999999999,"NFLX,PBR,NXPI",3,0.6,1.0,base cap 60%
2010-01-01,2016-11-03,2016-11-04,2016-11-11,growth_champion_v2,0.0622856832454877,0.6,0.4,0.15,"NFLX,VALE,NVDA,AMD",4,0.6,1.0,base cap 60%
2008-01-01,2016-11-03,2016-11-04,2016-11-11,growth_champion_v2,0.0622856832454877,0.6,0.4,0.15,"NFLX,VALE,NVDA,AMD",4,0.6,1.0,base cap 60%
2010-01-01,2016-11-03,2016-11-04,2016-11-11,growth_champion_v3,0.0622856832454877,0.6,0.4,0.15,"NFLX,VALE,NVDA,AMD",4,0.6,1.0,SPY and QQQ above 200D MA
2008-01-01,2016-11-03,2016-11-04,2016-11-11,growth_champion_v3,0.0622856832454877,0.6,0.4,0.15,"NFLX,VALE,NVDA,AMD",4,0.6,1.0,SPY and QQQ above 200D MA
2015-01-01,2016-11-08,2016-11-09,2016-11-16,growth_champion_v2,-0.0361873242288655,0.6,0.4,0.1499999999999999,"VALE,NFLX,NXPI,PBR",4,0.6,1.0,base cap 60%
2015-01-01,2016-11-08,2016-11-09,2016-11-16,growth_champion_v3,-0.0361873242288655,0.6,0.4,0.1499999999999999,"VALE,NFLX,NXPI,PBR",4,0.6,1.0,SPY and QQQ above 200D MA
2008-01-01,2016-11-10,2016-11-11,2016-11-18,growth_champion_v2,-0.0087358581185022,0.6,0.4,0.15,"VALE,RIO,NVDA,NFLX",4,0.6,1.0,base cap 60%
2010-01-01,2016-11-10,2016-11-11,2016-11-18,growth_champion_v2,-0.0087358581185022,0.6,0.4,0.15,"VALE,RIO,NVDA,NFLX",4,0.6,1.0,base cap 60%
2010-01-01,2016-11-10,2016-11-11,2016-11-18,growth_champion_v3,-0.0087358581185022,0.6,0.4,0.15,"VALE,RIO,NVDA,NFLX",4,0.6,1.0,SPY and QQQ above 200D MA
2008-01-01,2016-11-10,2016-11-11,2016-11-18,growth_champion_v3,-0.0087358581185022,0.6,0.4,0.15,"VALE,RIO,NVDA,NFLX",4,0.6,1.0,SPY and QQQ above 200D MA
2015-01-01,2016-11-15,2016-11-16,2016-11-23,growth_champion_v3,0.0317777732982499,0.6,0.4,0.15,"NVDA,VALE,NXPI,NFLX",4,0.6,1.0,SPY and QQQ above 200D MA
2015-01-01,2016-11-15,2016-11-16,2016-11-23,growth_champion_v2,0.0317777732982499,0.6,0.4,0.15,"NVDA,VALE,NXPI,NFLX",4,0.6,1.0,base cap 60%
2008-01-01,2016-11-17,2016-11-18,2016-11-28,growth_champion_v2,0.0541081744021828,0.6,0.4,0.0,"NVDA,VALE,NFLX,RIO",4,0.6,1.0,base cap 60%
2010-01-01,2016-11-17,2016-11-18,2016-11-28,growth_champion_v3,0.0541081744021828,0.6,0.4,0.0,"NVDA,VALE,NFLX,RIO",4,0.6,1.0,SPY and QQQ above 200D MA
2010-01-01,2016-11-17,2016-11-18,2016-11-28,growth_champion_v2,0.0541081744021828,0.6,0.4,0.0,"NVDA,VALE,NFLX,RIO",4,0.6,1.0,base cap 60%
2008-01-01,2016-11-17,2016-11-18,2016-11-28,growth_champion_v3,0.0541081744021828,0.6,0.4,0.0,"NVDA,VALE,NFLX,RIO",4,0.6,1.0,SPY and QQQ above 200D MA
2015-01-01,2016-11-22,2016-11-23,2016-12-01,growth_champion_v3,-0.0163074514375108,0.6,0.4,0.0,"NVDA,VALE,NXPI,NFLX",4,0.6,1.0,SPY and QQQ above 200D MA
2015-01-01,2016-11-22,2016-11-23,2016-12-01,growth_champion_v2,-0.0163074514375108,0.6,0.4,0.0,"NVDA,VALE,NXPI,NFLX",4,0.6,1.0,base cap 60%
2008-01-01,2016-11-25,2016-11-28,2016-12-05,growth_champion_v2,-0.0069372188356132,0.6,0.4,0.0,"NVDA,VALE,NFLX,RIO",4,0.6,1.0,base cap 60%
2008-01-01,2016-11-25,2016-11-28,2016-12-05,growth_champion_v3,-0.0069372188356132,0.6,0.4,0.0,"NVDA,VALE,NFLX,RIO",4,0.6,1.0,SPY and QQQ above 200D MA
2010-01-01,2016-11-25,2016-11-28,2016-12-05,growth_champion_v2,-0.0069372188356132,0.6,0.4,0.0,"NVDA,VALE,NFLX,RIO",4,0.6,1.0,base cap 60%
2010-01-01,2016-11-25,2016-11-28,2016-12-05,growth_champion_v3,-0.0069372188356132,0.6,0.4,0.0,"NVDA,VALE,NFLX,RIO",4,0.6,1.0,SPY and QQQ above 200D MA
2015-01-01,2016-11-30,2016-12-01,2016-12-08,growth_champion_v3,0.0326308131997514,0.6,0.4,0.0,"NVDA,VALE,NXPI,NFLX",4,0.6,1.0,SPY and QQQ above 200D MA
2015-01-01,2016-11-30,2016-12-01,2016-12-08,growth_champion_v2,0.0326308131997514,0.6,0.4,0.0,"NVDA,VALE,NXPI,NFLX",4,0.6,1.0,base cap 60%
2008-01-01,2016-12-02,2016-12-05,2016-12-12,growth_champion_v3,0.0109410442814302,0.6,0.4,0.0,"VALE,NVDA,NFLX,RIO",4,0.6,1.0,SPY and QQQ above 200D MA
2010-01-01,2016-12-02,2016-12-05,2016-12-12,growth_champion_v3,0.0109410442814302,0.6,0.4,0.0,"VALE,NVDA,NFLX,RIO",4,0.6,1.0,SPY and QQQ above 200D MA
2010-01-01,2016-12-02,2016-12-05,2016-12-12,growth_champion_v2,0.0109410442814302,0.6,0.4,0.0,"VALE,NVDA,NFLX,RIO",4,0.6,1.0,base cap 60%
2008-01-01,2016-12-02,2016-12-05,2016-12-12,growth_champion_v2,0.0109410442814302,0.6,0.4,0.0,"VALE,NVDA,NFLX,RIO",4,0.6,1.0,base cap 60%
2015-01-01,2016-12-07,2016-12-08,2016-12-15,growth_champion_v3,0.0008987395231679,0.6,0.4,0.15,"VALE,AMD,NXPI,NFLX",4,0.6,1.0,SPY and QQQ above 200D MA
2015-01-01,2016-12-07,2016-12-08,2016-12-15,growth_champion_v2,0.0008987395231679,0.6,0.4,0.15,"VALE,AMD,NXPI,NFLX",4,0.6,1.0,base cap 60%
2008-01-01,2016-12-09,2016-12-12,2016-12-19,growth_champion_v2,0.0087411352954219,0.6,0.4,0.15,"AMD,VALE,NVDA,NFLX",4,0.6,1.0,base cap 60%
2010-01-01,2016-12-09,2016-12-12,2016-12-19,growth_champion_v3,0.0087411352954219,0.6,0.4,0.15,"AMD,VALE,NVDA,NFLX",4,0.6,1.0,SPY and QQQ above 200D MA
2010-01-01,2016-12-09,2016-12-12,2016-12-19,growth_champion_v2,0.0087411352954219,0.6,0.4,0.15,"AMD,VALE,NVDA,NFLX",4,0.6,1.0,base cap 60%
2008-01-01,2016-12-09,2016-12-12,2016-12-19,growth_champion_v3,0.0087411352954219,0.6,0.4,0.15,"AMD,VALE,NVDA,NFLX",4,0.6,1.0,SPY and QQQ above 200D MA
2015-01-01,2016-12-14,2016-12-15,2016-12-22,growth_champion_v3,-0.0006455670216665,0.6,0.4,0.0,"AMD,VALE,NXPI,NFLX",4,0.6,1.0,SPY and QQQ above 200D MA
2015-01-01,2016-12-14,2016-12-15,2016-12-22,growth_champion_v2,-0.0006455670216665,0.6,0.4,0.0,"AMD,VALE,NXPI,NFLX",4,0.6,1.0,base cap 60%
2010-01-01,2016-12-16,2016-12-19,2016-12-27,growth_champion_v3,0.0454648842784112,0.6,0.4,0.0,"AMD,NVDA,NFLX,VALE",4,0.6,1.0,SPY and QQQ above 200D MA
2008-01-01,2016-12-16,2016-12-19,2016-12-27,growth_champion_v3,0.0454648842784112,0.6,0.4,0.0,"AMD,NVDA,NFLX,VALE",4,0.6,1.0,SPY and QQQ above 200D MA
2010-01-01,2016-12-16,2016-12-19,2016-12-27,growth_champion_v2,0.0454648842784112,0.6,0.4,0.0,"AMD,NVDA,NFLX,VALE",4,0.6,1.0,base cap 60%
2008-01-01,2016-12-16,2016-12-19,2016-12-27,growth_champion_v2,0.0454648842784112,0.6,0.4,0.0,"AMD,NVDA,NFLX,VALE",4,0.6,1.0,base cap 60%
2015-01-01,2016-12-21,2016-12-22,2016-12-30,growth_champion_v2,-0.0058072286263647,0.6,0.4,0.15,"AMD,NVDA,NXPI,NFLX",4,0.6,1.0,base cap 60%
2015-01-01,2016-12-21,2016-12-22,2016-12-30,growth_champion_v3,-0.0058072286263647,0.6,0.4,0.15,"AMD,NVDA,NXPI,NFLX",4,0.6,1.0,SPY and QQQ above 200D MA
2010-01-01,2016-12-23,2016-12-27,2017-01-04,growth_champion_v2,-0.0203983930796572,0.6,0.4,0.0,"AMD,NVDA,NFLX,VALE",4,0.6,1.0,base cap 60%
2008-01-01,2016-12-23,2016-12-27,2017-01-04,growth_champion_v3,-0.0203983930796572,0.6,0.4,0.0,"AMD,NVDA,NFLX,VALE",4,0.6,1.0,SPY and QQQ above 200D MA
2010-01-01,2016-12-23,2016-12-27,2017-01-04,growth_champion_v3,-0.0203983930796572,0.6,0.4,0.0,"AMD,NVDA,NFLX,VALE",4,0.6,1.0,SPY and QQQ above 200D MA
2008-01-01,2016-12-23,2016-12-27,2017-01-04,growth_champion_v2,-0.0203983930796572,0.6,0.4,0.0,"AMD,NVDA,NFLX,VALE",4,0.6,1.0,base cap 60%
2015-01-01,2016-12-29,2016-12-30,2017-01-09,growth_champion_v2,0.0152081461023424,0.6,0.4,0.1499999999999999,"AMD,NVDA,NFLX",3,0.6,1.0,base cap 60%
2015-01-01,2016-12-29,2016-12-30,2017-01-09,growth_champion_v3,0.0152081461023424,0.6,0.4,0.1499999999999999,"AMD,NVDA,NFLX",3,0.6,1.0,SPY and QQQ above 200D MA
2008-01-01,2017-01-03,2017-01-04,2017-01-11,growth_champion_v3,0.0228297272085118,0.6,0.4,0.0,"AMD,NVDA,NFLX,VALE",4,0.6,1.0,SPY and QQQ above 200D MA
2010-01-01,2017-01-03,2017-01-04,2017-01-11,growth_champion_v2,0.0228297272085118,0.6,0.4,0.0,"AMD,NVDA,NFLX,VALE",4,0.6,1.0,base cap 60%
2010-01-01,2017-01-03,2017-01-04,2017-01-11,growth_champion_v3,0.0228297272085118,0.6,0.4,0.0,"AMD,NVDA,NFLX,VALE",4,0.6,1.0,SPY and QQQ above 200D MA
2008-01-01,2017-01-03,2017-01-04,2017-01-11,growth_champion_v2,0.0228297272085118,0.6,0.4,0.0,"AMD,NVDA,NFLX,VALE",4,0.6,1.0,base cap 60%
2015-01-01,2017-01-06,2017-01-09,2017-01-17,growth_champion_v2,-0.0376082583850696,0.6,0.4,0.0,"AMD,NVDA,NFLX",3,0.6,1.0,base cap 60%
2015-01-01,2017-01-06,2017-01-09,2017-01-17,growth_champion_v3,-0.0376082583850696,0.6,0.4,0.0,"AMD,NVDA,NFLX",3,0.6,1.0,SPY and QQQ above 200D MA
2010-01-01,2017-01-10,2017-01-11,2017-01-19,growth_champion_v2,-0.0021650884768872,0.6,0.4,0.0,"AMD,NVDA,NFLX,VALE",4,0.6,1.0,base cap 60%
2008-01-01,2017-01-10,2017-01-11,2017-01-19,growth_champion_v3,-0.0021650884768872,0.6,0.4,0.0,"AMD,NVDA,NFLX,VALE",4,0.6,1.0,SPY and QQQ above 200D MA
2010-01-01,2017-01-10,2017-01-11,2017-01-19,growth_champion_v3,-0.0021650884768872,0.6,0.4,0.0,"AMD,NVDA,NFLX,VALE",4,0.6,1.0,SPY and QQQ above 200D MA
2008-01-01,2017-01-10,2017-01-11,2017-01-19,growth_champion_v2,-0.0021650884768872,0.6,0.4,0.0,"AMD,NVDA,NFLX,VALE",4,0.6,1.0,base cap 60%
2015-01-01,2017-01-13,2017-01-17,2017-01-24,growth_champion_v3,0.0337189249134837,0.6,0.4,0.3,"CCJ,VALE,AMD,NFLX",4,0.6,1.0,SPY and QQQ above 200D MA
2015-01-01,2017-01-13,2017-01-17,2017-01-24,growth_champion_v2,0.0337189249134837,0.6,0.4,0.3,"CCJ,VALE,AMD,NFLX",4,0.6,1.0,base cap 60%
2008-01-01,2017-01-18,2017-01-19,2017-01-26,growth_champion_v2,0.0310664482785118,0.6,0.4,0.0,"VALE,NVDA,AMD,NFLX",4,0.6,1.0,base cap 60%
2010-01-01,2017-01-18,2017-01-19,2017-01-26,growth_champion_v3,0.0310664482785118,0.6,0.4,0.0,"VALE,NVDA,AMD,NFLX",4,0.6,1.0,SPY and QQQ above 200D MA
2008-01-01,2017-01-18,2017-01-19,2017-01-26,growth_champion_v3,0.0310664482785118,0.6,0.4,0.0,"VALE,NVDA,AMD,NFLX",4,0.6,1.0,SPY and QQQ above 200D MA
2010-01-01,2017-01-18,2017-01-19,2017-01-26,growth_champion_v2,0.0310664482785118,0.6,0.4,0.0,"VALE,NVDA,AMD,NFLX",4,0.6,1.0,base cap 60%
2015-01-01,2017-01-23,2017-01-24,2017-01-31,growth_champion_v2,-0.0123716457738202,0.6,0.4,0.15,"VALE,CSX,AMD,CCJ",4,0.6,1.0,base cap 60%
2015-01-01,2017-01-23,2017-01-24,2017-01-31,growth_champion_v3,-0.0123716457738202,0.6,0.4,0.15,"VALE,CSX,AMD,CCJ",4,0.6,1.0,SPY and QQQ above 200D MA
2008-01-01,2017-01-25,2017-01-26,2017-02-02,growth_champion_v2,0.0230544602474449,0.6,0.4,0.15,"VALE,CSX,NVDA,AMD",4,0.6,1.0,base cap 60%
2010-01-01,2017-01-25,2017-01-26,2017-02-02,growth_champion_v3,0.0230544602474449,0.6,0.4,0.15,"VALE,CSX,NVDA,AMD",4,0.6,1.0,SPY and QQQ above 200D MA
2010-01-01,2017-01-25,2017-01-26,2017-02-02,growth_champion_v2,0.0230544602474449,0.6,0.4,0.15,"VALE,CSX,NVDA,AMD",4,0.6,1.0,base cap 60%
2008-01-01,2017-01-25,2017-01-26,2017-02-02,growth_champion_v3,0.0230544602474449,0.6,0.4,0.15,"VALE,CSX,NVDA,AMD",4,0.6,1.0,SPY and QQQ above 200D MA
2015-01-01,2017-01-30,2017-01-31,2017-02-07,growth_champion_v2,0.0139513008321585,0.6,0.4,0.0,"CCJ,CSX,AMD,VALE",4,0.6,1.0,base cap 60%
2015-01-01,2017-01-30,2017-01-31,2017-02-07,growth_champion_v3,0.0139513008321585,0.6,0.4,0.0,"CCJ,CSX,AMD,VALE",4,0.6,1.0,SPY and QQQ above 200D MA
2008-01-01,2017-02-01,2017-02-02,2017-02-09,growth_champion_v3,0.013254517068206,0.6,0.4,0.0,"AMD,VALE,NVDA,CSX",4,0.6,1.0,SPY and QQQ above 200D MA
2008-01-01,2017-02-01,2017-02-02,2017-02-09,growth_champion_v2,0.013254517068206,0.6,0.4,0.0,"AMD,VALE,NVDA,CSX",4,0.6,1.0,base cap 60%
2010-01-01,2017-02-01,2017-02-02,2017-02-09,growth_champion_v2,0.013254517068206,0.6,0.4,0.0,"AMD,VALE,NVDA,CSX",4,0.6,1.0,base cap 60%
2010-01-01,2017-02-01,2017-02-02,2017-02-09,growth_champion_v3,0.013254517068206,0.6,0.4,0.0,"AMD,VALE,NVDA,CSX",4,0.6,1.0,SPY and QQQ above 200D MA
2015-01-01,2017-02-06,2017-02-07,2017-02-14,growth_champion_v3,0.0340566886480014,0.6,0.4,0.15,"AMD,NVDA,CCJ,VALE",4,0.6,1.0,SPY and QQQ above 200D MA
2015-01-01,2017-02-06,2017-02-07,2017-02-14,growth_champion_v2,0.0340566886480014,0.6,0.4,0.15,"AMD,NVDA,CCJ,VALE",4,0.6,1.0,base cap 60%
2008-01-01,2017-02-08,2017-02-09,2017-02-16,growth_champion_v2,-0.0034316593313393,0.6,0.4,0.0,"AMD,NVDA,VALE,CSX",4,0.6,1.0,base cap 60%
2010-01-01,2017-02-08,2017-02-09,2017-02-16,growth_champion_v3,-0.0034316593313393,0.6,0.4,0.0,"AMD,NVDA,VALE,CSX",4,0.6,1.0,SPY and QQQ above 200D MA
2008-01-01,2017-02-08,2017-02-09,2017-02-16,growth_champion_v3,-0.0034316593313393,0.6,0.4,0.0,"AMD,NVDA,VALE,CSX",4,0.6,1.0,SPY and QQQ above 200D MA
2010-01-01,2017-02-08,2017-02-09,2017-02-16,growth_champion_v2,-0.0034316593313393,0.6,0.4,0.0,"AMD,NVDA,VALE,CSX",4,0.6,1.0,base cap 60%
2015-01-01,2017-02-13,2017-02-14,2017-02-22,growth_champion_v2,0.0040076141451904,0.6,0.4,0.0,"AMD,VALE,CCJ,NVDA",4,0.6,1.0,base cap 60%
2015-01-01,2017-02-13,2017-02-14,2017-02-22,growth_champion_v3,0.0040076141451904,0.6,0.4,0.0,"AMD,VALE,CCJ,NVDA",4,0.6,1.0,SPY and QQQ above 200D MA
2008-01-01,2017-02-15,2017-02-16,2017-02-24,growth_champion_v3,0.0037447769091151,0.6,0.4,0.0,"AMD,VALE,NVDA,CSX",4,0.6,1.0,SPY and QQQ above 200D MA
2010-01-01,2017-02-15,2017-02-16,2017-02-24,growth_champion_v3,0.0037447769091151,0.6,0.4,0.0,"AMD,VALE,NVDA,CSX",4,0.6,1.0,SPY and QQQ above 200D MA
2010-01-01,2017-02-15,2017-02-16,2017-02-24,growth_champion_v2,0.0037447769091151,0.6,0.4,0.0,"AMD,VALE,NVDA,CSX",4,0.6,1.0,base cap 60%
2008-01-01,2017-02-15,2017-02-16,2017-02-24,growth_champion_v2,0.0037447769091151,0.6,0.4,0.0,"AMD,VALE,NVDA,CSX",4,0.6,1.0,base cap 60%
2015-01-01,2017-02-21,2017-02-22,2017-03-01,growth_champion_v3,-0.021397395036158,0.6,0.4,0.15,"AMD,TSLA,NVDA,CCJ",4,0.6,1.0,SPY and QQQ above 200D MA
2015-01-01,2017-02-21,2017-02-22,2017-03-01,growth_champion_v2,-0.021397395036158,0.6,0.4,0.15,"AMD,TSLA,NVDA,CCJ",4,0.6,1.0,base cap 60%
2010-01-01,2017-02-23,2017-02-24,2017-03-03,growth_champion_v2,-0.0178127074474176,0.6,0.4,0.0,"AMD,CSX,NVDA,VALE",4,0.6,1.0,base cap 60%
2008-01-01,2017-02-23,2017-02-24,2017-03-03,growth_champion_v2,-0.0178127074474176,0.6,0.4,0.0,"AMD,CSX,NVDA,VALE",4,0.6,1.0,base cap 60%
2010-01-01,2017-02-23,2017-02-24,2017-03-03,growth_champion_v3,-0.0178127074474176,0.6,0.4,0.0,"AMD,CSX,NVDA,VALE",4,0.6,1.0,SPY and QQQ above 200D MA
2008-01-01,2017-02-23,2017-02-24,2017-03-03,growth_champion_v3,-0.0178127074474176,0.6,0.4,0.0,"AMD,CSX,NVDA,VALE",4,0.6,1.0,SPY and QQQ above 200D MA
2015-01-01,2017-02-28,2017-03-01,2017-03-08,growth_champion_v2,-0.0191549450527934,0.6,0.4,0.15,"AMD,MELI,TSLA,CCJ",4,0.6,1.0,base cap 60%
2015-01-01,2017-02-28,2017-03-01,2017-03-08,growth_champion_v3,-0.0191549450527934,0.6,0.4,0.15,"AMD,MELI,TSLA,CCJ",4,0.6,1.0,SPY and QQQ above 200D MA
2008-01-01,2017-03-02,2017-03-03,2017-03-10,growth_champion_v3,-0.0003161634750327,0.6,0.4,0.15,"AMD,MELI,NVDA,VALE",4,0.6,1.0,SPY and QQQ above 200D MA
2010-01-01,2017-03-02,2017-03-03,2017-03-10,growth_champion_v2,-0.0003161634750327,0.6,0.4,0.15,"AMD,MELI,NVDA,VALE",4,0.6,1.0,base cap 60%
2010-01-01,2017-03-02,2017-03-03,2017-03-10,growth_champion_v3,-0.0003161634750327,0.6,0.4,0.15,"AMD,MELI,NVDA,VALE",4,0.6,1.0,SPY and QQQ above 200D MA
2008-01-01,2017-03-02,2017-03-03,2017-03-10,growth_champion_v2,-0.0003161634750327,0.6,0.4,0.15,"AMD,MELI,NVDA,VALE",4,0.6,1.0,base cap 60%
2015-01-01,2017-03-07,2017-03-08,2017-03-15,growth_champion_v3,0.0173171457909244,0.6,0.4,0.3,"ILMN,ON,TSLA,AMD",4,0.6,1.0,SPY and QQQ above 200D MA
2015-01-01,2017-03-07,2017-03-08,2017-03-15,growth_champion_v2,0.0173171457909244,0.6,0.4,0.3,"ILMN,ON,TSLA,AMD",4,0.6,1.0,base cap 60%
2010-01-01,2017-03-09,2017-03-10,2017-03-17,growth_champion_v3,-0.0001747748219562,0.6,0.4,0.15,"MELI,ILMN,AMD,VALE",4,0.6,1.0,SPY and QQQ above 200D MA
2008-01-01,2017-03-09,2017-03-10,2017-03-17,growth_champion_v2,-0.0001747748219562,0.6,0.4,0.15,"MELI,ILMN,AMD,VALE",4,0.6,1.0,base cap 60%
2010-01-01,2017-03-09,2017-03-10,2017-03-17,growth_champion_v2,-0.0001747748219562,0.6,0.4,0.15,"MELI,ILMN,AMD,VALE",4,0.6,1.0,base cap 60%
2008-01-01,2017-03-09,2017-03-10,2017-03-17,growth_champion_v3,-0.0001747748219562,0.6,0.4,0.15,"MELI,ILMN,AMD,VALE",4,0.6,1.0,SPY and QQQ above 200D MA
2015-01-01,2017-03-14,2017-03-15,2017-03-22,growth_champion_v2,0.0043014490579531,0.6,0.4,0.3,"MELI,YPF,TSLA,AMD",4,0.6,1.0,base cap 60%
2015-01-01,2017-03-14,2017-03-15,2017-03-22,growth_champion_v3,0.0043014490579531,0.6,0.4,0.3,"MELI,YPF,TSLA,AMD",4,0.6,1.0,SPY and QQQ above 200D MA
2010-01-01,2017-03-16,2017-03-17,2017-03-24,growth_champion_v3,-0.0071702322645388,0.6,0.4,0.15,"YPF,MELI,AMD,VALE",4,0.6,1.0,SPY and QQQ above 200D MA
2008-01-01,2017-03-16,2017-03-17,2017-03-24,growth_champion_v2,-0.0071702322645388,0.6,0.4,0.15,"YPF,MELI,AMD,VALE",4,0.6,1.0,base cap 60%
2008-01-01,2017-03-16,2017-03-17,2017-03-24,growth_champion_v3,-0.0071702322645388,0.6,0.4,0.15,"YPF,MELI,AMD,VALE",4,0.6,1.0,SPY and QQQ above 200D MA
2010-01-01,2017-03-16,2017-03-17,2017-03-24,growth_champion_v2,-0.0071702322645388,0.6,0.4,0.15,"YPF,MELI,AMD,VALE",4,0.6,1.0,base cap 60%
2015-01-01,2017-03-21,2017-03-22,2017-03-29,growth_champion_v3,0.0170311288754715,0.6,0.4,0.0,"YPF,MELI,TSLA,AMD",4,0.6,1.0,SPY and QQQ above 200D MA
2015-01-01,2017-03-21,2017-03-22,2017-03-29,growth_champion_v2,0.0170311288754715,0.6,0.4,0.0,"YPF,MELI,TSLA,AMD",4,0.6,1.0,base cap 60%
2008-01-01,2017-03-23,2017-03-24,2017-03-31,growth_champion_v3,0.0162269335007255,0.6,0.4,0.0,"YPF,MELI,AMD,VALE",4,0.6,1.0,SPY and QQQ above 200D MA
2010-01-01,2017-03-23,2017-03-24,2017-03-31,growth_champion_v3,0.0162269335007255,0.6,0.4,0.0,"YPF,MELI,AMD,VALE",4,0.6,1.0,SPY and QQQ above 200D MA
2008-01-01,2017-03-23,2017-03-24,2017-03-31,growth_champion_v2,0.0162269335007255,0.6,0.4,0.0,"YPF,MELI,AMD,VALE",4,0.6,1.0,base cap 60%
2010-01-01,2017-03-23,2017-03-24,2017-03-31,growth_champion_v2,0.0162269335007255,0.6,0.4,0.0,"YPF,MELI,AMD,VALE",4,0.6,1.0,base cap 60%
2015-01-01,2017-03-28,2017-03-29,2017-04-05,growth_champion_v2,0.0193358384307732,0.6,0.4,0.15,"YPF,MU,TSLA,AMD",4,0.6,1.0,base cap 60%
2015-01-01,2017-03-28,2017-03-29,2017-04-05,growth_champion_v3,0.0193358384307732,0.6,0.4,0.15,"YPF,MU,TSLA,AMD",4,0.6,1.0,SPY and QQQ above 200D MA
2010-01-01,2017-03-30,2017-03-31,2017-04-07,growth_champion_v2,0.0098671911418459,0.6,0.4,0.15,"VRTX,YPF,AMD,MELI",4,0.6,1.0,base cap 60%
2008-01-01,2017-03-30,2017-03-31,2017-04-07,growth_champion_v3,0.0098671911418459,0.6,0.4,0.15,"VRTX,YPF,AMD,MELI",4,0.6,1.0,SPY and QQQ above 200D MA
2010-01-01,2017-03-30,2017-03-31,2017-04-07,growth_champion_v3,0.0098671911418459,0.6,0.4,0.15,"VRTX,YPF,AMD,MELI",4,0.6,1.0,SPY and QQQ above 200D MA
2008-01-01,2017-03-30,2017-03-31,2017-04-07,growth_champion_v2,0.0098671911418459,0.6,0.4,0.15,"VRTX,YPF,AMD,MELI",4,0.6,1.0,base cap 60%
2015-01-01,2017-04-04,2017-04-05,2017-04-12,growth_champion_v2,-0.0064143277799893,0.6,0.4,0.15,"YPF,VRTX,TSLA,AMD",4,0.6,1.0,base cap 60%
2015-01-01,2017-04-04,2017-04-05,2017-04-12,growth_champion_v3,-0.0064143277799893,0.6,0.4,0.15,"YPF,VRTX,TSLA,AMD",4,0.6,1.0,SPY and QQQ above 200D MA
2008-01-01,2017-04-06,2017-04-07,2017-04-17,growth_champion_v2,-0.0158500552012241,0.6,0.4,0.15,"VRTX,MU,AMD,MELI",4,0.6,1.0,base cap 60%
2008-01-01,2017-04-06,2017-04-07,2017-04-17,growth_champion_v3,-0.0158500552012241,0.6,0.4,0.15,"VRTX,MU,AMD,MELI",4,0.6,1.0,SPY and QQQ above 200D MA
2010-01-01,2017-04-06,2017-04-07,2017-04-17,growth_champion_v3,-0.0158500552012241,0.6,0.4,0.15,"VRTX,MU,AMD,MELI",4,0.6,1.0,SPY and QQQ above 200D MA
2010-01-01,2017-04-06,2017-04-07,2017-04-17,growth_champion_v2,-0.0158500552012241,0.6,0.4,0.15,"VRTX,MU,AMD,MELI",4,0.6,1.0,base cap 60%
2015-01-01,2017-04-11,2017-04-12,2017-04-20,growth_champion_v2,0.007333928396622,0.6,0.4,0.0,"VRTX,TSLA,AMD,YPF",4,0.6,1.0,base cap 60%
2015-01-01,2017-04-11,2017-04-12,2017-04-20,growth_champion_v3,0.007333928396622,0.6,0.4,0.0,"VRTX,TSLA,AMD,YPF",4,0.6,1.0,SPY and QQQ above 200D MA
2008-01-01,2017-04-13,2017-04-17,2017-04-24,growth_champion_v2,0.0087034988038487,0.6,0.4,0.15,"VRTX,YPF,AMD,MELI",4,0.6,1.0,base cap 60%
2010-01-01,2017-04-13,2017-04-17,2017-04-24,growth_champion_v3,0.0087034988038487,0.6,0.4,0.15,"VRTX,YPF,AMD,MELI",4,0.6,1.0,SPY and QQQ above 200D MA
2008-01-01,2017-04-13,2017-04-17,2017-04-24,growth_champion_v3,0.0087034988038487,0.6,0.4,0.15,"VRTX,YPF,AMD,MELI",4,0.6,1.0,SPY and QQQ above 200D MA
2010-01-01,2017-04-13,2017-04-17,2017-04-24,growth_champion_v2,0.0087034988038487,0.6,0.4,0.15,"VRTX,YPF,AMD,MELI",4,0.6,1.0,base cap 60%
2015-01-01,2017-04-19,2017-04-20,2017-04-27,growth_champion_v2,0.0092515403030734,0.6,0.4,0.0,"VRTX,TSLA,AMD,YPF",4,0.6,1.0,base cap 60%
2015-01-01,2017-04-19,2017-04-20,2017-04-27,growth_champion_v3,0.0092515403030734,0.6,0.4,0.0,"VRTX,TSLA,AMD,YPF",4,0.6,1.0,SPY and QQQ above 200D MA
2010-01-01,2017-04-21,2017-04-24,2017-05-01,growth_champion_v3,0.0171973089042498,0.6,0.4,0.15,"VRTX,IDXX,AMD,MELI",4,0.6,1.0,SPY and QQQ above 200D MA
2008-01-01,2017-04-21,2017-04-24,2017-05-01,growth_champion_v2,0.0171973089042498,0.6,0.4,0.15,"VRTX,IDXX,AMD,MELI",4,0.6,1.0,base cap 60%
2010-01-01,2017-04-21,2017-04-24,2017-05-01,growth_champion_v2,0.0171973089042498,0.6,0.4,0.15,"VRTX,IDXX,AMD,MELI",4,0.6,1.0,base cap 60%
2008-01-01,2017-04-21,2017-04-24,2017-05-01,growth_champion_v3,0.0171973089042498,0.6,0.4,0.15,"VRTX,IDXX,AMD,MELI",4,0.6,1.0,SPY and QQQ above 200D MA
2015-01-01,2017-04-26,2017-04-27,2017-05-04,growth_champion_v3,-0.0486028473306326,0.6,0.4,0.15,"VRTX,IDXX,TSLA,AMD",4,0.6,1.0,SPY and QQQ above 200D MA
2015-01-01,2017-04-26,2017-04-27,2017-05-04,growth_champion_v2,-0.0486028473306326,0.6,0.4,0.15,"VRTX,IDXX,TSLA,AMD",4,0.6,1.0,base cap 60%
2010-01-01,2017-04-28,2017-05-01,2017-05-08,growth_champion_v2,-0.0227988156846828,0.6,0.4,0.0,"VRTX,IDXX,AMD,MELI",4,0.6,1.0,base cap 60%
2008-01-01,2017-04-28,2017-05-01,2017-05-08,growth_champion_v2,-0.0227988156846828,0.6,0.4,0.0,"VRTX,IDXX,AMD,MELI",4,0.6,1.0,base cap 60%
2008-01-01,2017-04-28,2017-05-01,2017-05-08,growth_champion_v3,-0.0227988156846828,0.6,0.4,0.0,"VRTX,IDXX,AMD,MELI",4,0.6,1.0,SPY and QQQ above 200D MA
2010-01-01,2017-04-28,2017-05-01,2017-05-08,growth_champion_v3,-0.0227988156846828,0.6,0.4,0.0,"VRTX,IDXX,AMD,MELI",4,0.6,1.0,SPY and QQQ above 200D MA
2015-01-01,2017-05-03,2017-05-04,2017-05-11,growth_champion_v3,0.0145510816632116,0.6,0.4,0.15,"VRTX,LRCX,TSLA,IDXX",4,0.6,1.0,SPY and QQQ above 200D MA
2015-01-01,2017-05-03,2017-05-04,2017-05-11,growth_champion_v2,0.0145510816632116,0.6,0.4,0.15,"VRTX,LRCX,TSLA,IDXX",4,0.6,1.0,base cap 60%
2008-01-01,2017-05-05,2017-05-08,2017-05-15,growth_champion_v3,0.0179135300702416,0.6,0.4,0.15,"MELI,LRCX,VRTX,IDXX",4,0.6,1.0,SPY and QQQ above 200D MA
2010-01-01,2017-05-05,2017-05-08,2017-05-15,growth_champion_v2,0.0179135300702416,0.6,0.4,0.15,"MELI,LRCX,VRTX,IDXX",4,0.6,1.0,base cap 60%
2008-01-01,2017-05-05,2017-05-08,2017-05-15,growth_champion_v2,0.0179135300702416,0.6,0.4,0.15,"MELI,LRCX,VRTX,IDXX",4,0.6,1.0,base cap 60%
2010-01-01,2017-05-05,2017-05-08,2017-05-15,growth_champion_v3,0.0179135300702416,0.6,0.4,0.15,"MELI,LRCX,VRTX,IDXX",4,0.6,1.0,SPY and QQQ above 200D MA
2015-01-01,2017-05-10,2017-05-11,2017-05-18,growth_champion_v2,-0.0068019973176053,0.6,0.4,0.15,"MELI,LRCX,TSLA,VRTX",4,0.6,1.0,base cap 60%
2015-01-01,2017-05-10,2017-05-11,2017-05-18,growth_champion_v3,-0.0068019973176053,0.6,0.4,0.15,"MELI,LRCX,TSLA,VRTX",4,0.6,1.0,SPY and QQQ above 200D MA
2008-01-01,2017-05-12,2017-05-15,2017-05-22,growth_champion_v3,-0.0068208622523702,0.6,0.4,0.0,"MELI,LRCX,VRTX,IDXX",4,0.6,1.0,SPY and QQQ above 200D MA
2010-01-01,2017-05-12,2017-05-15,2017-05-22,growth_champion_v3,-0.0068208622523702,0.6,0.4,0.0,"MELI,LRCX,VRTX,IDXX",4,0.6,1.0,SPY and QQQ above 200D MA
2008-01-01,2017-05-12,2017-05-15,2017-05-22,growth_champion_v2,-0.0068208622523702,0.6,0.4,0.0,"MELI,LRCX,VRTX,IDXX",4,0.6,1.0,base cap 60%
2010-01-01,2017-05-12,2017-05-15,2017-05-22,growth_champion_v2,-0.0068208622523702,0.6,0.4,0.0,"MELI,LRCX,VRTX,IDXX",4,0.6,1.0,base cap 60%
2015-01-01,2017-05-17,2017-05-18,2017-05-25,growth_champion_v2,0.0238855892705269,0.6,0.4,0.15,"MELI,NVDA,TSLA,LRCX",4,0.6,1.0,base cap 60%
2015-01-01,2017-05-17,2017-05-18,2017-05-25,growth_champion_v3,0.0238855892705269,0.6,0.4,0.15,"MELI,NVDA,TSLA,LRCX",4,0.6,1.0,SPY and QQQ above 200D MA
2010-01-01,2017-05-19,2017-05-22,2017-05-30,growth_champion_v2,0.0146715745535639,0.6,0.4,0.15,"NVDA,MELI,LRCX,VRTX",4,0.6,1.0,base cap 60%
2008-01-01,2017-05-19,2017-05-22,2017-05-30,growth_champion_v2,0.0146715745535639,0.6,0.4,0.15,"NVDA,MELI,LRCX,VRTX",4,0.6,1.0,base cap 60%
2008-01-01,2017-05-19,2017-05-22,2017-05-30,growth_champion_v3,0.0146715745535639,0.6,0.4,0.15,"NVDA,MELI,LRCX,VRTX",4,0.6,1.0,SPY and QQQ above 200D MA
2010-01-01,2017-05-19,2017-05-22,2017-05-30,growth_champion_v3,0.0146715745535639,0.6,0.4,0.15,"NVDA,MELI,LRCX,VRTX",4,0.6,1.0,SPY and QQQ above 200D MA
2015-01-01,2017-05-24,2017-05-25,2017-06-02,growth_champion_v2,0.0152716280275856,0.6,0.4,0.0,"NVDA,MELI,TSLA,LRCX",4,0.6,1.0,base cap 60%
2015-01-01,2017-05-24,2017-05-25,2017-06-02,growth_champion_v3,0.0152716280275856,0.6,0.4,0.0,"NVDA,MELI,TSLA,LRCX",4,0.6,1.0,SPY and QQQ above 200D MA
2008-01-01,2017-05-26,2017-05-30,2017-06-06,growth_champion_v3,0.0161187614201093,0.6,0.4,0.0,"NVDA,MELI,LRCX,VRTX",4,0.6,1.0,SPY and QQQ above 200D MA
2010-01-01,2017-05-26,2017-05-30,2017-06-06,growth_champion_v3,0.0161187614201093,0.6,0.4,0.0,"NVDA,MELI,LRCX,VRTX",4,0.6,1.0,SPY and QQQ above 200D MA
2008-01-01,2017-05-26,2017-05-30,2017-06-06,growth_champion_v2,0.0161187614201093,0.6,0.4,0.0,"NVDA,MELI,LRCX,VRTX",4,0.6,1.0,base cap 60%
2010-01-01,2017-05-26,2017-05-30,2017-06-06,growth_champion_v2,0.0161187614201093,0.6,0.4,0.0,"NVDA,MELI,LRCX,VRTX",4,0.6,1.0,base cap 60%
2015-01-01,2017-06-01,2017-06-02,2017-06-09,growth_champion_v3,0.0042050171200467,0.6,0.4,0.15,"NVDA,ADSK,TSLA,LRCX",4,0.6,1.0,SPY and QQQ above 200D MA
2015-01-01,2017-06-01,2017-06-02,2017-06-09,growth_champion_v2,0.0042050171200467,0.6,0.4,0.15,"NVDA,ADSK,TSLA,LRCX",4,0.6,1.0,base cap 60%
2010-01-01,2017-06-05,2017-06-06,2017-06-13,growth_champion_v2,-0.011267198111442,0.6,0.4,0.0,"NVDA,VRTX,LRCX,MELI",4,0.6,1.0,base cap 60%
2008-01-01,2017-06-05,2017-06-06,2017-06-13,growth_champion_v3,-0.011267198111442,0.6,0.4,0.0,"NVDA,VRTX,LRCX,MELI",4,0.6,1.0,SPY and QQQ above 200D MA
2008-01-01,2017-06-05,2017-06-06,2017-06-13,growth_champion_v2,-0.011267198111442,0.6,0.4,0.0,"NVDA,VRTX,LRCX,MELI",4,0.6,1.0,base cap 60%
2010-01-01,2017-06-05,2017-06-06,2017-06-13,growth_champion_v3,-0.011267198111442,0.6,0.4,0.0,"NVDA,VRTX,LRCX,MELI",4,0.6,1.0,SPY and QQQ above 200D MA
2015-01-01,2017-06-08,2017-06-09,2017-06-16,growth_champion_v3,-0.0026769317592874,0.6,0.4,0.0,"NVDA,TSLA,ADSK,LRCX",4,0.6,1.0,SPY and QQQ above 200D MA
2015-01-01,2017-06-08,2017-06-09,2017-06-16,growth_champion_v2,-0.0026769317592874,0.6,0.4,0.0,"NVDA,TSLA,ADSK,LRCX",4,0.6,1.0,base cap 60%
2010-01-01,2017-06-12,2017-06-13,2017-06-20,growth_champion_v2,0.0045446443841511,0.6,0.4,0.0,"NVDA,VRTX,LRCX,MELI",4,0.6,1.0,base cap 60%
2008-01-01,2017-06-12,2017-06-13,2017-06-20,growth_champion_v3,0.0045446443841511,0.6,0.4,0.0,"NVDA,VRTX,LRCX,MELI",4,0.6,1.0,SPY and QQQ above 200D MA
2010-01-01,2017-06-12,2017-06-13,2017-06-20,growth_champion_v3,0.0045446443841511,0.6,0.4,0.0,"NVDA,VRTX,LRCX,MELI",4,0.6,1.0,SPY and QQQ above 200D MA
2008-01-01,2017-06-12,2017-06-13,2017-06-20,growth_champion_v2,0.0045446443841511,0.6,0.4,0.0,"NVDA,VRTX,LRCX,MELI",4,0.6,1.0,base cap 60%
2015-01-01,2017-06-15,2017-06-16,2017-06-23,growth_champion_v2,0.0147709401338046,0.6,0.4,0.0,"TSLA,NVDA,ADSK,LRCX",4,0.6,1.0,base cap 60%
2015-01-01,2017-06-15,2017-06-16,2017-06-23,growth_champion_v3,0.0147709401338046,0.6,0.4,0.0,"TSLA,NVDA,ADSK,LRCX",4,0.6,1.0,SPY and QQQ above 200D MA
2008-01-01,2017-06-19,2017-06-20,2017-06-27,growth_champion_v3,-0.0205606048501464,0.6,0.4,0.0,"NVDA,VRTX,LRCX,MELI",4,0.6,1.0,SPY and QQQ above 200D MA
2010-01-01,2017-06-19,2017-06-20,2017-06-27,growth_champion_v3,-0.0205606048501464,0.6,0.4,0.0,"NVDA,VRTX,LRCX,MELI",4,0.6,1.0,SPY and QQQ above 200D MA
2010-01-01,2017-06-19,2017-06-20,2017-06-27,growth_champion_v2,-0.0205606048501464,0.6,0.4,0.0,"NVDA,VRTX,LRCX,MELI",4,0.6,1.0,base cap 60%
2008-01-01,2017-06-19,2017-06-20,2017-06-27,growth_champion_v2,-0.0205606048501464,0.6,0.4,0.0,"NVDA,VRTX,LRCX,MELI",4,0.6,1.0,base cap 60%
2015-01-01,2017-06-22,2017-06-23,2017-06-30,growth_champion_v3,-0.0324322795139764,0.6,0.4,0.15,"VRTX,NVDA,TSLA,ADSK",4,0.6,1.0,SPY and QQQ above 200D MA
2015-01-01,2017-06-22,2017-06-23,2017-06-30,growth_champion_v2,-0.0324322795139764,0.6,0.4,0.15,"VRTX,NVDA,TSLA,ADSK",4,0.6,1.0,base cap 60%
2008-01-01,2017-06-26,2017-06-27,2017-07-05,growth_champion_v3,-0.0112974525159767,0.6,0.4,0.15,"NVDA,REGN,LRCX,MELI",4,0.6,1.0,SPY and QQQ above 200D MA
2010-01-01,2017-06-26,2017-06-27,2017-07-05,growth_champion_v3,-0.0112974525159767,0.6,0.4,0.15,"NVDA,REGN,LRCX,MELI",4,0.6,1.0,SPY and QQQ above 200D MA
2008-01-01,2017-06-26,2017-06-27,2017-07-05,growth_champion_v2,-0.0112974525159767,0.6,0.4,0.15,"NVDA,REGN,LRCX,MELI",4,0.6,1.0,base cap 60%
2010-01-01,2017-06-26,2017-06-27,2017-07-05,growth_champion_v2,-0.0112974525159767,0.6,0.4,0.15,"NVDA,REGN,LRCX,MELI",4,0.6,1.0,base cap 60%
2015-01-01,2017-06-29,2017-06-30,2017-07-10,growth_champion_v2,0.0166818662180437,0.6,0.4,0.15,"NVDA,BABA,ADSK,VRTX",4,0.6,1.0,base cap 60%
2015-01-01,2017-06-29,2017-06-30,2017-07-10,growth_champion_v3,0.0166818662180437,0.6,0.4,0.15,"NVDA,BABA,ADSK,VRTX",4,0.6,1.0,SPY and QQQ above 200D MA
2008-01-01,2017-07-03,2017-07-05,2017-07-12,growth_champion_v3,0.0475824266689398,0.6,0.4,0.1499999999999999,"NVDA,REGN,MELI",3,0.6,1.0,SPY and QQQ above 200D MA
2010-01-01,2017-07-03,2017-07-05,2017-07-12,growth_champion_v3,0.0475824266689398,0.6,0.4,0.1499999999999999,"NVDA,REGN,MELI",3,0.6,1.0,SPY and QQQ above 200D MA
2010-01-01,2017-07-03,2017-07-05,2017-07-12,growth_champion_v2,0.0475824266689398,0.6,0.4,0.1499999999999999,"NVDA,REGN,MELI",3,0.6,1.0,base cap 60%
2008-01-01,2017-07-03,2017-07-05,2017-07-12,growth_champion_v2,0.0475824266689398,0.6,0.4,0.1499999999999999,"NVDA,REGN,MELI",3,0.6,1.0,base cap 60%
2015-01-01,2017-07-07,2017-07-10,2017-07-17,growth_champion_v2,0.0221222839312093,0.6,0.4,0.15,"NVDA,REGN,ADSK,BABA",4,0.6,1.0,base cap 60%
2015-01-01,2017-07-07,2017-07-10,2017-07-17,growth_champion_v3,0.0221222839312093,0.6,0.4,0.15,"NVDA,REGN,ADSK,BABA",4,0.6,1.0,SPY and QQQ above 200D MA
2008-01-01,2017-07-11,2017-07-12,2017-07-19,growth_champion_v3,0.011617184931924,0.6,0.4,0.1499999999999999,"NVDA,CSGP,REGN,MELI",4,0.6,1.0,SPY and QQQ above 200D MA
2008-01-01,2017-07-11,2017-07-12,2017-07-19,growth_champion_v2,0.011617184931924,0.6,0.4,0.1499999999999999,"NVDA,CSGP,REGN,MELI",4,0.6,1.0,base cap 60%
2010-01-01,2017-07-11,2017-07-12,2017-07-19,growth_champion_v2,0.011617184931924,0.6,0.4,0.1499999999999999,"NVDA,CSGP,REGN,MELI",4,0.6,1.0,base cap 60%
2010-01-01,2017-07-11,2017-07-12,2017-07-19,growth_champion_v3,0.011617184931924,0.6,0.4,0.1499999999999999,"NVDA,CSGP,REGN,MELI",4,0.6,1.0,SPY and QQQ above 200D MA
2015-01-01,2017-07-14,2017-07-17,2017-07-24,growth_champion_v2,0.0151443629673397,0.6,0.4,0.0,"NVDA,BABA,ADSK,REGN",4,0.6,1.0,base cap 60%
2015-01-01,2017-07-14,2017-07-17,2017-07-24,growth_champion_v3,0.0151443629673397,0.6,0.4,0.0,"NVDA,BABA,ADSK,REGN",4,0.6,1.0,SPY and QQQ above 200D MA
2010-01-01,2017-07-18,2017-07-19,2017-07-26,growth_champion_v2,0.011756805278742,0.6,0.4,0.15,"NVDA,NFLX,REGN,MELI",4,0.6,1.0,base cap 60%
2010-01-01,2017-07-18,2017-07-19,2017-07-26,growth_champion_v3,0.011756805278742,0.6,0.4,0.15,"NVDA,NFLX,REGN,MELI",4,0.6,1.0,SPY and QQQ above 200D MA
2008-01-01,2017-07-18,2017-07-19,2017-07-26,growth_champion_v2,0.011756805278742,0.6,0.4,0.15,"NVDA,NFLX,REGN,MELI",4,0.6,1.0,base cap 60%
2008-01-01,2017-07-18,2017-07-19,2017-07-26,growth_champion_v3,0.011756805278742,0.6,0.4,0.15,"NVDA,NFLX,REGN,MELI",4,0.6,1.0,SPY and QQQ above 200D MA
2015-01-01,2017-07-21,2017-07-24,2017-07-31,growth_champion_v2,-0.0247358572029877,0.6,0.4,0.15,"NVDA,VRTX,ADSK,REGN",4,0.6,1.0,base cap 60%
2015-01-01,2017-07-21,2017-07-24,2017-07-31,growth_champion_v3,-0.0247358572029877,0.6,0.4,0.15,"NVDA,VRTX,ADSK,REGN",4,0.6,1.0,SPY and QQQ above 200D MA
2008-01-01,2017-07-25,2017-07-26,2017-08-02,growth_champion_v2,-0.0142739343458231,0.6,0.4,0.15,"NVDA,VRTX,NFLX,MELI",4,0.6,1.0,base cap 60%
2010-01-01,2017-07-25,2017-07-26,2017-08-02,growth_champion_v3,-0.0142739343458231,0.6,0.4,0.15,"NVDA,VRTX,NFLX,MELI",4,0.6,1.0,SPY and QQQ above 200D MA
2010-01-01,2017-07-25,2017-07-26,2017-08-02,growth_champion_v2,-0.0142739343458231,0.6,0.4,0.15,"NVDA,VRTX,NFLX,MELI",4,0.6,1.0,base cap 60%
2008-01-01,2017-07-25,2017-07-26,2017-08-02,growth_champion_v3,-0.0142739343458231,0.6,0.4,0.15,"NVDA,VRTX,NFLX,MELI",4,0.6,1.0,SPY and QQQ above 200D MA
2015-01-01,2017-07-28,2017-07-31,2017-08-07,growth_champion_v2,0.0057974535217082,0.6,0.4,0.0,"NVDA,VRTX,ADSK,REGN",4,0.6,1.0,base cap 60%
2015-01-01,2017-07-28,2017-07-31,2017-08-07,growth_champion_v3,0.0057974535217082,0.6,0.4,0.0,"NVDA,VRTX,ADSK,REGN",4,0.6,1.0,SPY and QQQ above 200D MA
2008-01-01,2017-08-01,2017-08-02,2017-08-09,growth_champion_v2,-0.0201640652150636,0.6,0.4,0.0,"NVDA,VRTX,NFLX,MELI",4,0.6,1.0,base cap 60%
2010-01-01,2017-08-01,2017-08-02,2017-08-09,growth_champion_v3,-0.0201640652150636,0.6,0.4,0.0,"NVDA,VRTX,NFLX,MELI",4,0.6,1.0,SPY and QQQ above 200D MA
2008-01-01,2017-08-01,2017-08-02,2017-08-09,growth_champion_v3,-0.0201640652150636,0.6,0.4,0.0,"NVDA,VRTX,NFLX,MELI",4,0.6,1.0,SPY and QQQ above 200D MA
2010-01-01,2017-08-01,2017-08-02,2017-08-09,growth_champion_v2,-0.0201640652150636,0.6,0.4,0.0,"NVDA,VRTX,NFLX,MELI",4,0.6,1.0,base cap 60%
2015-01-01,2017-08-04,2017-08-07,2017-08-14,growth_champion_v2,-0.0051758263462799,0.6,0.4,0.0,"NVDA,VRTX,ADSK,REGN",4,0.6,1.0,base cap 60%
2015-01-01,2017-08-04,2017-08-07,2017-08-14,growth_champion_v3,-0.0051758263462799,0.6,0.4,0.0,"NVDA,VRTX,ADSK,REGN",4,0.6,1.0,SPY and QQQ above 200D MA
2008-01-01,2017-08-08,2017-08-09,2017-08-16,growth_champion_v3,-0.0104735389122165,0.6,0.4,0.15,"TTWO,VRTX,NFLX,NVDA",4,0.6,1.0,SPY and QQQ above 200D MA
2008-01-01,2017-08-08,2017-08-09,2017-08-16,growth_champion_v2,-0.0104735389122165,0.6,0.4,0.15,"TTWO,VRTX,NFLX,NVDA",4,0.6,1.0,base cap 60%
2010-01-01,2017-08-08,2017-08-09,2017-08-16,growth_champion_v3,-0.0104735389122165,0.6,0.4,0.15,"TTWO,VRTX,NFLX,NVDA",4,0.6,1.0,SPY and QQQ above 200D MA
2010-01-01,2017-08-08,2017-08-09,2017-08-16,growth_champion_v2,-0.0104735389122165,0.6,0.4,0.15,"TTWO,VRTX,NFLX,NVDA",4,0.6,1.0,base cap 60%
2015-01-01,2017-08-11,2017-08-14,2017-08-21,growth_champion_v2,-0.0102891122580541,0.6,0.4,0.15,"VRTX,TTWO,ADSK,NVDA",4,0.6,1.0,base cap 60%
2015-01-01,2017-08-11,2017-08-14,2017-08-21,growth_champion_v3,-0.0102891122580541,0.6,0.4,0.15,"VRTX,TTWO,ADSK,NVDA",4,0.6,1.0,SPY and QQQ above 200D MA
2010-01-01,2017-08-15,2017-08-16,2017-08-23,growth_champion_v3,0.0056537373654317,0.6,0.4,0.0,"TTWO,VRTX,NVDA,NFLX",4,0.6,1.0,SPY and QQQ above 200D MA
2008-01-01,2017-08-15,2017-08-16,2017-08-23,growth_champion_v3,0.0056537373654317,0.6,0.4,0.0,"TTWO,VRTX,NVDA,NFLX",4,0.6,1.0,SPY and QQQ above 200D MA
2010-01-01,2017-08-15,2017-08-16,2017-08-23,growth_champion_v2,0.0056537373654317,0.6,0.4,0.0,"TTWO,VRTX,NVDA,NFLX",4,0.6,1.0,base cap 60%
2008-01-01,2017-08-15,2017-08-16,2017-08-23,growth_champion_v2,0.0056537373654317,0.6,0.4,0.0,"TTWO,VRTX,NVDA,NFLX",4,0.6,1.0,base cap 60%
2015-01-01,2017-08-18,2017-08-21,2017-08-28,growth_champion_v3,0.0154453710729731,0.6,0.4,0.15,"BABA,TTWO,NVDA,VRTX",4,0.6,1.0,SPY and QQQ above 200D MA
2015-01-01,2017-08-18,2017-08-21,2017-08-28,growth_champion_v2,0.0154453710729731,0.6,0.4,0.15,"BABA,TTWO,NVDA,VRTX",4,0.6,1.0,base cap 60%
2010-01-01,2017-08-22,2017-08-23,2017-08-30,growth_champion_v2,0.010708271795536,0.6,0.4,0.1499999999999999,"TTWO,VRTX,NVDA",3,0.6,1.0,base cap 60%
2010-01-01,2017-08-22,2017-08-23,2017-08-30,growth_champion_v3,0.010708271795536,0.6,0.4,0.1499999999999999,"TTWO,VRTX,NVDA",3,0.6,1.0,SPY and QQQ above 200D MA
2008-01-01,2017-08-22,2017-08-23,2017-08-30,growth_champion_v3,0.010708271795536,0.6,0.4,0.1499999999999999,"TTWO,VRTX,NVDA",3,0.6,1.0,SPY and QQQ above 200D MA
2008-01-01,2017-08-22,2017-08-23,2017-08-30,growth_champion_v2,0.010708271795536,0.6,0.4,0.1499999999999999,"TTWO,VRTX,NVDA",3,0.6,1.0,base cap 60%
2015-01-01,2017-08-25,2017-08-28,2017-09-05,growth_champion_v2,0.0120659428802032,0.6,0.4,0.15,"BABA,VALE,TTWO,NVDA",4,0.6,1.0,base cap 60%
2015-01-01,2017-08-25,2017-08-28,2017-09-05,growth_champion_v3,0.0120659428802032,0.6,0.4,0.15,"BABA,VALE,TTWO,NVDA",4,0.6,1.0,SPY and QQQ above 200D MA
2008-01-01,2017-08-29,2017-08-30,2017-09-07,growth_champion_v3,0.0181680795067792,0.6,0.4,0.1499999999999999,"VALE,TTWO,NVDA,VRTX",4,0.6,1.0,SPY and QQQ above 200D MA
2010-01-01,2017-08-29,2017-08-30,2017-09-07,growth_champion_v2,0.0181680795067792,0.6,0.4,0.1499999999999999,"VALE,TTWO,NVDA,VRTX",4,0.6,1.0,base cap 60%
2008-01-01,2017-08-29,2017-08-30,2017-09-07,growth_champion_v2,0.0181680795067792,0.6,0.4,0.1499999999999999,"VALE,TTWO,NVDA,VRTX",4,0.6,1.0,base cap 60%
2010-01-01,2017-08-29,2017-08-30,2017-09-07,growth_champion_v3,0.0181680795067792,0.6,0.4,0.1499999999999999,"VALE,TTWO,NVDA,VRTX",4,0.6,1.0,SPY and QQQ above 200D MA
2015-01-01,2017-09-01,2017-09-05,2017-09-12,growth_champion_v2,0.0101203497198808,0.6,0.4,0.15,"VALE,GILD,NVDA,TTWO",4,0.6,1.0,base cap 60%
2015-01-01,2017-09-01,2017-09-05,2017-09-12,growth_champion_v3,0.0101203497198808,0.6,0.4,0.15,"VALE,GILD,NVDA,TTWO",4,0.6,1.0,SPY and QQQ above 200D MA
2010-01-01,2017-09-06,2017-09-07,2017-09-14,growth_champion_v2,-0.0139022202531135,0.6,0.4,0.15,"VALE,GILD,NVDA,TTWO",4,0.6,1.0,base cap 60%
2008-01-01,2017-09-06,2017-09-07,2017-09-14,growth_champion_v2,-0.0139022202531135,0.6,0.4,0.15,"VALE,GILD,NVDA,TTWO",4,0.6,1.0,base cap 60%
2008-01-01,2017-09-06,2017-09-07,2017-09-14,growth_champion_v3,-0.0139022202531135,0.6,0.4,0.15,"VALE,GILD,NVDA,TTWO",4,0.6,1.0,SPY and QQQ above 200D MA
2010-01-01,2017-09-06,2017-09-07,2017-09-14,growth_champion_v3,-0.0139022202531135,0.6,0.4,0.15,"VALE,GILD,NVDA,TTWO",4,0.6,1.0,SPY and QQQ above 200D MA
2015-01-01,2017-09-11,2017-09-12,2017-09-19,growth_champion_v3,0.0095328199720898,0.6,0.4,0.0,"VALE,TTWO,NVDA,GILD",4,0.6,1.0,SPY and QQQ above 200D MA
2015-01-01,2017-09-11,2017-09-12,2017-09-19,growth_champion_v2,0.0095328199720898,0.6,0.4,0.0,"VALE,TTWO,NVDA,GILD",4,0.6,1.0,base cap 60%
2010-01-01,2017-09-13,2017-09-14,2017-09-21,growth_champion_v3,0.008310991138941,0.6,0.4,0.0,"VALE,TTWO,NVDA,GILD",4,0.6,1.0,SPY and QQQ above 200D MA
2008-01-01,2017-09-13,2017-09-14,2017-09-21,growth_champion_v2,0.008310991138941,0.6,0.4,0.0,"VALE,TTWO,NVDA,GILD",4,0.6,1.0,base cap 60%
2008-01-01,2017-09-13,2017-09-14,2017-09-21,growth_champion_v3,0.008310991138941,0.6,0.4,0.0,"VALE,TTWO,NVDA,GILD",4,0.6,1.0,SPY and QQQ above 200D MA
2010-01-01,2017-09-13,2017-09-14,2017-09-21,growth_champion_v2,0.008310991138941,0.6,0.4,0.0,"VALE,TTWO,NVDA,GILD",4,0.6,1.0,base cap 60%
2015-01-01,2017-09-18,2017-09-19,2017-09-26,growth_champion_v3,-0.0290663365943316,0.6,0.4,0.0,"TTWO,VALE,NVDA,GILD",4,0.6,1.0,SPY and QQQ above 200D MA
2015-01-01,2017-09-18,2017-09-19,2017-09-26,growth_champion_v2,-0.0290663365943316,0.6,0.4,0.0,"TTWO,VALE,NVDA,GILD",4,0.6,1.0,base cap 60%
2008-01-01,2017-09-20,2017-09-21,2017-09-28,growth_champion_v3,-0.0147565002600246,0.6,0.4,0.15,"TTWO,PBR,NVDA,VALE",4,0.6,1.0,SPY and QQQ above 200D MA
2008-01-01,2017-09-20,2017-09-21,2017-09-28,growth_champion_v2,-0.0147565002600246,0.6,0.4,0.15,"TTWO,PBR,NVDA,VALE",4,0.6,1.0,base cap 60%
2010-01-01,2017-09-20,2017-09-21,2017-09-28,growth_champion_v2,-0.0147565002600246,0.6,0.4,0.15,"TTWO,PBR,NVDA,VALE",4,0.6,1.0,base cap 60%
2010-01-01,2017-09-20,2017-09-21,2017-09-28,growth_champion_v3,-0.0147565002600246,0.6,0.4,0.15,"TTWO,PBR,NVDA,VALE",4,0.6,1.0,SPY and QQQ above 200D MA
2015-01-01,2017-09-25,2017-09-26,2017-10-03,growth_champion_v3,0.0226031486804279,0.6,0.4,0.15,"PBR,TTWO,NVDA,VALE",4,0.6,1.0,SPY and QQQ above 200D MA
2015-01-01,2017-09-25,2017-09-26,2017-10-03,growth_champion_v2,0.0226031486804279,0.6,0.4,0.15,"PBR,TTWO,NVDA,VALE",4,0.6,1.0,base cap 60%
2008-01-01,2017-09-27,2017-09-28,2017-10-05,growth_champion_v3,0.0238880906673651,0.6,0.4,0.15,"TTWO,ON,NVDA,PBR",4,0.6,1.0,SPY and QQQ above 200D MA
2010-01-01,2017-09-27,2017-09-28,2017-10-05,growth_champion_v2,0.0238880906673651,0.6,0.4,0.15,"TTWO,ON,NVDA,PBR",4,0.6,1.0,base cap 60%
2008-01-01,2017-09-27,2017-09-28,2017-10-05,growth_champion_v2,0.0238880906673651,0.6,0.4,0.15,"TTWO,ON,NVDA,PBR",4,0.6,1.0,base cap 60%
2010-01-01,2017-09-27,2017-09-28,2017-10-05,growth_champion_v3,0.0238880906673651,0.6,0.4,0.15,"TTWO,ON,NVDA,PBR",4,0.6,1.0,SPY and QQQ above 200D MA
2015-01-01,2017-10-02,2017-10-03,2017-10-10,growth_champion_v3,0.0156384988275998,0.6,0.4,0.15,"MU,TTWO,NVDA,PBR",4,0.6,1.0,SPY and QQQ above 200D MA
2015-01-01,2017-10-02,2017-10-03,2017-10-10,growth_champion_v2,0.0156384988275998,0.6,0.4,0.15,"MU,TTWO,NVDA,PBR",4,0.6,1.0,base cap 60%
2008-01-01,2017-10-04,2017-10-05,2017-10-12,growth_champion_v3,0.0119572862295084,0.6,0.4,0.15,"ON,MU,TTWO,NVDA",4,0.6,1.0,SPY and QQQ above 200D MA
2010-01-01,2017-10-04,2017-10-05,2017-10-12,growth_champion_v3,0.0119572862295084,0.6,0.4,0.15,"ON,MU,TTWO,NVDA",4,0.6,1.0,SPY and QQQ above 200D MA
2010-01-01,2017-10-04,2017-10-05,2017-10-12,growth_champion_v2,0.0119572862295084,0.6,0.4,0.15,"ON,MU,TTWO,NVDA",4,0.6,1.0,base cap 60%
2008-01-01,2017-10-04,2017-10-05,2017-10-12,growth_champion_v2,0.0119572862295084,0.6,0.4,0.15,"ON,MU,TTWO,NVDA",4,0.6,1.0,base cap 60%
2015-01-01,2017-10-09,2017-10-10,2017-10-17,growth_champion_v3,0.0034048785458917,0.6,0.4,0.0,"MU,TTWO,NVDA,PBR",4,0.6,1.0,SPY and QQQ above 200D MA
2015-01-01,2017-10-09,2017-10-10,2017-10-17,growth_champion_v2,0.0034048785458917,0.6,0.4,0.0,"MU,TTWO,NVDA,PBR",4,0.6,1.0,base cap 60%
2008-01-01,2017-10-11,2017-10-12,2017-10-19,growth_champion_v2,0.0129908456803918,0.6,0.4,0.0,"MU,TTWO,NVDA,ON",4,0.6,1.0,base cap 60%
2010-01-01,2017-10-11,2017-10-12,2017-10-19,growth_champion_v3,0.0129908456803918,0.6,0.4,0.0,"MU,TTWO,NVDA,ON",4,0.6,1.0,SPY and QQQ above 200D MA
2010-01-01,2017-10-11,2017-10-12,2017-10-19,growth_champion_v2,0.0129908456803918,0.6,0.4,0.0,"MU,TTWO,NVDA,ON",4,0.6,1.0,base cap 60%
2008-01-01,2017-10-11,2017-10-12,2017-10-19,growth_champion_v3,0.0129908456803918,0.6,0.4,0.0,"MU,TTWO,NVDA,ON",4,0.6,1.0,SPY and QQQ above 200D MA
2015-01-01,2017-10-16,2017-10-17,2017-10-24,growth_champion_v2,0.0129976782308639,0.6,0.4,0.15,"MU,ON,TTWO,NVDA",4,0.6,1.0,base cap 60%
2015-01-01,2017-10-16,2017-10-17,2017-10-24,growth_champion_v3,0.0129976782308639,0.6,0.4,0.15,"MU,ON,TTWO,NVDA",4,0.6,1.0,SPY and QQQ above 200D MA
2010-01-01,2017-10-18,2017-10-19,2017-10-26,growth_champion_v3,0.0026366806187038,0.6,0.4,0.0,"MU,ON,TTWO,NVDA",4,0.6,1.0,SPY and QQQ above 200D MA
2008-01-01,2017-10-18,2017-10-19,2017-10-26,growth_champion_v3,0.0026366806187038,0.6,0.4,0.0,"MU,ON,TTWO,NVDA",4,0.6,1.0,SPY and QQQ above 200D MA
2008-01-01,2017-10-18,2017-10-19,2017-10-26,growth_champion_v2,0.0026366806187038,0.6,0.4,0.0,"MU,ON,TTWO,NVDA",4,0.6,1.0,base cap 60%
2010-01-01,2017-10-18,2017-10-19,2017-10-26,growth_champion_v2,0.0026366806187038,0.6,0.4,0.0,"MU,ON,TTWO,NVDA",4,0.6,1.0,base cap 60%
2015-01-01,2017-10-23,2017-10-24,2017-10-31,growth_champion_v3,0.0306461739851155,0.6,0.4,0.0,"MU,ON,TTWO,NVDA",4,0.6,1.0,SPY and QQQ above 200D MA
2015-01-01,2017-10-23,2017-10-24,2017-10-31,growth_champion_v2,0.0306461739851155,0.6,0.4,0.0,"MU,ON,TTWO,NVDA",4,0.6,1.0,base cap 60%
2008-01-01,2017-10-25,2017-10-26,2017-11-02,growth_champion_v3,0.032218909679839,0.6,0.4,0.0,"MU,ON,TTWO,NVDA",4,0.6,1.0,SPY and QQQ above 200D MA
2010-01-01,2017-10-25,2017-10-26,2017-11-02,growth_champion_v2,0.032218909679839,0.6,0.4,0.0,"MU,ON,TTWO,NVDA",4,0.6,1.0,base cap 60%
2008-01-01,2017-10-25,2017-10-26,2017-11-02,growth_champion_v2,0.032218909679839,0.6,0.4,0.0,"MU,ON,TTWO,NVDA",4,0.6,1.0,base cap 60%
2010-01-01,2017-10-25,2017-10-26,2017-11-02,growth_champion_v3,0.032218909679839,0.6,0.4,0.0,"MU,ON,TTWO,NVDA",4,0.6,1.0,SPY and QQQ above 200D MA
2015-01-01,2017-10-30,2017-10-31,2017-11-07,growth_champion_v2,-0.0011672444411612,0.6,0.4,0.0,"MU,ON,TTWO,NVDA",4,0.6,1.0,base cap 60%
2015-01-01,2017-10-30,2017-10-31,2017-11-07,growth_champion_v3,-0.0011672444411612,0.6,0.4,0.0,"MU,ON,TTWO,NVDA",4,0.6,1.0,SPY and QQQ above 200D MA
2008-01-01,2017-11-01,2017-11-02,2017-11-09,growth_champion_v2,0.0042401707564939,0.6,0.4,0.15,"MU,INTC,TTWO,NVDA",4,0.6,1.0,base cap 60%
2008-01-01,2017-11-01,2017-11-02,2017-11-09,growth_champion_v3,0.0042401707564939,0.6,0.4,0.15,"MU,INTC,TTWO,NVDA",4,0.6,1.0,SPY and QQQ above 200D MA
2010-01-01,2017-11-01,2017-11-02,2017-11-09,growth_champion_v3,0.0042401707564939,0.6,0.4,0.15,"MU,INTC,TTWO,NVDA",4,0.6,1.0,SPY and QQQ above 200D MA
2010-01-01,2017-11-01,2017-11-02,2017-11-09,growth_champion_v2,0.0042401707564939,0.6,0.4,0.15,"MU,INTC,TTWO,NVDA",4,0.6,1.0,base cap 60%
2015-01-01,2017-11-06,2017-11-07,2017-11-14,growth_champion_v2,0.021816637955487,0.6,0.4,0.15,"MU,EC,TTWO,NVDA",4,0.6,1.0,base cap 60%
2015-01-01,2017-11-06,2017-11-07,2017-11-14,growth_champion_v3,0.021816637955487,0.6,0.4,0.15,"MU,EC,TTWO,NVDA",4,0.6,1.0,SPY and QQQ above 200D MA
2008-01-01,2017-11-08,2017-11-09,2017-11-16,growth_champion_v2,0.0166022750411739,0.6,0.4,0.0,"MU,INTC,NVDA,TTWO",4,0.6,1.0,base cap 60%
2010-01-01,2017-11-08,2017-11-09,2017-11-16,growth_champion_v2,0.0166022750411739,0.6,0.4,0.0,"MU,INTC,NVDA,TTWO",4,0.6,1.0,base cap 60%
2008-01-01,2017-11-08,2017-11-09,2017-11-16,growth_champion_v3,0.0166022750411739,0.6,0.4,0.0,"MU,INTC,NVDA,TTWO",4,0.6,1.0,SPY and QQQ above 200D MA
2010-01-01,2017-11-08,2017-11-09,2017-11-16,growth_champion_v3,0.0166022750411739,0.6,0.4,0.0,"MU,INTC,NVDA,TTWO",4,0.6,1.0,SPY and QQQ above 200D MA
2015-01-01,2017-11-13,2017-11-14,2017-11-21,growth_champion_v3,0.0147994777305783,0.6,0.4,0.15,"MU,QCOM,TTWO,NVDA",4,0.6,1.0,SPY and QQQ above 200D MA
2015-01-01,2017-11-13,2017-11-14,2017-11-21,growth_champion_v2,0.0147994777305783,0.6,0.4,0.15,"MU,QCOM,TTWO,NVDA",4,0.6,1.0,base cap 60%
2008-01-01,2017-11-15,2017-11-16,2017-11-24,growth_champion_v2,0.0134776102381383,0.6,0.4,0.15,"MU,QCOM,TTWO,INTC",4,0.6,1.0,base cap 60%
2008-01-01,2017-11-15,2017-11-16,2017-11-24,growth_champion_v3,0.0134776102381383,0.6,0.4,0.15,"MU,QCOM,TTWO,INTC",4,0.6,1.0,SPY and QQQ above 200D MA
2010-01-01,2017-11-15,2017-11-16,2017-11-24,growth_champion_v3,0.0134776102381383,0.6,0.4,0.15,"MU,QCOM,TTWO,INTC",4,0.6,1.0,SPY and QQQ above 200D MA
2010-01-01,2017-11-15,2017-11-16,2017-11-24,growth_champion_v2,0.0134776102381383,0.6,0.4,0.15,"MU,QCOM,TTWO,INTC",4,0.6,1.0,base cap 60%
2015-01-01,2017-11-20,2017-11-21,2017-11-29,growth_champion_v2,-0.0393356513650753,0.6,0.4,0.0,"MU,QCOM,NVDA,TTWO",4,0.6,1.0,base cap 60%
2015-01-01,2017-11-20,2017-11-21,2017-11-29,growth_champion_v3,-0.0393356513650753,0.6,0.4,0.0,"MU,QCOM,NVDA,TTWO",4,0.6,1.0,SPY and QQQ above 200D MA
2008-01-01,2017-11-22,2017-11-24,2017-12-01,growth_champion_v3,-0.039905285513533,0.6,0.4,0.15,"MU,MRVL,INTC,QCOM",4,0.6,1.0,SPY and QQQ above 200D MA
2010-01-01,2017-11-22,2017-11-24,2017-12-01,growth_champion_v3,-0.039905285513533,0.6,0.4,0.15,"MU,MRVL,INTC,QCOM",4,0.6,1.0,SPY and QQQ above 200D MA
2008-01-01,2017-11-22,2017-11-24,2017-12-01,growth_champion_v2,-0.039905285513533,0.6,0.4,0.15,"MU,MRVL,INTC,QCOM",4,0.6,1.0,base cap 60%
2010-01-01,2017-11-22,2017-11-24,2017-12-01,growth_champion_v2,-0.039905285513533,0.6,0.4,0.15,"MU,MRVL,INTC,QCOM",4,0.6,1.0,base cap 60%
2015-01-01,2017-11-28,2017-11-29,2017-12-06,growth_champion_v3,-0.0251770525640648,0.6,0.4,0.0,"MU,QCOM,TTWO,NVDA",4,0.6,1.0,SPY and QQQ above 200D MA
2015-01-01,2017-11-28,2017-11-29,2017-12-06,growth_champion_v2,-0.0251770525640648,0.6,0.4,0.0,"MU,QCOM,TTWO,NVDA",4,0.6,1.0,base cap 60%
2008-01-01,2017-11-30,2017-12-01,2017-12-08,growth_champion_v2,-0.0049617074217868,0.6,0.4,0.15,"QCOM,CPRT,INTC,MRVL",4,0.6,1.0,base cap 60%
2010-01-01,2017-11-30,2017-12-01,2017-12-08,growth_champion_v3,-0.0049617074217868,0.6,0.4,0.15,"QCOM,CPRT,INTC,MRVL",4,0.6,1.0,SPY and QQQ above 200D MA
2008-01-01,2017-11-30,2017-12-01,2017-12-08,growth_champion_v3,-0.0049617074217868,0.6,0.4,0.15,"QCOM,CPRT,INTC,MRVL",4,0.6,1.0,SPY and QQQ above 200D MA
2010-01-01,2017-11-30,2017-12-01,2017-12-08,growth_champion_v2,-0.0049617074217868,0.6,0.4,0.15,"QCOM,CPRT,INTC,MRVL",4,0.6,1.0,base cap 60%
2015-01-01,2017-12-05,2017-12-06,2017-12-13,growth_champion_v2,-0.0004765640417276,0.6,0.4,0.3,"CPRT,ROST,NVDA,QCOM",4,0.6,1.0,base cap 60%
2015-01-01,2017-12-05,2017-12-06,2017-12-13,growth_champion_v3,-0.0004765640417276,0.6,0.4,0.3,"CPRT,ROST,NVDA,QCOM",4,0.6,1.0,SPY and QQQ above 200D MA
2010-01-01,2017-12-07,2017-12-08,2017-12-15,growth_champion_v2,2.593784301436206e-05,0.6,0.4,0.15,"CPRT,ROST,INTC,MRVL",4,0.6,1.0,base cap 60%
2010-01-01,2017-12-07,2017-12-08,2017-12-15,growth_champion_v3,2.593784301436206e-05,0.6,0.4,0.15,"CPRT,ROST,INTC,MRVL",4,0.6,1.0,SPY and QQQ above 200D MA
2008-01-01,2017-12-07,2017-12-08,2017-12-15,growth_champion_v2,2.593784301436206e-05,0.6,0.4,0.15,"CPRT,ROST,INTC,MRVL",4,0.6,1.0,base cap 60%
2008-01-01,2017-12-07,2017-12-08,2017-12-15,growth_champion_v3,2.593784301436206e-05,0.6,0.4,0.15,"CPRT,ROST,INTC,MRVL",4,0.6,1.0,SPY and QQQ above 200D MA
2015-01-01,2017-12-12,2017-12-13,2017-12-20,growth_champion_v2,0.011435534171971,0.6,0.4,0.15,"CPRT,EC,QCOM,ROST",4,0.6,1.0,base cap 60%
2015-01-01,2017-12-12,2017-12-13,2017-12-20,growth_champion_v3,0.011435534171971,0.6,0.4,0.15,"CPRT,EC,QCOM,ROST",4,0.6,1.0,SPY and QQQ above 200D MA
2008-01-01,2017-12-14,2017-12-15,2017-12-22,growth_champion_v2,0.0161718876917796,0.6,0.4,0.0,"CPRT,ROST,INTC,MRVL",4,0.6,1.0,base cap 60%
2010-01-01,2017-12-14,2017-12-15,2017-12-22,growth_champion_v2,0.0180145681275399,0.6,0.4,0.15,"CPRT,EC,INTC,MRVL",4,0.6,1.0,base cap 60%
2010-01-01,2017-12-14,2017-12-15,2017-12-22,growth_champion_v3,0.0180145681275399,0.6,0.4,0.15,"CPRT,EC,INTC,MRVL",4,0.6,1.0,SPY and QQQ above 200D MA
2008-01-01,2017-12-14,2017-12-15,2017-12-22,growth_champion_v3,0.0161718876917796,0.6,0.4,0.0,"CPRT,ROST,INTC,MRVL",4,0.6,1.0,SPY and QQQ above 200D MA
2015-01-01,2017-12-19,2017-12-20,2017-12-28,growth_champion_v2,0.0097862651105621,0.6,0.4,0.0,"EC,CPRT,ROST,QCOM",4,0.6,1.0,base cap 60%
2015-01-01,2017-12-19,2017-12-20,2017-12-28,growth_champion_v3,0.0097862651105621,0.6,0.4,0.0,"EC,CPRT,ROST,QCOM",4,0.6,1.0,SPY and QQQ above 200D MA
2010-01-01,2017-12-21,2017-12-22,2018-01-02,growth_champion_v3,0.0220313723358655,0.6,0.4,0.15,"EC,MELI,CPRT,INTC",4,0.6,1.0,SPY and QQQ above 200D MA
2008-01-01,2017-12-21,2017-12-22,2018-01-02,growth_champion_v3,0.0052235703277351,0.6,0.4,0.15,"MELI,ROST,CPRT,INTC",4,0.6,1.0,SPY and QQQ above 200D MA
2010-01-01,2017-12-21,2017-12-22,2018-01-02,growth_champion_v2,0.0220313723358655,0.6,0.4,0.15,"EC,MELI,CPRT,INTC",4,0.6,1.0,base cap 60%
2008-01-01,2017-12-21,2017-12-22,2018-01-02,growth_champion_v2,0.0052235703277351,0.6,0.4,0.15,"MELI,ROST,CPRT,INTC",4,0.6,1.0,base cap 60%
2015-01-01,2017-12-27,2017-12-28,2018-01-05,growth_champion_v3,0.0418097664019809,0.6,0.4,0.15,"EC,MELI,CPRT,QCOM",4,0.6,1.0,SPY and QQQ above 200D MA
2015-01-01,2017-12-27,2017-12-28,2018-01-05,growth_champion_v2,0.0418097664019809,0.6,0.4,0.15,"EC,MELI,CPRT,QCOM",4,0.6,1.0,base cap 60%
2008-01-01,2017-12-29,2018-01-02,2018-01-09,growth_champion_v2,-0.000792537467938,0.6,0.4,0.3,"MAR,VALE,CPRT,INTC",4,0.6,1.0,base cap 60%
2010-01-01,2017-12-29,2018-01-02,2018-01-09,growth_champion_v2,0.0136672703226255,0.6,0.4,0.15,"EC,MAR,CPRT,INTC",4,0.6,1.0,base cap 60%
2010-01-01,2017-12-29,2018-01-02,2018-01-09,growth_champion_v3,0.0136672703226255,0.6,0.4,0.15,"EC,MAR,CPRT,INTC",4,0.6,1.0,SPY and QQQ above 200D MA
2008-01-01,2017-12-29,2018-01-02,2018-01-09,growth_champion_v3,-0.000792537467938,0.6,0.4,0.3,"MAR,VALE,CPRT,INTC",4,0.6,1.0,SPY and QQQ above 200D MA
2015-01-01,2018-01-04,2018-01-05,2018-01-12,growth_champion_v2,0.0124005284824875,0.6,0.4,0.15,"EC,VALE,CPRT,MELI",4,0.6,1.0,base cap 60%
2015-01-01,2018-01-04,2018-01-05,2018-01-12,growth_champion_v3,0.0124005284824875,0.6,0.4,0.15,"EC,VALE,CPRT,MELI",4,0.6,1.0,SPY and QQQ above 200D MA
2008-01-01,2018-01-08,2018-01-09,2018-01-17,growth_champion_v2,0.0080703961577114,0.6,0.4,0.15,"VALE,MELI,CPRT,INTC",4,0.6,1.0,base cap 60%
2008-01-01,2018-01-08,2018-01-09,2018-01-17,growth_champion_v3,0.0080703961577114,0.6,0.4,0.15,"VALE,MELI,CPRT,INTC",4,0.6,1.0,SPY and QQQ above 200D MA
2010-01-01,2018-01-08,2018-01-09,2018-01-17,growth_champion_v3,0.0062244310657876,0.6,0.4,0.15,"EC,VALE,CPRT,INTC",4,0.6,1.0,SPY and QQQ above 200D MA
2010-01-01,2018-01-08,2018-01-09,2018-01-17,growth_champion_v2,0.0062244310657876,0.6,0.4,0.15,"EC,VALE,CPRT,INTC",4,0.6,1.0,base cap 60%
2015-01-01,2018-01-11,2018-01-12,2018-01-22,growth_champion_v2,0.0158740758994892,0.6,0.4,0.0,"EC,MELI,CPRT,VALE",4,0.6,1.0,base cap 60%
2015-01-01,2018-01-11,2018-01-12,2018-01-22,growth_champion_v3,0.0158740758994892,0.6,0.4,0.0,"EC,MELI,CPRT,VALE",4,0.6,1.0,SPY and QQQ above 200D MA
2008-01-01,2018-01-16,2018-01-17,2018-01-24,growth_champion_v3,0.0098691490298075,0.6,0.4,0.0,"VALE,MELI,CPRT,INTC",4,0.6,1.0,SPY and QQQ above 200D MA
2010-01-01,2018-01-16,2018-01-17,2018-01-24,growth_champion_v3,0.0263375115411053,0.6,0.4,0.0,"EC,VALE,CPRT,INTC",4,0.6,1.0,SPY and QQQ above 200D MA
2010-01-01,2018-01-16,2018-01-17,2018-01-24,growth_champion_v2,0.0263375115411053,0.6,0.4,0.0,"EC,VALE,CPRT,INTC",4,0.6,1.0,base cap 60%
2008-01-01,2018-01-16,2018-01-17,2018-01-24,growth_champion_v2,0.0098691490298075,0.6,0.4,0.0,"VALE,MELI,CPRT,INTC",4,0.6,1.0,base cap 60%
2015-01-01,2018-01-19,2018-01-22,2018-01-29,growth_champion_v3,0.0220091322864873,0.6,0.4,0.0,"EC,MELI,CPRT,VALE",4,0.6,1.0,SPY and QQQ above 200D MA
2015-01-01,2018-01-19,2018-01-22,2018-01-29,growth_champion_v2,0.0220091322864873,0.6,0.4,0.0,"EC,MELI,CPRT,VALE",4,0.6,1.0,base cap 60%
2008-01-01,2018-01-23,2018-01-24,2018-01-31,growth_champion_v3,0.0249421192046167,0.6,0.4,0.15,"MELI,NFLX,CPRT,INTC",4,0.6,1.0,SPY and QQQ above 200D MA
2008-01-01,2018-01-23,2018-01-24,2018-01-31,growth_champion_v2,0.0249421192046167,0.6,0.4,0.15,"MELI,NFLX,CPRT,INTC",4,0.6,1.0,base cap 60%
2010-01-01,2018-01-23,2018-01-24,2018-01-31,growth_champion_v2,0.0109476944080663,0.6,0.4,0.15,"EC,MELI,CPRT,INTC",4,0.6,1.0,base cap 60%
2010-01-01,2018-01-23,2018-01-24,2018-01-31,growth_champion_v3,0.0109476944080663,0.6,0.4,0.15,"EC,MELI,CPRT,INTC",4,0.6,1.0,SPY and QQQ above 200D MA
2015-01-01,2018-01-26,2018-01-29,2018-02-05,growth_champion_v2,-0.0493402543590247,0.6,0.4,0.0,"EC,MELI,CPRT,VALE",4,0.6,1.0,base cap 60%
2015-01-01,2018-01-26,2018-01-29,2018-02-05,growth_champion_v3,-0.0493402543590247,0.6,0.4,0.0,"EC,MELI,CPRT,VALE",4,0.6,1.0,SPY and QQQ above 200D MA
2008-01-01,2018-01-30,2018-01-31,2018-02-07,growth_champion_v3,-0.0361967031544876,0.6,0.4,0.0,"MELI,NFLX,CPRT,INTC",4,0.6,1.0,SPY and QQQ above 200D MA
2010-01-01,2018-01-30,2018-01-31,2018-02-07,growth_champion_v2,-0.0481941823994683,0.6,0.4,0.0,"EC,MELI,CPRT,INTC",4,0.6,1.0,base cap 60%
2010-01-01,2018-01-30,2018-01-31,2018-02-07,growth_champion_v3,-0.0481941823994683,0.6,0.4,0.0,"EC,MELI,CPRT,INTC",4,0.6,1.0,SPY and QQQ above 200D MA
2008-01-01,2018-01-30,2018-01-31,2018-02-07,growth_champion_v2,-0.0361967031544876,0.6,0.4,0.0,"MELI,NFLX,CPRT,INTC",4,0.6,1.0,base cap 60%
2015-01-01,2018-02-02,2018-02-05,2018-02-12,growth_champion_v2,0.0055815426880354,0.6,0.4,0.15,"EC,KDP,CPRT,VALE",4,0.6,1.0,base cap 60%
2015-01-01,2018-02-02,2018-02-05,2018-02-12,growth_champion_v3,0.0055815426880354,0.6,0.4,0.15,"EC,KDP,CPRT,VALE",4,0.6,1.0,SPY and QQQ above 200D MA
2010-01-01,2018-02-06,2018-02-07,2018-02-14,growth_champion_v3,0.0251843526548946,0.6,0.4,0.15,"EC,KDP,CPRT,MELI",4,0.6,1.0,SPY and QQQ above 200D MA
2010-01-01,2018-02-06,2018-02-07,2018-02-14,growth_champion_v2,0.0251843526548946,0.6,0.4,0.15,"EC,KDP,CPRT,MELI",4,0.6,1.0,base cap 60%
2008-01-01,2018-02-06,2018-02-07,2018-02-14,growth_champion_v3,0.0308204896878967,0.6,0.4,0.15,"NFLX,WBD,CPRT,MELI",4,0.6,1.0,SPY and QQQ above 200D MA
2008-01-01,2018-02-06,2018-02-07,2018-02-14,growth_champion_v2,0.0308204896878967,0.6,0.4,0.15,"NFLX,WBD,CPRT,MELI",4,0.6,1.0,base cap 60%
2015-01-01,2018-02-09,2018-02-12,2018-02-20,growth_champion_v3,0.0281243195018387,0.6,0.4,0.0,"KDP,EC,CPRT,VALE",4,0.6,1.0,SPY and QQQ above 200D MA
2015-01-01,2018-02-09,2018-02-12,2018-02-20,growth_champion_v2,0.0281243195018387,0.6,0.4,0.0,"KDP,EC,CPRT,VALE",4,0.6,1.0,base cap 60%
2008-01-01,2018-02-13,2018-02-14,2018-02-22,growth_champion_v2,0.00852069506438,0.6,0.4,0.0,"NFLX,MELI,WBD,CPRT",4,0.6,1.0,base cap 60%
2010-01-01,2018-02-13,2018-02-14,2018-02-22,growth_champion_v2,0.0085789309872284,0.6,0.4,0.15,"KDP,NFLX,CPRT,MELI",4,0.6,1.0,base cap 60%
2010-01-01,2018-02-13,2018-02-14,2018-02-22,growth_champion_v3,0.0085789309872284,0.6,0.4,0.15,"KDP,NFLX,CPRT,MELI",4,0.6,1.0,SPY and QQQ above 200D MA
2008-01-01,2018-02-13,2018-02-14,2018-02-22,growth_champion_v3,0.00852069506438,0.6,0.4,0.0,"NFLX,MELI,WBD,CPRT",4,0.6,1.0,SPY and QQQ above 200D MA
2015-01-01,2018-02-16,2018-02-20,2018-02-27,growth_champion_v3,0.018232161399034,0.6,0.4,0.15,"NFLX,EC,KDP,CPRT",4,0.6,1.0,SPY and QQQ above 200D MA
2015-01-01,2018-02-16,2018-02-20,2018-02-27,growth_champion_v2,0.018232161399034,0.6,0.4,0.15,"NFLX,EC,KDP,CPRT",4,0.6,1.0,base cap 60%
2008-01-01,2018-02-21,2018-02-22,2018-03-01,growth_champion_v3,0.0138799075587964,0.6,0.4,0.0,"NFLX,MELI,WBD,CPRT",4,0.6,1.0,SPY and QQQ above 200D MA
2010-01-01,2018-02-21,2018-02-22,2018-03-01,growth_champion_v3,0.0143708719886188,0.6,0.4,0.0,"NFLX,KDP,CPRT,MELI",4,0.6,1.0,SPY and QQQ above 200D MA
2010-01-01,2018-02-21,2018-02-22,2018-03-01,growth_champion_v2,0.0143708719886188,0.6,0.4,0.0,"NFLX,KDP,CPRT,MELI",4,0.6,1.0,base cap 60%
2008-01-01,2018-02-21,2018-02-22,2018-03-01,growth_champion_v2,0.0138799075587964,0.6,0.4,0.0,"NFLX,MELI,WBD,CPRT",4,0.6,1.0,base cap 60%
2015-01-01,2018-02-26,2018-02-27,2018-03-06,growth_champion_v2,0.0158121040770986,0.6,0.4,0.0,"EC,NFLX,KDP,CPRT",4,0.6,1.0,base cap 60%
2015-01-01,2018-02-26,2018-02-27,2018-03-06,growth_champion_v3,0.0158121040770986,0.6,0.4,0.0,"EC,NFLX,KDP,CPRT",4,0.6,1.0,SPY and QQQ above 200D MA
2010-01-01,2018-02-28,2018-03-01,2018-03-08,growth_champion_v3,0.0283120737314371,0.6,0.4,0.15,"NFLX,PBR,KDP,CPRT",4,0.6,1.0,SPY and QQQ above 200D MA
2008-01-01,2018-02-28,2018-03-01,2018-03-08,growth_champion_v3,0.0265163720244268,0.6,0.4,0.15,"NFLX,PBR,WBD,CPRT",4,0.6,1.0,SPY and QQQ above 200D MA
2010-01-01,2018-02-28,2018-03-01,2018-03-08,growth_champion_v2,0.0283120737314371,0.6,0.4,0.15,"NFLX,PBR,KDP,CPRT",4,0.6,1.0,base cap 60%
2008-01-01,2018-02-28,2018-03-01,2018-03-08,growth_champion_v2,0.0265163720244268,0.6,0.4,0.15,"NFLX,PBR,WBD,CPRT",4,0.6,1.0,base cap 60%
2015-01-01,2018-03-05,2018-03-06,2018-03-13,growth_champion_v2,0.0007396677024086,0.6,0.4,0.15,"NFLX,PBR,KDP,CPRT",4,0.6,1.0,base cap 60%
2015-01-01,2018-03-05,2018-03-06,2018-03-13,growth_champion_v3,0.0007396677024086,0.6,0.4,0.15,"NFLX,PBR,KDP,CPRT",4,0.6,1.0,SPY and QQQ above 200D MA
2008-01-01,2018-03-07,2018-03-08,2018-03-15,growth_champion_v2,-0.0017591004577742,0.6,0.4,0.15,"NFLX,MELI,WBD,CPRT",4,0.6,1.0,base cap 60%
2010-01-01,2018-03-07,2018-03-08,2018-03-15,growth_champion_v3,0.0016445355384874,0.6,0.4,0.15,"NFLX,MELI,KDP,CPRT",4,0.6,1.0,SPY and QQQ above 200D MA
2010-01-01,2018-03-07,2018-03-08,2018-03-15,growth_champion_v2,0.0016445355384874,0.6,0.4,0.15,"NFLX,MELI,KDP,CPRT",4,0.6,1.0,base cap 60%
2008-01-01,2018-03-07,2018-03-08,2018-03-15,growth_champion_v3,-0.0017591004577742,0.6,0.4,0.15,"NFLX,MELI,WBD,CPRT",4,0.6,1.0,SPY and QQQ above 200D MA
2015-01-01,2018-03-12,2018-03-13,2018-03-20,growth_champion_v2,0.0082280431695543,0.6,0.4,0.15,"NFLX,MU,KDP,CPRT",4,0.6,1.0,base cap 60%
2015-01-01,2018-03-12,2018-03-13,2018-03-20,growth_champion_v3,0.0082280431695543,0.6,0.4,0.15,"NFLX,MU,KDP,CPRT",4,0.6,1.0,SPY and QQQ above 200D MA
2010-01-01,2018-03-14,2018-03-15,2018-03-22,growth_champion_v2,-0.0060980864935217,0.6,0.4,0.15,"NFLX,MU,KDP,CPRT",4,0.6,1.0,base cap 60%
2008-01-01,2018-03-14,2018-03-15,2018-03-22,growth_champion_v3,-0.0198520427317273,0.6,0.4,0.15,"NFLX,MU,WBD,CPRT",4,0.6,1.0,SPY and QQQ above 200D MA
2010-01-01,2018-03-14,2018-03-15,2018-03-22,growth_champion_v3,-0.0060980864935217,0.6,0.4,0.15,"NFLX,MU,KDP,CPRT",4,0.6,1.0,SPY and QQQ above 200D MA
2008-01-01,2018-03-14,2018-03-15,2018-03-22,growth_champion_v2,-0.0198520427317273,0.6,0.4,0.15,"NFLX,MU,WBD,CPRT",4,0.6,1.0,base cap 60%
2015-01-01,2018-03-19,2018-03-20,2018-03-27,growth_champion_v2,-0.0332736613069193,0.6,0.4,0.0,"NFLX,MU,KDP,CPRT",4,0.6,1.0,base cap 60%
2015-01-01,2018-03-19,2018-03-20,2018-03-27,growth_champion_v3,-0.0332736613069193,0.6,0.4,0.0,"NFLX,MU,KDP,CPRT",4,0.6,1.0,SPY and QQQ above 200D MA
2008-01-01,2018-03-21,2018-03-22,2018-03-29,growth_champion_v3,-0.0261645515706879,0.6,0.4,0.1499999999999999,"NFLX,MU,CPRT",3,0.6,1.0,SPY and QQQ above 200D MA
2010-01-01,2018-03-21,2018-03-22,2018-03-29,growth_champion_v3,-0.019165869442251,0.6,0.4,0.0,"NFLX,MU,KDP,CPRT",4,0.6,1.0,SPY and QQQ above 200D MA
2010-01-01,2018-03-21,2018-03-22,2018-03-29,growth_champion_v2,-0.019165869442251,0.6,0.4,0.0,"NFLX,MU,KDP,CPRT",4,0.6,1.0,base cap 60%
2008-01-01,2018-03-21,2018-03-22,2018-03-29,growth_champion_v2,-0.0261645515706879,0.6,0.4,0.1499999999999999,"NFLX,MU,CPRT",3,0.6,1.0,base cap 60%
2015-01-01,2018-03-26,2018-03-27,2018-04-04,growth_champion_v3,-0.0072194791756724,0.6,0.4,0.15,"NFLX,PBR,KDP,CPRT",4,0.6,1.0,SPY and QQQ above 200D MA
2015-01-01,2018-03-26,2018-03-27,2018-04-04,growth_champion_v2,-0.0072194791756724,0.6,0.4,0.15,"NFLX,PBR,KDP,CPRT",4,0.6,1.0,base cap 60%
2010-01-01,2018-03-28,2018-03-29,2018-04-06,growth_champion_v2,-0.0148736833471053,0.6,0.4,0.15,"DXCM,NFLX,KDP,CPRT",4,0.6,1.0,base cap 60%
2008-01-01,2018-03-28,2018-03-29,2018-04-06,growth_champion_v2,-0.0257393245681249,0.6,0.4,0.1499999999999999,"DXCM,NFLX,CPRT,MU",4,0.6,1.0,base cap 60%
2010-01-01,2018-03-28,2018-03-29,2018-04-06,growth_champion_v3,-0.0148736833471053,0.6,0.4,0.15,"DXCM,NFLX,KDP,CPRT",4,0.6,1.0,SPY and QQQ above 200D MA
2008-01-01,2018-03-28,2018-03-29,2018-04-06,growth_champion_v3,-0.0257393245681249,0.6,0.4,0.1499999999999999,"DXCM,NFLX,CPRT,MU",4,0.6,1.0,SPY and QQQ above 200D MA
2015-01-01,2018-04-03,2018-04-04,2018-04-11,growth_champion_v2,0.0071145466227027,0.6,0.4,0.15,"DXCM,NFLX,KDP,CPRT",4,0.6,1.0,base cap 60%
2015-01-01,2018-04-03,2018-04-04,2018-04-11,growth_champion_v3,0.0071145466227027,0.6,0.4,0.15,"DXCM,NFLX,KDP,CPRT",4,0.6,1.0,SPY and QQQ above 200D MA
2010-01-01,2018-04-05,2018-04-06,2018-04-13,growth_champion_v3,0.0216084732323592,0.6,0.4,0.0,"DXCM,NFLX,CPRT,KDP",4,0.6,1.0,SPY and QQQ above 200D MA
2008-01-01,2018-04-05,2018-04-06,2018-04-13,growth_champion_v3,0.0304828174101248,0.6,0.4,0.0,"DXCM,NFLX,CPRT,MU",4,0.6,1.0,SPY and QQQ above 200D MA
2008-01-01,2018-04-05,2018-04-06,2018-04-13,growth_champion_v2,0.0304828174101248,0.6,0.4,0.0,"DXCM,NFLX,CPRT,MU",4,0.6,1.0,base cap 60%
2010-01-01,2018-04-05,2018-04-06,2018-04-13,growth_champion_v2,0.0216084732323592,0.6,0.4,0.0,"DXCM,NFLX,CPRT,KDP",4,0.6,1.0,base cap 60%
2015-01-01,2018-04-10,2018-04-11,2018-04-18,growth_champion_v3,0.024093164407634,0.6,0.4,0.0,"NFLX,DXCM,CPRT,KDP",4,0.6,1.0,SPY and QQQ above 200D MA
2015-01-01,2018-04-10,2018-04-11,2018-04-18,growth_champion_v2,0.024093164407634,0.6,0.4,0.0,"NFLX,DXCM,CPRT,KDP",4,0.6,1.0,base cap 60%
2008-01-01,2018-04-12,2018-04-13,2018-04-20,growth_champion_v3,0.006625638350922,0.6,0.4,0.0,"NFLX,DXCM,CPRT,MU",4,0.6,1.0,SPY and QQQ above 200D MA
2010-01-01,2018-04-12,2018-04-13,2018-04-20,growth_champion_v3,0.0184612817513405,0.6,0.4,0.15,"EC,NFLX,CPRT,DXCM",4,0.6,1.0,SPY and QQQ above 200D MA
2008-01-01,2018-04-12,2018-04-13,2018-04-20,growth_champion_v2,0.006625638350922,0.6,0.4,0.0,"NFLX,DXCM,CPRT,MU",4,0.6,1.0,base cap 60%
2010-01-01,2018-04-12,2018-04-13,2018-04-20,growth_champion_v2,0.0184612817513405,0.6,0.4,0.15,"EC,NFLX,CPRT,DXCM",4,0.6,1.0,base cap 60%
2015-01-01,2018-04-17,2018-04-18,2018-04-25,growth_champion_v2,-0.0141823481218988,0.6,0.4,0.0,"NFLX,DXCM,CPRT,KDP",4,0.6,1.0,base cap 60%
2015-01-01,2018-04-17,2018-04-18,2018-04-25,growth_champion_v3,-0.0141823481218988,0.6,0.4,0.0,"NFLX,DXCM,CPRT,KDP",4,0.6,1.0,SPY and QQQ above 200D MA
2008-01-01,2018-04-19,2018-04-20,2018-04-27,growth_champion_v2,-0.012449898978295,0.6,0.4,0.0,"NFLX,DXCM,CPRT,MU",4,0.6,1.0,base cap 60%
2010-01-01,2018-04-19,2018-04-20,2018-04-27,growth_champion_v3,-0.0037424137470244,0.6,0.4,0.0,"NFLX,DXCM,CPRT,EC",4,0.6,1.0,SPY and QQQ above 200D MA
2008-01-01,2018-04-19,2018-04-20,2018-04-27,growth_champion_v3,-0.012449898978295,0.6,0.4,0.0,"NFLX,DXCM,CPRT,MU",4,0.6,1.0,SPY and QQQ above 200D MA
2010-01-01,2018-04-19,2018-04-20,2018-04-27,growth_champion_v2,-0.0037424137470244,0.6,0.4,0.0,"NFLX,DXCM,CPRT,EC",4,0.6,1.0,base cap 60%
2015-01-01,2018-04-24,2018-04-25,2018-05-02,growth_champion_v2,0.0058638376686368,0.6,0.4,0.0,"DXCM,KDP,CPRT,NFLX",4,0.6,1.0,base cap 60%
2015-01-01,2018-04-24,2018-04-25,2018-05-02,growth_champion_v3,0.0058638376686368,0.6,0.4,0.0,"DXCM,KDP,CPRT,NFLX",4,0.6,1.0,SPY and QQQ above 200D MA
2008-01-01,2018-04-26,2018-04-27,2018-05-04,growth_champion_v2,0.0260712292797431,0.6,0.4,0.15,"BKR,DXCM,CPRT,NFLX",4,0.6,1.0,base cap 60%
2010-01-01,2018-04-26,2018-04-27,2018-05-04,growth_champion_v3,0.023572240572266,0.6,0.4,0.15,"BKR,EC,DXCM,CPRT",4,0.6,1.0,SPY and QQQ above 200D MA
2010-01-01,2018-04-26,2018-04-27,2018-05-04,growth_champion_v2,0.023572240572266,0.6,0.4,0.15,"BKR,EC,DXCM,CPRT",4,0.6,1.0,base cap 60%
2008-01-01,2018-04-26,2018-04-27,2018-05-04,growth_champion_v3,0.0260712292797431,0.6,0.4,0.15,"BKR,DXCM,CPRT,NFLX",4,0.6,1.0,SPY and QQQ above 200D MA
2015-01-01,2018-05-01,2018-05-02,2018-05-09,growth_champion_v3,0.0097143947572473,0.6,0.4,0.3,"CCJ,BKR,KDP,CPRT",4,0.6,1.0,SPY and QQQ above 200D MA
2015-01-01,2018-05-01,2018-05-02,2018-05-09,growth_champion_v2,0.0097143947572473,0.6,0.4,0.3,"CCJ,BKR,KDP,CPRT",4,0.6,1.0,base cap 60%
2008-01-01,2018-05-03,2018-05-04,2018-05-11,growth_champion_v3,0.0149172224737461,0.6,0.4,0.0,"DXCM,BKR,CPRT,NFLX",4,0.6,1.0,SPY and QQQ above 200D MA
2010-01-01,2018-05-03,2018-05-04,2018-05-11,growth_champion_v3,0.0111851639051341,0.6,0.4,0.0,"DXCM,EC,CPRT,BKR",4,0.6,1.0,SPY and QQQ above 200D MA
2010-01-01,2018-05-03,2018-05-04,2018-05-11,growth_champion_v2,0.0111851639051341,0.6,0.4,0.0,"DXCM,EC,CPRT,BKR",4,0.6,1.0,base cap 60%
2008-01-01,2018-05-03,2018-05-04,2018-05-11,growth_champion_v2,0.0149172224737461,0.6,0.4,0.0,"DXCM,BKR,CPRT,NFLX",4,0.6,1.0,base cap 60%
2015-01-01,2018-05-08,2018-05-09,2018-05-16,growth_champion_v3,0.0078260766469388,0.6,0.4,0.3,"DXCM,SMCI,CPRT,KDP",4,0.6,1.0,SPY and QQQ above 200D MA
2015-01-01,2018-05-08,2018-05-09,2018-05-16,growth_champion_v2,0.0078260766469388,0.6,0.4,0.3,"DXCM,SMCI,CPRT,KDP",4,0.6,1.0,base cap 60%
2010-01-01,2018-05-10,2018-05-11,2018-05-18,growth_champion_v2,-0.001425416043477,0.6,0.4,0.15,"DXCM,SMCI,CPRT,BKR",4,0.6,1.0,base cap 60%
2008-01-01,2018-05-10,2018-05-11,2018-05-18,growth_champion_v2,-0.002934434386766,0.6,0.4,0.15,"DXCM,SMCI,CPRT,NFLX",4,0.6,1.0,base cap 60%
2010-01-01,2018-05-10,2018-05-11,2018-05-18,growth_champion_v3,-0.001425416043477,0.6,0.4,0.15,"DXCM,SMCI,CPRT,BKR",4,0.6,1.0,SPY and QQQ above 200D MA
2008-01-01,2018-05-10,2018-05-11,2018-05-18,growth_champion_v3,-0.002934434386766,0.6,0.4,0.15,"DXCM,SMCI,CPRT,NFLX",4,0.6,1.0,SPY and QQQ above 200D MA
2015-01-01,2018-05-15,2018-05-16,2018-05-23,growth_champion_v2,-0.0236563269653647,0.6,0.4,0.15,"DXCM,PBR,KDP,CPRT",4,0.6,1.0,base cap 60%
2015-01-01,2018-05-15,2018-05-16,2018-05-23,growth_champion_v3,-0.0236563269653647,0.6,0.4,0.15,"DXCM,PBR,KDP,CPRT",4,0.6,1.0,SPY and QQQ above 200D MA
2010-01-01,2018-05-17,2018-05-18,2018-05-25,growth_champion_v3,-0.0010073912678814,0.6,0.4,0.0,"DXCM,SMCI,CPRT,BKR",4,0.6,1.0,SPY and QQQ above 200D MA
2010-01-01,2018-05-17,2018-05-18,2018-05-25,growth_champion_v2,-0.0010073912678814,0.6,0.4,0.0,"DXCM,SMCI,CPRT,BKR",4,0.6,1.0,base cap 60%
2008-01-01,2018-05-17,2018-05-18,2018-05-25,growth_champion_v3,0.0156974238284505,0.6,0.4,0.0,"DXCM,SMCI,CPRT,NFLX",4,0.6,1.0,SPY and QQQ above 200D MA
2008-01-01,2018-05-17,2018-05-18,2018-05-25,growth_champion_v2,0.0156974238284505,0.6,0.4,0.0,"DXCM,SMCI,CPRT,NFLX",4,0.6,1.0,base cap 60%
2015-01-01,2018-05-22,2018-05-23,2018-05-31,growth_champion_v3,0.0083623884456194,0.6,0.4,0.15,"DXCM,SMCI,KDP,CPRT",4,0.6,1.0,SPY and QQQ above 200D MA
2015-01-01,2018-05-22,2018-05-23,2018-05-31,growth_champion_v2,0.0083623884456194,0.6,0.4,0.15,"DXCM,SMCI,KDP,CPRT",4,0.6,1.0,base cap 60%
2010-01-01,2018-05-24,2018-05-25,2018-06-04,growth_champion_v3,0.0110542235209222,0.6,0.4,0.0,"DXCM,SMCI,CPRT,BKR",4,0.6,1.0,SPY and QQQ above 200D MA
2008-01-01,2018-05-24,2018-05-25,2018-06-04,growth_champion_v3,0.0243214319497967,0.6,0.4,0.0,"DXCM,SMCI,CPRT,NFLX",4,0.6,1.0,SPY and QQQ above 200D MA
2008-01-01,2018-05-24,2018-05-25,2018-06-04,growth_champion_v2,0.0243214319497967,0.6,0.4,0.0,"DXCM,SMCI,CPRT,NFLX",4,0.6,1.0,base cap 60%
2010-01-01,2018-05-24,2018-05-25,2018-06-04,growth_champion_v2,0.0110542235209222,0.6,0.4,0.0,"DXCM,SMCI,CPRT,BKR",4,0.6,1.0,base cap 60%
2015-01-01,2018-05-30,2018-05-31,2018-06-07,growth_champion_v3,0.0191653978498588,0.6,0.4,0.0,"DXCM,SMCI,KDP,CPRT",4,0.6,1.0,SPY and QQQ above 200D MA
2015-01-01,2018-05-30,2018-05-31,2018-06-07,growth_champion_v2,0.0191653978498588,0.6,0.4,0.0,"DXCM,SMCI,KDP,CPRT",4,0.6,1.0,base cap 60%
2008-01-01,2018-06-01,2018-06-04,2018-06-11,growth_champion_v2,0.0184614611510271,0.6,0.4,0.0,"DXCM,SMCI,CPRT,NFLX",4,0.6,1.0,base cap 60%
2008-01-01,2018-06-01,2018-06-04,2018-06-11,growth_champion_v3,0.0184614611510271,0.6,0.4,0.0,"DXCM,SMCI,CPRT,NFLX",4,0.6,1.0,SPY and QQQ above 200D MA
2010-01-01,2018-06-01,2018-06-04,2018-06-11,growth_champion_v3,0.0254059747851429,0.6,0.4,0.0,"DXCM,SMCI,CPRT,BKR",4,0.6,1.0,SPY and QQQ above 200D MA
2010-01-01,2018-06-01,2018-06-04,2018-06-11,growth_champion_v2,0.0254059747851429,0.6,0.4,0.0,"DXCM,SMCI,CPRT,BKR",4,0.6,1.0,base cap 60%
2015-01-01,2018-06-06,2018-06-07,2018-06-14,growth_champion_v2,0.0320317147345042,0.6,0.4,0.15,"AMD,DXCM,KDP,CPRT",4,0.6,1.0,base cap 60%
2015-01-01,2018-06-06,2018-06-07,2018-06-14,growth_champion_v3,0.0320317147345042,0.6,0.4,0.15,"AMD,DXCM,KDP,CPRT",4,0.6,1.0,SPY and QQQ above 200D MA
2010-01-01,2018-06-08,2018-06-11,2018-06-18,growth_champion_v2,0.019767507196066,0.6,0.4,0.15,"AMD,DXCM,CPRT,SMCI",4,0.6,1.0,base cap 60%
2010-01-01,2018-06-08,2018-06-11,2018-06-18,growth_champion_v3,0.019767507196066,0.6,0.4,0.15,"AMD,DXCM,CPRT,SMCI",4,0.6,1.0,SPY and QQQ above 200D MA
2008-01-01,2018-06-08,2018-06-11,2018-06-18,growth_champion_v3,0.0377138233103478,0.6,0.4,0.15,"AMD,DXCM,CPRT,NFLX",4,0.6,1.0,SPY and QQQ above 200D MA
2008-01-01,2018-06-08,2018-06-11,2018-06-18,growth_champion_v2,0.0377138233103478,0.6,0.4,0.15,"AMD,DXCM,CPRT,NFLX",4,0.6,1.0,base cap 60%
2015-01-01,2018-06-13,2018-06-14,2018-06-21,growth_champion_v2,0.00204180589377,0.6,0.4,0.0,"AMD,DXCM,CPRT,KDP",4,0.6,1.0,base cap 60%
2015-01-01,2018-06-13,2018-06-14,2018-06-21,growth_champion_v3,0.00204180589377,0.6,0.4,0.0,"AMD,DXCM,CPRT,KDP",4,0.6,1.0,SPY and QQQ above 200D MA
2008-01-01,2018-06-15,2018-06-18,2018-06-25,growth_champion_v3,-0.0292371608694695,0.6,0.4,0.0,"AMD,DXCM,CPRT,NFLX",4,0.6,1.0,SPY and QQQ above 200D MA
2010-01-01,2018-06-15,2018-06-18,2018-06-25,growth_champion_v2,-0.0351978608116369,0.6,0.4,0.0,"AMD,DXCM,CPRT,SMCI",4,0.6,1.0,base cap 60%
2010-01-01,2018-06-15,2018-06-18,2018-06-25,growth_champion_v3,-0.0351978608116369,0.6,0.4,0.0,"AMD,DXCM,CPRT,SMCI",4,0.6,1.0,SPY and QQQ above 200D MA
2008-01-01,2018-06-15,2018-06-18,2018-06-25,growth_champion_v2,-0.0292371608694695,0.6,0.4,0.0,"AMD,DXCM,CPRT,NFLX",4,0.6,1.0,base cap 60%
2015-01-01,2018-06-20,2018-06-21,2018-06-28,growth_champion_v3,-0.0230896541086437,0.6,0.4,0.0,"AMD,DXCM,CPRT,KDP",4,0.6,1.0,SPY and QQQ above 200D MA
2015-01-01,2018-06-20,2018-06-21,2018-06-28,growth_champion_v2,-0.0230896541086437,0.6,0.4,0.0,"AMD,DXCM,CPRT,KDP",4,0.6,1.0,base cap 60%
2010-01-01,2018-06-22,2018-06-25,2018-07-02,growth_champion_v2,0.0068155210802718,0.6,0.4,0.15,"AMD,NFLX,CPRT,DXCM",4,0.6,1.0,base cap 60%
2010-01-01,2018-06-22,2018-06-25,2018-07-02,growth_champion_v3,0.0068155210802718,0.6,0.4,0.15,"AMD,NFLX,CPRT,DXCM",4,0.6,1.0,SPY and QQQ above 200D MA
2008-01-01,2018-06-22,2018-06-25,2018-07-02,growth_champion_v3,0.0068155210802718,0.6,0.4,0.0,"AMD,NFLX,CPRT,DXCM",4,0.6,1.0,SPY and QQQ above 200D MA
2008-01-01,2018-06-22,2018-06-25,2018-07-02,growth_champion_v2,0.0068155210802718,0.6,0.4,0.0,"AMD,NFLX,CPRT,DXCM",4,0.6,1.0,base cap 60%
2015-01-01,2018-06-27,2018-06-28,2018-07-06,growth_champion_v2,0.0199093345806254,0.6,0.4,0.15,"AMD,WBD,CPRT,DXCM",4,0.6,1.0,base cap 60%
2015-01-01,2018-06-27,2018-06-28,2018-07-06,growth_champion_v3,0.0199093345806254,0.6,0.4,0.15,"AMD,WBD,CPRT,DXCM",4,0.6,1.0,SPY and QQQ above 200D MA
2010-01-01,2018-06-29,2018-07-02,2018-07-10,growth_champion_v3,0.0306228982249551,0.6,0.4,0.15,"AMD,WBD,CPRT,NFLX",4,0.6,1.0,SPY and QQQ above 200D MA
2008-01-01,2018-06-29,2018-07-02,2018-07-10,growth_champion_v3,0.0306228982249551,0.6,0.4,0.15,"AMD,WBD,CPRT,NFLX",4,0.6,1.0,SPY and QQQ above 200D MA
2008-01-01,2018-06-29,2018-07-02,2018-07-10,growth_champion_v2,0.0306228982249551,0.6,0.4,0.15,"AMD,WBD,CPRT,NFLX",4,0.6,1.0,base cap 60%
2010-01-01,2018-06-29,2018-07-02,2018-07-10,growth_champion_v2,0.0306228982249551,0.6,0.4,0.15,"AMD,WBD,CPRT,NFLX",4,0.6,1.0,base cap 60%
2015-01-01,2018-07-05,2018-07-06,2018-07-13,growth_champion_v3,-0.0043524043271001,0.6,0.4,0.15,"AMD,NFLX,CPRT,WBD",4,0.6,1.0,SPY and QQQ above 200D MA
2015-01-01,2018-07-05,2018-07-06,2018-07-13,growth_champion_v2,-0.0043524043271001,0.6,0.4,0.15,"AMD,NFLX,CPRT,WBD",4,0.6,1.0,base cap 60%
2010-01-01,2018-07-09,2018-07-10,2018-07-17,growth_champion_v2,-0.0196654309191616,0.6,0.4,0.0,"AMD,NFLX,CPRT,WBD",4,0.6,1.0,base cap 60%
2010-01-01,2018-07-09,2018-07-10,2018-07-17,growth_champion_v3,-0.0196654309191616,0.6,0.4,0.0,"AMD,NFLX,CPRT,WBD",4,0.6,1.0,SPY and QQQ above 200D MA
2008-01-01,2018-07-09,2018-07-10,2018-07-17,growth_champion_v3,-0.0196654309191616,0.6,0.4,0.0,"AMD,NFLX,CPRT,WBD",4,0.6,1.0,SPY and QQQ above 200D MA
2008-01-01,2018-07-09,2018-07-10,2018-07-17,growth_champion_v2,-0.0196654309191616,0.6,0.4,0.0,"AMD,NFLX,CPRT,WBD",4,0.6,1.0,base cap 60%
2015-01-01,2018-07-12,2018-07-13,2018-07-20,growth_champion_v2,-0.001435942640356,0.6,0.4,0.15,"AMD,KDP,WBD,CPRT",4,0.6,1.0,base cap 60%
2015-01-01,2018-07-12,2018-07-13,2018-07-20,growth_champion_v3,-0.001435942640356,0.6,0.4,0.15,"AMD,KDP,WBD,CPRT",4,0.6,1.0,SPY and QQQ above 200D MA
2008-01-01,2018-07-16,2018-07-17,2018-07-24,growth_champion_v2,-0.0048005786274548,0.6,0.4,0.15,"AMD,BIIB,WBD,CPRT",4,0.6,1.0,base cap 60%
2010-01-01,2018-07-16,2018-07-17,2018-07-24,growth_champion_v3,-0.0162537528733938,0.6,0.4,0.15,"AMD,KDP,WBD,CPRT",4,0.6,1.0,SPY and QQQ above 200D MA
2010-01-01,2018-07-16,2018-07-17,2018-07-24,growth_champion_v2,-0.0162537528733938,0.6,0.4,0.15,"AMD,KDP,WBD,CPRT",4,0.6,1.0,base cap 60%
2008-01-01,2018-07-16,2018-07-17,2018-07-24,growth_champion_v3,-0.0048005786274548,0.6,0.4,0.15,"AMD,BIIB,WBD,CPRT",4,0.6,1.0,SPY and QQQ above 200D MA
2015-01-01,2018-07-19,2018-07-20,2018-07-27,growth_champion_v2,0.0062331861151552,0.6,0.4,0.15,"AMD,BIIB,CPRT,WBD",4,0.6,1.0,base cap 60%
2015-01-01,2018-07-19,2018-07-20,2018-07-27,growth_champion_v3,0.0062331861151552,0.6,0.4,0.15,"AMD,BIIB,CPRT,WBD",4,0.6,1.0,SPY and QQQ above 200D MA
2010-01-01,2018-07-23,2018-07-24,2018-07-31,growth_champion_v3,0.0073366004628384,0.6,0.4,0.15,"AMD,BIIB,CPRT,WBD",4,0.6,1.0,SPY and QQQ above 200D MA
2008-01-01,2018-07-23,2018-07-24,2018-07-31,growth_champion_v2,0.0073366004628384,0.6,0.4,0.0,"AMD,BIIB,CPRT,WBD",4,0.6,1.0,base cap 60%
2008-01-01,2018-07-23,2018-07-24,2018-07-31,growth_champion_v3,0.0073366004628384,0.6,0.4,0.0,"AMD,BIIB,CPRT,WBD",4,0.6,1.0,SPY and QQQ above 200D MA
2010-01-01,2018-07-23,2018-07-24,2018-07-31,growth_champion_v2,0.0073366004628384,0.6,0.4,0.15,"AMD,BIIB,CPRT,WBD",4,0.6,1.0,base cap 60%
2015-01-01,2018-07-26,2018-07-27,2018-08-03,growth_champion_v3,0.0476791831738042,0.6,0.4,0.15,"AMD,DXCM,WBD,CPRT",4,0.6,1.0,SPY and QQQ above 200D MA
2015-01-01,2018-07-26,2018-07-27,2018-08-03,growth_champion_v2,0.0476791831738042,0.6,0.4,0.15,"AMD,DXCM,WBD,CPRT",4,0.6,1.0,base cap 60%
2008-01-01,2018-07-30,2018-07-31,2018-08-07,growth_champion_v2,0.0159356196685481,0.6,0.4,0.0,"AMD,BIIB,WBD,CPRT",4,0.6,1.0,base cap 60%
2010-01-01,2018-07-30,2018-07-31,2018-08-07,growth_champion_v2,0.0079419800489203,0.6,0.4,0.15,"AMD,KDP,WBD,CPRT",4,0.6,1.0,base cap 60%
2008-01-01,2018-07-30,2018-07-31,2018-08-07,growth_champion_v3,0.0159356196685481,0.6,0.4,0.0,"AMD,BIIB,WBD,CPRT",4,0.6,1.0,SPY and QQQ above 200D MA
2010-01-01,2018-07-30,2018-07-31,2018-08-07,growth_champion_v3,0.0079419800489203,0.6,0.4,0.15,"AMD,KDP,WBD,CPRT",4,0.6,1.0,SPY and QQQ above 200D MA
2015-01-01,2018-08-02,2018-08-03,2018-08-10,growth_champion_v3,0.0060304262256984,0.6,0.4,0.0,"AMD,DXCM,CPRT,WBD",4,0.6,1.0,SPY and QQQ above 200D MA
2015-01-01,2018-08-02,2018-08-03,2018-08-10,growth_champion_v2,0.0060304262256984,0.6,0.4,0.0,"AMD,DXCM,CPRT,WBD",4,0.6,1.0,base cap 60%
2010-01-01,2018-08-06,2018-08-07,2018-08-14,growth_champion_v3,0.0127328335637345,0.6,0.4,0.15,"AMD,DXCM,CPRT,WBD",4,0.6,1.0,SPY and QQQ above 200D MA
2008-01-01,2018-08-06,2018-08-07,2018-08-14,growth_champion_v3,0.0127328335637345,0.6,0.4,0.15,"AMD,DXCM,CPRT,WBD",4,0.6,1.0,SPY and QQQ above 200D MA
2008-01-01,2018-08-06,2018-08-07,2018-08-14,growth_champion_v2,0.0127328335637345,0.6,0.4,0.15,"AMD,DXCM,CPRT,WBD",4,0.6,1.0,base cap 60%
2010-01-01,2018-08-06,2018-08-07,2018-08-14,growth_champion_v2,0.0127328335637345,0.6,0.4,0.15,"AMD,DXCM,CPRT,WBD",4,0.6,1.0,base cap 60%
2015-01-01,2018-08-09,2018-08-10,2018-08-17,growth_champion_v2,0.0222502292584256,0.6,0.4,0.0,"AMD,DXCM,WBD,CPRT",4,0.6,1.0,base cap 60%
2015-01-01,2018-08-09,2018-08-10,2018-08-17,growth_champion_v3,0.0222502292584256,0.6,0.4,0.0,"AMD,DXCM,WBD,CPRT",4,0.6,1.0,SPY and QQQ above 200D MA
2010-01-01,2018-08-13,2018-08-14,2018-08-21,growth_champion_v3,0.0382019115203352,0.6,0.4,0.0,"AMD,DXCM,WBD,CPRT",4,0.6,1.0,SPY and QQQ above 200D MA
2010-01-01,2018-08-13,2018-08-14,2018-08-21,growth_champion_v2,0.0382019115203352,0.6,0.4,0.0,"AMD,DXCM,WBD,CPRT",4,0.6,1.0,base cap 60%
2008-01-01,2018-08-13,2018-08-14,2018-08-21,growth_champion_v3,0.0382019115203352,0.6,0.4,0.0,"AMD,DXCM,WBD,CPRT",4,0.6,1.0,SPY and QQQ above 200D MA
2008-01-01,2018-08-13,2018-08-14,2018-08-21,growth_champion_v2,0.0382019115203352,0.6,0.4,0.0,"AMD,DXCM,WBD,CPRT",4,0.6,1.0,base cap 60%
2015-01-01,2018-08-16,2018-08-17,2018-08-24,growth_champion_v3,0.0512474687285713,0.6,0.4,0.0,"DXCM,AMD,CPRT,WBD",4,0.6,1.0,SPY and QQQ above 200D MA
2015-01-01,2018-08-16,2018-08-17,2018-08-24,growth_champion_v2,0.0512474687285713,0.6,0.4,0.0,"DXCM,AMD,CPRT,WBD",4,0.6,1.0,base cap 60%
2008-01-01,2018-08-20,2018-08-21,2018-08-28,growth_champion_v3,0.037768081797427,0.6,0.4,0.0,"DXCM,AMD,CPRT,WBD",4,0.6,1.0,SPY and QQQ above 200D MA
2010-01-01,2018-08-20,2018-08-21,2018-08-28,growth_champion_v2,0.037768081797427,0.6,0.4,0.0,"DXCM,AMD,CPRT,WBD",4,0.6,1.0,base cap 60%
2008-01-01,2018-08-20,2018-08-21,2018-08-28,growth_champion_v2,0.037768081797427,0.6,0.4,0.0,"DXCM,AMD,CPRT,WBD",4,0.6,1.0,base cap 60%
2010-01-01,2018-08-20,2018-08-21,2018-08-28,growth_champion_v3,0.037768081797427,0.6,0.4,0.0,"DXCM,AMD,CPRT,WBD",4,0.6,1.0,SPY and QQQ above 200D MA
2015-01-01,2018-08-23,2018-08-24,2018-08-31,growth_champion_v2,0.0163473766101355,0.6,0.4,0.0,"DXCM,AMD,WBD,CPRT",4,0.6,1.0,base cap 60%
2015-01-01,2018-08-23,2018-08-24,2018-08-31,growth_champion_v3,0.0163473766101355,0.6,0.4,0.0,"DXCM,AMD,WBD,CPRT",4,0.6,1.0,SPY and QQQ above 200D MA
2008-01-01,2018-08-27,2018-08-28,2018-09-05,growth_champion_v3,0.018169606895315,0.6,0.4,0.0,"AMD,DXCM,WBD,CPRT",4,0.6,1.0,SPY and QQQ above 200D MA
2010-01-01,2018-08-27,2018-08-28,2018-09-05,growth_champion_v2,0.018169606895315,0.6,0.4,0.0,"AMD,DXCM,WBD,CPRT",4,0.6,1.0,base cap 60%
2010-01-01,2018-08-27,2018-08-28,2018-09-05,growth_champion_v3,0.018169606895315,0.6,0.4,0.0,"AMD,DXCM,WBD,CPRT",4,0.6,1.0,SPY and QQQ above 200D MA
2008-01-01,2018-08-27,2018-08-28,2018-09-05,growth_champion_v2,0.018169606895315,0.6,0.4,0.0,"AMD,DXCM,WBD,CPRT",4,0.6,1.0,base cap 60%
2015-01-01,2018-08-30,2018-08-31,2018-09-10,growth_champion_v3,0.0351938530421195,0.6,0.4,0.0,"AMD,DXCM,CPRT,WBD",4,0.6,1.0,SPY and QQQ above 200D MA
2015-01-01,2018-08-30,2018-08-31,2018-09-10,growth_champion_v2,0.0351938530421195,0.6,0.4,0.0,"AMD,DXCM,CPRT,WBD",4,0.6,1.0,base cap 60%
2008-01-01,2018-09-04,2018-09-05,2018-09-12,growth_champion_v3,0.0452728855268965,0.6,0.4,0.0,"AMD,DXCM,CPRT,WBD",4,0.6,1.0,SPY and QQQ above 200D MA
2008-01-01,2018-09-04,2018-09-05,2018-09-12,growth_champion_v2,0.0452728855268965,0.6,0.4,0.0,"AMD,DXCM,CPRT,WBD",4,0.6,1.0,base cap 60%
2010-01-01,2018-09-04,2018-09-05,2018-09-12,growth_champion_v2,0.0452728855268965,0.6,0.4,0.0,"AMD,DXCM,CPRT,WBD",4,0.6,1.0,base cap 60%
2010-01-01,2018-09-04,2018-09-05,2018-09-12,growth_champion_v3,0.0452728855268965,0.6,0.4,0.0,"AMD,DXCM,CPRT,WBD",4,0.6,1.0,SPY and QQQ above 200D MA
2015-01-01,2018-09-07,2018-09-10,2018-09-17,growth_champion_v3,0.020041495843545,0.6,0.4,0.0,"AMD,DXCM,WBD,CPRT",4,0.6,1.0,SPY and QQQ above 200D MA
2015-01-01,2018-09-07,2018-09-10,2018-09-17,growth_champion_v2,0.020041495843545,0.6,0.4,0.0,"AMD,DXCM,WBD,CPRT",4,0.6,1.0,base cap 60%
2008-01-01,2018-09-11,2018-09-12,2018-09-19,growth_champion_v3,-0.0295444353177343,0.6,0.4,0.0,"AMD,DXCM,WBD,CPRT",4,0.6,1.0,SPY and QQQ above 200D MA
2008-01-01,2018-09-11,2018-09-12,2018-09-19,growth_champion_v2,-0.0295444353177343,0.6,0.4,0.0,"AMD,DXCM,WBD,CPRT",4,0.6,1.0,base cap 60%
2010-01-01,2018-09-11,2018-09-12,2018-09-19,growth_champion_v3,-0.0295444353177343,0.6,0.4,0.0,"AMD,DXCM,WBD,CPRT",4,0.6,1.0,SPY and QQQ above 200D MA
2010-01-01,2018-09-11,2018-09-12,2018-09-19,growth_champion_v2,-0.0295444353177343,0.6,0.4,0.0,"AMD,DXCM,WBD,CPRT",4,0.6,1.0,base cap 60%
2015-01-01,2018-09-14,2018-09-17,2018-09-24,growth_champion_v3,-0.0302216993604606,0.6,0.4,0.15,"AMD,FTNT,CPRT,WBD",4,0.6,1.0,SPY and QQQ above 200D MA
2015-01-01,2018-09-14,2018-09-17,2018-09-24,growth_champion_v2,-0.0302216993604606,0.6,0.4,0.15,"AMD,FTNT,CPRT,WBD",4,0.6,1.0,base cap 60%
2008-01-01,2018-09-18,2018-09-19,2018-09-26,growth_champion_v2,-0.0043899478535027,0.6,0.4,0.0,"AMD,DXCM,CPRT,WBD",4,0.6,1.0,base cap 60%
2010-01-01,2018-09-18,2018-09-19,2018-09-26,growth_champion_v2,-0.0029690134881649,0.6,0.4,0.15,"AMD,EC,CPRT,WBD",4,0.6,1.0,base cap 60%
2008-01-01,2018-09-18,2018-09-19,2018-09-26,growth_champion_v3,-0.0043899478535027,0.6,0.4,0.0,"AMD,DXCM,CPRT,WBD",4,0.6,1.0,SPY and QQQ above 200D MA
2010-01-01,2018-09-18,2018-09-19,2018-09-26,growth_champion_v3,-0.0029690134881649,0.6,0.4,0.15,"AMD,EC,CPRT,WBD",4,0.6,1.0,SPY and QQQ above 200D MA
2015-01-01,2018-09-21,2018-09-24,2018-10-01,growth_champion_v2,-0.003204777604583,0.6,0.4,0.15,"AMD,DXCM,WBD,FTNT",4,0.6,1.0,base cap 60%
2015-01-01,2018-09-21,2018-09-24,2018-10-01,growth_champion_v3,-0.003204777604583,0.6,0.4,0.15,"AMD,DXCM,WBD,FTNT",4,0.6,1.0,SPY and QQQ above 200D MA
2008-01-01,2018-09-25,2018-09-26,2018-10-03,growth_champion_v2,-0.0352309530048364,0.6,0.4,0.1499999999999999,"AMD,DXCM,WBD",3,0.6,1.0,base cap 60%
2010-01-01,2018-09-25,2018-09-26,2018-10-03,growth_champion_v3,-0.0186429034193163,0.6,0.4,0.15,"AMD,DXCM,WBD,EC",4,0.6,1.0,SPY and QQQ above 200D MA
2008-01-01,2018-09-25,2018-09-26,2018-10-03,growth_champion_v3,-0.0352309530048364,0.6,0.4,0.1499999999999999,"AMD,DXCM,WBD",3,0.6,1.0,SPY and QQQ above 200D MA
2010-01-01,2018-09-25,2018-09-26,2018-10-03,growth_champion_v2,-0.0186429034193163,0.6,0.4,0.15,"AMD,DXCM,WBD,EC",4,0.6,1.0,base cap 60%
2015-01-01,2018-09-28,2018-10-01,2018-10-08,growth_champion_v3,-0.0465277765646747,0.6,0.4,0.0,"AMD,FTNT,WBD,DXCM",4,0.6,1.0,SPY and QQQ above 200D MA
2015-01-01,2018-09-28,2018-10-01,2018-10-08,growth_champion_v2,-0.0465277765646747,0.6,0.4,0.0,"AMD,FTNT,WBD,DXCM",4,0.6,1.0,base cap 60%
2010-01-01,2018-10-02,2018-10-03,2018-10-10,growth_champion_v2,-0.0529113043015882,0.6,0.4,0.15,"AMD,FTNT,WBD,DXCM",4,0.6,1.0,base cap 60%
2008-01-01,2018-10-02,2018-10-03,2018-10-10,growth_champion_v2,-0.016195202121626,0.6,0.4,0.1499999999999999,"AMD,PBR,WBD,DXCM",4,0.6,1.0,base cap 60%
2010-01-01,2018-10-02,2018-10-03,2018-10-10,growth_champion_v3,-0.0529113043015882,0.6,0.4,0.15,"AMD,FTNT,WBD,DXCM",4,0.6,1.0,SPY and QQQ above 200D MA
2008-01-01,2018-10-02,2018-10-03,2018-10-10,growth_champion_v3,-0.016195202121626,0.6,0.4,0.1499999999999999,"AMD,PBR,WBD,DXCM",4,0.6,1.0,SPY and QQQ above 200D MA
2015-01-01,2018-10-05,2018-10-08,2018-10-15,growth_champion_v2,-0.0019282995887428,0.6,0.4,0.15,"AMD,PBR,WBD,DXCM",4,0.6,1.0,base cap 60%
2015-01-01,2018-10-05,2018-10-08,2018-10-15,growth_champion_v3,-0.0019282995887428,0.6,0.4,0.15,"AMD,PBR,WBD,DXCM",4,0.6,1.0,SPY and QQQ above 200D MA
2010-01-01,2018-10-09,2018-10-10,2018-10-17,growth_champion_v3,0.0464642613400489,0.6,0.4,0.15,"PBR,AMD,WBD,DXCM",4,0.6,1.0,SPY and QQQ above 200D MA
2010-01-01,2018-10-09,2018-10-10,2018-10-17,growth_champion_v2,0.0464642613400489,0.6,0.4,0.15,"PBR,AMD,WBD,DXCM",4,0.6,1.0,base cap 60%
2008-01-01,2018-10-09,2018-10-10,2018-10-17,growth_champion_v3,0.0464642613400489,0.6,0.4,0.0,"PBR,AMD,WBD,DXCM",4,0.6,1.0,SPY and QQQ above 200D MA
2008-01-01,2018-10-09,2018-10-10,2018-10-17,growth_champion_v2,0.0464642613400489,0.6,0.4,0.0,"PBR,AMD,WBD,DXCM",4,0.6,1.0,base cap 60%
2015-01-01,2018-10-12,2018-10-15,2018-10-22,growth_champion_v2,0.011635727680758,0.6,0.4,0.0,"PBR,AMD,WBD,DXCM",4,0.6,1.0,base cap 60%
2015-01-01,2018-10-12,2018-10-15,2018-10-22,growth_champion_v3,0.0048482198669825,0.25,0.75,0.0,"PBR,AMD,WBD,DXCM",4,0.25,0.4166666666666667,SPY and QQQ below 200D MA
2010-01-01,2018-10-16,2018-10-17,2018-10-24,growth_champion_v3,-0.0571336942216912,0.6,0.4,0.0,"PBR,AMD,WBD,DXCM",4,0.6,1.0,SPY and QQQ above 200D MA
2010-01-01,2018-10-16,2018-10-17,2018-10-24,growth_champion_v2,-0.0571336942216912,0.6,0.4,0.0,"PBR,AMD,WBD,DXCM",4,0.6,1.0,base cap 60%
2008-01-01,2018-10-16,2018-10-17,2018-10-24,growth_champion_v3,-0.0571336942216912,0.6,0.4,0.0,"PBR,AMD,WBD,DXCM",4,0.6,1.0,SPY and QQQ above 200D MA
2008-01-01,2018-10-16,2018-10-17,2018-10-24,growth_champion_v2,-0.0571336942216912,0.6,0.4,0.0,"PBR,AMD,WBD,DXCM",4,0.6,1.0,base cap 60%
2015-01-01,2018-10-19,2018-10-22,2018-10-29,growth_champion_v3,-0.0748411689722061,0.6,0.4,0.0,"PBR,WBD,AMD,DXCM",4,0.6,1.0,SPY and QQQ above 200D MA
2015-01-01,2018-10-19,2018-10-22,2018-10-29,growth_champion_v2,-0.0748411689722061,0.6,0.4,0.0,"PBR,WBD,AMD,DXCM",4,0.6,1.0,base cap 60%
2010-01-01,2018-10-23,2018-10-24,2018-10-31,growth_champion_v3,0.0036280075776699,0.6,0.4,0.0,"PBR,DXCM,AMD,WBD",4,0.6,1.0,SPY and QQQ above 200D MA
2008-01-01,2018-10-23,2018-10-24,2018-10-31,growth_champion_v3,0.0036280075776699,0.6,0.4,0.0,"PBR,DXCM,AMD,WBD",4,0.6,1.0,SPY and QQQ above 200D MA
2008-01-01,2018-10-23,2018-10-24,2018-10-31,growth_champion_v2,0.0036280075776699,0.6,0.4,0.0,"PBR,DXCM,AMD,WBD",4,0.6,1.0,base cap 60%
2010-01-01,2018-10-23,2018-10-24,2018-10-31,growth_champion_v2,0.0036280075776699,0.6,0.4,0.0,"PBR,DXCM,AMD,WBD",4,0.6,1.0,base cap 60%
2015-01-01,2018-10-26,2018-10-29,2018-11-05,growth_champion_v2,0.0506982519518224,0.6,0.4,0.3,"PBR,SBUX,WBD",3,0.6,1.0,base cap 60%
2015-01-01,2018-10-26,2018-10-29,2018-11-05,growth_champion_v3,0.0211242716465926,0.25,0.75,0.125,"PBR,SBUX,WBD",3,0.25,0.4166666666666667,SPY and QQQ below 200D MA
2010-01-01,2018-10-30,2018-10-31,2018-11-07,growth_champion_v2,0.0356146741125986,0.6,0.4,0.15,"PBR,SBUX,WBD,DXCM",4,0.6,1.0,base cap 60%
2010-01-01,2018-10-30,2018-10-31,2018-11-07,growth_champion_v3,0.014839447546916,0.25,0.75,0.0625,"PBR,SBUX,WBD,DXCM",4,0.25,0.4166666666666667,SPY and QQQ below 200D MA
2008-01-01,2018-10-30,2018-10-31,2018-11-07,growth_champion_v3,0.014839447546916,0.25,0.75,0.0625,"PBR,SBUX,WBD,DXCM",4,0.25,0.4166666666666667,SPY and QQQ below 200D MA
2008-01-01,2018-10-30,2018-10-31,2018-11-07,growth_champion_v2,0.0356146741125986,0.6,0.4,0.15,"PBR,SBUX,WBD,DXCM",4,0.6,1.0,base cap 60%
2015-01-01,2018-11-02,2018-11-05,2018-11-12,growth_champion_v2,-0.014826473866418,0.6,0.4,0.0,"PBR,SBUX,WBD",3,0.6,1.0,base cap 60%
2015-01-01,2018-11-02,2018-11-05,2018-11-12,growth_champion_v3,-0.0098843159109453,0.4,0.6,0.0,"PBR,SBUX,WBD",3,0.4,0.6666666666666667,one benchmark below 200D MA
2010-01-01,2018-11-06,2018-11-07,2018-11-14,growth_champion_v2,-0.0256045683469624,0.6,0.4,0.0,"PBR,SBUX,WBD,DXCM",4,0.6,1.0,base cap 60%
2008-01-01,2018-11-06,2018-11-07,2018-11-14,growth_champion_v2,-0.0256045683469624,0.6,0.4,0.0,"PBR,SBUX,WBD,DXCM",4,0.6,1.0,base cap 60%
2008-01-01,2018-11-06,2018-11-07,2018-11-14,growth_champion_v3,-0.0106685701445676,0.25,0.75,0.0,"PBR,SBUX,WBD,DXCM",4,0.25,0.4166666666666667,SPY and QQQ below 200D MA
2010-01-01,2018-11-06,2018-11-07,2018-11-14,growth_champion_v3,-0.0106685701445676,0.25,0.75,0.0,"PBR,SBUX,WBD,DXCM",4,0.25,0.4166666666666667,SPY and QQQ below 200D MA
2015-01-01,2018-11-09,2018-11-12,2018-11-19,growth_champion_v2,-0.0124782000051026,0.6,0.4,0.1499999999999999,"SBUX,KDP,WBD,PBR",4,0.6,1.0,base cap 60%
2015-01-01,2018-11-09,2018-11-12,2018-11-19,growth_champion_v3,-0.0124782000051026,0.6,0.4,0.1499999999999999,"SBUX,KDP,WBD,PBR",4,0.6,1.0,SPY and QQQ above 200D MA
2008-01-01,2018-11-13,2018-11-14,2018-11-21,growth_champion_v2,-0.0251710715388047,0.6,0.4,0.0,"SBUX,PBR,WBD,DXCM",4,0.6,1.0,base cap 60%
2010-01-01,2018-11-13,2018-11-14,2018-11-21,growth_champion_v3,-0.0146608260762307,0.25,0.75,0.0625,"SBUX,KDP,WBD,DXCM",4,0.25,0.4166666666666667,SPY and QQQ below 200D MA
2008-01-01,2018-11-13,2018-11-14,2018-11-21,growth_champion_v3,-0.0104879464745019,0.25,0.75,0.0,"SBUX,PBR,WBD,DXCM",4,0.25,0.4166666666666667,SPY and QQQ below 200D MA
2010-01-01,2018-11-13,2018-11-14,2018-11-21,growth_champion_v2,-0.0351859825829538,0.6,0.4,0.15,"SBUX,KDP,WBD,DXCM",4,0.6,1.0,base cap 60%
2015-01-01,2018-11-16,2018-11-19,2018-11-27,growth_champion_v2,-0.0176563063962451,0.6,0.4,0.0,"PBR,SBUX,WBD,KDP",4,0.6,1.0,base cap 60%
2015-01-01,2018-11-16,2018-11-19,2018-11-27,growth_champion_v3,-0.0073567943317687,0.25,0.75,0.0,"PBR,SBUX,WBD,KDP",4,0.25,0.4166666666666667,SPY and QQQ below 200D MA
2010-01-01,2018-11-20,2018-11-21,2018-11-29,growth_champion_v3,0.002825045518411,0.25,0.75,0.125,"SBUX,PBR,KDP",3,0.25,0.4166666666666667,SPY and QQQ below 200D MA
2008-01-01,2018-11-20,2018-11-21,2018-11-29,growth_champion_v2,0.0007666062118668,0.6,0.4,0.3,"SBUX,PBR",2,0.6,1.0,base cap 60%
2008-01-01,2018-11-20,2018-11-21,2018-11-29,growth_champion_v3,0.0003194192549445,0.25,0.75,0.125,"SBUX,PBR",2,0.25,0.4166666666666667,SPY and QQQ below 200D MA
2010-01-01,2018-11-20,2018-11-21,2018-11-29,growth_champion_v2,0.0067801092441865,0.6,0.4,0.3,"SBUX,PBR,KDP",3,0.6,1.0,base cap 60%
2015-01-01,2018-11-26,2018-11-27,2018-12-04,growth_champion_v3,-0.0016442839028447,0.25,0.75,0.0,"SBUX,KDP,WBD,PBR",4,0.25,0.4166666666666667,SPY and QQQ below 200D MA
2015-01-01,2018-11-26,2018-11-27,2018-12-04,growth_champion_v2,-0.0039462813668274,0.6,0.4,0.0,"SBUX,KDP,WBD,PBR",4,0.6,1.0,base cap 60%
2008-01-01,2018-11-28,2018-11-29,2018-12-07,growth_champion_v3,-0.0052140082359812,0.25,0.75,0.0833333333333333,"SBUX,CCJ,PBR",3,0.25,0.4166666666666667,SPY and QQQ below 200D MA
2010-01-01,2018-11-28,2018-11-29,2018-12-07,growth_champion_v2,-0.013165762694318,0.6,0.4,0.1499999999999999,"SBUX,CCJ,KDP,PBR",4,0.6,1.0,base cap 60%
2008-01-01,2018-11-28,2018-11-29,2018-12-07,growth_champion_v2,-0.012513619766355,0.6,0.4,0.2,"SBUX,CCJ,PBR",3,0.6,1.0,base cap 60%
2010-01-01,2018-11-28,2018-11-29,2018-12-07,growth_champion_v3,-0.0054857344559658,0.25,0.75,0.0624999999999999,"SBUX,CCJ,KDP,PBR",4,0.25,0.4166666666666667,SPY and QQQ below 200D MA
2015-01-01,2018-12-03,2018-12-04,2018-12-12,growth_champion_v3,0.0001934263862475,0.4,0.6,0.2,"TSLA,WDAY,KDP,SBUX",4,0.4,0.6666666666666667,one benchmark below 200D MA
2015-01-01,2018-12-03,2018-12-04,2018-12-12,growth_champion_v2,0.0002901395793713,0.6,0.4,0.3,"TSLA,WDAY,KDP,SBUX",4,0.6,1.0,base cap 60%
2008-01-01,2018-12-06,2018-12-07,2018-12-14,growth_champion_v3,-0.0018231720826421,0.25,0.75,0.0,"PBR,SBUX,CCJ",3,0.25,0.4166666666666667,SPY and QQQ below 200D MA
2010-01-01,2018-12-06,2018-12-07,2018-12-14,growth_champion_v2,-0.0054489903679229,0.6,0.4,0.0,"PBR,SBUX,KDP,CCJ",4,0.6,1.0,base cap 60%
2008-01-01,2018-12-06,2018-12-07,2018-12-14,growth_champion_v2,-0.0043756129983411,0.6,0.4,0.0,"PBR,SBUX,CCJ",3,0.6,1.0,base cap 60%
2010-01-01,2018-12-06,2018-12-07,2018-12-14,growth_champion_v3,-0.0022704126533012,0.25,0.75,0.0,"PBR,SBUX,KDP,CCJ",4,0.25,0.4166666666666667,SPY and QQQ below 200D MA
2015-01-01,2018-12-11,2018-12-12,2018-12-19,growth_champion_v2,-0.0377238446782737,0.6,0.4,0.15,"TSLA,PBR,WDAY,SBUX",4,0.6,1.0,base cap 60%
2015-01-01,2018-12-11,2018-12-12,2018-12-19,growth_champion_v3,-0.0157182686159473,0.25,0.75,0.0625,"TSLA,PBR,WDAY,SBUX",4,0.25,0.4166666666666667,SPY and QQQ below 200D MA
2008-01-01,2018-12-13,2018-12-14,2018-12-21,growth_champion_v3,-0.0194635209589355,0.25,0.75,0.0,"CCJ,SBUX,PBR",3,0.25,0.4166666666666667,SPY and QQQ below 200D MA
2010-01-01,2018-12-13,2018-12-14,2018-12-21,growth_champion_v2,-0.0396639824046718,0.6,0.4,0.0,"CCJ,SBUX,KDP,PBR",4,0.6,1.0,base cap 60%
2010-01-01,2018-12-13,2018-12-14,2018-12-21,growth_champion_v3,-0.0165266593352799,0.25,0.75,0.0,"CCJ,SBUX,KDP,PBR",4,0.25,0.4166666666666667,SPY and QQQ below 200D MA
2008-01-01,2018-12-13,2018-12-14,2018-12-21,growth_champion_v2,-0.0467124503014452,0.6,0.4,0.0,"CCJ,SBUX,PBR",3,0.6,1.0,base cap 60%
2015-01-01,2018-12-18,2018-12-19,2018-12-27,growth_champion_v2,-0.0059503728029665,0.6,0.4,0.15,"WDAY,CCJ,TSLA,SBUX",4,0.6,1.0,base cap 60%
2015-01-01,2018-12-18,2018-12-19,2018-12-27,growth_champion_v3,-0.002479322001236,0.25,0.75,0.0625,"WDAY,CCJ,TSLA,SBUX",4,0.25,0.4166666666666667,SPY and QQQ below 200D MA
2008-01-01,2018-12-20,2018-12-21,2018-12-31,growth_champion_v2,0.0085946116503342,0.6,0.4,0.3,"AEP,XEL,CCJ,PBR",4,0.6,1.0,base cap 60%
2010-01-01,2018-12-20,2018-12-21,2018-12-31,growth_champion_v2,0.0037455618042081,0.6,0.4,0.3,"AEP,XEL,KDP,CCJ",4,0.6,1.0,base cap 60%
2008-01-01,2018-12-20,2018-12-21,2018-12-31,growth_champion_v3,0.0035810881876392,0.25,0.75,0.125,"AEP,XEL,CCJ,PBR",4,0.25,0.4166666666666667,SPY and QQQ below 200D MA
2010-01-01,2018-12-20,2018-12-21,2018-12-31,growth_champion_v3,0.0015606507517533,0.25,0.75,0.125,"AEP,XEL,KDP,CCJ",4,0.25,0.4166666666666667,SPY and QQQ below 200D MA
2015-01-01,2018-12-26,2018-12-27,2019-01-04,growth_champion_v3,0.0034544630070182,0.25,0.75,0.0624999999999999,"TSLA,WDAY,SBUX",3,0.25,0.4166666666666667,SPY and QQQ below 200D MA
2015-01-01,2018-12-26,2018-12-27,2019-01-04,growth_champion_v2,0.0082907112168438,0.6,0.4,0.1499999999999999,"TSLA,WDAY,SBUX",3,0.6,1.0,base cap 60%
2010-01-01,2018-12-28,2018-12-31,2019-01-08,growth_champion_v2,-0.015463140534275,0.6,0.4,0.3,"SBUX,AVGO,AEP,XEL",4,0.6,1.0,base cap 60%
2008-01-01,2018-12-28,2018-12-31,2019-01-08,growth_champion_v2,-0.0062947731890852,0.6,0.4,0.3,"SBUX,AEP,XEL",3,0.6,1.0,base cap 60%
2008-01-01,2018-12-28,2018-12-31,2019-01-08,growth_champion_v3,-0.0026228221621188,0.25,0.75,0.125,"SBUX,AEP,XEL",3,0.25,0.4166666666666667,SPY and QQQ below 200D MA
2010-01-01,2018-12-28,2018-12-31,2019-01-08,growth_champion_v3,-0.0064429752226145,0.25,0.75,0.125,"SBUX,AVGO,AEP,XEL",4,0.25,0.4166666666666667,SPY and QQQ below 200D MA
2015-01-01,2019-01-03,2019-01-04,2019-01-11,growth_champion_v2,0.0210772800282833,0.6,0.4,0.3,"SMCI,KDP,TSLA,WDAY",4,0.6,1.0,base cap 60%
2015-01-01,2019-01-03,2019-01-04,2019-01-11,growth_champion_v3,0.0087822000117847,0.25,0.75,0.125,"SMCI,KDP,TSLA,WDAY",4,0.25,0.4166666666666667,SPY and QQQ below 200D MA
2010-01-01,2019-01-07,2019-01-08,2019-01-15,growth_champion_v2,0.0057144005490183,0.6,0.4,0.3,"SMCI,NVO,SBUX,AVGO",4,0.6,1.0,base cap 60%
2008-01-01,2019-01-07,2019-01-08,2019-01-15,growth_champion_v2,-0.0096807231989239,0.6,0.4,0.3999999999999999,"SMCI,NVO,SBUX",3,0.6,1.0,base cap 60%
2010-01-01,2019-01-07,2019-01-08,2019-01-15,growth_champion_v3,0.0023810002287576,0.25,0.75,0.125,"SMCI,NVO,SBUX,AVGO",4,0.25,0.4166666666666667,SPY and QQQ below 200D MA
2008-01-01,2019-01-07,2019-01-08,2019-01-15,growth_champion_v3,-0.0040336346662182,0.25,0.75,0.1666666666666666,"SMCI,NVO,SBUX",3,0.25,0.4166666666666667,SPY and QQQ below 200D MA
2015-01-01,2019-01-10,2019-01-11,2019-01-18,growth_champion_v2,-0.017432319628574,0.6,0.4,0.0,"WDAY,TSLA,KDP,SMCI",4,0.6,1.0,base cap 60%
2015-01-01,2019-01-10,2019-01-11,2019-01-18,growth_champion_v3,-0.0072634665119058,0.25,0.75,0.0,"WDAY,TSLA,KDP,SMCI",4,0.25,0.4166666666666667,SPY and QQQ below 200D MA
2008-01-01,2019-01-14,2019-01-15,2019-01-23,growth_champion_v3,-0.0014480997693417,0.25,0.75,0.125,"DXCM,MELI,NVO,SBUX",4,0.25,0.4166666666666667,SPY and QQQ below 200D MA
2008-01-01,2019-01-14,2019-01-15,2019-01-23,growth_champion_v2,-0.0034754394464201,0.6,0.4,0.3,"DXCM,MELI,NVO,SBUX",4,0.6,1.0,base cap 60%
2010-01-01,2019-01-14,2019-01-15,2019-01-23,growth_champion_v3,0.0021989757586645,0.25,0.75,0.125,"DXCM,KDP,NVO,SBUX",4,0.25,0.4166666666666667,SPY and QQQ below 200D MA
2010-01-01,2019-01-14,2019-01-15,2019-01-23,growth_champion_v2,0.0052775418207948,0.6,0.4,0.3,"DXCM,KDP,NVO,SBUX",4,0.6,1.0,base cap 60%
2015-01-01,2019-01-17,2019-01-18,2019-01-28,growth_champion_v3,-0.001310750531837,0.25,0.75,0.125,"DXCM,GLOB,TSLA,WDAY",4,0.25,0.4166666666666667,SPY and QQQ below 200D MA
2015-01-01,2019-01-17,2019-01-18,2019-01-28,growth_champion_v2,-0.003145801276409,0.6,0.4,0.3,"DXCM,GLOB,TSLA,WDAY",4,0.6,1.0,base cap 60%
2010-01-01,2019-01-22,2019-01-23,2019-01-30,growth_champion_v3,0.0023637533820984,0.25,0.75,0.0625,"DXCM,FAST,KDP,SBUX",4,0.25,0.4166666666666667,SPY and QQQ below 200D MA
2008-01-01,2019-01-22,2019-01-23,2019-01-30,growth_champion_v2,0.0041693453505137,0.6,0.4,0.15,"DXCM,FAST,NVO,SBUX",4,0.6,1.0,base cap 60%
2008-01-01,2019-01-22,2019-01-23,2019-01-30,growth_champion_v3,0.0017372272293807,0.25,0.75,0.0625,"DXCM,FAST,NVO,SBUX",4,0.25,0.4166666666666667,SPY and QQQ below 200D MA
2010-01-01,2019-01-22,2019-01-23,2019-01-30,growth_champion_v2,0.0056730081170362,0.6,0.4,0.15,"DXCM,FAST,KDP,SBUX",4,0.6,1.0,base cap 60%
2015-01-01,2019-01-25,2019-01-28,2019-02-04,growth_champion_v3,0.0089145630257506,0.25,0.75,0.0624999999999999,"GLOB,WDAY,DXCM",3,0.25,0.4166666666666667,SPY and QQQ below 200D MA
2015-01-01,2019-01-25,2019-01-28,2019-02-04,growth_champion_v2,0.0213949512618015,0.6,0.4,0.1499999999999999,"GLOB,WDAY,DXCM",3,0.6,1.0,base cap 60%
2008-01-01,2019-01-29,2019-01-30,2019-02-06,growth_champion_v2,0.0179876294632393,0.6,0.4,0.3,"NFLX,LRCX,NVO,SBUX",4,0.6,1.0,base cap 60%
2008-01-01,2019-01-29,2019-01-30,2019-02-06,growth_champion_v3,0.007494845609683,0.25,0.75,0.125,"NFLX,LRCX,NVO,SBUX",4,0.25,0.4166666666666667,SPY and QQQ below 200D MA
2010-01-01,2019-01-29,2019-01-30,2019-02-06,growth_champion_v2,0.0158703160535011,0.6,0.4,0.3,"NFLX,LRCX,KDP,SBUX",4,0.6,1.0,base cap 60%
2010-01-01,2019-01-29,2019-01-30,2019-02-06,growth_champion_v3,0.0066126316889587,0.25,0.75,0.125,"NFLX,LRCX,KDP,SBUX",4,0.25,0.4166666666666667,SPY and QQQ below 200D MA
2015-01-01,2019-02-01,2019-02-04,2019-02-11,growth_champion_v3,0.0002225467085067,0.25,0.75,0.0624999999999999,"WDAY,AMD,GLOB,DXCM",4,0.25,0.4166666666666667,SPY and QQQ below 200D MA
2015-01-01,2019-02-01,2019-02-04,2019-02-11,growth_champion_v2,0.0005341121004162,0.6,0.4,0.1499999999999999,"WDAY,AMD,GLOB,DXCM",4,0.6,1.0,base cap 60%
2010-01-01,2019-02-05,2019-02-06,2019-02-13,growth_champion_v3,0.0049816123352768,0.4,0.6,0.1,"ON,LRCX,SBUX,NFLX",4,0.4,0.6666666666666667,one benchmark below 200D MA
2008-01-01,2019-02-05,2019-02-06,2019-02-13,growth_champion_v2,0.0074724185029152,0.6,0.4,0.15,"ON,LRCX,SBUX,NFLX",4,0.6,1.0,base cap 60%
2010-01-01,2019-02-05,2019-02-06,2019-02-13,growth_champion_v2,0.0074724185029152,0.6,0.4,0.15,"ON,LRCX,SBUX,NFLX",4,0.6,1.0,base cap 60%
2008-01-01,2019-02-05,2019-02-06,2019-02-13,growth_champion_v3,0.0049816123352768,0.4,0.6,0.1,"ON,LRCX,SBUX,NFLX",4,0.4,0.6666666666666667,one benchmark below 200D MA
2015-01-01,2019-02-08,2019-02-11,2019-02-19,growth_champion_v3,0.0084577497232168,0.25,0.75,0.0625,"WDAY,ON,GLOB,AMD",4,0.25,0.4166666666666667,SPY and QQQ below 200D MA
2015-01-01,2019-02-08,2019-02-11,2019-02-19,growth_champion_v2,0.0202985993357205,0.6,0.4,0.15,"WDAY,ON,GLOB,AMD",4,0.6,1.0,base cap 60%
2010-01-01,2019-02-12,2019-02-13,2019-02-21,growth_champion_v3,-0.0031233288856244,0.25,0.75,0.0625,"ON,MCHP,LRCX,SBUX",4,0.25,0.4166666666666667,SPY and QQQ below 200D MA
2008-01-01,2019-02-12,2019-02-13,2019-02-21,growth_champion_v2,-0.0074959893254986,0.6,0.4,0.15,"ON,MCHP,LRCX,SBUX",4,0.6,1.0,base cap 60%
2010-01-01,2019-02-12,2019-02-13,2019-02-21,growth_champion_v2,-0.0074959893254986,0.6,0.4,0.15,"ON,MCHP,LRCX,SBUX",4,0.6,1.0,base cap 60%
2008-01-01,2019-02-12,2019-02-13,2019-02-21,growth_champion_v3,-0.0031233288856244,0.25,0.75,0.0625,"ON,MCHP,LRCX,SBUX",4,0.25,0.4166666666666667,SPY and QQQ below 200D MA
2015-01-01,2019-02-15,2019-02-19,2019-02-26,growth_champion_v3,-0.0064274873002162,0.6,0.4,0.15,"SMCI,WDAY,GLOB,ON",4,0.6,1.0,SPY and QQQ above 200D MA
2015-01-01,2019-02-15,2019-02-19,2019-02-26,growth_champion_v2,-0.0064274873002162,0.6,0.4,0.15,"SMCI,WDAY,GLOB,ON",4,0.6,1.0,base cap 60%
2010-01-01,2019-02-20,2019-02-21,2019-02-28,growth_champion_v3,-0.0113981130677636,0.6,0.4,0.15,"SMCI,LRCX,SBUX,ON",4,0.6,1.0,SPY and QQQ above 200D MA
2008-01-01,2019-02-20,2019-02-21,2019-02-28,growth_champion_v2,-0.0113981130677636,0.6,0.4,0.15,"SMCI,LRCX,SBUX,ON",4,0.6,1.0,base cap 60%
2010-01-01,2019-02-20,2019-02-21,2019-02-28,growth_champion_v2,-0.0113981130677636,0.6,0.4,0.15,"SMCI,LRCX,SBUX,ON",4,0.6,1.0,base cap 60%
2008-01-01,2019-02-20,2019-02-21,2019-02-28,growth_champion_v3,-0.0113981130677636,0.6,0.4,0.15,"SMCI,LRCX,SBUX,ON",4,0.6,1.0,SPY and QQQ above 200D MA
2015-01-01,2019-02-25,2019-02-26,2019-03-05,growth_champion_v2,-0.0098520854041528,0.6,0.4,0.0,"SMCI,WDAY,ON,GLOB",4,0.6,1.0,base cap 60%
2015-01-01,2019-02-25,2019-02-26,2019-03-05,growth_champion_v3,-0.0098520854041528,0.6,0.4,0.0,"SMCI,WDAY,ON,GLOB",4,0.6,1.0,SPY and QQQ above 200D MA
2008-01-01,2019-02-27,2019-02-28,2019-03-07,growth_champion_v2,-0.0066902313557907,0.6,0.4,0.15,"SMCI,MELI,LRCX,SBUX",4,0.6,1.0,base cap 60%
2010-01-01,2019-02-27,2019-02-28,2019-03-07,growth_champion_v2,-0.0066902313557907,0.6,0.4,0.15,"SMCI,MELI,LRCX,SBUX",4,0.6,1.0,base cap 60%
2008-01-01,2019-02-27,2019-02-28,2019-03-07,growth_champion_v3,-0.0066902313557907,0.6,0.4,0.15,"SMCI,MELI,LRCX,SBUX",4,0.6,1.0,SPY and QQQ above 200D MA
2010-01-01,2019-02-27,2019-02-28,2019-03-07,growth_champion_v3,-0.0066902313557907,0.6,0.4,0.15,"SMCI,MELI,LRCX,SBUX",4,0.6,1.0,SPY and QQQ above 200D MA
2015-01-01,2019-03-04,2019-03-05,2019-03-12,growth_champion_v2,0.0065829657041525,0.6,0.4,0.15,"SMCI,MELI,WDAY,GLOB",4,0.6,1.0,base cap 60%
2015-01-01,2019-03-04,2019-03-05,2019-03-12,growth_champion_v3,0.0065829657041525,0.6,0.4,0.15,"SMCI,MELI,WDAY,GLOB",4,0.6,1.0,SPY and QQQ above 200D MA
2008-01-01,2019-03-06,2019-03-07,2019-03-14,growth_champion_v2,0.0330789537561772,0.6,0.4,0.15,"MELI,CDNS,LRCX,SMCI",4,0.6,1.0,base cap 60%
2010-01-01,2019-03-06,2019-03-07,2019-03-14,growth_champion_v3,0.0330789537561772,0.6,0.4,0.15,"MELI,CDNS,LRCX,SMCI",4,0.6,1.0,SPY and QQQ above 200D MA
2008-01-01,2019-03-06,2019-03-07,2019-03-14,growth_champion_v3,0.0330789537561772,0.6,0.4,0.15,"MELI,CDNS,LRCX,SMCI",4,0.6,1.0,SPY and QQQ above 200D MA
2010-01-01,2019-03-06,2019-03-07,2019-03-14,growth_champion_v2,0.0330789537561772,0.6,0.4,0.15,"MELI,CDNS,LRCX,SMCI",4,0.6,1.0,base cap 60%
2015-01-01,2019-03-11,2019-03-12,2019-03-19,growth_champion_v3,0.004663767981254,0.4,0.6,0.1,"MELI,CDNS,WDAY,GLOB",4,0.4,0.6666666666666667,one benchmark below 200D MA
2015-01-01,2019-03-11,2019-03-12,2019-03-19,growth_champion_v2,0.006995651971881,0.6,0.4,0.15,"MELI,CDNS,WDAY,GLOB",4,0.6,1.0,base cap 60%
2008-01-01,2019-03-13,2019-03-14,2019-03-21,growth_champion_v2,0.0201103425333118,0.6,0.4,0.0,"MELI,CDNS,SMCI,LRCX",4,0.6,1.0,base cap 60%
2010-01-01,2019-03-13,2019-03-14,2019-03-21,growth_champion_v2,0.0201103425333118,0.6,0.4,0.0,"MELI,CDNS,SMCI,LRCX",4,0.6,1.0,base cap 60%
2010-01-01,2019-03-13,2019-03-14,2019-03-21,growth_champion_v3,0.0201103425333118,0.6,0.4,0.0,"MELI,CDNS,SMCI,LRCX",4,0.6,1.0,SPY and QQQ above 200D MA
2008-01-01,2019-03-13,2019-03-14,2019-03-21,growth_champion_v3,0.0201103425333118,0.6,0.4,0.0,"MELI,CDNS,SMCI,LRCX",4,0.6,1.0,SPY and QQQ above 200D MA
2015-01-01,2019-03-18,2019-03-19,2019-03-26,growth_champion_v3,0.0066133334770314,0.6,0.4,0.0,"MELI,CDNS,WDAY,GLOB",4,0.6,1.0,SPY and QQQ above 200D MA
2015-01-01,2019-03-18,2019-03-19,2019-03-26,growth_champion_v2,0.0066133334770314,0.6,0.4,0.0,"MELI,CDNS,WDAY,GLOB",4,0.6,1.0,base cap 60%
2008-01-01,2019-03-20,2019-03-21,2019-03-28,growth_champion_v3,-0.0076547994415407,0.6,0.4,0.0,"MELI,CDNS,SMCI,LRCX",4,0.6,1.0,SPY and QQQ above 200D MA
2008-01-01,2019-03-20,2019-03-21,2019-03-28,growth_champion_v2,-0.0076547994415407,0.6,0.4,0.0,"MELI,CDNS,SMCI,LRCX",4,0.6,1.0,base cap 60%
2010-01-01,2019-03-20,2019-03-21,2019-03-28,growth_champion_v3,-0.0076547994415407,0.6,0.4,0.0,"MELI,CDNS,SMCI,LRCX",4,0.6,1.0,SPY and QQQ above 200D MA
2010-01-01,2019-03-20,2019-03-21,2019-03-28,growth_champion_v2,-0.0076547994415407,0.6,0.4,0.0,"MELI,CDNS,SMCI,LRCX",4,0.6,1.0,base cap 60%
2015-01-01,2019-03-25,2019-03-26,2019-04-02,growth_champion_v3,0.0191740476392508,0.6,0.4,0.15,"MELI,SMCI,WDAY,CDNS",4,0.6,1.0,SPY and QQQ above 200D MA
2015-01-01,2019-03-25,2019-03-26,2019-04-02,growth_champion_v2,0.0191740476392508,0.6,0.4,0.15,"MELI,SMCI,WDAY,CDNS",4,0.6,1.0,base cap 60%
2010-01-01,2019-03-27,2019-03-28,2019-04-04,growth_champion_v2,0.0240690789338089,0.6,0.4,0.0,"MELI,SMCI,CDNS,LRCX",4,0.6,1.0,base cap 60%
2008-01-01,2019-03-27,2019-03-28,2019-04-04,growth_champion_v2,0.0240690789338089,0.6,0.4,0.0,"MELI,SMCI,CDNS,LRCX",4,0.6,1.0,base cap 60%
2010-01-01,2019-03-27,2019-03-28,2019-04-04,growth_champion_v3,0.0240690789338089,0.6,0.4,0.0,"MELI,SMCI,CDNS,LRCX",4,0.6,1.0,SPY and QQQ above 200D MA
2008-01-01,2019-03-27,2019-03-28,2019-04-04,growth_champion_v3,0.0240690789338089,0.6,0.4,0.0,"MELI,SMCI,CDNS,LRCX",4,0.6,1.0,SPY and QQQ above 200D MA
2015-01-01,2019-04-01,2019-04-02,2019-04-09,growth_champion_v3,-0.0041446179221914,0.6,0.4,0.0,"MELI,CDNS,SMCI,WDAY",4,0.6,1.0,SPY and QQQ above 200D MA
2015-01-01,2019-04-01,2019-04-02,2019-04-09,growth_champion_v2,-0.0041446179221914,0.6,0.4,0.0,"MELI,CDNS,SMCI,WDAY",4,0.6,1.0,base cap 60%
2010-01-01,2019-04-03,2019-04-04,2019-04-11,growth_champion_v2,-0.0039781570368252,0.6,0.4,0.15,"MELI,AMD,SMCI,CDNS",4,0.6,1.0,base cap 60%
2008-01-01,2019-04-03,2019-04-04,2019-04-11,growth_champion_v3,-0.0039781570368252,0.6,0.4,0.15,"MELI,AMD,SMCI,CDNS",4,0.6,1.0,SPY and QQQ above 200D MA
2008-01-01,2019-04-03,2019-04-04,2019-04-11,growth_champion_v2,-0.0039781570368252,0.6,0.4,0.15,"MELI,AMD,SMCI,CDNS",4,0.6,1.0,base cap 60%
2010-01-01,2019-04-03,2019-04-04,2019-04-11,growth_champion_v3,-0.0039781570368252,0.6,0.4,0.15,"MELI,AMD,SMCI,CDNS",4,0.6,1.0,SPY and QQQ above 200D MA
2015-01-01,2019-04-08,2019-04-09,2019-04-16,growth_champion_v3,0.0038213463203733,0.6,0.4,0.15,"AMD,MELI,SMCI,CDNS",4,0.6,1.0,SPY and QQQ above 200D MA
2015-01-01,2019-04-08,2019-04-09,2019-04-16,growth_champion_v2,0.0038213463203733,0.6,0.4,0.15,"AMD,MELI,SMCI,CDNS",4,0.6,1.0,base cap 60%
2010-01-01,2019-04-10,2019-04-11,2019-04-18,growth_champion_v2,-0.0070789088327832,0.6,0.4,0.0,"MELI,AMD,SMCI,CDNS",4,0.6,1.0,base cap 60%
2008-01-01,2019-04-10,2019-04-11,2019-04-18,growth_champion_v2,-0.0070789088327832,0.6,0.4,0.0,"MELI,AMD,SMCI,CDNS",4,0.6,1.0,base cap 60%
2008-01-01,2019-04-10,2019-04-11,2019-04-18,growth_champion_v3,-0.0070789088327832,0.6,0.4,0.0,"MELI,AMD,SMCI,CDNS",4,0.6,1.0,SPY and QQQ above 200D MA
2010-01-01,2019-04-10,2019-04-11,2019-04-18,growth_champion_v3,-0.0070789088327832,0.6,0.4,0.0,"MELI,AMD,SMCI,CDNS",4,0.6,1.0,SPY and QQQ above 200D MA
2015-01-01,2019-04-15,2019-04-16,2019-04-24,growth_champion_v3,0.0084967386505111,0.6,0.4,0.15,"MRVL,SMCI,AMD,MELI",4,0.6,1.0,SPY and QQQ above 200D MA
2015-01-01,2019-04-15,2019-04-16,2019-04-24,growth_champion_v2,0.0084967386505111,0.6,0.4,0.15,"MRVL,SMCI,AMD,MELI",4,0.6,1.0,base cap 60%
2010-01-01,2019-04-17,2019-04-18,2019-04-26,growth_champion_v2,0.0165953309406466,0.6,0.4,0.3,"QCOM,MRVL,SMCI,AMD",4,0.6,1.0,base cap 60%
2008-01-01,2019-04-17,2019-04-18,2019-04-26,growth_champion_v2,0.0165953309406466,0.6,0.4,0.3,"QCOM,MRVL,SMCI,AMD",4,0.6,1.0,base cap 60%
2010-01-01,2019-04-17,2019-04-18,2019-04-26,growth_champion_v3,0.0165953309406466,0.6,0.4,0.3,"QCOM,MRVL,SMCI,AMD",4,0.6,1.0,SPY and QQQ above 200D MA
2008-01-01,2019-04-17,2019-04-18,2019-04-26,growth_champion_v3,0.0165953309406466,0.6,0.4,0.3,"QCOM,MRVL,SMCI,AMD",4,0.6,1.0,SPY and QQQ above 200D MA
2015-01-01,2019-04-23,2019-04-24,2019-05-01,growth_champion_v2,-0.0145386001860279,0.6,0.4,0.15,"QCOM,MRVL,AMD,MELI",4,0.6,1.0,base cap 60%
2015-01-01,2019-04-23,2019-04-24,2019-05-01,growth_champion_v3,-0.0145386001860279,0.6,0.4,0.15,"QCOM,MRVL,AMD,MELI",4,0.6,1.0,SPY and QQQ above 200D MA
2010-01-01,2019-04-25,2019-04-26,2019-05-03,growth_champion_v3,0.0062296365045009,0.6,0.4,0.0,"QCOM,MRVL,AMD,SMCI",4,0.6,1.0,SPY and QQQ above 200D MA
2008-01-01,2019-04-25,2019-04-26,2019-05-03,growth_champion_v2,0.0062296365045009,0.6,0.4,0.0,"QCOM,MRVL,AMD,SMCI",4,0.6,1.0,base cap 60%
2008-01-01,2019-04-25,2019-04-26,2019-05-03,growth_champion_v3,0.0062296365045009,0.6,0.4,0.0,"QCOM,MRVL,AMD,SMCI",4,0.6,1.0,SPY and QQQ above 200D MA
2010-01-01,2019-04-25,2019-04-26,2019-05-03,growth_champion_v2,0.0062296365045009,0.6,0.4,0.0,"QCOM,MRVL,AMD,SMCI",4,0.6,1.0,base cap 60%
2015-01-01,2019-04-30,2019-05-01,2019-05-08,growth_champion_v2,0.0092886509280163,0.6,0.4,0.0,"QCOM,MRVL,AMD,MELI",4,0.6,1.0,base cap 60%
2015-01-01,2019-04-30,2019-05-01,2019-05-08,growth_champion_v3,0.0092886509280163,0.6,0.4,0.0,"QCOM,MRVL,AMD,MELI",4,0.6,1.0,SPY and QQQ above 200D MA
2008-01-01,2019-05-02,2019-05-03,2019-05-10,growth_champion_v2,-0.0302799953947755,0.6,0.4,0.0,"QCOM,MRVL,AMD,SMCI",4,0.6,1.0,base cap 60%
2010-01-01,2019-05-02,2019-05-03,2019-05-10,growth_champion_v2,-0.0302799953947755,0.6,0.4,0.0,"QCOM,MRVL,AMD,SMCI",4,0.6,1.0,base cap 60%
2010-01-01,2019-05-02,2019-05-03,2019-05-10,growth_champion_v3,-0.0302799953947755,0.6,0.4,0.0,"QCOM,MRVL,AMD,SMCI",4,0.6,1.0,SPY and QQQ above 200D MA
2008-01-01,2019-05-02,2019-05-03,2019-05-10,growth_champion_v3,-0.0302799953947755,0.6,0.4,0.0,"QCOM,MRVL,AMD,SMCI",4,0.6,1.0,SPY and QQQ above 200D MA
2015-01-01,2019-05-07,2019-05-08,2019-05-15,growth_champion_v2,0.0113040868796295,0.6,0.4,0.0,"QCOM,MELI,AMD,MRVL",4,0.6,1.0,base cap 60%
2015-01-01,2019-05-07,2019-05-08,2019-05-15,growth_champion_v3,0.0113040868796295,0.6,0.4,0.0,"QCOM,MELI,AMD,MRVL",4,0.6,1.0,SPY and QQQ above 200D MA
2008-01-01,2019-05-09,2019-05-10,2019-05-17,growth_champion_v2,-0.0112315071016225,0.6,0.4,0.15,"QCOM,MELI,AMD,MRVL",4,0.6,1.0,base cap 60%
2010-01-01,2019-05-09,2019-05-10,2019-05-17,growth_champion_v3,-0.0112315071016225,0.6,0.4,0.15,"QCOM,MELI,AMD,MRVL",4,0.6,1.0,SPY and QQQ above 200D MA
2010-01-01,2019-05-09,2019-05-10,2019-05-17,growth_champion_v2,-0.0112315071016225,0.6,0.4,0.15,"QCOM,MELI,AMD,MRVL",4,0.6,1.0,base cap 60%
2008-01-01,2019-05-09,2019-05-10,2019-05-17,growth_champion_v3,-0.0112315071016225,0.6,0.4,0.15,"QCOM,MELI,AMD,MRVL",4,0.6,1.0,SPY and QQQ above 200D MA
2015-01-01,2019-05-14,2019-05-15,2019-05-22,growth_champion_v3,-0.0345468480524377,0.6,0.4,0.0,"QCOM,MELI,AMD,MRVL",4,0.6,1.0,SPY and QQQ above 200D MA
2015-01-01,2019-05-14,2019-05-15,2019-05-22,growth_champion_v2,-0.0345468480524377,0.6,0.4,0.0,"QCOM,MELI,AMD,MRVL",4,0.6,1.0,base cap 60%
2010-01-01,2019-05-16,2019-05-17,2019-05-24,growth_champion_v2,-0.0338708881377803,0.6,0.4,0.0,"MELI,QCOM,AMD,MRVL",4,0.6,1.0,base cap 60%
2008-01-01,2019-05-16,2019-05-17,2019-05-24,growth_champion_v3,-0.0338708881377803,0.6,0.4,0.0,"MELI,QCOM,AMD,MRVL",4,0.6,1.0,SPY and QQQ above 200D MA
2008-01-01,2019-05-16,2019-05-17,2019-05-24,growth_champion_v2,-0.0338708881377803,0.6,0.4,0.0,"MELI,QCOM,AMD,MRVL",4,0.6,1.0,base cap 60%
2010-01-01,2019-05-16,2019-05-17,2019-05-24,growth_champion_v3,-0.0338708881377803,0.6,0.4,0.0,"MELI,QCOM,AMD,MRVL",4,0.6,1.0,SPY and QQQ above 200D MA
2015-01-01,2019-05-21,2019-05-22,2019-05-30,growth_champion_v3,-0.0028970431940651,0.6,0.4,0.0,"MELI,QCOM,AMD,MRVL",4,0.6,1.0,SPY and QQQ above 200D MA
2015-01-01,2019-05-21,2019-05-22,2019-05-30,growth_champion_v2,-0.0028970431940651,0.6,0.4,0.0,"MELI,QCOM,AMD,MRVL",4,0.6,1.0,base cap 60%
2010-01-01,2019-05-23,2019-05-24,2019-06-03,growth_champion_v2,0.0047185665963073,0.6,0.4,0.15,"MELI,TTWO,AMD,MRVL",4,0.6,1.0,base cap 60%
2010-01-01,2019-05-23,2019-05-24,2019-06-03,growth_champion_v3,0.0047185665963073,0.6,0.4,0.15,"MELI,TTWO,AMD,MRVL",4,0.6,1.0,SPY and QQQ above 200D MA
2008-01-01,2019-05-23,2019-05-24,2019-06-03,growth_champion_v2,0.0047185665963073,0.6,0.4,0.15,"MELI,TTWO,AMD,MRVL",4,0.6,1.0,base cap 60%
2008-01-01,2019-05-23,2019-05-24,2019-06-03,growth_champion_v3,0.0047185665963073,0.6,0.4,0.15,"MELI,TTWO,AMD,MRVL",4,0.6,1.0,SPY and QQQ above 200D MA
2015-01-01,2019-05-29,2019-05-30,2019-06-06,growth_champion_v2,0.0364628045572492,0.6,0.4,0.15,"MELI,TTWO,AMD,MRVL",4,0.6,1.0,base cap 60%
2015-01-01,2019-05-29,2019-05-30,2019-06-06,growth_champion_v3,0.0364628045572492,0.6,0.4,0.15,"MELI,TTWO,AMD,MRVL",4,0.6,1.0,SPY and QQQ above 200D MA
2008-01-01,2019-05-31,2019-06-03,2019-06-10,growth_champion_v3,0.0656538171465755,0.6,0.4,0.0,"MELI,TTWO,AMD,MRVL",4,0.6,1.0,SPY and QQQ above 200D MA
2010-01-01,2019-05-31,2019-06-03,2019-06-10,growth_champion_v2,0.0656538171465755,0.6,0.4,0.0,"MELI,TTWO,AMD,MRVL",4,0.6,1.0,base cap 60%
2010-01-01,2019-05-31,2019-06-03,2019-06-10,growth_champion_v3,0.0656538171465755,0.6,0.4,0.0,"MELI,TTWO,AMD,MRVL",4,0.6,1.0,SPY and QQQ above 200D MA
2008-01-01,2019-05-31,2019-06-03,2019-06-10,growth_champion_v2,0.0656538171465755,0.6,0.4,0.0,"MELI,TTWO,AMD,MRVL",4,0.6,1.0,base cap 60%
2015-01-01,2019-06-05,2019-06-06,2019-06-13,growth_champion_v3,0.0176844216819299,0.6,0.4,0.15,"GLOB,AMD,TTWO,MRVL",4,0.6,1.0,SPY and QQQ above 200D MA
2015-01-01,2019-06-05,2019-06-06,2019-06-13,growth_champion_v2,0.0176844216819299,0.6,0.4,0.15,"GLOB,AMD,TTWO,MRVL",4,0.6,1.0,base cap 60%
2010-01-01,2019-06-07,2019-06-10,2019-06-17,growth_champion_v3,-0.0279163215699877,0.6,0.4,0.15,"AMD,CPRT,TTWO,MRVL",4,0.6,1.0,SPY and QQQ above 200D MA
2008-01-01,2019-06-07,2019-06-10,2019-06-17,growth_champion_v2,-0.0279163215699877,0.6,0.4,0.15,"AMD,CPRT,TTWO,MRVL",4,0.6,1.0,base cap 60%
2010-01-01,2019-06-07,2019-06-10,2019-06-17,growth_champion_v2,-0.0279163215699877,0.6,0.4,0.15,"AMD,CPRT,TTWO,MRVL",4,0.6,1.0,base cap 60%
2008-01-01,2019-06-07,2019-06-10,2019-06-17,growth_champion_v3,-0.0279163215699877,0.6,0.4,0.15,"AMD,CPRT,TTWO,MRVL",4,0.6,1.0,SPY and QQQ above 200D MA
2015-01-01,2019-06-12,2019-06-13,2019-06-20,growth_champion_v2,-0.0030016746812686,0.6,0.4,0.0,"GLOB,AMD,TTWO,MRVL",4,0.6,1.0,base cap 60%
2015-01-01,2019-06-12,2019-06-13,2019-06-20,growth_champion_v3,-0.0030016746812686,0.6,0.4,0.0,"GLOB,AMD,TTWO,MRVL",4,0.6,1.0,SPY and QQQ above 200D MA
2010-01-01,2019-06-14,2019-06-17,2019-06-24,growth_champion_v2,0.0100295906856988,0.6,0.4,0.15,"CPRT,IDXX,AMD,TTWO",4,0.6,1.0,base cap 60%
2008-01-01,2019-06-14,2019-06-17,2019-06-24,growth_champion_v2,0.0100295906856988,0.6,0.4,0.15,"CPRT,IDXX,AMD,TTWO",4,0.6,1.0,base cap 60%
2010-01-01,2019-06-14,2019-06-17,2019-06-24,growth_champion_v3,0.0100295906856988,0.6,0.4,0.15,"CPRT,IDXX,AMD,TTWO",4,0.6,1.0,SPY and QQQ above 200D MA
2008-01-01,2019-06-14,2019-06-17,2019-06-24,growth_champion_v3,0.0100295906856988,0.6,0.4,0.15,"CPRT,IDXX,AMD,TTWO",4,0.6,1.0,SPY and QQQ above 200D MA
2015-01-01,2019-06-19,2019-06-20,2019-06-27,growth_champion_v3,-0.0145291785569208,0.6,0.4,0.15,"GLOB,DXCM,TTWO,MRVL",4,0.6,1.0,SPY and QQQ above 200D MA
2015-01-01,2019-06-19,2019-06-20,2019-06-27,growth_champion_v2,-0.0145291785569208,0.6,0.4,0.15,"GLOB,DXCM,TTWO,MRVL",4,0.6,1.0,base cap 60%
2010-01-01,2019-06-21,2019-06-24,2019-07-01,growth_champion_v2,0.0112981963933125,0.6,0.4,0.3,"DXCM,YPF,CPRT,TTWO",4,0.6,1.0,base cap 60%
2010-01-01,2019-06-21,2019-06-24,2019-07-01,growth_champion_v3,0.0112981963933125,0.6,0.4,0.3,"DXCM,YPF,CPRT,TTWO",4,0.6,1.0,SPY and QQQ above 200D MA
2008-01-01,2019-06-21,2019-06-24,2019-07-01,growth_champion_v2,0.0112981963933125,0.6,0.4,0.3,"DXCM,YPF,CPRT,TTWO",4,0.6,1.0,base cap 60%
2008-01-01,2019-06-21,2019-06-24,2019-07-01,growth_champion_v3,0.0112981963933125,0.6,0.4,0.3,"DXCM,YPF,CPRT,TTWO",4,0.6,1.0,SPY and QQQ above 200D MA
2015-01-01,2019-06-26,2019-06-27,2019-07-05,growth_champion_v3,0.016693994915117,0.6,0.4,0.15,"GLOB,QCOM,TTWO,DXCM",4,0.6,1.0,SPY and QQQ above 200D MA
2015-01-01,2019-06-26,2019-06-27,2019-07-05,growth_champion_v2,0.016693994915117,0.6,0.4,0.15,"GLOB,QCOM,TTWO,DXCM",4,0.6,1.0,base cap 60%
2008-01-01,2019-06-28,2019-07-01,2019-07-09,growth_champion_v3,-0.0060375975618609,0.6,0.4,0.15,"QCOM,DXCM,CPRT,TTWO",4,0.6,1.0,SPY and QQQ above 200D MA
2008-01-01,2019-06-28,2019-07-01,2019-07-09,growth_champion_v2,-0.0060375975618609,0.6,0.4,0.15,"QCOM,DXCM,CPRT,TTWO",4,0.6,1.0,base cap 60%
2010-01-01,2019-06-28,2019-07-01,2019-07-09,growth_champion_v3,-0.0060375975618609,0.6,0.4,0.15,"QCOM,DXCM,CPRT,TTWO",4,0.6,1.0,SPY and QQQ above 200D MA
2010-01-01,2019-06-28,2019-07-01,2019-07-09,growth_champion_v2,-0.0060375975618609,0.6,0.4,0.15,"QCOM,DXCM,CPRT,TTWO",4,0.6,1.0,base cap 60%
2015-01-01,2019-07-03,2019-07-05,2019-07-12,growth_champion_v2,0.0023562877651594,0.6,0.4,0.0,"GLOB,QCOM,TTWO,DXCM",4,0.6,1.0,base cap 60%
2015-01-01,2019-07-03,2019-07-05,2019-07-12,growth_champion_v3,0.0023562877651594,0.6,0.4,0.0,"GLOB,QCOM,TTWO,DXCM",4,0.6,1.0,SPY and QQQ above 200D MA
2010-01-01,2019-07-08,2019-07-09,2019-07-16,growth_champion_v2,0.0078573212660641,0.6,0.4,0.0,"QCOM,DXCM,CPRT,TTWO",4,0.6,1.0,base cap 60%
2008-01-01,2019-07-08,2019-07-09,2019-07-16,growth_champion_v3,0.0078573212660641,0.6,0.4,0.0,"QCOM,DXCM,CPRT,TTWO",4,0.6,1.0,SPY and QQQ above 200D MA
2010-01-01,2019-07-08,2019-07-09,2019-07-16,growth_champion_v3,0.0078573212660641,0.6,0.4,0.0,"QCOM,DXCM,CPRT,TTWO",4,0.6,1.0,SPY and QQQ above 200D MA
2008-01-01,2019-07-08,2019-07-09,2019-07-16,growth_champion_v2,0.0078573212660641,0.6,0.4,0.0,"QCOM,DXCM,CPRT,TTWO",4,0.6,1.0,base cap 60%
2015-01-01,2019-07-11,2019-07-12,2019-07-19,growth_champion_v2,-0.0012981587344739,0.6,0.4,0.0,"GLOB,QCOM,TTWO,DXCM",4,0.6,1.0,base cap 60%
2015-01-01,2019-07-11,2019-07-12,2019-07-19,growth_champion_v3,-0.0012981587344739,0.6,0.4,0.0,"GLOB,QCOM,TTWO,DXCM",4,0.6,1.0,SPY and QQQ above 200D MA
2010-01-01,2019-07-15,2019-07-16,2019-07-23,growth_champion_v2,0.0080238007707714,0.6,0.4,0.15,"DXCM,IDXX,CPRT,TTWO",4,0.6,1.0,base cap 60%
2010-01-01,2019-07-15,2019-07-16,2019-07-23,growth_champion_v3,0.0080238007707714,0.6,0.4,0.15,"DXCM,IDXX,CPRT,TTWO",4,0.6,1.0,SPY and QQQ above 200D MA
2008-01-01,2019-07-15,2019-07-16,2019-07-23,growth_champion_v2,0.0080238007707714,0.6,0.4,0.15,"DXCM,IDXX,CPRT,TTWO",4,0.6,1.0,base cap 60%
2008-01-01,2019-07-15,2019-07-16,2019-07-23,growth_champion_v3,0.0080238007707714,0.6,0.4,0.15,"DXCM,IDXX,CPRT,TTWO",4,0.6,1.0,SPY and QQQ above 200D MA
2015-01-01,2019-07-18,2019-07-19,2019-07-26,growth_champion_v3,0.0224923679478198,0.6,0.4,0.3,"IDXX,MELI,GLOB,TTWO",4,0.6,1.0,SPY and QQQ above 200D MA
2015-01-01,2019-07-18,2019-07-19,2019-07-26,growth_champion_v2,0.0224923679478198,0.6,0.4,0.3,"IDXX,MELI,GLOB,TTWO",4,0.6,1.0,base cap 60%
2008-01-01,2019-07-22,2019-07-23,2019-07-30,growth_champion_v3,0.0098072554829284,0.6,0.4,0.15,"MU,DXCM,CPRT,TTWO",4,0.6,1.0,SPY and QQQ above 200D MA
2010-01-01,2019-07-22,2019-07-23,2019-07-30,growth_champion_v3,0.0098072554829284,0.6,0.4,0.15,"MU,DXCM,CPRT,TTWO",4,0.6,1.0,SPY and QQQ above 200D MA
2008-01-01,2019-07-22,2019-07-23,2019-07-30,growth_champion_v2,0.0098072554829284,0.6,0.4,0.15,"MU,DXCM,CPRT,TTWO",4,0.6,1.0,base cap 60%
2010-01-01,2019-07-22,2019-07-23,2019-07-30,growth_champion_v2,0.0098072554829284,0.6,0.4,0.15,"MU,DXCM,CPRT,TTWO",4,0.6,1.0,base cap 60%
2015-01-01,2019-07-25,2019-07-26,2019-08-02,growth_champion_v3,-0.0211387244762478,0.6,0.4,0.15,"MELI,CSGP,GLOB,TTWO",4,0.6,1.0,SPY and QQQ above 200D MA
2015-01-01,2019-07-25,2019-07-26,2019-08-02,growth_champion_v2,-0.0211387244762478,0.6,0.4,0.15,"MELI,CSGP,GLOB,TTWO",4,0.6,1.0,base cap 60%
2008-01-01,2019-07-29,2019-07-30,2019-08-06,growth_champion_v3,-0.0143326393999839,0.6,0.4,0.3,"MELI,SBUX,CPRT,TTWO",4,0.6,1.0,SPY and QQQ above 200D MA
2010-01-01,2019-07-29,2019-07-30,2019-08-06,growth_champion_v3,-0.0143326393999839,0.6,0.4,0.3,"MELI,SBUX,CPRT,TTWO",4,0.6,1.0,SPY and QQQ above 200D MA
2010-01-01,2019-07-29,2019-07-30,2019-08-06,growth_champion_v2,-0.0143326393999839,0.6,0.4,0.3,"MELI,SBUX,CPRT,TTWO",4,0.6,1.0,base cap 60%
2008-01-01,2019-07-29,2019-07-30,2019-08-06,growth_champion_v2,-0.0143326393999839,0.6,0.4,0.3,"MELI,SBUX,CPRT,TTWO",4,0.6,1.0,base cap 60%
2015-01-01,2019-08-01,2019-08-02,2019-08-09,growth_champion_v2,0.0279236969927565,0.6,0.4,0.15,"GLOB,SBUX,TTWO,MELI",4,0.6,1.0,base cap 60%
2015-01-01,2019-08-01,2019-08-02,2019-08-09,growth_champion_v3,0.0279236969927565,0.6,0.4,0.15,"GLOB,SBUX,TTWO,MELI",4,0.6,1.0,SPY and QQQ above 200D MA
2008-01-01,2019-08-05,2019-08-06,2019-08-13,growth_champion_v3,0.0175907807538941,0.6,0.4,0.15,"SBUX,CSGP,CPRT,TTWO",4,0.6,1.0,SPY and QQQ above 200D MA
2008-01-01,2019-08-05,2019-08-06,2019-08-13,growth_champion_v2,0.0175907807538941,0.6,0.4,0.15,"SBUX,CSGP,CPRT,TTWO",4,0.6,1.0,base cap 60%
2010-01-01,2019-08-05,2019-08-06,2019-08-13,growth_champion_v2,0.0175907807538941,0.6,0.4,0.15,"SBUX,CSGP,CPRT,TTWO",4,0.6,1.0,base cap 60%
2010-01-01,2019-08-05,2019-08-06,2019-08-13,growth_champion_v3,0.0175907807538941,0.6,0.4,0.15,"SBUX,CSGP,CPRT,TTWO",4,0.6,1.0,SPY and QQQ above 200D MA
2015-01-01,2019-08-08,2019-08-09,2019-08-16,growth_champion_v3,-0.0127620258197363,0.6,0.4,0.15,"TTWO,KLAC,GLOB,SBUX",4,0.6,1.0,SPY and QQQ above 200D MA
2015-01-01,2019-08-08,2019-08-09,2019-08-16,growth_champion_v2,-0.0127620258197363,0.6,0.4,0.15,"TTWO,KLAC,GLOB,SBUX",4,0.6,1.0,base cap 60%
2008-01-01,2019-08-12,2019-08-13,2019-08-20,growth_champion_v2,0.0029466581263267,0.6,0.4,0.3,"AMGN,KLAC,CPRT,SBUX",4,0.6,1.0,base cap 60%
2010-01-01,2019-08-12,2019-08-13,2019-08-20,growth_champion_v2,0.0029466581263267,0.6,0.4,0.3,"AMGN,KLAC,CPRT,SBUX",4,0.6,1.0,base cap 60%
2008-01-01,2019-08-12,2019-08-13,2019-08-20,growth_champion_v3,0.0029466581263267,0.6,0.4,0.3,"AMGN,KLAC,CPRT,SBUX",4,0.6,1.0,SPY and QQQ above 200D MA
2010-01-01,2019-08-12,2019-08-13,2019-08-20,growth_champion_v3,0.0029466581263267,0.6,0.4,0.3,"AMGN,KLAC,CPRT,SBUX",4,0.6,1.0,SPY and QQQ above 200D MA
2015-01-01,2019-08-15,2019-08-16,2019-08-23,growth_champion_v2,0.0028894423211093,0.6,0.4,0.15,"DXCM,SBUX,GLOB,TTWO",4,0.6,1.0,base cap 60%
2015-01-01,2019-08-15,2019-08-16,2019-08-23,growth_champion_v3,0.0028894423211093,0.6,0.4,0.15,"DXCM,SBUX,GLOB,TTWO",4,0.6,1.0,SPY and QQQ above 200D MA
2008-01-01,2019-08-19,2019-08-20,2019-08-27,growth_champion_v2,0.0066063261082253,0.6,0.4,0.15,"DXCM,KLAC,CPRT,SBUX",4,0.6,1.0,base cap 60%
2010-01-01,2019-08-19,2019-08-20,2019-08-27,growth_champion_v3,0.0066063261082253,0.6,0.4,0.15,"DXCM,KLAC,CPRT,SBUX",4,0.6,1.0,SPY and QQQ above 200D MA
2008-01-01,2019-08-19,2019-08-20,2019-08-27,growth_champion_v3,0.0066063261082253,0.6,0.4,0.15,"DXCM,KLAC,CPRT,SBUX",4,0.6,1.0,SPY and QQQ above 200D MA
2010-01-01,2019-08-19,2019-08-20,2019-08-27,growth_champion_v2,0.0066063261082253,0.6,0.4,0.15,"DXCM,KLAC,CPRT,SBUX",4,0.6,1.0,base cap 60%
2015-01-01,2019-08-22,2019-08-23,2019-08-30,growth_champion_v3,0.0101077537048154,0.6,0.4,0.15,"DXCM,KLAC,GLOB,SBUX",4,0.6,1.0,SPY and QQQ above 200D MA
2015-01-01,2019-08-22,2019-08-23,2019-08-30,growth_champion_v2,0.0101077537048154,0.6,0.4,0.15,"DXCM,KLAC,GLOB,SBUX",4,0.6,1.0,base cap 60%
2008-01-01,2019-08-26,2019-08-27,2019-09-04,growth_champion_v3,0.0054618031287728,0.6,0.4,0.1499999999999999,"DXCM,KLAC,SBUX",3,0.6,1.0,SPY and QQQ above 200D MA
2008-01-01,2019-08-26,2019-08-27,2019-09-04,growth_champion_v2,0.0054618031287728,0.6,0.4,0.1499999999999999,"DXCM,KLAC,SBUX",3,0.6,1.0,base cap 60%
2010-01-01,2019-08-26,2019-08-27,2019-09-04,growth_champion_v3,0.0054618031287728,0.6,0.4,0.1499999999999999,"DXCM,KLAC,SBUX",3,0.6,1.0,SPY and QQQ above 200D MA
2010-01-01,2019-08-26,2019-08-27,2019-09-04,growth_champion_v2,0.0054618031287728,0.6,0.4,0.1499999999999999,"DXCM,KLAC,SBUX",3,0.6,1.0,base cap 60%
2015-01-01,2019-08-29,2019-08-30,2019-09-09,growth_champion_v2,-0.0320225930322629,0.6,0.4,0.1499999999999999,"DXCM,KLAC,SBUX",3,0.6,1.0,base cap 60%
2015-01-01,2019-08-29,2019-08-30,2019-09-09,growth_champion_v3,-0.0320225930322629,0.6,0.4,0.1499999999999999,"DXCM,KLAC,SBUX",3,0.6,1.0,SPY and QQQ above 200D MA
2008-01-01,2019-09-03,2019-09-04,2019-09-11,growth_champion_v3,-0.0377105554296697,0.6,0.4,0.0,"DXCM,KLAC,SBUX",3,0.6,1.0,SPY and QQQ above 200D MA
2008-01-01,2019-09-03,2019-09-04,2019-09-11,growth_champion_v2,-0.0377105554296697,0.6,0.4,0.0,"DXCM,KLAC,SBUX",3,0.6,1.0,base cap 60%
2010-01-01,2019-09-03,2019-09-04,2019-09-11,growth_champion_v2,-0.0377105554296697,0.6,0.4,0.0,"DXCM,KLAC,SBUX",3,0.6,1.0,base cap 60%
2010-01-01,2019-09-03,2019-09-04,2019-09-11,growth_champion_v3,-0.0377105554296697,0.6,0.4,0.0,"DXCM,KLAC,SBUX",3,0.6,1.0,SPY and QQQ above 200D MA
2015-01-01,2019-09-06,2019-09-09,2019-09-16,growth_champion_v2,-0.0003436916226789,0.6,0.4,0.1499999999999999,"MU,KLAC,SBUX,DXCM",4,0.6,1.0,base cap 60%
2015-01-01,2019-09-06,2019-09-09,2019-09-16,growth_champion_v3,-0.0003436916226789,0.6,0.4,0.1499999999999999,"MU,KLAC,SBUX,DXCM",4,0.6,1.0,SPY and QQQ above 200D MA
2008-01-01,2019-09-10,2019-09-11,2019-09-18,growth_champion_v2,0.0096872483496915,0.6,0.4,0.1999999999999999,"MU,KLAC,SBUX",3,0.6,1.0,base cap 60%
2010-01-01,2019-09-10,2019-09-11,2019-09-18,growth_champion_v2,0.0096872483496915,0.6,0.4,0.1999999999999999,"MU,KLAC,SBUX",3,0.6,1.0,base cap 60%
2008-01-01,2019-09-10,2019-09-11,2019-09-18,growth_champion_v3,0.0096872483496915,0.6,0.4,0.1999999999999999,"MU,KLAC,SBUX",3,0.6,1.0,SPY and QQQ above 200D MA
2010-01-01,2019-09-10,2019-09-11,2019-09-18,growth_champion_v3,0.0096872483496915,0.6,0.4,0.1999999999999999,"MU,KLAC,SBUX",3,0.6,1.0,SPY and QQQ above 200D MA
2015-01-01,2019-09-13,2019-09-16,2019-09-23,growth_champion_v3,0.0093684532201186,0.6,0.4,0.1499999999999999,"MU,KLAC,SBUX",3,0.6,1.0,SPY and QQQ above 200D MA
2015-01-01,2019-09-13,2019-09-16,2019-09-23,growth_champion_v2,0.0093684532201186,0.6,0.4,0.1499999999999999,"MU,KLAC,SBUX",3,0.6,1.0,base cap 60%
2008-01-01,2019-09-17,2019-09-18,2019-09-25,growth_champion_v3,-0.0020386511048026,0.6,0.4,0.0,"MU,KLAC,SBUX",3,0.6,1.0,SPY and QQQ above 200D MA
2010-01-01,2019-09-17,2019-09-18,2019-09-25,growth_champion_v3,-0.0020386511048026,0.6,0.4,0.0,"MU,KLAC,SBUX",3,0.6,1.0,SPY and QQQ above 200D MA
2008-01-01,2019-09-17,2019-09-18,2019-09-25,growth_champion_v2,-0.0020386511048026,0.6,0.4,0.0,"MU,KLAC,SBUX",3,0.6,1.0,base cap 60%
2010-01-01,2019-09-17,2019-09-18,2019-09-25,growth_champion_v2,-0.0020386511048026,0.6,0.4,0.0,"MU,KLAC,SBUX",3,0.6,1.0,base cap 60%
2015-01-01,2019-09-20,2019-09-23,2019-09-30,growth_champion_v2,-0.0301081514767556,0.6,0.4,0.0,"KLAC,MU,SBUX",3,0.6,1.0,base cap 60%
2015-01-01,2019-09-20,2019-09-23,2019-09-30,growth_champion_v3,-0.0301081514767556,0.6,0.4,0.0,"KLAC,MU,SBUX",3,0.6,1.0,SPY and QQQ above 200D MA
2008-01-01,2019-09-24,2019-09-25,2019-10-02,growth_champion_v2,-0.0456291399428322,0.6,0.4,0.1499999999999999,"KLAC,LRCX,SBUX,MU",4,0.6,1.0,base cap 60%
2010-01-01,2019-09-24,2019-09-25,2019-10-02,growth_champion_v3,-0.0456291399428322,0.6,0.4,0.1499999999999999,"KLAC,LRCX,SBUX,MU",4,0.6,1.0,SPY and QQQ above 200D MA
2010-01-01,2019-09-24,2019-09-25,2019-10-02,growth_champion_v2,-0.0456291399428322,0.6,0.4,0.1499999999999999,"KLAC,LRCX,SBUX,MU",4,0.6,1.0,base cap 60%
2008-01-01,2019-09-24,2019-09-25,2019-10-02,growth_champion_v3,-0.0456291399428322,0.6,0.4,0.1499999999999999,"KLAC,LRCX,SBUX,MU",4,0.6,1.0,SPY and QQQ above 200D MA
2015-01-01,2019-09-27,2019-09-30,2019-10-07,growth_champion_v2,0.0090126035940432,0.6,0.4,0.1999999999999999,"KLAC,LRCX,MU",3,0.6,1.0,base cap 60%
2015-01-01,2019-09-27,2019-09-30,2019-10-07,growth_champion_v3,0.0090126035940432,0.6,0.4,0.1999999999999999,"KLAC,LRCX,MU",3,0.6,1.0,SPY and QQQ above 200D MA
2008-01-01,2019-10-01,2019-10-02,2019-10-09,growth_champion_v2,0.0119223573478883,0.6,0.4,0.1499999999999999,"KLAC,LRCX,MU",3,0.6,1.0,base cap 60%
2010-01-01,2019-10-01,2019-10-02,2019-10-09,growth_champion_v2,0.0119223573478883,0.6,0.4,0.1499999999999999,"KLAC,LRCX,MU",3,0.6,1.0,base cap 60%
2010-01-01,2019-10-01,2019-10-02,2019-10-09,growth_champion_v3,0.0119223573478883,0.6,0.4,0.1499999999999999,"KLAC,LRCX,MU",3,0.6,1.0,SPY and QQQ above 200D MA
2008-01-01,2019-10-01,2019-10-02,2019-10-09,growth_champion_v3,0.0119223573478883,0.6,0.4,0.1499999999999999,"KLAC,LRCX,MU",3,0.6,1.0,SPY and QQQ above 200D MA
2015-01-01,2019-10-04,2019-10-07,2019-10-14,growth_champion_v2,0.0015316111243148,0.6,0.4,0.2,"KLAC,LRCX",2,0.6,1.0,base cap 60%
2015-01-01,2019-10-04,2019-10-07,2019-10-14,growth_champion_v3,0.0015316111243148,0.6,0.4,0.2,"KLAC,LRCX",2,0.6,1.0,SPY and QQQ above 200D MA
2010-01-01,2019-10-08,2019-10-09,2019-10-16,growth_champion_v3,0.0100988731738925,0.6,0.4,0.1999999999999999,"KLAC,TSM,LRCX",3,0.6,1.0,SPY and QQQ above 200D MA
2008-01-01,2019-10-08,2019-10-09,2019-10-16,growth_champion_v3,0.0100988731738925,0.6,0.4,0.1999999999999999,"KLAC,TSM,LRCX",3,0.6,1.0,SPY and QQQ above 200D MA
2008-01-01,2019-10-08,2019-10-09,2019-10-16,growth_champion_v2,0.0100988731738925,0.6,0.4,0.1999999999999999,"KLAC,TSM,LRCX",3,0.6,1.0,base cap 60%
2010-01-01,2019-10-08,2019-10-09,2019-10-16,growth_champion_v2,0.0100988731738925,0.6,0.4,0.1999999999999999,"KLAC,TSM,LRCX",3,0.6,1.0,base cap 60%
2015-01-01,2019-10-11,2019-10-14,2019-10-21,growth_champion_v2,0.0158703113096531,0.6,0.4,0.2,"FAST,KLAC,LRCX",3,0.6,1.0,base cap 60%
2015-01-01,2019-10-11,2019-10-14,2019-10-21,growth_champion_v3,0.0158703113096531,0.6,0.4,0.2,"FAST,KLAC,LRCX",3,0.6,1.0,SPY and QQQ above 200D MA
2010-01-01,2019-10-15,2019-10-16,2019-10-23,growth_champion_v3,0.0001260784466399,0.6,0.4,0.1499999999999999,"KLAC,ASML,LRCX,TSM",4,0.6,1.0,SPY and QQQ above 200D MA
2008-01-01,2019-10-15,2019-10-16,2019-10-23,growth_champion_v3,0.0001260784466399,0.6,0.4,0.1499999999999999,"KLAC,ASML,LRCX,TSM",4,0.6,1.0,SPY and QQQ above 200D MA
2010-01-01,2019-10-15,2019-10-16,2019-10-23,growth_champion_v2,0.0001260784466399,0.6,0.4,0.1499999999999999,"KLAC,ASML,LRCX,TSM",4,0.6,1.0,base cap 60%
2008-01-01,2019-10-15,2019-10-16,2019-10-23,growth_champion_v2,0.0001260784466399,0.6,0.4,0.1499999999999999,"KLAC,ASML,LRCX,TSM",4,0.6,1.0,base cap 60%
2015-01-01,2019-10-18,2019-10-21,2019-10-28,growth_champion_v3,0.0417516823963488,0.6,0.4,0.1499999999999999,"FAST,TSM,LRCX,KLAC",4,0.6,1.0,SPY and QQQ above 200D MA
2015-01-01,2019-10-18,2019-10-21,2019-10-28,growth_champion_v2,0.0417516823963488,0.6,0.4,0.1499999999999999,"FAST,TSM,LRCX,KLAC",4,0.6,1.0,base cap 60%
2010-01-01,2019-10-22,2019-10-23,2019-10-30,growth_champion_v2,0.0165816991468864,0.6,0.4,0.3,"BIIB,FAST,ASML,TSM",4,0.6,1.0,base cap 60%
2008-01-01,2019-10-22,2019-10-23,2019-10-30,growth_champion_v2,0.0165816991468864,0.6,0.4,0.3,"BIIB,FAST,ASML,TSM",4,0.6,1.0,base cap 60%
2010-01-01,2019-10-22,2019-10-23,2019-10-30,growth_champion_v3,0.0165816991468864,0.6,0.4,0.3,"BIIB,FAST,ASML,TSM",4,0.6,1.0,SPY and QQQ above 200D MA
2008-01-01,2019-10-22,2019-10-23,2019-10-30,growth_champion_v3,0.0165816991468864,0.6,0.4,0.3,"BIIB,FAST,ASML,TSM",4,0.6,1.0,SPY and QQQ above 200D MA
2015-01-01,2019-10-25,2019-10-28,2019-11-04,growth_champion_v2,-0.0006462519373076,0.6,0.4,0.15,"TSLA,LRCX,TSM,KLAC",4,0.6,1.0,base cap 60%
2015-01-01,2019-10-25,2019-10-28,2019-11-04,growth_champion_v3,-0.0006462519373076,0.6,0.4,0.15,"TSLA,LRCX,TSM,KLAC",4,0.6,1.0,SPY and QQQ above 200D MA
2010-01-01,2019-10-29,2019-10-30,2019-11-06,growth_champion_v2,0.0008478840818921,0.6,0.4,0.15,"LRCX,BIIB,ASML,TSM",4,0.6,1.0,base cap 60%
2010-01-01,2019-10-29,2019-10-30,2019-11-06,growth_champion_v3,0.0008478840818921,0.6,0.4,0.15,"LRCX,BIIB,ASML,TSM",4,0.6,1.0,SPY and QQQ above 200D MA
2008-01-01,2019-10-29,2019-10-30,2019-11-06,growth_champion_v3,0.0008478840818921,0.6,0.4,0.15,"LRCX,BIIB,ASML,TSM",4,0.6,1.0,SPY and QQQ above 200D MA
2008-01-01,2019-10-29,2019-10-30,2019-11-06,growth_champion_v2,0.0008478840818921,0.6,0.4,0.15,"LRCX,BIIB,ASML,TSM",4,0.6,1.0,base cap 60%
2015-01-01,2019-11-01,2019-11-04,2019-11-11,growth_champion_v3,0.0072182746268836,0.6,0.4,0.0,"TSLA,LRCX,TSM,KLAC",4,0.6,1.0,SPY and QQQ above 200D MA
2015-01-01,2019-11-01,2019-11-04,2019-11-11,growth_champion_v2,0.0072182746268836,0.6,0.4,0.0,"TSLA,LRCX,TSM,KLAC",4,0.6,1.0,base cap 60%
2008-01-01,2019-11-05,2019-11-06,2019-11-13,growth_champion_v3,-0.0040130338698042,0.6,0.4,0.15,"LRCX,NVDA,ASML,BIIB",4,0.6,1.0,SPY and QQQ above 200D MA
2008-01-01,2019-11-05,2019-11-06,2019-11-13,growth_champion_v2,-0.0040130338698042,0.6,0.4,0.15,"LRCX,NVDA,ASML,BIIB",4,0.6,1.0,base cap 60%
2010-01-01,2019-11-05,2019-11-06,2019-11-13,growth_champion_v2,-0.0040130338698042,0.6,0.4,0.15,"LRCX,NVDA,ASML,BIIB",4,0.6,1.0,base cap 60%
2010-01-01,2019-11-05,2019-11-06,2019-11-13,growth_champion_v3,-0.0040130338698042,0.6,0.4,0.15,"LRCX,NVDA,ASML,BIIB",4,0.6,1.0,SPY and QQQ above 200D MA
2015-01-01,2019-11-08,2019-11-11,2019-11-18,growth_champion_v2,0.0049195257028041,0.6,0.4,0.15,"TSLA,BIIB,LRCX,TSM",4,0.6,1.0,base cap 60%
2015-01-01,2019-11-08,2019-11-11,2019-11-18,growth_champion_v3,0.0049195257028041,0.6,0.4,0.15,"TSLA,BIIB,LRCX,TSM",4,0.6,1.0,SPY and QQQ above 200D MA
2010-01-01,2019-11-12,2019-11-13,2019-11-20,growth_champion_v3,0.0158285088271964,0.6,0.4,0.15,"DXCM,BIIB,LRCX,ASML",4,0.6,1.0,SPY and QQQ above 200D MA
2008-01-01,2019-11-12,2019-11-13,2019-11-20,growth_champion_v2,0.0158285088271964,0.6,0.4,0.15,"DXCM,BIIB,LRCX,ASML",4,0.6,1.0,base cap 60%
2010-01-01,2019-11-12,2019-11-13,2019-11-20,growth_champion_v2,0.0158285088271964,0.6,0.4,0.15,"DXCM,BIIB,LRCX,ASML",4,0.6,1.0,base cap 60%
2008-01-01,2019-11-12,2019-11-13,2019-11-20,growth_champion_v3,0.0158285088271964,0.6,0.4,0.15,"DXCM,BIIB,LRCX,ASML",4,0.6,1.0,SPY and QQQ above 200D MA
2015-01-01,2019-11-15,2019-11-18,2019-11-25,growth_champion_v3,-0.0015496432401753,0.6,0.4,0.0,"TSLA,LRCX,TSM,BIIB",4,0.6,1.0,SPY and QQQ above 200D MA
2015-01-01,2019-11-15,2019-11-18,2019-11-25,growth_champion_v2,-0.0015496432401753,0.6,0.4,0.0,"TSLA,LRCX,TSM,BIIB",4,0.6,1.0,base cap 60%
2010-01-01,2019-11-19,2019-11-20,2019-11-27,growth_champion_v2,-0.0018342611293164,0.6,0.4,0.15,"AMD,DXCM,LRCX,ASML",4,0.6,1.0,base cap 60%
2008-01-01,2019-11-19,2019-11-20,2019-11-27,growth_champion_v2,-0.0018342611293164,0.6,0.4,0.15,"AMD,DXCM,LRCX,ASML",4,0.6,1.0,base cap 60%
2008-01-01,2019-11-19,2019-11-20,2019-11-27,growth_champion_v3,-0.0018342611293164,0.6,0.4,0.15,"AMD,DXCM,LRCX,ASML",4,0.6,1.0,SPY and QQQ above 200D MA
2010-01-01,2019-11-19,2019-11-20,2019-11-27,growth_champion_v3,-0.0018342611293164,0.6,0.4,0.15,"AMD,DXCM,LRCX,ASML",4,0.6,1.0,SPY and QQQ above 200D MA
2015-01-01,2019-11-22,2019-11-25,2019-12-03,growth_champion_v2,-0.0069657714703068,0.6,0.4,0.3,"DXCM,FTNT,TSLA,LRCX",4,0.6,1.0,base cap 60%
2015-01-01,2019-11-22,2019-11-25,2019-12-03,growth_champion_v3,-0.0069657714703068,0.6,0.4,0.3,"DXCM,FTNT,TSLA,LRCX",4,0.6,1.0,SPY and QQQ above 200D MA
2010-01-01,2019-11-26,2019-11-27,2019-12-05,growth_champion_v3,0.0011658712124754,0.6,0.4,0.15,"DXCM,FTNT,AMD,ASML",4,0.6,1.0,SPY and QQQ above 200D MA
2010-01-01,2019-11-26,2019-11-27,2019-12-05,growth_champion_v2,0.0011658712124754,0.6,0.4,0.15,"DXCM,FTNT,AMD,ASML",4,0.6,1.0,base cap 60%
2008-01-01,2019-11-26,2019-11-27,2019-12-05,growth_champion_v3,-0.0003361208684559,0.6,0.4,0.15,"DXCM,BIIB,AMD,ASML",4,0.6,1.0,SPY and QQQ above 200D MA
2008-01-01,2019-11-26,2019-11-27,2019-12-05,growth_champion_v2,-0.0003361208684559,0.6,0.4,0.15,"DXCM,BIIB,AMD,ASML",4,0.6,1.0,base cap 60%
2015-01-01,2019-12-02,2019-12-03,2019-12-10,growth_champion_v3,0.0038259394330558,0.6,0.4,0.0,"DXCM,TSLA,LRCX,FTNT",4,0.6,1.0,SPY and QQQ above 200D MA
2015-01-01,2019-12-02,2019-12-03,2019-12-10,growth_champion_v2,0.0038259394330558,0.6,0.4,0.0,"DXCM,TSLA,LRCX,FTNT",4,0.6,1.0,base cap 60%
2008-01-01,2019-12-04,2019-12-05,2019-12-12,growth_champion_v2,0.0004877126102726,0.6,0.4,0.15,"DXCM,VRTX,AMD,ASML",4,0.6,1.0,base cap 60%
2010-01-01,2019-12-04,2019-12-05,2019-12-12,growth_champion_v3,0.0004877126102726,0.6,0.4,0.15,"DXCM,VRTX,AMD,ASML",4,0.6,1.0,SPY and QQQ above 200D MA
2008-01-01,2019-12-04,2019-12-05,2019-12-12,growth_champion_v3,0.0004877126102726,0.6,0.4,0.15,"DXCM,VRTX,AMD,ASML",4,0.6,1.0,SPY and QQQ above 200D MA
2010-01-01,2019-12-04,2019-12-05,2019-12-12,growth_champion_v2,0.0004877126102726,0.6,0.4,0.15,"DXCM,VRTX,AMD,ASML",4,0.6,1.0,base cap 60%
2015-01-01,2019-12-09,2019-12-10,2019-12-17,growth_champion_v2,0.0303070539795829,0.6,0.4,0.0,"DXCM,TSLA,LRCX,FTNT",4,0.6,1.0,base cap 60%
2015-01-01,2019-12-09,2019-12-10,2019-12-17,growth_champion_v3,0.0303070539795829,0.6,0.4,0.0,"DXCM,TSLA,LRCX,FTNT",4,0.6,1.0,SPY and QQQ above 200D MA
2008-01-01,2019-12-11,2019-12-12,2019-12-19,growth_champion_v3,0.0140353094776059,0.6,0.4,0.15,"DXCM,REGN,AMD,ASML",4,0.6,1.0,SPY and QQQ above 200D MA
2008-01-01,2019-12-11,2019-12-12,2019-12-19,growth_champion_v2,0.0140353094776059,0.6,0.4,0.15,"DXCM,REGN,AMD,ASML",4,0.6,1.0,base cap 60%
2010-01-01,2019-12-11,2019-12-12,2019-12-19,growth_champion_v2,0.0140353094776059,0.6,0.4,0.15,"DXCM,REGN,AMD,ASML",4,0.6,1.0,base cap 60%
2010-01-01,2019-12-11,2019-12-12,2019-12-19,growth_champion_v3,0.0140353094776059,0.6,0.4,0.15,"DXCM,REGN,AMD,ASML",4,0.6,1.0,SPY and QQQ above 200D MA
2015-01-01,2019-12-16,2019-12-17,2019-12-24,growth_champion_v3,0.0329076134416563,0.6,0.4,0.15,"TSLA,AMD,LRCX,DXCM",4,0.6,1.0,SPY and QQQ above 200D MA
2015-01-01,2019-12-16,2019-12-17,2019-12-24,growth_champion_v2,0.0329076134416563,0.6,0.4,0.15,"TSLA,AMD,LRCX,DXCM",4,0.6,1.0,base cap 60%
2008-01-01,2019-12-18,2019-12-19,2019-12-27,growth_champion_v2,0.0157696559809785,0.6,0.4,0.0,"AMD,DXCM,REGN,ASML",4,0.6,1.0,base cap 60%
2008-01-01,2019-12-18,2019-12-19,2019-12-27,growth_champion_v3,0.0157696559809785,0.6,0.4,0.0,"AMD,DXCM,REGN,ASML",4,0.6,1.0,SPY and QQQ above 200D MA
2010-01-01,2019-12-18,2019-12-19,2019-12-27,growth_champion_v3,0.0157696559809785,0.6,0.4,0.0,"AMD,DXCM,REGN,ASML",4,0.6,1.0,SPY and QQQ above 200D MA
2010-01-01,2019-12-18,2019-12-19,2019-12-27,growth_champion_v2,0.0157696559809785,0.6,0.4,0.0,"AMD,DXCM,REGN,ASML",4,0.6,1.0,base cap 60%
2015-01-01,2019-12-23,2019-12-24,2020-01-02,growth_champion_v3,0.013820727921669,0.6,0.4,0.0,"TSLA,AMD,DXCM,LRCX",4,0.6,1.0,SPY and QQQ above 200D MA
2015-01-01,2019-12-23,2019-12-24,2020-01-02,growth_champion_v2,0.013820727921669,0.6,0.4,0.0,"TSLA,AMD,DXCM,LRCX",4,0.6,1.0,base cap 60%
2008-01-01,2019-12-26,2019-12-27,2020-01-06,growth_champion_v2,0.0033334550264383,0.6,0.4,0.15,"AMD,YPF,REGN,DXCM",4,0.6,1.0,base cap 60%
2008-01-01,2019-12-26,2019-12-27,2020-01-06,growth_champion_v3,0.0033334550264383,0.6,0.4,0.15,"AMD,YPF,REGN,DXCM",4,0.6,1.0,SPY and QQQ above 200D MA
2010-01-01,2019-12-26,2019-12-27,2020-01-06,growth_champion_v2,0.0033334550264383,0.6,0.4,0.15,"AMD,YPF,REGN,DXCM",4,0.6,1.0,base cap 60%
2010-01-01,2019-12-26,2019-12-27,2020-01-06,growth_champion_v3,0.0033334550264383,0.6,0.4,0.15,"AMD,YPF,REGN,DXCM",4,0.6,1.0,SPY and QQQ above 200D MA
2015-01-01,2019-12-31,2020-01-02,2020-01-09,growth_champion_v3,0.0310305359717491,0.6,0.4,0.0,"TSLA,AMD,DXCM,LRCX",4,0.6,1.0,SPY and QQQ above 200D MA
2015-01-01,2019-12-31,2020-01-02,2020-01-09,growth_champion_v2,0.0310305359717491,0.6,0.4,0.0,"TSLA,AMD,DXCM,LRCX",4,0.6,1.0,base cap 60%
2008-01-01,2020-01-03,2020-01-06,2020-01-13,growth_champion_v2,0.0052090568471211,0.6,0.4,0.15,"AMD,ON,REGN,YPF",4,0.6,1.0,base cap 60%
2010-01-01,2020-01-03,2020-01-06,2020-01-13,growth_champion_v3,0.0052090568471211,0.6,0.4,0.15,"AMD,ON,REGN,YPF",4,0.6,1.0,SPY and QQQ above 200D MA
2010-01-01,2020-01-03,2020-01-06,2020-01-13,growth_champion_v2,0.0052090568471211,0.6,0.4,0.15,"AMD,ON,REGN,YPF",4,0.6,1.0,base cap 60%
2008-01-01,2020-01-03,2020-01-06,2020-01-13,growth_champion_v3,0.0052090568471211,0.6,0.4,0.15,"AMD,ON,REGN,YPF",4,0.6,1.0,SPY and QQQ above 200D MA
2015-01-01,2020-01-08,2020-01-09,2020-01-16,growth_champion_v3,0.0134604791296709,0.6,0.4,0.0,"TSLA,AMD,DXCM,LRCX",4,0.6,1.0,SPY and QQQ above 200D MA
2015-01-01,2020-01-08,2020-01-09,2020-01-16,growth_champion_v2,0.0134604791296709,0.6,0.4,0.0,"TSLA,AMD,DXCM,LRCX",4,0.6,1.0,base cap 60%
2010-01-01,2020-01-10,2020-01-13,2020-01-21,growth_champion_v3,-0.0047717603431352,0.6,0.4,0.15,"AMD,DXCM,REGN,ON",4,0.6,1.0,SPY and QQQ above 200D MA
2008-01-01,2020-01-10,2020-01-13,2020-01-21,growth_champion_v3,-0.0047717603431352,0.6,0.4,0.15,"AMD,DXCM,REGN,ON",4,0.6,1.0,SPY and QQQ above 200D MA
2010-01-01,2020-01-10,2020-01-13,2020-01-21,growth_champion_v2,-0.0047717603431352,0.6,0.4,0.15,"AMD,DXCM,REGN,ON",4,0.6,1.0,base cap 60%
2008-01-01,2020-01-10,2020-01-13,2020-01-21,growth_champion_v2,-0.0047717603431352,0.6,0.4,0.15,"AMD,DXCM,REGN,ON",4,0.6,1.0,base cap 60%
2015-01-01,2020-01-15,2020-01-16,2020-01-24,growth_champion_v3,0.0167310277762276,0.6,0.4,0.0,"TSLA,AMD,DXCM,LRCX",4,0.6,1.0,SPY and QQQ above 200D MA
2015-01-01,2020-01-15,2020-01-16,2020-01-24,growth_champion_v2,0.0167310277762276,0.6,0.4,0.0,"TSLA,AMD,DXCM,LRCX",4,0.6,1.0,base cap 60%
2010-01-01,2020-01-17,2020-01-21,2020-01-28,growth_champion_v2,-0.0063193115875612,0.6,0.4,0.15,"AMD,SMCI,REGN,DXCM",4,0.6,1.0,base cap 60%
2010-01-01,2020-01-17,2020-01-21,2020-01-28,growth_champion_v3,-0.0063193115875612,0.6,0.4,0.15,"AMD,SMCI,REGN,DXCM",4,0.6,1.0,SPY and QQQ above 200D MA
2008-01-01,2020-01-17,2020-01-21,2020-01-28,growth_champion_v3,-0.0063193115875612,0.6,0.4,0.15,"AMD,SMCI,REGN,DXCM",4,0.6,1.0,SPY and QQQ above 200D MA
2008-01-01,2020-01-17,2020-01-21,2020-01-28,growth_champion_v2,-0.0063193115875612,0.6,0.4,0.15,"AMD,SMCI,REGN,DXCM",4,0.6,1.0,base cap 60%
2015-01-01,2020-01-23,2020-01-24,2020-01-31,growth_champion_v2,0.0130829515265175,0.6,0.4,0.0,"TSLA,AMD,DXCM,LRCX",4,0.6,1.0,base cap 60%
2015-01-01,2020-01-23,2020-01-24,2020-01-31,growth_champion_v3,0.0130829515265175,0.6,0.4,0.0,"TSLA,AMD,DXCM,LRCX",4,0.6,1.0,SPY and QQQ above 200D MA
2008-01-01,2020-01-27,2020-01-28,2020-02-04,growth_champion_v3,0.0096659787261365,0.6,0.4,0.0,"DXCM,AMD,REGN,SMCI",4,0.6,1.0,SPY and QQQ above 200D MA
2008-01-01,2020-01-27,2020-01-28,2020-02-04,growth_champion_v2,0.0096659787261365,0.6,0.4,0.0,"DXCM,AMD,REGN,SMCI",4,0.6,1.0,base cap 60%
2010-01-01,2020-01-27,2020-01-28,2020-02-04,growth_champion_v3,0.0096659787261365,0.6,0.4,0.0,"DXCM,AMD,REGN,SMCI",4,0.6,1.0,SPY and QQQ above 200D MA
2010-01-01,2020-01-27,2020-01-28,2020-02-04,growth_champion_v2,0.0096659787261365,0.6,0.4,0.0,"DXCM,AMD,REGN,SMCI",4,0.6,1.0,base cap 60%
2015-01-01,2020-01-30,2020-01-31,2020-02-07,growth_champion_v2,0.0395094240785647,0.6,0.4,0.0,"TSLA,DXCM,AMD,LRCX",4,0.6,1.0,base cap 60%
2015-01-01,2020-01-30,2020-01-31,2020-02-07,growth_champion_v3,0.0395094240785647,0.6,0.4,0.0,"TSLA,DXCM,AMD,LRCX",4,0.6,1.0,SPY and QQQ above 200D MA
2008-01-01,2020-02-03,2020-02-04,2020-02-11,growth_champion_v2,0.0195504593984608,0.6,0.4,0.1499999999999999,"DXCM,SMCI,AMD",3,0.6,1.0,base cap 60%
2008-01-01,2020-02-03,2020-02-04,2020-02-11,growth_champion_v3,0.0195504593984608,0.6,0.4,0.1499999999999999,"DXCM,SMCI,AMD",3,0.6,1.0,SPY and QQQ above 200D MA
2010-01-01,2020-02-03,2020-02-04,2020-02-11,growth_champion_v3,0.0195504593984608,0.6,0.4,0.1499999999999999,"DXCM,SMCI,AMD",3,0.6,1.0,SPY and QQQ above 200D MA
2010-01-01,2020-02-03,2020-02-04,2020-02-11,growth_champion_v2,0.0195504593984608,0.6,0.4,0.1499999999999999,"DXCM,SMCI,AMD",3,0.6,1.0,base cap 60%
2015-01-01,2020-02-06,2020-02-07,2020-02-14,growth_champion_v2,0.0570899288981377,0.6,0.4,0.15,"TSLA,SMCI,AMD,DXCM",4,0.6,1.0,base cap 60%
2015-01-01,2020-02-06,2020-02-07,2020-02-14,growth_champion_v3,0.0570899288981377,0.6,0.4,0.15,"TSLA,SMCI,AMD,DXCM",4,0.6,1.0,SPY and QQQ above 200D MA
2008-01-01,2020-02-10,2020-02-11,2020-02-19,growth_champion_v3,0.0443953593140367,0.6,0.4,0.0,"AMD,SMCI,DXCM",3,0.6,1.0,SPY and QQQ above 200D MA
2010-01-01,2020-02-10,2020-02-11,2020-02-19,growth_champion_v3,0.0443953593140367,0.6,0.4,0.0,"AMD,SMCI,DXCM",3,0.6,1.0,SPY and QQQ above 200D MA
2008-01-01,2020-02-10,2020-02-11,2020-02-19,growth_champion_v2,0.0443953593140367,0.6,0.4,0.0,"AMD,SMCI,DXCM",3,0.6,1.0,base cap 60%
2010-01-01,2020-02-10,2020-02-11,2020-02-19,growth_champion_v2,0.0443953593140367,0.6,0.4,0.0,"AMD,SMCI,DXCM",3,0.6,1.0,base cap 60%
2015-01-01,2020-02-13,2020-02-14,2020-02-24,growth_champion_v3,-0.0108281855726267,0.6,0.4,0.0,"TSLA,AMD,DXCM,SMCI",4,0.6,1.0,SPY and QQQ above 200D MA
2015-01-01,2020-02-13,2020-02-14,2020-02-24,growth_champion_v2,-0.0108281855726267,0.6,0.4,0.0,"TSLA,AMD,DXCM,SMCI",4,0.6,1.0,base cap 60%
2008-01-01,2020-02-18,2020-02-19,2020-02-26,growth_champion_v3,-0.0639963494849739,0.6,0.4,0.1499999999999999,"NVDA,DXCM,AMD,SMCI",4,0.6,1.0,SPY and QQQ above 200D MA
2010-01-01,2020-02-18,2020-02-19,2020-02-26,growth_champion_v2,-0.0639963494849739,0.6,0.4,0.1499999999999999,"NVDA,DXCM,AMD,SMCI",4,0.6,1.0,base cap 60%
2008-01-01,2020-02-18,2020-02-19,2020-02-26,growth_champion_v2,-0.0639963494849739,0.6,0.4,0.1499999999999999,"NVDA,DXCM,AMD,SMCI",4,0.6,1.0,base cap 60%
2010-01-01,2020-02-18,2020-02-19,2020-02-26,growth_champion_v3,-0.0639963494849739,0.6,0.4,0.1499999999999999,"NVDA,DXCM,AMD,SMCI",4,0.6,1.0,SPY and QQQ above 200D MA
2015-01-01,2020-02-21,2020-02-24,2020-03-02,growth_champion_v3,-0.0237153503235771,0.6,0.4,0.15,"TSLA,NVDA,AMD,DXCM",4,0.6,1.0,SPY and QQQ above 200D MA
2015-01-01,2020-02-21,2020-02-24,2020-03-02,growth_champion_v2,-0.0237153503235771,0.6,0.4,0.15,"TSLA,NVDA,AMD,DXCM",4,0.6,1.0,base cap 60%
2010-01-01,2020-02-25,2020-02-26,2020-03-04,growth_champion_v3,0.0250137918920476,0.6,0.4,0.15,"REGN,DXCM,NVDA,SMCI",4,0.6,1.0,SPY and QQQ above 200D MA
2008-01-01,2020-02-25,2020-02-26,2020-03-04,growth_champion_v3,0.0250137918920476,0.6,0.4,0.15,"REGN,DXCM,NVDA,SMCI",4,0.6,1.0,SPY and QQQ above 200D MA
2008-01-01,2020-02-25,2020-02-26,2020-03-04,growth_champion_v2,0.0250137918920476,0.6,0.4,0.15,"REGN,DXCM,NVDA,SMCI",4,0.6,1.0,base cap 60%
2010-01-01,2020-02-25,2020-02-26,2020-03-04,growth_champion_v2,0.0250137918920476,0.6,0.4,0.15,"REGN,DXCM,NVDA,SMCI",4,0.6,1.0,base cap 60%
2015-01-01,2020-02-28,2020-03-02,2020-03-09,growth_champion_v2,-0.0542881335429866,0.6,0.4,0.15,"TSLA,REGN,AMD,NVDA",4,0.6,1.0,base cap 60%
2015-01-01,2020-02-28,2020-03-02,2020-03-09,growth_champion_v3,-0.0361920890286577,0.4,0.6,0.1,"TSLA,REGN,AMD,NVDA",4,0.4,0.6666666666666667,one benchmark below 200D MA
2008-01-01,2020-03-03,2020-03-04,2020-03-11,growth_champion_v3,-0.0590891783224374,0.6,0.4,0.0,"REGN,NVDA,DXCM,SMCI",4,0.6,1.0,SPY and QQQ above 200D MA
2010-01-01,2020-03-03,2020-03-04,2020-03-11,growth_champion_v3,-0.0590891783224374,0.6,0.4,0.0,"REGN,NVDA,DXCM,SMCI",4,0.6,1.0,SPY and QQQ above 200D MA
2008-01-01,2020-03-03,2020-03-04,2020-03-11,growth_champion_v2,-0.0590891783224374,0.6,0.4,0.0,"REGN,NVDA,DXCM,SMCI",4,0.6,1.0,base cap 60%
2010-01-01,2020-03-03,2020-03-04,2020-03-11,growth_champion_v2,-0.0590891783224374,0.6,0.4,0.0,"REGN,NVDA,DXCM,SMCI",4,0.6,1.0,base cap 60%
2015-01-01,2020-03-06,2020-03-09,2020-03-16,growth_champion_v2,-0.0966011416228538,0.6,0.4,0.0,"TSLA,REGN,AMD,NVDA",4,0.6,1.0,base cap 60%
2015-01-01,2020-03-06,2020-03-09,2020-03-16,growth_champion_v3,-0.0644007610819025,0.4,0.6,0.0,"TSLA,REGN,AMD,NVDA",4,0.4,0.6666666666666667,one benchmark below 200D MA
2010-01-01,2020-03-10,2020-03-11,2020-03-18,growth_champion_v2,-0.1075299537216296,0.6,0.4,0.0,"REGN,DXCM,NVDA,SMCI",4,0.6,1.0,base cap 60%
2008-01-01,2020-03-10,2020-03-11,2020-03-18,growth_champion_v2,-0.1075299537216296,0.6,0.4,0.0,"REGN,DXCM,NVDA,SMCI",4,0.6,1.0,base cap 60%
2010-01-01,2020-03-10,2020-03-11,2020-03-18,growth_champion_v3,-0.0448041473840123,0.25,0.75,0.0,"REGN,DXCM,NVDA,SMCI",4,0.25,0.4166666666666667,SPY and QQQ below 200D MA
2008-01-01,2020-03-10,2020-03-11,2020-03-18,growth_champion_v3,-0.0448041473840123,0.25,0.75,0.0,"REGN,DXCM,NVDA,SMCI",4,0.25,0.4166666666666667,SPY and QQQ below 200D MA
2015-01-01,2020-03-13,2020-03-16,2020-03-23,growth_champion_v3,0.0011690296734041,0.25,0.75,0.125,"REGN,TSLA",2,0.25,0.4166666666666667,SPY and QQQ below 200D MA
2015-01-01,2020-03-13,2020-03-16,2020-03-23,growth_champion_v2,0.00280567121617,0.6,0.4,0.3,"REGN,TSLA",2,0.6,1.0,base cap 60%
2010-01-01,2020-03-17,2020-03-18,2020-03-25,growth_champion_v2,-0.0710239637038803,0.6,0.4,0.4499999999999999,"REGN,GILD",2,0.6,1.0,base cap 60%
2008-01-01,2020-03-17,2020-03-18,2020-03-25,growth_champion_v3,-0.0295933182099501,0.25,0.75,0.1874999999999999,"REGN,GILD",2,0.25,0.4166666666666667,SPY and QQQ below 200D MA
2008-01-01,2020-03-17,2020-03-18,2020-03-25,growth_champion_v2,-0.0710239637038803,0.6,0.4,0.4499999999999999,"REGN,GILD",2,0.6,1.0,base cap 60%
2010-01-01,2020-03-17,2020-03-18,2020-03-25,growth_champion_v3,-0.0295933182099501,0.25,0.75,0.1874999999999999,"REGN,GILD",2,0.25,0.4166666666666667,SPY and QQQ below 200D MA
2015-01-01,2020-03-20,2020-03-23,2020-03-30,growth_champion_v3,0.0104808406118908,0.25,0.75,0.125,"REGN,GILD",2,0.25,0.4166666666666667,SPY and QQQ below 200D MA
2015-01-01,2020-03-20,2020-03-23,2020-03-30,growth_champion_v2,0.025154017468538,0.6,0.4,0.3,"REGN,GILD",2,0.6,1.0,base cap 60%
2010-01-01,2020-03-24,2020-03-25,2020-04-01,growth_champion_v2,0.0589512129098876,0.6,0.4,0.0,"REGN,GILD",2,0.6,1.0,base cap 60%
2008-01-01,2020-03-24,2020-03-25,2020-04-01,growth_champion_v3,0.0245630053791198,0.25,0.75,0.0,"REGN,GILD",2,0.25,0.4166666666666667,SPY and QQQ below 200D MA
2010-01-01,2020-03-24,2020-03-25,2020-04-01,growth_champion_v3,0.0245630053791198,0.25,0.75,0.0,"REGN,GILD",2,0.25,0.4166666666666667,SPY and QQQ below 200D MA
2008-01-01,2020-03-24,2020-03-25,2020-04-01,growth_champion_v2,0.0589512129098876,0.6,0.4,0.0,"REGN,GILD",2,0.6,1.0,base cap 60%
2015-01-01,2020-03-27,2020-03-30,2020-04-06,growth_champion_v3,0.011226993361228,0.25,0.75,0.0,"REGN,GILD",2,0.25,0.4166666666666667,SPY and QQQ below 200D MA
2015-01-01,2020-03-27,2020-03-30,2020-04-06,growth_champion_v2,0.0269447840669472,0.6,0.4,0.0,"REGN,GILD",2,0.6,1.0,base cap 60%
2008-01-01,2020-03-31,2020-04-01,2020-04-08,growth_champion_v2,0.0156664951471011,0.6,0.4,0.2,"REGN,DXCM,GILD",3,0.6,1.0,base cap 60%
2008-01-01,2020-03-31,2020-04-01,2020-04-08,growth_champion_v3,0.0065277063112921,0.25,0.75,0.0833333333333333,"REGN,DXCM,GILD",3,0.25,0.4166666666666667,SPY and QQQ below 200D MA
2010-01-01,2020-03-31,2020-04-01,2020-04-08,growth_champion_v3,0.0065277063112921,0.25,0.75,0.0833333333333333,"REGN,DXCM,GILD",3,0.25,0.4166666666666667,SPY and QQQ below 200D MA
2010-01-01,2020-03-31,2020-04-01,2020-04-08,growth_champion_v2,0.0156664951471011,0.6,0.4,0.2,"REGN,DXCM,GILD",3,0.6,1.0,base cap 60%
2015-01-01,2020-04-03,2020-04-06,2020-04-14,growth_champion_v2,0.0123146596903486,0.6,0.4,0.0,"REGN,GILD",2,0.6,1.0,base cap 60%
2015-01-01,2020-04-03,2020-04-06,2020-04-14,growth_champion_v3,0.0051311082043119,0.25,0.75,0.0,"REGN,GILD",2,0.25,0.4166666666666667,SPY and QQQ below 200D MA
2008-01-01,2020-04-07,2020-04-08,2020-04-16,growth_champion_v3,0.0093176018367052,0.25,0.75,0.0833333333333333,"REGN,GILD",2,0.25,0.4166666666666667,SPY and QQQ below 200D MA
2010-01-01,2020-04-07,2020-04-08,2020-04-16,growth_champion_v2,0.0223622444080925,0.6,0.4,0.2,"REGN,GILD",2,0.6,1.0,base cap 60%
2008-01-01,2020-04-07,2020-04-08,2020-04-16,growth_champion_v2,0.0223622444080925,0.6,0.4,0.2,"REGN,GILD",2,0.6,1.0,base cap 60%
2010-01-01,2020-04-07,2020-04-08,2020-04-16,growth_champion_v3,0.0093176018367052,0.25,0.75,0.0833333333333333,"REGN,GILD",2,0.25,0.4166666666666667,SPY and QQQ below 200D MA
2015-01-01,2020-04-13,2020-04-14,2020-04-21,growth_champion_v3,0.0019701563230629,0.4,0.6,0.1333333333333333,"REGN,TSLA,GILD",3,0.4,0.6666666666666667,one benchmark below 200D MA
2015-01-01,2020-04-13,2020-04-14,2020-04-21,growth_champion_v2,0.0029552344845944,0.6,0.4,0.2,"REGN,TSLA,GILD",3,0.6,1.0,base cap 60%
2008-01-01,2020-04-15,2020-04-16,2020-04-23,growth_champion_v2,0.0130037519587288,0.6,0.4,0.3,"DXCM,NFLX,REGN,GILD",4,0.6,1.0,base cap 60%
2010-01-01,2020-04-15,2020-04-16,2020-04-23,growth_champion_v2,0.0130037519587288,0.6,0.4,0.3,"DXCM,NFLX,REGN,GILD",4,0.6,1.0,base cap 60%
2008-01-01,2020-04-15,2020-04-16,2020-04-23,growth_champion_v3,0.0086691679724858,0.4,0.6,0.2,"DXCM,NFLX,REGN,GILD",4,0.4,0.6666666666666667,one benchmark below 200D MA
2010-01-01,2020-04-15,2020-04-16,2020-04-23,growth_champion_v3,0.0086691679724858,0.4,0.6,0.2,"DXCM,NFLX,REGN,GILD",4,0.4,0.6666666666666667,one benchmark below 200D MA
2015-01-01,2020-04-20,2020-04-21,2020-04-28,growth_champion_v3,0.0123549431087034,0.4,0.6,0.0,"TSLA,REGN,GILD",3,0.4,0.6666666666666667,one benchmark below 200D MA
2015-01-01,2020-04-20,2020-04-21,2020-04-28,growth_champion_v2,0.0185324146630552,0.6,0.4,0.0,"TSLA,REGN,GILD",3,0.6,1.0,base cap 60%
2008-01-01,2020-04-22,2020-04-23,2020-04-30,growth_champion_v2,0.0052028596717234,0.6,0.4,0.0,"REGN,DXCM,NFLX,GILD",4,0.6,1.0,base cap 60%
2008-01-01,2020-04-22,2020-04-23,2020-04-30,growth_champion_v3,0.0034685731144822,0.4,0.6,0.0,"REGN,DXCM,NFLX,GILD",4,0.4,0.6666666666666667,one benchmark below 200D MA
2010-01-01,2020-04-22,2020-04-23,2020-04-30,growth_champion_v2,0.0052028596717234,0.6,0.4,0.0,"REGN,DXCM,NFLX,GILD",4,0.6,1.0,base cap 60%
2010-01-01,2020-04-22,2020-04-23,2020-04-30,growth_champion_v3,0.0034685731144822,0.4,0.6,0.0,"REGN,DXCM,NFLX,GILD",4,0.4,0.6666666666666667,one benchmark below 200D MA
2015-01-01,2020-04-27,2020-04-28,2020-05-05,growth_champion_v3,0.0121810278689022,0.4,0.6,0.0,"REGN,TSLA,GILD",3,0.4,0.6666666666666667,one benchmark below 200D MA
2015-01-01,2020-04-27,2020-04-28,2020-05-05,growth_champion_v2,0.0182715418033533,0.6,0.4,0.0,"REGN,TSLA,GILD",3,0.6,1.0,base cap 60%
2008-01-01,2020-04-29,2020-04-30,2020-05-07,growth_champion_v2,0.035180957592857,0.6,0.4,0.0,"DXCM,REGN,NFLX,GILD",4,0.6,1.0,base cap 60%
2010-01-01,2020-04-29,2020-04-30,2020-05-07,growth_champion_v2,0.035180957592857,0.6,0.4,0.0,"DXCM,REGN,NFLX,GILD",4,0.6,1.0,base cap 60%
2008-01-01,2020-04-29,2020-04-30,2020-05-07,growth_champion_v3,0.0234539717285713,0.4,0.6,0.0,"DXCM,REGN,NFLX,GILD",4,0.4,0.6666666666666667,one benchmark below 200D MA
2010-01-01,2020-04-29,2020-04-30,2020-05-07,growth_champion_v3,0.0234539717285713,0.4,0.6,0.0,"DXCM,REGN,NFLX,GILD",4,0.4,0.6666666666666667,one benchmark below 200D MA
2015-01-01,2020-05-04,2020-05-05,2020-05-12,growth_champion_v3,0.01369966430737,0.4,0.6,0.0999999999999999,"DXCM,REGN,TSLA,GILD",4,0.4,0.6666666666666667,one benchmark below 200D MA
2015-01-01,2020-05-04,2020-05-05,2020-05-12,growth_champion_v2,0.0205494964610551,0.6,0.4,0.1499999999999999,"DXCM,REGN,TSLA,GILD",4,0.6,1.0,base cap 60%
2008-01-01,2020-05-06,2020-05-07,2020-05-14,growth_champion_v3,0.0023982531234088,0.4,0.6,0.0027571410686592,"DXCM,REGN,GILD,NFLX",4,0.4,0.6758571368955311,one benchmark below 200D MA
2010-01-01,2020-05-06,2020-05-07,2020-05-14,growth_champion_v2,0.0035484616385424,0.5918410536246642,0.4081589463753358,0.0040794731876678,"DXCM,REGN,GILD,NFLX",4,0.6,1.0,base cap 60%
2010-01-01,2020-05-06,2020-05-07,2020-05-14,growth_champion_v3,0.0023982531234088,0.4,0.6,0.0027571410686592,"DXCM,REGN,GILD,NFLX",4,0.4,0.6758571368955311,one benchmark below 200D MA
2008-01-01,2020-05-06,2020-05-07,2020-05-14,growth_champion_v2,0.0035484616385424,0.5918410536246642,0.4081589463753358,0.0040794731876678,"DXCM,REGN,GILD,NFLX",4,0.6,1.0,base cap 60%
2015-01-01,2020-05-11,2020-05-12,2020-05-19,growth_champion_v3,-0.0088756710315318,0.4,0.6,0.0,"DXCM,REGN,TSLA,GILD",4,0.4,0.6666666666666667,one benchmark below 200D MA
2015-01-01,2020-05-11,2020-05-12,2020-05-19,growth_champion_v2,-0.0133135065472977,0.6,0.4,0.0,"DXCM,REGN,TSLA,GILD",4,0.6,1.0,base cap 60%
2008-01-01,2020-05-13,2020-05-14,2020-05-21,growth_champion_v2,-0.0131448197683134,0.6,0.4,0.0040794731876678,"DXCM,REGN,GILD,NFLX",4,0.6,1.0,base cap 60%
2008-01-01,2020-05-13,2020-05-14,2020-05-21,growth_champion_v3,-0.0087632131788756,0.4,0.6,0.0027196487917785,"DXCM,REGN,GILD,NFLX",4,0.4,0.6666666666666667,one benchmark below 200D MA
2010-01-01,2020-05-13,2020-05-14,2020-05-21,growth_champion_v2,-0.0131448197683134,0.6,0.4,0.0040794731876678,"DXCM,REGN,GILD,NFLX",4,0.6,1.0,base cap 60%
2010-01-01,2020-05-13,2020-05-14,2020-05-21,growth_champion_v3,-0.0087632131788756,0.4,0.6,0.0027196487917785,"DXCM,REGN,GILD,NFLX",4,0.4,0.6666666666666667,one benchmark below 200D MA
2015-01-01,2020-05-18,2020-05-19,2020-05-27,growth_champion_v3,-0.0194457747912804,0.4,0.6,0.1,"DXCM,FTNT,REGN,GILD",4,0.4,0.6666666666666667,one benchmark below 200D MA
2015-01-01,2020-05-18,2020-05-19,2020-05-27,growth_champion_v2,-0.0291686621869206,0.6,0.4,0.15,"DXCM,FTNT,REGN,GILD",4,0.6,1.0,base cap 60%
2010-01-01,2020-05-20,2020-05-21,2020-05-29,growth_champion_v2,0.0104125513601041,0.6,0.4,0.15,"FTNT,DXCM,REGN,GILD",4,0.6,1.0,base cap 60%
2008-01-01,2020-05-20,2020-05-21,2020-05-29,growth_champion_v3,0.0143936109345603,0.4,0.6,0.1,"DXCM,MELI,REGN,GILD",4,0.4,0.6666666666666667,one benchmark below 200D MA
2008-01-01,2020-05-20,2020-05-21,2020-05-29,growth_champion_v2,0.0215904164018405,0.6,0.4,0.15,"DXCM,MELI,REGN,GILD",4,0.6,1.0,base cap 60%
2010-01-01,2020-05-20,2020-05-21,2020-05-29,growth_champion_v3,0.006941700906736,0.4,0.6,0.1,"FTNT,DXCM,REGN,GILD",4,0.4,0.6666666666666667,one benchmark below 200D MA
2015-01-01,2020-05-26,2020-05-27,2020-06-03,growth_champion_v2,0.0386179661489951,0.6,0.4,0.15,"MELI,FTNT,REGN,DXCM",4,0.6,1.0,base cap 60%
2015-01-01,2020-05-26,2020-05-27,2020-06-03,growth_champion_v3,0.0257453107659967,0.4,0.6,0.1,"MELI,FTNT,REGN,DXCM",4,0.4,0.6666666666666667,one benchmark below 200D MA
2008-01-01,2020-05-28,2020-05-29,2020-06-05,growth_champion_v3,-0.0103555427634024,0.6,0.4,0.15,"MELI,ILMN,REGN,DXCM",4,0.6,1.0,SPY and QQQ above 200D MA
2010-01-01,2020-05-28,2020-05-29,2020-06-05,growth_champion_v2,-0.0103555427634024,0.6,0.4,0.3,"MELI,ILMN,REGN,DXCM",4,0.6,1.0,base cap 60%
2010-01-01,2020-05-28,2020-05-29,2020-06-05,growth_champion_v3,-0.0103555427634024,0.6,0.4,0.3,"MELI,ILMN,REGN,DXCM",4,0.6,1.0,SPY and QQQ above 200D MA
2008-01-01,2020-05-28,2020-05-29,2020-06-05,growth_champion_v2,-0.0103555427634024,0.6,0.4,0.15,"MELI,ILMN,REGN,DXCM",4,0.6,1.0,base cap 60%
2015-01-01,2020-06-02,2020-06-03,2020-06-10,growth_champion_v3,0.008824347633553,0.6,0.4,0.0,"FTNT,MELI,DXCM,REGN",4,0.6,1.0,SPY and QQQ above 200D MA
2015-01-01,2020-06-02,2020-06-03,2020-06-10,growth_champion_v2,0.008824347633553,0.6,0.4,0.0,"FTNT,MELI,DXCM,REGN",4,0.6,1.0,base cap 60%
2008-01-01,2020-06-04,2020-06-05,2020-06-12,growth_champion_v2,-0.0120125156798665,0.6,0.4,0.3,"MRVL,CDNS,DXCM,REGN",4,0.6,1.0,base cap 60%
2010-01-01,2020-06-04,2020-06-05,2020-06-12,growth_champion_v2,-0.0196558673851798,0.6,0.4,0.3,"MRVL,FTNT,DXCM,REGN",4,0.6,1.0,base cap 60%
2008-01-01,2020-06-04,2020-06-05,2020-06-12,growth_champion_v3,-0.0120125156798665,0.6,0.4,0.3,"MRVL,CDNS,DXCM,REGN",4,0.6,1.0,SPY and QQQ above 200D MA
2010-01-01,2020-06-04,2020-06-05,2020-06-12,growth_champion_v3,-0.0196558673851798,0.6,0.4,0.3,"MRVL,FTNT,DXCM,REGN",4,0.6,1.0,SPY and QQQ above 200D MA
2015-01-01,2020-06-09,2020-06-10,2020-06-17,growth_champion_v2,0.0041282192553745,0.6,0.4,0.3,"FANG,MRVL,MELI,DXCM",4,0.6,1.0,base cap 60%
2015-01-01,2020-06-09,2020-06-10,2020-06-17,growth_champion_v3,0.0041282192553745,0.6,0.4,0.3,"FANG,MRVL,MELI,DXCM",4,0.6,1.0,SPY and QQQ above 200D MA
2010-01-01,2020-06-11,2020-06-12,2020-06-19,growth_champion_v3,0.0121675471888924,0.6,0.4,0.15,"MRVL,YPF,DXCM,FTNT",4,0.6,1.0,SPY and QQQ above 200D MA
2008-01-01,2020-06-11,2020-06-12,2020-06-19,growth_champion_v3,0.0089279484395781,0.6,0.4,0.15,"MRVL,YPF,CDNS,DXCM",4,0.6,1.0,SPY and QQQ above 200D MA
2008-01-01,2020-06-11,2020-06-12,2020-06-19,growth_champion_v2,0.0089279484395781,0.6,0.4,0.15,"MRVL,YPF,CDNS,DXCM",4,0.6,1.0,base cap 60%
2010-01-01,2020-06-11,2020-06-12,2020-06-19,growth_champion_v2,0.0121675471888924,0.6,0.4,0.15,"MRVL,YPF,DXCM,FTNT",4,0.6,1.0,base cap 60%
2015-01-01,2020-06-16,2020-06-17,2020-06-24,growth_champion_v3,-0.0287559748233942,0.6,0.4,0.15,"FANG,TSLA,MRVL,DXCM",4,0.6,1.0,SPY and QQQ above 200D MA
2015-01-01,2020-06-16,2020-06-17,2020-06-24,growth_champion_v2,-0.0287559748233942,0.6,0.4,0.15,"FANG,TSLA,MRVL,DXCM",4,0.6,1.0,base cap 60%
2010-01-01,2020-06-18,2020-06-19,2020-06-26,growth_champion_v2,-0.0292187604587292,0.6,0.4,0.3,"MELI,SMCI,MRVL,DXCM",4,0.6,1.0,base cap 60%
2008-01-01,2020-06-18,2020-06-19,2020-06-26,growth_champion_v2,-0.0164152934645702,0.6,0.4,0.3,"MELI,SMCI,CDNS,MRVL",4,0.6,1.0,base cap 60%
2010-01-01,2020-06-18,2020-06-19,2020-06-26,growth_champion_v3,-0.0292187604587292,0.6,0.4,0.3,"MELI,SMCI,MRVL,DXCM",4,0.6,1.0,SPY and QQQ above 200D MA
2008-01-01,2020-06-18,2020-06-19,2020-06-26,growth_champion_v3,-0.0164152934645702,0.6,0.4,0.3,"MELI,SMCI,CDNS,MRVL",4,0.6,1.0,SPY and QQQ above 200D MA
2015-01-01,2020-06-23,2020-06-24,2020-07-01,growth_champion_v3,0.034011734821857,0.6,0.4,0.15,"MELI,TSLA,MRVL,DXCM",4,0.6,1.0,SPY and QQQ above 200D MA
2015-01-01,2020-06-23,2020-06-24,2020-07-01,growth_champion_v2,0.034011734821857,0.6,0.4,0.15,"MELI,TSLA,MRVL,DXCM",4,0.6,1.0,base cap 60%
2008-01-01,2020-06-25,2020-06-26,2020-07-06,growth_champion_v3,0.0149125646065108,0.6,0.4,0.15,"MELI,ON,SMCI,CDNS",4,0.6,1.0,SPY and QQQ above 200D MA
2010-01-01,2020-06-25,2020-06-26,2020-07-06,growth_champion_v3,0.020306056768253,0.6,0.4,0.15,"MELI,ON,SMCI,MRVL",4,0.6,1.0,SPY and QQQ above 200D MA
2008-01-01,2020-06-25,2020-06-26,2020-07-06,growth_champion_v2,0.0149125646065108,0.6,0.4,0.15,"MELI,ON,SMCI,CDNS",4,0.6,1.0,base cap 60%
2010-01-01,2020-06-25,2020-06-26,2020-07-06,growth_champion_v2,0.020306056768253,0.6,0.4,0.15,"MELI,ON,SMCI,MRVL",4,0.6,1.0,base cap 60%
2015-01-01,2020-06-30,2020-07-01,2020-07-09,growth_champion_v3,0.0744504336965347,0.6,0.4,0.0,"TSLA,MELI,MRVL,DXCM",4,0.6,1.0,SPY and QQQ above 200D MA
2015-01-01,2020-06-30,2020-07-01,2020-07-09,growth_champion_v2,0.0744504336965347,0.6,0.4,0.0,"TSLA,MELI,MRVL,DXCM",4,0.6,1.0,base cap 60%
2008-01-01,2020-07-02,2020-07-06,2020-07-13,growth_champion_v2,-0.0140254135700471,0.6,0.4,0.15,"MELI,DXCM,SMCI,CDNS",4,0.6,1.0,base cap 60%
2010-01-01,2020-07-02,2020-07-06,2020-07-13,growth_champion_v2,-0.0108649093933481,0.6,0.4,0.15,"MELI,DXCM,SMCI,MRVL",4,0.6,1.0,base cap 60%
2010-01-01,2020-07-02,2020-07-06,2020-07-13,growth_champion_v3,-0.0108649093933481,0.6,0.4,0.15,"MELI,DXCM,SMCI,MRVL",4,0.6,1.0,SPY and QQQ above 200D MA
2008-01-01,2020-07-02,2020-07-06,2020-07-13,growth_champion_v3,-0.0140254135700471,0.6,0.4,0.15,"MELI,DXCM,SMCI,CDNS",4,0.6,1.0,SPY and QQQ above 200D MA
2015-01-01,2020-07-08,2020-07-09,2020-07-16,growth_champion_v2,-0.012608480613806,0.6,0.4,0.0,"TSLA,MELI,MRVL,DXCM",4,0.6,1.0,base cap 60%
2015-01-01,2020-07-08,2020-07-09,2020-07-16,growth_champion_v3,-0.012608480613806,0.6,0.4,0.0,"TSLA,MELI,MRVL,DXCM",4,0.6,1.0,SPY and QQQ above 200D MA
2008-01-01,2020-07-10,2020-07-13,2020-07-20,growth_champion_v3,0.0284137158580707,0.6,0.4,0.15,"MELI,YPF,SMCI,CDNS",4,0.6,1.0,SPY and QQQ above 200D MA
2010-01-01,2020-07-10,2020-07-13,2020-07-20,growth_champion_v2,0.0208877043583958,0.6,0.4,0.15,"MELI,YPF,SMCI,MRVL",4,0.6,1.0,base cap 60%
2008-01-01,2020-07-10,2020-07-13,2020-07-20,growth_champion_v2,0.0284137158580707,0.6,0.4,0.15,"MELI,YPF,SMCI,CDNS",4,0.6,1.0,base cap 60%
2010-01-01,2020-07-10,2020-07-13,2020-07-20,growth_champion_v3,0.0208877043583958,0.6,0.4,0.15,"MELI,YPF,SMCI,MRVL",4,0.6,1.0,SPY and QQQ above 200D MA
2015-01-01,2020-07-15,2020-07-16,2020-07-23,growth_champion_v2,0.0052137159016415,0.6,0.4,0.15,"TSLA,YPF,MRVL,DXCM",4,0.6,1.0,base cap 60%
2015-01-01,2020-07-15,2020-07-16,2020-07-23,growth_champion_v3,0.0052137159016415,0.6,0.4,0.15,"TSLA,YPF,MRVL,DXCM",4,0.6,1.0,SPY and QQQ above 200D MA
2008-01-01,2020-07-17,2020-07-20,2020-07-27,growth_champion_v3,0.0133372037235766,0.6,0.4,0.0,"YPF,MELI,SMCI,CDNS",4,0.6,1.0,SPY and QQQ above 200D MA
2010-01-01,2020-07-17,2020-07-20,2020-07-27,growth_champion_v2,0.0057787513945947,0.6,0.4,0.0,"YPF,MELI,SMCI,MRVL",4,0.6,1.0,base cap 60%
2008-01-01,2020-07-17,2020-07-20,2020-07-27,growth_champion_v2,0.0133372037235766,0.6,0.4,0.0,"YPF,MELI,SMCI,CDNS",4,0.6,1.0,base cap 60%
2010-01-01,2020-07-17,2020-07-20,2020-07-27,growth_champion_v3,0.0057787513945947,0.6,0.4,0.0,"YPF,MELI,SMCI,MRVL",4,0.6,1.0,SPY and QQQ above 200D MA
2015-01-01,2020-07-22,2020-07-23,2020-07-30,growth_champion_v2,-0.0064653251681465,0.6,0.4,0.0,"TSLA,YPF,MRVL,DXCM",4,0.6,1.0,base cap 60%
2015-01-01,2020-07-22,2020-07-23,2020-07-30,growth_champion_v3,-0.0064653251681465,0.6,0.4,0.0,"TSLA,YPF,MRVL,DXCM",4,0.6,1.0,SPY and QQQ above 200D MA
2008-01-01,2020-07-24,2020-07-27,2020-08-03,growth_champion_v2,0.0337826486999817,0.6,0.4,0.0,"YPF,MELI,SMCI,CDNS",4,0.6,1.0,base cap 60%
2008-01-01,2020-07-24,2020-07-27,2020-08-03,growth_champion_v3,0.0337826486999817,0.6,0.4,0.0,"YPF,MELI,SMCI,CDNS",4,0.6,1.0,SPY and QQQ above 200D MA
2010-01-01,2020-07-24,2020-07-27,2020-08-03,growth_champion_v2,0.0320671716466573,0.6,0.4,0.0,"YPF,MELI,SMCI,MRVL",4,0.6,1.0,base cap 60%
2010-01-01,2020-07-24,2020-07-27,2020-08-03,growth_champion_v3,0.0320671716466573,0.6,0.4,0.0,"YPF,MELI,SMCI,MRVL",4,0.6,1.0,SPY and QQQ above 200D MA
2015-01-01,2020-07-29,2020-07-30,2020-08-06,growth_champion_v3,0.0068545207643473,0.6,0.4,0.15,"TSLA,TSM,MRVL,DXCM",4,0.6,1.0,SPY and QQQ above 200D MA
2015-01-01,2020-07-29,2020-07-30,2020-08-06,growth_champion_v2,0.0068545207643473,0.6,0.4,0.15,"TSLA,TSM,MRVL,DXCM",4,0.6,1.0,base cap 60%
2008-01-01,2020-07-31,2020-08-03,2020-08-10,growth_champion_v3,-0.007275089384641,0.6,0.4,0.15,"AMD,YPF,SMCI,CDNS",4,0.6,1.0,SPY and QQQ above 200D MA
2010-01-01,2020-07-31,2020-08-03,2020-08-10,growth_champion_v2,-0.007308289260783,0.6,0.4,0.15,"AMD,YPF,SMCI,MELI",4,0.6,1.0,base cap 60%
2010-01-01,2020-07-31,2020-08-03,2020-08-10,growth_champion_v3,-0.007308289260783,0.6,0.4,0.15,"AMD,YPF,SMCI,MELI",4,0.6,1.0,SPY and QQQ above 200D MA
2008-01-01,2020-07-31,2020-08-03,2020-08-10,growth_champion_v2,-0.007275089384641,0.6,0.4,0.15,"AMD,YPF,SMCI,CDNS",4,0.6,1.0,base cap 60%
2015-01-01,2020-08-05,2020-08-06,2020-08-13,growth_champion_v3,-0.0005973866539597,0.6,0.4,0.15,"AMD,TSLA,TSM,DXCM",4,0.6,1.0,SPY and QQQ above 200D MA
2015-01-01,2020-08-05,2020-08-06,2020-08-13,growth_champion_v2,-0.0005973866539597,0.6,0.4,0.15,"AMD,TSLA,TSM,DXCM",4,0.6,1.0,base cap 60%
2010-01-01,2020-08-07,2020-08-10,2020-08-17,growth_champion_v2,-0.0125186542341262,0.6,0.4,0.15,"AMD,TSM,SMCI,MELI",4,0.6,1.0,base cap 60%
2010-01-01,2020-08-07,2020-08-10,2020-08-17,growth_champion_v3,-0.0125186542341262,0.6,0.4,0.15,"AMD,TSM,SMCI,MELI",4,0.6,1.0,SPY and QQQ above 200D MA
2008-01-01,2020-08-07,2020-08-10,2020-08-17,growth_champion_v3,-0.0404961063430023,0.6,0.4,0.15,"AMD,TSM,SMCI,YPF",4,0.6,1.0,SPY and QQQ above 200D MA
2008-01-01,2020-08-07,2020-08-10,2020-08-17,growth_champion_v2,-0.0404961063430023,0.6,0.4,0.15,"AMD,TSM,SMCI,YPF",4,0.6,1.0,base cap 60%
2015-01-01,2020-08-12,2020-08-13,2020-08-20,growth_champion_v2,0.0329186974854416,0.6,0.4,0.0,"TSLA,AMD,TSM,DXCM",4,0.6,1.0,base cap 60%
2015-01-01,2020-08-12,2020-08-13,2020-08-20,growth_champion_v3,0.0329186974854416,0.6,0.4,0.0,"TSLA,AMD,TSM,DXCM",4,0.6,1.0,SPY and QQQ above 200D MA
2010-01-01,2020-08-14,2020-08-17,2020-08-24,growth_champion_v2,0.0021190803020366,0.6,0.4,0.1499999999999999,"AMD,TSM,MELI",3,0.6,1.0,base cap 60%
2008-01-01,2020-08-14,2020-08-17,2020-08-24,growth_champion_v2,-0.0030863633978952,0.6,0.4,0.1499999999999999,"AMD,TSM,YPF",3,0.6,1.0,base cap 60%
2010-01-01,2020-08-14,2020-08-17,2020-08-24,growth_champion_v3,0.0021190803020366,0.6,0.4,0.1499999999999999,"AMD,TSM,MELI",3,0.6,1.0,SPY and QQQ above 200D MA
2008-01-01,2020-08-14,2020-08-17,2020-08-24,growth_champion_v3,-0.0030863633978952,0.6,0.4,0.1499999999999999,"AMD,TSM,YPF",3,0.6,1.0,SPY and QQQ above 200D MA
2015-01-01,2020-08-19,2020-08-20,2020-08-27,growth_champion_v2,0.0255864089842747,0.6,0.4,0.0,"TSLA,AMD,TSM,DXCM",4,0.6,1.0,base cap 60%
2015-01-01,2020-08-19,2020-08-20,2020-08-27,growth_champion_v3,0.0255864089842747,0.6,0.4,0.0,"TSLA,AMD,TSM,DXCM",4,0.6,1.0,SPY and QQQ above 200D MA
2008-01-01,2020-08-21,2020-08-24,2020-08-31,growth_champion_v2,0.024577127221532,0.6,0.4,0.1999999999999999,"AAPL,AMD,TSM",3,0.6,1.0,base cap 60%
2010-01-01,2020-08-21,2020-08-24,2020-08-31,growth_champion_v3,0.0130495816453083,0.6,0.4,0.1499999999999999,"AAPL,AMD,TSM,MELI",4,0.6,1.0,SPY and QQQ above 200D MA
2010-01-01,2020-08-21,2020-08-24,2020-08-31,growth_champion_v2,0.0130495816453083,0.6,0.4,0.1499999999999999,"AAPL,AMD,TSM,MELI",4,0.6,1.0,base cap 60%
2008-01-01,2020-08-21,2020-08-24,2020-08-31,growth_champion_v3,0.024577127221532,0.6,0.4,0.1999999999999999,"AAPL,AMD,TSM",3,0.6,1.0,SPY and QQQ above 200D MA
2015-01-01,2020-08-26,2020-08-27,2020-09-03,growth_champion_v3,-0.0197831631106708,0.6,0.4,0.15,"TSLA,AAPL,AMD,TSM",4,0.6,1.0,SPY and QQQ above 200D MA
2015-01-01,2020-08-26,2020-08-27,2020-09-03,growth_champion_v2,-0.0197831631106708,0.6,0.4,0.15,"TSLA,AAPL,AMD,TSM",4,0.6,1.0,base cap 60%
2010-01-01,2020-08-28,2020-08-31,2020-09-08,growth_champion_v3,-0.0612899879838763,0.6,0.4,0.0,"AMD,AAPL,TSM,MELI",4,0.6,1.0,SPY and QQQ above 200D MA
2008-01-01,2020-08-28,2020-08-31,2020-09-08,growth_champion_v3,-0.0567223473744756,0.6,0.4,0.0,"AMD,AAPL,TSM",3,0.6,1.0,SPY and QQQ above 200D MA
2008-01-01,2020-08-28,2020-08-31,2020-09-08,growth_champion_v2,-0.0567223473744756,0.6,0.4,0.0,"AMD,AAPL,TSM",3,0.6,1.0,base cap 60%
2010-01-01,2020-08-28,2020-08-31,2020-09-08,growth_champion_v2,-0.0612899879838763,0.6,0.4,0.0,"AMD,AAPL,TSM,MELI",4,0.6,1.0,base cap 60%
2015-01-01,2020-09-02,2020-09-03,2020-09-11,growth_champion_v3,-0.0378212936737255,0.6,0.4,0.15,"TSLA,NVDA,AAPL,TSM",4,0.6,1.0,SPY and QQQ above 200D MA
2015-01-01,2020-09-02,2020-09-03,2020-09-11,growth_champion_v2,-0.0378212936737255,0.6,0.4,0.15,"TSLA,NVDA,AAPL,TSM",4,0.6,1.0,base cap 60%
2010-01-01,2020-09-04,2020-09-08,2020-09-15,growth_champion_v3,0.0341954127715292,0.6,0.4,0.15,"AMD,NVDA,AAPL,TSM",4,0.6,1.0,SPY and QQQ above 200D MA
2010-01-01,2020-09-04,2020-09-08,2020-09-15,growth_champion_v2,0.0341954127715292,0.6,0.4,0.15,"AMD,NVDA,AAPL,TSM",4,0.6,1.0,base cap 60%
2008-01-01,2020-09-04,2020-09-08,2020-09-15,growth_champion_v2,0.0341954127715292,0.6,0.4,0.1499999999999999,"AMD,NVDA,AAPL,TSM",4,0.6,1.0,base cap 60%
2008-01-01,2020-09-04,2020-09-08,2020-09-15,growth_champion_v3,0.0341954127715292,0.6,0.4,0.1499999999999999,"AMD,NVDA,AAPL,TSM",4,0.6,1.0,SPY and QQQ above 200D MA
2015-01-01,2020-09-10,2020-09-11,2020-09-18,growth_champion_v3,0.0217323431991145,0.6,0.4,0.15,"TSLA,AMD,AAPL,TSM",4,0.6,1.0,SPY and QQQ above 200D MA
2015-01-01,2020-09-10,2020-09-11,2020-09-18,growth_champion_v2,0.0217323431991145,0.6,0.4,0.15,"TSLA,AMD,AAPL,TSM",4,0.6,1.0,base cap 60%
2008-01-01,2020-09-14,2020-09-15,2020-09-22,growth_champion_v3,-0.019915392442473,0.6,0.4,0.0,"NVDA,TSM,AAPL,AMD",4,0.6,1.0,SPY and QQQ above 200D MA
2008-01-01,2020-09-14,2020-09-15,2020-09-22,growth_champion_v2,-0.019915392442473,0.6,0.4,0.0,"NVDA,TSM,AAPL,AMD",4,0.6,1.0,base cap 60%
2010-01-01,2020-09-14,2020-09-15,2020-09-22,growth_champion_v3,-0.019915392442473,0.6,0.4,0.0,"NVDA,TSM,AAPL,AMD",4,0.6,1.0,SPY and QQQ above 200D MA
2010-01-01,2020-09-14,2020-09-15,2020-09-22,growth_champion_v2,-0.019915392442473,0.6,0.4,0.0,"NVDA,TSM,AAPL,AMD",4,0.6,1.0,base cap 60%
2015-01-01,2020-09-17,2020-09-18,2020-09-25,growth_champion_v2,-0.0207186813212586,0.6,0.4,0.15,"TSLA,MSTR,AMD,TSM",4,0.6,1.0,base cap 60%
2015-01-01,2020-09-17,2020-09-18,2020-09-25,growth_champion_v3,-0.0207186813212586,0.6,0.4,0.15,"TSLA,MSTR,AMD,TSM",4,0.6,1.0,SPY and QQQ above 200D MA
2008-01-01,2020-09-21,2020-09-22,2020-09-29,growth_champion_v3,0.0179509132216485,0.6,0.4,0.0,"AMD,TSM,AAPL,NVDA",4,0.6,1.0,SPY and QQQ above 200D MA
2008-01-01,2020-09-21,2020-09-22,2020-09-29,growth_champion_v2,0.0179509132216485,0.6,0.4,0.0,"AMD,TSM,AAPL,NVDA",4,0.6,1.0,base cap 60%
2010-01-01,2020-09-21,2020-09-22,2020-09-29,growth_champion_v3,0.0179509132216485,0.6,0.4,0.0,"AMD,TSM,AAPL,NVDA",4,0.6,1.0,SPY and QQQ above 200D MA
2010-01-01,2020-09-21,2020-09-22,2020-09-29,growth_champion_v2,0.0179509132216485,0.6,0.4,0.0,"AMD,TSM,AAPL,NVDA",4,0.6,1.0,base cap 60%
2015-01-01,2020-09-24,2020-09-25,2020-10-02,growth_champion_v3,0.0140305343900446,0.6,0.4,0.0,"TSLA,TSM,AMD,MSTR",4,0.6,1.0,SPY and QQQ above 200D MA
2015-01-01,2020-09-24,2020-09-25,2020-10-02,growth_champion_v2,0.0140305343900446,0.6,0.4,0.0,"TSLA,TSM,AMD,MSTR",4,0.6,1.0,base cap 60%
2008-01-01,2020-09-28,2020-09-29,2020-10-06,growth_champion_v2,0.0144039577294026,0.6,0.4,0.0,"AMD,TSM,AAPL,NVDA",4,0.6,1.0,base cap 60%
2010-01-01,2020-09-28,2020-09-29,2020-10-06,growth_champion_v3,0.0144039577294026,0.6,0.4,0.0,"AMD,TSM,AAPL,NVDA",4,0.6,1.0,SPY and QQQ above 200D MA
2010-01-01,2020-09-28,2020-09-29,2020-10-06,growth_champion_v2,0.0144039577294026,0.6,0.4,0.0,"AMD,TSM,AAPL,NVDA",4,0.6,1.0,base cap 60%
2008-01-01,2020-09-28,2020-09-29,2020-10-06,growth_champion_v3,0.0144039577294026,0.6,0.4,0.0,"AMD,TSM,AAPL,NVDA",4,0.6,1.0,SPY and QQQ above 200D MA
2015-01-01,2020-10-01,2020-10-02,2020-10-09,growth_champion_v3,0.0427432232451685,0.6,0.4,0.0,"TSLA,AMD,TSM,MSTR",4,0.6,1.0,SPY and QQQ above 200D MA
2015-01-01,2020-10-01,2020-10-02,2020-10-09,growth_champion_v2,0.0427432232451685,0.6,0.4,0.0,"TSLA,AMD,TSM,MSTR",4,0.6,1.0,base cap 60%
2008-01-01,2020-10-05,2020-10-06,2020-10-13,growth_champion_v3,0.0292997170266463,0.6,0.4,0.0,"AMD,TSM,AAPL,NVDA",4,0.6,1.0,SPY and QQQ above 200D MA
2010-01-01,2020-10-05,2020-10-06,2020-10-13,growth_champion_v2,0.0292997170266463,0.6,0.4,0.0,"AMD,TSM,AAPL,NVDA",4,0.6,1.0,base cap 60%
2010-01-01,2020-10-05,2020-10-06,2020-10-13,growth_champion_v3,0.0292997170266463,0.6,0.4,0.0,"AMD,TSM,AAPL,NVDA",4,0.6,1.0,SPY and QQQ above 200D MA
2008-01-01,2020-10-05,2020-10-06,2020-10-13,growth_champion_v2,0.0292997170266463,0.6,0.4,0.0,"AMD,TSM,AAPL,NVDA",4,0.6,1.0,base cap 60%
2015-01-01,2020-10-08,2020-10-09,2020-10-16,growth_champion_v2,-0.0014555826370182,0.6,0.4,0.0,"AMD,MSTR,TSLA,TSM",4,0.6,1.0,base cap 60%
2015-01-01,2020-10-08,2020-10-09,2020-10-16,growth_champion_v3,-0.0014555826370182,0.6,0.4,0.0,"AMD,MSTR,TSLA,TSM",4,0.6,1.0,SPY and QQQ above 200D MA
2008-01-01,2020-10-12,2020-10-13,2020-10-20,growth_champion_v2,-0.0105986442516109,0.6,0.4,0.15,"AMD,MSTR,AAPL,TSM",4,0.6,1.0,base cap 60%
2008-01-01,2020-10-12,2020-10-13,2020-10-20,growth_champion_v3,-0.0105986442516109,0.6,0.4,0.15,"AMD,MSTR,AAPL,TSM",4,0.6,1.0,SPY and QQQ above 200D MA
2010-01-01,2020-10-12,2020-10-13,2020-10-20,growth_champion_v2,-0.0105986442516109,0.6,0.4,0.15,"AMD,MSTR,AAPL,TSM",4,0.6,1.0,base cap 60%
2010-01-01,2020-10-12,2020-10-13,2020-10-20,growth_champion_v3,-0.0105986442516109,0.6,0.4,0.15,"AMD,MSTR,AAPL,TSM",4,0.6,1.0,SPY and QQQ above 200D MA
2015-01-01,2020-10-15,2020-10-16,2020-10-23,growth_champion_v3,-0.0060669345209871,0.6,0.4,0.15,"QCOM,TSLA,AMD,TSM",4,0.6,1.0,SPY and QQQ above 200D MA
2015-01-01,2020-10-15,2020-10-16,2020-10-23,growth_champion_v2,-0.0060669345209871,0.6,0.4,0.15,"QCOM,TSLA,AMD,TSM",4,0.6,1.0,base cap 60%
2008-01-01,2020-10-19,2020-10-20,2020-10-27,growth_champion_v3,-0.0146421784579958,0.6,0.4,0.3,"QCOM,MELI,AAPL,AMD",4,0.6,1.0,SPY and QQQ above 200D MA
2010-01-01,2020-10-19,2020-10-20,2020-10-27,growth_champion_v3,-0.0146421784579958,0.6,0.4,0.3,"QCOM,MELI,AAPL,AMD",4,0.6,1.0,SPY and QQQ above 200D MA
2010-01-01,2020-10-19,2020-10-20,2020-10-27,growth_champion_v2,-0.0146421784579958,0.6,0.4,0.3,"QCOM,MELI,AAPL,AMD",4,0.6,1.0,base cap 60%
2008-01-01,2020-10-19,2020-10-20,2020-10-27,growth_champion_v2,-0.0146421784579958,0.6,0.4,0.3,"QCOM,MELI,AAPL,AMD",4,0.6,1.0,base cap 60%
2015-01-01,2020-10-22,2020-10-23,2020-10-30,growth_champion_v3,-0.0453939731803952,0.6,0.4,0.15,"MSTR,TSLA,AMD,TSM",4,0.6,1.0,SPY and QQQ above 200D MA
2015-01-01,2020-10-22,2020-10-23,2020-10-30,growth_champion_v2,-0.0453939731803952,0.6,0.4,0.15,"MSTR,TSLA,AMD,TSM",4,0.6,1.0,base cap 60%
2008-01-01,2020-10-26,2020-10-27,2020-11-03,growth_champion_v2,-0.017413454308951,0.6,0.4,0.3,"MSTR,ON,AAPL,MELI",4,0.6,1.0,base cap 60%
2008-01-01,2020-10-26,2020-10-27,2020-11-03,growth_champion_v3,-0.017413454308951,0.6,0.4,0.3,"MSTR,ON,AAPL,MELI",4,0.6,1.0,SPY and QQQ above 200D MA
2010-01-01,2020-10-26,2020-10-27,2020-11-03,growth_champion_v3,-0.017413454308951,0.6,0.4,0.3,"MSTR,ON,AAPL,MELI",4,0.6,1.0,SPY and QQQ above 200D MA
2010-01-01,2020-10-26,2020-10-27,2020-11-03,growth_champion_v2,-0.017413454308951,0.6,0.4,0.3,"MSTR,ON,AAPL,MELI",4,0.6,1.0,base cap 60%
2015-01-01,2020-10-29,2020-10-30,2020-11-06,growth_champion_v3,0.0617873308011708,0.6,0.4,0.1499999999999999,"MSTR,TSLA,TSM",3,0.6,1.0,SPY and QQQ above 200D MA
2015-01-01,2020-10-29,2020-10-30,2020-11-06,growth_champion_v2,0.0617873308011708,0.6,0.4,0.1499999999999999,"MSTR,TSLA,TSM",3,0.6,1.0,base cap 60%
2008-01-01,2020-11-02,2020-11-03,2020-11-10,growth_champion_v3,0.0277646292659847,0.6,0.4,0.15,"MSTR,ADP,MELI,ON",4,0.6,1.0,SPY and QQQ above 200D MA
2008-01-01,2020-11-02,2020-11-03,2020-11-10,growth_champion_v2,0.0277646292659847,0.6,0.4,0.15,"MSTR,ADP,MELI,ON",4,0.6,1.0,base cap 60%
2010-01-01,2020-11-02,2020-11-03,2020-11-10,growth_champion_v2,0.0277646292659847,0.6,0.4,0.15,"MSTR,ADP,MELI,ON",4,0.6,1.0,base cap 60%
2010-01-01,2020-11-02,2020-11-03,2020-11-10,growth_champion_v3,0.0277646292659847,0.6,0.4,0.15,"MSTR,ADP,MELI,ON",4,0.6,1.0,SPY and QQQ above 200D MA
2015-01-01,2020-11-05,2020-11-06,2020-11-13,growth_champion_v2,-0.0177347089531925,0.6,0.4,0.1499999999999999,"MELI,TSLA,TSM,MSTR",4,0.6,1.0,base cap 60%
2015-01-01,2020-11-05,2020-11-06,2020-11-13,growth_champion_v3,-0.0177347089531925,0.6,0.4,0.1499999999999999,"MELI,TSLA,TSM,MSTR",4,0.6,1.0,SPY and QQQ above 200D MA
2008-01-01,2020-11-09,2020-11-10,2020-11-17,growth_champion_v2,0.0383847405688685,0.6,0.4,0.3,"MAR,QCOM,ON,MSTR",4,0.6,1.0,base cap 60%
2010-01-01,2020-11-09,2020-11-10,2020-11-17,growth_champion_v2,0.0383847405688685,0.6,0.4,0.3,"MAR,QCOM,ON,MSTR",4,0.6,1.0,base cap 60%
2008-01-01,2020-11-09,2020-11-10,2020-11-17,growth_champion_v3,0.0383847405688685,0.6,0.4,0.3,"MAR,QCOM,ON,MSTR",4,0.6,1.0,SPY and QQQ above 200D MA
2010-01-01,2020-11-09,2020-11-10,2020-11-17,growth_champion_v3,0.0383847405688685,0.6,0.4,0.3,"MAR,QCOM,ON,MSTR",4,0.6,1.0,SPY and QQQ above 200D MA
2015-01-01,2020-11-12,2020-11-13,2020-11-20,growth_champion_v3,0.0582987156307389,0.6,0.4,0.15,"MSTR,QCOM,TSLA,TSM",4,0.6,1.0,SPY and QQQ above 200D MA
2015-01-01,2020-11-12,2020-11-13,2020-11-20,growth_champion_v2,0.0582987156307389,0.6,0.4,0.15,"MSTR,QCOM,TSLA,TSM",4,0.6,1.0,base cap 60%
2008-01-01,2020-11-16,2020-11-17,2020-11-24,growth_champion_v3,0.0451917500325635,0.6,0.4,0.15,"MSTR,MU,MAR,ON",4,0.6,1.0,SPY and QQQ above 200D MA
2010-01-01,2020-11-16,2020-11-17,2020-11-24,growth_champion_v3,0.0451917500325635,0.6,0.4,0.15,"MSTR,MU,MAR,ON",4,0.6,1.0,SPY and QQQ above 200D MA
2008-01-01,2020-11-16,2020-11-17,2020-11-24,growth_champion_v2,0.0451917500325635,0.6,0.4,0.15,"MSTR,MU,MAR,ON",4,0.6,1.0,base cap 60%
2010-01-01,2020-11-16,2020-11-17,2020-11-24,growth_champion_v2,0.0451917500325635,0.6,0.4,0.15,"MSTR,MU,MAR,ON",4,0.6,1.0,base cap 60%
2015-01-01,2020-11-19,2020-11-20,2020-11-30,growth_champion_v3,0.1146110221240717,0.6,0.4,0.15,"MSTR,MU,TSLA,TSM",4,0.6,1.0,SPY and QQQ above 200D MA
2015-01-01,2020-11-19,2020-11-20,2020-11-30,growth_champion_v2,0.1146110221240717,0.6,0.4,0.15,"MSTR,MU,TSLA,TSM",4,0.6,1.0,base cap 60%
2010-01-01,2020-11-23,2020-11-24,2020-12-02,growth_champion_v2,0.0399094920813042,0.6,0.4,0.15,"MSTR,BKR,MAR,ON",4,0.6,1.0,base cap 60%
2008-01-01,2020-11-23,2020-11-24,2020-12-02,growth_champion_v2,0.0399094920813042,0.6,0.4,0.15,"MSTR,BKR,MAR,ON",4,0.6,1.0,base cap 60%
2010-01-01,2020-11-23,2020-11-24,2020-12-02,growth_champion_v3,0.0399094920813042,0.6,0.4,0.15,"MSTR,BKR,MAR,ON",4,0.6,1.0,SPY and QQQ above 200D MA
2008-01-01,2020-11-23,2020-11-24,2020-12-02,growth_champion_v3,0.0399094920813042,0.6,0.4,0.15,"MSTR,BKR,MAR,ON",4,0.6,1.0,SPY and QQQ above 200D MA
2015-01-01,2020-11-27,2020-11-30,2020-12-07,growth_champion_v2,0.0525399865265459,0.6,0.4,0.15,"MSTR,FANG,TSLA,TSM",4,0.6,1.0,base cap 60%
2015-01-01,2020-11-27,2020-11-30,2020-12-07,growth_champion_v3,0.0525399865265459,0.6,0.4,0.15,"MSTR,FANG,TSLA,TSM",4,0.6,1.0,SPY and QQQ above 200D MA
2010-01-01,2020-12-01,2020-12-02,2020-12-09,growth_champion_v2,0.0019425213449522,0.6,0.4,0.15,"MSTR,VALE,MAR,ON",4,0.6,1.0,base cap 60%
2010-01-01,2020-12-01,2020-12-02,2020-12-09,growth_champion_v3,0.0019425213449522,0.6,0.4,0.15,"MSTR,VALE,MAR,ON",4,0.6,1.0,SPY and QQQ above 200D MA
2008-01-01,2020-12-01,2020-12-02,2020-12-09,growth_champion_v2,0.0019425213449522,0.6,0.4,0.15,"MSTR,VALE,MAR,ON",4,0.6,1.0,base cap 60%
2008-01-01,2020-12-01,2020-12-02,2020-12-09,growth_champion_v3,0.0019425213449522,0.6,0.4,0.15,"MSTR,VALE,MAR,ON",4,0.6,1.0,SPY and QQQ above 200D MA
2015-01-01,2020-12-04,2020-12-07,2020-12-14,growth_champion_v3,-0.025427181350934,0.6,0.4,0.0,"MSTR,FANG,TSLA,TSM",4,0.6,1.0,SPY and QQQ above 200D MA
2015-01-01,2020-12-04,2020-12-07,2020-12-14,growth_champion_v2,-0.025427181350934,0.6,0.4,0.0,"MSTR,FANG,TSLA,TSM",4,0.6,1.0,base cap 60%
2010-01-01,2020-12-08,2020-12-09,2020-12-16,growth_champion_v3,0.0087255495564175,0.6,0.4,0.15,"MSTR,LRCX,ON,MAR",4,0.6,1.0,SPY and QQQ above 200D MA
2008-01-01,2020-12-08,2020-12-09,2020-12-16,growth_champion_v3,0.0087255495564175,0.6,0.4,0.15,"MSTR,LRCX,ON,MAR",4,0.6,1.0,SPY and QQQ above 200D MA
2010-01-01,2020-12-08,2020-12-09,2020-12-16,growth_champion_v2,0.0087255495564175,0.6,0.4,0.15,"MSTR,LRCX,ON,MAR",4,0.6,1.0,base cap 60%
2008-01-01,2020-12-08,2020-12-09,2020-12-16,growth_champion_v2,0.0087255495564175,0.6,0.4,0.15,"MSTR,LRCX,ON,MAR",4,0.6,1.0,base cap 60%
2015-01-01,2020-12-11,2020-12-14,2020-12-21,growth_champion_v3,0.0190943612704849,0.6,0.4,0.0,"MSTR,FANG,TSLA,TSM",4,0.6,1.0,SPY and QQQ above 200D MA
2015-01-01,2020-12-11,2020-12-14,2020-12-21,growth_champion_v2,0.0190943612704849,0.6,0.4,0.0,"MSTR,FANG,TSLA,TSM",4,0.6,1.0,base cap 60%
2008-01-01,2020-12-15,2020-12-16,2020-12-23,growth_champion_v2,0.0102795547273262,0.6,0.4,0.15,"MSTR,MELI,LRCX,MAR",4,0.6,1.0,base cap 60%
2010-01-01,2020-12-15,2020-12-16,2020-12-23,growth_champion_v2,0.0102795547273262,0.6,0.4,0.15,"MSTR,MELI,LRCX,MAR",4,0.6,1.0,base cap 60%
2008-01-01,2020-12-15,2020-12-16,2020-12-23,growth_champion_v3,0.0102795547273262,0.6,0.4,0.15,"MSTR,MELI,LRCX,MAR",4,0.6,1.0,SPY and QQQ above 200D MA
2010-01-01,2020-12-15,2020-12-16,2020-12-23,growth_champion_v3,0.0102795547273262,0.6,0.4,0.15,"MSTR,MELI,LRCX,MAR",4,0.6,1.0,SPY and QQQ above 200D MA
2015-01-01,2020-12-18,2020-12-21,2020-12-29,growth_champion_v2,0.0342567554881411,0.6,0.4,0.0,"MSTR,TSLA,TSM,FANG",4,0.6,1.0,base cap 60%
2015-01-01,2020-12-18,2020-12-21,2020-12-29,growth_champion_v3,0.0342567554881411,0.6,0.4,0.0,"MSTR,TSLA,TSM,FANG",4,0.6,1.0,SPY and QQQ above 200D MA
2008-01-01,2020-12-22,2020-12-23,2020-12-31,growth_champion_v3,0.0264523860865336,0.6,0.4,0.15,"MSTR,VALE,LRCX,MAR",4,0.6,1.0,SPY and QQQ above 200D MA
2010-01-01,2020-12-22,2020-12-23,2020-12-31,growth_champion_v3,0.0264523860865336,0.6,0.4,0.15,"MSTR,VALE,LRCX,MAR",4,0.6,1.0,SPY and QQQ above 200D MA
2008-01-01,2020-12-22,2020-12-23,2020-12-31,growth_champion_v2,0.0264523860865336,0.6,0.4,0.15,"MSTR,VALE,LRCX,MAR",4,0.6,1.0,base cap 60%
2010-01-01,2020-12-22,2020-12-23,2020-12-31,growth_champion_v2,0.0264523860865336,0.6,0.4,0.15,"MSTR,VALE,LRCX,MAR",4,0.6,1.0,base cap 60%
2015-01-01,2020-12-28,2020-12-29,2021-01-06,growth_champion_v2,0.1112030333585167,0.6,0.4,0.0,"MSTR,FANG,TSLA,TSM",4,0.6,1.0,base cap 60%
2015-01-01,2020-12-28,2020-12-29,2021-01-06,growth_champion_v3,0.1112030333585167,0.6,0.4,0.0,"MSTR,FANG,TSLA,TSM",4,0.6,1.0,SPY and QQQ above 200D MA
2008-01-01,2020-12-30,2020-12-31,2021-01-08,growth_champion_v2,0.0736841946890247,0.6,0.4,0.15,"MSTR,BKR,LRCX,MAR",4,0.6,1.0,base cap 60%
2008-01-01,2020-12-30,2020-12-31,2021-01-08,growth_champion_v3,0.0736841946890247,0.6,0.4,0.15,"MSTR,BKR,LRCX,MAR",4,0.6,1.0,SPY and QQQ above 200D MA
2010-01-01,2020-12-30,2020-12-31,2021-01-08,growth_champion_v3,0.0736841946890247,0.6,0.4,0.15,"MSTR,BKR,LRCX,MAR",4,0.6,1.0,SPY and QQQ above 200D MA
2010-01-01,2020-12-30,2020-12-31,2021-01-08,growth_champion_v2,0.0736841946890247,0.6,0.4,0.15,"MSTR,BKR,LRCX,MAR",4,0.6,1.0,base cap 60%
2020-01-01,2020-12-31,2021-01-04,2021-01-11,growth_champion_v2,0.1526942063523301,0.6,0.4,0.3,"KEEL,JMIA",2,0.6,1.0,base cap 60%
2020-01-01,2020-12-31,2021-01-04,2021-01-11,growth_champion_v3,0.1526942063523301,0.6,0.4,0.3,"KEEL,JMIA",2,0.6,1.0,SPY and QQQ above 200D MA
2015-01-01,2021-01-05,2021-01-06,2021-01-13,growth_champion_v3,0.0502128220893822,0.6,0.4,0.0,"MSTR,TSLA,TSM,FANG",4,0.6,1.0,SPY and QQQ above 200D MA
2015-01-01,2021-01-05,2021-01-06,2021-01-13,growth_champion_v2,0.0502128220893822,0.6,0.4,0.0,"MSTR,TSLA,TSM,FANG",4,0.6,1.0,base cap 60%
2010-01-01,2021-01-07,2021-01-08,2021-01-15,growth_champion_v3,0.0133346626984316,0.6,0.4,0.15,"MSTR,VALE,LRCX,MAR",4,0.6,1.0,SPY and QQQ above 200D MA
2008-01-01,2021-01-07,2021-01-08,2021-01-15,growth_champion_v3,0.0133346626984316,0.6,0.4,0.15,"MSTR,VALE,LRCX,MAR",4,0.6,1.0,SPY and QQQ above 200D MA
2008-01-01,2021-01-07,2021-01-08,2021-01-15,growth_champion_v2,0.0133346626984316,0.6,0.4,0.15,"MSTR,VALE,LRCX,MAR",4,0.6,1.0,base cap 60%
2010-01-01,2021-01-07,2021-01-08,2021-01-15,growth_champion_v2,0.0133346626984316,0.6,0.4,0.15,"MSTR,VALE,LRCX,MAR",4,0.6,1.0,base cap 60%
2020-01-01,2021-01-08,2021-01-11,2021-01-19,growth_champion_v3,0.1239022236427682,0.6,0.4,0.2,"KEEL,MSTR,JMIA",3,0.6,1.0,SPY and QQQ above 200D MA
2020-01-01,2021-01-08,2021-01-11,2021-01-19,growth_champion_v2,0.1239022236427682,0.6,0.4,0.2,"KEEL,MSTR,JMIA",3,0.6,1.0,base cap 60%
2015-01-01,2021-01-12,2021-01-13,2021-01-21,growth_champion_v3,0.0156234155187749,0.6,0.4,0.0,"MSTR,FANG,TSLA,TSM",4,0.6,1.0,SPY and QQQ above 200D MA
2015-01-01,2021-01-12,2021-01-13,2021-01-21,growth_champion_v2,0.0156234155187749,0.6,0.4,0.0,"MSTR,FANG,TSLA,TSM",4,0.6,1.0,base cap 60%
2010-01-01,2021-01-14,2021-01-15,2021-01-25,growth_champion_v3,0.0044632765215893,0.6,0.4,0.15,"MSTR,WBD,LRCX,MAR",4,0.6,1.0,SPY and QQQ above 200D MA
2008-01-01,2021-01-14,2021-01-15,2021-01-25,growth_champion_v3,0.0044632765215893,0.6,0.4,0.15,"MSTR,WBD,LRCX,MAR",4,0.6,1.0,SPY and QQQ above 200D MA
2010-01-01,2021-01-14,2021-01-15,2021-01-25,growth_champion_v2,0.0044632765215893,0.6,0.4,0.15,"MSTR,WBD,LRCX,MAR",4,0.6,1.0,base cap 60%
2008-01-01,2021-01-14,2021-01-15,2021-01-25,growth_champion_v2,0.0044632765215893,0.6,0.4,0.15,"MSTR,WBD,LRCX,MAR",4,0.6,1.0,base cap 60%
2020-01-01,2021-01-15,2021-01-19,2021-01-26,growth_champion_v2,-0.0318047801822051,0.6,0.4,0.0,"KEEL,MSTR,JMIA",3,0.6,1.0,base cap 60%
2020-01-01,2021-01-15,2021-01-19,2021-01-26,growth_champion_v3,-0.0318047801822051,0.6,0.4,0.0,"KEEL,MSTR,JMIA",3,0.6,1.0,SPY and QQQ above 200D MA
2015-01-01,2021-01-20,2021-01-21,2021-01-28,growth_champion_v3,0.0045224979923474,0.6,0.4,0.0,"MSTR,FANG,TSLA,TSM",4,0.6,1.0,SPY and QQQ above 200D MA
2015-01-01,2021-01-20,2021-01-21,2021-01-28,growth_champion_v2,0.0045224979923474,0.6,0.4,0.0,"MSTR,FANG,TSLA,TSM",4,0.6,1.0,base cap 60%
2008-01-01,2021-01-22,2021-01-25,2021-02-01,growth_champion_v2,0.0087107535940818,0.6,0.4,0.0,"MSTR,WBD,MAR,LRCX",4,0.6,1.0,base cap 60%
2010-01-01,2021-01-22,2021-01-25,2021-02-01,growth_champion_v3,0.0087107535940818,0.6,0.4,0.0,"MSTR,WBD,MAR,LRCX",4,0.6,1.0,SPY and QQQ above 200D MA
2010-01-01,2021-01-22,2021-01-25,2021-02-01,growth_champion_v2,0.0087107535940818,0.6,0.4,0.0,"MSTR,WBD,MAR,LRCX",4,0.6,1.0,base cap 60%
2008-01-01,2021-01-22,2021-01-25,2021-02-01,growth_champion_v3,0.0087107535940818,0.6,0.4,0.0,"MSTR,WBD,MAR,LRCX",4,0.6,1.0,SPY and QQQ above 200D MA
2020-01-01,2021-01-25,2021-01-26,2021-02-02,growth_champion_v2,0.1356202617309229,0.6,0.4,0.0,"KEEL,MSTR,JMIA",3,0.6,1.0,base cap 60%
2020-01-01,2021-01-25,2021-01-26,2021-02-02,growth_champion_v3,0.1356202617309229,0.6,0.4,0.0,"KEEL,MSTR,JMIA",3,0.6,1.0,SPY and QQQ above 200D MA
2015-01-01,2021-01-27,2021-01-28,2021-02-04,growth_champion_v3,0.0542609085365168,0.6,0.4,0.15,"MSTR,WBD,TSLA,TSM",4,0.6,1.0,SPY and QQQ above 200D MA
2015-01-01,2021-01-27,2021-01-28,2021-02-04,growth_champion_v2,0.0542609085365168,0.6,0.4,0.15,"MSTR,WBD,TSLA,TSM",4,0.6,1.0,base cap 60%
2008-01-01,2021-01-29,2021-02-01,2021-02-08,growth_champion_v2,0.1239178901819779,0.6,0.4,0.0,"MSTR,WBD,MAR,LRCX",4,0.6,1.0,base cap 60%
2010-01-01,2021-01-29,2021-02-01,2021-02-08,growth_champion_v2,0.1239178901819779,0.6,0.4,0.0,"MSTR,WBD,MAR,LRCX",4,0.6,1.0,base cap 60%
2010-01-01,2021-01-29,2021-02-01,2021-02-08,growth_champion_v3,0.1239178901819779,0.6,0.4,0.0,"MSTR,WBD,MAR,LRCX",4,0.6,1.0,SPY and QQQ above 200D MA
2008-01-01,2021-01-29,2021-02-01,2021-02-08,growth_champion_v3,0.1239178901819779,0.6,0.4,0.0,"MSTR,WBD,MAR,LRCX",4,0.6,1.0,SPY and QQQ above 200D MA
2020-01-01,2021-02-01,2021-02-02,2021-02-09,growth_champion_v3,0.1785381573062907,0.4499999999999999,0.55,0.0749999999999999,"KEEL,MSTR,JMIA",3,0.6,1.0,SPY and QQQ above 200D MA
2020-01-01,2021-02-01,2021-02-02,2021-02-09,growth_champion_v2,0.1785381573062907,0.4499999999999999,0.55,0.0749999999999999,"KEEL,MSTR,JMIA",3,0.6,1.0,base cap 60%
2015-01-01,2021-02-03,2021-02-04,2021-02-11,growth_champion_v2,0.0628658175883226,0.6,0.4,0.15,"MSTR,FANG,TSLA,WBD",4,0.6,1.0,base cap 60%
2015-01-01,2021-02-03,2021-02-04,2021-02-11,growth_champion_v3,0.0628658175883226,0.6,0.4,0.15,"MSTR,FANG,TSLA,WBD",4,0.6,1.0,SPY and QQQ above 200D MA
2008-01-01,2021-02-05,2021-02-08,2021-02-16,growth_champion_v3,0.019963713349772,0.6,0.4,0.0,"MSTR,WBD,MAR,LRCX",4,0.6,1.0,SPY and QQQ above 200D MA
2010-01-01,2021-02-05,2021-02-08,2021-02-16,growth_champion_v3,0.019963713349772,0.6,0.4,0.0,"MSTR,WBD,MAR,LRCX",4,0.6,1.0,SPY and QQQ above 200D MA
2008-01-01,2021-02-05,2021-02-08,2021-02-16,growth_champion_v2,0.019963713349772,0.6,0.4,0.0,"MSTR,WBD,MAR,LRCX",4,0.6,1.0,base cap 60%
2010-01-01,2021-02-05,2021-02-08,2021-02-16,growth_champion_v2,0.019963713349772,0.6,0.4,0.0,"MSTR,WBD,MAR,LRCX",4,0.6,1.0,base cap 60%
2020-01-01,2021-02-08,2021-02-09,2021-02-17,growth_champion_v2,-0.0079610719524503,0.4116573057388384,0.5883426942611616,0.0191713471305807,"KEEL,MSTR,JMIA",3,0.6,1.0,base cap 60%
2020-01-01,2021-02-08,2021-02-09,2021-02-17,growth_champion_v3,-0.0079610719524503,0.4116573057388384,0.5883426942611616,0.0191713471305807,"KEEL,MSTR,JMIA",3,0.6,1.0,SPY and QQQ above 200D MA
2015-01-01,2021-02-10,2021-02-11,2021-02-19,growth_champion_v2,-8.912239917707558e-05,0.6,0.4,0.0,"MSTR,WBD,TSLA,FANG",4,0.6,1.0,base cap 60%
2015-01-01,2021-02-10,2021-02-11,2021-02-19,growth_champion_v3,-8.912239917707558e-05,0.6,0.4,0.0,"MSTR,WBD,TSLA,FANG",4,0.6,1.0,SPY and QQQ above 200D MA
2008-01-01,2021-02-12,2021-02-16,2021-02-23,growth_champion_v2,-0.0090473049743805,0.6,0.4,0.0,"MSTR,WBD,MAR,LRCX",4,0.6,1.0,base cap 60%
2010-01-01,2021-02-12,2021-02-16,2021-02-23,growth_champion_v3,-0.0090473049743805,0.6,0.4,0.0,"MSTR,WBD,MAR,LRCX",4,0.6,1.0,SPY and QQQ above 200D MA
2008-01-01,2021-02-12,2021-02-16,2021-02-23,growth_champion_v3,-0.0090473049743805,0.6,0.4,0.0,"MSTR,WBD,MAR,LRCX",4,0.6,1.0,SPY and QQQ above 200D MA
2010-01-01,2021-02-12,2021-02-16,2021-02-23,growth_champion_v2,-0.0090473049743805,0.6,0.4,0.0,"MSTR,WBD,MAR,LRCX",4,0.6,1.0,base cap 60%
2020-01-01,2021-02-16,2021-02-17,2021-02-24,growth_champion_v2,-0.0170594564465133,0.4,0.6,0.0058286528694192,"KEEL,MSTR,JMIA",3,0.6,1.0,base cap 60%
2020-01-01,2021-02-16,2021-02-17,2021-02-24,growth_champion_v3,-0.0170594564465133,0.4,0.6,0.0058286528694192,"KEEL,MSTR,JMIA",3,0.6,1.0,SPY and QQQ above 200D MA
2015-01-01,2021-02-18,2021-02-19,2021-02-26,growth_champion_v3,-0.0384107665047166,0.6,0.4,0.0,"MSTR,WBD,TSLA,FANG",4,0.6,1.0,SPY and QQQ above 200D MA
2015-01-01,2021-02-18,2021-02-19,2021-02-26,growth_champion_v2,-0.0384107665047166,0.6,0.4,0.0,"MSTR,WBD,TSLA,FANG",4,0.6,1.0,base cap 60%
2010-01-01,2021-02-22,2021-02-23,2021-03-02,growth_champion_v3,0.0324999618478703,0.6,0.4,0.0,"MSTR,WBD,MAR,LRCX",4,0.6,1.0,SPY and QQQ above 200D MA
2008-01-01,2021-02-22,2021-02-23,2021-03-02,growth_champion_v3,0.0324999618478703,0.6,0.4,0.0,"MSTR,WBD,MAR,LRCX",4,0.6,1.0,SPY and QQQ above 200D MA
2010-01-01,2021-02-22,2021-02-23,2021-03-02,growth_champion_v2,0.0324999618478703,0.6,0.4,0.0,"MSTR,WBD,MAR,LRCX",4,0.6,1.0,base cap 60%
2008-01-01,2021-02-22,2021-02-23,2021-03-02,growth_champion_v2,0.0324999618478703,0.6,0.4,0.0,"MSTR,WBD,MAR,LRCX",4,0.6,1.0,base cap 60%
2020-01-01,2021-02-23,2021-02-24,2021-03-03,growth_champion_v2,-0.0358612354053503,0.4,0.6,0.0,"KEEL,MSTR,JMIA",3,0.6,1.0,base cap 60%
2020-01-01,2021-02-23,2021-02-24,2021-03-03,growth_champion_v3,-0.0358612354053503,0.4,0.6,0.0,"KEEL,MSTR,JMIA",3,0.6,1.0,SPY and QQQ above 200D MA
2015-01-01,2021-02-25,2021-02-26,2021-03-05,growth_champion_v2,0.0241626171458109,0.6,0.4,0.0,"MSTR,WBD,TSLA,FANG",4,0.6,1.0,base cap 60%
2015-01-01,2021-02-25,2021-02-26,2021-03-05,growth_champion_v3,0.0241626171458109,0.6,0.4,0.0,"MSTR,WBD,TSLA,FANG",4,0.6,1.0,SPY and QQQ above 200D MA
2010-01-01,2021-03-01,2021-03-02,2021-03-09,growth_champion_v2,-0.006742069583529,0.6,0.4,0.0,"MSTR,WBD,MAR,LRCX",4,0.6,1.0,base cap 60%
2010-01-01,2021-03-01,2021-03-02,2021-03-09,growth_champion_v3,-0.006742069583529,0.6,0.4,0.0,"MSTR,WBD,MAR,LRCX",4,0.6,1.0,SPY and QQQ above 200D MA
2008-01-01,2021-03-01,2021-03-02,2021-03-09,growth_champion_v2,-0.006742069583529,0.6,0.4,0.0,"MSTR,WBD,MAR,LRCX",4,0.6,1.0,base cap 60%
2008-01-01,2021-03-01,2021-03-02,2021-03-09,growth_champion_v3,-0.006742069583529,0.6,0.4,0.0,"MSTR,WBD,MAR,LRCX",4,0.6,1.0,SPY and QQQ above 200D MA
2020-01-01,2021-03-02,2021-03-03,2021-03-10,growth_champion_v3,-0.0041862112089834,0.4,0.6,0.0,"KEEL,MSTR,JMIA",3,0.6,1.0,SPY and QQQ above 200D MA
2020-01-01,2021-03-02,2021-03-03,2021-03-10,growth_champion_v2,-0.0041862112089834,0.4,0.6,0.0,"KEEL,MSTR,JMIA",3,0.6,1.0,base cap 60%
2015-01-01,2021-03-04,2021-03-05,2021-03-12,growth_champion_v2,0.0664820205200821,0.6,0.4,0.1499999999999999,"WBD,FANG,MSTR",3,0.6,1.0,base cap 60%
2015-01-01,2021-03-04,2021-03-05,2021-03-12,growth_champion_v3,0.0664820205200821,0.6,0.4,0.1499999999999999,"WBD,FANG,MSTR",3,0.6,1.0,SPY and QQQ above 200D MA
2008-01-01,2021-03-08,2021-03-09,2021-03-16,growth_champion_v2,0.0478856917218386,0.6,0.4,0.1499999999999999,"WBD,MSTR,MAR",3,0.6,1.0,base cap 60%
2010-01-01,2021-03-08,2021-03-09,2021-03-16,growth_champion_v3,0.0478856917218386,0.6,0.4,0.1499999999999999,"WBD,MSTR,MAR",3,0.6,1.0,SPY and QQQ above 200D MA
2010-01-01,2021-03-08,2021-03-09,2021-03-16,growth_champion_v2,0.0478856917218386,0.6,0.4,0.1499999999999999,"WBD,MSTR,MAR",3,0.6,1.0,base cap 60%
2008-01-01,2021-03-08,2021-03-09,2021-03-16,growth_champion_v3,0.0478856917218386,0.6,0.4,0.1499999999999999,"WBD,MSTR,MAR",3,0.6,1.0,SPY and QQQ above 200D MA
2020-01-01,2021-03-09,2021-03-10,2021-03-17,growth_champion_v3,0.0386836224956699,0.4,0.6,0.0999999999999999,"KEEL,WBD,JMIA,MSTR",4,0.6,1.0,SPY and QQQ above 200D MA
2020-01-01,2021-03-09,2021-03-10,2021-03-17,growth_champion_v2,0.0386836224956699,0.4,0.6,0.0999999999999999,"KEEL,WBD,JMIA,MSTR",4,0.6,1.0,base cap 60%
2015-01-01,2021-03-11,2021-03-12,2021-03-19,growth_champion_v3,0.0004602155853587,0.6,0.4,0.0,"MSTR,WBD,FANG",3,0.6,1.0,SPY and QQQ above 200D MA
2015-01-01,2021-03-11,2021-03-12,2021-03-19,growth_champion_v2,0.0004602155853587,0.6,0.4,0.0,"MSTR,WBD,FANG",3,0.6,1.0,base cap 60%
2008-01-01,2021-03-15,2021-03-16,2021-03-23,growth_champion_v3,-0.0347968447061176,0.6,0.4,0.0,"WBD,MSTR,MAR",3,0.6,1.0,SPY and QQQ above 200D MA
2010-01-01,2021-03-15,2021-03-16,2021-03-23,growth_champion_v2,-0.0347968447061176,0.6,0.4,0.0,"WBD,MSTR,MAR",3,0.6,1.0,base cap 60%
2010-01-01,2021-03-15,2021-03-16,2021-03-23,growth_champion_v3,-0.0347968447061176,0.6,0.4,0.0,"WBD,MSTR,MAR",3,0.6,1.0,SPY and QQQ above 200D MA
2008-01-01,2021-03-15,2021-03-16,2021-03-23,growth_champion_v2,-0.0347968447061176,0.6,0.4,0.0,"WBD,MSTR,MAR",3,0.6,1.0,base cap 60%
2020-01-01,2021-03-16,2021-03-17,2021-03-24,growth_champion_v2,-0.0675753651832602,0.4,0.6,0.0,"KEEL,WBD,JMIA,MSTR",4,0.6,1.0,base cap 60%
2020-01-01,2021-03-16,2021-03-17,2021-03-24,growth_champion_v3,-0.0675753651832602,0.4,0.6,0.0,"KEEL,WBD,JMIA,MSTR",4,0.6,1.0,SPY and QQQ above 200D MA
2015-01-01,2021-03-18,2021-03-19,2021-03-26,growth_champion_v2,-0.1309923766471066,0.6,0.4,0.0,"WBD,MSTR,FANG",3,0.6,1.0,base cap 60%
2015-01-01,2021-03-18,2021-03-19,2021-03-26,growth_champion_v3,-0.1309923766471066,0.6,0.4,0.0,"WBD,MSTR,FANG",3,0.6,1.0,SPY and QQQ above 200D MA
2010-01-01,2021-03-22,2021-03-23,2021-03-30,growth_champion_v2,-0.0774961562930273,0.6,0.4,0.0,"WBD,MSTR,MAR",3,0.6,1.0,base cap 60%
2010-01-01,2021-03-22,2021-03-23,2021-03-30,growth_champion_v3,-0.0774961562930273,0.6,0.4,0.0,"WBD,MSTR,MAR",3,0.6,1.0,SPY and QQQ above 200D MA
2008-01-01,2021-03-22,2021-03-23,2021-03-30,growth_champion_v3,-0.0774961562930273,0.6,0.4,0.0,"WBD,MSTR,MAR",3,0.6,1.0,SPY and QQQ above 200D MA
2008-01-01,2021-03-22,2021-03-23,2021-03-30,growth_champion_v2,-0.0774961562930273,0.6,0.4,0.0,"WBD,MSTR,MAR",3,0.6,1.0,base cap 60%
2020-01-01,2021-03-23,2021-03-24,2021-03-31,growth_champion_v3,-0.0332660862145527,0.4,0.6,0.0999999999999999,"KEEL,WBD,MSTR",3,0.6,1.0,SPY and QQQ above 200D MA
2020-01-01,2021-03-23,2021-03-24,2021-03-31,growth_champion_v2,-0.0332660862145527,0.4,0.6,0.0999999999999999,"KEEL,WBD,MSTR",3,0.6,1.0,base cap 60%
2015-01-01,2021-03-25,2021-03-26,2021-04-05,growth_champion_v3,0.0247514748496544,0.5178982796368921,0.4821017203631079,0.0410508601815539,"WBD,FANG,MSTR",3,0.6,1.0,SPY and QQQ above 200D MA
2015-01-01,2021-03-25,2021-03-26,2021-04-05,growth_champion_v2,0.0247514748496544,0.5178982796368921,0.4821017203631079,0.0410508601815539,"WBD,FANG,MSTR",3,0.6,1.0,base cap 60%
2010-01-01,2021-03-29,2021-03-30,2021-04-07,growth_champion_v3,0.0155731776769003,0.6,0.4,0.1499999999999999,"MSTR,AMAT,WBD,MAR",4,0.6,1.0,SPY and QQQ above 200D MA
2008-01-01,2021-03-29,2021-03-30,2021-04-07,growth_champion_v2,0.0155731776769003,0.6,0.4,0.1499999999999999,"MSTR,AMAT,WBD,MAR",4,0.6,1.0,base cap 60%
2008-01-01,2021-03-29,2021-03-30,2021-04-07,growth_champion_v3,0.0155731776769003,0.6,0.4,0.1499999999999999,"MSTR,AMAT,WBD,MAR",4,0.6,1.0,SPY and QQQ above 200D MA
2010-01-01,2021-03-29,2021-03-30,2021-04-07,growth_champion_v2,0.0155731776769003,0.6,0.4,0.1499999999999999,"MSTR,AMAT,WBD,MAR",4,0.6,1.0,base cap 60%
2020-01-01,2021-03-30,2021-03-31,2021-04-08,growth_champion_v3,0.0015839298995114,0.4,0.6,0.0,"KEEL,MSTR,WBD",3,0.6,1.0,SPY and QQQ above 200D MA
2020-01-01,2021-03-30,2021-03-31,2021-04-08,growth_champion_v2,0.0015839298995114,0.4,0.6,0.0,"KEEL,MSTR,WBD",3,0.6,1.0,base cap 60%
2015-01-01,2021-04-01,2021-04-05,2021-04-12,growth_champion_v3,-0.01612126418399,0.586772748015751,0.413227251984249,0.1122559528145082,"AMAT,MSTR,WBD,FANG",4,0.6,1.0,SPY and QQQ above 200D MA
2015-01-01,2021-04-01,2021-04-05,2021-04-12,growth_champion_v2,-0.01612126418399,0.586772748015751,0.413227251984249,0.1122559528145082,"AMAT,MSTR,WBD,FANG",4,0.6,1.0,base cap 60%
2008-01-01,2021-04-06,2021-04-07,2021-04-14,growth_champion_v3,-0.0087609849512024,0.6,0.4,0.15,"AMAT,LRCX,WBD,MSTR",4,0.6,1.0,SPY and QQQ above 200D MA
2008-01-01,2021-04-06,2021-04-07,2021-04-14,growth_champion_v2,-0.0087609849512024,0.6,0.4,0.15,"AMAT,LRCX,WBD,MSTR",4,0.6,1.0,base cap 60%
2010-01-01,2021-04-06,2021-04-07,2021-04-14,growth_champion_v2,0.0004656312895604,0.6,0.4,0.15,"AMAT,FTNT,WBD,MSTR",4,0.6,1.0,base cap 60%
2010-01-01,2021-04-06,2021-04-07,2021-04-14,growth_champion_v3,0.0004656312895604,0.6,0.4,0.15,"AMAT,FTNT,WBD,MSTR",4,0.6,1.0,SPY and QQQ above 200D MA
2020-01-01,2021-04-07,2021-04-08,2021-04-15,growth_champion_v3,-0.0221959424706859,0.402626286755464,0.597373713244536,0.0993434283111339,"KEEL,AMAT,WBD,MSTR",4,0.6,1.0,SPY and QQQ above 200D MA
2020-01-01,2021-04-07,2021-04-08,2021-04-15,growth_champion_v2,-0.0221959424706859,0.402626286755464,0.597373713244536,0.0993434283111339,"KEEL,AMAT,WBD,MSTR",4,0.6,1.0,base cap 60%
2015-01-01,2021-04-09,2021-04-12,2021-04-19,growth_champion_v3,-0.0202264847165501,0.5974421564691703,0.4025578435308297,0.1520278912306474,"AMAT,LRCX,MSTR,FANG",4,0.6,1.0,SPY and QQQ above 200D MA
2015-01-01,2021-04-09,2021-04-12,2021-04-19,growth_champion_v2,-0.0202264847165501,0.5974421564691703,0.4025578435308297,0.1520278912306474,"AMAT,LRCX,MSTR,FANG",4,0.6,1.0,base cap 60%
2008-01-01,2021-04-13,2021-04-14,2021-04-21,growth_champion_v3,-0.0215115723328429,0.6,0.4,0.1499999999999999,"MSTR,AMAT,LRCX",3,0.6,1.0,SPY and QQQ above 200D MA
2010-01-01,2021-04-13,2021-04-14,2021-04-21,growth_champion_v3,-0.0191587301821018,0.6,0.4,0.1499999999999999,"MSTR,AMAT,FTNT",3,0.6,1.0,SPY and QQQ above 200D MA
2008-01-01,2021-04-13,2021-04-14,2021-04-21,growth_champion_v2,-0.0215115723328429,0.6,0.4,0.1499999999999999,"MSTR,AMAT,LRCX",3,0.6,1.0,base cap 60%
2010-01-01,2021-04-13,2021-04-14,2021-04-21,growth_champion_v2,-0.0191587301821018,0.6,0.4,0.1499999999999999,"MSTR,AMAT,FTNT",3,0.6,1.0,base cap 60%
2020-01-01,2021-04-14,2021-04-15,2021-04-22,growth_champion_v2,-0.0252814606061226,0.4347466413666196,0.5652533586333803,0.2173733206833098,"CDW,FTNT,AMAT,MSTR",4,0.6,1.0,base cap 60%
2020-01-01,2021-04-14,2021-04-15,2021-04-22,growth_champion_v3,-0.0252814606061226,0.4347466413666196,0.5652533586333803,0.2173733206833098,"CDW,FTNT,AMAT,MSTR",4,0.6,1.0,SPY and QQQ above 200D MA
2015-01-01,2021-04-16,2021-04-19,2021-04-26,growth_champion_v3,0.0115036550297774,0.5930863496998452,0.4069136503001548,0.2987210782345851,"FTNT,CDW,AMAT,LRCX",4,0.6,1.0,SPY and QQQ above 200D MA
2015-01-01,2021-04-16,2021-04-19,2021-04-26,growth_champion_v2,0.0115036550297774,0.5930863496998452,0.4069136503001548,0.2987210782345851,"FTNT,CDW,AMAT,LRCX",4,0.6,1.0,base cap 60%
2008-01-01,2021-04-20,2021-04-21,2021-04-28,growth_champion_v3,0.0109403851114068,0.6,0.4,0.3,"GOOG,GOOGL,AMAT,LRCX",4,0.6,1.0,SPY and QQQ above 200D MA
2010-01-01,2021-04-20,2021-04-21,2021-04-28,growth_champion_v2,0.0104731060164045,0.6,0.4,0.1499999999999999,"FTNT,GOOG,AMAT,MSTR",4,0.6,1.0,base cap 60%
2010-01-01,2021-04-20,2021-04-21,2021-04-28,growth_champion_v3,0.0104731060164045,0.6,0.4,0.1499999999999999,"FTNT,GOOG,AMAT,MSTR",4,0.6,1.0,SPY and QQQ above 200D MA
2008-01-01,2021-04-20,2021-04-21,2021-04-28,growth_champion_v2,0.0109403851114068,0.6,0.4,0.3,"GOOG,GOOGL,AMAT,LRCX",4,0.6,1.0,base cap 60%
2020-01-01,2021-04-21,2021-04-22,2021-04-29,growth_champion_v3,0.0112796594972711,0.436680259759547,0.5633197402404531,0.0009668091964636,"CDW,FTNT,AMAT,MSTR",4,0.6,1.0,SPY and QQQ above 200D MA
2020-01-01,2021-04-21,2021-04-22,2021-04-29,growth_champion_v2,0.0112796594972711,0.436680259759547,0.5633197402404531,0.0009668091964636,"CDW,FTNT,AMAT,MSTR",4,0.6,1.0,base cap 60%
2015-01-01,2021-04-23,2021-04-26,2021-05-03,growth_champion_v3,-0.0144567928182333,0.5924246134787983,0.4075753865212017,0.0003308681105234,"FTNT,CDW,AMAT,LRCX",4,0.6,1.0,SPY and QQQ above 200D MA
2015-01-01,2021-04-23,2021-04-26,2021-05-03,growth_champion_v2,-0.0144567928182333,0.5924246134787983,0.4075753865212017,0.0003308681105234,"FTNT,CDW,AMAT,LRCX",4,0.6,1.0,base cap 60%
2008-01-01,2021-04-27,2021-04-28,2021-05-05,growth_champion_v2,-0.0154350891850435,0.6,0.4,0.15,"AMAT,VALE,GOOG,LRCX",4,0.6,1.0,base cap 60%
2010-01-01,2021-04-27,2021-04-28,2021-05-05,growth_champion_v2,-0.0114565504294988,0.6,0.4,0.0,"AMAT,FTNT,GOOG,MSTR",4,0.6,1.0,base cap 60%
2008-01-01,2021-04-27,2021-04-28,2021-05-05,growth_champion_v3,-0.0154350891850435,0.6,0.4,0.15,"AMAT,VALE,GOOG,LRCX",4,0.6,1.0,SPY and QQQ above 200D MA
2010-01-01,2021-04-27,2021-04-28,2021-05-05,growth_champion_v3,-0.0114565504294988,0.6,0.4,0.0,"AMAT,FTNT,GOOG,MSTR",4,0.6,1.0,SPY and QQQ above 200D MA
2020-01-01,2021-04-28,2021-04-29,2021-05-06,growth_champion_v2,-0.0094252289218406,0.5160466701943184,0.4839533298056816,0.2580233350971592,"KEEL,FANG,AMAT,MSTR",4,0.6,1.0,base cap 60%
2020-01-01,2021-04-28,2021-04-29,2021-05-06,growth_champion_v3,-0.0094252289218406,0.5160466701943184,0.4839533298056816,0.2580233350971592,"KEEL,FANG,AMAT,MSTR",4,0.6,1.0,SPY and QQQ above 200D MA
2015-01-01,2021-04-30,2021-05-03,2021-05-10,growth_champion_v3,-0.0012423225858685,0.6,0.4,0.1518938466303004,"FTNT,VALE,AMAT,LRCX",4,0.6,1.0,SPY and QQQ above 200D MA
2015-01-01,2021-04-30,2021-05-03,2021-05-10,growth_champion_v2,-0.0012423225858685,0.6,0.4,0.1518938466303004,"FTNT,VALE,AMAT,LRCX",4,0.6,1.0,base cap 60%
2008-01-01,2021-05-04,2021-05-05,2021-05-12,growth_champion_v3,-0.0326992246227427,0.6,0.4,0.3,"ODFL,CCJ,AMAT,LRCX",4,0.6,1.0,SPY and QQQ above 200D MA
2010-01-01,2021-05-04,2021-05-05,2021-05-12,growth_champion_v3,-0.0384786788547823,0.6,0.4,0.15,"FTNT,ODFL,AMAT,GOOG",4,0.6,1.0,SPY and QQQ above 200D MA
2010-01-01,2021-05-04,2021-05-05,2021-05-12,growth_champion_v2,-0.0384786788547823,0.6,0.4,0.15,"FTNT,ODFL,AMAT,GOOG",4,0.6,1.0,base cap 60%
2008-01-01,2021-05-04,2021-05-05,2021-05-12,growth_champion_v2,-0.0326992246227427,0.6,0.4,0.3,"ODFL,CCJ,AMAT,LRCX",4,0.6,1.0,base cap 60%
2020-01-01,2021-05-05,2021-05-06,2021-05-13,growth_champion_v2,-0.0302793009413355,0.6,0.4,0.1709883324514204,"KEEL,FTNT,AMAT,FANG",4,0.6,1.0,base cap 60%
2020-01-01,2021-05-05,2021-05-06,2021-05-13,growth_champion_v3,-0.0302793009413355,0.6,0.4,0.1709883324514204,"KEEL,FTNT,AMAT,FANG",4,0.6,1.0,SPY and QQQ above 200D MA
2015-01-01,2021-05-07,2021-05-10,2021-05-17,growth_champion_v3,-0.0030023869744382,0.6,0.4,0.0,"VALE,FTNT,AMAT,LRCX",4,0.6,1.0,SPY and QQQ above 200D MA
2015-01-01,2021-05-07,2021-05-10,2021-05-17,growth_champion_v2,-0.0030023869744382,0.6,0.4,0.0,"VALE,FTNT,AMAT,LRCX",4,0.6,1.0,base cap 60%
2008-01-01,2021-05-11,2021-05-12,2021-05-19,growth_champion_v2,0.0140118790875585,0.6,0.4,0.15,"VALE,CCJ,AMAT,ODFL",4,0.6,1.0,base cap 60%
2008-01-01,2021-05-11,2021-05-12,2021-05-19,growth_champion_v3,0.0140118790875585,0.6,0.4,0.15,"VALE,CCJ,AMAT,ODFL",4,0.6,1.0,SPY and QQQ above 200D MA
2010-01-01,2021-05-11,2021-05-12,2021-05-19,growth_champion_v2,0.0140118790875585,0.6,0.4,0.3,"VALE,CCJ,AMAT,ODFL",4,0.6,1.0,base cap 60%
2010-01-01,2021-05-11,2021-05-12,2021-05-19,growth_champion_v3,0.0140118790875585,0.6,0.4,0.3,"VALE,CCJ,AMAT,ODFL",4,0.6,1.0,SPY and QQQ above 200D MA
2020-01-01,2021-05-12,2021-05-13,2021-05-20,growth_champion_v2,-0.0070960347223292,0.6,0.4,0.15,"KEEL,VALE,FTNT,FANG",4,0.6,1.0,base cap 60%
2020-01-01,2021-05-12,2021-05-13,2021-05-20,growth_champion_v3,-0.0070960347223292,0.6,0.4,0.15,"KEEL,VALE,FTNT,FANG",4,0.6,1.0,SPY and QQQ above 200D MA
2015-01-01,2021-05-14,2021-05-17,2021-05-24,growth_champion_v3,0.0129666776812345,0.6,0.4,0.3,"CCJ,ODFL,AMAT,LRCX",4,0.6,1.0,SPY and QQQ above 200D MA
2015-01-01,2021-05-14,2021-05-17,2021-05-24,growth_champion_v2,0.0129666776812345,0.6,0.4,0.3,"CCJ,ODFL,AMAT,LRCX",4,0.6,1.0,base cap 60%
2010-01-01,2021-05-18,2021-05-19,2021-05-26,growth_champion_v2,0.0138751943023062,0.6,0.4,0.0,"VALE,CCJ,AMAT,ODFL",4,0.6,1.0,base cap 60%
2008-01-01,2021-05-18,2021-05-19,2021-05-26,growth_champion_v3,0.0138751943023062,0.6,0.4,0.0,"VALE,CCJ,AMAT,ODFL",4,0.6,1.0,SPY and QQQ above 200D MA
2010-01-01,2021-05-18,2021-05-19,2021-05-26,growth_champion_v3,0.0138751943023062,0.6,0.4,0.0,"VALE,CCJ,AMAT,ODFL",4,0.6,1.0,SPY and QQQ above 200D MA
2008-01-01,2021-05-18,2021-05-19,2021-05-26,growth_champion_v2,0.0138751943023062,0.6,0.4,0.0,"VALE,CCJ,AMAT,ODFL",4,0.6,1.0,base cap 60%
2020-01-01,2021-05-19,2021-05-20,2021-05-27,growth_champion_v3,0.0100429634908097,0.6,0.4,0.3,"CCJ,ODFL,VALE,FTNT",4,0.6,1.0,SPY and QQQ above 200D MA
2020-01-01,2021-05-19,2021-05-20,2021-05-27,growth_champion_v2,0.0100429634908097,0.6,0.4,0.3,"CCJ,ODFL,VALE,FTNT",4,0.6,1.0,base cap 60%
2015-01-01,2021-05-21,2021-05-24,2021-06-01,growth_champion_v2,0.0222994664263809,0.6,0.4,0.15,"CCJ,FTNT,AMAT,ODFL",4,0.6,1.0,base cap 60%
2015-01-01,2021-05-21,2021-05-24,2021-06-01,growth_champion_v3,0.0222994664263809,0.6,0.4,0.15,"CCJ,FTNT,AMAT,ODFL",4,0.6,1.0,SPY and QQQ above 200D MA
2010-01-01,2021-05-25,2021-05-26,2021-06-03,growth_champion_v3,0.0376502550760062,0.6,0.4,0.15,"PBR,CCJ,AMAT,ODFL",4,0.6,1.0,SPY and QQQ above 200D MA
2008-01-01,2021-05-25,2021-05-26,2021-06-03,growth_champion_v3,0.0376502550760062,0.6,0.4,0.15,"PBR,CCJ,AMAT,ODFL",4,0.6,1.0,SPY and QQQ above 200D MA
2008-01-01,2021-05-25,2021-05-26,2021-06-03,growth_champion_v2,0.0376502550760062,0.6,0.4,0.15,"PBR,CCJ,AMAT,ODFL",4,0.6,1.0,base cap 60%
2010-01-01,2021-05-25,2021-05-26,2021-06-03,growth_champion_v2,0.0376502550760062,0.6,0.4,0.15,"PBR,CCJ,AMAT,ODFL",4,0.6,1.0,base cap 60%
2020-01-01,2021-05-26,2021-05-27,2021-06-04,growth_champion_v3,0.0534497715971094,0.6,0.4,0.3,"VIST,PBR,ODFL,CCJ",4,0.6,1.0,SPY and QQQ above 200D MA
2020-01-01,2021-05-26,2021-05-27,2021-06-04,growth_champion_v2,0.0534497715971094,0.6,0.4,0.3,"VIST,PBR,ODFL,CCJ",4,0.6,1.0,base cap 60%
2015-01-01,2021-05-28,2021-06-01,2021-06-08,growth_champion_v3,0.0149121892777978,0.6,0.4,0.15,"PBR,FTNT,AMAT,ODFL",4,0.6,1.0,SPY and QQQ above 200D MA
2015-01-01,2021-05-28,2021-06-01,2021-06-08,growth_champion_v2,0.0149121892777978,0.6,0.4,0.15,"PBR,FTNT,AMAT,ODFL",4,0.6,1.0,base cap 60%
2008-01-01,2021-06-02,2021-06-03,2021-06-10,growth_champion_v2,0.0011494337249536,0.6,0.4,0.15,"PBR,NVDA,AMAT,ODFL",4,0.6,1.0,base cap 60%
2008-01-01,2021-06-02,2021-06-03,2021-06-10,growth_champion_v3,0.0011494337249536,0.6,0.4,0.15,"PBR,NVDA,AMAT,ODFL",4,0.6,1.0,SPY and QQQ above 200D MA
2010-01-01,2021-06-02,2021-06-03,2021-06-10,growth_champion_v3,0.0011494337249536,0.6,0.4,0.15,"PBR,NVDA,AMAT,ODFL",4,0.6,1.0,SPY and QQQ above 200D MA
2010-01-01,2021-06-02,2021-06-03,2021-06-10,growth_champion_v2,0.0011494337249536,0.6,0.4,0.15,"PBR,NVDA,AMAT,ODFL",4,0.6,1.0,base cap 60%
2020-01-01,2021-06-03,2021-06-04,2021-06-11,growth_champion_v3,-0.0164761664573618,0.6,0.4,0.0,"VIST,PBR,ODFL,CCJ",4,0.6,1.0,SPY and QQQ above 200D MA
2020-01-01,2021-06-03,2021-06-04,2021-06-11,growth_champion_v2,-0.0164761664573618,0.6,0.4,0.0,"VIST,PBR,ODFL,CCJ",4,0.6,1.0,base cap 60%
2015-01-01,2021-06-07,2021-06-08,2021-06-15,growth_champion_v3,0.0015317458311498,0.6,0.4,0.15,"BIIB,PBR,AMAT,ODFL",4,0.6,1.0,SPY and QQQ above 200D MA
2015-01-01,2021-06-07,2021-06-08,2021-06-15,growth_champion_v2,0.0015317458311498,0.6,0.4,0.15,"BIIB,PBR,AMAT,ODFL",4,0.6,1.0,base cap 60%
2010-01-01,2021-06-09,2021-06-10,2021-06-17,growth_champion_v2,-0.0139773581546579,0.6,0.4,0.15,"BIIB,PBR,AMAT,ODFL",4,0.6,1.0,base cap 60%
2008-01-01,2021-06-09,2021-06-10,2021-06-17,growth_champion_v3,-0.0139773581546579,0.6,0.4,0.15,"BIIB,PBR,AMAT,ODFL",4,0.6,1.0,SPY and QQQ above 200D MA
2010-01-01,2021-06-09,2021-06-10,2021-06-17,growth_champion_v3,-0.0139773581546579,0.6,0.4,0.15,"BIIB,PBR,AMAT,ODFL",4,0.6,1.0,SPY and QQQ above 200D MA
2008-01-01,2021-06-09,2021-06-10,2021-06-17,growth_champion_v2,-0.0139773581546579,0.6,0.4,0.15,"BIIB,PBR,AMAT,ODFL",4,0.6,1.0,base cap 60%
2020-01-01,2021-06-10,2021-06-11,2021-06-18,growth_champion_v2,-0.0167166615222008,0.6,0.4,0.3,"BIIB,SPCE,ODFL,CCJ",4,0.6,1.0,base cap 60%
2020-01-01,2021-06-10,2021-06-11,2021-06-18,growth_champion_v3,-0.0167166615222008,0.6,0.4,0.3,"BIIB,SPCE,ODFL,CCJ",4,0.6,1.0,SPY and QQQ above 200D MA
2015-01-01,2021-06-14,2021-06-15,2021-06-22,growth_champion_v2,-0.0048597517964854,0.6,0.4,0.15,"BIIB,NVDA,AMAT,ODFL",4,0.6,1.0,base cap 60%
2015-01-01,2021-06-14,2021-06-15,2021-06-22,growth_champion_v3,-0.0048597517964854,0.6,0.4,0.15,"BIIB,NVDA,AMAT,ODFL",4,0.6,1.0,SPY and QQQ above 200D MA
2010-01-01,2021-06-16,2021-06-17,2021-06-24,growth_champion_v2,-0.0008004271117576,0.6,0.4,0.0,"BIIB,PBR,AMAT,ODFL",4,0.6,1.0,base cap 60%
2008-01-01,2021-06-16,2021-06-17,2021-06-24,growth_champion_v3,-0.0008004271117576,0.6,0.4,0.0,"BIIB,PBR,AMAT,ODFL",4,0.6,1.0,SPY and QQQ above 200D MA
2008-01-01,2021-06-16,2021-06-17,2021-06-24,growth_champion_v2,-0.0008004271117576,0.6,0.4,0.0,"BIIB,PBR,AMAT,ODFL",4,0.6,1.0,base cap 60%
2010-01-01,2021-06-16,2021-06-17,2021-06-24,growth_champion_v3,-0.0008004271117576,0.6,0.4,0.0,"BIIB,PBR,AMAT,ODFL",4,0.6,1.0,SPY and QQQ above 200D MA
2020-01-01,2021-06-17,2021-06-18,2021-06-25,growth_champion_v2,0.0756775596005297,0.6,0.4,0.0,"SPCE,BIIB,CCJ,ODFL",4,0.6,1.0,base cap 60%
2020-01-01,2021-06-17,2021-06-18,2021-06-25,growth_champion_v3,0.0756775596005297,0.6,0.4,0.0,"SPCE,BIIB,CCJ,ODFL",4,0.6,1.0,SPY and QQQ above 200D MA
2015-01-01,2021-06-21,2021-06-22,2021-06-29,growth_champion_v3,0.0018546806022461,0.6,0.4,0.15,"PBR,NVDA,ODFL,BIIB",4,0.6,1.0,SPY and QQQ above 200D MA
2015-01-01,2021-06-21,2021-06-22,2021-06-29,growth_champion_v2,0.0018546806022461,0.6,0.4,0.15,"PBR,NVDA,ODFL,BIIB",4,0.6,1.0,base cap 60%
2008-01-01,2021-06-23,2021-06-24,2021-07-01,growth_champion_v3,0.0064710861910117,0.6,0.4,0.15,"PBR,NVDA,AMAT,ODFL",4,0.6,1.0,SPY and QQQ above 200D MA
2010-01-01,2021-06-23,2021-06-24,2021-07-01,growth_champion_v2,0.0064710861910117,0.6,0.4,0.15,"PBR,NVDA,AMAT,ODFL",4,0.6,1.0,base cap 60%
2010-01-01,2021-06-23,2021-06-24,2021-07-01,growth_champion_v3,0.0064710861910117,0.6,0.4,0.15,"PBR,NVDA,AMAT,ODFL",4,0.6,1.0,SPY and QQQ above 200D MA
2008-01-01,2021-06-23,2021-06-24,2021-07-01,growth_champion_v2,0.0064710861910117,0.6,0.4,0.15,"PBR,NVDA,AMAT,ODFL",4,0.6,1.0,base cap 60%
2020-01-01,2021-06-24,2021-06-25,2021-07-02,growth_champion_v3,-0.0239643959257908,0.6,0.4,0.3,"MRNA,NET,SPCE,CCJ",4,0.6,1.0,SPY and QQQ above 200D MA
2020-01-01,2021-06-24,2021-06-25,2021-07-02,growth_champion_v2,-0.0239643959257908,0.6,0.4,0.3,"MRNA,NET,SPCE,CCJ",4,0.6,1.0,base cap 60%
2015-01-01,2021-06-28,2021-06-29,2021-07-07,growth_champion_v2,-0.0037467265392032,0.6,0.4,0.0,"NVDA,PBR,ODFL,BIIB",4,0.6,1.0,base cap 60%
2015-01-01,2021-06-28,2021-06-29,2021-07-07,growth_champion_v3,-0.0037467265392032,0.6,0.4,0.0,"NVDA,PBR,ODFL,BIIB",4,0.6,1.0,SPY and QQQ above 200D MA
2010-01-01,2021-06-30,2021-07-01,2021-07-09,growth_champion_v3,-0.0144672597679172,0.6,0.4,0.0,"NVDA,PBR,AMAT,ODFL",4,0.6,1.0,SPY and QQQ above 200D MA
2008-01-01,2021-06-30,2021-07-01,2021-07-09,growth_champion_v2,-0.0144672597679172,0.6,0.4,0.0,"NVDA,PBR,AMAT,ODFL",4,0.6,1.0,base cap 60%
2010-01-01,2021-06-30,2021-07-01,2021-07-09,growth_champion_v2,-0.0144672597679172,0.6,0.4,0.0,"NVDA,PBR,AMAT,ODFL",4,0.6,1.0,base cap 60%
2008-01-01,2021-06-30,2021-07-01,2021-07-09,growth_champion_v3,-0.0144672597679172,0.6,0.4,0.0,"NVDA,PBR,AMAT,ODFL",4,0.6,1.0,SPY and QQQ above 200D MA
2020-01-01,2021-07-01,2021-07-02,2021-07-12,growth_champion_v3,-0.017949096488711,0.6,0.4,0.0,"MRNA,SPCE,NET,CCJ",4,0.6,1.0,SPY and QQQ above 200D MA
2020-01-01,2021-07-01,2021-07-02,2021-07-12,growth_champion_v2,-0.017949096488711,0.6,0.4,0.0,"MRNA,SPCE,NET,CCJ",4,0.6,1.0,base cap 60%
2015-01-01,2021-07-06,2021-07-07,2021-07-14,growth_champion_v2,-0.0067530618307344,0.6,0.4,0.15,"NVDA,IDXX,ODFL,BIIB",4,0.6,1.0,base cap 60%
2015-01-01,2021-07-06,2021-07-07,2021-07-14,growth_champion_v3,-0.0067530618307344,0.6,0.4,0.15,"NVDA,IDXX,ODFL,BIIB",4,0.6,1.0,SPY and QQQ above 200D MA
2010-01-01,2021-07-08,2021-07-09,2021-07-16,growth_champion_v3,-0.0206844859712923,0.6,0.4,0.15,"IDXX,NVDA,ODFL,PBR",4,0.6,1.0,SPY and QQQ above 200D MA
2008-01-01,2021-07-08,2021-07-09,2021-07-16,growth_champion_v3,-0.0206844859712923,0.6,0.4,0.15,"IDXX,NVDA,ODFL,PBR",4,0.6,1.0,SPY and QQQ above 200D MA
2010-01-01,2021-07-08,2021-07-09,2021-07-16,growth_champion_v2,-0.0206844859712923,0.6,0.4,0.15,"IDXX,NVDA,ODFL,PBR",4,0.6,1.0,base cap 60%
2008-01-01,2021-07-08,2021-07-09,2021-07-16,growth_champion_v2,-0.0206844859712923,0.6,0.4,0.15,"IDXX,NVDA,ODFL,PBR",4,0.6,1.0,base cap 60%
2020-01-01,2021-07-09,2021-07-12,2021-07-19,growth_champion_v2,-0.0749253504473939,0.6,0.4,0.15,"SPCE,ASTS,CCJ,NET",4,0.6,1.0,base cap 60%
2020-01-01,2021-07-09,2021-07-12,2021-07-19,growth_champion_v3,-0.0749253504473939,0.6,0.4,0.15,"SPCE,ASTS,CCJ,NET",4,0.6,1.0,SPY and QQQ above 200D MA
2015-01-01,2021-07-13,2021-07-14,2021-07-21,growth_champion_v3,-0.0244936918936004,0.6,0.4,0.15,"NVDA,PBR,ODFL,BIIB",4,0.6,1.0,SPY and QQQ above 200D MA
2015-01-01,2021-07-13,2021-07-14,2021-07-21,growth_champion_v2,-0.0244936918936004,0.6,0.4,0.15,"NVDA,PBR,ODFL,BIIB",4,0.6,1.0,base cap 60%
2010-01-01,2021-07-15,2021-07-16,2021-07-23,growth_champion_v3,0.0316155354501968,0.6,0.4,0.15,"FTNT,IDXX,ODFL,NVDA",4,0.6,1.0,SPY and QQQ above 200D MA
2010-01-01,2021-07-15,2021-07-16,2021-07-23,growth_champion_v2,0.0316155354501968,0.6,0.4,0.15,"FTNT,IDXX,ODFL,NVDA",4,0.6,1.0,base cap 60%
2008-01-01,2021-07-15,2021-07-16,2021-07-23,growth_champion_v3,0.0196256218658774,0.6,0.4,0.0,"IDXX,NVDA,ODFL,PBR",4,0.6,1.0,SPY and QQQ above 200D MA
2008-01-01,2021-07-15,2021-07-16,2021-07-23,growth_champion_v2,0.0196256218658774,0.6,0.4,0.0,"IDXX,NVDA,ODFL,PBR",4,0.6,1.0,base cap 60%
2020-01-01,2021-07-16,2021-07-19,2021-07-26,growth_champion_v3,0.0321658200897892,0.6,0.4,0.15,"MRNA,NET,SPCE,ASTS",4,0.6,1.0,SPY and QQQ above 200D MA
2020-01-01,2021-07-16,2021-07-19,2021-07-26,growth_champion_v2,0.0321658200897892,0.6,0.4,0.15,"MRNA,NET,SPCE,ASTS",4,0.6,1.0,base cap 60%
2015-01-01,2021-07-20,2021-07-21,2021-07-28,growth_champion_v3,0.0124421773644208,0.6,0.4,0.3,"FTNT,INTU,NVDA,BIIB",4,0.6,1.0,SPY and QQQ above 200D MA
2015-01-01,2021-07-20,2021-07-21,2021-07-28,growth_champion_v2,0.0124421773644208,0.6,0.4,0.3,"FTNT,INTU,NVDA,BIIB",4,0.6,1.0,base cap 60%
2010-01-01,2021-07-22,2021-07-23,2021-07-30,growth_champion_v2,-0.0051918708149167,0.6,0.4,0.15,"FTNT,INTU,NVDA,IDXX",4,0.6,1.0,base cap 60%
2008-01-01,2021-07-22,2021-07-23,2021-07-30,growth_champion_v2,0.0058825970632172,0.6,0.4,0.3,"INTU,MRVL,NVDA,PBR",4,0.6,1.0,base cap 60%
2008-01-01,2021-07-22,2021-07-23,2021-07-30,growth_champion_v3,0.0058825970632172,0.6,0.4,0.3,"INTU,MRVL,NVDA,PBR",4,0.6,1.0,SPY and QQQ above 200D MA
2010-01-01,2021-07-22,2021-07-23,2021-07-30,growth_champion_v3,-0.0051918708149167,0.6,0.4,0.15,"FTNT,INTU,NVDA,IDXX",4,0.6,1.0,SPY and QQQ above 200D MA
2020-01-01,2021-07-23,2021-07-26,2021-08-02,growth_champion_v3,0.0296295013302395,0.6,0.4,0.15,"MRNA,VIST,NET,SPCE",4,0.6,1.0,SPY and QQQ above 200D MA
2020-01-01,2021-07-23,2021-07-26,2021-08-02,growth_champion_v2,0.0296295013302395,0.6,0.4,0.15,"MRNA,VIST,NET,SPCE",4,0.6,1.0,base cap 60%
2015-01-01,2021-07-27,2021-07-28,2021-08-04,growth_champion_v3,0.0292551023027046,0.6,0.4,0.0,"FTNT,INTU,NVDA,BIIB",4,0.6,1.0,SPY and QQQ above 200D MA
2015-01-01,2021-07-27,2021-07-28,2021-08-04,growth_champion_v2,0.0292551023027046,0.6,0.4,0.0,"FTNT,INTU,NVDA,BIIB",4,0.6,1.0,base cap 60%
2008-01-01,2021-07-29,2021-07-30,2021-08-06,growth_champion_v2,0.009441134274599,0.6,0.4,0.15,"IDXX,MRVL,NVDA,INTU",4,0.6,1.0,base cap 60%
2008-01-01,2021-07-29,2021-07-30,2021-08-06,growth_champion_v3,0.009441134274599,0.6,0.4,0.15,"IDXX,MRVL,NVDA,INTU",4,0.6,1.0,SPY and QQQ above 200D MA
2010-01-01,2021-07-29,2021-07-30,2021-08-06,growth_champion_v3,0.0266896970766434,0.6,0.4,0.0,"FTNT,IDXX,NVDA,INTU",4,0.6,1.0,SPY and QQQ above 200D MA
2010-01-01,2021-07-29,2021-07-30,2021-08-06,growth_champion_v2,0.0266896970766434,0.6,0.4,0.0,"FTNT,IDXX,NVDA,INTU",4,0.6,1.0,base cap 60%
2020-01-01,2021-07-30,2021-08-02,2021-08-09,growth_champion_v2,0.0783712495131775,0.6,0.4,0.0,"MRNA,VIST,NET,SPCE",4,0.6,1.0,base cap 60%
2020-01-01,2021-07-30,2021-08-02,2021-08-09,growth_champion_v3,0.0783712495131775,0.6,0.4,0.0,"MRNA,VIST,NET,SPCE",4,0.6,1.0,SPY and QQQ above 200D MA
2015-01-01,2021-08-03,2021-08-04,2021-08-11,growth_champion_v3,-0.0249142402686737,0.6,0.4,0.3,"DXCM,AMD,NVDA,BIIB",4,0.6,1.0,SPY and QQQ above 200D MA
2015-01-01,2021-08-03,2021-08-04,2021-08-11,growth_champion_v2,-0.0249142402686737,0.6,0.4,0.3,"DXCM,AMD,NVDA,BIIB",4,0.6,1.0,base cap 60%
2010-01-01,2021-08-05,2021-08-06,2021-08-13,growth_champion_v2,-0.0062260358920799,0.6,0.4,0.3,"AMD,DXCM,INTU,NVDA",4,0.6,1.0,base cap 60%
2008-01-01,2021-08-05,2021-08-06,2021-08-13,growth_champion_v2,-0.0084085121956076,0.6,0.4,0.3,"AMD,DXCM,MRVL,NVDA",4,0.6,1.0,base cap 60%
2008-01-01,2021-08-05,2021-08-06,2021-08-13,growth_champion_v3,-0.0084085121956076,0.6,0.4,0.3,"AMD,DXCM,MRVL,NVDA",4,0.6,1.0,SPY and QQQ above 200D MA
2010-01-01,2021-08-05,2021-08-06,2021-08-13,growth_champion_v3,-0.0062260358920799,0.6,0.4,0.3,"AMD,DXCM,INTU,NVDA",4,0.6,1.0,SPY and QQQ above 200D MA
2020-01-01,2021-08-06,2021-08-09,2021-08-16,growth_champion_v2,-0.0816427344551903,0.6,0.4,0.0,"MRNA,VIST,NET,SPCE",4,0.6,1.0,base cap 60%
2020-01-01,2021-08-06,2021-08-09,2021-08-16,growth_champion_v3,-0.0816427344551903,0.6,0.4,0.0,"MRNA,VIST,NET,SPCE",4,0.6,1.0,SPY and QQQ above 200D MA
2015-01-01,2021-08-10,2021-08-11,2021-08-18,growth_champion_v2,-0.0235755583552464,0.6,0.4,0.15,"MSTR,DXCM,NVDA,AMD",4,0.6,1.0,base cap 60%
2015-01-01,2021-08-10,2021-08-11,2021-08-18,growth_champion_v3,-0.0235755583552464,0.6,0.4,0.15,"MSTR,DXCM,NVDA,AMD",4,0.6,1.0,SPY and QQQ above 200D MA
2008-01-01,2021-08-12,2021-08-13,2021-08-20,growth_champion_v3,-0.0070377132319204,0.6,0.4,0.15,"MSTR,AMD,NVDA,MRVL",4,0.6,1.0,SPY and QQQ above 200D MA
2010-01-01,2021-08-12,2021-08-13,2021-08-20,growth_champion_v3,-0.0112196552202259,0.6,0.4,0.3,"MSTR,FTNT,NVDA,AMD",4,0.6,1.0,SPY and QQQ above 200D MA
2008-01-01,2021-08-12,2021-08-13,2021-08-20,growth_champion_v2,-0.0070377132319204,0.6,0.4,0.15,"MSTR,AMD,NVDA,MRVL",4,0.6,1.0,base cap 60%
2010-01-01,2021-08-12,2021-08-13,2021-08-20,growth_champion_v2,-0.0112196552202259,0.6,0.4,0.3,"MSTR,FTNT,NVDA,AMD",4,0.6,1.0,base cap 60%
2020-01-01,2021-08-13,2021-08-16,2021-08-23,growth_champion_v2,-0.0017303222115109,0.6,0.4,0.15,"MRNA,KEEL,NET,VIST",4,0.6,1.0,base cap 60%
2020-01-01,2021-08-13,2021-08-16,2021-08-23,growth_champion_v3,-0.0017303222115109,0.6,0.4,0.15,"MRNA,KEEL,NET,VIST",4,0.6,1.0,SPY and QQQ above 200D MA
2015-01-01,2021-08-17,2021-08-18,2021-08-25,growth_champion_v2,0.050815283831738,0.6,0.4,0.0,"MSTR,DXCM,NVDA,AMD",4,0.6,1.0,base cap 60%
2015-01-01,2021-08-17,2021-08-18,2021-08-25,growth_champion_v3,0.050815283831738,0.6,0.4,0.0,"MSTR,DXCM,NVDA,AMD",4,0.6,1.0,SPY and QQQ above 200D MA
2008-01-01,2021-08-19,2021-08-20,2021-08-27,growth_champion_v3,0.0213277920018495,0.6,0.4,0.15,"MSTR,DXCM,NVDA,AMD",4,0.6,1.0,SPY and QQQ above 200D MA
2008-01-01,2021-08-19,2021-08-20,2021-08-27,growth_champion_v2,0.0213277920018495,0.6,0.4,0.15,"MSTR,DXCM,NVDA,AMD",4,0.6,1.0,base cap 60%
2010-01-01,2021-08-19,2021-08-20,2021-08-27,growth_champion_v2,0.0213277920018495,0.6,0.4,0.15,"MSTR,DXCM,NVDA,AMD",4,0.6,1.0,base cap 60%
2010-01-01,2021-08-19,2021-08-20,2021-08-27,growth_champion_v3,0.0213277920018495,0.6,0.4,0.15,"MSTR,DXCM,NVDA,AMD",4,0.6,1.0,SPY and QQQ above 200D MA
2020-01-01,2021-08-20,2021-08-23,2021-08-30,growth_champion_v3,-0.0013891232188278,0.6,0.4,0.0,"MRNA,KEEL,NET,VIST",4,0.6,1.0,SPY and QQQ above 200D MA
2020-01-01,2021-08-20,2021-08-23,2021-08-30,growth_champion_v2,-0.0013891232188278,0.6,0.4,0.0,"MRNA,KEEL,NET,VIST",4,0.6,1.0,base cap 60%
2015-01-01,2021-08-24,2021-08-25,2021-09-01,growth_champion_v3,0.0114494353059354,0.6,0.4,0.15,"GLOB,MSTR,NVDA,DXCM",4,0.6,1.0,SPY and QQQ above 200D MA
2015-01-01,2021-08-24,2021-08-25,2021-09-01,growth_champion_v2,0.0114494353059354,0.6,0.4,0.15,"GLOB,MSTR,NVDA,DXCM",4,0.6,1.0,base cap 60%
2008-01-01,2021-08-26,2021-08-27,2021-09-03,growth_champion_v2,0.0067356491802769,0.6,0.4,0.0,"DXCM,MSTR,NVDA,AMD",4,0.6,1.0,base cap 60%
2010-01-01,2021-08-26,2021-08-27,2021-09-03,growth_champion_v2,0.0106885436682516,0.6,0.4,0.15,"FTNT,DXCM,NVDA,MSTR",4,0.6,1.0,base cap 60%
2008-01-01,2021-08-26,2021-08-27,2021-09-03,growth_champion_v3,0.0067356491802769,0.6,0.4,0.0,"DXCM,MSTR,NVDA,AMD",4,0.6,1.0,SPY and QQQ above 200D MA
2010-01-01,2021-08-26,2021-08-27,2021-09-03,growth_champion_v3,0.0106885436682516,0.6,0.4,0.15,"FTNT,DXCM,NVDA,MSTR",4,0.6,1.0,SPY and QQQ above 200D MA
2020-01-01,2021-08-27,2021-08-30,2021-09-07,growth_champion_v3,0.0378371306766489,0.6,0.4,0.15,"MRNA,GLOB,KEEL,NET",4,0.6,1.0,SPY and QQQ above 200D MA
2020-01-01,2021-08-27,2021-08-30,2021-09-07,growth_champion_v2,0.0378371306766489,0.6,0.4,0.15,"MRNA,GLOB,KEEL,NET",4,0.6,1.0,base cap 60%
2015-01-01,2021-08-31,2021-09-01,2021-09-09,growth_champion_v3,-0.0122496868758641,0.6,0.4,0.0,"GLOB,MSTR,NVDA,DXCM",4,0.6,1.0,SPY and QQQ above 200D MA
2015-01-01,2021-08-31,2021-09-01,2021-09-09,growth_champion_v2,-0.0122496868758641,0.6,0.4,0.0,"GLOB,MSTR,NVDA,DXCM",4,0.6,1.0,base cap 60%
2008-01-01,2021-09-02,2021-09-03,2021-09-13,growth_champion_v2,-0.0209738989446163,0.6,0.4,0.3,"MELI,SNPS,NVDA,AMD",4,0.6,1.0,base cap 60%
2010-01-01,2021-09-02,2021-09-03,2021-09-13,growth_champion_v3,-0.0372873145859266,0.6,0.4,0.15,"MELI,FTNT,NVDA,MSTR",4,0.6,1.0,SPY and QQQ above 200D MA
2008-01-01,2021-09-02,2021-09-03,2021-09-13,growth_champion_v3,-0.0209738989446163,0.6,0.4,0.3,"MELI,SNPS,NVDA,AMD",4,0.6,1.0,SPY and QQQ above 200D MA
2010-01-01,2021-09-02,2021-09-03,2021-09-13,growth_champion_v2,-0.0372873145859266,0.6,0.4,0.15,"MELI,FTNT,NVDA,MSTR",4,0.6,1.0,base cap 60%
2020-01-01,2021-09-03,2021-09-07,2021-09-14,growth_champion_v2,-0.0063586844197472,0.6,0.4,0.15,"MRNA,MDB,GLOB,NET",4,0.6,1.0,base cap 60%
2020-01-01,2021-09-03,2021-09-07,2021-09-14,growth_champion_v3,-0.0063586844197472,0.6,0.4,0.15,"MRNA,MDB,GLOB,NET",4,0.6,1.0,SPY and QQQ above 200D MA
2015-01-01,2021-09-08,2021-09-09,2021-09-16,growth_champion_v3,0.0094206728262286,0.6,0.4,0.15,"GLOB,PANW,NVDA,DXCM",4,0.6,1.0,SPY and QQQ above 200D MA
2015-01-01,2021-09-08,2021-09-09,2021-09-16,growth_champion_v2,0.0094206728262286,0.6,0.4,0.15,"GLOB,PANW,NVDA,DXCM",4,0.6,1.0,base cap 60%
2008-01-01,2021-09-10,2021-09-13,2021-09-20,growth_champion_v3,-0.0238137628439008,0.6,0.4,0.3,"CCJ,DXCM,SNPS,AMD",4,0.6,1.0,SPY and QQQ above 200D MA
2008-01-01,2021-09-10,2021-09-13,2021-09-20,growth_champion_v2,-0.0238137628439008,0.6,0.4,0.3,"CCJ,DXCM,SNPS,AMD",4,0.6,1.0,base cap 60%
2010-01-01,2021-09-10,2021-09-13,2021-09-20,growth_champion_v2,-0.021466941642436,0.6,0.4,0.3,"CCJ,DXCM,NVDA,FTNT",4,0.6,1.0,base cap 60%
2010-01-01,2021-09-10,2021-09-13,2021-09-20,growth_champion_v3,-0.021466941642436,0.6,0.4,0.3,"CCJ,DXCM,NVDA,FTNT",4,0.6,1.0,SPY and QQQ above 200D MA
2020-01-01,2021-09-13,2021-09-14,2021-09-21,growth_champion_v3,-0.0223716771975814,0.6,0.4,0.15,"MRNA,CCJ,MDB,GLOB",4,0.6,1.0,SPY and QQQ above 200D MA
2020-01-01,2021-09-13,2021-09-14,2021-09-21,growth_champion_v2,-0.0223716771975814,0.6,0.4,0.15,"MRNA,CCJ,MDB,GLOB",4,0.6,1.0,base cap 60%
2015-01-01,2021-09-15,2021-09-16,2021-09-23,growth_champion_v3,-0.0136730469149807,0.6,0.4,0.15,"CCJ,GLOB,NVDA,PANW",4,0.6,1.0,SPY and QQQ above 200D MA
2015-01-01,2021-09-15,2021-09-16,2021-09-23,growth_champion_v2,-0.0136730469149807,0.6,0.4,0.15,"CCJ,GLOB,NVDA,PANW",4,0.6,1.0,base cap 60%
2008-01-01,2021-09-17,2021-09-20,2021-09-27,growth_champion_v3,0.0092369379892223,0.6,0.4,0.15,"ON,CCJ,SNPS,AMD",4,0.6,1.0,SPY and QQQ above 200D MA
2010-01-01,2021-09-17,2021-09-20,2021-09-27,growth_champion_v2,0.0047106399650846,0.6,0.4,0.15,"ON,CCJ,NVDA,DXCM",4,0.6,1.0,base cap 60%
2010-01-01,2021-09-17,2021-09-20,2021-09-27,growth_champion_v3,0.0047106399650846,0.6,0.4,0.15,"ON,CCJ,NVDA,DXCM",4,0.6,1.0,SPY and QQQ above 200D MA
2008-01-01,2021-09-17,2021-09-20,2021-09-27,growth_champion_v2,0.0092369379892223,0.6,0.4,0.15,"ON,CCJ,SNPS,AMD",4,0.6,1.0,base cap 60%
2020-01-01,2021-09-20,2021-09-21,2021-09-28,growth_champion_v3,-0.0499590186854011,0.6,0.4,0.15,"MRNA,TEAM,MDB,GLOB",4,0.6,1.0,SPY and QQQ above 200D MA
2020-01-01,2021-09-20,2021-09-21,2021-09-28,growth_champion_v2,-0.0499590186854011,0.6,0.4,0.15,"MRNA,TEAM,MDB,GLOB",4,0.6,1.0,base cap 60%
2015-01-01,2021-09-22,2021-09-23,2021-09-30,growth_champion_v2,-0.0376178813394904,0.6,0.4,0.15,"GLOB,DXCM,CCJ,NVDA",4,0.6,1.0,base cap 60%
2015-01-01,2021-09-22,2021-09-23,2021-09-30,growth_champion_v3,-0.0376178813394904,0.6,0.4,0.15,"GLOB,DXCM,CCJ,NVDA",4,0.6,1.0,SPY and QQQ above 200D MA
2010-01-01,2021-09-24,2021-09-27,2021-10-04,growth_champion_v3,-0.0270076085286376,0.6,0.4,0.0,"DXCM,ON,CCJ,NVDA",4,0.6,1.0,SPY and QQQ above 200D MA
2008-01-01,2021-09-24,2021-09-27,2021-10-04,growth_champion_v2,-0.0425034836449299,0.6,0.4,0.15,"DXCM,ON,SNPS,AMD",4,0.6,1.0,base cap 60%
2008-01-01,2021-09-24,2021-09-27,2021-10-04,growth_champion_v3,-0.0425034836449299,0.6,0.4,0.15,"DXCM,ON,SNPS,AMD",4,0.6,1.0,SPY and QQQ above 200D MA
2010-01-01,2021-09-24,2021-09-27,2021-10-04,growth_champion_v2,-0.0270076085286376,0.6,0.4,0.0,"DXCM,ON,CCJ,NVDA",4,0.6,1.0,base cap 60%
2020-01-01,2021-09-27,2021-09-28,2021-10-05,growth_champion_v3,-0.0276662657857372,0.6,0.4,0.0,"MRNA,TEAM,MDB,GLOB",4,0.6,1.0,SPY and QQQ above 200D MA
2020-01-01,2021-09-27,2021-09-28,2021-10-05,growth_champion_v2,-0.0276662657857372,0.6,0.4,0.0,"MRNA,TEAM,MDB,GLOB",4,0.6,1.0,base cap 60%
2015-01-01,2021-09-29,2021-09-30,2021-10-07,growth_champion_v2,0.0052589693939418,0.6,0.4,0.15,"DXCM,TSLA,GLOB,CCJ",4,0.6,1.0,base cap 60%
2015-01-01,2021-09-29,2021-09-30,2021-10-07,growth_champion_v3,0.0052589693939418,0.6,0.4,0.15,"DXCM,TSLA,GLOB,CCJ",4,0.6,1.0,SPY and QQQ above 200D MA
2008-01-01,2021-10-01,2021-10-04,2021-10-11,growth_champion_v3,-0.0011192443419277,0.6,0.4,0.15,"CCJ,ON,SNPS,AMD",4,0.6,1.0,SPY and QQQ above 200D MA
2008-01-01,2021-10-01,2021-10-04,2021-10-11,growth_champion_v2,-0.0011192443419277,0.6,0.4,0.15,"CCJ,ON,SNPS,AMD",4,0.6,1.0,base cap 60%
2010-01-01,2021-10-01,2021-10-04,2021-10-11,growth_champion_v2,-0.0088974589466858,0.6,0.4,0.1499999999999999,"CCJ,ON,DXCM",3,0.6,1.0,base cap 60%
2010-01-01,2021-10-01,2021-10-04,2021-10-11,growth_champion_v3,-0.0088974589466858,0.6,0.4,0.1499999999999999,"CCJ,ON,DXCM",3,0.6,1.0,SPY and QQQ above 200D MA
2020-01-01,2021-10-04,2021-10-05,2021-10-12,growth_champion_v3,0.0092502089822219,0.6,0.4,0.15,"VIST,TEAM,MDB,GLOB",4,0.6,1.0,SPY and QQQ above 200D MA
2020-01-01,2021-10-04,2021-10-05,2021-10-12,growth_champion_v2,0.0092502089822219,0.6,0.4,0.15,"VIST,TEAM,MDB,GLOB",4,0.6,1.0,base cap 60%
2015-01-01,2021-10-06,2021-10-07,2021-10-14,growth_champion_v3,0.0224791040859166,0.6,0.4,0.3,"FANG,PANW,TSLA,GLOB",4,0.6,1.0,SPY and QQQ above 200D MA
2015-01-01,2021-10-06,2021-10-07,2021-10-14,growth_champion_v2,0.0224791040859166,0.6,0.4,0.3,"FANG,PANW,TSLA,GLOB",4,0.6,1.0,base cap 60%
2010-01-01,2021-10-08,2021-10-11,2021-10-18,growth_champion_v2,0.0442813384210497,0.6,0.4,0.3,"MSTR,SHEL,CCJ,DXCM",4,0.6,1.0,base cap 60%
2008-01-01,2021-10-08,2021-10-11,2021-10-18,growth_champion_v3,0.0575724675936534,0.6,0.4,0.3,"MSTR,SHEL,AMD,CCJ",4,0.6,1.0,SPY and QQQ above 200D MA
2010-01-01,2021-10-08,2021-10-11,2021-10-18,growth_champion_v3,0.0442813384210497,0.6,0.4,0.3,"MSTR,SHEL,CCJ,DXCM",4,0.6,1.0,SPY and QQQ above 200D MA
2008-01-01,2021-10-08,2021-10-11,2021-10-18,growth_champion_v2,0.0575724675936534,0.6,0.4,0.3,"MSTR,SHEL,AMD,CCJ",4,0.6,1.0,base cap 60%
2020-01-01,2021-10-11,2021-10-12,2021-10-19,growth_champion_v2,0.0466645990639753,0.6,0.4,0.15,"VIST,FANG,MDB,GLOB",4,0.6,1.0,base cap 60%
2020-01-01,2021-10-11,2021-10-12,2021-10-19,growth_champion_v3,0.0466645990639753,0.6,0.4,0.15,"VIST,FANG,MDB,GLOB",4,0.6,1.0,SPY and QQQ above 200D MA
2015-01-01,2021-10-13,2021-10-14,2021-10-21,growth_champion_v2,0.0244560950706328,0.6,0.4,0.15,"FANG,CCJ,TSLA,GLOB",4,0.6,1.0,base cap 60%
2015-01-01,2021-10-13,2021-10-14,2021-10-21,growth_champion_v3,0.0244560950706328,0.6,0.4,0.15,"FANG,CCJ,TSLA,GLOB",4,0.6,1.0,SPY and QQQ above 200D MA
2010-01-01,2021-10-15,2021-10-18,2021-10-25,growth_champion_v3,0.0103825435766035,0.6,0.4,0.0,"CCJ,MSTR,DXCM,SHEL",4,0.6,1.0,SPY and QQQ above 200D MA
2008-01-01,2021-10-15,2021-10-18,2021-10-25,growth_champion_v2,0.0105234370767211,0.6,0.4,0.0,"CCJ,MSTR,AMD,SHEL",4,0.6,1.0,base cap 60%
2010-01-01,2021-10-15,2021-10-18,2021-10-25,growth_champion_v2,0.0103825435766035,0.6,0.4,0.0,"CCJ,MSTR,DXCM,SHEL",4,0.6,1.0,base cap 60%
2008-01-01,2021-10-15,2021-10-18,2021-10-25,growth_champion_v3,0.0105234370767211,0.6,0.4,0.0,"CCJ,MSTR,AMD,SHEL",4,0.6,1.0,SPY and QQQ above 200D MA
2020-01-01,2021-10-18,2021-10-19,2021-10-26,growth_champion_v3,-0.009631234818649,0.6,0.4,0.15,"VIST,KEEL,MDB,GLOB",4,0.6,1.0,SPY and QQQ above 200D MA
2020-01-01,2021-10-18,2021-10-19,2021-10-26,growth_champion_v2,-0.009631234818649,0.6,0.4,0.15,"VIST,KEEL,MDB,GLOB",4,0.6,1.0,base cap 60%
2015-01-01,2021-10-20,2021-10-21,2021-10-28,growth_champion_v2,0.0298261748640994,0.6,0.4,0.0,"CCJ,FANG,TSLA,GLOB",4,0.6,1.0,base cap 60%
2015-01-01,2021-10-20,2021-10-21,2021-10-28,growth_champion_v3,0.0298261748640994,0.6,0.4,0.0,"CCJ,FANG,TSLA,GLOB",4,0.6,1.0,SPY and QQQ above 200D MA
2008-01-01,2021-10-22,2021-10-25,2021-11-01,growth_champion_v2,-0.0040465282653344,0.6,0.4,0.15,"CCJ,NFLX,AMD,MSTR",4,0.6,1.0,base cap 60%
2010-01-01,2021-10-22,2021-10-25,2021-11-01,growth_champion_v2,0.0079883490729743,0.6,0.4,0.15,"CCJ,NFLX,DXCM,MSTR",4,0.6,1.0,base cap 60%
2008-01-01,2021-10-22,2021-10-25,2021-11-01,growth_champion_v3,-0.0040465282653344,0.6,0.4,0.15,"CCJ,NFLX,AMD,MSTR",4,0.6,1.0,SPY and QQQ above 200D MA
2010-01-01,2021-10-22,2021-10-25,2021-11-01,growth_champion_v3,0.0079883490729743,0.6,0.4,0.15,"CCJ,NFLX,DXCM,MSTR",4,0.6,1.0,SPY and QQQ above 200D MA
2020-01-01,2021-10-25,2021-10-26,2021-11-02,growth_champion_v3,0.0002233522111829,0.6,0.4,0.15,"NET,VIST,MDB,GLOB",4,0.6,1.0,SPY and QQQ above 200D MA
2020-01-01,2021-10-25,2021-10-26,2021-11-02,growth_champion_v2,0.0002233522111829,0.6,0.4,0.15,"NET,VIST,MDB,GLOB",4,0.6,1.0,base cap 60%
2015-01-01,2021-10-27,2021-10-28,2021-11-04,growth_champion_v2,0.0471224320604868,0.6,0.4,0.0,"TSLA,CCJ,GLOB,FANG",4,0.6,1.0,base cap 60%
2015-01-01,2021-10-27,2021-10-28,2021-11-04,growth_champion_v3,0.0471224320604868,0.6,0.4,0.0,"TSLA,CCJ,GLOB,FANG",4,0.6,1.0,SPY and QQQ above 200D MA
2010-01-01,2021-10-29,2021-11-01,2021-11-08,growth_champion_v3,0.0386482488157638,0.6,0.4,0.0,"CCJ,NFLX,DXCM,MSTR",4,0.6,1.0,SPY and QQQ above 200D MA
2008-01-01,2021-10-29,2021-11-01,2021-11-08,growth_champion_v2,0.0661610312806597,0.6,0.4,0.0,"CCJ,NFLX,AMD,MSTR",4,0.6,1.0,base cap 60%
2008-01-01,2021-10-29,2021-11-01,2021-11-08,growth_champion_v3,0.0661610312806597,0.6,0.4,0.0,"CCJ,NFLX,AMD,MSTR",4,0.6,1.0,SPY and QQQ above 200D MA
2010-01-01,2021-10-29,2021-11-01,2021-11-08,growth_champion_v2,0.0386482488157638,0.6,0.4,0.0,"CCJ,NFLX,DXCM,MSTR",4,0.6,1.0,base cap 60%
2020-01-01,2021-11-01,2021-11-02,2021-11-09,growth_champion_v3,0.0201691525854218,0.6,0.4,0.15,"TSLA,NET,MDB,GLOB",4,0.6,1.0,SPY and QQQ above 200D MA
2020-01-01,2021-11-01,2021-11-02,2021-11-09,growth_champion_v2,0.0201691525854218,0.6,0.4,0.15,"TSLA,NET,MDB,GLOB",4,0.6,1.0,base cap 60%
2015-01-01,2021-11-03,2021-11-04,2021-11-11,growth_champion_v3,-0.0249114681164192,0.6,0.4,0.0,"TSLA,CCJ,GLOB,FANG",4,0.6,1.0,SPY and QQQ above 200D MA
2015-01-01,2021-11-03,2021-11-04,2021-11-11,growth_champion_v2,-0.0249114681164192,0.6,0.4,0.0,"TSLA,CCJ,GLOB,FANG",4,0.6,1.0,base cap 60%
2010-01-01,2021-11-05,2021-11-08,2021-11-15,growth_champion_v2,-0.0013559377690008,0.6,0.4,0.15,"NVDA,CCJ,DXCM,NFLX",4,0.6,1.0,base cap 60%
2008-01-01,2021-11-05,2021-11-08,2021-11-15,growth_champion_v3,-0.006166287189302,0.6,0.4,0.15,"NVDA,CCJ,AMD,NFLX",4,0.6,1.0,SPY and QQQ above 200D MA
2010-01-01,2021-11-05,2021-11-08,2021-11-15,growth_champion_v3,-0.0013559377690008,0.6,0.4,0.15,"NVDA,CCJ,DXCM,NFLX",4,0.6,1.0,SPY and QQQ above 200D MA
2008-01-01,2021-11-05,2021-11-08,2021-11-15,growth_champion_v2,-0.006166287189302,0.6,0.4,0.15,"NVDA,CCJ,AMD,NFLX",4,0.6,1.0,base cap 60%
2020-01-01,2021-11-08,2021-11-09,2021-11-16,growth_champion_v3,-0.0046362166560137,0.6,0.4,0.0,"NET,TSLA,GLOB,MDB",4,0.6,1.0,SPY and QQQ above 200D MA
2020-01-01,2021-11-08,2021-11-09,2021-11-16,growth_champion_v2,-0.0046362166560137,0.6,0.4,0.0,"NET,TSLA,GLOB,MDB",4,0.6,1.0,base cap 60%
2015-01-01,2021-11-10,2021-11-11,2021-11-18,growth_champion_v3,-0.0036035677983831,0.6,0.4,0.15,"TSLA,NVDA,GLOB,CCJ",4,0.6,1.0,SPY and QQQ above 200D MA
2015-01-01,2021-11-10,2021-11-11,2021-11-18,growth_champion_v2,-0.0036035677983831,0.6,0.4,0.15,"TSLA,NVDA,GLOB,CCJ",4,0.6,1.0,base cap 60%
2008-01-01,2021-11-12,2021-11-15,2021-11-22,growth_champion_v2,-0.0022798680319987,0.6,0.4,0.0,"CCJ,NVDA,AMD,NFLX",4,0.6,1.0,base cap 60%
2010-01-01,2021-11-12,2021-11-15,2021-11-22,growth_champion_v2,-0.0140365632195465,0.6,0.4,0.0,"CCJ,NVDA,DXCM,NFLX",4,0.6,1.0,base cap 60%
2008-01-01,2021-11-12,2021-11-15,2021-11-22,growth_champion_v3,-0.0022798680319987,0.6,0.4,0.0,"CCJ,NVDA,AMD,NFLX",4,0.6,1.0,SPY and QQQ above 200D MA
2010-01-01,2021-11-12,2021-11-15,2021-11-22,growth_champion_v3,-0.0140365632195465,0.6,0.4,0.0,"CCJ,NVDA,DXCM,NFLX",4,0.6,1.0,SPY and QQQ above 200D MA
2020-01-01,2021-11-15,2021-11-16,2021-11-23,growth_champion_v2,-0.0343610576454185,0.6,0.4,0.15,"KEEL,NET,TSLA,GLOB",4,0.6,1.0,base cap 60%
2020-01-01,2021-11-15,2021-11-16,2021-11-23,growth_champion_v3,-0.0343610576454185,0.6,0.4,0.15,"KEEL,NET,TSLA,GLOB",4,0.6,1.0,SPY and QQQ above 200D MA
2015-01-01,2021-11-17,2021-11-18,2021-11-26,growth_champion_v2,-0.0498086697948831,0.6,0.4,0.15,"TSLA,ON,GLOB,CCJ",4,0.6,1.0,base cap 60%
2015-01-01,2021-11-17,2021-11-18,2021-11-26,growth_champion_v3,-0.0498086697948831,0.6,0.4,0.15,"TSLA,ON,GLOB,CCJ",4,0.6,1.0,SPY and QQQ above 200D MA
2010-01-01,2021-11-19,2021-11-22,2021-11-30,growth_champion_v3,-0.0193957691481868,0.6,0.4,0.15,"NVDA,ON,DXCM,CCJ",4,0.6,1.0,SPY and QQQ above 200D MA
2010-01-01,2021-11-19,2021-11-22,2021-11-30,growth_champion_v2,-0.0193957691481868,0.6,0.4,0.15,"NVDA,ON,DXCM,CCJ",4,0.6,1.0,base cap 60%
2008-01-01,2021-11-19,2021-11-22,2021-11-30,growth_champion_v2,-0.0001801563315937,0.6,0.4,0.15,"NVDA,ON,AMD,CCJ",4,0.6,1.0,base cap 60%
2008-01-01,2021-11-19,2021-11-22,2021-11-30,growth_champion_v3,-0.0001801563315937,0.6,0.4,0.15,"NVDA,ON,AMD,CCJ",4,0.6,1.0,SPY and QQQ above 200D MA
2020-01-01,2021-11-22,2021-11-23,2021-12-01,growth_champion_v2,-0.0281622379217121,0.6,0.4,0.15,"TSLA,NVDA,NET,KEEL",4,0.6,1.0,base cap 60%
2020-01-01,2021-11-22,2021-11-23,2021-12-01,growth_champion_v3,-0.0281622379217121,0.6,0.4,0.15,"TSLA,NVDA,NET,KEEL",4,0.6,1.0,SPY and QQQ above 200D MA
2015-01-01,2021-11-24,2021-11-26,2021-12-03,growth_champion_v3,-0.0167022300385952,0.6,0.4,0.15,"NVDA,ON,TSLA,CCJ",4,0.6,1.0,SPY and QQQ above 200D MA
2015-01-01,2021-11-24,2021-11-26,2021-12-03,growth_champion_v2,-0.0167022300385952,0.6,0.4,0.15,"NVDA,ON,TSLA,CCJ",4,0.6,1.0,base cap 60%
2008-01-01,2021-11-29,2021-11-30,2021-12-07,growth_champion_v2,-0.0027553210213272,0.6,0.4,0.0,"AMD,NVDA,CCJ,ON",4,0.6,1.0,base cap 60%
2010-01-01,2021-11-29,2021-11-30,2021-12-07,growth_champion_v3,-0.0136885187513149,0.6,0.4,0.15,"AMD,NVDA,DXCM,CCJ",4,0.6,1.0,SPY and QQQ above 200D MA
2010-01-01,2021-11-29,2021-11-30,2021-12-07,growth_champion_v2,-0.0136885187513149,0.6,0.4,0.15,"AMD,NVDA,DXCM,CCJ",4,0.6,1.0,base cap 60%
2008-01-01,2021-11-29,2021-11-30,2021-12-07,growth_champion_v3,-0.0027553210213272,0.6,0.4,0.0,"AMD,NVDA,CCJ,ON",4,0.6,1.0,SPY and QQQ above 200D MA
2020-01-01,2021-11-30,2021-12-01,2021-12-08,growth_champion_v2,-0.0090382156019571,0.6,0.4,0.15,"AMD,NVDA,TSLA,NET",4,0.6,1.0,base cap 60%
2020-01-01,2021-11-30,2021-12-01,2021-12-08,growth_champion_v3,-0.0090382156019571,0.6,0.4,0.15,"AMD,NVDA,TSLA,NET",4,0.6,1.0,SPY and QQQ above 200D MA
2015-01-01,2021-12-02,2021-12-03,2021-12-10,growth_champion_v2,-0.0049680534988792,0.6,0.4,0.15,"NVDA,AMD,TSLA,ON",4,0.6,1.0,base cap 60%
2015-01-01,2021-12-02,2021-12-03,2021-12-10,growth_champion_v3,-0.0049680534988792,0.6,0.4,0.15,"NVDA,AMD,TSLA,ON",4,0.6,1.0,SPY and QQQ above 200D MA
2008-01-01,2021-12-06,2021-12-07,2021-12-14,growth_champion_v3,-0.0421916385735957,0.6,0.4,0.3,"MRVL,PBR,AMD,NVDA",4,0.6,1.0,SPY and QQQ above 200D MA
2010-01-01,2021-12-06,2021-12-07,2021-12-14,growth_champion_v3,-0.0421916385735957,0.6,0.4,0.3,"MRVL,PBR,AMD,NVDA",4,0.6,1.0,SPY and QQQ above 200D MA
2010-01-01,2021-12-06,2021-12-07,2021-12-14,growth_champion_v2,-0.0421916385735957,0.6,0.4,0.3,"MRVL,PBR,AMD,NVDA",4,0.6,1.0,base cap 60%
2008-01-01,2021-12-06,2021-12-07,2021-12-14,growth_champion_v2,-0.0421916385735957,0.6,0.4,0.3,"MRVL,PBR,AMD,NVDA",4,0.6,1.0,base cap 60%
2020-01-01,2021-12-07,2021-12-08,2021-12-15,growth_champion_v3,-0.0229853675709638,0.6,0.4,0.15,"MRVL,NVDA,TSLA,AMD",4,0.6,1.0,SPY and QQQ above 200D MA
2020-01-01,2021-12-07,2021-12-08,2021-12-15,growth_champion_v2,-0.0229853675709638,0.6,0.4,0.15,"MRVL,NVDA,TSLA,AMD",4,0.6,1.0,base cap 60%
2015-01-01,2021-12-09,2021-12-10,2021-12-17,growth_champion_v2,-0.0275066921242407,0.6,0.4,0.3,"MRVL,QCOM,TSLA,AMD",4,0.6,1.0,base cap 60%
2015-01-01,2021-12-09,2021-12-10,2021-12-17,growth_champion_v3,-0.0275066921242407,0.6,0.4,0.3,"MRVL,QCOM,TSLA,AMD",4,0.6,1.0,SPY and QQQ above 200D MA
2010-01-01,2021-12-13,2021-12-14,2021-12-21,growth_champion_v3,0.013273249066469,0.6,0.4,0.15,"MRVL,QCOM,AMD,NVDA",4,0.6,1.0,SPY and QQQ above 200D MA
2008-01-01,2021-12-13,2021-12-14,2021-12-21,growth_champion_v2,0.013273249066469,0.6,0.4,0.15,"MRVL,QCOM,AMD,NVDA",4,0.6,1.0,base cap 60%
2010-01-01,2021-12-13,2021-12-14,2021-12-21,growth_champion_v2,0.013273249066469,0.6,0.4,0.15,"MRVL,QCOM,AMD,NVDA",4,0.6,1.0,base cap 60%
2008-01-01,2021-12-13,2021-12-14,2021-12-21,growth_champion_v3,0.013273249066469,0.6,0.4,0.15,"MRVL,QCOM,AMD,NVDA",4,0.6,1.0,SPY and QQQ above 200D MA
2020-01-01,2021-12-14,2021-12-15,2021-12-22,growth_champion_v3,-0.0040256207943608,0.6,0.4,0.15,"MRVL,QCOM,TSLA,AMD",4,0.6,1.0,SPY and QQQ above 200D MA
2020-01-01,2021-12-14,2021-12-15,2021-12-22,growth_champion_v2,-0.0040256207943608,0.6,0.4,0.15,"MRVL,QCOM,TSLA,AMD",4,0.6,1.0,base cap 60%
2015-01-01,2021-12-16,2021-12-17,2021-12-27,growth_champion_v3,0.060177167064213,0.6,0.4,0.15,"MRVL,PBR,TSLA,AMD",4,0.6,1.0,SPY and QQQ above 200D MA
2015-01-01,2021-12-16,2021-12-17,2021-12-27,growth_champion_v2,0.060177167064213,0.6,0.4,0.15,"MRVL,PBR,TSLA,AMD",4,0.6,1.0,base cap 60%
2008-01-01,2021-12-20,2021-12-21,2021-12-29,growth_champion_v2,0.0175236107346058,0.6,0.4,0.15,"MRVL,PBR,AMD,NVDA",4,0.6,1.0,base cap 60%
2008-01-01,2021-12-20,2021-12-21,2021-12-29,growth_champion_v3,0.0175236107346058,0.6,0.4,0.15,"MRVL,PBR,AMD,NVDA",4,0.6,1.0,SPY and QQQ above 200D MA
2010-01-01,2021-12-20,2021-12-21,2021-12-29,growth_champion_v3,0.0189613334969286,0.6,0.4,0.15,"MRVL,AVGO,AMD,NVDA",4,0.6,1.0,SPY and QQQ above 200D MA
2010-01-01,2021-12-20,2021-12-21,2021-12-29,growth_champion_v2,0.0189613334969286,0.6,0.4,0.15,"MRVL,AVGO,AMD,NVDA",4,0.6,1.0,base cap 60%
2020-01-01,2021-12-21,2021-12-22,2021-12-30,growth_champion_v3,0.0112812825381259,0.6,0.4,0.15,"MRVL,AVGO,TSLA,AMD",4,0.6,1.0,SPY and QQQ above 200D MA
2020-01-01,2021-12-21,2021-12-22,2021-12-30,growth_champion_v2,0.0112812825381259,0.6,0.4,0.15,"MRVL,AVGO,TSLA,AMD",4,0.6,1.0,base cap 60%
2015-01-01,2021-12-23,2021-12-27,2022-01-03,growth_champion_v2,0.0090679391648222,0.6,0.4,0.15,"MRVL,ON,TSLA,AMD",4,0.6,1.0,base cap 60%
2015-01-01,2021-12-23,2021-12-27,2022-01-03,growth_champion_v3,0.0090679391648222,0.6,0.4,0.15,"MRVL,ON,TSLA,AMD",4,0.6,1.0,SPY and QQQ above 200D MA
2008-01-01,2021-12-28,2021-12-29,2022-01-05,growth_champion_v3,-0.0350108071134769,0.6,0.4,0.15,"MRVL,ON,AMD,NVDA",4,0.6,1.0,SPY and QQQ above 200D MA
2010-01-01,2021-12-28,2021-12-29,2022-01-05,growth_champion_v3,-0.0350108071134769,0.6,0.4,0.15,"MRVL,ON,NVDA,AMD",4,0.6,1.0,SPY and QQQ above 200D MA
2008-01-01,2021-12-28,2021-12-29,2022-01-05,growth_champion_v2,-0.0350108071134769,0.6,0.4,0.15,"MRVL,ON,AMD,NVDA",4,0.6,1.0,base cap 60%
2010-01-01,2021-12-28,2021-12-29,2022-01-05,growth_champion_v2,-0.0350108071134769,0.6,0.4,0.15,"MRVL,ON,NVDA,AMD",4,0.6,1.0,base cap 60%
2020-01-01,2021-12-29,2021-12-30,2022-01-06,growth_champion_v3,-0.0139790006923933,0.6,0.4,0.15,"MRVL,ON,TSLA,AMD",4,0.6,1.0,SPY and QQQ above 200D MA
2020-01-01,2021-12-29,2021-12-30,2022-01-06,growth_champion_v2,-0.0139790006923933,0.6,0.4,0.15,"MRVL,ON,TSLA,AMD",4,0.6,1.0,base cap 60%
2015-01-01,2021-12-31,2022-01-03,2022-01-10,growth_champion_v3,-0.0587284010729696,0.6,0.4,0.0,"ON,MRVL,TSLA,AMD",4,0.6,1.0,SPY and QQQ above 200D MA
2015-01-01,2021-12-31,2022-01-03,2022-01-10,growth_champion_v2,-0.0587284010729696,0.6,0.4,0.0,"ON,MRVL,TSLA,AMD",4,0.6,1.0,base cap 60%
2008-01-01,2022-01-04,2022-01-05,2022-01-12,growth_champion_v2,0.0008911356200889,0.6,0.4,0.15,"ON,QCOM,AMD,MRVL",4,0.6,1.0,base cap 60%
2010-01-01,2022-01-04,2022-01-05,2022-01-12,growth_champion_v2,0.0008911356200889,0.6,0.4,0.15,"ON,QCOM,AMD,MRVL",4,0.6,1.0,base cap 60%
2010-01-01,2022-01-04,2022-01-05,2022-01-12,growth_champion_v3,0.0008911356200889,0.6,0.4,0.15,"ON,QCOM,AMD,MRVL",4,0.6,1.0,SPY and QQQ above 200D MA
2008-01-01,2022-01-04,2022-01-05,2022-01-12,growth_champion_v3,0.0008911356200889,0.6,0.4,0.15,"ON,QCOM,AMD,MRVL",4,0.6,1.0,SPY and QQQ above 200D MA
2020-01-01,2022-01-05,2022-01-06,2022-01-13,growth_champion_v2,-0.015994972800608,0.6,0.4,0.15,"ON,QCOM,TSLA,AMD",4,0.6,1.0,base cap 60%
2020-01-01,2022-01-05,2022-01-06,2022-01-13,growth_champion_v3,-0.015994972800608,0.6,0.4,0.15,"ON,QCOM,TSLA,AMD",4,0.6,1.0,SPY and QQQ above 200D MA
2015-01-01,2022-01-07,2022-01-10,2022-01-18,growth_champion_v2,-0.0104373135243433,0.6,0.4,0.15,"ON,MU,TSLA,AMD",4,0.6,1.0,base cap 60%
2015-01-01,2022-01-07,2022-01-10,2022-01-18,growth_champion_v3,-0.0104373135243433,0.6,0.4,0.15,"ON,MU,TSLA,AMD",4,0.6,1.0,SPY and QQQ above 200D MA
2008-01-01,2022-01-11,2022-01-12,2022-01-20,growth_champion_v2,-0.0772100251849313,0.6,0.4,0.15,"ON,MU,AMD,MRVL",4,0.6,1.0,base cap 60%
2010-01-01,2022-01-11,2022-01-12,2022-01-20,growth_champion_v3,-0.0772100251849313,0.6,0.4,0.15,"ON,MU,AMD,MRVL",4,0.6,1.0,SPY and QQQ above 200D MA
2010-01-01,2022-01-11,2022-01-12,2022-01-20,growth_champion_v2,-0.0772100251849313,0.6,0.4,0.15,"ON,MU,AMD,MRVL",4,0.6,1.0,base cap 60%
2008-01-01,2022-01-11,2022-01-12,2022-01-20,growth_champion_v3,-0.0772100251849313,0.6,0.4,0.15,"ON,MU,AMD,MRVL",4,0.6,1.0,SPY and QQQ above 200D MA
2020-01-01,2022-01-12,2022-01-13,2022-01-21,growth_champion_v2,-0.0729602923009164,0.6,0.4,0.15,"ON,MU,TSLA,AMD",4,0.6,1.0,base cap 60%
2020-01-01,2022-01-12,2022-01-13,2022-01-21,growth_champion_v3,-0.0729602923009164,0.6,0.4,0.15,"ON,MU,TSLA,AMD",4,0.6,1.0,SPY and QQQ above 200D MA
2015-01-01,2022-01-14,2022-01-18,2022-01-25,growth_champion_v3,-0.0826997722892059,0.6,0.4,0.0,"MU,ON,TSLA,AMD",4,0.6,1.0,SPY and QQQ above 200D MA
2015-01-01,2022-01-14,2022-01-18,2022-01-25,growth_champion_v2,-0.0826997722892059,0.6,0.4,0.0,"MU,ON,TSLA,AMD",4,0.6,1.0,base cap 60%
2010-01-01,2022-01-19,2022-01-20,2022-01-27,growth_champion_v3,-0.0396458539974517,0.6,0.4,0.15,"PBR,MU,AMD,MRVL",4,0.6,1.0,SPY and QQQ above 200D MA
2008-01-01,2022-01-19,2022-01-20,2022-01-27,growth_champion_v2,-0.0396458539974517,0.6,0.4,0.15,"PBR,MU,AMD,MRVL",4,0.6,1.0,base cap 60%
2010-01-01,2022-01-19,2022-01-20,2022-01-27,growth_champion_v2,-0.0396458539974517,0.6,0.4,0.15,"PBR,MU,AMD,MRVL",4,0.6,1.0,base cap 60%
2008-01-01,2022-01-19,2022-01-20,2022-01-27,growth_champion_v3,-0.0396458539974517,0.6,0.4,0.15,"PBR,MU,AMD,MRVL",4,0.6,1.0,SPY and QQQ above 200D MA
2020-01-01,2022-01-20,2022-01-21,2022-01-28,growth_champion_v2,-0.0116019920394892,0.6,0.4,0.3,"PBR,BHP,TSLA,ON",4,0.6,1.0,base cap 60%
2020-01-01,2022-01-20,2022-01-21,2022-01-28,growth_champion_v3,-0.0116019920394892,0.6,0.4,0.3,"PBR,BHP,TSLA,ON",4,0.6,1.0,SPY and QQQ above 200D MA
2015-01-01,2022-01-24,2022-01-25,2022-02-01,growth_champion_v2,0.0392806200284703,0.6,0.4,0.3,"PBR,VRTX,ON,MU",4,0.6,1.0,base cap 60%
2015-01-01,2022-01-24,2022-01-25,2022-02-01,growth_champion_v3,0.0163669250118626,0.25,0.75,0.125,"PBR,VRTX,ON,MU",4,0.25,0.4166666666666667,SPY and QQQ below 200D MA
2010-01-01,2022-01-26,2022-01-27,2022-02-03,growth_champion_v2,0.009321292437918,0.6,0.4,0.3,"PBR,VALE,MU",3,0.6,1.0,base cap 60%
2008-01-01,2022-01-26,2022-01-27,2022-02-03,growth_champion_v3,0.0038838718491325,0.25,0.75,0.125,"PBR,VALE,MU",3,0.25,0.4166666666666667,SPY and QQQ below 200D MA
2008-01-01,2022-01-26,2022-01-27,2022-02-03,growth_champion_v2,0.009321292437918,0.6,0.4,0.3,"PBR,VALE,MU",3,0.6,1.0,base cap 60%
2010-01-01,2022-01-26,2022-01-27,2022-02-03,growth_champion_v3,0.0038838718491325,0.25,0.75,0.125,"PBR,VALE,MU",3,0.25,0.4166666666666667,SPY and QQQ below 200D MA
2020-01-01,2022-01-27,2022-01-28,2022-02-04,growth_champion_v2,0.0213447238484662,0.6,0.4,0.3,"PBR,VALE,BHP",3,0.6,1.0,base cap 60%
2020-01-01,2022-01-27,2022-01-28,2022-02-04,growth_champion_v3,0.0088936349368609,0.25,0.75,0.125,"PBR,VALE,BHP",3,0.25,0.4166666666666667,SPY and QQQ below 200D MA
2015-01-01,2022-01-31,2022-02-01,2022-02-08,growth_champion_v2,-0.0052287272594756,0.6,0.4,0.1499999999999999,"PBR,VRTX,MU",3,0.6,1.0,base cap 60%
2015-01-01,2022-01-31,2022-02-01,2022-02-08,growth_champion_v3,-0.0034858181729837,0.4,0.6,0.0999999999999999,"PBR,VRTX,MU",3,0.4,0.6666666666666667,one benchmark below 200D MA
2008-01-01,2022-02-02,2022-02-03,2022-02-10,growth_champion_v3,0.0468820219677203,0.6,0.4,0.0,"PBR,VALE,MU",3,0.6,1.0,SPY and QQQ above 200D MA
2008-01-01,2022-02-02,2022-02-03,2022-02-10,growth_champion_v2,0.0468820219677203,0.6,0.4,0.0,"PBR,VALE,MU",3,0.6,1.0,base cap 60%
2010-01-01,2022-02-02,2022-02-03,2022-02-10,growth_champion_v2,0.0468820219677203,0.6,0.4,0.0,"PBR,VALE,MU",3,0.6,1.0,base cap 60%
2010-01-01,2022-02-02,2022-02-03,2022-02-10,growth_champion_v3,0.0468820219677203,0.6,0.4,0.0,"PBR,VALE,MU",3,0.6,1.0,SPY and QQQ above 200D MA
2020-01-01,2022-02-03,2022-02-04,2022-02-11,growth_champion_v2,0.0295689674873188,0.6,0.4,0.0,"PBR,VALE,BHP",3,0.6,1.0,base cap 60%
2020-01-01,2022-02-03,2022-02-04,2022-02-11,growth_champion_v3,0.0295689674873188,0.6,0.4,0.0,"PBR,VALE,BHP",3,0.6,1.0,SPY and QQQ above 200D MA
2015-01-01,2022-02-07,2022-02-08,2022-02-15,growth_champion_v2,0.0193011403302209,0.6,0.4,0.1499999999999999,"PBR,VALE,VRTX,MU",4,0.6,1.0,base cap 60%
2015-01-01,2022-02-07,2022-02-08,2022-02-15,growth_champion_v3,0.0128674268868139,0.4,0.6,0.0999999999999999,"PBR,VALE,VRTX,MU",4,0.4,0.6666666666666667,one benchmark below 200D MA
2010-01-01,2022-02-09,2022-02-10,2022-02-17,growth_champion_v2,-0.002458529546911,0.6,0.4,0.0,"PBR,VALE,MU",3,0.6,1.0,base cap 60%
2010-01-01,2022-02-09,2022-02-10,2022-02-17,growth_champion_v3,-0.0016390196979406,0.4,0.6,0.0,"PBR,VALE,MU",3,0.4,0.6666666666666667,one benchmark below 200D MA
2008-01-01,2022-02-09,2022-02-10,2022-02-17,growth_champion_v2,-0.002458529546911,0.6,0.4,0.0,"PBR,VALE,MU",3,0.6,1.0,base cap 60%
2008-01-01,2022-02-09,2022-02-10,2022-02-17,growth_champion_v3,-0.0016390196979406,0.4,0.6,0.0,"PBR,VALE,MU",3,0.4,0.6666666666666667,one benchmark below 200D MA
2020-01-01,2022-02-10,2022-02-11,2022-02-18,growth_champion_v3,-0.0115512633569859,0.6,0.4,0.0,"PBR,VALE,BHP",3,0.6,1.0,SPY and QQQ above 200D MA
2020-01-01,2022-02-10,2022-02-11,2022-02-18,growth_champion_v2,-0.0115512633569859,0.6,0.4,0.0,"PBR,VALE,BHP",3,0.6,1.0,base cap 60%
2015-01-01,2022-02-14,2022-02-15,2022-02-23,growth_champion_v3,-0.0023261268106323,0.25,0.75,0.0,"PBR,VALE,MU,VRTX",4,0.25,0.4166666666666667,SPY and QQQ below 200D MA
2015-01-01,2022-02-14,2022-02-15,2022-02-23,growth_champion_v2,-0.0055827043455177,0.6,0.4,0.0,"PBR,VALE,MU,VRTX",4,0.6,1.0,base cap 60%
2008-01-01,2022-02-16,2022-02-17,2022-02-25,growth_champion_v3,0.0067351444841202,0.4,0.6,0.0,"PBR,VALE,MU",3,0.4,0.6666666666666667,one benchmark below 200D MA
2008-01-01,2022-02-16,2022-02-17,2022-02-25,growth_champion_v2,0.0101027167261803,0.6,0.4,0.0,"PBR,VALE,MU",3,0.6,1.0,base cap 60%
2010-01-01,2022-02-16,2022-02-17,2022-02-25,growth_champion_v2,0.0101027167261803,0.6,0.4,0.0,"PBR,VALE,MU",3,0.6,1.0,base cap 60%
2010-01-01,2022-02-16,2022-02-17,2022-02-25,growth_champion_v3,0.0067351444841202,0.4,0.6,0.0,"PBR,VALE,MU",3,0.4,0.6666666666666667,one benchmark below 200D MA
2020-01-01,2022-02-17,2022-02-18,2022-02-28,growth_champion_v2,0.0523593471137796,0.6,0.4,0.1499999999999999,"PBR,VIST,VALE,BHP",4,0.6,1.0,base cap 60%
2020-01-01,2022-02-17,2022-02-18,2022-02-28,growth_champion_v3,0.0349062314091864,0.4,0.6,0.0999999999999999,"PBR,VIST,VALE,BHP",4,0.4,0.6666666666666667,one benchmark below 200D MA
2015-01-01,2022-02-22,2022-02-23,2022-03-02,growth_champion_v2,0.0328591742821309,0.6,0.4,0.0,"PBR,VALE,VRTX,MU",4,0.6,1.0,base cap 60%
2015-01-01,2022-02-22,2022-02-23,2022-03-02,growth_champion_v3,0.0136913226175545,0.25,0.75,0.0,"PBR,VALE,VRTX,MU",4,0.25,0.4166666666666667,SPY and QQQ below 200D MA
2010-01-01,2022-02-24,2022-02-25,2022-03-04,growth_champion_v2,0.01248082844946,0.6,0.4,0.0,"PBR,VALE,MU",3,0.6,1.0,base cap 60%
2010-01-01,2022-02-24,2022-02-25,2022-03-04,growth_champion_v3,0.005200345187275,0.25,0.75,0.0,"PBR,VALE,MU",3,0.25,0.4166666666666667,SPY and QQQ below 200D MA
2008-01-01,2022-02-24,2022-02-25,2022-03-04,growth_champion_v3,0.005200345187275,0.25,0.75,0.0,"PBR,VALE,MU",3,0.25,0.4166666666666667,SPY and QQQ below 200D MA
2008-01-01,2022-02-24,2022-02-25,2022-03-04,growth_champion_v2,0.01248082844946,0.6,0.4,0.0,"PBR,VALE,MU",3,0.6,1.0,base cap 60%
2020-01-01,2022-02-25,2022-02-28,2022-03-07,growth_champion_v2,0.020465074111338,0.6,0.4,0.0,"VIST,VALE,PBR,BHP",4,0.6,1.0,base cap 60%
2020-01-01,2022-02-25,2022-02-28,2022-03-07,growth_champion_v3,0.0085271142130575,0.25,0.75,0.0,"VIST,VALE,PBR,BHP",4,0.25,0.4166666666666667,SPY and QQQ below 200D MA
2015-01-01,2022-03-01,2022-03-02,2022-03-09,growth_champion_v2,-0.0276770648310549,0.6,0.4,0.0,"VALE,PBR,MU,VRTX",4,0.6,1.0,base cap 60%
2015-01-01,2022-03-01,2022-03-02,2022-03-09,growth_champion_v3,-0.0115321103462728,0.25,0.75,0.0,"VALE,PBR,MU,VRTX",4,0.25,0.4166666666666667,SPY and QQQ below 200D MA
2010-01-01,2022-03-03,2022-03-04,2022-03-11,growth_champion_v3,-0.0151768039810013,0.25,0.75,0.0624999999999999,"VALE,BHP,PBR,MU",4,0.25,0.4166666666666667,SPY and QQQ below 200D MA
2008-01-01,2022-03-03,2022-03-04,2022-03-11,growth_champion_v2,-0.0364243295544032,0.6,0.4,0.1499999999999999,"VALE,BHP,PBR,MU",4,0.6,1.0,base cap 60%
2008-01-01,2022-03-03,2022-03-04,2022-03-11,growth_champion_v3,-0.0151768039810013,0.25,0.75,0.0624999999999999,"VALE,BHP,PBR,MU",4,0.25,0.4166666666666667,SPY and QQQ below 200D MA
2010-01-01,2022-03-03,2022-03-04,2022-03-11,growth_champion_v2,-0.0364243295544032,0.6,0.4,0.1499999999999999,"VALE,BHP,PBR,MU",4,0.6,1.0,base cap 60%
2020-01-01,2022-03-04,2022-03-07,2022-03-14,growth_champion_v3,-0.0153412902539682,0.25,0.75,0.0,"VIST,VALE,PBR,BHP",4,0.25,0.4166666666666667,SPY and QQQ below 200D MA
2020-01-01,2022-03-04,2022-03-07,2022-03-14,growth_champion_v2,-0.0368190966095238,0.6,0.4,0.0,"VIST,VALE,PBR,BHP",4,0.6,1.0,base cap 60%
2015-01-01,2022-03-08,2022-03-09,2022-03-16,growth_champion_v2,-0.0091573414668302,0.6,0.4,0.15,"BKR,VALE,VRTX,PBR",4,0.6,1.0,base cap 60%
2015-01-01,2022-03-08,2022-03-09,2022-03-16,growth_champion_v3,-0.0038155589445125,0.25,0.75,0.0625,"BKR,VALE,VRTX,PBR",4,0.25,0.4166666666666667,SPY and QQQ below 200D MA
2010-01-01,2022-03-10,2022-03-11,2022-03-18,growth_champion_v2,-0.0143472605849974,0.6,0.4,0.15,"BKR,VALE,PBR,BHP",4,0.6,1.0,base cap 60%
2008-01-01,2022-03-10,2022-03-11,2022-03-18,growth_champion_v3,-0.0059780252437489,0.25,0.75,0.0625,"BKR,VALE,PBR,BHP",4,0.25,0.4166666666666667,SPY and QQQ below 200D MA
2010-01-01,2022-03-10,2022-03-11,2022-03-18,growth_champion_v3,-0.0059780252437489,0.25,0.75,0.0625,"BKR,VALE,PBR,BHP",4,0.25,0.4166666666666667,SPY and QQQ below 200D MA
2008-01-01,2022-03-10,2022-03-11,2022-03-18,growth_champion_v2,-0.0143472605849974,0.6,0.4,0.15,"BKR,VALE,PBR,BHP",4,0.6,1.0,base cap 60%
2020-01-01,2022-03-11,2022-03-14,2022-03-21,growth_champion_v3,0.0116490016355569,0.25,0.75,0.0625,"BKR,VIST,VALE,PBR",4,0.25,0.4166666666666667,SPY and QQQ below 200D MA
2020-01-01,2022-03-11,2022-03-14,2022-03-21,growth_champion_v2,0.0279576039253367,0.6,0.4,0.15,"BKR,VIST,VALE,PBR",4,0.6,1.0,base cap 60%
2015-01-01,2022-03-15,2022-03-16,2022-03-23,growth_champion_v3,0.0268805348381417,0.25,0.75,0.0625,"BKR,EC,VALE,PBR",4,0.25,0.4166666666666667,SPY and QQQ below 200D MA
2015-01-01,2022-03-15,2022-03-16,2022-03-23,growth_champion_v2,0.0645132836115401,0.6,0.4,0.15,"BKR,EC,VALE,PBR",4,0.6,1.0,base cap 60%
2010-01-01,2022-03-17,2022-03-18,2022-03-25,growth_champion_v3,0.0216416225480556,0.25,0.75,0.0,"BKR,VALE,PBR,BHP",4,0.25,0.4166666666666667,SPY and QQQ below 200D MA
2010-01-01,2022-03-17,2022-03-18,2022-03-25,growth_champion_v2,0.0519398941153335,0.6,0.4,0.0,"BKR,VALE,PBR,BHP",4,0.6,1.0,base cap 60%
2008-01-01,2022-03-17,2022-03-18,2022-03-25,growth_champion_v3,0.0216416225480556,0.25,0.75,0.0,"BKR,VALE,PBR,BHP",4,0.25,0.4166666666666667,SPY and QQQ below 200D MA
2008-01-01,2022-03-17,2022-03-18,2022-03-25,growth_champion_v2,0.0519398941153335,0.6,0.4,0.0,"BKR,VALE,PBR,BHP",4,0.6,1.0,base cap 60%
2020-01-01,2022-03-18,2022-03-21,2022-03-28,growth_champion_v2,0.0207379701808585,0.6,0.4,0.0,"BKR,VIST,VALE,PBR",4,0.6,1.0,base cap 60%
2020-01-01,2022-03-18,2022-03-21,2022-03-28,growth_champion_v3,0.008640820908691,0.25,0.75,0.0,"BKR,VIST,VALE,PBR",4,0.25,0.4166666666666667,SPY and QQQ below 200D MA
2015-01-01,2022-03-22,2022-03-23,2022-03-30,growth_champion_v3,-0.002619524412032,0.4,0.6,0.1,"BKR,CCJ,VALE,EC",4,0.4,0.6666666666666667,one benchmark below 200D MA
2015-01-01,2022-03-22,2022-03-23,2022-03-30,growth_champion_v2,-0.0039292866180481,0.6,0.4,0.15,"BKR,CCJ,VALE,EC",4,0.6,1.0,base cap 60%
2010-01-01,2022-03-24,2022-03-25,2022-04-01,growth_champion_v2,0.0098557454713188,0.6,0.4,0.0,"BKR,VALE,PBR,BHP",4,0.6,1.0,base cap 60%
2008-01-01,2022-03-24,2022-03-25,2022-04-01,growth_champion_v2,0.0098557454713188,0.6,0.4,0.0,"BKR,VALE,PBR,BHP",4,0.6,1.0,base cap 60%
2008-01-01,2022-03-24,2022-03-25,2022-04-01,growth_champion_v3,0.0065704969808792,0.4,0.6,0.0,"BKR,VALE,PBR,BHP",4,0.4,0.6666666666666667,one benchmark below 200D MA
2010-01-01,2022-03-24,2022-03-25,2022-04-01,growth_champion_v3,0.0065704969808792,0.4,0.6,0.0,"BKR,VALE,PBR,BHP",4,0.4,0.6666666666666667,one benchmark below 200D MA
2020-01-01,2022-03-25,2022-03-28,2022-04-04,growth_champion_v3,0.0177098024043476,0.4,0.6,0.0,"VIST,BKR,VALE,PBR",4,0.4,0.6666666666666667,one benchmark below 200D MA
2020-01-01,2022-03-25,2022-03-28,2022-04-04,growth_champion_v2,0.0265647036065214,0.6,0.4,0.0,"VIST,BKR,VALE,PBR",4,0.6,1.0,base cap 60%
2015-01-01,2022-03-29,2022-03-30,2022-04-06,growth_champion_v2,-0.0012316323368319,0.6,0.4,0.0,"BKR,VALE,CCJ,EC",4,0.6,1.0,base cap 60%
2015-01-01,2022-03-29,2022-03-30,2022-04-06,growth_champion_v3,-0.0008210882245546,0.4,0.6,0.0,"BKR,VALE,CCJ,EC",4,0.4,0.6666666666666667,one benchmark below 200D MA
2008-01-01,2022-03-31,2022-04-01,2022-04-08,growth_champion_v2,0.0020513683209872,0.6,0.4,0.0,"VALE,BKR,PBR,BHP",4,0.6,1.0,base cap 60%
2010-01-01,2022-03-31,2022-04-01,2022-04-08,growth_champion_v3,0.0013675788806581,0.4,0.6,0.0,"VALE,BKR,PBR,BHP",4,0.4,0.6666666666666667,one benchmark below 200D MA
2008-01-01,2022-03-31,2022-04-01,2022-04-08,growth_champion_v3,0.0013675788806581,0.4,0.6,0.0,"VALE,BKR,PBR,BHP",4,0.4,0.6666666666666667,one benchmark below 200D MA
2010-01-01,2022-03-31,2022-04-01,2022-04-08,growth_champion_v2,0.0020513683209872,0.6,0.4,0.0,"VALE,BKR,PBR,BHP",4,0.6,1.0,base cap 60%
2020-01-01,2022-04-01,2022-04-04,2022-04-11,growth_champion_v2,-0.0294977358328119,0.6,0.4,0.15,"ASTS,VIST,VALE,PBR",4,0.6,1.0,base cap 60%
2020-01-01,2022-04-01,2022-04-04,2022-04-11,growth_champion_v3,-0.0196651572218746,0.4,0.6,0.1,"ASTS,VIST,VALE,PBR",4,0.4,0.6666666666666667,one benchmark below 200D MA
2015-01-01,2022-04-05,2022-04-06,2022-04-13,growth_champion_v2,0.0225302297694458,0.6,0.4,0.0,"EC,VALE,CCJ,BKR",4,0.6,1.0,base cap 60%
2015-01-01,2022-04-05,2022-04-06,2022-04-13,growth_champion_v3,0.0225302297694458,0.6,0.4,0.0,"EC,VALE,CCJ,BKR",4,0.6,1.0,SPY and QQQ above 200D MA
2010-01-01,2022-04-07,2022-04-08,2022-04-18,growth_champion_v3,-0.0018110701576286,0.4,0.6,0.1,"EC,VALE,PBR,BKR",4,0.4,0.6666666666666667,one benchmark below 200D MA
2008-01-01,2022-04-07,2022-04-08,2022-04-18,growth_champion_v2,-0.0029920550339562,0.6,0.4,0.0,"VALE,PBR,BKR,BHP",4,0.6,1.0,base cap 60%
2010-01-01,2022-04-07,2022-04-08,2022-04-18,growth_champion_v2,-0.0027166052364429,0.6,0.4,0.15,"EC,VALE,PBR,BKR",4,0.6,1.0,base cap 60%
2008-01-01,2022-04-07,2022-04-08,2022-04-18,growth_champion_v3,-0.0019947033559708,0.4,0.6,0.0,"VALE,PBR,BKR,BHP",4,0.4,0.6666666666666667,one benchmark below 200D MA
2020-01-01,2022-04-08,2022-04-11,2022-04-19,growth_champion_v2,-0.0200209116020808,0.6,0.4,0.0,"VIST,ASTS,VALE,PBR",4,0.6,1.0,base cap 60%
2020-01-01,2022-04-08,2022-04-11,2022-04-19,growth_champion_v3,-0.0133472744013872,0.4,0.6,0.0,"VIST,ASTS,VALE,PBR",4,0.4,0.6666666666666667,one benchmark below 200D MA
2015-01-01,2022-04-12,2022-04-13,2022-04-21,growth_champion_v2,-0.0527939634270931,0.6,0.4,0.0,"CCJ,VALE,BKR,EC",4,0.6,1.0,base cap 60%
2015-01-01,2022-04-12,2022-04-13,2022-04-21,growth_champion_v3,-0.0219974847612887,0.25,0.75,0.0,"CCJ,VALE,BKR,EC",4,0.25,0.4166666666666667,SPY and QQQ below 200D MA
2008-01-01,2022-04-14,2022-04-18,2022-04-25,growth_champion_v3,-0.0331203848779266,0.25,0.75,0.0625,"CCJ,BKR,VALE,PBR",4,0.25,0.4166666666666667,SPY and QQQ below 200D MA
2008-01-01,2022-04-14,2022-04-18,2022-04-25,growth_champion_v2,-0.079488923707024,0.6,0.4,0.15,"CCJ,BKR,VALE,PBR",4,0.6,1.0,base cap 60%
2010-01-01,2022-04-14,2022-04-18,2022-04-25,growth_champion_v3,-0.0331203848779266,0.25,0.75,0.0625,"CCJ,BKR,VALE,PBR",4,0.25,0.4166666666666667,SPY and QQQ below 200D MA
2010-01-01,2022-04-14,2022-04-18,2022-04-25,growth_champion_v2,-0.079488923707024,0.6,0.4,0.15,"CCJ,BKR,VALE,PBR",4,0.6,1.0,base cap 60%
2020-01-01,2022-04-18,2022-04-19,2022-04-26,growth_champion_v3,-0.0330092285918131,0.25,0.75,0.0625,"VIST,CCJ,VALE,ASTS",4,0.25,0.4166666666666667,SPY and QQQ below 200D MA
2020-01-01,2022-04-18,2022-04-19,2022-04-26,growth_champion_v2,-0.0792221486203515,0.6,0.4,0.15,"VIST,CCJ,VALE,ASTS",4,0.6,1.0,base cap 60%
2015-01-01,2022-04-20,2022-04-21,2022-04-28,growth_champion_v2,-0.0266657972932999,0.6,0.4,0.0,"CCJ,EC,VALE,BKR",4,0.6,1.0,base cap 60%
2015-01-01,2022-04-20,2022-04-21,2022-04-28,growth_champion_v3,-0.0111107488722082,0.25,0.75,0.0,"CCJ,EC,VALE,BKR",4,0.25,0.4166666666666667,SPY and QQQ below 200D MA
2008-01-01,2022-04-22,2022-04-25,2022-05-02,growth_champion_v2,-0.0199554631619684,0.6,0.4,0.15,"CCJ,EXC,VALE,PBR",4,0.6,1.0,base cap 60%
2008-01-01,2022-04-22,2022-04-25,2022-05-02,growth_champion_v3,-0.0083147763174868,0.25,0.75,0.0625,"CCJ,EXC,VALE,PBR",4,0.25,0.4166666666666667,SPY and QQQ below 200D MA
2010-01-01,2022-04-22,2022-04-25,2022-05-02,growth_champion_v2,-0.0199554631619684,0.6,0.4,0.15,"CCJ,EXC,VALE,PBR",4,0.6,1.0,base cap 60%
2010-01-01,2022-04-22,2022-04-25,2022-05-02,growth_champion_v3,-0.0083147763174868,0.25,0.75,0.0625,"CCJ,EXC,VALE,PBR",4,0.25,0.4166666666666667,SPY and QQQ below 200D MA
2020-01-01,2022-04-25,2022-04-26,2022-05-03,growth_champion_v3,0.0196091868059903,0.25,0.75,0.0624999999999999,"CCJ,ASTS,VIST",3,0.25,0.4166666666666667,SPY and QQQ below 200D MA
2020-01-01,2022-04-25,2022-04-26,2022-05-03,growth_champion_v2,0.0470620483343768,0.6,0.4,0.1499999999999999,"CCJ,ASTS,VIST",3,0.6,1.0,base cap 60%
2015-01-01,2022-04-27,2022-04-28,2022-05-05,growth_champion_v2,-0.0224146873313056,0.6,0.4,0.0,"CCJ,EC,VALE,BKR",4,0.6,1.0,base cap 60%
2015-01-01,2022-04-27,2022-04-28,2022-05-05,growth_champion_v3,-0.0093394530547106,0.25,0.75,0.0,"CCJ,EC,VALE,BKR",4,0.25,0.4166666666666667,SPY and QQQ below 200D MA
2008-01-01,2022-04-29,2022-05-02,2022-05-09,growth_champion_v2,-0.0318942720973297,0.6,0.4,0.15,"CCJ,AZN,EXC,PBR",4,0.6,1.0,base cap 60%
2010-01-01,2022-04-29,2022-05-02,2022-05-09,growth_champion_v3,-0.0137666854353866,0.25,0.75,0.0625,"CCJ,EC,EXC,PBR",4,0.25,0.4166666666666667,SPY and QQQ below 200D MA
2010-01-01,2022-04-29,2022-05-02,2022-05-09,growth_champion_v2,-0.033040045044928,0.6,0.4,0.15,"CCJ,EC,EXC,PBR",4,0.6,1.0,base cap 60%
2008-01-01,2022-04-29,2022-05-02,2022-05-09,growth_champion_v3,-0.013289280040554,0.25,0.75,0.0625,"CCJ,AZN,EXC,PBR",4,0.25,0.4166666666666667,SPY and QQQ below 200D MA
2020-01-01,2022-05-02,2022-05-03,2022-05-10,growth_champion_v3,-0.0385992056739599,0.25,0.75,0.0,"ASTS,VIST,CCJ",3,0.25,0.4166666666666667,SPY and QQQ below 200D MA
2020-01-01,2022-05-02,2022-05-03,2022-05-10,growth_champion_v2,-0.0926380936175039,0.6,0.4,0.0,"ASTS,VIST,CCJ",3,0.6,1.0,base cap 60%
2015-01-01,2022-05-04,2022-05-05,2022-05-12,growth_champion_v2,-0.0427598639498714,0.6,0.4,0.15,"SMCI,CCJ,BKR,EC",4,0.6,1.0,base cap 60%
2015-01-01,2022-05-04,2022-05-05,2022-05-12,growth_champion_v3,-0.017816609979113,0.25,0.75,0.0625,"SMCI,CCJ,BKR,EC",4,0.25,0.4166666666666667,SPY and QQQ below 200D MA
2008-01-01,2022-05-06,2022-05-09,2022-05-16,growth_champion_v3,0.014490154703869,0.25,0.75,0.0625,"SMCI,PBR,AZN,EXC",4,0.25,0.4166666666666667,SPY and QQQ below 200D MA
2008-01-01,2022-05-06,2022-05-09,2022-05-16,growth_champion_v2,0.0347763712892857,0.6,0.4,0.15,"SMCI,PBR,AZN,EXC",4,0.6,1.0,base cap 60%
2010-01-01,2022-05-06,2022-05-09,2022-05-16,growth_champion_v3,0.0136173784638302,0.25,0.75,0.0625,"SMCI,EC,PBR,EXC",4,0.25,0.4166666666666667,SPY and QQQ below 200D MA
2010-01-01,2022-05-06,2022-05-09,2022-05-16,growth_champion_v2,0.0326817083131926,0.6,0.4,0.15,"SMCI,EC,PBR,EXC",4,0.6,1.0,base cap 60%
2020-01-01,2022-05-09,2022-05-10,2022-05-17,growth_champion_v3,0.0101858941911267,0.25,0.75,0.1666666666666666,"SMCI,KHC,ASTS",3,0.25,0.4166666666666667,SPY and QQQ below 200D MA
2020-01-01,2022-05-09,2022-05-10,2022-05-17,growth_champion_v2,0.0244461460587041,0.6,0.4,0.3999999999999999,"SMCI,KHC,ASTS",3,0.6,1.0,base cap 60%
2015-01-01,2022-05-11,2022-05-12,2022-05-19,growth_champion_v2,0.002605594366047,0.6,0.4,0.15,"SMCI,AEP,EC,BKR",4,0.6,1.0,base cap 60%
2015-01-01,2022-05-11,2022-05-12,2022-05-19,growth_champion_v3,0.0010856643191862,0.25,0.75,0.0625,"SMCI,AEP,EC,BKR",4,0.25,0.4166666666666667,SPY and QQQ below 200D MA
2008-01-01,2022-05-13,2022-05-16,2022-05-23,growth_champion_v3,0.00397355446313,0.25,0.75,0.0625,"SMCI,AEP,PBR,EXC",4,0.25,0.4166666666666667,SPY and QQQ below 200D MA
2010-01-01,2022-05-13,2022-05-16,2022-05-23,growth_champion_v3,0.00397355446313,0.25,0.75,0.0625,"SMCI,AEP,PBR,EXC",4,0.25,0.4166666666666667,SPY and QQQ below 200D MA
2010-01-01,2022-05-13,2022-05-16,2022-05-23,growth_champion_v2,0.0095365307115121,0.6,0.4,0.15,"SMCI,AEP,PBR,EXC",4,0.6,1.0,base cap 60%
2008-01-01,2022-05-13,2022-05-16,2022-05-23,growth_champion_v2,0.0095365307115121,0.6,0.4,0.15,"SMCI,AEP,PBR,EXC",4,0.6,1.0,base cap 60%
2020-01-01,2022-05-16,2022-05-17,2022-05-24,growth_champion_v3,-0.0206500908957021,0.25,0.75,0.0,"SMCI,KHC,ASTS",3,0.25,0.4166666666666667,SPY and QQQ below 200D MA
2020-01-01,2022-05-16,2022-05-17,2022-05-24,growth_champion_v2,-0.0495602181496851,0.6,0.4,0.0,"SMCI,KHC,ASTS",3,0.6,1.0,base cap 60%
2015-01-01,2022-05-18,2022-05-19,2022-05-26,growth_champion_v3,0.0061855998877144,0.25,0.75,0.0624999999999999,"SMCI,BKR,AEP",3,0.25,0.4166666666666667,SPY and QQQ below 200D MA
2015-01-01,2022-05-18,2022-05-19,2022-05-26,growth_champion_v2,0.0148454397305147,0.6,0.4,0.1499999999999999,"SMCI,BKR,AEP",3,0.6,1.0,base cap 60%
2010-01-01,2022-05-20,2022-05-23,2022-05-31,growth_champion_v2,-0.0004490803848368,0.6,0.4,0.0,"SMCI,PBR,AEP,EXC",4,0.6,1.0,base cap 60%
2008-01-01,2022-05-20,2022-05-23,2022-05-31,growth_champion_v2,-0.0004490803848368,0.6,0.4,0.0,"SMCI,PBR,AEP,EXC",4,0.6,1.0,base cap 60%
2010-01-01,2022-05-20,2022-05-23,2022-05-31,growth_champion_v3,-0.0001871168270153,0.25,0.75,0.0,"SMCI,PBR,AEP,EXC",4,0.25,0.4166666666666667,SPY and QQQ below 200D MA
2008-01-01,2022-05-20,2022-05-23,2022-05-31,growth_champion_v3,-0.0001871168270153,0.25,0.75,0.0,"SMCI,PBR,AEP,EXC",4,0.25,0.4166666666666667,SPY and QQQ below 200D MA
2020-01-01,2022-05-23,2022-05-24,2022-06-01,growth_champion_v2,0.0442692366569925,0.6,0.4,0.1999999999999999,"PBR,SMCI,ASTS",3,0.6,1.0,base cap 60%
2020-01-01,2022-05-23,2022-05-24,2022-06-01,growth_champion_v3,0.0184455152737468,0.25,0.75,0.0833333333333333,"PBR,SMCI,ASTS",3,0.25,0.4166666666666667,SPY and QQQ below 200D MA
2015-01-01,2022-05-25,2022-05-26,2022-06-03,growth_champion_v3,0.010908586746032,0.25,0.75,0.0,"BKR,SMCI,AEP",3,0.25,0.4166666666666667,SPY and QQQ below 200D MA
2015-01-01,2022-05-25,2022-05-26,2022-06-03,growth_champion_v2,0.0261806081904768,0.6,0.4,0.0,"BKR,SMCI,AEP",3,0.6,1.0,base cap 60%
2008-01-01,2022-05-27,2022-05-31,2022-06-07,growth_champion_v2,0.0261759966471811,0.6,0.4,0.15,"BKR,SMCI,AEP,PBR",4,0.6,1.0,base cap 60%
2010-01-01,2022-05-27,2022-05-31,2022-06-07,growth_champion_v3,0.0109066652696587,0.25,0.75,0.0625,"BKR,SMCI,AEP,PBR",4,0.25,0.4166666666666667,SPY and QQQ below 200D MA
2008-01-01,2022-05-27,2022-05-31,2022-06-07,growth_champion_v3,0.0109066652696587,0.25,0.75,0.0625,"BKR,SMCI,AEP,PBR",4,0.25,0.4166666666666667,SPY and QQQ below 200D MA
2010-01-01,2022-05-27,2022-05-31,2022-06-07,growth_champion_v2,0.0261759966471811,0.6,0.4,0.15,"BKR,SMCI,AEP,PBR",4,0.6,1.0,base cap 60%
2020-01-01,2022-05-31,2022-06-01,2022-06-08,growth_champion_v2,0.0395251050848401,0.6,0.4,0.1499999999999999,"SMCI,PDD,PBR,ASTS",4,0.6,1.0,base cap 60%
2020-01-01,2022-05-31,2022-06-01,2022-06-08,growth_champion_v3,0.01646879378535,0.25,0.75,0.0624999999999999,"SMCI,PDD,PBR,ASTS",4,0.25,0.4166666666666667,SPY and QQQ below 200D MA
2015-01-01,2022-06-02,2022-06-03,2022-06-10,growth_champion_v3,-0.0196308977885287,0.25,0.75,0.0624999999999999,"SMCI,BKNG,AEP,BKR",4,0.25,0.4166666666666667,SPY and QQQ below 200D MA
2015-01-01,2022-06-02,2022-06-03,2022-06-10,growth_champion_v2,-0.047114154692469,0.6,0.4,0.1499999999999999,"SMCI,BKNG,AEP,BKR",4,0.6,1.0,base cap 60%
2010-01-01,2022-06-06,2022-06-07,2022-06-14,growth_champion_v2,-0.0654160681711961,0.6,0.4,0.15,"SMCI,CCEP,PBR,AEP",4,0.6,1.0,base cap 60%
2008-01-01,2022-06-06,2022-06-07,2022-06-14,growth_champion_v3,-0.0272566950713317,0.25,0.75,0.0625,"SMCI,CCEP,PBR,AEP",4,0.25,0.4166666666666667,SPY and QQQ below 200D MA
2008-01-01,2022-06-06,2022-06-07,2022-06-14,growth_champion_v2,-0.0654160681711961,0.6,0.4,0.15,"SMCI,CCEP,PBR,AEP",4,0.6,1.0,base cap 60%
2010-01-01,2022-06-06,2022-06-07,2022-06-14,growth_champion_v3,-0.0272566950713317,0.25,0.75,0.0625,"SMCI,CCEP,PBR,AEP",4,0.25,0.4166666666666667,SPY and QQQ below 200D MA
2020-01-01,2022-06-07,2022-06-08,2022-06-15,growth_champion_v3,-0.0231724386133085,0.25,0.75,0.0624999999999999,"PDD,SMCI,PBR",3,0.25,0.4166666666666667,SPY and QQQ below 200D MA
2020-01-01,2022-06-07,2022-06-08,2022-06-15,growth_champion_v2,-0.0556138526719404,0.6,0.4,0.1499999999999999,"PDD,SMCI,PBR",3,0.6,1.0,base cap 60%
2015-01-01,2022-06-09,2022-06-10,2022-06-17,growth_champion_v2,-0.0715590714923189,0.6,0.4,0.3,"BABA,FANG,AEP,BKNG",4,0.6,1.0,base cap 60%
2015-01-01,2022-06-09,2022-06-10,2022-06-17,growth_champion_v3,-0.0298162797884662,0.25,0.75,0.125,"BABA,FANG,AEP,BKNG",4,0.25,0.4166666666666667,SPY and QQQ below 200D MA
2010-01-01,2022-06-13,2022-06-14,2022-06-22,growth_champion_v3,-0.015282361408617,0.25,0.75,0.0625,"PBR,BP,SMCI,CCEP",4,0.25,0.4166666666666667,SPY and QQQ below 200D MA
2008-01-01,2022-06-13,2022-06-14,2022-06-22,growth_champion_v3,-0.015282361408617,0.25,0.75,0.0625,"PBR,BP,SMCI,CCEP",4,0.25,0.4166666666666667,SPY and QQQ below 200D MA
2008-01-01,2022-06-13,2022-06-14,2022-06-22,growth_champion_v2,-0.036677667380681,0.6,0.4,0.15,"PBR,BP,SMCI,CCEP",4,0.6,1.0,base cap 60%
2010-01-01,2022-06-13,2022-06-14,2022-06-22,growth_champion_v2,-0.036677667380681,0.6,0.4,0.15,"PBR,BP,SMCI,CCEP",4,0.6,1.0,base cap 60%
2020-01-01,2022-06-14,2022-06-15,2022-06-23,growth_champion_v3,-0.0230163553157203,0.25,0.75,0.0624999999999999,"PDD,FANG,PBR,SMCI",4,0.25,0.4166666666666667,SPY and QQQ below 200D MA
2020-01-01,2022-06-14,2022-06-15,2022-06-23,growth_champion_v2,-0.0552392527577288,0.6,0.4,0.1499999999999999,"PDD,FANG,PBR,SMCI",4,0.6,1.0,base cap 60%
2015-01-01,2022-06-16,2022-06-17,2022-06-27,growth_champion_v2,0.0258847970575008,0.6,0.4,0.4499999999999999,"MNST,FANG",2,0.6,1.0,base cap 60%
2015-01-01,2022-06-16,2022-06-17,2022-06-27,growth_champion_v3,0.010785332107292,0.25,0.75,0.1874999999999999,"MNST,FANG",2,0.25,0.4166666666666667,SPY and QQQ below 200D MA
2008-01-01,2022-06-21,2022-06-22,2022-06-29,growth_champion_v2,0.017089556744408,0.6,0.4,0.4499999999999999,"MNST,VRTX,CCEP",3,0.6,1.0,base cap 60%
2010-01-01,2022-06-21,2022-06-22,2022-06-29,growth_champion_v3,0.0071206486435033,0.25,0.75,0.1874999999999999,"MNST,VRTX,CCEP",3,0.25,0.4166666666666667,SPY and QQQ below 200D MA
2010-01-01,2022-06-21,2022-06-22,2022-06-29,growth_champion_v2,0.017089556744408,0.6,0.4,0.4499999999999999,"MNST,VRTX,CCEP",3,0.6,1.0,base cap 60%
2008-01-01,2022-06-21,2022-06-22,2022-06-29,growth_champion_v3,0.0071206486435033,0.25,0.75,0.1874999999999999,"MNST,VRTX,CCEP",3,0.25,0.4166666666666667,SPY and QQQ below 200D MA
2020-01-01,2022-06-22,2022-06-23,2022-06-30,growth_champion_v2,-0.0096575250334818,0.6,0.4,0.4499999999999999,"PDD,MNST",2,0.6,1.0,base cap 60%
2020-01-01,2022-06-22,2022-06-23,2022-06-30,growth_champion_v3,-0.0040239687639507,0.25,0.75,0.1874999999999999,"PDD,MNST",2,0.25,0.4166666666666667,SPY and QQQ below 200D MA
2015-01-01,2022-06-24,2022-06-27,2022-07-05,growth_champion_v3,0.0039948993777093,0.25,0.75,0.125,"BABA,MNST",2,0.25,0.4166666666666667,SPY and QQQ below 200D MA
2015-01-01,2022-06-24,2022-06-27,2022-07-05,growth_champion_v2,0.0095877585065024,0.6,0.4,0.3,"BABA,MNST",2,0.6,1.0,base cap 60%
2010-01-01,2022-06-28,2022-06-29,2022-07-07,growth_champion_v2,0.0152228867299392,0.6,0.4,0.0,"MNST,CCEP,VRTX",3,0.6,1.0,base cap 60%
2008-01-01,2022-06-28,2022-06-29,2022-07-07,growth_champion_v2,0.0152228867299392,0.6,0.4,0.0,"MNST,CCEP,VRTX",3,0.6,1.0,base cap 60%
2008-01-01,2022-06-28,2022-06-29,2022-07-07,growth_champion_v3,0.006342869470808,0.25,0.75,0.0,"MNST,CCEP,VRTX",3,0.25,0.4166666666666667,SPY and QQQ below 200D MA
2010-01-01,2022-06-28,2022-06-29,2022-07-07,growth_champion_v3,0.006342869470808,0.25,0.75,0.0,"MNST,CCEP,VRTX",3,0.25,0.4166666666666667,SPY and QQQ below 200D MA
2020-01-01,2022-06-29,2022-06-30,2022-07-08,growth_champion_v3,0.0082412113019631,0.25,0.75,0.0833333333333333,"PDD,BABA,MNST",3,0.25,0.4166666666666667,SPY and QQQ below 200D MA
2020-01-01,2022-06-29,2022-06-30,2022-07-08,growth_champion_v2,0.0197789071247115,0.6,0.4,0.2,"PDD,BABA,MNST",3,0.6,1.0,base cap 60%
2015-01-01,2022-07-01,2022-07-05,2022-07-12,growth_champion_v3,-0.0105303012659585,0.25,0.75,0.0,"MNST,BABA",2,0.25,0.4166666666666667,SPY and QQQ below 200D MA
2015-01-01,2022-07-01,2022-07-05,2022-07-12,growth_champion_v2,-0.0252727230383005,0.6,0.4,0.0,"MNST,BABA",2,0.6,1.0,base cap 60%
2008-01-01,2022-07-06,2022-07-07,2022-07-14,growth_champion_v3,-0.0055344667689865,0.25,0.75,0.0,"MNST,VRTX,CCEP",3,0.25,0.4166666666666667,SPY and QQQ below 200D MA
2008-01-01,2022-07-06,2022-07-07,2022-07-14,growth_champion_v2,-0.0132827202455678,0.6,0.4,0.0,"MNST,VRTX,CCEP",3,0.6,1.0,base cap 60%
2010-01-01,2022-07-06,2022-07-07,2022-07-14,growth_champion_v3,-0.0055344667689865,0.25,0.75,0.0,"MNST,VRTX,CCEP",3,0.25,0.4166666666666667,SPY and QQQ below 200D MA
2010-01-01,2022-07-06,2022-07-07,2022-07-14,growth_champion_v2,-0.0132827202455678,0.6,0.4,0.0,"MNST,VRTX,CCEP",3,0.6,1.0,base cap 60%
2020-01-01,2022-07-07,2022-07-08,2022-07-15,growth_champion_v2,-0.051247567761014,0.6,0.4,0.0,"PDD,BABA,MNST",3,0.6,1.0,base cap 60%
2020-01-01,2022-07-07,2022-07-08,2022-07-15,growth_champion_v3,-0.0213531532337558,0.25,0.75,0.0,"PDD,BABA,MNST",3,0.25,0.4166666666666667,SPY and QQQ below 200D MA
2015-01-01,2022-07-11,2022-07-12,2022-07-19,growth_champion_v3,-0.0039430994772069,0.25,0.75,0.0833333333333333,"MNST,VRTX,BABA",3,0.25,0.4166666666666667,SPY and QQQ below 200D MA
2015-01-01,2022-07-11,2022-07-12,2022-07-19,growth_champion_v2,-0.0094634387452967,0.6,0.4,0.2,"MNST,VRTX,BABA",3,0.6,1.0,base cap 60%
2010-01-01,2022-07-13,2022-07-14,2022-07-21,growth_champion_v3,0.0014342230380195,0.25,0.75,0.0,"MNST,VRTX,CCEP",3,0.25,0.4166666666666667,SPY and QQQ below 200D MA
2008-01-01,2022-07-13,2022-07-14,2022-07-21,growth_champion_v3,0.0014342230380195,0.25,0.75,0.0,"MNST,VRTX,CCEP",3,0.25,0.4166666666666667,SPY and QQQ below 200D MA
2008-01-01,2022-07-13,2022-07-14,2022-07-21,growth_champion_v2,0.0034421352912469,0.6,0.4,0.0,"MNST,VRTX,CCEP",3,0.6,1.0,base cap 60%
2010-01-01,2022-07-13,2022-07-14,2022-07-21,growth_champion_v2,0.0034421352912469,0.6,0.4,0.0,"MNST,VRTX,CCEP",3,0.6,1.0,base cap 60%
2020-01-01,2022-07-14,2022-07-15,2022-07-22,growth_champion_v2,-0.0090612419932127,0.6,0.4,0.0,"PDD,MNST,BABA",3,0.6,1.0,base cap 60%
2020-01-01,2022-07-14,2022-07-15,2022-07-22,growth_champion_v3,-0.0037755174971719,0.25,0.75,0.0,"PDD,MNST,BABA",3,0.25,0.4166666666666667,SPY and QQQ below 200D MA
2015-01-01,2022-07-18,2022-07-19,2022-07-26,growth_champion_v2,-0.008041592420792,0.6,0.4,0.0,"MNST,BABA,VRTX",3,0.6,1.0,base cap 60%
2015-01-01,2022-07-18,2022-07-19,2022-07-26,growth_champion_v3,-0.0033506635086633,0.25,0.75,0.0,"MNST,BABA,VRTX",3,0.25,0.4166666666666667,SPY and QQQ below 200D MA
2010-01-01,2022-07-20,2022-07-21,2022-07-28,growth_champion_v3,0.0012339243239748,0.25,0.75,0.125,"QCOM,ON,MNST,VRTX",4,0.25,0.4166666666666667,SPY and QQQ below 200D MA
2008-01-01,2022-07-20,2022-07-21,2022-07-28,growth_champion_v3,0.0012339243239748,0.25,0.75,0.125,"QCOM,ON,MNST,VRTX",4,0.25,0.4166666666666667,SPY and QQQ below 200D MA
2010-01-01,2022-07-20,2022-07-21,2022-07-28,growth_champion_v2,0.0029614183775396,0.6,0.4,0.3,"QCOM,ON,MNST,VRTX",4,0.6,1.0,base cap 60%
2008-01-01,2022-07-20,2022-07-21,2022-07-28,growth_champion_v2,0.0029614183775396,0.6,0.4,0.3,"QCOM,ON,MNST,VRTX",4,0.6,1.0,base cap 60%
2020-01-01,2022-07-21,2022-07-22,2022-07-29,growth_champion_v2,-0.0146613912990918,0.6,0.4,0.1499999999999999,"PDD,SMCI,BABA,MNST",4,0.6,1.0,base cap 60%
2020-01-01,2022-07-21,2022-07-22,2022-07-29,growth_champion_v3,-0.0061089130412882,0.25,0.75,0.0624999999999999,"PDD,SMCI,BABA,MNST",4,0.25,0.4166666666666667,SPY and QQQ below 200D MA
2015-01-01,2022-07-25,2022-07-26,2022-08-02,growth_champion_v3,0.0017108100276581,0.25,0.75,0.125,"SMCI,QCOM,MNST,VRTX",4,0.25,0.4166666666666667,SPY and QQQ below 200D MA
2015-01-01,2022-07-25,2022-07-26,2022-08-02,growth_champion_v2,0.0041059440663796,0.6,0.4,0.3,"SMCI,QCOM,MNST,VRTX",4,0.6,1.0,base cap 60%
2010-01-01,2022-07-27,2022-07-28,2022-08-04,growth_champion_v2,0.0124651759946733,0.6,0.4,0.3,"SMCI,NFLX,MNST,VRTX",4,0.6,1.0,base cap 60%
2010-01-01,2022-07-27,2022-07-28,2022-08-04,growth_champion_v3,0.0051938233311138,0.25,0.75,0.125,"SMCI,NFLX,MNST,VRTX",4,0.25,0.4166666666666667,SPY and QQQ below 200D MA
2008-01-01,2022-07-27,2022-07-28,2022-08-04,growth_champion_v2,0.0124651759946733,0.6,0.4,0.3,"SMCI,NFLX,MNST,VRTX",4,0.6,1.0,base cap 60%
2008-01-01,2022-07-27,2022-07-28,2022-08-04,growth_champion_v3,0.0051938233311138,0.25,0.75,0.125,"SMCI,NFLX,MNST,VRTX",4,0.25,0.4166666666666667,SPY and QQQ below 200D MA
2020-01-01,2022-07-28,2022-07-29,2022-08-05,growth_champion_v2,0.008267921592062,0.6,0.4,0.15,"SMCI,SNPS,MNST,PDD",4,0.6,1.0,base cap 60%
2020-01-01,2022-07-28,2022-07-29,2022-08-05,growth_champion_v3,0.0034449673300258,0.25,0.75,0.0625,"SMCI,SNPS,MNST,PDD",4,0.25,0.4166666666666667,SPY and QQQ below 200D MA
2015-01-01,2022-08-01,2022-08-02,2022-08-09,growth_champion_v3,-0.0018425391426271,0.25,0.75,0.125,"SNPS,CDNS,MNST,SMCI",4,0.25,0.4166666666666667,SPY and QQQ below 200D MA
2015-01-01,2022-08-01,2022-08-02,2022-08-09,growth_champion_v2,-0.0044220939423052,0.6,0.4,0.3,"SNPS,CDNS,MNST,SMCI",4,0.6,1.0,base cap 60%
2010-01-01,2022-08-03,2022-08-04,2022-08-11,growth_champion_v3,0.0029386546619038,0.25,0.75,0.125,"ON,MSTR,MNST,NFLX",4,0.25,0.4166666666666667,SPY and QQQ below 200D MA
2010-01-01,2022-08-03,2022-08-04,2022-08-11,growth_champion_v2,0.0070527711885693,0.6,0.4,0.3,"ON,MSTR,MNST,NFLX",4,0.6,1.0,base cap 60%
2008-01-01,2022-08-03,2022-08-04,2022-08-11,growth_champion_v3,0.0029386546619038,0.25,0.75,0.125,"ON,MSTR,MNST,NFLX",4,0.25,0.4166666666666667,SPY and QQQ below 200D MA
2008-01-01,2022-08-03,2022-08-04,2022-08-11,growth_champion_v2,0.0070527711885693,0.6,0.4,0.3,"ON,MSTR,MNST,NFLX",4,0.6,1.0,base cap 60%
2020-01-01,2022-08-04,2022-08-05,2022-08-12,growth_champion_v3,0.0084274396224063,0.25,0.75,0.125,"MSTR,UBER,SNPS,MNST",4,0.25,0.4166666666666667,SPY and QQQ below 200D MA
2020-01-01,2022-08-04,2022-08-05,2022-08-12,growth_champion_v2,0.0202258550937753,0.6,0.4,0.3,"MSTR,UBER,SNPS,MNST",4,0.6,1.0,base cap 60%
2015-01-01,2022-08-08,2022-08-09,2022-08-16,growth_champion_v2,0.0314752512668676,0.6,0.4,0.3,"MSTR,MELI,SNPS,CDNS",4,0.6,1.0,base cap 60%
2015-01-01,2022-08-08,2022-08-09,2022-08-16,growth_champion_v3,0.0131146880278615,0.25,0.75,0.125,"MSTR,MELI,SNPS,CDNS",4,0.25,0.4166666666666667,SPY and QQQ below 200D MA
2008-01-01,2022-08-10,2022-08-11,2022-08-18,growth_champion_v2,0.0035045049291736,0.6,0.4,0.15,"MSTR,MELI,NFLX,ON",4,0.6,1.0,base cap 60%
2010-01-01,2022-08-10,2022-08-11,2022-08-18,growth_champion_v3,0.0014602103871556,0.25,0.75,0.0625,"MSTR,MELI,NFLX,ON",4,0.25,0.4166666666666667,SPY and QQQ below 200D MA
2010-01-01,2022-08-10,2022-08-11,2022-08-18,growth_champion_v2,0.0035045049291736,0.6,0.4,0.15,"MSTR,MELI,NFLX,ON",4,0.6,1.0,base cap 60%
2008-01-01,2022-08-10,2022-08-11,2022-08-18,growth_champion_v3,0.0014602103871556,0.25,0.75,0.0625,"MSTR,MELI,NFLX,ON",4,0.25,0.4166666666666667,SPY and QQQ below 200D MA
2020-01-01,2022-08-11,2022-08-12,2022-08-19,growth_champion_v3,-0.0191228820738566,0.25,0.75,0.0625,"MSTR,ASTS,UBER,SNPS",4,0.25,0.4166666666666667,SPY and QQQ below 200D MA
2020-01-01,2022-08-11,2022-08-12,2022-08-19,growth_champion_v2,-0.0458949169772559,0.6,0.4,0.15,"MSTR,ASTS,UBER,SNPS",4,0.6,1.0,base cap 60%
2015-01-01,2022-08-15,2022-08-16,2022-08-23,growth_champion_v3,-0.0312694970910195,0.25,0.75,0.0,"MSTR,MELI,SNPS,CDNS",4,0.25,0.4166666666666667,SPY and QQQ below 200D MA
2015-01-01,2022-08-15,2022-08-16,2022-08-23,growth_champion_v2,-0.0750467930184468,0.6,0.4,0.0,"MSTR,MELI,SNPS,CDNS",4,0.6,1.0,base cap 60%
2010-01-01,2022-08-17,2022-08-18,2022-08-25,growth_champion_v3,-0.0123895706801279,0.4,0.6,0.1,"MSTR,SMCI,ON,NFLX",4,0.4,0.6666666666666667,one benchmark below 200D MA
2008-01-01,2022-08-17,2022-08-18,2022-08-25,growth_champion_v2,-0.0185843560201919,0.6,0.4,0.15,"MSTR,SMCI,ON,NFLX",4,0.6,1.0,base cap 60%
2010-01-01,2022-08-17,2022-08-18,2022-08-25,growth_champion_v2,-0.0185843560201919,0.6,0.4,0.15,"MSTR,SMCI,ON,NFLX",4,0.6,1.0,base cap 60%
2008-01-01,2022-08-17,2022-08-18,2022-08-25,growth_champion_v3,-0.0123895706801279,0.4,0.6,0.1,"MSTR,SMCI,ON,NFLX",4,0.4,0.6666666666666667,one benchmark below 200D MA
2020-01-01,2022-08-18,2022-08-19,2022-08-26,growth_champion_v2,-0.0174997913296807,0.6,0.4,0.15,"ASTS,TEAM,UBER,SNPS",4,0.6,1.0,base cap 60%
2020-01-01,2022-08-18,2022-08-19,2022-08-26,growth_champion_v3,-0.0072915797207002,0.25,0.75,0.0625,"ASTS,TEAM,UBER,SNPS",4,0.25,0.4166666666666667,SPY and QQQ below 200D MA
2015-01-01,2022-08-22,2022-08-23,2022-08-30,growth_champion_v2,-0.0097555935250486,0.6,0.4,0.3,"SMCI,YPF,SNPS,CDNS",4,0.6,1.0,base cap 60%
2015-01-01,2022-08-22,2022-08-23,2022-08-30,growth_champion_v3,-0.0040648306354369,0.25,0.75,0.125,"SMCI,YPF,SNPS,CDNS",4,0.25,0.4166666666666667,SPY and QQQ below 200D MA
2010-01-01,2022-08-24,2022-08-25,2022-09-01,growth_champion_v2,-0.0663846152876153,0.6,0.4,0.15,"SMCI,YPF,ON,MSTR",4,0.6,1.0,base cap 60%
2008-01-01,2022-08-24,2022-08-25,2022-09-01,growth_champion_v3,-0.0276602563698397,0.25,0.75,0.0625,"SMCI,YPF,ON,MSTR",4,0.25,0.4166666666666667,SPY and QQQ below 200D MA
2010-01-01,2022-08-24,2022-08-25,2022-09-01,growth_champion_v3,-0.0276602563698397,0.25,0.75,0.0625,"SMCI,YPF,ON,MSTR",4,0.25,0.4166666666666667,SPY and QQQ below 200D MA
2008-01-01,2022-08-24,2022-08-25,2022-09-01,growth_champion_v2,-0.0663846152876153,0.6,0.4,0.15,"SMCI,YPF,ON,MSTR",4,0.6,1.0,base cap 60%
2020-01-01,2022-08-25,2022-08-26,2022-09-02,growth_champion_v2,-0.0308294062433849,0.6,0.4,0.15,"SMCI,ASTS,UBER,SNPS",4,0.6,1.0,base cap 60%
2020-01-01,2022-08-25,2022-08-26,2022-09-02,growth_champion_v3,-0.0128455859347437,0.25,0.75,0.0625,"SMCI,ASTS,UBER,SNPS",4,0.25,0.4166666666666667,SPY and QQQ below 200D MA
2015-01-01,2022-08-29,2022-08-30,2022-09-07,growth_champion_v3,0.0066236828737257,0.25,0.75,0.0625,"YPF,PBR,SNPS,CDNS",4,0.25,0.4166666666666667,SPY and QQQ below 200D MA
2015-01-01,2022-08-29,2022-08-30,2022-09-07,growth_champion_v2,0.0158968388969417,0.6,0.4,0.15,"YPF,PBR,SNPS,CDNS",4,0.6,1.0,base cap 60%
2008-01-01,2022-08-31,2022-09-01,2022-09-09,growth_champion_v2,0.045452968225354,0.6,0.4,0.15,"YPF,PBR,ON,SMCI",4,0.6,1.0,base cap 60%
2010-01-01,2022-08-31,2022-09-01,2022-09-09,growth_champion_v3,0.0189387367605641,0.25,0.75,0.0625,"YPF,PBR,ON,SMCI",4,0.25,0.4166666666666667,SPY and QQQ below 200D MA
2010-01-01,2022-08-31,2022-09-01,2022-09-09,growth_champion_v2,0.045452968225354,0.6,0.4,0.15,"YPF,PBR,ON,SMCI",4,0.6,1.0,base cap 60%
2008-01-01,2022-08-31,2022-09-01,2022-09-09,growth_champion_v3,0.0189387367605641,0.25,0.75,0.0625,"YPF,PBR,ON,SMCI",4,0.25,0.4166666666666667,SPY and QQQ below 200D MA
2020-01-01,2022-09-01,2022-09-02,2022-09-12,growth_champion_v2,0.0521622770547538,0.6,0.4,0.15,"ASTS,YPF,UBER,SMCI",4,0.6,1.0,base cap 60%
2020-01-01,2022-09-01,2022-09-02,2022-09-12,growth_champion_v3,0.0217342821061474,0.25,0.75,0.0625,"ASTS,YPF,UBER,SMCI",4,0.25,0.4166666666666667,SPY and QQQ below 200D MA
2015-01-01,2022-09-06,2022-09-07,2022-09-14,growth_champion_v2,0.0010063492106748,0.6,0.4,0.15,"YPF,CSGP,CDNS,PBR",4,0.6,1.0,base cap 60%
2015-01-01,2022-09-06,2022-09-07,2022-09-14,growth_champion_v3,0.0004193121711145,0.25,0.75,0.0625,"YPF,CSGP,CDNS,PBR",4,0.25,0.4166666666666667,SPY and QQQ below 200D MA
2008-01-01,2022-09-08,2022-09-09,2022-09-16,growth_champion_v2,-0.0312306501143298,0.6,0.4,0.15,"YPF,CSGP,SMCI,ON",4,0.6,1.0,base cap 60%
2008-01-01,2022-09-08,2022-09-09,2022-09-16,growth_champion_v3,-0.0130127708809707,0.25,0.75,0.0625,"YPF,CSGP,SMCI,ON",4,0.25,0.4166666666666667,SPY and QQQ below 200D MA
2010-01-01,2022-09-08,2022-09-09,2022-09-16,growth_champion_v2,-0.0312306501143298,0.6,0.4,0.15,"YPF,CSGP,SMCI,ON",4,0.6,1.0,base cap 60%
2010-01-01,2022-09-08,2022-09-09,2022-09-16,growth_champion_v3,-0.0130127708809707,0.25,0.75,0.0625,"YPF,CSGP,SMCI,ON",4,0.25,0.4166666666666667,SPY and QQQ below 200D MA
2020-01-01,2022-09-09,2022-09-12,2022-09-19,growth_champion_v2,-0.0490768299612274,0.6,0.4,0.0,"YPF,ASTS,UBER,SMCI",4,0.6,1.0,base cap 60%
2020-01-01,2022-09-09,2022-09-12,2022-09-19,growth_champion_v3,-0.0204486791505114,0.25,0.75,0.0,"YPF,ASTS,UBER,SMCI",4,0.25,0.4166666666666667,SPY and QQQ below 200D MA
2015-01-01,2022-09-13,2022-09-14,2022-09-21,growth_champion_v2,-0.0256857149219459,0.6,0.4,0.15,"YPF,CCJ,CDNS,PBR",4,0.6,1.0,base cap 60%
2015-01-01,2022-09-13,2022-09-14,2022-09-21,growth_champion_v3,-0.0107023812174774,0.25,0.75,0.0625,"YPF,CCJ,CDNS,PBR",4,0.25,0.4166666666666667,SPY and QQQ below 200D MA
2008-01-01,2022-09-15,2022-09-16,2022-09-23,growth_champion_v2,-0.0665207742926023,0.6,0.4,0.15,"YPF,MELI,SMCI,ON",4,0.6,1.0,base cap 60%
2010-01-01,2022-09-15,2022-09-16,2022-09-23,growth_champion_v2,-0.0665207742926023,0.6,0.4,0.15,"YPF,MELI,SMCI,ON",4,0.6,1.0,base cap 60%
2010-01-01,2022-09-15,2022-09-16,2022-09-23,growth_champion_v3,-0.0277169892885842,0.25,0.75,0.0625,"YPF,MELI,SMCI,ON",4,0.25,0.4166666666666667,SPY and QQQ below 200D MA
2008-01-01,2022-09-15,2022-09-16,2022-09-23,growth_champion_v3,-0.0277169892885842,0.25,0.75,0.0625,"YPF,MELI,SMCI,ON",4,0.25,0.4166666666666667,SPY and QQQ below 200D MA
2020-01-01,2022-09-16,2022-09-19,2022-09-26,growth_champion_v2,-0.0854006296552023,0.6,0.4,0.0,"YPF,UBER,ASTS,SMCI",4,0.6,1.0,base cap 60%
2020-01-01,2022-09-16,2022-09-19,2022-09-26,growth_champion_v3,-0.0355835956896676,0.25,0.75,0.0,"YPF,UBER,ASTS,SMCI",4,0.25,0.4166666666666667,SPY and QQQ below 200D MA
2015-01-01,2022-09-20,2022-09-21,2022-09-28,growth_champion_v2,-0.0311265237834638,0.6,0.4,0.1499999999999999,"YPF,PBR,CCJ",3,0.6,1.0,base cap 60%
2015-01-01,2022-09-20,2022-09-21,2022-09-28,growth_champion_v3,-0.0129693849097765,0.25,0.75,0.0624999999999999,"YPF,PBR,CCJ",3,0.25,0.4166666666666667,SPY and QQQ below 200D MA
2008-01-01,2022-09-22,2022-09-23,2022-09-30,growth_champion_v3,0.0016512009283962,0.25,0.75,0.0625,"YPF,PBR,SMCI,MELI",4,0.25,0.4166666666666667,SPY and QQQ below 200D MA
2010-01-01,2022-09-22,2022-09-23,2022-09-30,growth_champion_v3,0.0016512009283962,0.25,0.75,0.0625,"YPF,PBR,SMCI,MELI",4,0.25,0.4166666666666667,SPY and QQQ below 200D MA
2008-01-01,2022-09-22,2022-09-23,2022-09-30,growth_champion_v2,0.0039628822281511,0.6,0.4,0.15,"YPF,PBR,SMCI,MELI",4,0.6,1.0,base cap 60%
2010-01-01,2022-09-22,2022-09-23,2022-09-30,growth_champion_v2,0.0039628822281511,0.6,0.4,0.15,"YPF,PBR,SMCI,MELI",4,0.6,1.0,base cap 60%
2020-01-01,2022-09-23,2022-09-26,2022-10-03,growth_champion_v3,0.0156677002333511,0.25,0.75,0.0625,"YPF,REGN,UBER,SMCI",4,0.25,0.4166666666666667,SPY and QQQ below 200D MA
2020-01-01,2022-09-23,2022-09-26,2022-10-03,growth_champion_v2,0.0376024805600427,0.6,0.4,0.15,"YPF,REGN,UBER,SMCI",4,0.6,1.0,base cap 60%
2015-01-01,2022-09-27,2022-09-28,2022-10-05,growth_champion_v3,0.0243494950584898,0.25,0.75,0.0624999999999999,"YPF,ON,CCJ,PBR",4,0.25,0.4166666666666667,SPY and QQQ below 200D MA
2015-01-01,2022-09-27,2022-09-28,2022-10-05,growth_champion_v2,0.0584387881403757,0.6,0.4,0.1499999999999999,"YPF,ON,CCJ,PBR",4,0.6,1.0,base cap 60%
2008-01-01,2022-09-29,2022-09-30,2022-10-07,growth_champion_v3,0.0162044496349396,0.25,0.75,0.0625,"YPF,BIIB,SMCI,MELI",4,0.25,0.4166666666666667,SPY and QQQ below 200D MA
2010-01-01,2022-09-29,2022-09-30,2022-10-07,growth_champion_v2,0.0388906791238552,0.6,0.4,0.15,"YPF,BIIB,SMCI,MELI",4,0.6,1.0,base cap 60%
2010-01-01,2022-09-29,2022-09-30,2022-10-07,growth_champion_v3,0.0162044496349396,0.25,0.75,0.0625,"YPF,BIIB,SMCI,MELI",4,0.25,0.4166666666666667,SPY and QQQ below 200D MA
2008-01-01,2022-09-29,2022-09-30,2022-10-07,growth_champion_v2,0.0388906791238552,0.6,0.4,0.15,"YPF,BIIB,SMCI,MELI",4,0.6,1.0,base cap 60%
2020-01-01,2022-09-30,2022-10-03,2022-10-10,growth_champion_v3,-0.0001646652677532,0.25,0.75,0.0625,"YPF,BIIB,UBER,REGN",4,0.25,0.4166666666666667,SPY and QQQ below 200D MA
2020-01-01,2022-09-30,2022-10-03,2022-10-10,growth_champion_v2,-0.0003951966426078,0.6,0.4,0.15,"YPF,BIIB,UBER,REGN",4,0.6,1.0,base cap 60%
2015-01-01,2022-10-04,2022-10-05,2022-10-12,growth_champion_v3,-0.0362418200644314,0.25,0.75,0.0625,"YPF,MELI,CCJ,ON",4,0.25,0.4166666666666667,SPY and QQQ below 200D MA
2015-01-01,2022-10-04,2022-10-05,2022-10-12,growth_champion_v2,-0.0869803681546355,0.6,0.4,0.15,"YPF,MELI,CCJ,ON",4,0.6,1.0,base cap 60%
2010-01-01,2022-10-06,2022-10-07,2022-10-14,growth_champion_v2,-0.0490135454452342,0.6,0.4,0.15,"YPF,PBR,SMCI,MELI",4,0.6,1.0,base cap 60%
2008-01-01,2022-10-06,2022-10-07,2022-10-14,growth_champion_v2,-0.0490135454452342,0.6,0.4,0.15,"YPF,PBR,SMCI,MELI",4,0.6,1.0,base cap 60%
2008-01-01,2022-10-06,2022-10-07,2022-10-14,growth_champion_v3,-0.0204223106021809,0.25,0.75,0.0625,"YPF,PBR,SMCI,MELI",4,0.25,0.4166666666666667,SPY and QQQ below 200D MA
2010-01-01,2022-10-06,2022-10-07,2022-10-14,growth_champion_v3,-0.0204223106021809,0.25,0.75,0.0625,"YPF,PBR,SMCI,MELI",4,0.25,0.4166666666666667,SPY and QQQ below 200D MA
2020-01-01,2022-10-07,2022-10-10,2022-10-17,growth_champion_v3,-0.0004101325428714,0.25,0.75,0.0625,"YPF,VIST,UBER,REGN",4,0.25,0.4166666666666667,SPY and QQQ below 200D MA
2020-01-01,2022-10-07,2022-10-10,2022-10-17,growth_champion_v2,-0.0009843181028914,0.6,0.4,0.15,"YPF,VIST,UBER,REGN",4,0.6,1.0,base cap 60%
2015-01-01,2022-10-11,2022-10-12,2022-10-19,growth_champion_v3,0.0095535950485588,0.25,0.75,0.0625,"YPF,PBR,CCJ,MELI",4,0.25,0.4166666666666667,SPY and QQQ below 200D MA
2015-01-01,2022-10-11,2022-10-12,2022-10-19,growth_champion_v2,0.0229286281165412,0.6,0.4,0.15,"YPF,PBR,CCJ,MELI",4,0.6,1.0,base cap 60%
2010-01-01,2022-10-13,2022-10-14,2022-10-21,growth_champion_v2,0.0843344129191519,0.6,0.4,0.1499999999999999,"YPF,PBR,SMCI",3,0.6,1.0,base cap 60%
2008-01-01,2022-10-13,2022-10-14,2022-10-21,growth_champion_v3,0.0351393387163132,0.25,0.75,0.0624999999999999,"YPF,PBR,SMCI",3,0.25,0.4166666666666667,SPY and QQQ below 200D MA
2008-01-01,2022-10-13,2022-10-14,2022-10-21,growth_champion_v2,0.0843344129191519,0.6,0.4,0.1499999999999999,"YPF,PBR,SMCI",3,0.6,1.0,base cap 60%
2010-01-01,2022-10-13,2022-10-14,2022-10-21,growth_champion_v3,0.0351393387163132,0.25,0.75,0.0624999999999999,"YPF,PBR,SMCI",3,0.25,0.4166666666666667,SPY and QQQ below 200D MA
2020-01-01,2022-10-14,2022-10-17,2022-10-24,growth_champion_v3,0.0127580236336685,0.25,0.75,0.0624999999999999,"YPF,VIST,REGN",3,0.25,0.4166666666666667,SPY and QQQ below 200D MA
2020-01-01,2022-10-14,2022-10-17,2022-10-24,growth_champion_v2,0.0306192567208046,0.6,0.4,0.1499999999999999,"YPF,VIST,REGN",3,0.6,1.0,base cap 60%
2015-01-01,2022-10-18,2022-10-19,2022-10-26,growth_champion_v3,0.0060868519789925,0.25,0.75,0.0625,"YPF,BIIB,MELI,PBR",4,0.25,0.4166666666666667,SPY and QQQ below 200D MA
2015-01-01,2022-10-18,2022-10-19,2022-10-26,growth_champion_v2,0.014608444749582,0.6,0.4,0.15,"YPF,BIIB,MELI,PBR",4,0.6,1.0,base cap 60%
2008-01-01,2022-10-20,2022-10-21,2022-10-28,growth_champion_v3,-0.0026259923731299,0.25,0.75,0.0,"YPF,PBR,SMCI",3,0.25,0.4166666666666667,SPY and QQQ below 200D MA
2008-01-01,2022-10-20,2022-10-21,2022-10-28,growth_champion_v2,-0.0063023816955119,0.6,0.4,0.0,"YPF,PBR,SMCI",3,0.6,1.0,base cap 60%
2010-01-01,2022-10-20,2022-10-21,2022-10-28,growth_champion_v2,-0.0063023816955119,0.6,0.4,0.0,"YPF,PBR,SMCI",3,0.6,1.0,base cap 60%
2010-01-01,2022-10-20,2022-10-21,2022-10-28,growth_champion_v3,-0.0026259923731299,0.25,0.75,0.0,"YPF,PBR,SMCI",3,0.25,0.4166666666666667,SPY and QQQ below 200D MA
2020-01-01,2022-10-21,2022-10-24,2022-10-31,growth_champion_v3,0.0068627126989124,0.25,0.75,0.0,"YPF,VIST,REGN",3,0.25,0.4166666666666667,SPY and QQQ below 200D MA
2020-01-01,2022-10-21,2022-10-24,2022-10-31,growth_champion_v2,0.0164705104773898,0.6,0.4,0.0,"YPF,VIST,REGN",3,0.6,1.0,base cap 60%
2015-01-01,2022-10-25,2022-10-26,2022-11-02,growth_champion_v3,-0.0015132246029837,0.25,0.75,0.0,"YPF,BIIB,MELI,PBR",4,0.25,0.4166666666666667,SPY and QQQ below 200D MA
2015-01-01,2022-10-25,2022-10-26,2022-11-02,growth_champion_v2,-0.0036317390471611,0.6,0.4,0.0,"YPF,BIIB,MELI,PBR",4,0.6,1.0,base cap 60%
2008-01-01,2022-10-27,2022-10-28,2022-11-04,growth_champion_v2,-0.0015206273270316,0.6,0.4,0.1499999999999999,"YPF,NFLX,SMCI,PBR",4,0.6,1.0,base cap 60%
2010-01-01,2022-10-27,2022-10-28,2022-11-04,growth_champion_v2,-0.0015206273270316,0.6,0.4,0.1499999999999999,"YPF,NFLX,SMCI,PBR",4,0.6,1.0,base cap 60%
2008-01-01,2022-10-27,2022-10-28,2022-11-04,growth_champion_v3,-0.0006335947195965,0.25,0.75,0.0624999999999999,"YPF,NFLX,SMCI,PBR",4,0.25,0.4166666666666667,SPY and QQQ below 200D MA
2010-01-01,2022-10-27,2022-10-28,2022-11-04,growth_champion_v3,-0.0006335947195965,0.25,0.75,0.0624999999999999,"YPF,NFLX,SMCI,PBR",4,0.25,0.4166666666666667,SPY and QQQ below 200D MA
2020-01-01,2022-10-28,2022-10-31,2022-11-07,growth_champion_v3,0.0073110700672069,0.25,0.75,0.0,"YPF,VIST,REGN",3,0.25,0.4166666666666667,SPY and QQQ below 200D MA
2020-01-01,2022-10-28,2022-10-31,2022-11-07,growth_champion_v2,0.0175465681612966,0.6,0.4,0.0,"YPF,VIST,REGN",3,0.6,1.0,base cap 60%
2015-01-01,2022-11-01,2022-11-02,2022-11-09,growth_champion_v2,-0.0224276441537856,0.6,0.4,0.3,"YPF,DXCM,BIIB",3,0.6,1.0,base cap 60%
2015-01-01,2022-11-01,2022-11-02,2022-11-09,growth_champion_v3,-0.009344851730744,0.25,0.75,0.125,"YPF,DXCM,BIIB",3,0.25,0.4166666666666667,SPY and QQQ below 200D MA
2008-01-01,2022-11-03,2022-11-04,2022-11-11,growth_champion_v2,0.0306513895410164,0.6,0.4,0.1499999999999999,"YPF,SMCI,NFLX",3,0.6,1.0,base cap 60%
2010-01-01,2022-11-03,2022-11-04,2022-11-11,growth_champion_v3,0.0127714123087568,0.25,0.75,0.0624999999999999,"YPF,SMCI,NFLX",3,0.25,0.4166666666666667,SPY and QQQ below 200D MA
2010-01-01,2022-11-03,2022-11-04,2022-11-11,growth_champion_v2,0.0306513895410164,0.6,0.4,0.1499999999999999,"YPF,SMCI,NFLX",3,0.6,1.0,base cap 60%
2008-01-01,2022-11-03,2022-11-04,2022-11-11,growth_champion_v3,0.0127714123087568,0.25,0.75,0.0624999999999999,"YPF,SMCI,NFLX",3,0.25,0.4166666666666667,SPY and QQQ below 200D MA
2020-01-01,2022-11-04,2022-11-07,2022-11-14,growth_champion_v3,0.0035354905693698,0.25,0.75,0.0,"YPF,VIST,REGN",3,0.25,0.4166666666666667,SPY and QQQ below 200D MA
2020-01-01,2022-11-04,2022-11-07,2022-11-14,growth_champion_v2,0.0084851773664877,0.6,0.4,0.0,"YPF,VIST,REGN",3,0.6,1.0,base cap 60%
2015-01-01,2022-11-08,2022-11-09,2022-11-16,growth_champion_v3,0.0109691885029309,0.25,0.75,0.0624999999999999,"YPF,BKR,DXCM,BIIB",4,0.25,0.4166666666666667,SPY and QQQ below 200D MA
2015-01-01,2022-11-08,2022-11-09,2022-11-16,growth_champion_v2,0.0263260524070343,0.6,0.4,0.1499999999999999,"YPF,BKR,DXCM,BIIB",4,0.6,1.0,base cap 60%
2008-01-01,2022-11-10,2022-11-11,2022-11-18,growth_champion_v3,-0.0007615249090856,0.25,0.75,0.0,"YPF,SMCI,NFLX",3,0.25,0.4166666666666667,SPY and QQQ below 200D MA
2010-01-01,2022-11-10,2022-11-11,2022-11-18,growth_champion_v3,-0.0007615249090856,0.25,0.75,0.0,"YPF,SMCI,NFLX",3,0.25,0.4166666666666667,SPY and QQQ below 200D MA
2010-01-01,2022-11-10,2022-11-11,2022-11-18,growth_champion_v2,-0.0018276597818055,0.6,0.4,0.0,"YPF,SMCI,NFLX",3,0.6,1.0,base cap 60%
2008-01-01,2022-11-10,2022-11-11,2022-11-18,growth_champion_v2,-0.0018276597818055,0.6,0.4,0.0,"YPF,SMCI,NFLX",3,0.6,1.0,base cap 60%
2020-01-01,2022-11-11,2022-11-14,2022-11-21,growth_champion_v2,-0.0413449438896789,0.6,0.4,0.0,"VIST,YPF,REGN",3,0.6,1.0,base cap 60%
2020-01-01,2022-11-11,2022-11-14,2022-11-21,growth_champion_v3,-0.0172270599540328,0.25,0.75,0.0,"VIST,YPF,REGN",3,0.25,0.4166666666666667,SPY and QQQ below 200D MA
2015-01-01,2022-11-15,2022-11-16,2022-11-23,growth_champion_v2,0.0160612096761847,0.6,0.4,0.15,"YPF,SMCI,DXCM,BIIB",4,0.6,1.0,base cap 60%
2015-01-01,2022-11-15,2022-11-16,2022-11-23,growth_champion_v3,0.0066921706984102,0.25,0.75,0.0625,"YPF,SMCI,DXCM,BIIB",4,0.25,0.4166666666666667,SPY and QQQ below 200D MA
2008-01-01,2022-11-17,2022-11-18,2022-11-28,growth_champion_v3,0.0084097744806587,0.25,0.75,0.0624999999999999,"BIIB,SMCI,NFLX,YPF",4,0.25,0.4166666666666667,SPY and QQQ below 200D MA
2008-01-01,2022-11-17,2022-11-18,2022-11-28,growth_champion_v2,0.0201834587535809,0.6,0.4,0.1499999999999999,"BIIB,SMCI,NFLX,YPF",4,0.6,1.0,base cap 60%
2010-01-01,2022-11-17,2022-11-18,2022-11-28,growth_champion_v2,0.0201834587535809,0.6,0.4,0.1499999999999999,"BIIB,SMCI,NFLX,YPF",4,0.6,1.0,base cap 60%
2010-01-01,2022-11-17,2022-11-18,2022-11-28,growth_champion_v3,0.0084097744806587,0.25,0.75,0.0624999999999999,"BIIB,SMCI,NFLX,YPF",4,0.25,0.4166666666666667,SPY and QQQ below 200D MA
2020-01-01,2022-11-18,2022-11-21,2022-11-29,growth_champion_v3,0.0035027799605903,0.25,0.75,0.125,"BIIB,MRNA,REGN,VIST",4,0.25,0.4166666666666667,SPY and QQQ below 200D MA
2020-01-01,2022-11-18,2022-11-21,2022-11-29,growth_champion_v2,0.0084066719054168,0.6,0.4,0.3,"BIIB,MRNA,REGN,VIST",4,0.6,1.0,base cap 60%
2015-01-01,2022-11-22,2022-11-23,2022-12-01,growth_champion_v2,0.0091845418186511,0.6,0.4,0.15,"BIIB,GILD,SMCI,DXCM",4,0.6,1.0,base cap 60%
2015-01-01,2022-11-22,2022-11-23,2022-12-01,growth_champion_v3,0.0038268924244379,0.25,0.75,0.0625,"BIIB,GILD,SMCI,DXCM",4,0.25,0.4166666666666667,SPY and QQQ below 200D MA
2008-01-01,2022-11-25,2022-11-28,2022-12-05,growth_champion_v3,-0.0028174006460616,0.25,0.75,0.0,"SMCI,BIIB,YPF,NFLX",4,0.25,0.4166666666666667,SPY and QQQ below 200D MA
2008-01-01,2022-11-25,2022-11-28,2022-12-05,growth_champion_v2,-0.0067617615505479,0.6,0.4,0.0,"SMCI,BIIB,YPF,NFLX",4,0.6,1.0,base cap 60%
2010-01-01,2022-11-25,2022-11-28,2022-12-05,growth_champion_v3,-0.0028174006460616,0.25,0.75,0.0,"SMCI,BIIB,YPF,NFLX",4,0.25,0.4166666666666667,SPY and QQQ below 200D MA
2010-01-01,2022-11-25,2022-11-28,2022-12-05,growth_champion_v2,-0.0067617615505479,0.6,0.4,0.0,"SMCI,BIIB,YPF,NFLX",4,0.6,1.0,base cap 60%
2020-01-01,2022-11-28,2022-11-29,2022-12-06,growth_champion_v2,-0.0227597635954908,0.6,0.4,0.3,"SMCI,YPF,REGN,BIIB",4,0.6,1.0,base cap 60%
2020-01-01,2022-11-28,2022-11-29,2022-12-06,growth_champion_v3,-0.0094832348314545,0.25,0.75,0.125,"SMCI,YPF,REGN,BIIB",4,0.25,0.4166666666666667,SPY and QQQ below 200D MA
2015-01-01,2022-11-30,2022-12-01,2022-12-08,growth_champion_v2,-0.0058806150866492,0.6,0.4,0.0,"SMCI,BIIB,DXCM,GILD",4,0.6,1.0,base cap 60%
2015-01-01,2022-11-30,2022-12-01,2022-12-08,growth_champion_v3,-0.0024502562861038,0.25,0.75,0.0,"SMCI,BIIB,DXCM,GILD",4,0.25,0.4166666666666667,SPY and QQQ below 200D MA
2010-01-01,2022-12-02,2022-12-05,2022-12-12,growth_champion_v3,-0.0050341124336374,0.4,0.6,0.1,"VALE,NFLX,YPF,BIIB",4,0.4,0.6666666666666667,one benchmark below 200D MA
2010-01-01,2022-12-02,2022-12-05,2022-12-12,growth_champion_v2,-0.0075511686504561,0.6,0.4,0.15,"VALE,NFLX,YPF,BIIB",4,0.6,1.0,base cap 60%
2008-01-01,2022-12-02,2022-12-05,2022-12-12,growth_champion_v3,-0.0050341124336374,0.4,0.6,0.1,"VALE,NFLX,YPF,BIIB",4,0.4,0.6666666666666667,one benchmark below 200D MA
2008-01-01,2022-12-02,2022-12-05,2022-12-12,growth_champion_v2,-0.0075511686504561,0.6,0.4,0.15,"VALE,NFLX,YPF,BIIB",4,0.6,1.0,base cap 60%
2020-01-01,2022-12-05,2022-12-06,2022-12-13,growth_champion_v3,0.0051246402064928,0.4,0.6,0.2,"PDD,NFLX,REGN,YPF",4,0.4,0.6666666666666667,one benchmark below 200D MA
2020-01-01,2022-12-05,2022-12-06,2022-12-13,growth_champion_v2,0.0076869603097393,0.6,0.4,0.3,"PDD,NFLX,REGN,YPF",4,0.6,1.0,base cap 60%
2015-01-01,2022-12-07,2022-12-08,2022-12-15,growth_champion_v3,-0.0103390966492634,0.25,0.75,0.125,"NFLX,ROST,DXCM,BIIB",4,0.25,0.4166666666666667,SPY and QQQ below 200D MA
2015-01-01,2022-12-07,2022-12-08,2022-12-15,growth_champion_v2,-0.0248138319582323,0.6,0.4,0.3,"NFLX,ROST,DXCM,BIIB",4,0.6,1.0,base cap 60%
2008-01-01,2022-12-09,2022-12-12,2022-12-19,growth_champion_v3,-0.0031968655265805,0.25,0.75,0.0,"NFLX,VALE,BIIB,YPF",4,0.25,0.4166666666666667,SPY and QQQ below 200D MA
2010-01-01,2022-12-09,2022-12-12,2022-12-19,growth_champion_v2,-0.0076724772637933,0.6,0.4,0.0,"NFLX,VALE,BIIB,YPF",4,0.6,1.0,base cap 60%
2008-01-01,2022-12-09,2022-12-12,2022-12-19,growth_champion_v2,-0.0076724772637933,0.6,0.4,0.0,"NFLX,VALE,BIIB,YPF",4,0.6,1.0,base cap 60%
2010-01-01,2022-12-09,2022-12-12,2022-12-19,growth_champion_v3,-0.0031968655265805,0.25,0.75,0.0,"NFLX,VALE,BIIB,YPF",4,0.25,0.4166666666666667,SPY and QQQ below 200D MA
2020-01-01,2022-12-12,2022-12-13,2022-12-20,growth_champion_v2,-0.0342580145960822,0.6,0.4,0.15,"PDD,SMCI,REGN,NFLX",4,0.6,1.0,base cap 60%
2020-01-01,2022-12-12,2022-12-13,2022-12-20,growth_champion_v3,-0.0142741727483675,0.25,0.75,0.0625,"PDD,SMCI,REGN,NFLX",4,0.25,0.4166666666666667,SPY and QQQ below 200D MA
2015-01-01,2022-12-14,2022-12-15,2022-12-22,growth_champion_v3,0.002042467962673,0.4,0.6,0.2,"SMCI,NVO,DXCM,NFLX",4,0.4,0.6666666666666667,one benchmark below 200D MA
2015-01-01,2022-12-14,2022-12-15,2022-12-22,growth_champion_v2,0.0030637019440096,0.6,0.4,0.3,"SMCI,NVO,DXCM,NFLX",4,0.6,1.0,base cap 60%
2010-01-01,2022-12-16,2022-12-19,2022-12-27,growth_champion_v3,0.0111245975458388,0.25,0.75,0.125,"NVO,SMCI,YPF,NFLX",4,0.25,0.4166666666666667,SPY and QQQ below 200D MA
2010-01-01,2022-12-16,2022-12-19,2022-12-27,growth_champion_v2,0.0266990341100133,0.6,0.4,0.3,"NVO,SMCI,YPF,NFLX",4,0.6,1.0,base cap 60%
2008-01-01,2022-12-16,2022-12-19,2022-12-27,growth_champion_v3,0.0111245975458388,0.25,0.75,0.125,"NVO,SMCI,YPF,NFLX",4,0.25,0.4166666666666667,SPY and QQQ below 200D MA
2008-01-01,2022-12-16,2022-12-19,2022-12-27,growth_champion_v2,0.0266990341100133,0.6,0.4,0.3,"NVO,SMCI,YPF,NFLX",4,0.6,1.0,base cap 60%
2020-01-01,2022-12-19,2022-12-20,2022-12-28,growth_champion_v3,-0.0017404191707049,0.25,0.75,0.0625,"VIST,PDD,NFLX,REGN",4,0.25,0.4166666666666667,SPY and QQQ below 200D MA
2020-01-01,2022-12-19,2022-12-20,2022-12-28,growth_champion_v2,-0.0041770060096919,0.6,0.4,0.15,"VIST,PDD,NFLX,REGN",4,0.6,1.0,base cap 60%
2015-01-01,2022-12-21,2022-12-22,2022-12-30,growth_champion_v3,0.0026061855346492,0.25,0.75,0.0625,"SMCI,YPF,NVO,NFLX",4,0.25,0.4166666666666667,SPY and QQQ below 200D MA
2015-01-01,2022-12-21,2022-12-22,2022-12-30,growth_champion_v2,0.0062548452831581,0.6,0.4,0.15,"SMCI,YPF,NVO,NFLX",4,0.6,1.0,base cap 60%
2010-01-01,2022-12-23,2022-12-27,2023-01-04,growth_champion_v3,0.0058006088358509,0.25,0.75,0.0,"YPF,SMCI,NVO,NFLX",4,0.25,0.4166666666666667,SPY and QQQ below 200D MA
2010-01-01,2022-12-23,2022-12-27,2023-01-04,growth_champion_v2,0.0139214612060422,0.6,0.4,0.0,"YPF,SMCI,NVO,NFLX",4,0.6,1.0,base cap 60%
2008-01-01,2022-12-23,2022-12-27,2023-01-04,growth_champion_v2,0.0139214612060422,0.6,0.4,0.0,"YPF,SMCI,NVO,NFLX",4,0.6,1.0,base cap 60%
2008-01-01,2022-12-23,2022-12-27,2023-01-04,growth_champion_v3,0.0058006088358509,0.25,0.75,0.0,"YPF,SMCI,NVO,NFLX",4,0.25,0.4166666666666667,SPY and QQQ below 200D MA
2020-01-01,2022-12-27,2022-12-28,2023-01-05,growth_champion_v3,0.0045411503060731,0.25,0.75,0.0625,"VIST,MRNA,REGN,NFLX",4,0.25,0.4166666666666667,SPY and QQQ below 200D MA
2020-01-01,2022-12-27,2022-12-28,2023-01-05,growth_champion_v2,0.0108987607345755,0.6,0.4,0.15,"VIST,MRNA,REGN,NFLX",4,0.6,1.0,base cap 60%
2015-01-01,2022-12-29,2022-12-30,2023-01-09,growth_champion_v2,0.0264344486838955,0.6,0.4,0.0,"YPF,NVO,NFLX,SMCI",4,0.6,1.0,base cap 60%
2015-01-01,2022-12-29,2022-12-30,2023-01-09,growth_champion_v3,0.0110143536182897,0.25,0.75,0.0,"YPF,NVO,NFLX,SMCI",4,0.25,0.4166666666666667,SPY and QQQ below 200D MA
2010-01-01,2023-01-03,2023-01-04,2023-01-11,growth_champion_v2,0.01192585157871,0.6,0.4,0.0,"NVO,SMCI,NFLX,YPF",4,0.6,1.0,base cap 60%
2010-01-01,2023-01-03,2023-01-04,2023-01-11,growth_champion_v3,0.0049691048244625,0.25,0.75,0.0,"NVO,SMCI,NFLX,YPF",4,0.25,0.4166666666666667,SPY and QQQ below 200D MA
2008-01-01,2023-01-03,2023-01-04,2023-01-11,growth_champion_v2,0.01192585157871,0.6,0.4,0.0,"NVO,SMCI,NFLX,YPF",4,0.6,1.0,base cap 60%
2008-01-01,2023-01-03,2023-01-04,2023-01-11,growth_champion_v3,0.0049691048244625,0.25,0.75,0.0,"NVO,SMCI,NFLX,YPF",4,0.25,0.4166666666666667,SPY and QQQ below 200D MA
2022-01-03,2023-01-04,2023-01-05,2023-01-12,growth_champion_v3,0.0143649662572774,0.25,0.75,0.125,"TCEHY,MRNA",2,0.25,0.4166666666666667,SPY and QQQ below 200D MA
2020-01-01,2023-01-04,2023-01-05,2023-01-12,growth_champion_v2,0.0404280228869101,0.6,0.4,0.15,"TCEHY,MRNA,NFLX,VIST",4,0.6,1.0,base cap 60%
2020-01-01,2023-01-04,2023-01-05,2023-01-12,growth_champion_v3,0.0168450095362125,0.25,0.75,0.0625,"TCEHY,MRNA,NFLX,VIST",4,0.25,0.4166666666666667,SPY and QQQ below 200D MA
2022-01-03,2023-01-04,2023-01-05,2023-01-12,growth_champion_v2,0.0344759190174659,0.6,0.4,0.3,"TCEHY,MRNA",2,0.6,1.0,base cap 60%
2015-01-01,2023-01-06,2023-01-09,2023-01-17,growth_champion_v3,0.0051869769469797,0.25,0.75,0.125,"TCEHY,BABA,SMCI,NVO",4,0.25,0.4166666666666667,SPY and QQQ below 200D MA
2015-01-01,2023-01-06,2023-01-09,2023-01-17,growth_champion_v2,0.0124487446727515,0.6,0.4,0.3,"TCEHY,BABA,SMCI,NVO",4,0.6,1.0,base cap 60%
2008-01-01,2023-01-10,2023-01-11,2023-01-19,growth_champion_v2,0.0210390601328234,0.6,0.4,0.15,"YPF,ASML,NVO,NFLX",4,0.6,1.0,base cap 60%
2008-01-01,2023-01-10,2023-01-11,2023-01-19,growth_champion_v3,0.008766275055343,0.25,0.75,0.0625,"YPF,ASML,NVO,NFLX",4,0.25,0.4166666666666667,SPY and QQQ below 200D MA
2010-01-01,2023-01-10,2023-01-11,2023-01-19,growth_champion_v3,0.008766275055343,0.25,0.75,0.0625,"YPF,ASML,NVO,NFLX",4,0.25,0.4166666666666667,SPY and QQQ below 200D MA
2010-01-01,2023-01-10,2023-01-11,2023-01-19,growth_champion_v2,0.0210390601328234,0.6,0.4,0.15,"YPF,ASML,NVO,NFLX",4,0.6,1.0,base cap 60%
2022-01-03,2023-01-11,2023-01-12,2023-01-20,growth_champion_v2,0.0219692827613381,0.6,0.4,0.2,"TCEHY,PDD,MRNA",3,0.6,1.0,base cap 60%
2022-01-03,2023-01-11,2023-01-12,2023-01-20,growth_champion_v3,0.0091538678172242,0.25,0.75,0.0833333333333333,"TCEHY,PDD,MRNA",3,0.25,0.4166666666666667,SPY and QQQ below 200D MA
2020-01-01,2023-01-11,2023-01-12,2023-01-20,growth_champion_v2,0.018680729813943,0.6,0.4,0.15,"TCEHY,PDD,NFLX,VIST",4,0.6,1.0,base cap 60%
2020-01-01,2023-01-11,2023-01-12,2023-01-20,growth_champion_v3,0.0077836374224762,0.25,0.75,0.0625,"TCEHY,PDD,NFLX,VIST",4,0.25,0.4166666666666667,SPY and QQQ below 200D MA
2015-01-01,2023-01-13,2023-01-17,2023-01-24,growth_champion_v3,-0.0052055059353601,0.4,0.6,0.1,"YPF,BABA,SMCI,NVO",4,0.4,0.6666666666666667,one benchmark below 200D MA
2015-01-01,2023-01-13,2023-01-17,2023-01-24,growth_champion_v2,-0.0078082589030402,0.6,0.4,0.15,"YPF,BABA,SMCI,NVO",4,0.6,1.0,base cap 60%
2010-01-01,2023-01-18,2023-01-19,2023-01-26,growth_champion_v3,0.0289701083463765,0.4,0.6,0.0,"YPF,ASML,NFLX,NVO",4,0.4,0.6666666666666667,one benchmark below 200D MA
2008-01-01,2023-01-18,2023-01-19,2023-01-26,growth_champion_v2,0.0434551625195648,0.6,0.4,0.0,"YPF,ASML,NFLX,NVO",4,0.6,1.0,base cap 60%
2008-01-01,2023-01-18,2023-01-19,2023-01-26,growth_champion_v3,0.0289701083463765,0.4,0.6,0.0,"YPF,ASML,NFLX,NVO",4,0.4,0.6666666666666667,one benchmark below 200D MA
2010-01-01,2023-01-18,2023-01-19,2023-01-26,growth_champion_v2,0.0434551625195648,0.6,0.4,0.0,"YPF,ASML,NFLX,NVO",4,0.6,1.0,base cap 60%
2022-01-03,2023-01-19,2023-01-20,2023-01-27,growth_champion_v2,0.0153644714135774,0.6,0.4,0.1499999999999999,"KEEL,TCEHY,PDD,MRNA",4,0.6,1.0,base cap 60%
2020-01-01,2023-01-19,2023-01-20,2023-01-27,growth_champion_v3,0.0028717821855474,0.25,0.75,0.0625,"KEEL,TCEHY,NFLX,VIST",4,0.25,0.4166666666666667,SPY and QQQ below 200D MA
2020-01-01,2023-01-19,2023-01-20,2023-01-27,growth_champion_v2,0.0068922772453139,0.6,0.4,0.15,"KEEL,TCEHY,NFLX,VIST",4,0.6,1.0,base cap 60%
2022-01-03,2023-01-19,2023-01-20,2023-01-27,growth_champion_v3,0.0064018630889905,0.25,0.75,0.0624999999999999,"KEEL,TCEHY,PDD,MRNA",4,0.25,0.4166666666666667,SPY and QQQ below 200D MA
2015-01-01,2023-01-23,2023-01-24,2023-01-31,growth_champion_v3,-0.020307333558149,0.4,0.6,0.1,"TCEHY,BABA,SMCI,NVO",4,0.4,0.6666666666666667,one benchmark below 200D MA
2015-01-01,2023-01-23,2023-01-24,2023-01-31,growth_champion_v2,-0.0304610003372236,0.6,0.4,0.15,"TCEHY,BABA,SMCI,NVO",4,0.6,1.0,base cap 60%
2010-01-01,2023-01-25,2023-01-26,2023-02-02,growth_champion_v2,0.0018777998885797,0.6,0.4,0.15,"YPF,TSM,ASML,NFLX",4,0.6,1.0,base cap 60%
2008-01-01,2023-01-25,2023-01-26,2023-02-02,growth_champion_v2,0.0018777998885797,0.6,0.4,0.15,"YPF,TSM,ASML,NFLX",4,0.6,1.0,base cap 60%
2008-01-01,2023-01-25,2023-01-26,2023-02-02,growth_champion_v3,0.0012518665923864,0.4,0.6,0.1,"YPF,TSM,ASML,NFLX",4,0.4,0.6666666666666667,one benchmark below 200D MA
2010-01-01,2023-01-25,2023-01-26,2023-02-02,growth_champion_v3,0.0012518665923864,0.4,0.6,0.1,"YPF,TSM,ASML,NFLX",4,0.4,0.6666666666666667,one benchmark below 200D MA
2020-01-01,2023-01-26,2023-01-27,2023-02-03,growth_champion_v2,-0.0213612723419618,0.6,0.4,0.0,"TCEHY,KEEL,NFLX,VIST",4,0.6,1.0,base cap 60%
2022-01-03,2023-01-26,2023-01-27,2023-02-03,growth_champion_v2,-0.0434221639158694,0.6,0.4,0.0,"TCEHY,KEEL,PDD,MRNA",4,0.6,1.0,base cap 60%
2020-01-01,2023-01-26,2023-01-27,2023-02-03,growth_champion_v3,-0.0142408482279745,0.4,0.6,0.0,"TCEHY,KEEL,NFLX,VIST",4,0.4,0.6666666666666667,one benchmark below 200D MA
2022-01-03,2023-01-26,2023-01-27,2023-02-03,growth_champion_v3,-0.0289481092772462,0.4,0.6,0.0,"TCEHY,KEEL,PDD,MRNA",4,0.4,0.6666666666666667,one benchmark below 200D MA
2015-01-01,2023-01-30,2023-01-31,2023-02-07,growth_champion_v3,-0.0092907910615635,0.6,0.4,0.1499999999999999,"TCEHY,BABA,NVO",3,0.6,1.0,SPY and QQQ above 200D MA
2015-01-01,2023-01-30,2023-01-31,2023-02-07,growth_champion_v2,-0.0092907910615635,0.6,0.4,0.1499999999999999,"TCEHY,BABA,NVO",3,0.6,1.0,base cap 60%
2008-01-01,2023-02-01,2023-02-02,2023-02-09,growth_champion_v3,-0.0040646197830698,0.6,0.4,0.15,"NVDA,TSM,ASML,NFLX",4,0.6,1.0,SPY and QQQ above 200D MA
2008-01-01,2023-02-01,2023-02-02,2023-02-09,growth_champion_v2,-0.0040646197830698,0.6,0.4,0.15,"NVDA,TSM,ASML,NFLX",4,0.6,1.0,base cap 60%
2010-01-01,2023-02-01,2023-02-02,2023-02-09,growth_champion_v3,-0.0040646197830698,0.6,0.4,0.15,"NVDA,TSM,ASML,NFLX",4,0.6,1.0,SPY and QQQ above 200D MA
2010-01-01,2023-02-01,2023-02-02,2023-02-09,growth_champion_v2,-0.0040646197830698,0.6,0.4,0.15,"NVDA,TSM,ASML,NFLX",4,0.6,1.0,base cap 60%
2020-01-01,2023-02-02,2023-02-03,2023-02-10,growth_champion_v2,-0.026367657836695,0.6,0.4,0.15,"META,KEEL,NFLX,VIST",4,0.6,1.0,base cap 60%
2022-01-03,2023-02-02,2023-02-03,2023-02-10,growth_champion_v2,-0.0667939275421321,0.6,0.4,0.3,"META,COIN,KEEL,TCEHY",4,0.6,1.0,base cap 60%
2020-01-01,2023-02-02,2023-02-03,2023-02-10,growth_champion_v3,-0.026367657836695,0.6,0.4,0.15,"META,KEEL,NFLX,VIST",4,0.6,1.0,SPY and QQQ above 200D MA
2022-01-03,2023-02-02,2023-02-03,2023-02-10,growth_champion_v3,-0.0667939275421321,0.6,0.4,0.3,"META,COIN,KEEL,TCEHY",4,0.6,1.0,SPY and QQQ above 200D MA
2015-01-01,2023-02-06,2023-02-07,2023-02-14,growth_champion_v2,-0.0121221759452876,0.6,0.4,0.3,"META,MSTR,NVO,TCEHY",4,0.6,1.0,base cap 60%
2015-01-01,2023-02-06,2023-02-07,2023-02-14,growth_champion_v3,-0.0121221759452876,0.6,0.4,0.3,"META,MSTR,NVO,TCEHY",4,0.6,1.0,SPY and QQQ above 200D MA
2010-01-01,2023-02-08,2023-02-09,2023-02-16,growth_champion_v3,0.018307241856389,0.6,0.4,0.3,"MSTR,YPF,ASML,TSM",4,0.6,1.0,SPY and QQQ above 200D MA
2008-01-01,2023-02-08,2023-02-09,2023-02-16,growth_champion_v2,0.018307241856389,0.6,0.4,0.3,"MSTR,YPF,ASML,TSM",4,0.6,1.0,base cap 60%
2010-01-01,2023-02-08,2023-02-09,2023-02-16,growth_champion_v2,0.018307241856389,0.6,0.4,0.3,"MSTR,YPF,ASML,TSM",4,0.6,1.0,base cap 60%
2008-01-01,2023-02-08,2023-02-09,2023-02-16,growth_champion_v3,0.018307241856389,0.6,0.4,0.3,"MSTR,YPF,ASML,TSM",4,0.6,1.0,SPY and QQQ above 200D MA
2020-01-01,2023-02-09,2023-02-10,2023-02-17,growth_champion_v3,0.0040619680441269,0.6,0.4,0.15,"META,SPOT,NFLX,VIST",4,0.6,1.0,SPY and QQQ above 200D MA
2020-01-01,2023-02-09,2023-02-10,2023-02-17,growth_champion_v2,0.0040619680441269,0.6,0.4,0.15,"META,SPOT,NFLX,VIST",4,0.6,1.0,base cap 60%
2022-01-03,2023-02-09,2023-02-10,2023-02-17,growth_champion_v2,0.0298188257973305,0.6,0.4,0.15,"META,SPOT,KEEL,TCEHY",4,0.6,1.0,base cap 60%
2022-01-03,2023-02-09,2023-02-10,2023-02-17,growth_champion_v3,0.0298188257973305,0.6,0.4,0.15,"META,SPOT,KEEL,TCEHY",4,0.6,1.0,SPY and QQQ above 200D MA
2015-01-01,2023-02-13,2023-02-14,2023-02-22,growth_champion_v3,-0.0204712000000563,0.6,0.4,0.0,"META,MSTR,NVO,TCEHY",4,0.6,1.0,SPY and QQQ above 200D MA
2015-01-01,2023-02-13,2023-02-14,2023-02-22,growth_champion_v2,-0.0204712000000563,0.6,0.4,0.0,"META,MSTR,NVO,TCEHY",4,0.6,1.0,base cap 60%
2010-01-01,2023-02-15,2023-02-16,2023-02-24,growth_champion_v2,-0.0192932351578837,0.6,0.4,0.15,"MSTR,NVDA,ASML,TSM",4,0.6,1.0,base cap 60%
2008-01-01,2023-02-15,2023-02-16,2023-02-24,growth_champion_v2,-0.0192932351578837,0.6,0.4,0.15,"MSTR,NVDA,ASML,TSM",4,0.6,1.0,base cap 60%
2008-01-01,2023-02-15,2023-02-16,2023-02-24,growth_champion_v3,-0.0192932351578837,0.6,0.4,0.15,"MSTR,NVDA,ASML,TSM",4,0.6,1.0,SPY and QQQ above 200D MA
2010-01-01,2023-02-15,2023-02-16,2023-02-24,growth_champion_v3,-0.0192932351578837,0.6,0.4,0.15,"MSTR,NVDA,ASML,TSM",4,0.6,1.0,SPY and QQQ above 200D MA
2022-01-03,2023-02-16,2023-02-17,2023-02-27,growth_champion_v3,-0.0393482278574755,0.6,0.4,0.15,"SPOT,MSTR,META,TCEHY",4,0.6,1.0,SPY and QQQ above 200D MA
2020-01-01,2023-02-16,2023-02-17,2023-02-27,growth_champion_v3,-0.0418642303141516,0.6,0.4,0.15,"SPOT,MSTR,META,NFLX",4,0.6,1.0,SPY and QQQ above 200D MA
2022-01-03,2023-02-16,2023-02-17,2023-02-27,growth_champion_v2,-0.0393482278574755,0.6,0.4,0.15,"SPOT,MSTR,META,TCEHY",4,0.6,1.0,base cap 60%
2020-01-01,2023-02-16,2023-02-17,2023-02-27,growth_champion_v2,-0.0418642303141516,0.6,0.4,0.15,"SPOT,MSTR,META,NFLX",4,0.6,1.0,base cap 60%
2015-01-01,2023-02-21,2023-02-22,2023-03-01,growth_champion_v3,0.0026291858349517,0.6,0.4,0.0,"META,MSTR,NVO,TCEHY",4,0.6,1.0,SPY and QQQ above 200D MA
2015-01-01,2023-02-21,2023-02-22,2023-03-01,growth_champion_v2,0.0026291858349517,0.6,0.4,0.0,"META,MSTR,NVO,TCEHY",4,0.6,1.0,base cap 60%
2010-01-01,2023-02-23,2023-02-24,2023-03-03,growth_champion_v2,0.0061465311483938,0.6,0.4,0.0,"NVDA,MSTR,ASML,TSM",4,0.6,1.0,base cap 60%
2010-01-01,2023-02-23,2023-02-24,2023-03-03,growth_champion_v3,0.0061465311483938,0.6,0.4,0.0,"NVDA,MSTR,ASML,TSM",4,0.6,1.0,SPY and QQQ above 200D MA
2008-01-01,2023-02-23,2023-02-24,2023-03-03,growth_champion_v2,0.0061465311483938,0.6,0.4,0.0,"NVDA,MSTR,ASML,TSM",4,0.6,1.0,base cap 60%
2008-01-01,2023-02-23,2023-02-24,2023-03-03,growth_champion_v3,0.0061465311483938,0.6,0.4,0.0,"NVDA,MSTR,ASML,TSM",4,0.6,1.0,SPY and QQQ above 200D MA
2020-01-01,2023-02-24,2023-02-27,2023-03-06,growth_champion_v2,0.0084347235912338,0.6,0.4,0.0,"META,SPOT,NFLX,MSTR",4,0.6,1.0,base cap 60%
2020-01-01,2023-02-24,2023-02-27,2023-03-06,growth_champion_v3,0.0084347235912338,0.6,0.4,0.0,"META,SPOT,NFLX,MSTR",4,0.6,1.0,SPY and QQQ above 200D MA
2022-01-03,2023-02-24,2023-02-27,2023-03-06,growth_champion_v3,0.0186872114767126,0.6,0.4,0.0,"META,SPOT,MSTR,TCEHY",4,0.6,1.0,SPY and QQQ above 200D MA
2022-01-03,2023-02-24,2023-02-27,2023-03-06,growth_champion_v2,0.0186872114767126,0.6,0.4,0.0,"META,SPOT,MSTR,TCEHY",4,0.6,1.0,base cap 60%
2015-01-01,2023-02-28,2023-03-01,2023-03-08,growth_champion_v2,0.0036973737168672,0.6,0.4,0.15,"META,NVDA,NVO,MSTR",4,0.6,1.0,base cap 60%
2015-01-01,2023-02-28,2023-03-01,2023-03-08,growth_champion_v3,0.0036973737168672,0.6,0.4,0.15,"META,NVDA,NVO,MSTR",4,0.6,1.0,SPY and QQQ above 200D MA
2010-01-01,2023-03-02,2023-03-03,2023-03-10,growth_champion_v2,-0.0594727461848084,0.6,0.4,0.15,"NVDA,YPF,MSTR,TSM",4,0.6,1.0,base cap 60%
2008-01-01,2023-03-02,2023-03-03,2023-03-10,growth_champion_v2,-0.0594727461848084,0.6,0.4,0.15,"NVDA,YPF,MSTR,TSM",4,0.6,1.0,base cap 60%
2010-01-01,2023-03-02,2023-03-03,2023-03-10,growth_champion_v3,-0.0594727461848084,0.6,0.4,0.15,"NVDA,YPF,MSTR,TSM",4,0.6,1.0,SPY and QQQ above 200D MA
2008-01-01,2023-03-02,2023-03-03,2023-03-10,growth_champion_v3,-0.0594727461848084,0.6,0.4,0.15,"NVDA,YPF,MSTR,TSM",4,0.6,1.0,SPY and QQQ above 200D MA
2022-01-03,2023-03-03,2023-03-06,2023-03-13,growth_champion_v2,-0.0508748079336804,0.6,0.4,0.3,"TWLO,VIST,META,MSTR",4,0.6,1.0,base cap 60%
2022-01-03,2023-03-03,2023-03-06,2023-03-13,growth_champion_v3,-0.0508748079336804,0.6,0.4,0.3,"TWLO,VIST,META,MSTR",4,0.6,1.0,SPY and QQQ above 200D MA
2020-01-01,2023-03-03,2023-03-06,2023-03-13,growth_champion_v3,-0.0508748079336804,0.6,0.4,0.3,"TWLO,VIST,META,MSTR",4,0.6,1.0,SPY and QQQ above 200D MA
2020-01-01,2023-03-03,2023-03-06,2023-03-13,growth_champion_v2,-0.0508748079336804,0.6,0.4,0.3,"TWLO,VIST,META,MSTR",4,0.6,1.0,base cap 60%
2015-01-01,2023-03-07,2023-03-08,2023-03-15,growth_champion_v2,-0.0280832882156621,0.6,0.4,0.15,"META,YPF,NVO,MSTR",4,0.6,1.0,base cap 60%
2015-01-01,2023-03-07,2023-03-08,2023-03-15,growth_champion_v3,-0.0280832882156621,0.6,0.4,0.15,"META,YPF,NVO,MSTR",4,0.6,1.0,SPY and QQQ above 200D MA
2008-01-01,2023-03-09,2023-03-10,2023-03-17,growth_champion_v2,0.000146070720566,0.6,0.4,0.1499999999999999,"YPF,NVDA,TSM",3,0.6,1.0,base cap 60%
2010-01-01,2023-03-09,2023-03-10,2023-03-17,growth_champion_v3,0.000146070720566,0.6,0.4,0.1499999999999999,"YPF,NVDA,TSM",3,0.6,1.0,SPY and QQQ above 200D MA
2008-01-01,2023-03-09,2023-03-10,2023-03-17,growth_champion_v3,0.000146070720566,0.6,0.4,0.1499999999999999,"YPF,NVDA,TSM",3,0.6,1.0,SPY and QQQ above 200D MA
2010-01-01,2023-03-09,2023-03-10,2023-03-17,growth_champion_v2,0.000146070720566,0.6,0.4,0.1499999999999999,"YPF,NVDA,TSM",3,0.6,1.0,base cap 60%
2020-01-01,2023-03-10,2023-03-13,2023-03-20,growth_champion_v3,0.0095591508561491,0.6,0.4,0.1499999999999999,"META,VIST,TWLO",3,0.6,1.0,SPY and QQQ above 200D MA
2022-01-03,2023-03-10,2023-03-13,2023-03-20,growth_champion_v2,0.0095591508561491,0.6,0.4,0.1499999999999999,"META,VIST,TWLO",3,0.6,1.0,base cap 60%
2022-01-03,2023-03-10,2023-03-13,2023-03-20,growth_champion_v3,0.0095591508561491,0.6,0.4,0.1499999999999999,"META,VIST,TWLO",3,0.6,1.0,SPY and QQQ above 200D MA
2020-01-01,2023-03-10,2023-03-13,2023-03-20,growth_champion_v2,0.0095591508561491,0.6,0.4,0.1499999999999999,"META,VIST,TWLO",3,0.6,1.0,base cap 60%
2015-01-01,2023-03-14,2023-03-15,2023-03-22,growth_champion_v2,0.0200730181519026,0.6,0.4,0.15,"META,MELI,NVO,MSTR",4,0.6,1.0,base cap 60%
2015-01-01,2023-03-14,2023-03-15,2023-03-22,growth_champion_v3,0.0133820121012684,0.4,0.6,0.1,"META,MELI,NVO,MSTR",4,0.4,0.6666666666666667,one benchmark below 200D MA
2010-01-01,2023-03-16,2023-03-17,2023-03-24,growth_champion_v2,0.0213281081665111,0.6,0.4,0.1499999999999999,"NVDA,AMD,TSM,YPF",4,0.6,1.0,base cap 60%
2008-01-01,2023-03-16,2023-03-17,2023-03-24,growth_champion_v3,0.014218738777674,0.4,0.6,0.0999999999999999,"NVDA,AMD,TSM,YPF",4,0.4,0.6666666666666667,one benchmark below 200D MA
2010-01-01,2023-03-16,2023-03-17,2023-03-24,growth_champion_v3,0.014218738777674,0.4,0.6,0.0999999999999999,"NVDA,AMD,TSM,YPF",4,0.4,0.6666666666666667,one benchmark below 200D MA
2008-01-01,2023-03-16,2023-03-17,2023-03-24,growth_champion_v2,0.0213281081665111,0.6,0.4,0.1499999999999999,"NVDA,AMD,TSM,YPF",4,0.6,1.0,base cap 60%
2022-01-03,2023-03-17,2023-03-20,2023-03-27,growth_champion_v3,-0.0083991266084269,0.6,0.4,0.3,"COIN,KEEL,META,VIST",4,0.6,1.0,SPY and QQQ above 200D MA
2020-01-01,2023-03-17,2023-03-20,2023-03-27,growth_champion_v3,0.0161786505253622,0.6,0.4,0.1499999999999999,"KEEL,META,VIST,TWLO",4,0.6,1.0,SPY and QQQ above 200D MA
2022-01-03,2023-03-17,2023-03-20,2023-03-27,growth_champion_v2,-0.0083991266084269,0.6,0.4,0.3,"COIN,KEEL,META,VIST",4,0.6,1.0,base cap 60%
2020-01-01,2023-03-17,2023-03-20,2023-03-27,growth_champion_v2,0.0161786505253622,0.6,0.4,0.1499999999999999,"KEEL,META,VIST,TWLO",4,0.6,1.0,base cap 60%
2015-01-01,2023-03-21,2023-03-22,2023-03-29,growth_champion_v3,0.0410650449015964,0.6,0.4,0.15,"META,NVDA,NVO,MSTR",4,0.6,1.0,SPY and QQQ above 200D MA
2015-01-01,2023-03-21,2023-03-22,2023-03-29,growth_champion_v2,0.0410650449015964,0.6,0.4,0.15,"META,NVDA,NVO,MSTR",4,0.6,1.0,base cap 60%
2008-01-01,2023-03-23,2023-03-24,2023-03-31,growth_champion_v3,0.0080718057148136,0.6,0.4,0.1499999999999999,"NVDA,AMD,TSM",3,0.6,1.0,SPY and QQQ above 200D MA
2010-01-01,2023-03-23,2023-03-24,2023-03-31,growth_champion_v2,0.0080718057148136,0.6,0.4,0.1499999999999999,"NVDA,AMD,TSM",3,0.6,1.0,base cap 60%
2010-01-01,2023-03-23,2023-03-24,2023-03-31,growth_champion_v3,0.0080718057148136,0.6,0.4,0.1499999999999999,"NVDA,AMD,TSM",3,0.6,1.0,SPY and QQQ above 200D MA
2008-01-01,2023-03-23,2023-03-24,2023-03-31,growth_champion_v2,0.0080718057148136,0.6,0.4,0.1499999999999999,"NVDA,AMD,TSM",3,0.6,1.0,base cap 60%
2022-01-03,2023-03-24,2023-03-27,2023-04-03,growth_champion_v3,0.0399427941837814,0.6,0.4,0.0,"KEEL,COIN,META,VIST",4,0.6,1.0,SPY and QQQ above 200D MA
2020-01-01,2023-03-24,2023-03-27,2023-04-03,growth_champion_v3,0.0279778511809513,0.6,0.4,0.15,"KEEL,NVDA,META,TWLO",4,0.6,1.0,SPY and QQQ above 200D MA
2020-01-01,2023-03-24,2023-03-27,2023-04-03,growth_champion_v2,0.0279778511809513,0.6,0.4,0.15,"KEEL,NVDA,META,TWLO",4,0.6,1.0,base cap 60%
2022-01-03,2023-03-24,2023-03-27,2023-04-03,growth_champion_v2,0.0399427941837814,0.6,0.4,0.0,"KEEL,COIN,META,VIST",4,0.6,1.0,base cap 60%
2015-01-01,2023-03-28,2023-03-29,2023-04-05,growth_champion_v2,0.0087660817936707,0.6,0.4,0.0,"NVDA,MSTR,META,NVO",4,0.6,1.0,base cap 60%
2015-01-01,2023-03-28,2023-03-29,2023-04-05,growth_champion_v3,0.0087660817936707,0.6,0.4,0.0,"NVDA,MSTR,META,NVO",4,0.6,1.0,SPY and QQQ above 200D MA
2010-01-01,2023-03-30,2023-03-31,2023-04-10,growth_champion_v2,-0.0008927381231828,0.6,0.4,0.1499999999999999,"NVDA,MSTR,AMD,TSM",4,0.6,1.0,base cap 60%
2008-01-01,2023-03-30,2023-03-31,2023-04-10,growth_champion_v2,-0.0008927381231828,0.6,0.4,0.1499999999999999,"NVDA,MSTR,AMD,TSM",4,0.6,1.0,base cap 60%
2010-01-01,2023-03-30,2023-03-31,2023-04-10,growth_champion_v3,-0.0008927381231828,0.6,0.4,0.1499999999999999,"NVDA,MSTR,AMD,TSM",4,0.6,1.0,SPY and QQQ above 200D MA
2008-01-01,2023-03-30,2023-03-31,2023-04-10,growth_champion_v3,-0.0008927381231828,0.6,0.4,0.1499999999999999,"NVDA,MSTR,AMD,TSM",4,0.6,1.0,SPY and QQQ above 200D MA
2022-01-03,2023-03-31,2023-04-03,2023-04-11,growth_champion_v3,0.023891169098221,0.6,0.4,0.15,"NVDA,KEEL,META,VIST",4,0.6,1.0,SPY and QQQ above 200D MA
2020-01-01,2023-03-31,2023-04-03,2023-04-11,growth_champion_v2,0.0094614603532397,0.6,0.4,0.0,"NVDA,KEEL,META,TWLO",4,0.6,1.0,base cap 60%
2022-01-03,2023-03-31,2023-04-03,2023-04-11,growth_champion_v2,0.023891169098221,0.6,0.4,0.15,"NVDA,KEEL,META,VIST",4,0.6,1.0,base cap 60%
2020-01-01,2023-03-31,2023-04-03,2023-04-11,growth_champion_v3,0.0094614603532397,0.6,0.4,0.0,"NVDA,KEEL,META,TWLO",4,0.6,1.0,SPY and QQQ above 200D MA
2015-01-01,2023-04-04,2023-04-05,2023-04-13,growth_champion_v2,0.0389370499710432,0.6,0.4,0.0,"MSTR,NVDA,META,NVO",4,0.6,1.0,base cap 60%
2015-01-01,2023-04-04,2023-04-05,2023-04-13,growth_champion_v3,0.0389370499710432,0.6,0.4,0.0,"MSTR,NVDA,META,NVO",4,0.6,1.0,SPY and QQQ above 200D MA
2008-01-01,2023-04-06,2023-04-10,2023-04-17,growth_champion_v3,-0.0135673078103452,0.6,0.4,0.0,"NVDA,MSTR,AMD,TSM",4,0.6,1.0,SPY and QQQ above 200D MA
2010-01-01,2023-04-06,2023-04-10,2023-04-17,growth_champion_v3,-0.0135673078103452,0.6,0.4,0.0,"NVDA,MSTR,AMD,TSM",4,0.6,1.0,SPY and QQQ above 200D MA
2008-01-01,2023-04-06,2023-04-10,2023-04-17,growth_champion_v2,-0.0135673078103452,0.6,0.4,0.0,"NVDA,MSTR,AMD,TSM",4,0.6,1.0,base cap 60%
2010-01-01,2023-04-06,2023-04-10,2023-04-17,growth_champion_v2,-0.0135673078103452,0.6,0.4,0.0,"NVDA,MSTR,AMD,TSM",4,0.6,1.0,base cap 60%
2022-01-03,2023-04-10,2023-04-11,2023-04-18,growth_champion_v2,0.0108735017499265,0.6,0.4,0.15,"MSTR,NVDA,META,VIST",4,0.6,1.0,base cap 60%
2020-01-01,2023-04-10,2023-04-11,2023-04-18,growth_champion_v2,0.0072242058542989,0.6,0.4,0.15,"MSTR,NVDA,META,TWLO",4,0.6,1.0,base cap 60%
2020-01-01,2023-04-10,2023-04-11,2023-04-18,growth_champion_v3,0.0072242058542989,0.6,0.4,0.15,"MSTR,NVDA,META,TWLO",4,0.6,1.0,SPY and QQQ above 200D MA
2022-01-03,2023-04-10,2023-04-11,2023-04-18,growth_champion_v3,0.0108735017499265,0.6,0.4,0.15,"MSTR,NVDA,META,VIST",4,0.6,1.0,SPY and QQQ above 200D MA
2015-01-01,2023-04-12,2023-04-13,2023-04-20,growth_champion_v2,-0.0236091070224695,0.6,0.4,0.0,"MSTR,NVDA,META,NVO",4,0.6,1.0,base cap 60%
2015-01-01,2023-04-12,2023-04-13,2023-04-20,growth_champion_v3,-0.0236091070224695,0.6,0.4,0.0,"MSTR,NVDA,META,NVO",4,0.6,1.0,SPY and QQQ above 200D MA
2008-01-01,2023-04-14,2023-04-17,2023-04-24,growth_champion_v3,-0.0225202202455719,0.6,0.4,0.1499999999999999,"MSTR,NVDA,AMD",3,0.6,1.0,SPY and QQQ above 200D MA
2010-01-01,2023-04-14,2023-04-17,2023-04-24,growth_champion_v2,-0.0225202202455719,0.6,0.4,0.1499999999999999,"MSTR,NVDA,AMD",3,0.6,1.0,base cap 60%
2008-01-01,2023-04-14,2023-04-17,2023-04-24,growth_champion_v2,-0.0225202202455719,0.6,0.4,0.1499999999999999,"MSTR,NVDA,AMD",3,0.6,1.0,base cap 60%
2010-01-01,2023-04-14,2023-04-17,2023-04-24,growth_champion_v3,-0.0225202202455719,0.6,0.4,0.1499999999999999,"MSTR,NVDA,AMD",3,0.6,1.0,SPY and QQQ above 200D MA
2022-01-03,2023-04-17,2023-04-18,2023-04-25,growth_champion_v3,-0.0618119990186456,0.6,0.4,0.15,"META,SMCI,NVDA,MSTR",4,0.6,1.0,SPY and QQQ above 200D MA
2020-01-01,2023-04-17,2023-04-18,2023-04-25,growth_champion_v3,-0.0618119990186456,0.6,0.4,0.15,"META,SMCI,NVDA,MSTR",4,0.6,1.0,SPY and QQQ above 200D MA
2020-01-01,2023-04-17,2023-04-18,2023-04-25,growth_champion_v2,-0.0618119990186456,0.6,0.4,0.15,"META,SMCI,NVDA,MSTR",4,0.6,1.0,base cap 60%
2022-01-03,2023-04-17,2023-04-18,2023-04-25,growth_champion_v2,-0.0618119990186456,0.6,0.4,0.15,"META,SMCI,NVDA,MSTR",4,0.6,1.0,base cap 60%
2015-01-01,2023-04-19,2023-04-20,2023-04-27,growth_champion_v2,0.0313893181860881,0.6,0.4,0.0,"META,NVDA,MSTR,NVO",4,0.6,1.0,base cap 60%
2015-01-01,2023-04-19,2023-04-20,2023-04-27,growth_champion_v3,0.0313893181860881,0.6,0.4,0.0,"META,NVDA,MSTR,NVO",4,0.6,1.0,SPY and QQQ above 200D MA
2010-01-01,2023-04-21,2023-04-24,2023-05-01,growth_champion_v3,0.0269102463666443,0.6,0.4,0.1499999999999999,"NVDA,ISRG,AMD,MSTR",4,0.6,1.0,SPY and QQQ above 200D MA
2008-01-01,2023-04-21,2023-04-24,2023-05-01,growth_champion_v2,0.0269102463666443,0.6,0.4,0.1499999999999999,"NVDA,ISRG,AMD,MSTR",4,0.6,1.0,base cap 60%
2008-01-01,2023-04-21,2023-04-24,2023-05-01,growth_champion_v3,0.0269102463666443,0.6,0.4,0.1499999999999999,"NVDA,ISRG,AMD,MSTR",4,0.6,1.0,SPY and QQQ above 200D MA
2010-01-01,2023-04-21,2023-04-24,2023-05-01,growth_champion_v2,0.0269102463666443,0.6,0.4,0.1499999999999999,"NVDA,ISRG,AMD,MSTR",4,0.6,1.0,base cap 60%
2020-01-01,2023-04-24,2023-04-25,2023-05-02,growth_champion_v2,0.0476152750647987,0.6,0.4,0.15,"VIST,META,MSTR,NVDA",4,0.6,1.0,base cap 60%
2022-01-03,2023-04-24,2023-04-25,2023-05-02,growth_champion_v2,0.0476152750647987,0.6,0.4,0.15,"VIST,META,MSTR,NVDA",4,0.6,1.0,base cap 60%
2020-01-01,2023-04-24,2023-04-25,2023-05-02,growth_champion_v3,0.0476152750647987,0.6,0.4,0.15,"VIST,META,MSTR,NVDA",4,0.6,1.0,SPY and QQQ above 200D MA
2022-01-03,2023-04-24,2023-04-25,2023-05-02,growth_champion_v3,0.0476152750647987,0.6,0.4,0.15,"VIST,META,MSTR,NVDA",4,0.6,1.0,SPY and QQQ above 200D MA
2015-01-01,2023-04-26,2023-04-27,2023-05-04,growth_champion_v2,-0.0093812350257338,0.6,0.4,0.0,"META,NVDA,NVO,MSTR",4,0.6,1.0,base cap 60%
2015-01-01,2023-04-26,2023-04-27,2023-05-04,growth_champion_v3,-0.0093812350257338,0.6,0.4,0.0,"META,NVDA,NVO,MSTR",4,0.6,1.0,SPY and QQQ above 200D MA
2010-01-01,2023-04-28,2023-05-01,2023-05-08,growth_champion_v2,0.0400220107241935,0.6,0.4,0.15,"MSTR,SMCI,NVDA,ISRG",4,0.6,1.0,base cap 60%
2010-01-01,2023-04-28,2023-05-01,2023-05-08,growth_champion_v3,0.0400220107241935,0.6,0.4,0.15,"MSTR,SMCI,NVDA,ISRG",4,0.6,1.0,SPY and QQQ above 200D MA
2008-01-01,2023-04-28,2023-05-01,2023-05-08,growth_champion_v2,0.0400220107241935,0.6,0.4,0.15,"MSTR,SMCI,NVDA,ISRG",4,0.6,1.0,base cap 60%
2008-01-01,2023-04-28,2023-05-01,2023-05-08,growth_champion_v3,0.0400220107241935,0.6,0.4,0.15,"MSTR,SMCI,NVDA,ISRG",4,0.6,1.0,SPY and QQQ above 200D MA
2020-01-01,2023-05-01,2023-05-02,2023-05-09,growth_champion_v2,0.0002075642561004,0.6,0.4,0.0,"META,NVDA,MSTR,VIST",4,0.6,1.0,base cap 60%
2022-01-03,2023-05-01,2023-05-02,2023-05-09,growth_champion_v2,0.0002075642561004,0.6,0.4,0.0,"META,NVDA,MSTR,VIST",4,0.6,1.0,base cap 60%
2020-01-01,2023-05-01,2023-05-02,2023-05-09,growth_champion_v3,0.0002075642561004,0.6,0.4,0.0,"META,NVDA,MSTR,VIST",4,0.6,1.0,SPY and QQQ above 200D MA
2022-01-03,2023-05-01,2023-05-02,2023-05-09,growth_champion_v3,0.0002075642561004,0.6,0.4,0.0,"META,NVDA,MSTR,VIST",4,0.6,1.0,SPY and QQQ above 200D MA
2015-01-01,2023-05-03,2023-05-04,2023-05-11,growth_champion_v2,0.0096232213527447,0.6,0.4,0.3,"SMCI,ISRG,META,NVO",4,0.6,1.0,base cap 60%
2015-01-01,2023-05-03,2023-05-04,2023-05-11,growth_champion_v3,0.0096232213527447,0.6,0.4,0.3,"SMCI,ISRG,META,NVO",4,0.6,1.0,SPY and QQQ above 200D MA
2008-01-01,2023-05-05,2023-05-08,2023-05-15,growth_champion_v3,-0.0034307688742494,0.6,0.4,0.0,"SMCI,ISRG,NVDA,MSTR",4,0.6,1.0,SPY and QQQ above 200D MA
2008-01-01,2023-05-05,2023-05-08,2023-05-15,growth_champion_v2,-0.0034307688742494,0.6,0.4,0.0,"SMCI,ISRG,NVDA,MSTR",4,0.6,1.0,base cap 60%
2010-01-01,2023-05-05,2023-05-08,2023-05-15,growth_champion_v3,-0.0034307688742494,0.6,0.4,0.0,"SMCI,ISRG,NVDA,MSTR",4,0.6,1.0,SPY and QQQ above 200D MA
2010-01-01,2023-05-05,2023-05-08,2023-05-15,growth_champion_v2,-0.0034307688742494,0.6,0.4,0.0,"SMCI,ISRG,NVDA,MSTR",4,0.6,1.0,base cap 60%
2022-01-03,2023-05-08,2023-05-09,2023-05-16,growth_champion_v2,-0.0047596281375524,0.6,0.4,0.3,"SMCI,SHOP,META,MSTR",4,0.6,1.0,base cap 60%
2020-01-01,2023-05-08,2023-05-09,2023-05-16,growth_champion_v2,-0.0047596281375524,0.6,0.4,0.3,"SMCI,SHOP,META,MSTR",4,0.6,1.0,base cap 60%
2020-01-01,2023-05-08,2023-05-09,2023-05-16,growth_champion_v3,-0.0047596281375524,0.6,0.4,0.3,"SMCI,SHOP,META,MSTR",4,0.6,1.0,SPY and QQQ above 200D MA
2022-01-03,2023-05-08,2023-05-09,2023-05-16,growth_champion_v3,-0.0047596281375524,0.6,0.4,0.3,"SMCI,SHOP,META,MSTR",4,0.6,1.0,SPY and QQQ above 200D MA
2015-01-01,2023-05-10,2023-05-11,2023-05-18,growth_champion_v3,0.0538445764033969,0.6,0.4,0.15,"SMCI,NVDA,META,NVO",4,0.6,1.0,SPY and QQQ above 200D MA
2015-01-01,2023-05-10,2023-05-11,2023-05-18,growth_champion_v2,0.0538445764033969,0.6,0.4,0.15,"SMCI,NVDA,META,NVO",4,0.6,1.0,base cap 60%
2010-01-01,2023-05-12,2023-05-15,2023-05-22,growth_champion_v2,0.0581045587588406,0.6,0.4,0.1499999999999999,"SMCI,ISRG,NVDA",3,0.6,1.0,base cap 60%
2008-01-01,2023-05-12,2023-05-15,2023-05-22,growth_champion_v3,0.0581045587588406,0.6,0.4,0.1499999999999999,"SMCI,ISRG,NVDA",3,0.6,1.0,SPY and QQQ above 200D MA
2008-01-01,2023-05-12,2023-05-15,2023-05-22,growth_champion_v2,0.0581045587588406,0.6,0.4,0.1499999999999999,"SMCI,ISRG,NVDA",3,0.6,1.0,base cap 60%
2010-01-01,2023-05-12,2023-05-15,2023-05-22,growth_champion_v3,0.0581045587588406,0.6,0.4,0.1499999999999999,"SMCI,ISRG,NVDA",3,0.6,1.0,SPY and QQQ above 200D MA
2020-01-01,2023-05-15,2023-05-16,2023-05-23,growth_champion_v2,0.0227157207549098,0.6,0.4,0.1499999999999999,"SMCI,SHOP,META",3,0.6,1.0,base cap 60%
2022-01-03,2023-05-15,2023-05-16,2023-05-23,growth_champion_v2,0.0227157207549098,0.6,0.4,0.1499999999999999,"SMCI,SHOP,META",3,0.6,1.0,base cap 60%
2022-01-03,2023-05-15,2023-05-16,2023-05-23,growth_champion_v3,0.0227157207549098,0.6,0.4,0.1499999999999999,"SMCI,SHOP,META",3,0.6,1.0,SPY and QQQ above 200D MA
2020-01-01,2023-05-15,2023-05-16,2023-05-23,growth_champion_v3,0.0227157207549098,0.6,0.4,0.1499999999999999,"SMCI,SHOP,META",3,0.6,1.0,SPY and QQQ above 200D MA
2015-01-01,2023-05-17,2023-05-18,2023-05-25,growth_champion_v3,0.0665094314117574,0.6,0.4,0.0,"SMCI,NVDA,META,NVO",4,0.6,1.0,SPY and QQQ above 200D MA
2015-01-01,2023-05-17,2023-05-18,2023-05-25,growth_champion_v2,0.0665094314117574,0.6,0.4,0.0,"SMCI,NVDA,META,NVO",4,0.6,1.0,base cap 60%
2008-01-01,2023-05-19,2023-05-22,2023-05-30,growth_champion_v2,0.101454750930016,0.6,0.4,0.1499999999999999,"SMCI,GOOG,NVDA,ISRG",4,0.6,1.0,base cap 60%
2008-01-01,2023-05-19,2023-05-22,2023-05-30,growth_champion_v3,0.101454750930016,0.6,0.4,0.1499999999999999,"SMCI,GOOG,NVDA,ISRG",4,0.6,1.0,SPY and QQQ above 200D MA
2010-01-01,2023-05-19,2023-05-22,2023-05-30,growth_champion_v3,0.101454750930016,0.6,0.4,0.1499999999999999,"SMCI,GOOG,NVDA,ISRG",4,0.6,1.0,SPY and QQQ above 200D MA
2010-01-01,2023-05-19,2023-05-22,2023-05-30,growth_champion_v2,0.101454750930016,0.6,0.4,0.1499999999999999,"SMCI,GOOG,NVDA,ISRG",4,0.6,1.0,base cap 60%
2022-01-03,2023-05-22,2023-05-23,2023-05-31,growth_champion_v3,0.0900401817953078,0.6,0.4,0.1499999999999999,"SMCI,PLTR,META,SHOP",4,0.6,1.0,SPY and QQQ above 200D MA
2020-01-01,2023-05-22,2023-05-23,2023-05-31,growth_champion_v2,0.0873004168884743,0.6,0.4,0.0,"SMCI,SHOP,META",3,0.6,1.0,base cap 60%
2022-01-03,2023-05-22,2023-05-23,2023-05-31,growth_champion_v2,0.0900401817953078,0.6,0.4,0.1499999999999999,"SMCI,PLTR,META,SHOP",4,0.6,1.0,base cap 60%
2020-01-01,2023-05-22,2023-05-23,2023-05-31,growth_champion_v3,0.0873004168884743,0.6,0.4,0.0,"SMCI,SHOP,META",3,0.6,1.0,SPY and QQQ above 200D MA
2015-01-01,2023-05-24,2023-05-25,2023-06-02,growth_champion_v2,0.0231854653438215,0.6,0.4,0.0,"SMCI,META,NVO,NVDA",4,0.6,1.0,base cap 60%
2015-01-01,2023-05-24,2023-05-25,2023-06-02,growth_champion_v3,0.0231854653438215,0.6,0.4,0.0,"SMCI,META,NVO,NVDA",4,0.6,1.0,SPY and QQQ above 200D MA
2010-01-01,2023-05-26,2023-05-30,2023-06-06,growth_champion_v2,0.0021034363523817,0.6,0.4,0.0,"SMCI,NVDA,GOOG,ISRG",4,0.6,1.0,base cap 60%
2010-01-01,2023-05-26,2023-05-30,2023-06-06,growth_champion_v3,0.0021034363523817,0.6,0.4,0.0,"SMCI,NVDA,GOOG,ISRG",4,0.6,1.0,SPY and QQQ above 200D MA
2008-01-01,2023-05-26,2023-05-30,2023-06-06,growth_champion_v3,0.0021034363523817,0.6,0.4,0.0,"SMCI,NVDA,GOOG,ISRG",4,0.6,1.0,SPY and QQQ above 200D MA
2008-01-01,2023-05-26,2023-05-30,2023-06-06,growth_champion_v2,0.0021034363523817,0.6,0.4,0.0,"SMCI,NVDA,GOOG,ISRG",4,0.6,1.0,base cap 60%
2022-01-03,2023-05-30,2023-05-31,2023-06-07,growth_champion_v3,0.0159803572562497,0.6,0.4,0.0,"SMCI,PLTR,META,SHOP",4,0.6,1.0,SPY and QQQ above 200D MA
2020-01-01,2023-05-30,2023-05-31,2023-06-07,growth_champion_v2,0.0147763040727485,0.6,0.4,0.1499999999999999,"SMCI,NVDA,META,SHOP",4,0.6,1.0,base cap 60%
2020-01-01,2023-05-30,2023-05-31,2023-06-07,growth_champion_v3,0.0147763040727485,0.6,0.4,0.1499999999999999,"SMCI,NVDA,META,SHOP",4,0.6,1.0,SPY and QQQ above 200D MA
2022-01-03,2023-05-30,2023-05-31,2023-06-07,growth_champion_v2,0.0159803572562497,0.6,0.4,0.0,"SMCI,PLTR,META,SHOP",4,0.6,1.0,base cap 60%
2015-01-01,2023-06-01,2023-06-02,2023-06-09,growth_champion_v3,0.0213897567920524,0.6,0.4,0.0,"SMCI,NVDA,META,NVO",4,0.6,1.0,SPY and QQQ above 200D MA
2015-01-01,2023-06-01,2023-06-02,2023-06-09,growth_champion_v2,0.0213897567920524,0.6,0.4,0.0,"SMCI,NVDA,META,NVO",4,0.6,1.0,base cap 60%
2008-01-01,2023-06-05,2023-06-06,2023-06-13,growth_champion_v3,0.0121312636364561,0.6,0.4,0.0,"SMCI,NVDA,GOOG,ISRG",4,0.6,1.0,SPY and QQQ above 200D MA
2008-01-01,2023-06-05,2023-06-06,2023-06-13,growth_champion_v2,0.0121312636364561,0.6,0.4,0.0,"SMCI,NVDA,GOOG,ISRG",4,0.6,1.0,base cap 60%
2010-01-01,2023-06-05,2023-06-06,2023-06-13,growth_champion_v2,0.0121312636364561,0.6,0.4,0.0,"SMCI,NVDA,GOOG,ISRG",4,0.6,1.0,base cap 60%
2010-01-01,2023-06-05,2023-06-06,2023-06-13,growth_champion_v3,0.0121312636364561,0.6,0.4,0.0,"SMCI,NVDA,GOOG,ISRG",4,0.6,1.0,SPY and QQQ above 200D MA
2022-01-03,2023-06-06,2023-06-07,2023-06-14,growth_champion_v3,0.0389206991543397,0.6,0.4,0.0,"SMCI,PLTR,META,SHOP",4,0.6,1.0,SPY and QQQ above 200D MA
2020-01-01,2023-06-06,2023-06-07,2023-06-14,growth_champion_v3,0.0351034176067336,0.6,0.4,0.15,"SMCI,MDB,META,NVDA",4,0.6,1.0,SPY and QQQ above 200D MA
2020-01-01,2023-06-06,2023-06-07,2023-06-14,growth_champion_v2,0.0351034176067336,0.6,0.4,0.15,"SMCI,MDB,META,NVDA",4,0.6,1.0,base cap 60%
2022-01-03,2023-06-06,2023-06-07,2023-06-14,growth_champion_v2,0.0389206991543397,0.6,0.4,0.0,"SMCI,PLTR,META,SHOP",4,0.6,1.0,base cap 60%
2015-01-01,2023-06-08,2023-06-09,2023-06-16,growth_champion_v2,-0.0027719743311446,0.6,0.4,0.15,"SMCI,MRVL,META,NVO",4,0.6,1.0,base cap 60%
2015-01-01,2023-06-08,2023-06-09,2023-06-16,growth_champion_v3,-0.0027719743311446,0.6,0.4,0.15,"SMCI,MRVL,META,NVO",4,0.6,1.0,SPY and QQQ above 200D MA
2008-01-01,2023-06-12,2023-06-13,2023-06-21,growth_champion_v3,-0.0213584710935912,0.6,0.4,0.15,"SMCI,MRVL,GOOG,NVDA",4,0.6,1.0,SPY and QQQ above 200D MA
2008-01-01,2023-06-12,2023-06-13,2023-06-21,growth_champion_v2,-0.0213584710935912,0.6,0.4,0.15,"SMCI,MRVL,GOOG,NVDA",4,0.6,1.0,base cap 60%
2010-01-01,2023-06-12,2023-06-13,2023-06-21,growth_champion_v3,-0.0213584710935912,0.6,0.4,0.15,"SMCI,MRVL,GOOG,NVDA",4,0.6,1.0,SPY and QQQ above 200D MA
2010-01-01,2023-06-12,2023-06-13,2023-06-21,growth_champion_v2,-0.0213584710935912,0.6,0.4,0.15,"SMCI,MRVL,GOOG,NVDA",4,0.6,1.0,base cap 60%
2020-01-01,2023-06-13,2023-06-14,2023-06-22,growth_champion_v3,-0.0009623248409518,0.6,0.4,0.0,"SMCI,MDB,META,NVDA",4,0.6,1.0,SPY and QQQ above 200D MA
2022-01-03,2023-06-13,2023-06-14,2023-06-22,growth_champion_v3,-0.0410508694680087,0.6,0.4,0.15,"RGTI,SMCI,META,SHOP",4,0.6,1.0,SPY and QQQ above 200D MA
2020-01-01,2023-06-13,2023-06-14,2023-06-22,growth_champion_v2,-0.0009623248409518,0.6,0.4,0.0,"SMCI,MDB,META,NVDA",4,0.6,1.0,base cap 60%
2022-01-03,2023-06-13,2023-06-14,2023-06-22,growth_champion_v2,-0.0410508694680087,0.6,0.4,0.15,"RGTI,SMCI,META,SHOP",4,0.6,1.0,base cap 60%
2015-01-01,2023-06-15,2023-06-16,2023-06-26,growth_champion_v3,-0.0216489792148734,0.6,0.4,0.15,"SMCI,NVDA,META,NVO",4,0.6,1.0,SPY and QQQ above 200D MA
2015-01-01,2023-06-15,2023-06-16,2023-06-26,growth_champion_v2,-0.0216489792148734,0.6,0.4,0.15,"SMCI,NVDA,META,NVO",4,0.6,1.0,base cap 60%
2010-01-01,2023-06-20,2023-06-21,2023-06-28,growth_champion_v2,0.0061904418620095,0.6,0.4,0.15,"SMCI,PBR,GOOG,MRVL",4,0.6,1.0,base cap 60%
2008-01-01,2023-06-20,2023-06-21,2023-06-28,growth_champion_v2,0.0061904418620095,0.6,0.4,0.15,"SMCI,PBR,GOOG,MRVL",4,0.6,1.0,base cap 60%
2010-01-01,2023-06-20,2023-06-21,2023-06-28,growth_champion_v3,0.0061904418620095,0.6,0.4,0.15,"SMCI,PBR,GOOG,MRVL",4,0.6,1.0,SPY and QQQ above 200D MA
2008-01-01,2023-06-20,2023-06-21,2023-06-28,growth_champion_v3,0.0061904418620095,0.6,0.4,0.15,"SMCI,PBR,GOOG,MRVL",4,0.6,1.0,SPY and QQQ above 200D MA
2020-01-01,2023-06-21,2023-06-22,2023-06-29,growth_champion_v3,0.0065831291687031,0.6,0.4,0.15,"SMCI,PBR,MDB,META",4,0.6,1.0,SPY and QQQ above 200D MA
2022-01-03,2023-06-21,2023-06-22,2023-06-29,growth_champion_v3,0.0015940649673208,0.6,0.4,0.15,"SMCI,PBR,META,SHOP",4,0.6,1.0,SPY and QQQ above 200D MA
2020-01-01,2023-06-21,2023-06-22,2023-06-29,growth_champion_v2,0.0065831291687031,0.6,0.4,0.15,"SMCI,PBR,MDB,META",4,0.6,1.0,base cap 60%
2022-01-03,2023-06-21,2023-06-22,2023-06-29,growth_champion_v2,0.0015940649673208,0.6,0.4,0.15,"SMCI,PBR,META,SHOP",4,0.6,1.0,base cap 60%
2015-01-01,2023-06-23,2023-06-26,2023-07-03,growth_champion_v2,0.0354060665975666,0.6,0.4,0.0,"SMCI,NVDA,META,NVO",4,0.6,1.0,base cap 60%
2015-01-01,2023-06-23,2023-06-26,2023-07-03,growth_champion_v3,0.0354060665975666,0.6,0.4,0.0,"SMCI,NVDA,META,NVO",4,0.6,1.0,SPY and QQQ above 200D MA
2010-01-01,2023-06-27,2023-06-28,2023-07-06,growth_champion_v3,-0.0009715058029882,0.6,0.4,0.0,"SMCI,PBR,GOOG,MRVL",4,0.6,1.0,SPY and QQQ above 200D MA
2008-01-01,2023-06-27,2023-06-28,2023-07-06,growth_champion_v2,-0.0009715058029882,0.6,0.4,0.0,"SMCI,PBR,GOOG,MRVL",4,0.6,1.0,base cap 60%
2010-01-01,2023-06-27,2023-06-28,2023-07-06,growth_champion_v2,-0.0009715058029882,0.6,0.4,0.0,"SMCI,PBR,GOOG,MRVL",4,0.6,1.0,base cap 60%
2008-01-01,2023-06-27,2023-06-28,2023-07-06,growth_champion_v3,-0.0009715058029882,0.6,0.4,0.0,"SMCI,PBR,GOOG,MRVL",4,0.6,1.0,SPY and QQQ above 200D MA
2020-01-01,2023-06-28,2023-06-29,2023-07-07,growth_champion_v3,0.0072194241457903,0.6,0.4,0.0,"SMCI,MDB,META,PBR",4,0.6,1.0,SPY and QQQ above 200D MA
2020-01-01,2023-06-28,2023-06-29,2023-07-07,growth_champion_v2,0.0072194241457903,0.6,0.4,0.0,"SMCI,MDB,META,PBR",4,0.6,1.0,base cap 60%
2022-01-03,2023-06-28,2023-06-29,2023-07-07,growth_champion_v2,0.0098391903912995,0.6,0.4,0.15,"SMCI,MDB,META,SHOP",4,0.6,1.0,base cap 60%
2022-01-03,2023-06-28,2023-06-29,2023-07-07,growth_champion_v3,0.0098391903912995,0.6,0.4,0.15,"SMCI,MDB,META,SHOP",4,0.6,1.0,SPY and QQQ above 200D MA
2015-01-01,2023-06-30,2023-07-03,2023-07-11,growth_champion_v3,0.0083691971721639,0.6,0.4,0.15,"SMCI,PBR,META,NVO",4,0.6,1.0,SPY and QQQ above 200D MA
2015-01-01,2023-06-30,2023-07-03,2023-07-11,growth_champion_v2,0.0083691971721639,0.6,0.4,0.15,"SMCI,PBR,META,NVO",4,0.6,1.0,base cap 60%
2010-01-01,2023-07-05,2023-07-06,2023-07-13,growth_champion_v3,0.0510396782427477,0.6,0.4,0.0,"SMCI,PBR,GOOG,MRVL",4,0.6,1.0,SPY and QQQ above 200D MA
2008-01-01,2023-07-05,2023-07-06,2023-07-13,growth_champion_v3,0.0510396782427477,0.6,0.4,0.0,"SMCI,PBR,GOOG,MRVL",4,0.6,1.0,SPY and QQQ above 200D MA
2008-01-01,2023-07-05,2023-07-06,2023-07-13,growth_champion_v2,0.0510396782427477,0.6,0.4,0.0,"SMCI,PBR,GOOG,MRVL",4,0.6,1.0,base cap 60%
2010-01-01,2023-07-05,2023-07-06,2023-07-13,growth_champion_v2,0.0510396782427477,0.6,0.4,0.0,"SMCI,PBR,GOOG,MRVL",4,0.6,1.0,base cap 60%
2020-01-01,2023-07-06,2023-07-07,2023-07-14,growth_champion_v3,0.056563866384142,0.6,0.4,0.15,"SMCI,KEEL,MDB,META",4,0.6,1.0,SPY and QQQ above 200D MA
2022-01-03,2023-07-06,2023-07-07,2023-07-14,growth_champion_v3,0.076457578397753,0.6,0.4,0.15,"RGTI,SMCI,MDB,META",4,0.6,1.0,SPY and QQQ above 200D MA
2020-01-01,2023-07-06,2023-07-07,2023-07-14,growth_champion_v2,0.056563866384142,0.6,0.4,0.15,"SMCI,KEEL,MDB,META",4,0.6,1.0,base cap 60%
2022-01-03,2023-07-06,2023-07-07,2023-07-14,growth_champion_v2,0.076457578397753,0.6,0.4,0.15,"RGTI,SMCI,MDB,META",4,0.6,1.0,base cap 60%
2015-01-01,2023-07-10,2023-07-11,2023-07-18,growth_champion_v2,0.0493090634533261,0.6,0.4,0.15,"SMCI,NVDA,META,PBR",4,0.6,1.0,base cap 60%
2015-01-01,2023-07-10,2023-07-11,2023-07-18,growth_champion_v3,0.0493090634533261,0.6,0.4,0.15,"SMCI,NVDA,META,PBR",4,0.6,1.0,SPY and QQQ above 200D MA
2010-01-01,2023-07-12,2023-07-13,2023-07-20,growth_champion_v3,-0.0082530441926874,0.6,0.4,0.15,"SMCI,NVDA,GOOG,MRVL",4,0.6,1.0,SPY and QQQ above 200D MA
2008-01-01,2023-07-12,2023-07-13,2023-07-20,growth_champion_v3,-0.0082530441926874,0.6,0.4,0.15,"SMCI,NVDA,GOOG,MRVL",4,0.6,1.0,SPY and QQQ above 200D MA
2010-01-01,2023-07-12,2023-07-13,2023-07-20,growth_champion_v2,-0.0082530441926874,0.6,0.4,0.15,"SMCI,NVDA,GOOG,MRVL",4,0.6,1.0,base cap 60%
2008-01-01,2023-07-12,2023-07-13,2023-07-20,growth_champion_v2,-0.0082530441926874,0.6,0.4,0.15,"SMCI,NVDA,GOOG,MRVL",4,0.6,1.0,base cap 60%
2020-01-01,2023-07-13,2023-07-14,2023-07-21,growth_champion_v3,-0.0164858446579514,0.6,0.4,0.0,"SMCI,KEEL,MDB,META",4,0.6,1.0,SPY and QQQ above 200D MA
2022-01-03,2023-07-13,2023-07-14,2023-07-21,growth_champion_v2,-0.0092004262937473,0.6,0.4,0.0,"RGTI,SMCI,MDB,META",4,0.6,1.0,base cap 60%
2020-01-01,2023-07-13,2023-07-14,2023-07-21,growth_champion_v2,-0.0164858446579514,0.6,0.4,0.0,"SMCI,KEEL,MDB,META",4,0.6,1.0,base cap 60%
2022-01-03,2023-07-13,2023-07-14,2023-07-21,growth_champion_v3,-0.0092004262937473,0.6,0.4,0.0,"RGTI,SMCI,MDB,META",4,0.6,1.0,SPY and QQQ above 200D MA
2015-01-01,2023-07-17,2023-07-18,2023-07-25,growth_champion_v3,-0.0158146790791114,0.6,0.4,0.15,"SMCI,MSTR,META,NVDA",4,0.6,1.0,SPY and QQQ above 200D MA
2015-01-01,2023-07-17,2023-07-18,2023-07-25,growth_champion_v2,-0.0158146790791114,0.6,0.4,0.15,"SMCI,MSTR,META,NVDA",4,0.6,1.0,base cap 60%
2008-01-01,2023-07-19,2023-07-20,2023-07-27,growth_champion_v3,0.0216466747796588,0.6,0.4,0.15,"SMCI,MSTR,GOOG,MRVL",4,0.6,1.0,SPY and QQQ above 200D MA
2010-01-01,2023-07-19,2023-07-20,2023-07-27,growth_champion_v2,0.0216466747796588,0.6,0.4,0.15,"SMCI,MSTR,GOOG,MRVL",4,0.6,1.0,base cap 60%
2010-01-01,2023-07-19,2023-07-20,2023-07-27,growth_champion_v3,0.0216466747796588,0.6,0.4,0.15,"SMCI,MSTR,GOOG,MRVL",4,0.6,1.0,SPY and QQQ above 200D MA
2008-01-01,2023-07-19,2023-07-20,2023-07-27,growth_champion_v2,0.0216466747796588,0.6,0.4,0.15,"SMCI,MSTR,GOOG,MRVL",4,0.6,1.0,base cap 60%
2022-01-03,2023-07-20,2023-07-21,2023-07-28,growth_champion_v3,0.0833196786440102,0.6,0.4,0.0,"RGTI,SMCI,MDB,META",4,0.6,1.0,SPY and QQQ above 200D MA
2020-01-01,2023-07-20,2023-07-21,2023-07-28,growth_champion_v2,-0.0212412940693124,0.6,0.4,0.15,"SMCI,SIRI,MDB,KEEL",4,0.6,1.0,base cap 60%
2020-01-01,2023-07-20,2023-07-21,2023-07-28,growth_champion_v3,-0.0212412940693124,0.6,0.4,0.15,"SMCI,SIRI,MDB,KEEL",4,0.6,1.0,SPY and QQQ above 200D MA
2022-01-03,2023-07-20,2023-07-21,2023-07-28,growth_champion_v2,0.0833196786440102,0.6,0.4,0.0,"RGTI,SMCI,MDB,META",4,0.6,1.0,base cap 60%
2015-01-01,2023-07-24,2023-07-25,2023-08-01,growth_champion_v3,0.0202846902209557,0.6,0.4,0.15,"SMCI,SIRI,META,NVDA",4,0.6,1.0,SPY and QQQ above 200D MA
2015-01-01,2023-07-24,2023-07-25,2023-08-01,growth_champion_v2,0.0202846902209557,0.6,0.4,0.15,"SMCI,SIRI,META,NVDA",4,0.6,1.0,base cap 60%
2008-01-01,2023-07-26,2023-07-27,2023-08-03,growth_champion_v3,-0.0122212637334671,0.6,0.4,0.15,"SMCI,NVDA,GOOG,MRVL",4,0.6,1.0,SPY and QQQ above 200D MA
2010-01-01,2023-07-26,2023-07-27,2023-08-03,growth_champion_v2,-0.0122212637334671,0.6,0.4,0.15,"SMCI,NVDA,GOOG,MRVL",4,0.6,1.0,base cap 60%
2010-01-01,2023-07-26,2023-07-27,2023-08-03,growth_champion_v3,-0.0122212637334671,0.6,0.4,0.15,"SMCI,NVDA,GOOG,MRVL",4,0.6,1.0,SPY and QQQ above 200D MA
2008-01-01,2023-07-26,2023-07-27,2023-08-03,growth_champion_v2,-0.0122212637334671,0.6,0.4,0.15,"SMCI,NVDA,GOOG,MRVL",4,0.6,1.0,base cap 60%
2022-01-03,2023-07-27,2023-07-28,2023-08-04,growth_champion_v3,0.0279680334902295,0.6,0.4,0.0,"RGTI,SMCI,MDB,META",4,0.6,1.0,SPY and QQQ above 200D MA
2020-01-01,2023-07-27,2023-07-28,2023-08-04,growth_champion_v3,-0.0321174082898456,0.6,0.4,0.15,"SMCI,ZS,MDB,KEEL",4,0.6,1.0,SPY and QQQ above 200D MA
2022-01-03,2023-07-27,2023-07-28,2023-08-04,growth_champion_v2,0.0279680334902295,0.6,0.4,0.0,"RGTI,SMCI,MDB,META",4,0.6,1.0,base cap 60%
2020-01-01,2023-07-27,2023-07-28,2023-08-04,growth_champion_v2,-0.0321174082898456,0.6,0.4,0.15,"SMCI,ZS,MDB,KEEL",4,0.6,1.0,base cap 60%
2015-01-01,2023-07-31,2023-08-01,2023-08-08,growth_champion_v2,-0.0103466119415241,0.6,0.4,0.0,"SMCI,NVDA,META,SIRI",4,0.6,1.0,base cap 60%
2015-01-01,2023-07-31,2023-08-01,2023-08-08,growth_champion_v3,-0.0103466119415241,0.6,0.4,0.0,"SMCI,NVDA,META,SIRI",4,0.6,1.0,SPY and QQQ above 200D MA
2008-01-01,2023-08-02,2023-08-03,2023-08-10,growth_champion_v2,-0.0294107637230186,0.6,0.4,0.15,"SMCI,ADBE,GOOG,MRVL",4,0.6,1.0,base cap 60%
2010-01-01,2023-08-02,2023-08-03,2023-08-10,growth_champion_v2,-0.0294107637230186,0.6,0.4,0.15,"SMCI,ADBE,GOOG,MRVL",4,0.6,1.0,base cap 60%
2010-01-01,2023-08-02,2023-08-03,2023-08-10,growth_champion_v3,-0.0294107637230186,0.6,0.4,0.15,"SMCI,ADBE,GOOG,MRVL",4,0.6,1.0,SPY and QQQ above 200D MA
2008-01-01,2023-08-02,2023-08-03,2023-08-10,growth_champion_v3,-0.0294107637230186,0.6,0.4,0.15,"SMCI,ADBE,GOOG,MRVL",4,0.6,1.0,SPY and QQQ above 200D MA
2020-01-01,2023-08-03,2023-08-04,2023-08-11,growth_champion_v2,-0.065475345084934,0.6,0.4,0.15,"SMCI,JMIA,MDB,KEEL",4,0.6,1.0,base cap 60%
2022-01-03,2023-08-03,2023-08-04,2023-08-11,growth_champion_v2,-0.0695048097633638,0.6,0.4,0.15,"RGTI,PLTR,MDB,META",4,0.6,1.0,base cap 60%
2022-01-03,2023-08-03,2023-08-04,2023-08-11,growth_champion_v3,-0.0695048097633638,0.6,0.4,0.15,"RGTI,PLTR,MDB,META",4,0.6,1.0,SPY and QQQ above 200D MA
2020-01-01,2023-08-03,2023-08-04,2023-08-11,growth_champion_v3,-0.065475345084934,0.6,0.4,0.15,"SMCI,JMIA,MDB,KEEL",4,0.6,1.0,SPY and QQQ above 200D MA
2015-01-01,2023-08-07,2023-08-08,2023-08-15,growth_champion_v3,-0.0468990623969721,0.6,0.4,0.0,"SMCI,NVDA,META,SIRI",4,0.6,1.0,SPY and QQQ above 200D MA
2015-01-01,2023-08-07,2023-08-08,2023-08-15,growth_champion_v2,-0.0468990623969721,0.6,0.4,0.0,"SMCI,NVDA,META,SIRI",4,0.6,1.0,base cap 60%
2010-01-01,2023-08-09,2023-08-10,2023-08-17,growth_champion_v3,-0.0223036277640694,0.6,0.4,0.0,"SMCI,ADBE,GOOG,MRVL",4,0.6,1.0,SPY and QQQ above 200D MA
2008-01-01,2023-08-09,2023-08-10,2023-08-17,growth_champion_v2,-0.0223036277640694,0.6,0.4,0.0,"SMCI,ADBE,GOOG,MRVL",4,0.6,1.0,base cap 60%
2010-01-01,2023-08-09,2023-08-10,2023-08-17,growth_champion_v2,-0.0223036277640694,0.6,0.4,0.0,"SMCI,ADBE,GOOG,MRVL",4,0.6,1.0,base cap 60%
2008-01-01,2023-08-09,2023-08-10,2023-08-17,growth_champion_v3,-0.0223036277640694,0.6,0.4,0.0,"SMCI,ADBE,GOOG,MRVL",4,0.6,1.0,SPY and QQQ above 200D MA
2020-01-01,2023-08-10,2023-08-11,2023-08-18,growth_champion_v2,-0.0315632332172733,0.6,0.4,0.15,"SMCI,ADBE,MDB,KEEL",4,0.6,1.0,base cap 60%
2022-01-03,2023-08-10,2023-08-11,2023-08-18,growth_champion_v2,-0.0323027119294716,0.6,0.4,0.15,"RGTI,SMCI,MDB,META",4,0.6,1.0,base cap 60%
2020-01-01,2023-08-10,2023-08-11,2023-08-18,growth_champion_v3,-0.0315632332172733,0.6,0.4,0.15,"SMCI,ADBE,MDB,KEEL",4,0.6,1.0,SPY and QQQ above 200D MA
2022-01-03,2023-08-10,2023-08-11,2023-08-18,growth_champion_v3,-0.0323027119294716,0.6,0.4,0.15,"RGTI,SMCI,MDB,META",4,0.6,1.0,SPY and QQQ above 200D MA
2015-01-01,2023-08-14,2023-08-15,2023-08-22,growth_champion_v2,-0.0044842205143055,0.6,0.4,0.15,"SMCI,ADBE,META,NVDA",4,0.6,1.0,base cap 60%
2015-01-01,2023-08-14,2023-08-15,2023-08-22,growth_champion_v3,-0.0044842205143055,0.6,0.4,0.15,"SMCI,ADBE,META,NVDA",4,0.6,1.0,SPY and QQQ above 200D MA
2010-01-01,2023-08-16,2023-08-17,2023-08-24,growth_champion_v3,0.0161129357257974,0.6,0.4,0.15,"SMCI,ODFL,GOOG,MRVL",4,0.6,1.0,SPY and QQQ above 200D MA
2008-01-01,2023-08-16,2023-08-17,2023-08-24,growth_champion_v3,0.0161129357257974,0.6,0.4,0.15,"SMCI,ODFL,GOOG,MRVL",4,0.6,1.0,SPY and QQQ above 200D MA
2010-01-01,2023-08-16,2023-08-17,2023-08-24,growth_champion_v2,0.0161129357257974,0.6,0.4,0.15,"SMCI,ODFL,GOOG,MRVL",4,0.6,1.0,base cap 60%
2008-01-01,2023-08-16,2023-08-17,2023-08-24,growth_champion_v2,0.0161129357257974,0.6,0.4,0.15,"SMCI,ODFL,GOOG,MRVL",4,0.6,1.0,base cap 60%
2020-01-01,2023-08-17,2023-08-18,2023-08-25,growth_champion_v3,0.0108619640406937,0.6,0.4,0.15,"ADBE,NVDA,MDB,KEEL",4,0.6,1.0,SPY and QQQ above 200D MA
2020-01-01,2023-08-17,2023-08-18,2023-08-25,growth_champion_v2,0.0108619640406937,0.6,0.4,0.15,"ADBE,NVDA,MDB,KEEL",4,0.6,1.0,base cap 60%
2022-01-03,2023-08-17,2023-08-18,2023-08-25,growth_champion_v2,-0.0117116873500919,0.6,0.4,0.15,"RGTI,ADBE,MDB,META",4,0.6,1.0,base cap 60%
2022-01-03,2023-08-17,2023-08-18,2023-08-25,growth_champion_v3,-0.0117116873500919,0.6,0.4,0.15,"RGTI,ADBE,MDB,META",4,0.6,1.0,SPY and QQQ above 200D MA
2015-01-01,2023-08-21,2023-08-22,2023-08-29,growth_champion_v3,0.02380091945712,0.6,0.4,0.0,"NVDA,ADBE,META,SMCI",4,0.6,1.0,SPY and QQQ above 200D MA
2015-01-01,2023-08-21,2023-08-22,2023-08-29,growth_champion_v2,0.02380091945712,0.6,0.4,0.0,"NVDA,ADBE,META,SMCI",4,0.6,1.0,base cap 60%
2008-01-01,2023-08-23,2023-08-24,2023-08-31,growth_champion_v3,0.0155994582111173,0.6,0.4,0.3,"CCJ,PBR,GOOG,ODFL",4,0.6,1.0,SPY and QQQ above 200D MA
2010-01-01,2023-08-23,2023-08-24,2023-08-31,growth_champion_v2,0.0155994582111173,0.6,0.4,0.3,"CCJ,PBR,GOOG,ODFL",4,0.6,1.0,base cap 60%
2008-01-01,2023-08-23,2023-08-24,2023-08-31,growth_champion_v2,0.0155994582111173,0.6,0.4,0.3,"CCJ,PBR,GOOG,ODFL",4,0.6,1.0,base cap 60%
2010-01-01,2023-08-23,2023-08-24,2023-08-31,growth_champion_v3,0.0155994582111173,0.6,0.4,0.3,"CCJ,PBR,GOOG,ODFL",4,0.6,1.0,SPY and QQQ above 200D MA
2022-01-03,2023-08-24,2023-08-25,2023-09-01,growth_champion_v2,0.0283654211782382,0.6,0.4,0.15,"RGTI,PBR,MDB,META",4,0.6,1.0,base cap 60%
2022-01-03,2023-08-24,2023-08-25,2023-09-01,growth_champion_v3,0.0283654211782382,0.6,0.4,0.15,"RGTI,PBR,MDB,META",4,0.6,1.0,SPY and QQQ above 200D MA
2020-01-01,2023-08-24,2023-08-25,2023-09-01,growth_champion_v3,0.0261475383313175,0.6,0.4,0.3,"PBR,CCJ,MDB,NVDA",4,0.6,1.0,SPY and QQQ above 200D MA
2020-01-01,2023-08-24,2023-08-25,2023-09-01,growth_champion_v2,0.0261475383313175,0.6,0.4,0.3,"PBR,CCJ,MDB,NVDA",4,0.6,1.0,base cap 60%
2015-01-01,2023-08-28,2023-08-29,2023-09-06,growth_champion_v2,-0.0114391479467522,0.6,0.4,0.3,"CHTR,PBR,META,NVDA",4,0.6,1.0,base cap 60%
2015-01-01,2023-08-28,2023-08-29,2023-09-06,growth_champion_v3,-0.0114391479467522,0.6,0.4,0.3,"CHTR,PBR,META,NVDA",4,0.6,1.0,SPY and QQQ above 200D MA
2010-01-01,2023-08-30,2023-08-31,2023-09-08,growth_champion_v3,0.0047526512578224,0.6,0.4,0.0,"ODFL,PBR,GOOG,CCJ",4,0.6,1.0,SPY and QQQ above 200D MA
2008-01-01,2023-08-30,2023-08-31,2023-09-08,growth_champion_v2,0.0047526512578224,0.6,0.4,0.0,"ODFL,PBR,GOOG,CCJ",4,0.6,1.0,base cap 60%
2010-01-01,2023-08-30,2023-08-31,2023-09-08,growth_champion_v2,0.0047526512578224,0.6,0.4,0.0,"ODFL,PBR,GOOG,CCJ",4,0.6,1.0,base cap 60%
2008-01-01,2023-08-30,2023-08-31,2023-09-08,growth_champion_v3,0.0047526512578224,0.6,0.4,0.0,"ODFL,PBR,GOOG,CCJ",4,0.6,1.0,SPY and QQQ above 200D MA
2022-01-03,2023-08-31,2023-09-01,2023-09-11,growth_champion_v3,0.0047510099248789,0.6,0.4,0.3,"COIN,PDD,META,PBR",4,0.6,1.0,SPY and QQQ above 200D MA
2020-01-01,2023-08-31,2023-09-01,2023-09-11,growth_champion_v2,-0.0215281679527202,0.6,0.4,0.3,"PDD,ODFL,CCJ,NVDA",4,0.6,1.0,base cap 60%
2020-01-01,2023-08-31,2023-09-01,2023-09-11,growth_champion_v3,-0.0215281679527202,0.6,0.4,0.3,"PDD,ODFL,CCJ,NVDA",4,0.6,1.0,SPY and QQQ above 200D MA
2022-01-03,2023-08-31,2023-09-01,2023-09-11,growth_champion_v2,0.0047510099248789,0.6,0.4,0.3,"COIN,PDD,META,PBR",4,0.6,1.0,base cap 60%
2015-01-01,2023-09-05,2023-09-06,2023-09-13,growth_champion_v2,0.00456531146686,0.6,0.4,0.3,"INTU,ODFL,META,CHTR",4,0.6,1.0,base cap 60%
2015-01-01,2023-09-05,2023-09-06,2023-09-13,growth_champion_v3,0.00456531146686,0.6,0.4,0.3,"INTU,ODFL,META,CHTR",4,0.6,1.0,SPY and QQQ above 200D MA
2010-01-01,2023-09-07,2023-09-08,2023-09-15,growth_champion_v3,0.0068120030692532,0.6,0.4,0.15,"ODFL,INTU,GOOG,CCJ",4,0.6,1.0,SPY and QQQ above 200D MA
2010-01-01,2023-09-07,2023-09-08,2023-09-15,growth_champion_v2,0.0068120030692532,0.6,0.4,0.15,"ODFL,INTU,GOOG,CCJ",4,0.6,1.0,base cap 60%
2008-01-01,2023-09-07,2023-09-08,2023-09-15,growth_champion_v2,0.0068120030692532,0.6,0.4,0.15,"ODFL,INTU,GOOG,CCJ",4,0.6,1.0,base cap 60%
2008-01-01,2023-09-07,2023-09-08,2023-09-15,growth_champion_v3,0.0068120030692532,0.6,0.4,0.15,"ODFL,INTU,GOOG,CCJ",4,0.6,1.0,SPY and QQQ above 200D MA
2022-01-03,2023-09-08,2023-09-11,2023-09-18,growth_champion_v3,-0.0124596686854583,0.6,0.4,0.15,"RGTI,COIN,META,PBR",4,0.6,1.0,SPY and QQQ above 200D MA
2022-01-03,2023-09-08,2023-09-11,2023-09-18,growth_champion_v2,-0.0124596686854583,0.6,0.4,0.15,"RGTI,COIN,META,PBR",4,0.6,1.0,base cap 60%
2020-01-01,2023-09-08,2023-09-11,2023-09-18,growth_champion_v2,0.0056668338066498,0.6,0.4,0.0,"ODFL,PDD,CCJ,NVDA",4,0.6,1.0,base cap 60%
2020-01-01,2023-09-08,2023-09-11,2023-09-18,growth_champion_v3,0.0056668338066498,0.6,0.4,0.0,"ODFL,PDD,CCJ,NVDA",4,0.6,1.0,SPY and QQQ above 200D MA
2015-01-01,2023-09-12,2023-09-13,2023-09-20,growth_champion_v2,-0.007573926110996,0.6,0.4,0.0,"ODFL,CHTR,META,INTU",4,0.6,1.0,base cap 60%
2015-01-01,2023-09-12,2023-09-13,2023-09-20,growth_champion_v3,-0.007573926110996,0.6,0.4,0.0,"ODFL,CHTR,META,INTU",4,0.6,1.0,SPY and QQQ above 200D MA
2010-01-01,2023-09-14,2023-09-15,2023-09-22,growth_champion_v2,-0.0137763237404457,0.6,0.4,0.15,"CCJ,TM,GOOG,ODFL",4,0.6,1.0,base cap 60%
2008-01-01,2023-09-14,2023-09-15,2023-09-22,growth_champion_v3,-0.0137763237404457,0.6,0.4,0.15,"CCJ,TM,GOOG,ODFL",4,0.6,1.0,SPY and QQQ above 200D MA
2010-01-01,2023-09-14,2023-09-15,2023-09-22,growth_champion_v3,-0.0137763237404457,0.6,0.4,0.15,"CCJ,TM,GOOG,ODFL",4,0.6,1.0,SPY and QQQ above 200D MA
2008-01-01,2023-09-14,2023-09-15,2023-09-22,growth_champion_v2,-0.0137763237404457,0.6,0.4,0.15,"CCJ,TM,GOOG,ODFL",4,0.6,1.0,base cap 60%
2022-01-03,2023-09-15,2023-09-18,2023-09-25,growth_champion_v3,-0.0506307152792197,0.6,0.4,0.15,"RGTI,PDD,META,COIN",4,0.6,1.0,SPY and QQQ above 200D MA
2020-01-01,2023-09-15,2023-09-18,2023-09-25,growth_champion_v3,-0.0071168149789005,0.6,0.4,0.0,"PDD,CCJ,ODFL,NVDA",4,0.6,1.0,SPY and QQQ above 200D MA
2020-01-01,2023-09-15,2023-09-18,2023-09-25,growth_champion_v2,-0.0071168149789005,0.6,0.4,0.0,"PDD,CCJ,ODFL,NVDA",4,0.6,1.0,base cap 60%
2022-01-03,2023-09-15,2023-09-18,2023-09-25,growth_champion_v2,-0.0506307152792197,0.6,0.4,0.15,"RGTI,PDD,META,COIN",4,0.6,1.0,base cap 60%
2015-01-01,2023-09-19,2023-09-20,2023-09-27,growth_champion_v2,-0.013895490424183,0.6,0.4,0.15,"CHTR,TM,META,ODFL",4,0.6,1.0,base cap 60%
2015-01-01,2023-09-19,2023-09-20,2023-09-27,growth_champion_v3,-0.013895490424183,0.6,0.4,0.15,"CHTR,TM,META,ODFL",4,0.6,1.0,SPY and QQQ above 200D MA
2010-01-01,2023-09-21,2023-09-22,2023-09-29,growth_champion_v2,0.0004331284258009,0.6,0.4,0.15,"CCJ,EC,GOOG,ODFL",4,0.6,1.0,base cap 60%
2008-01-01,2023-09-21,2023-09-22,2023-09-29,growth_champion_v3,-0.001707507356005,0.6,0.4,0.0,"CCJ,TM,GOOG,ODFL",4,0.6,1.0,SPY and QQQ above 200D MA
2010-01-01,2023-09-21,2023-09-22,2023-09-29,growth_champion_v3,0.0004331284258009,0.6,0.4,0.15,"CCJ,EC,GOOG,ODFL",4,0.6,1.0,SPY and QQQ above 200D MA
2008-01-01,2023-09-21,2023-09-22,2023-09-29,growth_champion_v2,-0.001707507356005,0.6,0.4,0.0,"CCJ,TM,GOOG,ODFL",4,0.6,1.0,base cap 60%
2020-01-01,2023-09-22,2023-09-25,2023-10-02,growth_champion_v2,-0.0153367139927378,0.6,0.4,0.1499999999999999,"PDD,CCJ,ODFL",3,0.6,1.0,base cap 60%
2020-01-01,2023-09-22,2023-09-25,2023-10-02,growth_champion_v3,-0.0153367139927378,0.6,0.4,0.1499999999999999,"PDD,CCJ,ODFL",3,0.6,1.0,SPY and QQQ above 200D MA
2022-01-03,2023-09-22,2023-09-25,2023-10-02,growth_champion_v3,-0.0240281138421786,0.6,0.4,0.15,"PDD,CCJ,META,RGTI",4,0.6,1.0,SPY and QQQ above 200D MA
2022-01-03,2023-09-22,2023-09-25,2023-10-02,growth_champion_v2,-0.0240281138421786,0.6,0.4,0.15,"PDD,CCJ,META,RGTI",4,0.6,1.0,base cap 60%
2015-01-01,2023-09-26,2023-09-27,2023-10-04,growth_champion_v3,-0.0138012887665727,0.6,0.4,0.3,"CCJ,AMGN,META,CHTR",4,0.6,1.0,SPY and QQQ above 200D MA
2015-01-01,2023-09-26,2023-09-27,2023-10-04,growth_champion_v2,-0.0138012887665727,0.6,0.4,0.3,"CCJ,AMGN,META,CHTR",4,0.6,1.0,base cap 60%
2008-01-01,2023-09-28,2023-09-29,2023-10-06,growth_champion_v3,0.0012594275707829,0.6,0.4,0.15,"CCJ,AMGN,GOOG,ODFL",4,0.6,1.0,SPY and QQQ above 200D MA
2010-01-01,2023-09-28,2023-09-29,2023-10-06,growth_champion_v2,0.0012594275707829,0.6,0.4,0.15,"CCJ,AMGN,GOOG,ODFL",4,0.6,1.0,base cap 60%
2008-01-01,2023-09-28,2023-09-29,2023-10-06,growth_champion_v2,0.0012594275707829,0.6,0.4,0.15,"CCJ,AMGN,GOOG,ODFL",4,0.6,1.0,base cap 60%
2010-01-01,2023-09-28,2023-09-29,2023-10-06,growth_champion_v3,0.0012594275707829,0.6,0.4,0.15,"CCJ,AMGN,GOOG,ODFL",4,0.6,1.0,SPY and QQQ above 200D MA
2020-01-01,2023-09-29,2023-10-02,2023-10-09,growth_champion_v2,0.022925326282713,0.6,0.4,0.0,"PDD,CCJ,ODFL",3,0.6,1.0,base cap 60%
2020-01-01,2023-09-29,2023-10-02,2023-10-09,growth_champion_v3,0.022925326282713,0.6,0.4,0.0,"PDD,CCJ,ODFL",3,0.6,1.0,SPY and QQQ above 200D MA
2022-01-03,2023-09-29,2023-10-02,2023-10-09,growth_champion_v2,0.0210326633020257,0.6,0.4,0.1499999999999999,"PDD,CCJ,META",3,0.6,1.0,base cap 60%
2022-01-03,2023-09-29,2023-10-02,2023-10-09,growth_champion_v3,0.0210326633020257,0.6,0.4,0.1499999999999999,"PDD,CCJ,META",3,0.6,1.0,SPY and QQQ above 200D MA
2015-01-01,2023-10-03,2023-10-04,2023-10-11,growth_champion_v3,0.0314606656653788,0.6,0.4,0.0,"CCJ,CHTR,META,AMGN",4,0.6,1.0,SPY and QQQ above 200D MA
2015-01-01,2023-10-03,2023-10-04,2023-10-11,growth_champion_v2,0.0314606656653788,0.6,0.4,0.0,"CCJ,CHTR,META,AMGN",4,0.6,1.0,base cap 60%
2010-01-01,2023-10-05,2023-10-06,2023-10-13,growth_champion_v2,0.00108239466448,0.6,0.4,0.0,"AMGN,CCJ,GOOG,ODFL",4,0.6,1.0,base cap 60%
2008-01-01,2023-10-05,2023-10-06,2023-10-13,growth_champion_v3,0.00108239466448,0.6,0.4,0.0,"AMGN,CCJ,GOOG,ODFL",4,0.6,1.0,SPY and QQQ above 200D MA
2010-01-01,2023-10-05,2023-10-06,2023-10-13,growth_champion_v3,0.00108239466448,0.6,0.4,0.0,"AMGN,CCJ,GOOG,ODFL",4,0.6,1.0,SPY and QQQ above 200D MA
2008-01-01,2023-10-05,2023-10-06,2023-10-13,growth_champion_v2,0.00108239466448,0.6,0.4,0.0,"AMGN,CCJ,GOOG,ODFL",4,0.6,1.0,base cap 60%
2020-01-01,2023-10-06,2023-10-09,2023-10-16,growth_champion_v2,-0.0079257066462347,0.6,0.4,0.1499999999999999,"PDD,VIST,ODFL,CCJ",4,0.6,1.0,base cap 60%
2022-01-03,2023-10-06,2023-10-09,2023-10-16,growth_champion_v3,-0.0031468872748767,0.6,0.4,0.1499999999999999,"PDD,VIST,META,CCJ",4,0.6,1.0,SPY and QQQ above 200D MA
2022-01-03,2023-10-06,2023-10-09,2023-10-16,growth_champion_v2,-0.0031468872748767,0.6,0.4,0.1499999999999999,"PDD,VIST,META,CCJ",4,0.6,1.0,base cap 60%
2020-01-01,2023-10-06,2023-10-09,2023-10-16,growth_champion_v3,-0.0079257066462347,0.6,0.4,0.1499999999999999,"PDD,VIST,ODFL,CCJ",4,0.6,1.0,SPY and QQQ above 200D MA
2015-01-01,2023-10-10,2023-10-11,2023-10-18,growth_champion_v3,-0.0028558209212834,0.6,0.4,0.0,"AMGN,CHTR,META,CCJ",4,0.6,1.0,SPY and QQQ above 200D MA
2015-01-01,2023-10-10,2023-10-11,2023-10-18,growth_champion_v2,-0.0028558209212834,0.6,0.4,0.0,"AMGN,CHTR,META,CCJ",4,0.6,1.0,base cap 60%
2008-01-01,2023-10-12,2023-10-13,2023-10-20,growth_champion_v3,-0.0178378694608223,0.6,0.4,0.15,"AMGN,NVO,GOOG,ODFL",4,0.6,1.0,SPY and QQQ above 200D MA
2010-01-01,2023-10-12,2023-10-13,2023-10-20,growth_champion_v2,-0.0178378694608223,0.6,0.4,0.15,"AMGN,NVO,GOOG,ODFL",4,0.6,1.0,base cap 60%
2008-01-01,2023-10-12,2023-10-13,2023-10-20,growth_champion_v2,-0.0178378694608223,0.6,0.4,0.15,"AMGN,NVO,GOOG,ODFL",4,0.6,1.0,base cap 60%
2010-01-01,2023-10-12,2023-10-13,2023-10-20,growth_champion_v3,-0.0178378694608223,0.6,0.4,0.15,"AMGN,NVO,GOOG,ODFL",4,0.6,1.0,SPY and QQQ above 200D MA
2022-01-03,2023-10-13,2023-10-16,2023-10-23,growth_champion_v2,-0.0031450364695081,0.6,0.4,0.15,"PDD,CRWD,META,CCJ",4,0.6,1.0,base cap 60%
2022-01-03,2023-10-13,2023-10-16,2023-10-23,growth_champion_v3,-0.0031450364695081,0.6,0.4,0.15,"PDD,CRWD,META,CCJ",4,0.6,1.0,SPY and QQQ above 200D MA
2020-01-01,2023-10-13,2023-10-16,2023-10-23,growth_champion_v3,-0.0088155580173195,0.6,0.4,0.15,"PDD,CRWD,ODFL,CCJ",4,0.6,1.0,SPY and QQQ above 200D MA
2020-01-01,2023-10-13,2023-10-16,2023-10-23,growth_champion_v2,-0.0088155580173195,0.6,0.4,0.15,"PDD,CRWD,ODFL,CCJ",4,0.6,1.0,base cap 60%
2015-01-01,2023-10-17,2023-10-18,2023-10-25,growth_champion_v2,-0.027204481013418,0.6,0.4,0.15,"NVO,AMGN,META,CHTR",4,0.6,1.0,base cap 60%
2015-01-01,2023-10-17,2023-10-18,2023-10-25,growth_champion_v3,-0.027204481013418,0.6,0.4,0.15,"NVO,AMGN,META,CHTR",4,0.6,1.0,SPY and QQQ above 200D MA
2008-01-01,2023-10-19,2023-10-20,2023-10-27,growth_champion_v2,-0.0376733329635047,0.6,0.4,0.1499999999999999,"NVO,AMGN,GOOG",3,0.6,1.0,base cap 60%
2010-01-01,2023-10-19,2023-10-20,2023-10-27,growth_champion_v2,-0.0376733329635047,0.6,0.4,0.1499999999999999,"NVO,AMGN,GOOG",3,0.6,1.0,base cap 60%
2008-01-01,2023-10-19,2023-10-20,2023-10-27,growth_champion_v3,-0.0376733329635047,0.6,0.4,0.1499999999999999,"NVO,AMGN,GOOG",3,0.6,1.0,SPY and QQQ above 200D MA
2010-01-01,2023-10-19,2023-10-20,2023-10-27,growth_champion_v3,-0.0376733329635047,0.6,0.4,0.1499999999999999,"NVO,AMGN,GOOG",3,0.6,1.0,SPY and QQQ above 200D MA
2020-01-01,2023-10-20,2023-10-23,2023-10-30,growth_champion_v2,-0.0181419847008397,0.6,0.4,0.3,"VIST,PBR,CRWD,CCJ",4,0.6,1.0,base cap 60%
2020-01-01,2023-10-20,2023-10-23,2023-10-30,growth_champion_v3,-0.0181419847008397,0.6,0.4,0.3,"VIST,PBR,CRWD,CCJ",4,0.6,1.0,SPY and QQQ above 200D MA
2022-01-03,2023-10-20,2023-10-23,2023-10-30,growth_champion_v3,-0.0219567694566261,0.6,0.4,0.3,"VIST,PBR,CRWD,META",4,0.6,1.0,SPY and QQQ above 200D MA
2022-01-03,2023-10-20,2023-10-23,2023-10-30,growth_champion_v2,-0.0219567694566261,0.6,0.4,0.3,"VIST,PBR,CRWD,META",4,0.6,1.0,base cap 60%
2015-01-01,2023-10-24,2023-10-25,2023-11-01,growth_champion_v3,-0.0057802898697179,0.6,0.4,0.0,"NVO,AMGN,META,CHTR",4,0.6,1.0,SPY and QQQ above 200D MA
2015-01-01,2023-10-24,2023-10-25,2023-11-01,growth_champion_v2,-0.0057802898697179,0.6,0.4,0.0,"NVO,AMGN,META,CHTR",4,0.6,1.0,base cap 60%
2010-01-01,2023-10-26,2023-10-27,2023-11-03,growth_champion_v3,0.0263539036242828,0.4,0.6,0.1333333333333332,"NVO,MSTR,AMGN",3,0.4,0.6666666666666667,one benchmark below 200D MA
2010-01-01,2023-10-26,2023-10-27,2023-11-03,growth_champion_v2,0.0395308554364243,0.6,0.4,0.1999999999999999,"NVO,MSTR,AMGN",3,0.6,1.0,base cap 60%
2008-01-01,2023-10-26,2023-10-27,2023-11-03,growth_champion_v2,0.0395308554364243,0.6,0.4,0.1999999999999999,"NVO,MSTR,AMGN",3,0.6,1.0,base cap 60%
2008-01-01,2023-10-26,2023-10-27,2023-11-03,growth_champion_v3,0.0263539036242828,0.4,0.6,0.1333333333333332,"NVO,MSTR,AMGN",3,0.4,0.6666666666666667,one benchmark below 200D MA
2022-01-03,2023-10-27,2023-10-30,2023-11-06,growth_champion_v2,0.0164917374472395,0.6,0.4,0.3,"PDD,NVO,CRWD,VIST",4,0.6,1.0,base cap 60%
2020-01-01,2023-10-27,2023-10-30,2023-11-06,growth_champion_v3,0.0223691850591947,0.4,0.6,0.2,"PDD,NVO,CRWD,CCJ",4,0.4,0.6666666666666667,one benchmark below 200D MA
2020-01-01,2023-10-27,2023-10-30,2023-11-06,growth_champion_v2,0.0335537775887921,0.6,0.4,0.3,"PDD,NVO,CRWD,CCJ",4,0.6,1.0,base cap 60%
2022-01-03,2023-10-27,2023-10-30,2023-11-06,growth_champion_v3,0.010994491631493,0.4,0.6,0.2,"PDD,NVO,CRWD,VIST",4,0.4,0.6666666666666667,one benchmark below 200D MA
2015-01-01,2023-10-31,2023-11-01,2023-11-08,growth_champion_v2,0.0280303022426719,0.6,0.4,0.3,"MSTR,CCJ,NVO,AMGN",4,0.6,1.0,base cap 60%
2015-01-01,2023-10-31,2023-11-01,2023-11-08,growth_champion_v3,0.0186868681617812,0.4,0.6,0.2,"MSTR,CCJ,NVO,AMGN",4,0.4,0.6666666666666667,one benchmark below 200D MA
2008-01-01,2023-11-02,2023-11-03,2023-11-10,growth_champion_v3,0.0234134549382189,0.6,0.4,0.1499999999999999,"MSTR,CCJ,NVO,AMGN",4,0.6,1.0,SPY and QQQ above 200D MA
2008-01-01,2023-11-02,2023-11-03,2023-11-10,growth_champion_v2,0.0234134549382189,0.6,0.4,0.1499999999999999,"MSTR,CCJ,NVO,AMGN",4,0.6,1.0,base cap 60%
2010-01-01,2023-11-02,2023-11-03,2023-11-10,growth_champion_v2,0.0234134549382189,0.6,0.4,0.1499999999999999,"MSTR,CCJ,NVO,AMGN",4,0.6,1.0,base cap 60%
2010-01-01,2023-11-02,2023-11-03,2023-11-10,growth_champion_v3,0.0234134549382189,0.6,0.4,0.1499999999999999,"MSTR,CCJ,NVO,AMGN",4,0.6,1.0,SPY and QQQ above 200D MA
2020-01-01,2023-11-03,2023-11-06,2023-11-13,growth_champion_v2,0.0364425292086797,0.6,0.4,0.15,"MSTR,CRWD,NVO,CCJ",4,0.6,1.0,base cap 60%
2022-01-03,2023-11-03,2023-11-06,2023-11-13,growth_champion_v3,0.0351758518905977,0.6,0.4,0.3,"MSTR,PLTR,CRWD,NVO",4,0.6,1.0,SPY and QQQ above 200D MA
2020-01-01,2023-11-03,2023-11-06,2023-11-13,growth_champion_v3,0.0364425292086797,0.6,0.4,0.15,"MSTR,CRWD,NVO,CCJ",4,0.6,1.0,SPY and QQQ above 200D MA
2022-01-03,2023-11-03,2023-11-06,2023-11-13,growth_champion_v2,0.0351758518905977,0.6,0.4,0.3,"MSTR,PLTR,CRWD,NVO",4,0.6,1.0,base cap 60%
2015-01-01,2023-11-07,2023-11-08,2023-11-15,growth_champion_v3,0.0120456076935807,0.6,0.4,0.0,"MSTR,CCJ,NVO,AMGN",4,0.6,1.0,SPY and QQQ above 200D MA
2015-01-01,2023-11-07,2023-11-08,2023-11-15,growth_champion_v2,0.0120456076935807,0.6,0.4,0.0,"MSTR,CCJ,NVO,AMGN",4,0.6,1.0,base cap 60%
2008-01-01,2023-11-09,2023-11-10,2023-11-17,growth_champion_v2,0.0012592250667021,0.6,0.4,0.1499999999999999,"MSTR,CCJ,NVO",3,0.6,1.0,base cap 60%
2010-01-01,2023-11-09,2023-11-10,2023-11-17,growth_champion_v2,0.0012592250667021,0.6,0.4,0.1499999999999999,"MSTR,CCJ,NVO",3,0.6,1.0,base cap 60%
2008-01-01,2023-11-09,2023-11-10,2023-11-17,growth_champion_v3,0.0012592250667021,0.6,0.4,0.1499999999999999,"MSTR,CCJ,NVO",3,0.6,1.0,SPY and QQQ above 200D MA
2010-01-01,2023-11-09,2023-11-10,2023-11-17,growth_champion_v3,0.0012592250667021,0.6,0.4,0.1499999999999999,"MSTR,CCJ,NVO",3,0.6,1.0,SPY and QQQ above 200D MA
2020-01-01,2023-11-10,2023-11-13,2023-11-20,growth_champion_v3,0.0216031972296501,0.6,0.4,0.15,"MSTR,SNAP,CRWD,NVO",4,0.6,1.0,SPY and QQQ above 200D MA
2020-01-01,2023-11-10,2023-11-13,2023-11-20,growth_champion_v2,0.0216031972296501,0.6,0.4,0.15,"MSTR,SNAP,CRWD,NVO",4,0.6,1.0,base cap 60%
2022-01-03,2023-11-10,2023-11-13,2023-11-20,growth_champion_v2,0.0068748602473579,0.6,0.4,0.15,"MSTR,RBLX,CRWD,NVO",4,0.6,1.0,base cap 60%
2022-01-03,2023-11-10,2023-11-13,2023-11-20,growth_champion_v3,0.0068748602473579,0.6,0.4,0.15,"MSTR,RBLX,CRWD,NVO",4,0.6,1.0,SPY and QQQ above 200D MA
2015-01-01,2023-11-14,2023-11-15,2023-11-22,growth_champion_v3,0.0140611517168723,0.6,0.4,0.0,"MSTR,CCJ,NVO,AMGN",4,0.6,1.0,SPY and QQQ above 200D MA
2015-01-01,2023-11-14,2023-11-15,2023-11-22,growth_champion_v2,0.0140611517168723,0.6,0.4,0.0,"MSTR,CCJ,NVO,AMGN",4,0.6,1.0,base cap 60%
2010-01-01,2023-11-16,2023-11-17,2023-11-27,growth_champion_v2,0.0102108070451175,0.6,0.4,0.1499999999999999,"MSTR,INTC,NVO,CCJ",4,0.6,1.0,base cap 60%
2008-01-01,2023-11-16,2023-11-17,2023-11-27,growth_champion_v3,0.0102108070451175,0.6,0.4,0.1499999999999999,"MSTR,INTC,NVO,CCJ",4,0.6,1.0,SPY and QQQ above 200D MA
2008-01-01,2023-11-16,2023-11-17,2023-11-27,growth_champion_v2,0.0102108070451175,0.6,0.4,0.1499999999999999,"MSTR,INTC,NVO,CCJ",4,0.6,1.0,base cap 60%
2010-01-01,2023-11-16,2023-11-17,2023-11-27,growth_champion_v3,0.0102108070451175,0.6,0.4,0.1499999999999999,"MSTR,INTC,NVO,CCJ",4,0.6,1.0,SPY and QQQ above 200D MA
2020-01-01,2023-11-17,2023-11-20,2023-11-28,growth_champion_v3,-0.0068524045704652,0.6,0.4,0.15,"ASTS,MSTR,CRWD,NVO",4,0.6,1.0,SPY and QQQ above 200D MA
2022-01-03,2023-11-17,2023-11-20,2023-11-28,growth_champion_v2,-0.0068524045704652,0.6,0.4,0.15,"ASTS,MSTR,CRWD,NVO",4,0.6,1.0,base cap 60%
2022-01-03,2023-11-17,2023-11-20,2023-11-28,growth_champion_v3,-0.0068524045704652,0.6,0.4,0.15,"ASTS,MSTR,CRWD,NVO",4,0.6,1.0,SPY and QQQ above 200D MA
2020-01-01,2023-11-17,2023-11-20,2023-11-28,growth_champion_v2,-0.0068524045704652,0.6,0.4,0.15,"ASTS,MSTR,CRWD,NVO",4,0.6,1.0,base cap 60%
2015-01-01,2023-11-21,2023-11-22,2023-11-30,growth_champion_v3,0.0020107822848954,0.6,0.4,0.15,"MSTR,INTC,NVO,CCJ",4,0.6,1.0,SPY and QQQ above 200D MA
2015-01-01,2023-11-21,2023-11-22,2023-11-30,growth_champion_v2,0.0020107822848954,0.6,0.4,0.15,"MSTR,INTC,NVO,CCJ",4,0.6,1.0,base cap 60%
2010-01-01,2023-11-24,2023-11-27,2023-12-04,growth_champion_v3,0.0124404112622355,0.6,0.4,0.0,"MSTR,INTC,NVO,CCJ",4,0.6,1.0,SPY and QQQ above 200D MA
2008-01-01,2023-11-24,2023-11-27,2023-12-04,growth_champion_v2,0.0124404112622355,0.6,0.4,0.0,"MSTR,INTC,NVO,CCJ",4,0.6,1.0,base cap 60%
2010-01-01,2023-11-24,2023-11-27,2023-12-04,growth_champion_v2,0.0124404112622355,0.6,0.4,0.0,"MSTR,INTC,NVO,CCJ",4,0.6,1.0,base cap 60%
2008-01-01,2023-11-24,2023-11-27,2023-12-04,growth_champion_v3,0.0124404112622355,0.6,0.4,0.0,"MSTR,INTC,NVO,CCJ",4,0.6,1.0,SPY and QQQ above 200D MA
2022-01-03,2023-11-27,2023-11-28,2023-12-05,growth_champion_v2,0.0382807121667363,0.6,0.4,0.15,"COIN,ASTS,CRWD,NVO",4,0.6,1.0,base cap 60%
2022-01-03,2023-11-27,2023-11-28,2023-12-05,growth_champion_v3,0.0382807121667363,0.6,0.4,0.15,"COIN,ASTS,CRWD,NVO",4,0.6,1.0,SPY and QQQ above 200D MA
2020-01-01,2023-11-27,2023-11-28,2023-12-05,growth_champion_v3,0.0270098402268268,0.6,0.4,0.15,"ASTS,YPF,CRWD,NVO",4,0.6,1.0,SPY and QQQ above 200D MA
2020-01-01,2023-11-27,2023-11-28,2023-12-05,growth_champion_v2,0.0270098402268268,0.6,0.4,0.15,"ASTS,YPF,CRWD,NVO",4,0.6,1.0,base cap 60%
2015-01-01,2023-11-29,2023-11-30,2023-12-07,growth_champion_v3,0.0049524036926689,0.6,0.4,0.15,"YPF,MSTR,NVO,INTC",4,0.6,1.0,SPY and QQQ above 200D MA
2015-01-01,2023-11-29,2023-11-30,2023-12-07,growth_champion_v2,0.0049524036926689,0.6,0.4,0.15,"YPF,MSTR,NVO,INTC",4,0.6,1.0,base cap 60%
2010-01-01,2023-12-01,2023-12-04,2023-12-11,growth_champion_v2,0.0091597332399016,0.6,0.4,0.15,"MSTR,YPF,NVO,INTC",4,0.6,1.0,base cap 60%
2008-01-01,2023-12-01,2023-12-04,2023-12-11,growth_champion_v3,0.0091597332399016,0.6,0.4,0.15,"MSTR,YPF,NVO,INTC",4,0.6,1.0,SPY and QQQ above 200D MA
2010-01-01,2023-12-01,2023-12-04,2023-12-11,growth_champion_v3,0.0091597332399016,0.6,0.4,0.15,"MSTR,YPF,NVO,INTC",4,0.6,1.0,SPY and QQQ above 200D MA
2008-01-01,2023-12-01,2023-12-04,2023-12-11,growth_champion_v2,0.0091597332399016,0.6,0.4,0.15,"MSTR,YPF,NVO,INTC",4,0.6,1.0,base cap 60%
2020-01-01,2023-12-04,2023-12-05,2023-12-12,growth_champion_v2,0.0552451819119073,0.6,0.4,0.3,"KEEL,SNAP,CRWD,NVO",4,0.6,1.0,base cap 60%
2022-01-03,2023-12-04,2023-12-05,2023-12-12,growth_champion_v3,0.0417821724387393,0.6,0.4,0.15,"COIN,KEEL,CRWD,NVO",4,0.6,1.0,SPY and QQQ above 200D MA
2022-01-03,2023-12-04,2023-12-05,2023-12-12,growth_champion_v2,0.0417821724387393,0.6,0.4,0.15,"COIN,KEEL,CRWD,NVO",4,0.6,1.0,base cap 60%
2020-01-01,2023-12-04,2023-12-05,2023-12-12,growth_champion_v3,0.0552451819119073,0.6,0.4,0.3,"KEEL,SNAP,CRWD,NVO",4,0.6,1.0,SPY and QQQ above 200D MA
2015-01-01,2023-12-06,2023-12-07,2023-12-14,growth_champion_v2,0.0296002892697847,0.6,0.4,0.1499999999999999,"MSTR,YPF,INTC",3,0.6,1.0,base cap 60%
2015-01-01,2023-12-06,2023-12-07,2023-12-14,growth_champion_v3,0.0296002892697847,0.6,0.4,0.1499999999999999,"MSTR,YPF,INTC",3,0.6,1.0,SPY and QQQ above 200D MA
2008-01-01,2023-12-08,2023-12-11,2023-12-18,growth_champion_v3,0.0161095595760522,0.6,0.4,0.1499999999999999,"MSTR,YPF,INTC",3,0.6,1.0,SPY and QQQ above 200D MA
2010-01-01,2023-12-08,2023-12-11,2023-12-18,growth_champion_v2,0.0161095595760522,0.6,0.4,0.1499999999999999,"MSTR,YPF,INTC",3,0.6,1.0,base cap 60%
2010-01-01,2023-12-08,2023-12-11,2023-12-18,growth_champion_v3,0.0161095595760522,0.6,0.4,0.1499999999999999,"MSTR,YPF,INTC",3,0.6,1.0,SPY and QQQ above 200D MA
2008-01-01,2023-12-08,2023-12-11,2023-12-18,growth_champion_v2,0.0161095595760522,0.6,0.4,0.1499999999999999,"MSTR,YPF,INTC",3,0.6,1.0,base cap 60%
2022-01-03,2023-12-11,2023-12-12,2023-12-19,growth_champion_v3,0.0620179917757672,0.6,0.4,0.1499999999999999,"KEEL,COIN,CRWD",3,0.6,1.0,SPY and QQQ above 200D MA
2020-01-01,2023-12-11,2023-12-12,2023-12-19,growth_champion_v2,0.0479451331334777,0.6,0.4,0.1499999999999999,"KEEL,SNAP,CRWD",3,0.6,1.0,base cap 60%
2022-01-03,2023-12-11,2023-12-12,2023-12-19,growth_champion_v2,0.0620179917757672,0.6,0.4,0.1499999999999999,"KEEL,COIN,CRWD",3,0.6,1.0,base cap 60%
2020-01-01,2023-12-11,2023-12-12,2023-12-19,growth_champion_v3,0.0479451331334777,0.6,0.4,0.1499999999999999,"KEEL,SNAP,CRWD",3,0.6,1.0,SPY and QQQ above 200D MA
2015-01-01,2023-12-13,2023-12-14,2023-12-21,growth_champion_v2,0.0107909536733273,0.6,0.4,0.0,"MSTR,YPF,INTC",3,0.6,1.0,base cap 60%
2015-01-01,2023-12-13,2023-12-14,2023-12-21,growth_champion_v3,0.0107909536733273,0.6,0.4,0.0,"MSTR,YPF,INTC",3,0.6,1.0,SPY and QQQ above 200D MA
2010-01-01,2023-12-15,2023-12-18,2023-12-26,growth_champion_v2,0.0316714287964353,0.6,0.4,0.0,"MSTR,YPF,INTC",3,0.6,1.0,base cap 60%
2008-01-01,2023-12-15,2023-12-18,2023-12-26,growth_champion_v3,0.0316714287964353,0.6,0.4,0.0,"MSTR,YPF,INTC",3,0.6,1.0,SPY and QQQ above 200D MA
2010-01-01,2023-12-15,2023-12-18,2023-12-26,growth_champion_v3,0.0316714287964353,0.6,0.4,0.0,"MSTR,YPF,INTC",3,0.6,1.0,SPY and QQQ above 200D MA
2008-01-01,2023-12-15,2023-12-18,2023-12-26,growth_champion_v2,0.0316714287964353,0.6,0.4,0.0,"MSTR,YPF,INTC",3,0.6,1.0,base cap 60%
2020-01-01,2023-12-18,2023-12-19,2023-12-27,growth_champion_v2,0.0490585313389128,0.6,0.4,0.0,"KEEL,SNAP,CRWD",3,0.6,1.0,base cap 60%
2022-01-03,2023-12-18,2023-12-19,2023-12-27,growth_champion_v2,0.0816194053129427,0.6,0.4,0.0,"KEEL,COIN,CRWD",3,0.6,1.0,base cap 60%
2020-01-01,2023-12-18,2023-12-19,2023-12-27,growth_champion_v3,0.0490585313389128,0.6,0.4,0.0,"KEEL,SNAP,CRWD",3,0.6,1.0,SPY and QQQ above 200D MA
2022-01-03,2023-12-18,2023-12-19,2023-12-27,growth_champion_v3,0.0816194053129427,0.6,0.4,0.0,"KEEL,COIN,CRWD",3,0.6,1.0,SPY and QQQ above 200D MA
2015-01-01,2023-12-20,2023-12-21,2023-12-29,growth_champion_v2,0.0253241575059016,0.6,0.4,0.0,"MSTR,YPF,INTC",3,0.6,1.0,base cap 60%
2015-01-01,2023-12-20,2023-12-21,2023-12-29,growth_champion_v3,0.0253241575059016,0.6,0.4,0.0,"MSTR,YPF,INTC",3,0.6,1.0,SPY and QQQ above 200D MA
2010-01-01,2023-12-22,2023-12-26,2024-01-03,growth_champion_v3,-0.019224242196157,0.6,0.4,0.1499999999999999,"MSTR,AVGO,INTC,YPF",4,0.6,1.0,SPY and QQQ above 200D MA
2010-01-01,2023-12-22,2023-12-26,2024-01-03,growth_champion_v2,-0.019224242196157,0.6,0.4,0.1499999999999999,"MSTR,AVGO,INTC,YPF",4,0.6,1.0,base cap 60%
2008-01-01,2023-12-22,2023-12-26,2024-01-03,growth_champion_v3,-0.0179708307796143,0.6,0.4,0.1499999999999999,"MSTR,AMD,INTC,YPF",4,0.6,1.0,SPY and QQQ above 200D MA
2008-01-01,2023-12-22,2023-12-26,2024-01-03,growth_champion_v2,-0.0179708307796143,0.6,0.4,0.1499999999999999,"MSTR,AMD,INTC,YPF",4,0.6,1.0,base cap 60%
2022-01-03,2023-12-26,2023-12-27,2024-01-04,growth_champion_v3,-0.0741205830064917,0.6,0.4,0.0,"KEEL,COIN,CRWD",3,0.6,1.0,SPY and QQQ above 200D MA
2022-01-03,2023-12-26,2023-12-27,2024-01-04,growth_champion_v2,-0.0741205830064917,0.6,0.4,0.0,"KEEL,COIN,CRWD",3,0.6,1.0,base cap 60%
2020-01-01,2023-12-26,2023-12-27,2024-01-04,growth_champion_v3,-0.0509684142495969,0.6,0.4,0.0,"KEEL,SNAP,CRWD",3,0.6,1.0,SPY and QQQ above 200D MA
2020-01-01,2023-12-26,2023-12-27,2024-01-04,growth_champion_v2,-0.0509684142495969,0.6,0.4,0.0,"KEEL,SNAP,CRWD",3,0.6,1.0,base cap 60%
2015-01-01,2023-12-28,2023-12-29,2024-01-08,growth_champion_v3,-0.0187951052735956,0.6,0.4,0.1499999999999999,"MSTR,AMD,INTC,YPF",4,0.6,1.0,SPY and QQQ above 200D MA
2015-01-01,2023-12-28,2023-12-29,2024-01-08,growth_champion_v2,-0.0187951052735956,0.6,0.4,0.1499999999999999,"MSTR,AMD,INTC,YPF",4,0.6,1.0,base cap 60%
2008-01-01,2024-01-02,2024-01-03,2024-01-10,growth_champion_v3,0.010091079397035,0.6,0.4,0.15,"MSTR,DXCM,AMD,INTC",4,0.6,1.0,SPY and QQQ above 200D MA
2010-01-01,2024-01-02,2024-01-03,2024-01-10,growth_champion_v2,-0.0123448177920879,0.6,0.4,0.15,"MSTR,DXCM,INTC,YPF",4,0.6,1.0,base cap 60%
2008-01-01,2024-01-02,2024-01-03,2024-01-10,growth_champion_v2,0.010091079397035,0.6,0.4,0.15,"MSTR,DXCM,AMD,INTC",4,0.6,1.0,base cap 60%
2010-01-01,2024-01-02,2024-01-03,2024-01-10,growth_champion_v3,-0.0123448177920879,0.6,0.4,0.15,"MSTR,DXCM,INTC,YPF",4,0.6,1.0,SPY and QQQ above 200D MA
2022-01-03,2024-01-03,2024-01-04,2024-01-11,growth_champion_v2,-0.0094393729928284,0.6,0.4,0.0,"KEEL,COIN,CRWD",3,0.6,1.0,base cap 60%
2020-01-01,2024-01-03,2024-01-04,2024-01-11,growth_champion_v2,-0.0122808328810317,0.6,0.4,0.1499999999999999,"KEEL,MSTR,CRWD,SNAP",4,0.6,1.0,base cap 60%
2020-01-01,2024-01-03,2024-01-04,2024-01-11,growth_champion_v3,-0.0122808328810317,0.6,0.4,0.1499999999999999,"KEEL,MSTR,CRWD,SNAP",4,0.6,1.0,SPY and QQQ above 200D MA
2022-01-03,2024-01-03,2024-01-04,2024-01-11,growth_champion_v3,-0.0094393729928284,0.6,0.4,0.0,"KEEL,COIN,CRWD",3,0.6,1.0,SPY and QQQ above 200D MA
2015-01-01,2024-01-05,2024-01-08,2024-01-16,growth_champion_v3,-0.0264614617967081,0.6,0.4,0.15,"MSTR,DXCM,AMD,INTC",4,0.6,1.0,SPY and QQQ above 200D MA
2015-01-01,2024-01-05,2024-01-08,2024-01-16,growth_champion_v2,-0.0264614617967081,0.6,0.4,0.15,"MSTR,DXCM,AMD,INTC",4,0.6,1.0,base cap 60%
2010-01-01,2024-01-09,2024-01-10,2024-01-18,growth_champion_v2,-0.0305222131430487,0.6,0.4,0.0,"DXCM,MSTR,INTC,YPF",4,0.6,1.0,base cap 60%
2010-01-01,2024-01-09,2024-01-10,2024-01-18,growth_champion_v3,-0.0305222131430487,0.6,0.4,0.0,"DXCM,MSTR,INTC,YPF",4,0.6,1.0,SPY and QQQ above 200D MA
2008-01-01,2024-01-09,2024-01-10,2024-01-18,growth_champion_v3,-0.0096495518210034,0.6,0.4,0.0,"DXCM,MSTR,INTC,AMD",4,0.6,1.0,SPY and QQQ above 200D MA
2008-01-01,2024-01-09,2024-01-10,2024-01-18,growth_champion_v2,-0.0096495518210034,0.6,0.4,0.0,"DXCM,MSTR,INTC,AMD",4,0.6,1.0,base cap 60%
2020-01-01,2024-01-10,2024-01-11,2024-01-19,growth_champion_v3,-0.047566917718894,0.6,0.4,0.0,"KEEL,SNAP,CRWD,MSTR",4,0.6,1.0,SPY and QQQ above 200D MA
2020-01-01,2024-01-10,2024-01-11,2024-01-19,growth_champion_v2,-0.047566917718894,0.6,0.4,0.0,"KEEL,SNAP,CRWD,MSTR",4,0.6,1.0,base cap 60%
2022-01-03,2024-01-10,2024-01-11,2024-01-19,growth_champion_v2,-0.0582492846959404,0.6,0.4,0.0,"KEEL,COIN,CRWD",3,0.6,1.0,base cap 60%
2022-01-03,2024-01-10,2024-01-11,2024-01-19,growth_champion_v3,-0.0582492846959404,0.6,0.4,0.0,"KEEL,COIN,CRWD",3,0.6,1.0,SPY and QQQ above 200D MA
2015-01-01,2024-01-12,2024-01-16,2024-01-23,growth_champion_v3,0.0082457806328615,0.6,0.4,0.0,"DXCM,AMD,INTC,MSTR",4,0.6,1.0,SPY and QQQ above 200D MA
2015-01-01,2024-01-12,2024-01-16,2024-01-23,growth_champion_v2,0.0082457806328615,0.6,0.4,0.0,"DXCM,AMD,INTC,MSTR",4,0.6,1.0,base cap 60%
2008-01-01,2024-01-17,2024-01-18,2024-01-25,growth_champion_v3,0.0153120673983465,0.6,0.4,0.0,"AMD,DXCM,INTC,MSTR",4,0.6,1.0,SPY and QQQ above 200D MA
2010-01-01,2024-01-17,2024-01-18,2024-01-25,growth_champion_v2,0.0153120673983465,0.6,0.4,0.15,"AMD,DXCM,INTC,MSTR",4,0.6,1.0,base cap 60%
2010-01-01,2024-01-17,2024-01-18,2024-01-25,growth_champion_v3,0.0153120673983465,0.6,0.4,0.15,"AMD,DXCM,INTC,MSTR",4,0.6,1.0,SPY and QQQ above 200D MA
2008-01-01,2024-01-17,2024-01-18,2024-01-25,growth_champion_v2,0.0153120673983465,0.6,0.4,0.0,"AMD,DXCM,INTC,MSTR",4,0.6,1.0,base cap 60%
2022-01-03,2024-01-18,2024-01-19,2024-01-26,growth_champion_v2,0.0202472254151254,0.6,0.4,0.1499999999999999,"KEEL,AMD,CRWD,COIN",4,0.6,1.0,base cap 60%
2020-01-01,2024-01-18,2024-01-19,2024-01-26,growth_champion_v3,0.023916133401465,0.6,0.4,0.15,"KEEL,AMD,CRWD,MSTR",4,0.6,1.0,SPY and QQQ above 200D MA
2020-01-01,2024-01-18,2024-01-19,2024-01-26,growth_champion_v2,0.023916133401465,0.6,0.4,0.15,"KEEL,AMD,CRWD,MSTR",4,0.6,1.0,base cap 60%
2022-01-03,2024-01-18,2024-01-19,2024-01-26,growth_champion_v3,0.0202472254151254,0.6,0.4,0.1499999999999999,"KEEL,AMD,CRWD,COIN",4,0.6,1.0,SPY and QQQ above 200D MA
2015-01-01,2024-01-22,2024-01-23,2024-01-30,growth_champion_v3,-0.0043130399237025,0.6,0.4,0.15,"SMCI,AMD,INTC,DXCM",4,0.6,1.0,SPY and QQQ above 200D MA
2015-01-01,2024-01-22,2024-01-23,2024-01-30,growth_champion_v2,-0.0043130399237025,0.6,0.4,0.15,"SMCI,AMD,INTC,DXCM",4,0.6,1.0,base cap 60%
2008-01-01,2024-01-24,2024-01-25,2024-02-01,growth_champion_v3,0.002470486683289,0.6,0.4,0.15,"SMCI,AMD,INTC,DXCM",4,0.6,1.0,SPY and QQQ above 200D MA
2010-01-01,2024-01-24,2024-01-25,2024-02-01,growth_champion_v2,0.002470486683289,0.6,0.4,0.15,"SMCI,AMD,INTC,DXCM",4,0.6,1.0,base cap 60%
2010-01-01,2024-01-24,2024-01-25,2024-02-01,growth_champion_v3,0.002470486683289,0.6,0.4,0.15,"SMCI,AMD,INTC,DXCM",4,0.6,1.0,SPY and QQQ above 200D MA
2008-01-01,2024-01-24,2024-01-25,2024-02-01,growth_champion_v2,0.002470486683289,0.6,0.4,0.15,"SMCI,AMD,INTC,DXCM",4,0.6,1.0,base cap 60%
2020-01-01,2024-01-25,2024-01-26,2024-02-02,growth_champion_v3,0.034773473955357,0.6,0.4,0.15,"SMCI,AMD,CRWD,KEEL",4,0.6,1.0,SPY and QQQ above 200D MA
2020-01-01,2024-01-25,2024-01-26,2024-02-02,growth_champion_v2,0.034773473955357,0.6,0.4,0.15,"SMCI,AMD,CRWD,KEEL",4,0.6,1.0,base cap 60%
2022-01-03,2024-01-25,2024-01-26,2024-02-02,growth_champion_v3,0.034773473955357,0.6,0.4,0.15,"SMCI,AMD,CRWD,KEEL",4,0.6,1.0,SPY and QQQ above 200D MA
2022-01-03,2024-01-25,2024-01-26,2024-02-02,growth_champion_v2,0.034773473955357,0.6,0.4,0.15,"SMCI,AMD,CRWD,KEEL",4,0.6,1.0,base cap 60%
2015-01-01,2024-01-29,2024-01-30,2024-02-06,growth_champion_v2,0.0506003843782659,0.6,0.4,0.0,"SMCI,AMD,INTC,DXCM",4,0.6,1.0,base cap 60%
2015-01-01,2024-01-29,2024-01-30,2024-02-06,growth_champion_v3,0.0506003843782659,0.6,0.4,0.0,"SMCI,AMD,INTC,DXCM",4,0.6,1.0,SPY and QQQ above 200D MA
2010-01-01,2024-01-31,2024-02-01,2024-02-08,growth_champion_v2,0.0313406141040718,0.6,0.4,0.0,"SMCI,AMD,INTC,DXCM",4,0.6,1.0,base cap 60%
2008-01-01,2024-01-31,2024-02-01,2024-02-08,growth_champion_v3,0.0313406141040718,0.6,0.4,0.0,"SMCI,AMD,INTC,DXCM",4,0.6,1.0,SPY and QQQ above 200D MA
2010-01-01,2024-01-31,2024-02-01,2024-02-08,growth_champion_v3,0.0313406141040718,0.6,0.4,0.0,"SMCI,AMD,INTC,DXCM",4,0.6,1.0,SPY and QQQ above 200D MA
2008-01-01,2024-01-31,2024-02-01,2024-02-08,growth_champion_v2,0.0313406141040718,0.6,0.4,0.0,"SMCI,AMD,INTC,DXCM",4,0.6,1.0,base cap 60%
2022-01-03,2024-02-01,2024-02-02,2024-02-09,growth_champion_v2,0.0820793122480553,0.6,0.4,0.0,"SMCI,KEEL,CRWD,AMD",4,0.6,1.0,base cap 60%
2020-01-01,2024-02-01,2024-02-02,2024-02-09,growth_champion_v3,0.0820793122480553,0.6,0.4,0.0,"SMCI,KEEL,CRWD,AMD",4,0.6,1.0,SPY and QQQ above 200D MA
2022-01-03,2024-02-01,2024-02-02,2024-02-09,growth_champion_v3,0.0820793122480553,0.6,0.4,0.0,"SMCI,KEEL,CRWD,AMD",4,0.6,1.0,SPY and QQQ above 200D MA
2020-01-01,2024-02-01,2024-02-02,2024-02-09,growth_champion_v2,0.0820793122480553,0.6,0.4,0.0,"SMCI,KEEL,CRWD,AMD",4,0.6,1.0,base cap 60%
2015-01-01,2024-02-05,2024-02-06,2024-02-13,growth_champion_v3,0.0375161214152973,0.6,0.4,0.15,"SMCI,NVDA,AMD,INTC",4,0.6,1.0,SPY and QQQ above 200D MA
2015-01-01,2024-02-05,2024-02-06,2024-02-13,growth_champion_v2,0.0375161214152973,0.6,0.4,0.15,"SMCI,NVDA,AMD,INTC",4,0.6,1.0,base cap 60%
2010-01-01,2024-02-07,2024-02-08,2024-02-15,growth_champion_v3,0.084291574324935,0.6,0.4,0.15,"SMCI,NVDA,AMD,INTC",4,0.6,1.0,SPY and QQQ above 200D MA
2008-01-01,2024-02-07,2024-02-08,2024-02-15,growth_champion_v2,0.084291574324935,0.6,0.4,0.15,"SMCI,NVDA,AMD,INTC",4,0.6,1.0,base cap 60%
2010-01-01,2024-02-07,2024-02-08,2024-02-15,growth_champion_v2,0.084291574324935,0.6,0.4,0.15,"SMCI,NVDA,AMD,INTC",4,0.6,1.0,base cap 60%
2008-01-01,2024-02-07,2024-02-08,2024-02-15,growth_champion_v3,0.084291574324935,0.6,0.4,0.15,"SMCI,NVDA,AMD,INTC",4,0.6,1.0,SPY and QQQ above 200D MA
2022-01-03,2024-02-08,2024-02-09,2024-02-16,growth_champion_v2,0.0630155106873636,0.6,0.4,0.0,"SMCI,KEEL,CRWD,AMD",4,0.6,1.0,base cap 60%
2020-01-01,2024-02-08,2024-02-09,2024-02-16,growth_champion_v2,0.0630155106873636,0.6,0.4,0.0,"SMCI,KEEL,CRWD,AMD",4,0.6,1.0,base cap 60%
2020-01-01,2024-02-08,2024-02-09,2024-02-16,growth_champion_v3,0.0630155106873636,0.6,0.4,0.0,"SMCI,KEEL,CRWD,AMD",4,0.6,1.0,SPY and QQQ above 200D MA
2022-01-03,2024-02-08,2024-02-09,2024-02-16,growth_champion_v3,0.0630155106873636,0.6,0.4,0.0,"SMCI,KEEL,CRWD,AMD",4,0.6,1.0,SPY and QQQ above 200D MA
2015-01-01,2024-02-12,2024-02-13,2024-02-21,growth_champion_v2,-0.0190158687791411,0.6,0.4,0.15,"SMCI,MSTR,AMD,INTC",4,0.6,1.0,base cap 60%
2015-01-01,2024-02-12,2024-02-13,2024-02-21,growth_champion_v3,-0.0190158687791411,0.6,0.4,0.15,"SMCI,MSTR,AMD,INTC",4,0.6,1.0,SPY and QQQ above 200D MA
2008-01-01,2024-02-14,2024-02-15,2024-02-23,growth_champion_v2,-0.0153854970319844,0.6,0.4,0.15,"SMCI,MSTR,AMD,NVDA",4,0.6,1.0,base cap 60%
2010-01-01,2024-02-14,2024-02-15,2024-02-23,growth_champion_v3,-0.0153854970319844,0.6,0.4,0.15,"SMCI,MSTR,AMD,NVDA",4,0.6,1.0,SPY and QQQ above 200D MA
2008-01-01,2024-02-14,2024-02-15,2024-02-23,growth_champion_v3,-0.0153854970319844,0.6,0.4,0.15,"SMCI,MSTR,AMD,NVDA",4,0.6,1.0,SPY and QQQ above 200D MA
2010-01-01,2024-02-14,2024-02-15,2024-02-23,growth_champion_v2,-0.0153854970319844,0.6,0.4,0.15,"SMCI,MSTR,AMD,NVDA",4,0.6,1.0,base cap 60%
2020-01-01,2024-02-15,2024-02-16,2024-02-26,growth_champion_v2,0.011324935309357,0.6,0.4,0.0,"SMCI,KEEL,CRWD,AMD",4,0.6,1.0,base cap 60%
2022-01-03,2024-02-15,2024-02-16,2024-02-26,growth_champion_v3,0.011324935309357,0.6,0.4,0.0,"SMCI,KEEL,CRWD,AMD",4,0.6,1.0,SPY and QQQ above 200D MA
2022-01-03,2024-02-15,2024-02-16,2024-02-26,growth_champion_v2,0.011324935309357,0.6,0.4,0.0,"SMCI,KEEL,CRWD,AMD",4,0.6,1.0,base cap 60%
2020-01-01,2024-02-15,2024-02-16,2024-02-26,growth_champion_v3,0.011324935309357,0.6,0.4,0.0,"SMCI,KEEL,CRWD,AMD",4,0.6,1.0,SPY and QQQ above 200D MA
2015-01-01,2024-02-20,2024-02-21,2024-02-28,growth_champion_v3,0.1236030845226664,0.6,0.4,0.1499999999999999,"SMCI,MSTR,AMD",3,0.6,1.0,SPY and QQQ above 200D MA
2015-01-01,2024-02-20,2024-02-21,2024-02-28,growth_champion_v2,0.1236030845226664,0.6,0.4,0.1499999999999999,"SMCI,MSTR,AMD",3,0.6,1.0,base cap 60%
2008-01-01,2024-02-22,2024-02-23,2024-03-01,growth_champion_v3,0.1222390132656857,0.6,0.4,0.0,"SMCI,NVDA,AMD,MSTR",4,0.6,1.0,SPY and QQQ above 200D MA
2008-01-01,2024-02-22,2024-02-23,2024-03-01,growth_champion_v2,0.1222390132656857,0.6,0.4,0.0,"SMCI,NVDA,AMD,MSTR",4,0.6,1.0,base cap 60%
2010-01-01,2024-02-22,2024-02-23,2024-03-01,growth_champion_v2,0.1222390132656857,0.6,0.4,0.0,"SMCI,NVDA,AMD,MSTR",4,0.6,1.0,base cap 60%
2010-01-01,2024-02-22,2024-02-23,2024-03-01,growth_champion_v3,0.1222390132656857,0.6,0.4,0.0,"SMCI,NVDA,AMD,MSTR",4,0.6,1.0,SPY and QQQ above 200D MA
2020-01-01,2024-02-23,2024-02-26,2024-03-04,growth_champion_v2,0.0151135599656942,0.6,0.4,0.0,"SMCI,KEEL,CRWD,AMD",4,0.6,1.0,base cap 60%
2022-01-03,2024-02-23,2024-02-26,2024-03-04,growth_champion_v3,0.0151135599656942,0.6,0.4,0.0,"SMCI,KEEL,CRWD,AMD",4,0.6,1.0,SPY and QQQ above 200D MA
2022-01-03,2024-02-23,2024-02-26,2024-03-04,growth_champion_v2,0.0151135599656942,0.6,0.4,0.0,"SMCI,KEEL,CRWD,AMD",4,0.6,1.0,base cap 60%
2020-01-01,2024-02-23,2024-02-26,2024-03-04,growth_champion_v3,0.0151135599656942,0.6,0.4,0.0,"SMCI,KEEL,CRWD,AMD",4,0.6,1.0,SPY and QQQ above 200D MA
2015-01-01,2024-02-27,2024-02-28,2024-03-06,growth_champion_v2,0.1729313492536375,0.6,0.4,0.0,"SMCI,MSTR,AMD",3,0.6,1.0,base cap 60%
2015-01-01,2024-02-27,2024-02-28,2024-03-06,growth_champion_v3,0.1729313492536375,0.6,0.4,0.0,"SMCI,MSTR,AMD",3,0.6,1.0,SPY and QQQ above 200D MA
2008-01-01,2024-02-29,2024-03-01,2024-03-08,growth_champion_v3,0.1000551364406437,0.6,0.4,0.0,"SMCI,MSTR,AMD,NVDA",4,0.6,1.0,SPY and QQQ above 200D MA
2010-01-01,2024-02-29,2024-03-01,2024-03-08,growth_champion_v3,0.1000551364406437,0.6,0.4,0.0,"SMCI,MSTR,AMD,NVDA",4,0.6,1.0,SPY and QQQ above 200D MA
2008-01-01,2024-02-29,2024-03-01,2024-03-08,growth_champion_v2,0.1000551364406437,0.6,0.4,0.0,"SMCI,MSTR,AMD,NVDA",4,0.6,1.0,base cap 60%
2010-01-01,2024-02-29,2024-03-01,2024-03-08,growth_champion_v2,0.1000551364406437,0.6,0.4,0.0,"SMCI,MSTR,AMD,NVDA",4,0.6,1.0,base cap 60%
2022-01-03,2024-03-01,2024-03-04,2024-03-11,growth_champion_v3,-0.0236303532250479,0.6,0.4,0.15,"SMCI,JMIA,CRWD,KEEL",4,0.6,1.0,SPY and QQQ above 200D MA
2022-01-03,2024-03-01,2024-03-04,2024-03-11,growth_champion_v2,-0.0236303532250479,0.6,0.4,0.15,"SMCI,JMIA,CRWD,KEEL",4,0.6,1.0,base cap 60%
2020-01-01,2024-03-01,2024-03-04,2024-03-11,growth_champion_v3,-0.0236303532250479,0.6,0.4,0.15,"SMCI,JMIA,CRWD,KEEL",4,0.6,1.0,SPY and QQQ above 200D MA
2020-01-01,2024-03-01,2024-03-04,2024-03-11,growth_champion_v2,-0.0236303532250479,0.6,0.4,0.15,"SMCI,JMIA,CRWD,KEEL",4,0.6,1.0,base cap 60%
2015-01-01,2024-03-05,2024-03-06,2024-03-13,growth_champion_v2,0.0705120017175786,0.5310199818671564,0.4689800181328436,0.0344900090664217,"SMCI,MSTR,AMD",3,0.6,1.0,base cap 60%
2015-01-01,2024-03-05,2024-03-06,2024-03-13,growth_champion_v3,0.0705120017175786,0.5310199818671564,0.4689800181328436,0.0344900090664217,"SMCI,MSTR,AMD",3,0.6,1.0,SPY and QQQ above 200D MA
2008-01-01,2024-03-07,2024-03-08,2024-03-15,growth_champion_v3,0.0168919355766846,0.6,0.4,0.0,"SMCI,MSTR,NVDA,AMD",4,0.6,1.0,SPY and QQQ above 200D MA
2010-01-01,2024-03-07,2024-03-08,2024-03-15,growth_champion_v2,0.0168919355766846,0.6,0.4,0.0,"SMCI,MSTR,NVDA,AMD",4,0.6,1.0,base cap 60%
2008-01-01,2024-03-07,2024-03-08,2024-03-15,growth_champion_v2,0.0168919355766846,0.6,0.4,0.0,"SMCI,MSTR,NVDA,AMD",4,0.6,1.0,base cap 60%
2010-01-01,2024-03-07,2024-03-08,2024-03-15,growth_champion_v3,0.0168919355766846,0.6,0.4,0.0,"SMCI,MSTR,NVDA,AMD",4,0.6,1.0,SPY and QQQ above 200D MA
2022-01-03,2024-03-08,2024-03-11,2024-03-18,growth_champion_v2,-0.0174701139615578,0.6,0.4,0.15,"SMCI,MSTR,CRWD,KEEL",4,0.6,1.0,base cap 60%
2020-01-01,2024-03-08,2024-03-11,2024-03-18,growth_champion_v2,-0.0174701139615578,0.6,0.4,0.15,"SMCI,MSTR,CRWD,KEEL",4,0.6,1.0,base cap 60%
2020-01-01,2024-03-08,2024-03-11,2024-03-18,growth_champion_v3,-0.0174701139615578,0.6,0.4,0.15,"SMCI,MSTR,CRWD,KEEL",4,0.6,1.0,SPY and QQQ above 200D MA
2022-01-03,2024-03-08,2024-03-11,2024-03-18,growth_champion_v3,-0.0174701139615578,0.6,0.4,0.15,"SMCI,MSTR,CRWD,KEEL",4,0.6,1.0,SPY and QQQ above 200D MA
2015-01-01,2024-03-12,2024-03-13,2024-03-20,growth_champion_v3,-0.0778767431404675,0.5225348466853387,0.4774651533146613,0.0042425675909088,"SMCI,MSTR,AMD",3,0.6,1.0,SPY and QQQ above 200D MA
2015-01-01,2024-03-12,2024-03-13,2024-03-20,growth_champion_v2,-0.0778767431404675,0.5225348466853387,0.4774651533146613,0.0042425675909088,"SMCI,MSTR,AMD",3,0.6,1.0,base cap 60%
2008-01-01,2024-03-14,2024-03-15,2024-03-22,growth_champion_v3,-0.0332523346636184,0.6,0.4,0.0,"SMCI,MSTR,NVDA,AMD",4,0.6,1.0,SPY and QQQ above 200D MA
2010-01-01,2024-03-14,2024-03-15,2024-03-22,growth_champion_v2,-0.0332523346636184,0.6,0.4,0.0,"SMCI,MSTR,NVDA,AMD",4,0.6,1.0,base cap 60%
2010-01-01,2024-03-14,2024-03-15,2024-03-22,growth_champion_v3,-0.0332523346636184,0.6,0.4,0.0,"SMCI,MSTR,NVDA,AMD",4,0.6,1.0,SPY and QQQ above 200D MA
2008-01-01,2024-03-14,2024-03-15,2024-03-22,growth_champion_v2,-0.0332523346636184,0.6,0.4,0.0,"SMCI,MSTR,NVDA,AMD",4,0.6,1.0,base cap 60%
2022-01-03,2024-03-15,2024-03-18,2024-03-25,growth_champion_v2,0.0577333174954899,0.6,0.4,0.1499999999999999,"MSTR,SMCI,CRWD",3,0.6,1.0,base cap 60%
2022-01-03,2024-03-15,2024-03-18,2024-03-25,growth_champion_v3,0.0577333174954899,0.6,0.4,0.1499999999999999,"MSTR,SMCI,CRWD",3,0.6,1.0,SPY and QQQ above 200D MA
2020-01-01,2024-03-15,2024-03-18,2024-03-25,growth_champion_v3,0.0577333174954899,0.6,0.4,0.1499999999999999,"MSTR,SMCI,CRWD",3,0.6,1.0,SPY and QQQ above 200D MA
2020-01-01,2024-03-15,2024-03-18,2024-03-25,growth_champion_v2,0.0577333174954899,0.6,0.4,0.1499999999999999,"MSTR,SMCI,CRWD",3,0.6,1.0,base cap 60%
2015-01-01,2024-03-19,2024-03-20,2024-03-27,growth_champion_v3,0.0586386816113409,0.4609464488183744,0.5390535511816257,0.0307941989334821,"MSTR,SMCI,AMD",3,0.6,1.0,SPY and QQQ above 200D MA
2015-01-01,2024-03-19,2024-03-20,2024-03-27,growth_champion_v2,0.0586386816113409,0.4609464488183744,0.5390535511816257,0.0307941989334821,"MSTR,SMCI,AMD",3,0.6,1.0,base cap 60%
2010-01-01,2024-03-21,2024-03-22,2024-04-01,growth_champion_v2,0.0179697795540898,0.6,0.4,0.0,"MSTR,SMCI,NVDA,AMD",4,0.6,1.0,base cap 60%
2010-01-01,2024-03-21,2024-03-22,2024-04-01,growth_champion_v3,0.0179697795540898,0.6,0.4,0.0,"MSTR,SMCI,NVDA,AMD",4,0.6,1.0,SPY and QQQ above 200D MA
2008-01-01,2024-03-21,2024-03-22,2024-04-01,growth_champion_v2,0.0179697795540898,0.6,0.4,0.0,"MSTR,SMCI,NVDA,AMD",4,0.6,1.0,base cap 60%
2008-01-01,2024-03-21,2024-03-22,2024-04-01,growth_champion_v3,0.0179697795540898,0.6,0.4,0.0,"MSTR,SMCI,NVDA,AMD",4,0.6,1.0,SPY and QQQ above 200D MA
2020-01-01,2024-03-22,2024-03-25,2024-04-02,growth_champion_v2,-0.0393821672204769,0.6,0.4,0.0,"SMCI,MSTR,CRWD",3,0.6,1.0,base cap 60%
2020-01-01,2024-03-22,2024-03-25,2024-04-02,growth_champion_v3,-0.0393821672204769,0.6,0.4,0.0,"SMCI,MSTR,CRWD",3,0.6,1.0,SPY and QQQ above 200D MA
2022-01-03,2024-03-22,2024-03-25,2024-04-02,growth_champion_v3,-0.0393821672204769,0.6,0.4,0.0,"SMCI,MSTR,CRWD",3,0.6,1.0,SPY and QQQ above 200D MA
2022-01-03,2024-03-22,2024-03-25,2024-04-02,growth_champion_v2,-0.0393821672204769,0.6,0.4,0.0,"SMCI,MSTR,CRWD",3,0.6,1.0,base cap 60%
2015-01-01,2024-03-26,2024-03-27,2024-04-04,growth_champion_v2,-0.0455477686238526,0.4574602863833345,0.5425397136166654,0.0017430812175199,"SMCI,MSTR,AMD",3,0.6,1.0,base cap 60%
2015-01-01,2024-03-26,2024-03-27,2024-04-04,growth_champion_v3,-0.0455477686238526,0.4574602863833345,0.5425397136166654,0.0017430812175199,"SMCI,MSTR,AMD",3,0.6,1.0,SPY and QQQ above 200D MA
2010-01-01,2024-03-28,2024-04-01,2024-04-08,growth_champion_v3,-0.0434125577329089,0.6,0.4,0.0,"SMCI,MSTR,NVDA,AMD",4,0.6,1.0,SPY and QQQ above 200D MA
2008-01-01,2024-03-28,2024-04-01,2024-04-08,growth_champion_v3,-0.0434125577329089,0.6,0.4,0.0,"SMCI,MSTR,NVDA,AMD",4,0.6,1.0,SPY and QQQ above 200D MA
2010-01-01,2024-03-28,2024-04-01,2024-04-08,growth_champion_v2,-0.0434125577329089,0.6,0.4,0.0,"SMCI,MSTR,NVDA,AMD",4,0.6,1.0,base cap 60%
2008-01-01,2024-03-28,2024-04-01,2024-04-08,growth_champion_v2,-0.0434125577329089,0.6,0.4,0.0,"SMCI,MSTR,NVDA,AMD",4,0.6,1.0,base cap 60%
2022-01-03,2024-04-01,2024-04-02,2024-04-09,growth_champion_v2,-0.0438869842621574,0.6,0.4,0.0,"SMCI,MSTR,CRWD",3,0.6,1.0,base cap 60%
2020-01-01,2024-04-01,2024-04-02,2024-04-09,growth_champion_v2,-0.0438869842621574,0.6,0.4,0.0,"SMCI,MSTR,CRWD",3,0.6,1.0,base cap 60%
2022-01-03,2024-04-01,2024-04-02,2024-04-09,growth_champion_v3,-0.0438869842621574,0.6,0.4,0.0,"SMCI,MSTR,CRWD",3,0.6,1.0,SPY and QQQ above 200D MA
2020-01-01,2024-04-01,2024-04-02,2024-04-09,growth_champion_v3,-0.0438869842621574,0.6,0.4,0.0,"SMCI,MSTR,CRWD",3,0.6,1.0,SPY and QQQ above 200D MA
2015-01-01,2024-04-03,2024-04-04,2024-04-11,growth_champion_v3,-0.0048571911258611,0.4437994009072615,0.5562005990927386,0.0068304427380364,"SMCI,MSTR,AMD",3,0.6,1.0,SPY and QQQ above 200D MA
2015-01-01,2024-04-03,2024-04-04,2024-04-11,growth_champion_v2,-0.0048571911258611,0.4437994009072615,0.5562005990927386,0.0068304427380364,"SMCI,MSTR,AMD",3,0.6,1.0,base cap 60%
2010-01-01,2024-04-05,2024-04-08,2024-04-15,growth_champion_v2,-0.0347799044229773,0.5902143759378662,0.4097856240621338,0.0048928120310668,"SMCI,MSTR,NVDA,AMD",4,0.6,1.0,base cap 60%
2008-01-01,2024-04-05,2024-04-08,2024-04-15,growth_champion_v2,-0.0353565475605819,0.6,0.4,0.0,"SMCI,MSTR,NVDA,AMD",4,0.6,1.0,base cap 60%
2008-01-01,2024-04-05,2024-04-08,2024-04-15,growth_champion_v3,-0.0353565475605819,0.6,0.4,0.0,"SMCI,MSTR,NVDA,AMD",4,0.6,1.0,SPY and QQQ above 200D MA
2010-01-01,2024-04-05,2024-04-08,2024-04-15,growth_champion_v3,-0.0347799044229773,0.5902143759378662,0.4097856240621338,0.0048928120310668,"SMCI,MSTR,NVDA,AMD",4,0.6,1.0,SPY and QQQ above 200D MA
2022-01-03,2024-04-08,2024-04-09,2024-04-16,growth_champion_v2,-0.0174828555380156,0.6,0.4,0.0,"MSTR,SMCI,CRWD",3,0.6,1.0,base cap 60%
2020-01-01,2024-04-08,2024-04-09,2024-04-16,growth_champion_v3,-0.0174828555380156,0.6,0.4,0.0,"MSTR,SMCI,CRWD",3,0.6,1.0,SPY and QQQ above 200D MA
2020-01-01,2024-04-08,2024-04-09,2024-04-16,growth_champion_v2,-0.0174828555380156,0.6,0.4,0.0,"MSTR,SMCI,CRWD",3,0.6,1.0,base cap 60%
2022-01-03,2024-04-08,2024-04-09,2024-04-16,growth_champion_v3,-0.0174828555380156,0.6,0.4,0.0,"MSTR,SMCI,CRWD",3,0.6,1.0,SPY and QQQ above 200D MA
2015-01-01,2024-04-10,2024-04-11,2024-04-18,growth_champion_v3,-0.0483762980550893,0.4517212210929688,0.5482787789070311,0.0039609100928536,"MSTR,SMCI,AMD",3,0.6,1.0,SPY and QQQ above 200D MA
2015-01-01,2024-04-10,2024-04-11,2024-04-18,growth_champion_v2,-0.0483762980550893,0.4517212210929688,0.5482787789070311,0.0039609100928536,"MSTR,SMCI,AMD",3,0.6,1.0,base cap 60%
2010-01-01,2024-04-12,2024-04-15,2024-04-22,growth_champion_v3,-0.0531296796635594,0.5859651962393773,0.4140348037606227,0.145429004135222,"MSTR,SMCI,NVDA",3,0.6,1.0,SPY and QQQ above 200D MA
2010-01-01,2024-04-12,2024-04-15,2024-04-22,growth_champion_v2,-0.0531296796635594,0.5859651962393773,0.4140348037606227,0.145429004135222,"MSTR,SMCI,NVDA",3,0.6,1.0,base cap 60%
2008-01-01,2024-04-12,2024-04-15,2024-04-22,growth_champion_v2,-0.0530760563652258,0.5853737869417867,0.4146262130582133,0.1426868934708933,"MSTR,SMCI,NVDA",3,0.6,1.0,base cap 60%
2008-01-01,2024-04-12,2024-04-15,2024-04-22,growth_champion_v3,-0.0530760563652258,0.5853737869417867,0.4146262130582133,0.1426868934708933,"MSTR,SMCI,NVDA",3,0.6,1.0,SPY and QQQ above 200D MA
2020-01-01,2024-04-15,2024-04-16,2024-04-23,growth_champion_v2,-0.0301007487008252,0.6,0.4,0.0,"SMCI,MSTR,CRWD",3,0.6,1.0,base cap 60%
2022-01-03,2024-04-15,2024-04-16,2024-04-23,growth_champion_v3,-0.0301007487008252,0.6,0.4,0.0,"SMCI,MSTR,CRWD",3,0.6,1.0,SPY and QQQ above 200D MA
2022-01-03,2024-04-15,2024-04-16,2024-04-23,growth_champion_v2,-0.0301007487008252,0.6,0.4,0.0,"SMCI,MSTR,CRWD",3,0.6,1.0,base cap 60%
2020-01-01,2024-04-15,2024-04-16,2024-04-23,growth_champion_v3,-0.0301007487008252,0.6,0.4,0.0,"SMCI,MSTR,CRWD",3,0.6,1.0,SPY and QQQ above 200D MA
2015-01-01,2024-04-17,2024-04-18,2024-04-25,growth_champion_v2,-0.0269672736046722,0.4306020264783013,0.5693979735216987,0.1400141430569891,"MSTR,SMCI",2,0.6,1.0,base cap 60%
2015-01-01,2024-04-17,2024-04-18,2024-04-25,growth_champion_v3,-0.0269672736046722,0.4306020264783013,0.5693979735216987,0.1400141430569891,"MSTR,SMCI",2,0.6,1.0,SPY and QQQ above 200D MA
2010-01-01,2024-04-19,2024-04-22,2024-04-29,growth_champion_v3,0.0583766515815107,0.5440429497605568,0.4559570502394432,0.0209611232394102,"MSTR,SMCI,NVDA",3,0.6,1.0,SPY and QQQ above 200D MA
2008-01-01,2024-04-19,2024-04-22,2024-04-29,growth_champion_v3,0.0583366648365845,0.5436702920956932,0.4563297079043068,0.0208517474230467,"MSTR,SMCI,NVDA",3,0.6,1.0,SPY and QQQ above 200D MA
2008-01-01,2024-04-19,2024-04-22,2024-04-29,growth_champion_v2,0.0583366648365845,0.5436702920956932,0.4563297079043068,0.0208517474230467,"MSTR,SMCI,NVDA",3,0.6,1.0,base cap 60%
2010-01-01,2024-04-19,2024-04-22,2024-04-29,growth_champion_v2,0.0583766515815107,0.5440429497605568,0.4559570502394432,0.0209611232394102,"MSTR,SMCI,NVDA",3,0.6,1.0,base cap 60%
2022-01-03,2024-04-22,2024-04-23,2024-04-30,growth_champion_v2,-0.0429228380831596,0.6,0.4,0.1999999999999999,"MSTR,COIN,SMCI",3,0.6,1.0,base cap 60%
2020-01-01,2024-04-22,2024-04-23,2024-04-30,growth_champion_v2,-0.0116247173626891,0.6,0.4,0.1999999999999999,"MSTR,SE,SMCI",3,0.6,1.0,base cap 60%
2022-01-03,2024-04-22,2024-04-23,2024-04-30,growth_champion_v3,-0.0429228380831596,0.6,0.4,0.1999999999999999,"MSTR,COIN,SMCI",3,0.6,1.0,SPY and QQQ above 200D MA
2020-01-01,2024-04-22,2024-04-23,2024-04-30,growth_champion_v3,-0.0116247173626891,0.6,0.4,0.1999999999999999,"MSTR,SE,SMCI",3,0.6,1.0,SPY and QQQ above 200D MA
2015-01-01,2024-04-24,2024-04-25,2024-05-02,growth_champion_v3,-0.0235823646922305,0.4241358103040266,0.5758641896959734,0.1446117115218129,"MSTR,FANG,SMCI",3,0.6,1.0,SPY and QQQ above 200D MA
2015-01-01,2024-04-24,2024-04-25,2024-05-02,growth_champion_v2,-0.0235823646922305,0.4241358103040266,0.5758641896959734,0.1446117115218129,"MSTR,FANG,SMCI",3,0.6,1.0,base cap 60%
2008-01-01,2024-04-26,2024-04-29,2024-05-06,growth_champion_v3,-0.0064359203127909,0.5343929896254577,0.4656070103745423,0.0046386512351177,"MSTR,SMCI,NVDA",3,0.6,1.0,SPY and QQQ above 200D MA
2008-01-01,2024-04-26,2024-04-29,2024-05-06,growth_champion_v2,-0.0064359203127909,0.5343929896254577,0.4656070103745423,0.0046386512351177,"MSTR,SMCI,NVDA",3,0.6,1.0,base cap 60%
2010-01-01,2024-04-26,2024-04-29,2024-05-06,growth_champion_v2,-0.0064403371166703,0.5347597295655149,0.4652402704344851,0.0046416100975209,"MSTR,SMCI,NVDA",3,0.6,1.0,base cap 60%
2010-01-01,2024-04-26,2024-04-29,2024-05-06,growth_champion_v3,-0.0064403371166703,0.5347597295655149,0.4652402704344851,0.0046416100975209,"MSTR,SMCI,NVDA",3,0.6,1.0,SPY and QQQ above 200D MA
2020-01-01,2024-04-29,2024-04-30,2024-05-07,growth_champion_v2,0.0331681791790466,0.6,0.4,0.0,"MSTR,SE,SMCI",3,0.6,1.0,base cap 60%
2022-01-03,2024-04-29,2024-04-30,2024-05-07,growth_champion_v3,0.0325331765330529,0.6,0.4,0.1499999999999999,"MSTR,SE,SMCI,COIN",4,0.6,1.0,SPY and QQQ above 200D MA
2020-01-01,2024-04-29,2024-04-30,2024-05-07,growth_champion_v3,0.0331681791790466,0.6,0.4,0.0,"MSTR,SE,SMCI",3,0.6,1.0,SPY and QQQ above 200D MA
2022-01-03,2024-04-29,2024-04-30,2024-05-07,growth_champion_v2,0.0325331765330529,0.6,0.4,0.1499999999999999,"MSTR,SE,SMCI,COIN",4,0.6,1.0,base cap 60%
2015-01-01,2024-05-01,2024-05-02,2024-05-09,growth_champion_v2,0.0336236586731246,0.4203049028134518,0.5796950971865482,0.142017088016438,"MSTR,YPF,FANG",3,0.6,1.0,base cap 60%
2015-01-01,2024-05-01,2024-05-02,2024-05-09,growth_champion_v3,0.0336236586731246,0.4203049028134518,0.5796950971865482,0.142017088016438,"MSTR,YPF,FANG",3,0.6,1.0,SPY and QQQ above 200D MA
2008-01-01,2024-05-03,2024-05-06,2024-05-13,growth_champion_v2,-0.0186183196897517,0.5308867427265441,0.4691132572734559,0.1344748091310927,"MSTR,YPF,NVDA,SMCI",4,0.6,1.0,base cap 60%
2010-01-01,2024-05-03,2024-05-06,2024-05-13,growth_champion_v2,-0.0186300449961846,0.5312210806175758,0.4687789193824242,0.1345745946283635,"MSTR,YPF,NVDA,SMCI",4,0.6,1.0,base cap 60%
2008-01-01,2024-05-03,2024-05-06,2024-05-13,growth_champion_v3,-0.0186183196897517,0.5308867427265441,0.4691132572734559,0.1344748091310927,"MSTR,YPF,NVDA,SMCI",4,0.6,1.0,SPY and QQQ above 200D MA
2010-01-01,2024-05-03,2024-05-06,2024-05-13,growth_champion_v3,-0.0186300449961846,0.5312210806175758,0.4687789193824242,0.1345745946283635,"MSTR,YPF,NVDA,SMCI",4,0.6,1.0,SPY and QQQ above 200D MA
2020-01-01,2024-05-06,2024-05-07,2024-05-14,growth_champion_v2,-0.0054130573150427,0.6,0.4,0.1499999999999999,"MSTR,SNAP,SE,SMCI",4,0.6,1.0,base cap 60%
2022-01-03,2024-05-06,2024-05-07,2024-05-14,growth_champion_v3,-0.0054130573150427,0.6,0.4,0.15,"MSTR,SNAP,SE,SMCI",4,0.6,1.0,SPY and QQQ above 200D MA
2020-01-01,2024-05-06,2024-05-07,2024-05-14,growth_champion_v3,-0.0054130573150427,0.6,0.4,0.1499999999999999,"MSTR,SNAP,SE,SMCI",4,0.6,1.0,SPY and QQQ above 200D MA
2022-01-03,2024-05-06,2024-05-07,2024-05-14,growth_champion_v2,-0.0054130573150427,0.6,0.4,0.15,"MSTR,SNAP,SE,SMCI",4,0.6,1.0,base cap 60%
2015-01-01,2024-05-08,2024-05-09,2024-05-16,growth_champion_v3,0.0103571263257748,0.4207623727914477,0.5792376272085523,0.0002287349889979,"MSTR,YPF,FANG",3,0.6,1.0,SPY and QQQ above 200D MA
2015-01-01,2024-05-08,2024-05-09,2024-05-16,growth_champion_v2,0.0103571263257748,0.4207623727914477,0.5792376272085523,0.0002287349889979,"MSTR,YPF,FANG",3,0.6,1.0,base cap 60%
2008-01-01,2024-05-10,2024-05-13,2024-05-20,growth_champion_v2,0.0737522180493881,0.5598158330747701,0.4401841669252299,0.147186230855749,"MU,MSTR,NVDA,YPF",4,0.6,1.0,base cap 60%
2008-01-01,2024-05-10,2024-05-13,2024-05-20,growth_champion_v3,0.0737522180493881,0.5598158330747701,0.4401841669252299,0.147186230855749,"MU,MSTR,NVDA,YPF",4,0.6,1.0,SPY and QQQ above 200D MA
2010-01-01,2024-05-10,2024-05-13,2024-05-20,growth_champion_v3,0.0737932620876864,0.560127377637095,0.439872622362905,0.1472584186641535,"MU,MSTR,NVDA,YPF",4,0.6,1.0,SPY and QQQ above 200D MA
2010-01-01,2024-05-10,2024-05-13,2024-05-20,growth_champion_v2,0.0737932620876864,0.560127377637095,0.439872622362905,0.1472584186641535,"MU,MSTR,NVDA,YPF",4,0.6,1.0,base cap 60%
2022-01-03,2024-05-13,2024-05-14,2024-05-21,growth_champion_v2,0.0764020891796098,0.6,0.4,0.1499999999999999,"SNAP,MSTR,SE",3,0.6,1.0,base cap 60%
2022-01-03,2024-05-13,2024-05-14,2024-05-21,growth_champion_v3,0.0764020891796098,0.6,0.4,0.1499999999999999,"SNAP,MSTR,SE",3,0.6,1.0,SPY and QQQ above 200D MA
2020-01-01,2024-05-13,2024-05-14,2024-05-21,growth_champion_v3,0.0764020891796098,0.6,0.4,0.1499999999999999,"SNAP,MSTR,SE",3,0.6,1.0,SPY and QQQ above 200D MA
2020-01-01,2024-05-13,2024-05-14,2024-05-21,growth_champion_v2,0.0764020891796098,0.6,0.4,0.1499999999999999,"SNAP,MSTR,SE",3,0.6,1.0,base cap 60%
2015-01-01,2024-05-15,2024-05-16,2024-05-23,growth_champion_v3,-0.010146204086632,0.4254045943681375,0.5745954056318625,0.1040300378036895,"MSTR,TCEHY,YPF,FANG",4,0.6,1.0,SPY and QQQ above 200D MA
2015-01-01,2024-05-15,2024-05-16,2024-05-23,growth_champion_v2,-0.010146204086632,0.4254045943681375,0.5745954056318625,0.1040300378036895,"MSTR,TCEHY,YPF,FANG",4,0.6,1.0,base cap 60%
2008-01-01,2024-05-17,2024-05-20,2024-05-28,growth_champion_v3,0.0183291778265768,0.5382926296598667,0.4617073703401333,0.0107616017074517,"MSTR,MU,NVDA,YPF",4,0.6,1.0,SPY and QQQ above 200D MA
2010-01-01,2024-05-17,2024-05-20,2024-05-28,growth_champion_v2,0.0183394262170072,0.538593605136602,0.4614063948633979,0.0107668862502464,"MSTR,MU,NVDA,YPF",4,0.6,1.0,base cap 60%
2010-01-01,2024-05-17,2024-05-20,2024-05-28,growth_champion_v3,0.0183394262170072,0.538593605136602,0.4614063948633979,0.0107668862502464,"MSTR,MU,NVDA,YPF",4,0.6,1.0,SPY and QQQ above 200D MA
2008-01-01,2024-05-17,2024-05-20,2024-05-28,growth_champion_v2,0.0183291778265768,0.5382926296598667,0.4617073703401333,0.0107616017074517,"MSTR,MU,NVDA,YPF",4,0.6,1.0,base cap 60%
2022-01-03,2024-05-20,2024-05-21,2024-05-29,growth_champion_v3,0.1187967959613171,0.6,0.4,0.1499999999999999,"ASTS,MSTR,SE,SNAP",4,0.6,1.0,SPY and QQQ above 200D MA
2022-01-03,2024-05-20,2024-05-21,2024-05-29,growth_champion_v2,0.1187967959613171,0.6,0.4,0.1499999999999999,"ASTS,MSTR,SE,SNAP",4,0.6,1.0,base cap 60%
2020-01-01,2024-05-20,2024-05-21,2024-05-29,growth_champion_v2,0.1187967959613171,0.6,0.4,0.1499999999999999,"ASTS,MSTR,SE,SNAP",4,0.6,1.0,base cap 60%
2020-01-01,2024-05-20,2024-05-21,2024-05-29,growth_champion_v3,0.1187967959613171,0.6,0.4,0.1499999999999999,"ASTS,MSTR,SE,SNAP",4,0.6,1.0,SPY and QQQ above 200D MA
2015-01-01,2024-05-22,2024-05-23,2024-05-31,growth_champion_v3,0.0032622039154007,0.4704847002924281,0.5295152997075718,0.1288912015541796,"MSTR,MU,YPF,TCEHY",4,0.6,1.0,SPY and QQQ above 200D MA
2015-01-01,2024-05-22,2024-05-23,2024-05-31,growth_champion_v2,0.0032622039154007,0.4704847002924281,0.5295152997075718,0.1288912015541796,"MSTR,MU,YPF,TCEHY",4,0.6,1.0,base cap 60%
2008-01-01,2024-05-24,2024-05-28,2024-06-04,growth_champion_v3,-0.0200339619567425,0.6,0.4,0.0308536851700666,"MSTR,MU,NVDA,YPF",4,0.6,1.0,SPY and QQQ above 200D MA
2008-01-01,2024-05-24,2024-05-28,2024-06-04,growth_champion_v2,-0.0200339619567425,0.6,0.4,0.0308536851700666,"MSTR,MU,NVDA,YPF",4,0.6,1.0,base cap 60%
2010-01-01,2024-05-24,2024-05-28,2024-06-04,growth_champion_v2,-0.0200339619567425,0.6,0.4,0.0307031974316989,"MSTR,MU,NVDA,YPF",4,0.6,1.0,base cap 60%
2010-01-01,2024-05-24,2024-05-28,2024-06-04,growth_champion_v3,-0.0200339619567425,0.6,0.4,0.0307031974316989,"MSTR,MU,NVDA,YPF",4,0.6,1.0,SPY and QQQ above 200D MA
2022-01-03,2024-05-28,2024-05-29,2024-06-05,growth_champion_v2,0.0168726799753745,0.5963033778912662,0.4036966221087338,0.1509241555271834,"ASTS,MRNA,SE,MSTR",4,0.6,1.0,base cap 60%
2020-01-01,2024-05-28,2024-05-29,2024-06-05,growth_champion_v2,0.0169772776082961,0.6,0.4,0.15,"ASTS,MRNA,SE,MSTR",4,0.6,1.0,base cap 60%
2020-01-01,2024-05-28,2024-05-29,2024-06-05,growth_champion_v3,0.0169772776082961,0.6,0.4,0.15,"ASTS,MRNA,SE,MSTR",4,0.6,1.0,SPY and QQQ above 200D MA
2022-01-03,2024-05-28,2024-05-29,2024-06-05,growth_champion_v3,0.0168726799753745,0.5963033778912662,0.4036966221087338,0.1509241555271834,"ASTS,MRNA,SE,MSTR",4,0.6,1.0,SPY and QQQ above 200D MA
2015-01-01,2024-05-30,2024-05-31,2024-06-07,growth_champion_v2,0.0043532904790647,0.6,0.4,0.1823788249268929,"MSTR,NVDA,TCEHY,YPF",4,0.6,1.0,base cap 60%
2015-01-01,2024-05-30,2024-05-31,2024-06-07,growth_champion_v3,0.0043532904790647,0.6,0.4,0.1823788249268929,"MSTR,NVDA,TCEHY,YPF",4,0.6,1.0,SPY and QQQ above 200D MA
2008-01-01,2024-06-03,2024-06-04,2024-06-11,growth_champion_v3,0.0080633910034242,0.6,0.4,0.0,"MSTR,NVDA,YPF,MU",4,0.6,1.0,SPY and QQQ above 200D MA
2010-01-01,2024-06-03,2024-06-04,2024-06-11,growth_champion_v3,0.0080633910034242,0.6,0.4,0.0,"MSTR,NVDA,YPF,MU",4,0.6,1.0,SPY and QQQ above 200D MA
2008-01-01,2024-06-03,2024-06-04,2024-06-11,growth_champion_v2,0.0080633910034242,0.6,0.4,0.0,"MSTR,NVDA,YPF,MU",4,0.6,1.0,base cap 60%
2010-01-01,2024-06-03,2024-06-04,2024-06-11,growth_champion_v2,0.0080633910034242,0.6,0.4,0.0,"MSTR,NVDA,YPF,MU",4,0.6,1.0,base cap 60%
2020-01-01,2024-06-04,2024-06-05,2024-06-12,growth_champion_v3,0.0073983768585486,0.6,0.4,0.0,"ASTS,MRNA,SE,MSTR",4,0.6,1.0,SPY and QQQ above 200D MA
2020-01-01,2024-06-04,2024-06-05,2024-06-12,growth_champion_v2,0.0073983768585486,0.6,0.4,0.0,"ASTS,MRNA,SE,MSTR",4,0.6,1.0,base cap 60%
2022-01-03,2024-06-04,2024-06-05,2024-06-12,growth_champion_v2,0.0073983768585486,0.6,0.4,0.0018483110543668,"ASTS,MRNA,SE,MSTR",4,0.6,1.0,base cap 60%
2022-01-03,2024-06-04,2024-06-05,2024-06-12,growth_champion_v3,0.0073983768585486,0.6,0.4,0.0018483110543668,"ASTS,MRNA,SE,MSTR",4,0.6,1.0,SPY and QQQ above 200D MA
2015-01-01,2024-06-06,2024-06-07,2024-06-14,growth_champion_v3,0.0225735277930179,0.6,0.4,0.15,"NVDA,MU,YPF,MSTR",4,0.6,1.0,SPY and QQQ above 200D MA
2015-01-01,2024-06-06,2024-06-07,2024-06-14,growth_champion_v2,0.0225735277930179,0.6,0.4,0.15,"NVDA,MU,YPF,MSTR",4,0.6,1.0,base cap 60%
2008-01-01,2024-06-10,2024-06-11,2024-06-18,growth_champion_v3,0.0357881907951722,0.6,0.4,0.0,"NVDA,MU,MSTR,YPF",4,0.6,1.0,SPY and QQQ above 200D MA
2010-01-01,2024-06-10,2024-06-11,2024-06-18,growth_champion_v3,0.0357881907951722,0.6,0.4,0.0,"NVDA,MU,MSTR,YPF",4,0.6,1.0,SPY and QQQ above 200D MA
2008-01-01,2024-06-10,2024-06-11,2024-06-18,growth_champion_v2,0.0357881907951722,0.6,0.4,0.0,"NVDA,MU,MSTR,YPF",4,0.6,1.0,base cap 60%
2010-01-01,2024-06-10,2024-06-11,2024-06-18,growth_champion_v2,0.0357881907951722,0.6,0.4,0.0,"NVDA,MU,MSTR,YPF",4,0.6,1.0,base cap 60%
2022-01-03,2024-06-11,2024-06-12,2024-06-20,growth_champion_v2,-0.0158556620696833,0.6,0.4,0.15,"ASTS,JMIA,SE,MSTR",4,0.6,1.0,base cap 60%
2020-01-01,2024-06-11,2024-06-12,2024-06-20,growth_champion_v2,-0.0158556620696833,0.6,0.4,0.15,"ASTS,JMIA,SE,MSTR",4,0.6,1.0,base cap 60%
2020-01-01,2024-06-11,2024-06-12,2024-06-20,growth_champion_v3,-0.0158556620696833,0.6,0.4,0.15,"ASTS,JMIA,SE,MSTR",4,0.6,1.0,SPY and QQQ above 200D MA
2022-01-03,2024-06-11,2024-06-12,2024-06-20,growth_champion_v3,-0.0158556620696833,0.6,0.4,0.15,"ASTS,JMIA,SE,MSTR",4,0.6,1.0,SPY and QQQ above 200D MA
2015-01-01,2024-06-13,2024-06-14,2024-06-24,growth_champion_v3,-0.0313216516510117,0.6,0.4,0.0,"NVDA,MU,MSTR,YPF",4,0.6,1.0,SPY and QQQ above 200D MA
2015-01-01,2024-06-13,2024-06-14,2024-06-24,growth_champion_v2,-0.0313216516510117,0.6,0.4,0.0,"NVDA,MU,MSTR,YPF",4,0.6,1.0,base cap 60%
2010-01-01,2024-06-17,2024-06-18,2024-06-26,growth_champion_v3,-0.050793560822182,0.6,0.4,0.3,"NVDA,AVGO,MU",3,0.6,1.0,SPY and QQQ above 200D MA
2008-01-01,2024-06-17,2024-06-18,2024-06-26,growth_champion_v2,-0.0419940660819409,0.6,0.4,0.3,"NVDA,MU",2,0.6,1.0,base cap 60%
2010-01-01,2024-06-17,2024-06-18,2024-06-26,growth_champion_v2,-0.050793560822182,0.6,0.4,0.3,"NVDA,AVGO,MU",3,0.6,1.0,base cap 60%
2008-01-01,2024-06-17,2024-06-18,2024-06-26,growth_champion_v3,-0.0419940660819409,0.6,0.4,0.3,"NVDA,MU",2,0.6,1.0,SPY and QQQ above 200D MA
2022-01-03,2024-06-18,2024-06-20,2024-06-27,growth_champion_v3,-0.0376728563398549,0.6,0.4,0.15,"ASTS,KEEL,JMIA,SE",4,0.6,1.0,SPY and QQQ above 200D MA
2020-01-01,2024-06-18,2024-06-20,2024-06-27,growth_champion_v3,-0.0376728563398549,0.6,0.4,0.15,"ASTS,KEEL,JMIA,SE",4,0.6,1.0,SPY and QQQ above 200D MA
2020-01-01,2024-06-18,2024-06-20,2024-06-27,growth_champion_v2,-0.0376728563398549,0.6,0.4,0.15,"ASTS,KEEL,JMIA,SE",4,0.6,1.0,base cap 60%
2022-01-03,2024-06-18,2024-06-20,2024-06-27,growth_champion_v2,-0.0376728563398549,0.6,0.4,0.15,"ASTS,KEEL,JMIA,SE",4,0.6,1.0,base cap 60%
2015-01-01,2024-06-21,2024-06-24,2024-07-01,growth_champion_v3,0.0058090724634731,0.6,0.4,0.3,"NVDA,AVGO,MU",3,0.6,1.0,SPY and QQQ above 200D MA
2015-01-01,2024-06-21,2024-06-24,2024-07-01,growth_champion_v2,0.0058090724634731,0.6,0.4,0.3,"NVDA,AVGO,MU",3,0.6,1.0,base cap 60%
2010-01-01,2024-06-25,2024-06-26,2024-07-03,growth_champion_v2,0.0184062588622434,0.6,0.4,0.1499999999999999,"NVDA,TSM,MU,AVGO",4,0.6,1.0,base cap 60%
2008-01-01,2024-06-25,2024-06-26,2024-07-03,growth_champion_v3,0.0073029960840232,0.6,0.4,0.2,"NVDA,TSM,MU",3,0.6,1.0,SPY and QQQ above 200D MA
2010-01-01,2024-06-25,2024-06-26,2024-07-03,growth_champion_v3,0.0184062588622434,0.6,0.4,0.1499999999999999,"NVDA,TSM,MU,AVGO",4,0.6,1.0,SPY and QQQ above 200D MA
2008-01-01,2024-06-25,2024-06-26,2024-07-03,growth_champion_v2,0.0073029960840232,0.6,0.4,0.2,"NVDA,TSM,MU",3,0.6,1.0,base cap 60%
2022-01-03,2024-06-26,2024-06-27,2024-07-05,growth_champion_v2,0.0401520297130494,0.6,0.4,0.15,"ASTS,SNAP,KEEL,JMIA",4,0.6,1.0,base cap 60%
2022-01-03,2024-06-26,2024-06-27,2024-07-05,growth_champion_v3,0.0401520297130494,0.6,0.4,0.15,"ASTS,SNAP,KEEL,JMIA",4,0.6,1.0,SPY and QQQ above 200D MA
2020-01-01,2024-06-26,2024-06-27,2024-07-05,growth_champion_v3,0.0401520297130494,0.6,0.4,0.15,"ASTS,SNAP,KEEL,JMIA",4,0.6,1.0,SPY and QQQ above 200D MA
2020-01-01,2024-06-26,2024-06-27,2024-07-05,growth_champion_v2,0.0401520297130494,0.6,0.4,0.15,"ASTS,SNAP,KEEL,JMIA",4,0.6,1.0,base cap 60%
2015-01-01,2024-06-28,2024-07-01,2024-07-09,growth_champion_v3,0.0146215656158628,0.6,0.4,0.1499999999999999,"NVDA,PANW,MU,AVGO",4,0.6,1.0,SPY and QQQ above 200D MA
2015-01-01,2024-06-28,2024-07-01,2024-07-09,growth_champion_v2,0.0146215656158628,0.6,0.4,0.1499999999999999,"NVDA,PANW,MU,AVGO",4,0.6,1.0,base cap 60%
2010-01-01,2024-07-02,2024-07-03,2024-07-11,growth_champion_v3,-0.0084953682082487,0.6,0.4,0.0,"NVDA,AVGO,TSM,MU",4,0.6,1.0,SPY and QQQ above 200D MA
2008-01-01,2024-07-02,2024-07-03,2024-07-11,growth_champion_v3,-0.0024010046107507,0.6,0.4,0.1499999999999999,"NVDA,AAPL,TSM,MU",4,0.6,1.0,SPY and QQQ above 200D MA
2008-01-01,2024-07-02,2024-07-03,2024-07-11,growth_champion_v2,-0.0024010046107507,0.6,0.4,0.1499999999999999,"NVDA,AAPL,TSM,MU",4,0.6,1.0,base cap 60%
2010-01-01,2024-07-02,2024-07-03,2024-07-11,growth_champion_v2,-0.0084953682082487,0.6,0.4,0.0,"NVDA,AVGO,TSM,MU",4,0.6,1.0,base cap 60%
2020-01-01,2024-07-03,2024-07-05,2024-07-12,growth_champion_v2,0.0792893721835896,0.6,0.4,0.15,"ASTS,TSLA,KEEL,JMIA",4,0.6,1.0,base cap 60%
2022-01-03,2024-07-03,2024-07-05,2024-07-12,growth_champion_v2,0.0792893721835896,0.6,0.4,0.15,"ASTS,TSLA,KEEL,JMIA",4,0.6,1.0,base cap 60%
2020-01-01,2024-07-03,2024-07-05,2024-07-12,growth_champion_v3,0.0792893721835896,0.6,0.4,0.15,"ASTS,TSLA,KEEL,JMIA",4,0.6,1.0,SPY and QQQ above 200D MA
2022-01-03,2024-07-03,2024-07-05,2024-07-12,growth_champion_v3,0.0792893721835896,0.6,0.4,0.15,"ASTS,TSLA,KEEL,JMIA",4,0.6,1.0,SPY and QQQ above 200D MA
2015-01-01,2024-07-08,2024-07-09,2024-07-16,growth_champion_v2,-0.0114147790165174,0.6,0.4,0.15,"TSLA,NVDA,AVGO,PANW",4,0.6,1.0,base cap 60%
2015-01-01,2024-07-08,2024-07-09,2024-07-16,growth_champion_v3,-0.0114147790165174,0.6,0.4,0.15,"TSLA,NVDA,AVGO,PANW",4,0.6,1.0,SPY and QQQ above 200D MA
2010-01-01,2024-07-10,2024-07-11,2024-07-18,growth_champion_v2,-0.0346522783526546,0.6,0.4,0.15,"NVDA,AAPL,TSM,MU",4,0.6,1.0,base cap 60%
2008-01-01,2024-07-10,2024-07-11,2024-07-18,growth_champion_v2,-0.0346522783526546,0.6,0.4,0.0,"NVDA,AAPL,TSM,MU",4,0.6,1.0,base cap 60%
2010-01-01,2024-07-10,2024-07-11,2024-07-18,growth_champion_v3,-0.0346522783526546,0.6,0.4,0.15,"NVDA,AAPL,TSM,MU",4,0.6,1.0,SPY and QQQ above 200D MA
2008-01-01,2024-07-10,2024-07-11,2024-07-18,growth_champion_v3,-0.0346522783526546,0.6,0.4,0.0,"NVDA,AAPL,TSM,MU",4,0.6,1.0,SPY and QQQ above 200D MA
2020-01-01,2024-07-11,2024-07-12,2024-07-19,growth_champion_v3,0.0011123633998077,0.6,0.4,0.0,"ASTS,JMIA,TSLA,KEEL",4,0.6,1.0,SPY and QQQ above 200D MA
2020-01-01,2024-07-11,2024-07-12,2024-07-19,growth_champion_v2,0.0011123633998077,0.6,0.4,0.0,"ASTS,JMIA,TSLA,KEEL",4,0.6,1.0,base cap 60%
2022-01-03,2024-07-11,2024-07-12,2024-07-19,growth_champion_v2,0.0011123633998077,0.6,0.4,0.0,"ASTS,JMIA,TSLA,KEEL",4,0.6,1.0,base cap 60%
2022-01-03,2024-07-11,2024-07-12,2024-07-19,growth_champion_v3,0.0011123633998077,0.6,0.4,0.0,"ASTS,JMIA,TSLA,KEEL",4,0.6,1.0,SPY and QQQ above 200D MA
2015-01-01,2024-07-15,2024-07-16,2024-07-23,growth_champion_v2,-0.0148227071004691,0.6,0.4,0.15,"TSLA,SIRI,NVDA,PANW",4,0.6,1.0,base cap 60%
2015-01-01,2024-07-15,2024-07-16,2024-07-23,growth_champion_v3,-0.0148227071004691,0.6,0.4,0.15,"TSLA,SIRI,NVDA,PANW",4,0.6,1.0,SPY and QQQ above 200D MA
2010-01-01,2024-07-17,2024-07-18,2024-07-25,growth_champion_v3,-0.005562665022519,0.6,0.4,0.15,"SIRI,NVDA,AAPL,TSM",4,0.6,1.0,SPY and QQQ above 200D MA
2008-01-01,2024-07-17,2024-07-18,2024-07-25,growth_champion_v2,-0.005562665022519,0.6,0.4,0.15,"SIRI,NVDA,AAPL,TSM",4,0.6,1.0,base cap 60%
2008-01-01,2024-07-17,2024-07-18,2024-07-25,growth_champion_v3,-0.005562665022519,0.6,0.4,0.15,"SIRI,NVDA,AAPL,TSM",4,0.6,1.0,SPY and QQQ above 200D MA
2010-01-01,2024-07-17,2024-07-18,2024-07-25,growth_champion_v2,-0.005562665022519,0.6,0.4,0.15,"SIRI,NVDA,AAPL,TSM",4,0.6,1.0,base cap 60%
2020-01-01,2024-07-18,2024-07-19,2024-07-26,growth_champion_v3,0.0601297587761584,0.6,0.4,0.0,"ASTS,JMIA,TSLA,KEEL",4,0.6,1.0,SPY and QQQ above 200D MA
2020-01-01,2024-07-18,2024-07-19,2024-07-26,growth_champion_v2,0.0601297587761584,0.6,0.4,0.0,"ASTS,JMIA,TSLA,KEEL",4,0.6,1.0,base cap 60%
2022-01-03,2024-07-18,2024-07-19,2024-07-26,growth_champion_v2,0.0601297587761584,0.6,0.4,0.0,"ASTS,JMIA,TSLA,KEEL",4,0.6,1.0,base cap 60%
2022-01-03,2024-07-18,2024-07-19,2024-07-26,growth_champion_v3,0.0601297587761584,0.6,0.4,0.0,"ASTS,JMIA,TSLA,KEEL",4,0.6,1.0,SPY and QQQ above 200D MA
2015-01-01,2024-07-22,2024-07-23,2024-07-30,growth_champion_v2,-0.0558649778361906,0.6,0.4,0.15,"TSLA,MSTR,NVDA,PANW",4,0.6,1.0,base cap 60%
2015-01-01,2024-07-22,2024-07-23,2024-07-30,growth_champion_v3,-0.0558649778361906,0.6,0.4,0.15,"TSLA,MSTR,NVDA,PANW",4,0.6,1.0,SPY and QQQ above 200D MA
2008-01-01,2024-07-24,2024-07-25,2024-08-01,growth_champion_v2,-0.0366069781999123,0.6,0.4,0.15,"SIRI,MSTR,AAPL,TSM",4,0.6,1.0,base cap 60%
2010-01-01,2024-07-24,2024-07-25,2024-08-01,growth_champion_v3,-0.0366069781999123,0.6,0.4,0.15,"SIRI,MSTR,AAPL,TSM",4,0.6,1.0,SPY and QQQ above 200D MA
2010-01-01,2024-07-24,2024-07-25,2024-08-01,growth_champion_v2,-0.0366069781999123,0.6,0.4,0.15,"SIRI,MSTR,AAPL,TSM",4,0.6,1.0,base cap 60%
2008-01-01,2024-07-24,2024-07-25,2024-08-01,growth_champion_v3,-0.0366069781999123,0.6,0.4,0.15,"SIRI,MSTR,AAPL,TSM",4,0.6,1.0,SPY and QQQ above 200D MA
2022-01-03,2024-07-25,2024-07-26,2024-08-02,growth_champion_v2,-0.0669394598952178,0.6,0.4,0.0,"ASTS,JMIA,TSLA,KEEL",4,0.6,1.0,base cap 60%
2022-01-03,2024-07-25,2024-07-26,2024-08-02,growth_champion_v3,-0.0669394598952178,0.6,0.4,0.0,"ASTS,JMIA,TSLA,KEEL",4,0.6,1.0,SPY and QQQ above 200D MA
2020-01-01,2024-07-25,2024-07-26,2024-08-02,growth_champion_v3,-0.0669394598952178,0.6,0.4,0.0,"ASTS,JMIA,TSLA,KEEL",4,0.6,1.0,SPY and QQQ above 200D MA
2020-01-01,2024-07-25,2024-07-26,2024-08-02,growth_champion_v2,-0.0669394598952178,0.6,0.4,0.0,"ASTS,JMIA,TSLA,KEEL",4,0.6,1.0,base cap 60%
2015-01-01,2024-07-29,2024-07-30,2024-08-06,growth_champion_v3,-0.0463147455375428,0.6,0.4,0.15,"MSTR,CHTR,TSLA,NVDA",4,0.6,1.0,SPY and QQQ above 200D MA
2015-01-01,2024-07-29,2024-07-30,2024-08-06,growth_champion_v2,-0.0463147455375428,0.6,0.4,0.15,"MSTR,CHTR,TSLA,NVDA",4,0.6,1.0,base cap 60%
2010-01-01,2024-07-31,2024-08-01,2024-08-08,growth_champion_v2,-0.0214031365553658,0.6,0.4,0.15,"MSTR,BKR,AAPL,TSM",4,0.6,1.0,base cap 60%
2010-01-01,2024-07-31,2024-08-01,2024-08-08,growth_champion_v3,-0.0214031365553658,0.6,0.4,0.15,"MSTR,BKR,AAPL,TSM",4,0.6,1.0,SPY and QQQ above 200D MA
2008-01-01,2024-07-31,2024-08-01,2024-08-08,growth_champion_v3,-0.0214031365553658,0.6,0.4,0.15,"MSTR,BKR,AAPL,TSM",4,0.6,1.0,SPY and QQQ above 200D MA
2008-01-01,2024-07-31,2024-08-01,2024-08-08,growth_champion_v2,-0.0214031365553658,0.6,0.4,0.15,"MSTR,BKR,AAPL,TSM",4,0.6,1.0,base cap 60%
2022-01-03,2024-08-01,2024-08-02,2024-08-09,growth_champion_v2,-0.061953666793435,0.5934222659370095,0.4065777340629904,0.0032888670314952,"ASTS,JMIA,TSLA,KEEL",4,0.6,1.0,base cap 60%
2020-01-01,2024-08-01,2024-08-02,2024-08-09,growth_champion_v2,-0.0619548795039615,0.5934338818665552,0.4065661181334448,0.0032830590667223,"ASTS,JMIA,TSLA,KEEL",4,0.6,1.0,base cap 60%
2022-01-03,2024-08-01,2024-08-02,2024-08-09,growth_champion_v3,-0.061953666793435,0.5934222659370095,0.4065777340629904,0.0032888670314952,"ASTS,JMIA,TSLA,KEEL",4,0.6,1.0,SPY and QQQ above 200D MA
2020-01-01,2024-08-01,2024-08-02,2024-08-09,growth_champion_v3,-0.0619548795039615,0.5934338818665552,0.4065661181334448,0.0032830590667223,"ASTS,JMIA,TSLA,KEEL",4,0.6,1.0,SPY and QQQ above 200D MA
2015-01-01,2024-08-05,2024-08-06,2024-08-13,growth_champion_v3,-0.0026937620713116,0.6,0.4,0.3,"CHTR,GILD,MSTR",3,0.6,1.0,SPY and QQQ above 200D MA
2015-01-01,2024-08-05,2024-08-06,2024-08-13,growth_champion_v2,-0.0026937620713116,0.6,0.4,0.3,"CHTR,GILD,MSTR",3,0.6,1.0,base cap 60%
2010-01-01,2024-08-07,2024-08-08,2024-08-15,growth_champion_v3,0.0148270833529899,0.6,0.4,0.3,"FTNT,TMUS,AAPL,MSTR",4,0.6,1.0,SPY and QQQ above 200D MA
2008-01-01,2024-08-07,2024-08-08,2024-08-15,growth_champion_v2,0.0020379044016567,0.6,0.4,0.3,"TMUS,GILD,AAPL,MSTR",4,0.6,1.0,base cap 60%
2008-01-01,2024-08-07,2024-08-08,2024-08-15,growth_champion_v3,0.0020379044016567,0.6,0.4,0.3,"TMUS,GILD,AAPL,MSTR",4,0.6,1.0,SPY and QQQ above 200D MA
2010-01-01,2024-08-07,2024-08-08,2024-08-15,growth_champion_v2,0.0148270833529899,0.6,0.4,0.3,"FTNT,TMUS,AAPL,MSTR",4,0.6,1.0,base cap 60%
2022-01-03,2024-08-08,2024-08-09,2024-08-16,growth_champion_v3,0.0768708240193189,0.5432638998419129,0.4567361001580871,0.1608951580080265,"ASTS,CHTR,TSLA,KEEL",4,0.6,1.0,SPY and QQQ above 200D MA
2020-01-01,2024-08-08,2024-08-09,2024-08-16,growth_champion_v3,0.0768708866809033,0.5432643426858286,0.4567356573141714,0.1609008552618204,"ASTS,CHTR,TSLA,KEEL",4,0.6,1.0,SPY and QQQ above 200D MA
2020-01-01,2024-08-08,2024-08-09,2024-08-16,growth_champion_v2,0.0768708866809033,0.5432643426858286,0.4567356573141714,0.1609008552618204,"ASTS,CHTR,TSLA,KEEL",4,0.6,1.0,base cap 60%
2022-01-03,2024-08-08,2024-08-09,2024-08-16,growth_champion_v2,0.0768708240193189,0.5432638998419129,0.4567361001580871,0.1608951580080265,"ASTS,CHTR,TSLA,KEEL",4,0.6,1.0,base cap 60%
2015-01-01,2024-08-12,2024-08-13,2024-08-20,growth_champion_v3,0.0080432970435995,0.6,0.4,0.1999999999999999,"CHTR,FTNT,GILD",3,0.6,1.0,SPY and QQQ above 200D MA
2015-01-01,2024-08-12,2024-08-13,2024-08-20,growth_champion_v2,0.0080432970435995,0.6,0.4,0.1999999999999999,"CHTR,FTNT,GILD",3,0.6,1.0,base cap 60%
2010-01-01,2024-08-14,2024-08-15,2024-08-22,growth_champion_v3,0.0005055294997445,0.6,0.4,0.15,"SBUX,FTNT,AAPL,TMUS",4,0.6,1.0,SPY and QQQ above 200D MA
2008-01-01,2024-08-14,2024-08-15,2024-08-22,growth_champion_v2,0.0011051721368988,0.6,0.4,0.3,"SBUX,NVDA,AAPL,GILD",4,0.6,1.0,base cap 60%
2010-01-01,2024-08-14,2024-08-15,2024-08-22,growth_champion_v2,0.0005055294997445,0.6,0.4,0.15,"SBUX,FTNT,AAPL,TMUS",4,0.6,1.0,base cap 60%
2008-01-01,2024-08-14,2024-08-15,2024-08-22,growth_champion_v3,0.0011051721368988,0.6,0.4,0.3,"SBUX,NVDA,AAPL,GILD",4,0.6,1.0,SPY and QQQ above 200D MA
2020-01-01,2024-08-15,2024-08-16,2024-08-23,growth_champion_v3,0.00775128905989,0.5428713243334378,0.4571286756665622,0.1359143402595548,"ASTS,SBUX,TSLA,CHTR",4,0.6,1.0,SPY and QQQ above 200D MA
2020-01-01,2024-08-15,2024-08-16,2024-08-23,growth_champion_v2,0.00775128905989,0.5428713243334378,0.4571286756665622,0.1359143402595548,"ASTS,SBUX,TSLA,CHTR",4,0.6,1.0,base cap 60%
2022-01-03,2024-08-15,2024-08-16,2024-08-23,growth_champion_v3,0.0076129698415706,0.5428708772727504,0.4571291227272496,0.1359142306027688,"ASTS,PLTR,TSLA,CHTR",4,0.6,1.0,SPY and QQQ above 200D MA
2022-01-03,2024-08-15,2024-08-16,2024-08-23,growth_champion_v2,0.0076129698415706,0.5428708772727504,0.4571291227272496,0.1359142306027688,"ASTS,PLTR,TSLA,CHTR",4,0.6,1.0,base cap 60%
2015-01-01,2024-08-19,2024-08-20,2024-08-27,growth_champion_v2,0.0097390618875254,0.6,0.4,0.3,"ILMN,NVDA,CHTR,GILD",4,0.6,1.0,base cap 60%
2015-01-01,2024-08-19,2024-08-20,2024-08-27,growth_champion_v3,0.0097390618875254,0.6,0.4,0.3,"ILMN,NVDA,CHTR,GILD",4,0.6,1.0,SPY and QQQ above 200D MA
2008-01-01,2024-08-21,2024-08-22,2024-08-29,growth_champion_v2,0.0051635909555603,0.6,0.4,0.15,"ILMN,SBUX,AAPL,NVDA",4,0.6,1.0,base cap 60%
2010-01-01,2024-08-21,2024-08-22,2024-08-29,growth_champion_v2,0.0162031161040403,0.6,0.4,0.15,"FTNT,ILMN,AAPL,SBUX",4,0.6,1.0,base cap 60%
2008-01-01,2024-08-21,2024-08-22,2024-08-29,growth_champion_v3,0.0051635909555603,0.6,0.4,0.15,"ILMN,SBUX,AAPL,NVDA",4,0.6,1.0,SPY and QQQ above 200D MA
2010-01-01,2024-08-21,2024-08-22,2024-08-29,growth_champion_v3,0.0162031161040403,0.6,0.4,0.15,"FTNT,ILMN,AAPL,SBUX",4,0.6,1.0,SPY and QQQ above 200D MA
2020-01-01,2024-08-22,2024-08-23,2024-08-30,growth_champion_v2,-0.0182031176025674,0.6,0.4,0.1642821689166405,"ASTS,FTNT,TSLA,CHTR",4,0.6,1.0,base cap 60%
2020-01-01,2024-08-22,2024-08-23,2024-08-30,growth_champion_v3,-0.0182031176025674,0.6,0.4,0.1642821689166405,"ASTS,FTNT,TSLA,CHTR",4,0.6,1.0,SPY and QQQ above 200D MA
2022-01-03,2024-08-22,2024-08-23,2024-08-30,growth_champion_v3,-0.0370481071621366,0.6,0.4,0.1642822806818124,"ASTS,RKLB,TSLA,CHTR",4,0.6,1.0,SPY and QQQ above 200D MA
2022-01-03,2024-08-22,2024-08-23,2024-08-30,growth_champion_v2,-0.0370481071621366,0.6,0.4,0.1642822806818124,"ASTS,RKLB,TSLA,CHTR",4,0.6,1.0,base cap 60%
2015-01-01,2024-08-26,2024-08-27,2024-09-04,growth_champion_v3,-0.0456992873396387,0.6,0.4,0.3,"FTNT,SBUX,CHTR,NVDA",4,0.6,1.0,SPY and QQQ above 200D MA
2015-01-01,2024-08-26,2024-08-27,2024-09-04,growth_champion_v2,-0.0456992873396387,0.6,0.4,0.3,"FTNT,SBUX,CHTR,NVDA",4,0.6,1.0,base cap 60%
2008-01-01,2024-08-28,2024-08-29,2024-09-06,growth_champion_v3,-0.0410784901789644,0.6,0.4,0.0,"ILMN,SBUX,AAPL,NVDA",4,0.6,1.0,SPY and QQQ above 200D MA
2008-01-01,2024-08-28,2024-08-29,2024-09-06,growth_champion_v2,-0.0410784901789644,0.6,0.4,0.0,"ILMN,SBUX,AAPL,NVDA",4,0.6,1.0,base cap 60%
2010-01-01,2024-08-28,2024-08-29,2024-09-06,growth_champion_v3,-0.0244333807275263,0.6,0.4,0.0,"FTNT,ILMN,AAPL,SBUX",4,0.6,1.0,SPY and QQQ above 200D MA
2010-01-01,2024-08-28,2024-08-29,2024-09-06,growth_champion_v2,-0.0244333807275263,0.6,0.4,0.0,"FTNT,ILMN,AAPL,SBUX",4,0.6,1.0,base cap 60%
2020-01-01,2024-08-29,2024-08-30,2024-09-09,growth_champion_v2,-0.0274448149597695,0.6,0.4,0.0,"ASTS,FTNT,TSLA,CHTR",4,0.6,1.0,base cap 60%
2022-01-03,2024-08-29,2024-08-30,2024-09-09,growth_champion_v3,-0.0274066437518944,0.6,0.4,0.0,"ASTS,RKLB,TSLA,CHTR",4,0.6,1.0,SPY and QQQ above 200D MA
2022-01-03,2024-08-29,2024-08-30,2024-09-09,growth_champion_v2,-0.0274066437518944,0.6,0.4,0.0,"ASTS,RKLB,TSLA,CHTR",4,0.6,1.0,base cap 60%
2020-01-01,2024-08-29,2024-08-30,2024-09-09,growth_champion_v3,-0.0274448149597695,0.6,0.4,0.0,"ASTS,FTNT,TSLA,CHTR",4,0.6,1.0,SPY and QQQ above 200D MA
2015-01-01,2024-09-03,2024-09-04,2024-09-11,growth_champion_v3,0.005450385783833,0.6,0.4,0.15,"FTNT,WDAY,CHTR,SBUX",4,0.6,1.0,SPY and QQQ above 200D MA
2015-01-01,2024-09-03,2024-09-04,2024-09-11,growth_champion_v2,0.005450385783833,0.6,0.4,0.15,"FTNT,WDAY,CHTR,SBUX",4,0.6,1.0,base cap 60%
2008-01-01,2024-09-05,2024-09-06,2024-09-13,growth_champion_v2,0.023390671781605,0.6,0.4,0.3,"MELI,YPF,AAPL,SBUX",4,0.6,1.0,base cap 60%
2008-01-01,2024-09-05,2024-09-06,2024-09-13,growth_champion_v3,0.023390671781605,0.6,0.4,0.3,"MELI,YPF,AAPL,SBUX",4,0.6,1.0,SPY and QQQ above 200D MA
2010-01-01,2024-09-05,2024-09-06,2024-09-13,growth_champion_v3,0.023390671781605,0.6,0.4,0.3,"MELI,YPF,AAPL,SBUX",4,0.6,1.0,SPY and QQQ above 200D MA
2010-01-01,2024-09-05,2024-09-06,2024-09-13,growth_champion_v2,0.023390671781605,0.6,0.4,0.3,"MELI,YPF,AAPL,SBUX",4,0.6,1.0,base cap 60%
2022-01-03,2024-09-06,2024-09-09,2024-09-16,growth_champion_v2,0.0684469165095059,0.6,0.4,0.0,"ASTS,RKLB,TSLA,CHTR",4,0.6,1.0,base cap 60%
2020-01-01,2024-09-06,2024-09-09,2024-09-16,growth_champion_v3,0.0402143029515884,0.6,0.4,0.15,"ASTS,MDB,TSLA,CHTR",4,0.6,1.0,SPY and QQQ above 200D MA
2022-01-03,2024-09-06,2024-09-09,2024-09-16,growth_champion_v3,0.0684469165095059,0.6,0.4,0.0,"ASTS,RKLB,TSLA,CHTR",4,0.6,1.0,SPY and QQQ above 200D MA
2020-01-01,2024-09-06,2024-09-09,2024-09-16,growth_champion_v2,0.0402143029515884,0.6,0.4,0.15,"ASTS,MDB,TSLA,CHTR",4,0.6,1.0,base cap 60%
2015-01-01,2024-09-10,2024-09-11,2024-09-18,growth_champion_v2,-0.0042890421426884,0.6,0.4,0.15,"WDAY,GILD,SBUX,FTNT",4,0.6,1.0,base cap 60%
2015-01-01,2024-09-10,2024-09-11,2024-09-18,growth_champion_v3,-0.0042890421426884,0.6,0.4,0.15,"WDAY,GILD,SBUX,FTNT",4,0.6,1.0,SPY and QQQ above 200D MA
2008-01-01,2024-09-12,2024-09-13,2024-09-20,growth_champion_v3,0.0007387198297197,0.6,0.4,0.15,"MELI,GILD,AAPL,SBUX",4,0.6,1.0,SPY and QQQ above 200D MA
2010-01-01,2024-09-12,2024-09-13,2024-09-20,growth_champion_v2,0.0007387198297197,0.6,0.4,0.15,"MELI,GILD,AAPL,SBUX",4,0.6,1.0,base cap 60%
2010-01-01,2024-09-12,2024-09-13,2024-09-20,growth_champion_v3,0.0007387198297197,0.6,0.4,0.15,"MELI,GILD,AAPL,SBUX",4,0.6,1.0,SPY and QQQ above 200D MA
2008-01-01,2024-09-12,2024-09-13,2024-09-20,growth_champion_v2,0.0007387198297197,0.6,0.4,0.15,"MELI,GILD,AAPL,SBUX",4,0.6,1.0,base cap 60%
2022-01-03,2024-09-13,2024-09-16,2024-09-23,growth_champion_v2,-0.0020740883343548,0.5804319196817083,0.4195680803182917,0.0097840401591458,"ASTS,RKLB,TSLA,CHTR",4,0.6,1.0,base cap 60%
2020-01-01,2024-09-13,2024-09-16,2024-09-23,growth_champion_v3,-0.0114773288674403,0.6,0.4,0.0,"ASTS,MDB,CHTR,TSLA",4,0.6,1.0,SPY and QQQ above 200D MA
2020-01-01,2024-09-13,2024-09-16,2024-09-23,growth_champion_v2,-0.0114773288674403,0.6,0.4,0.0,"ASTS,MDB,CHTR,TSLA",4,0.6,1.0,base cap 60%
2022-01-03,2024-09-13,2024-09-16,2024-09-23,growth_champion_v3,-0.0020740883343548,0.5804319196817083,0.4195680803182917,0.0097840401591458,"ASTS,RKLB,TSLA,CHTR",4,0.6,1.0,SPY and QQQ above 200D MA
2015-01-01,2024-09-17,2024-09-18,2024-09-25,growth_champion_v3,0.002061285799416,0.6,0.4,0.15,"MELI,FTNT,WDAY,SBUX",4,0.6,1.0,SPY and QQQ above 200D MA
2015-01-01,2024-09-17,2024-09-18,2024-09-25,growth_champion_v2,0.002061285799416,0.6,0.4,0.15,"MELI,FTNT,WDAY,SBUX",4,0.6,1.0,base cap 60%
2010-01-01,2024-09-19,2024-09-20,2024-09-27,growth_champion_v2,-0.0015970059297313,0.6,0.4,0.0,"MELI,GILD,AAPL,SBUX",4,0.6,1.0,base cap 60%
2010-01-01,2024-09-19,2024-09-20,2024-09-27,growth_champion_v3,-0.0015970059297313,0.6,0.4,0.0,"MELI,GILD,AAPL,SBUX",4,0.6,1.0,SPY and QQQ above 200D MA
2008-01-01,2024-09-19,2024-09-20,2024-09-27,growth_champion_v2,-0.0015970059297313,0.6,0.4,0.0,"MELI,GILD,AAPL,SBUX",4,0.6,1.0,base cap 60%
2008-01-01,2024-09-19,2024-09-20,2024-09-27,growth_champion_v3,-0.0015970059297313,0.6,0.4,0.0,"MELI,GILD,AAPL,SBUX",4,0.6,1.0,SPY and QQQ above 200D MA
2020-01-01,2024-09-20,2024-09-23,2024-09-30,growth_champion_v2,-0.0102084714046026,0.6,0.4,0.15,"ASTS,PYPL,MDB,CHTR",4,0.6,1.0,base cap 60%
2022-01-03,2024-09-20,2024-09-23,2024-09-30,growth_champion_v2,-0.0019899736062876,0.6,0.4,0.1548920200795729,"ASTS,PLTR,TSLA,CHTR",4,0.6,1.0,base cap 60%
2020-01-01,2024-09-20,2024-09-23,2024-09-30,growth_champion_v3,-0.0102084714046026,0.6,0.4,0.15,"ASTS,PYPL,MDB,CHTR",4,0.6,1.0,SPY and QQQ above 200D MA
2022-01-03,2024-09-20,2024-09-23,2024-09-30,growth_champion_v3,-0.0019899736062876,0.6,0.4,0.1548920200795729,"ASTS,PLTR,TSLA,CHTR",4,0.6,1.0,SPY and QQQ above 200D MA
2015-01-01,2024-09-24,2024-09-25,2024-10-02,growth_champion_v3,0.0239747031285377,0.6,0.4,0.3,"BABA,TSLA,WDAY,SBUX",4,0.6,1.0,SPY and QQQ above 200D MA
2015-01-01,2024-09-24,2024-09-25,2024-10-02,growth_champion_v2,0.0239747031285377,0.6,0.4,0.3,"BABA,TSLA,WDAY,SBUX",4,0.6,1.0,base cap 60%
2008-01-01,2024-09-26,2024-09-27,2024-10-04,growth_champion_v3,-0.0092139224996551,0.6,0.4,0.15,"MSTR,MELI,AAPL,SBUX",4,0.6,1.0,SPY and QQQ above 200D MA
2010-01-01,2024-09-26,2024-09-27,2024-10-04,growth_champion_v2,-0.0092139224996551,0.6,0.4,0.15,"MSTR,MELI,AAPL,SBUX",4,0.6,1.0,base cap 60%
2010-01-01,2024-09-26,2024-09-27,2024-10-04,growth_champion_v3,-0.0092139224996551,0.6,0.4,0.15,"MSTR,MELI,AAPL,SBUX",4,0.6,1.0,SPY and QQQ above 200D MA
2008-01-01,2024-09-26,2024-09-27,2024-10-04,growth_champion_v2,-0.0092139224996551,0.6,0.4,0.15,"MSTR,MELI,AAPL,SBUX",4,0.6,1.0,base cap 60%
2020-01-01,2024-09-27,2024-09-30,2024-10-07,growth_champion_v3,0.0031745583605791,0.6,0.4,0.15,"ASTS,BABA,MDB,CHTR",4,0.6,1.0,SPY and QQQ above 200D MA
2022-01-03,2024-09-27,2024-09-30,2024-10-07,growth_champion_v3,-0.0195820436860591,0.6,0.4,0.15,"RKLB,ASTS,TSLA,CHTR",4,0.6,1.0,SPY and QQQ above 200D MA
2020-01-01,2024-09-27,2024-09-30,2024-10-07,growth_champion_v2,0.0031745583605791,0.6,0.4,0.15,"ASTS,BABA,MDB,CHTR",4,0.6,1.0,base cap 60%
2022-01-03,2024-09-27,2024-09-30,2024-10-07,growth_champion_v2,-0.0195820436860591,0.6,0.4,0.15,"RKLB,ASTS,TSLA,CHTR",4,0.6,1.0,base cap 60%
2015-01-01,2024-10-01,2024-10-02,2024-10-09,growth_champion_v3,0.010021582632074,0.6,0.4,0.15,"BABA,MSTR,TSLA,WDAY",4,0.6,1.0,SPY and QQQ above 200D MA
2015-01-01,2024-10-01,2024-10-02,2024-10-09,growth_champion_v2,0.010021582632074,0.6,0.4,0.15,"BABA,MSTR,TSLA,WDAY",4,0.6,1.0,base cap 60%
2008-01-01,2024-10-03,2024-10-04,2024-10-11,growth_champion_v3,0.0521322559187513,0.6,0.4,0.1499999999999999,"MSTR,SBUX,MELI",3,0.6,1.0,SPY and QQQ above 200D MA
2008-01-01,2024-10-03,2024-10-04,2024-10-11,growth_champion_v2,0.0521322559187513,0.6,0.4,0.1499999999999999,"MSTR,SBUX,MELI",3,0.6,1.0,base cap 60%
2010-01-01,2024-10-03,2024-10-04,2024-10-11,growth_champion_v2,0.0521322559187513,0.6,0.4,0.1499999999999999,"MSTR,SBUX,MELI",3,0.6,1.0,base cap 60%
2010-01-01,2024-10-03,2024-10-04,2024-10-11,growth_champion_v3,0.0521322559187513,0.6,0.4,0.1499999999999999,"MSTR,SBUX,MELI",3,0.6,1.0,SPY and QQQ above 200D MA
2020-01-01,2024-10-04,2024-10-07,2024-10-14,growth_champion_v2,0.0093838732731386,0.6,0.4,0.0,"ASTS,BABA,MDB,CHTR",4,0.6,1.0,base cap 60%
2022-01-03,2024-10-04,2024-10-07,2024-10-14,growth_champion_v3,-0.0057920076813676,0.6,0.4,0.0,"RKLB,ASTS,TSLA,CHTR",4,0.6,1.0,SPY and QQQ above 200D MA
2022-01-03,2024-10-04,2024-10-07,2024-10-14,growth_champion_v2,-0.0057920076813676,0.6,0.4,0.0,"RKLB,ASTS,TSLA,CHTR",4,0.6,1.0,base cap 60%
2020-01-01,2024-10-04,2024-10-07,2024-10-14,growth_champion_v3,0.0093838732731386,0.6,0.4,0.0,"ASTS,BABA,MDB,CHTR",4,0.6,1.0,SPY and QQQ above 200D MA
2015-01-01,2024-10-08,2024-10-09,2024-10-16,growth_champion_v3,-0.0214810425546104,0.6,0.4,0.1499999999999999,"BABA,MSTR,TSLA",3,0.6,1.0,SPY and QQQ above 200D MA
2015-01-01,2024-10-08,2024-10-09,2024-10-16,growth_champion_v2,-0.0214810425546104,0.6,0.4,0.1499999999999999,"BABA,MSTR,TSLA",3,0.6,1.0,base cap 60%
2008-01-01,2024-10-10,2024-10-11,2024-10-18,growth_champion_v2,0.0040630585991973,0.6,0.4,0.1499999999999999,"MSTR,ILMN,SBUX,MELI",4,0.6,1.0,base cap 60%
2010-01-01,2024-10-10,2024-10-11,2024-10-18,growth_champion_v3,0.0002586819866925,0.6,0.4,0.1499999999999999,"FTNT,MSTR,SBUX,MELI",4,0.6,1.0,SPY and QQQ above 200D MA
2010-01-01,2024-10-10,2024-10-11,2024-10-18,growth_champion_v2,0.0002586819866925,0.6,0.4,0.1499999999999999,"FTNT,MSTR,SBUX,MELI",4,0.6,1.0,base cap 60%
2008-01-01,2024-10-10,2024-10-11,2024-10-18,growth_champion_v3,0.0040630585991973,0.6,0.4,0.1499999999999999,"MSTR,ILMN,SBUX,MELI",4,0.6,1.0,SPY and QQQ above 200D MA
2022-01-03,2024-10-11,2024-10-14,2024-10-21,growth_champion_v2,0.0719983600815506,0.6,0.4,0.3,"RKLB,ASTS",2,0.6,1.0,base cap 60%
2022-01-03,2024-10-11,2024-10-14,2024-10-21,growth_champion_v3,0.0719983600815506,0.6,0.4,0.3,"RKLB,ASTS",2,0.6,1.0,SPY and QQQ above 200D MA
2020-01-01,2024-10-11,2024-10-14,2024-10-21,growth_champion_v3,0.0093633975756292,0.6,0.4,0.15,"ASTS,MSTR,MDB,BABA",4,0.6,1.0,SPY and QQQ above 200D MA
2020-01-01,2024-10-11,2024-10-14,2024-10-21,growth_champion_v2,0.0093633975756292,0.6,0.4,0.15,"ASTS,MSTR,MDB,BABA",4,0.6,1.0,base cap 60%
2015-01-01,2024-10-15,2024-10-16,2024-10-23,growth_champion_v3,0.0080398038509927,0.6,0.4,0.1999999999999999,"FTNT,BABA,MSTR",3,0.6,1.0,SPY and QQQ above 200D MA
2015-01-01,2024-10-15,2024-10-16,2024-10-23,growth_champion_v2,0.0080398038509927,0.6,0.4,0.1999999999999999,"FTNT,BABA,MSTR",3,0.6,1.0,base cap 60%
2008-01-01,2024-10-17,2024-10-18,2024-10-25,growth_champion_v2,0.004621056377059,0.6,0.4,0.3,"CCJ,TSM,SBUX,MSTR",4,0.6,1.0,base cap 60%
2010-01-01,2024-10-17,2024-10-18,2024-10-25,growth_champion_v3,0.0012830963118871,0.6,0.4,0.15,"FTNT,CCJ,SBUX,MSTR",4,0.6,1.0,SPY and QQQ above 200D MA
2008-01-01,2024-10-17,2024-10-18,2024-10-25,growth_champion_v3,0.004621056377059,0.6,0.4,0.3,"CCJ,TSM,SBUX,MSTR",4,0.6,1.0,SPY and QQQ above 200D MA
2010-01-01,2024-10-17,2024-10-18,2024-10-25,growth_champion_v2,0.0012830963118871,0.6,0.4,0.15,"FTNT,CCJ,SBUX,MSTR",4,0.6,1.0,base cap 60%
2020-01-01,2024-10-18,2024-10-21,2024-10-28,growth_champion_v2,0.0186815336213617,0.6,0.4,0.0,"ASTS,MSTR,MDB,BABA",4,0.6,1.0,base cap 60%
2020-01-01,2024-10-18,2024-10-21,2024-10-28,growth_champion_v3,0.0186815336213617,0.6,0.4,0.0,"ASTS,MSTR,MDB,BABA",4,0.6,1.0,SPY and QQQ above 200D MA
2022-01-03,2024-10-18,2024-10-21,2024-10-28,growth_champion_v3,0.0130477981184356,0.6,0.4,0.2,"OKLO,RKLB,ASTS",3,0.6,1.0,SPY and QQQ above 200D MA
2022-01-03,2024-10-18,2024-10-21,2024-10-28,growth_champion_v2,0.0130477981184356,0.6,0.4,0.2,"OKLO,RKLB,ASTS",3,0.6,1.0,base cap 60%
2015-01-01,2024-10-22,2024-10-23,2024-10-30,growth_champion_v2,0.0285571714517518,0.6,0.4,0.0,"MSTR,FTNT,BABA",3,0.6,1.0,base cap 60%
2015-01-01,2024-10-22,2024-10-23,2024-10-30,growth_champion_v3,0.0285571714517518,0.6,0.4,0.0,"MSTR,FTNT,BABA",3,0.6,1.0,SPY and QQQ above 200D MA
2010-01-01,2024-10-24,2024-10-25,2024-11-01,growth_champion_v2,-0.0070315392993308,0.6,0.4,0.0,"MSTR,FTNT,CCJ,SBUX",4,0.6,1.0,base cap 60%
2008-01-01,2024-10-24,2024-10-25,2024-11-01,growth_champion_v3,-0.0163364354756055,0.6,0.4,0.15,"MSTR,TMUS,CCJ,TSM",4,0.6,1.0,SPY and QQQ above 200D MA
2010-01-01,2024-10-24,2024-10-25,2024-11-01,growth_champion_v3,-0.0070315392993308,0.6,0.4,0.0,"MSTR,FTNT,CCJ,SBUX",4,0.6,1.0,SPY and QQQ above 200D MA
2008-01-01,2024-10-24,2024-10-25,2024-11-01,growth_champion_v2,-0.0163364354756055,0.6,0.4,0.15,"MSTR,TMUS,CCJ,TSM",4,0.6,1.0,base cap 60%
2022-01-03,2024-10-25,2024-10-28,2024-11-04,growth_champion_v3,-0.0492163093013011,0.6,0.4,0.0,"OKLO,RKLB,ASTS",3,0.6,1.0,SPY and QQQ above 200D MA
2020-01-01,2024-10-25,2024-10-28,2024-11-04,growth_champion_v3,-0.0434509266172944,0.6,0.4,0.15,"MSTR,SE,MDB,ASTS",4,0.6,1.0,SPY and QQQ above 200D MA
2020-01-01,2024-10-25,2024-10-28,2024-11-04,growth_champion_v2,-0.0434509266172944,0.6,0.4,0.15,"MSTR,SE,MDB,ASTS",4,0.6,1.0,base cap 60%
2022-01-03,2024-10-25,2024-10-28,2024-11-04,growth_champion_v2,-0.0492163093013011,0.6,0.4,0.0,"OKLO,RKLB,ASTS",3,0.6,1.0,base cap 60%
2015-01-01,2024-10-29,2024-10-30,2024-11-06,growth_champion_v3,0.0216170511070106,0.6,0.4,0.1499999999999999,"MSTR,MRVL,FTNT,BABA",4,0.6,1.0,SPY and QQQ above 200D MA
2015-01-01,2024-10-29,2024-10-30,2024-11-06,growth_champion_v2,0.0216170511070106,0.6,0.4,0.1499999999999999,"MSTR,MRVL,FTNT,BABA",4,0.6,1.0,base cap 60%
2010-01-01,2024-10-31,2024-11-01,2024-11-08,growth_champion_v3,0.058033379460269,0.6,0.4,0.15,"MSTR,BKNG,CCJ,FTNT",4,0.6,1.0,SPY and QQQ above 200D MA
2010-01-01,2024-10-31,2024-11-01,2024-11-08,growth_champion_v2,0.058033379460269,0.6,0.4,0.15,"MSTR,BKNG,CCJ,FTNT",4,0.6,1.0,base cap 60%
2008-01-01,2024-10-31,2024-11-01,2024-11-08,growth_champion_v2,0.0392439210553847,0.6,0.4,0.15,"MSTR,BKNG,CCJ,TSM",4,0.6,1.0,base cap 60%
2008-01-01,2024-10-31,2024-11-01,2024-11-08,growth_champion_v3,0.0392439210553847,0.6,0.4,0.15,"MSTR,BKNG,CCJ,TSM",4,0.6,1.0,SPY and QQQ above 200D MA
2020-01-01,2024-11-01,2024-11-04,2024-11-11,growth_champion_v3,0.1142724764066689,0.6,0.4,0.15,"MSTR,TEAM,MDB,SE",4,0.6,1.0,SPY and QQQ above 200D MA
2022-01-03,2024-11-01,2024-11-04,2024-11-11,growth_champion_v3,0.098204585621122,0.6,0.4,0.0,"OKLO,RKLB,ASTS",3,0.6,1.0,SPY and QQQ above 200D MA
2020-01-01,2024-11-01,2024-11-04,2024-11-11,growth_champion_v2,0.1142724764066689,0.6,0.4,0.15,"MSTR,TEAM,MDB,SE",4,0.6,1.0,base cap 60%
2022-01-03,2024-11-01,2024-11-04,2024-11-11,growth_champion_v2,0.098204585621122,0.6,0.4,0.0,"OKLO,RKLB,ASTS",3,0.6,1.0,base cap 60%
2015-01-01,2024-11-05,2024-11-06,2024-11-13,growth_champion_v3,0.06434821964083,0.6,0.4,0.0,"MSTR,MRVL,FTNT,BABA",4,0.6,1.0,SPY and QQQ above 200D MA
2015-01-01,2024-11-05,2024-11-06,2024-11-13,growth_champion_v2,0.06434821964083,0.6,0.4,0.0,"MSTR,MRVL,FTNT,BABA",4,0.6,1.0,base cap 60%
2010-01-01,2024-11-07,2024-11-08,2024-11-15,growth_champion_v3,0.0359270745826632,0.6,0.4,0.15,"MSTR,MRVL,CCJ,FTNT",4,0.6,1.0,SPY and QQQ above 200D MA
2008-01-01,2024-11-07,2024-11-08,2024-11-15,growth_champion_v3,0.0210823296096266,0.6,0.4,0.15,"MSTR,MRVL,CCJ,TSM",4,0.6,1.0,SPY and QQQ above 200D MA
2010-01-01,2024-11-07,2024-11-08,2024-11-15,growth_champion_v2,0.0359270745826632,0.6,0.4,0.15,"MSTR,MRVL,CCJ,FTNT",4,0.6,1.0,base cap 60%
2008-01-01,2024-11-07,2024-11-08,2024-11-15,growth_champion_v2,0.0210823296096266,0.6,0.4,0.15,"MSTR,MRVL,CCJ,TSM",4,0.6,1.0,base cap 60%
2022-01-03,2024-11-08,2024-11-11,2024-11-18,growth_champion_v2,0.0492733308150377,0.6,0.4,0.2,"OKLO,RKLB",2,0.6,1.0,base cap 60%
2020-01-01,2024-11-08,2024-11-11,2024-11-18,growth_champion_v3,0.0284530202836792,0.6,0.4,0.15,"MSTR,TSLA,MDB,SE",4,0.6,1.0,SPY and QQQ above 200D MA
2020-01-01,2024-11-08,2024-11-11,2024-11-18,growth_champion_v2,0.0284530202836792,0.6,0.4,0.15,"MSTR,TSLA,MDB,SE",4,0.6,1.0,base cap 60%
2022-01-03,2024-11-08,2024-11-11,2024-11-18,growth_champion_v3,0.0492733308150377,0.6,0.4,0.2,"OKLO,RKLB",2,0.6,1.0,SPY and QQQ above 200D MA
2015-01-01,2024-11-12,2024-11-13,2024-11-20,growth_champion_v3,0.0631238415209251,0.6,0.4,0.15,"MSTR,TSLA,MRVL,FTNT",4,0.6,1.0,SPY and QQQ above 200D MA
2015-01-01,2024-11-12,2024-11-13,2024-11-20,growth_champion_v2,0.0631238415209251,0.6,0.4,0.15,"MSTR,TSLA,MRVL,FTNT",4,0.6,1.0,base cap 60%
2010-01-01,2024-11-14,2024-11-15,2024-11-22,growth_champion_v3,0.0768653242721654,0.6,0.4,0.15,"MSTR,YPF,MRVL,FTNT",4,0.6,1.0,SPY and QQQ above 200D MA
2008-01-01,2024-11-14,2024-11-15,2024-11-22,growth_champion_v2,0.0824244790398835,0.6,0.4,0.15,"MSTR,YPF,MRVL,TSM",4,0.6,1.0,base cap 60%
2010-01-01,2024-11-14,2024-11-15,2024-11-22,growth_champion_v2,0.0768653242721654,0.6,0.4,0.15,"MSTR,YPF,MRVL,FTNT",4,0.6,1.0,base cap 60%
2008-01-01,2024-11-14,2024-11-15,2024-11-22,growth_champion_v3,0.0824244790398835,0.6,0.4,0.15,"MSTR,YPF,MRVL,TSM",4,0.6,1.0,SPY and QQQ above 200D MA
2022-01-03,2024-11-15,2024-11-18,2024-11-25,growth_champion_v2,0.0808283788401293,0.6,0.4,0.2,"RKLB,MSTR,OKLO",3,0.6,1.0,base cap 60%
2020-01-01,2024-11-15,2024-11-18,2024-11-25,growth_champion_v2,0.0286254578729442,0.6,0.4,0.15,"MSTR,TWLO,TSLA,SE",4,0.6,1.0,base cap 60%
2022-01-03,2024-11-15,2024-11-18,2024-11-25,growth_champion_v3,0.0808283788401293,0.6,0.4,0.2,"RKLB,MSTR,OKLO",3,0.6,1.0,SPY and QQQ above 200D MA
2020-01-01,2024-11-15,2024-11-18,2024-11-25,growth_champion_v3,0.0286254578729442,0.6,0.4,0.15,"MSTR,TWLO,TSLA,SE",4,0.6,1.0,SPY and QQQ above 200D MA
2015-01-01,2024-11-19,2024-11-20,2024-11-27,growth_champion_v3,-0.0279007697681389,0.6,0.4,0.0,"MSTR,TSLA,MRVL,FTNT",4,0.6,1.0,SPY and QQQ above 200D MA
2015-01-01,2024-11-19,2024-11-20,2024-11-27,growth_champion_v2,-0.0279007697681389,0.6,0.4,0.0,"MSTR,TSLA,MRVL,FTNT",4,0.6,1.0,base cap 60%
2008-01-01,2024-11-21,2024-11-22,2024-12-02,growth_champion_v2,-0.0036094901400151,0.6,0.4,0.0,"MSTR,YPF,MRVL,TSM",4,0.6,1.0,base cap 60%
2010-01-01,2024-11-21,2024-11-22,2024-12-02,growth_champion_v3,-0.0028954761050567,0.6,0.4,0.0,"MSTR,YPF,MRVL,FTNT",4,0.6,1.0,SPY and QQQ above 200D MA
2010-01-01,2024-11-21,2024-11-22,2024-12-02,growth_champion_v2,-0.0028954761050567,0.6,0.4,0.0,"MSTR,YPF,MRVL,FTNT",4,0.6,1.0,base cap 60%
2008-01-01,2024-11-21,2024-11-22,2024-12-02,growth_champion_v3,-0.0036094901400151,0.6,0.4,0.0,"MSTR,YPF,MRVL,TSM",4,0.6,1.0,SPY and QQQ above 200D MA
2020-01-01,2024-11-22,2024-11-25,2024-12-03,growth_champion_v3,-0.0030976399513102,0.6,0.4,0.15,"MSTR,YPF,TWLO,SE",4,0.6,1.0,SPY and QQQ above 200D MA
2022-01-03,2024-11-22,2024-11-25,2024-12-03,growth_champion_v2,-0.0478787128147106,0.6,0.4,0.0,"RKLB,OKLO,MSTR",3,0.6,1.0,base cap 60%
2022-01-03,2024-11-22,2024-11-25,2024-12-03,growth_champion_v3,-0.0478787128147106,0.6,0.4,0.0,"RKLB,OKLO,MSTR",3,0.6,1.0,SPY and QQQ above 200D MA
2020-01-01,2024-11-22,2024-11-25,2024-12-03,growth_champion_v2,-0.0030976399513102,0.6,0.4,0.15,"MSTR,YPF,TWLO,SE",4,0.6,1.0,base cap 60%
2015-01-01,2024-11-26,2024-11-27,2024-12-05,growth_champion_v2,0.0495692166037836,0.6,0.4,0.15,"MSTR,YPF,TSLA,MRVL",4,0.6,1.0,base cap 60%
2015-01-01,2024-11-26,2024-11-27,2024-12-05,growth_champion_v3,0.0495692166037836,0.6,0.4,0.15,"MSTR,YPF,TSLA,MRVL",4,0.6,1.0,SPY and QQQ above 200D MA
2010-01-01,2024-11-29,2024-12-02,2024-12-09,growth_champion_v3,0.013637154211784,0.6,0.4,0.0,"MSTR,YPF,MRVL,FTNT",4,0.6,1.0,SPY and QQQ above 200D MA
2008-01-01,2024-11-29,2024-12-02,2024-12-09,growth_champion_v3,0.0146110368737741,0.6,0.4,0.0,"MSTR,YPF,MRVL,TSM",4,0.6,1.0,SPY and QQQ above 200D MA
2010-01-01,2024-11-29,2024-12-02,2024-12-09,growth_champion_v2,0.013637154211784,0.6,0.4,0.0,"MSTR,YPF,MRVL,FTNT",4,0.6,1.0,base cap 60%
2008-01-01,2024-11-29,2024-12-02,2024-12-09,growth_champion_v2,0.0146110368737741,0.6,0.4,0.0,"MSTR,YPF,MRVL,TSM",4,0.6,1.0,base cap 60%
2020-01-01,2024-12-02,2024-12-03,2024-12-10,growth_champion_v2,0.0005436889165695,0.6,0.4,0.0,"MSTR,YPF,TWLO,SE",4,0.6,1.0,base cap 60%
2022-01-03,2024-12-02,2024-12-03,2024-12-10,growth_champion_v3,0.1478091802657624,0.6,0.4,0.1499999999999999,"RGTI,RKLB,OKLO,MSTR",4,0.6,1.0,SPY and QQQ above 200D MA
2020-01-01,2024-12-02,2024-12-03,2024-12-10,growth_champion_v3,0.0005436889165695,0.6,0.4,0.0,"MSTR,YPF,TWLO,SE",4,0.6,1.0,SPY and QQQ above 200D MA
2022-01-03,2024-12-02,2024-12-03,2024-12-10,growth_champion_v2,0.1478091802657624,0.6,0.4,0.1499999999999999,"RGTI,RKLB,OKLO,MSTR",4,0.6,1.0,base cap 60%
2015-01-01,2024-12-04,2024-12-05,2024-12-12,growth_champion_v2,0.0376637796758222,0.6,0.4,0.0,"MSTR,YPF,TSLA,MRVL",4,0.6,1.0,base cap 60%
2015-01-01,2024-12-04,2024-12-05,2024-12-12,growth_champion_v3,0.0376637796758222,0.6,0.4,0.0,"MSTR,YPF,TSLA,MRVL",4,0.6,1.0,SPY and QQQ above 200D MA
2010-01-01,2024-12-06,2024-12-09,2024-12-16,growth_champion_v2,0.059398323336225,0.6,0.4,0.0,"MSTR,YPF,MRVL,FTNT",4,0.6,1.0,base cap 60%
2008-01-01,2024-12-06,2024-12-09,2024-12-16,growth_champion_v3,0.0604477290922966,0.6,0.4,0.0,"MSTR,YPF,MRVL,TSM",4,0.6,1.0,SPY and QQQ above 200D MA
2010-01-01,2024-12-06,2024-12-09,2024-12-16,growth_champion_v3,0.059398323336225,0.6,0.4,0.0,"MSTR,YPF,MRVL,FTNT",4,0.6,1.0,SPY and QQQ above 200D MA
2008-01-01,2024-12-06,2024-12-09,2024-12-16,growth_champion_v2,0.0604477290922966,0.6,0.4,0.0,"MSTR,YPF,MRVL,TSM",4,0.6,1.0,base cap 60%
2020-01-01,2024-12-09,2024-12-10,2024-12-17,growth_champion_v2,0.0260590596517481,0.6,0.4,0.0,"MSTR,YPF,TWLO,SE",4,0.6,1.0,base cap 60%
2022-01-03,2024-12-09,2024-12-10,2024-12-17,growth_champion_v3,0.1204539741915101,0.5180659037711549,0.4819340962288451,0.0409670481144225,"RGTI,RKLB,OKLO,MSTR",4,0.6,1.0,SPY and QQQ above 200D MA
2022-01-03,2024-12-09,2024-12-10,2024-12-17,growth_champion_v2,0.1204539741915101,0.5180659037711549,0.4819340962288451,0.0409670481144225,"RGTI,RKLB,OKLO,MSTR",4,0.6,1.0,base cap 60%
2020-01-01,2024-12-09,2024-12-10,2024-12-17,growth_champion_v3,0.0260590596517481,0.6,0.4,0.0,"MSTR,YPF,TWLO,SE",4,0.6,1.0,SPY and QQQ above 200D MA
2015-01-01,2024-12-11,2024-12-12,2024-12-19,growth_champion_v2,-0.0271860788275621,0.6,0.4,0.0,"MSTR,YPF,TSLA,MRVL",4,0.6,1.0,base cap 60%
2015-01-01,2024-12-11,2024-12-12,2024-12-19,growth_champion_v3,-0.0271860788275621,0.6,0.4,0.0,"MSTR,YPF,TSLA,MRVL",4,0.6,1.0,SPY and QQQ above 200D MA
2008-01-01,2024-12-13,2024-12-16,2024-12-23,growth_champion_v2,-0.0446413296412288,0.6,0.4,0.0,"MSTR,YPF,MRVL,TSM",4,0.6,1.0,base cap 60%
2010-01-01,2024-12-13,2024-12-16,2024-12-23,growth_champion_v3,-0.0511129387174025,0.6,0.4,0.0,"MSTR,YPF,MRVL,FTNT",4,0.6,1.0,SPY and QQQ above 200D MA
2008-01-01,2024-12-13,2024-12-16,2024-12-23,growth_champion_v3,-0.0446413296412288,0.6,0.4,0.0,"MSTR,YPF,MRVL,TSM",4,0.6,1.0,SPY and QQQ above 200D MA
2010-01-01,2024-12-13,2024-12-16,2024-12-23,growth_champion_v2,-0.0511129387174025,0.6,0.4,0.0,"MSTR,YPF,MRVL,FTNT",4,0.6,1.0,base cap 60%
2020-01-01,2024-12-16,2024-12-17,2024-12-24,growth_champion_v2,-0.0198399451676262,0.6,0.4,0.15,"MSTR,TSLA,TWLO,SE",4,0.6,1.0,base cap 60%
2020-01-01,2024-12-16,2024-12-17,2024-12-24,growth_champion_v3,-0.0198399451676262,0.6,0.4,0.15,"MSTR,TSLA,TWLO,SE",4,0.6,1.0,SPY and QQQ above 200D MA
2022-01-03,2024-12-16,2024-12-17,2024-12-24,growth_champion_v2,0.0230894649627652,0.482203522870012,0.517796477129988,0.0179311904505714,"RGTI,RKLB,OKLO,MSTR",4,0.6,1.0,base cap 60%
2022-01-03,2024-12-16,2024-12-17,2024-12-24,growth_champion_v3,0.0230894649627652,0.482203522870012,0.517796477129988,0.0179311904505714,"RGTI,RKLB,OKLO,MSTR",4,0.6,1.0,SPY and QQQ above 200D MA
2015-01-01,2024-12-18,2024-12-19,2024-12-27,growth_champion_v2,0.0106938534441715,0.6,0.4,0.0,"MSTR,YPF,TSLA,MRVL",4,0.6,1.0,base cap 60%
2015-01-01,2024-12-18,2024-12-19,2024-12-27,growth_champion_v3,0.0106938534441715,0.6,0.4,0.0,"MSTR,YPF,TSLA,MRVL",4,0.6,1.0,SPY and QQQ above 200D MA
2008-01-01,2024-12-20,2024-12-23,2024-12-31,growth_champion_v3,-0.0304949721668773,0.6,0.4,0.0,"MSTR,YPF,MRVL,TSM",4,0.6,1.0,SPY and QQQ above 200D MA
2008-01-01,2024-12-20,2024-12-23,2024-12-31,growth_champion_v2,-0.0304949721668773,0.6,0.4,0.0,"MSTR,YPF,MRVL,TSM",4,0.6,1.0,base cap 60%
2010-01-01,2024-12-20,2024-12-23,2024-12-31,growth_champion_v3,-0.0263732554470308,0.6,0.4,0.0,"MSTR,YPF,MRVL,FTNT",4,0.6,1.0,SPY and QQQ above 200D MA
2010-01-01,2024-12-20,2024-12-23,2024-12-31,growth_champion_v2,-0.0263732554470308,0.6,0.4,0.0,"MSTR,YPF,MRVL,FTNT",4,0.6,1.0,base cap 60%
2022-01-03,2024-12-23,2024-12-24,2025-01-02,growth_champion_v2,0.0567299585009798,0.4895670266095376,0.5104329733904625,0.0036817518697628,"RGTI,RKLB,OKLO,MSTR",4,0.6,1.0,base cap 60%
2020-01-01,2024-12-23,2024-12-24,2025-01-02,growth_champion_v3,-0.0538287592477562,0.6,0.4,0.15,"YPF,TSLA,SE,MSTR",4,0.6,1.0,SPY and QQQ above 200D MA
2022-01-03,2024-12-23,2024-12-24,2025-01-02,growth_champion_v3,0.0567299585009798,0.4895670266095376,0.5104329733904625,0.0036817518697628,"RGTI,RKLB,OKLO,MSTR",4,0.6,1.0,SPY and QQQ above 200D MA
2020-01-01,2024-12-23,2024-12-24,2025-01-02,growth_champion_v2,-0.0538287592477562,0.6,0.4,0.15,"YPF,TSLA,SE,MSTR",4,0.6,1.0,base cap 60%
2015-01-01,2024-12-26,2024-12-27,2025-01-06,growth_champion_v2,0.0306048108035222,0.6,0.4,0.0,"MSTR,YPF,TSLA,MRVL",4,0.6,1.0,base cap 60%
2015-01-01,2024-12-26,2024-12-27,2025-01-06,growth_champion_v3,0.0306048108035222,0.6,0.4,0.0,"MSTR,YPF,TSLA,MRVL",4,0.6,1.0,SPY and QQQ above 200D MA
2010-01-01,2024-12-30,2024-12-31,2025-01-08,growth_champion_v3,0.044751970018302,0.6,0.4,0.0,"YPF,MSTR,MRVL,FTNT",4,0.6,1.0,SPY and QQQ above 200D MA
2008-01-01,2024-12-30,2024-12-31,2025-01-08,growth_champion_v3,0.0495895366958811,0.6,0.4,0.0,"YPF,MSTR,MRVL,TSM",4,0.6,1.0,SPY and QQQ above 200D MA
2008-01-01,2024-12-30,2024-12-31,2025-01-08,growth_champion_v2,0.0495895366958811,0.6,0.4,0.0,"YPF,MSTR,MRVL,TSM",4,0.6,1.0,base cap 60%
2010-01-01,2024-12-30,2024-12-31,2025-01-08,growth_champion_v2,0.044751970018302,0.6,0.4,0.0,"YPF,MSTR,MRVL,FTNT",4,0.6,1.0,base cap 60%
2020-01-01,2024-12-31,2025-01-02,2025-01-10,growth_champion_v2,0.0291595485950129,0.6,0.4,0.0,"YPF,TSLA,SE,MSTR",4,0.6,1.0,base cap 60%
2022-01-03,2024-12-31,2025-01-02,2025-01-10,growth_champion_v2,-0.0290138426618047,0.5107410798759956,0.4892589201240044,0.0105870266332289,"RGTI,RKLB,OKLO,MSTR",4,0.6,1.0,base cap 60%
2022-01-03,2024-12-31,2025-01-02,2025-01-10,growth_champion_v3,-0.0290138426618047,0.5107410798759956,0.4892589201240044,0.0105870266332289,"RGTI,RKLB,OKLO,MSTR",4,0.6,1.0,SPY and QQQ above 200D MA
2020-01-01,2024-12-31,2025-01-02,2025-01-10,growth_champion_v3,0.0291595485950129,0.6,0.4,0.0,"YPF,TSLA,SE,MSTR",4,0.6,1.0,SPY and QQQ above 200D MA
2015-01-01,2025-01-03,2025-01-06,2025-01-14,growth_champion_v2,-0.0247310314530597,0.6,0.4,0.0,"YPF,TSLA,MRVL,MSTR",4,0.6,1.0,base cap 60%
2015-01-01,2025-01-03,2025-01-06,2025-01-14,growth_champion_v3,-0.0247310314530597,0.6,0.4,0.0,"YPF,TSLA,MRVL,MSTR",4,0.6,1.0,SPY and QQQ above 200D MA
2010-01-01,2025-01-07,2025-01-08,2025-01-16,growth_champion_v2,0.0071415345411889,0.6,0.4,0.0,"YPF,MSTR,MRVL,FTNT",4,0.6,1.0,base cap 60%
2008-01-01,2025-01-07,2025-01-08,2025-01-16,growth_champion_v3,0.0158043619983313,0.6,0.4,0.0,"YPF,MSTR,MRVL,TSM",4,0.6,1.0,SPY and QQQ above 200D MA
2010-01-01,2025-01-07,2025-01-08,2025-01-16,growth_champion_v3,0.0071415345411889,0.6,0.4,0.0,"YPF,MSTR,MRVL,FTNT",4,0.6,1.0,SPY and QQQ above 200D MA
2008-01-01,2025-01-07,2025-01-08,2025-01-16,growth_champion_v2,0.0158043619983313,0.6,0.4,0.0,"YPF,MSTR,MRVL,TSM",4,0.6,1.0,base cap 60%
2020-01-01,2025-01-08,2025-01-10,2025-01-17,growth_champion_v2,0.042577368037941,0.6,0.4,0.0,"YPF,TSLA,SE,MSTR",4,0.6,1.0,base cap 60%
2020-01-01,2025-01-08,2025-01-10,2025-01-17,growth_champion_v3,0.042577368037941,0.6,0.4,0.0,"YPF,TSLA,SE,MSTR",4,0.6,1.0,SPY and QQQ above 200D MA
2022-01-03,2025-01-08,2025-01-10,2025-01-17,growth_champion_v2,0.0288962392558788,0.4941413271894414,0.5058586728105585,0.008299876343277,"RGTI,OKLO,MSTR,RKLB",4,0.6,1.0,base cap 60%
2022-01-03,2025-01-08,2025-01-10,2025-01-17,growth_champion_v3,0.0288962392558788,0.4941413271894414,0.5058586728105585,0.008299876343277,"RGTI,OKLO,MSTR,RKLB",4,0.6,1.0,SPY and QQQ above 200D MA
2015-01-01,2025-01-13,2025-01-14,2025-01-22,growth_champion_v2,0.0289342807749046,0.6,0.4,0.0,"TSLA,YPF,MRVL,MSTR",4,0.6,1.0,base cap 60%
2015-01-01,2025-01-13,2025-01-14,2025-01-22,growth_champion_v3,0.0289342807749046,0.6,0.4,0.0,"TSLA,YPF,MRVL,MSTR",4,0.6,1.0,SPY and QQQ above 200D MA
2008-01-01,2025-01-15,2025-01-16,2025-01-24,growth_champion_v2,-0.0020712619899326,0.6,0.4,0.0,"YPF,MSTR,MRVL,TSM",4,0.6,1.0,base cap 60%
2010-01-01,2025-01-15,2025-01-16,2025-01-24,growth_champion_v2,-0.002477155168013,0.6,0.4,0.0,"YPF,MSTR,MRVL,FTNT",4,0.6,1.0,base cap 60%
2008-01-01,2025-01-15,2025-01-16,2025-01-24,growth_champion_v3,-0.0020712619899326,0.6,0.4,0.0,"YPF,MSTR,MRVL,TSM",4,0.6,1.0,SPY and QQQ above 200D MA
2010-01-01,2025-01-15,2025-01-16,2025-01-24,growth_champion_v3,-0.002477155168013,0.6,0.4,0.0,"YPF,MSTR,MRVL,FTNT",4,0.6,1.0,SPY and QQQ above 200D MA
2022-01-03,2025-01-16,2025-01-17,2025-01-27,growth_champion_v3,0.0702428297417356,0.4977340519087789,0.502265948091221,0.0017963623596687,"RGTI,RKLB,OKLO,MSTR",4,0.6,1.0,SPY and QQQ above 200D MA
2020-01-01,2025-01-16,2025-01-17,2025-01-27,growth_champion_v3,-0.0406608819481551,0.6,0.4,0.0,"TSLA,YPF,SE,MSTR",4,0.6,1.0,SPY and QQQ above 200D MA
2022-01-03,2025-01-16,2025-01-17,2025-01-27,growth_champion_v2,0.0702428297417356,0.4977340519087789,0.502265948091221,0.0017963623596687,"RGTI,RKLB,OKLO,MSTR",4,0.6,1.0,base cap 60%
2020-01-01,2025-01-16,2025-01-17,2025-01-27,growth_champion_v2,-0.0406608819481551,0.6,0.4,0.0,"TSLA,YPF,SE,MSTR",4,0.6,1.0,base cap 60%
2015-01-01,2025-01-21,2025-01-22,2025-01-29,growth_champion_v2,-0.0563313127418021,0.6,0.4,0.0,"TSLA,MSTR,MRVL,YPF",4,0.6,1.0,base cap 60%
2015-01-01,2025-01-21,2025-01-22,2025-01-29,growth_champion_v3,-0.0563313127418021,0.6,0.4,0.0,"TSLA,MSTR,MRVL,YPF",4,0.6,1.0,SPY and QQQ above 200D MA
2008-01-01,2025-01-23,2025-01-24,2025-01-31,growth_champion_v3,-0.0354528791728918,0.6,0.4,0.0,"YPF,MRVL,MSTR,TSM",4,0.6,1.0,SPY and QQQ above 200D MA
2010-01-01,2025-01-23,2025-01-24,2025-01-31,growth_champion_v2,-0.0208008409807944,0.6,0.4,0.0,"YPF,MRVL,MSTR,FTNT",4,0.6,1.0,base cap 60%
2008-01-01,2025-01-23,2025-01-24,2025-01-31,growth_champion_v2,-0.0354528791728918,0.6,0.4,0.0,"YPF,MRVL,MSTR,TSM",4,0.6,1.0,base cap 60%
2010-01-01,2025-01-23,2025-01-24,2025-01-31,growth_champion_v3,-0.0208008409807944,0.6,0.4,0.0,"YPF,MRVL,MSTR,FTNT",4,0.6,1.0,SPY and QQQ above 200D MA
2022-01-03,2025-01-24,2025-01-27,2025-02-03,growth_champion_v2,0.0648798139712437,0.4988468736474329,0.501153126352567,0.0005564108693269,"RGTI,RKLB,OKLO,MSTR",4,0.6,1.0,base cap 60%
2020-01-01,2025-01-24,2025-01-27,2025-02-03,growth_champion_v3,0.032944475029701,0.6,0.4,0.3,"TWLO,MRVL,TSLA,SE",4,0.6,1.0,SPY and QQQ above 200D MA
2022-01-03,2025-01-24,2025-01-27,2025-02-03,growth_champion_v3,0.0648798139712437,0.4988468736474329,0.501153126352567,0.0005564108693269,"RGTI,RKLB,OKLO,MSTR",4,0.6,1.0,SPY and QQQ above 200D MA
2020-01-01,2025-01-24,2025-01-27,2025-02-03,growth_champion_v2,0.032944475029701,0.6,0.4,0.3,"TWLO,MRVL,TSLA,SE",4,0.6,1.0,base cap 60%
2015-01-01,2025-01-28,2025-01-29,2025-02-05,growth_champion_v2,0.0019691834340113,0.6,0.4,0.0,"YPF,TSLA,MRVL,MSTR",4,0.6,1.0,base cap 60%
2015-01-01,2025-01-28,2025-01-29,2025-02-05,growth_champion_v3,0.0019691834340113,0.6,0.4,0.0,"YPF,TSLA,MRVL,MSTR",4,0.6,1.0,SPY and QQQ above 200D MA
2010-01-01,2025-01-30,2025-01-31,2025-02-07,growth_champion_v3,-0.0025197773252673,0.6,0.4,0.0,"YPF,MSTR,MRVL,FTNT",4,0.6,1.0,SPY and QQQ above 200D MA
2008-01-01,2025-01-30,2025-01-31,2025-02-07,growth_champion_v2,-0.0148942282557208,0.6,0.4,0.0,"YPF,MSTR,MRVL,TSM",4,0.6,1.0,base cap 60%
2010-01-01,2025-01-30,2025-01-31,2025-02-07,growth_champion_v2,-0.0025197773252673,0.6,0.4,0.0,"YPF,MSTR,MRVL,FTNT",4,0.6,1.0,base cap 60%
2008-01-01,2025-01-30,2025-01-31,2025-02-07,growth_champion_v3,-0.0148942282557208,0.6,0.4,0.0,"YPF,MSTR,MRVL,TSM",4,0.6,1.0,SPY and QQQ above 200D MA
2020-01-01,2025-01-31,2025-02-03,2025-02-10,growth_champion_v2,0.0400743813466597,0.6,0.4,0.15,"TWLO,NET,MRVL,SE",4,0.6,1.0,base cap 60%
2022-01-03,2025-01-31,2025-02-03,2025-02-10,growth_champion_v3,0.0181785606147644,0.5637953368572269,0.436204663142773,0.032474231604897,"RGTI,RKLB,OKLO,MSTR",4,0.6,1.0,SPY and QQQ above 200D MA
2020-01-01,2025-01-31,2025-02-03,2025-02-10,growth_champion_v3,0.0400743813466597,0.6,0.4,0.15,"TWLO,NET,MRVL,SE",4,0.6,1.0,SPY and QQQ above 200D MA
2022-01-03,2025-01-31,2025-02-03,2025-02-10,growth_champion_v2,0.0181785606147644,0.5637953368572269,0.436204663142773,0.032474231604897,"RGTI,RKLB,OKLO,MSTR",4,0.6,1.0,base cap 60%
2015-01-01,2025-02-04,2025-02-05,2025-02-12,growth_champion_v3,-0.0440924370664221,0.6,0.4,0.0,"MSTR,TSLA,MRVL,YPF",4,0.6,1.0,SPY and QQQ above 200D MA
2015-01-01,2025-02-04,2025-02-05,2025-02-12,growth_champion_v2,-0.0440924370664221,0.6,0.4,0.0,"MSTR,TSLA,MRVL,YPF",4,0.6,1.0,base cap 60%
2008-01-01,2025-02-06,2025-02-07,2025-02-14,growth_champion_v2,0.0073784552916026,0.6,0.4,0.3,"NFLX,DXCM,MRVL,MSTR",4,0.6,1.0,base cap 60%
2008-01-01,2025-02-06,2025-02-07,2025-02-14,growth_champion_v3,0.0073784552916026,0.6,0.4,0.3,"NFLX,DXCM,MRVL,MSTR",4,0.6,1.0,SPY and QQQ above 200D MA
2010-01-01,2025-02-06,2025-02-07,2025-02-14,growth_champion_v2,0.0073784552916026,0.6,0.4,0.3,"NFLX,DXCM,MRVL,MSTR",4,0.6,1.0,base cap 60%
2010-01-01,2025-02-06,2025-02-07,2025-02-14,growth_champion_v3,0.0073784552916026,0.6,0.4,0.3,"NFLX,DXCM,MRVL,MSTR",4,0.6,1.0,SPY and QQQ above 200D MA
2020-01-01,2025-02-07,2025-02-10,2025-02-18,growth_champion_v3,-0.0141591475957795,0.6,0.4,0.0,"NET,TWLO,MRVL,SE",4,0.6,1.0,SPY and QQQ above 200D MA
2022-01-03,2025-02-07,2025-02-10,2025-02-18,growth_champion_v3,-0.0442520963458524,0.5719732722233554,0.4280267277766446,0.0040889676830642,"RGTI,OKLO,MSTR,RKLB",4,0.6,1.0,SPY and QQQ above 200D MA
2022-01-03,2025-02-07,2025-02-10,2025-02-18,growth_champion_v2,-0.0442520963458524,0.5719732722233554,0.4280267277766446,0.0040889676830642,"RGTI,OKLO,MSTR,RKLB",4,0.6,1.0,base cap 60%
2020-01-01,2025-02-07,2025-02-10,2025-02-18,growth_champion_v2,-0.0141591475957795,0.6,0.4,0.0,"NET,TWLO,MRVL,SE",4,0.6,1.0,base cap 60%
2015-01-01,2025-02-11,2025-02-12,2025-02-20,growth_champion_v3,0.109908781010327,0.6,0.4,0.3,"SMCI,BABA,MRVL,YPF",4,0.6,1.0,SPY and QQQ above 200D MA
2015-01-01,2025-02-11,2025-02-12,2025-02-20,growth_champion_v2,0.109908781010327,0.6,0.4,0.3,"SMCI,BABA,MRVL,YPF",4,0.6,1.0,base cap 60%
2008-01-01,2025-02-13,2025-02-14,2025-02-24,growth_champion_v3,-0.0076352695561043,0.6,0.4,0.15,"SMCI,NFLX,DXCM,MRVL",4,0.6,1.0,SPY and QQQ above 200D MA
2008-01-01,2025-02-13,2025-02-14,2025-02-24,growth_champion_v2,-0.0076352695561043,0.6,0.4,0.15,"SMCI,NFLX,DXCM,MRVL",4,0.6,1.0,base cap 60%
2010-01-01,2025-02-13,2025-02-14,2025-02-24,growth_champion_v2,0.0043507034248143,0.6,0.4,0.3,"SMCI,EC,DXCM,MRVL",4,0.6,1.0,base cap 60%
2010-01-01,2025-02-13,2025-02-14,2025-02-24,growth_champion_v3,0.0043507034248143,0.6,0.4,0.3,"SMCI,EC,DXCM,MRVL",4,0.6,1.0,SPY and QQQ above 200D MA
2020-01-01,2025-02-14,2025-02-18,2025-02-25,growth_champion_v3,-0.0826837353617839,0.6,0.4,0.15,"SMCI,NET,TWLO,MRVL",4,0.6,1.0,SPY and QQQ above 200D MA
2022-01-03,2025-02-14,2025-02-18,2025-02-25,growth_champion_v2,-0.132574166941456,0.5154591194294875,0.4845408805705125,0.1147362416589049,"RGTI,OKLO,RKLB",3,0.6,1.0,base cap 60%
2022-01-03,2025-02-14,2025-02-18,2025-02-25,growth_champion_v3,-0.132574166941456,0.5154591194294875,0.4845408805705125,0.1147362416589049,"RGTI,OKLO,RKLB",3,0.6,1.0,SPY and QQQ above 200D MA
2020-01-01,2025-02-14,2025-02-18,2025-02-25,growth_champion_v2,-0.0826837353617839,0.6,0.4,0.15,"SMCI,NET,TWLO,MRVL",4,0.6,1.0,base cap 60%
2015-01-01,2025-02-19,2025-02-20,2025-02-27,growth_champion_v2,-0.092962176449779,0.6,0.4,0.1499999999999999,"SMCI,BABA,MRVL",3,0.6,1.0,base cap 60%
2015-01-01,2025-02-19,2025-02-20,2025-02-27,growth_champion_v3,-0.092962176449779,0.6,0.4,0.1499999999999999,"SMCI,BABA,MRVL",3,0.6,1.0,SPY and QQQ above 200D MA
2008-01-01,2025-02-21,2025-02-24,2025-03-03,growth_champion_v3,-0.0565449363275032,0.6,0.4,0.15,"SMCI,SONY,DXCM,NFLX",4,0.6,1.0,SPY and QQQ above 200D MA
2008-01-01,2025-02-21,2025-02-24,2025-03-03,growth_champion_v2,-0.0565449363275032,0.6,0.4,0.15,"SMCI,SONY,DXCM,NFLX",4,0.6,1.0,base cap 60%
2010-01-01,2025-02-21,2025-02-24,2025-03-03,growth_champion_v3,-0.088420600710978,0.6,0.4,0.1499999999999999,"SMCI,EC,DXCM",3,0.6,1.0,SPY and QQQ above 200D MA
2010-01-01,2025-02-21,2025-02-24,2025-03-03,growth_champion_v2,-0.088420600710978,0.6,0.4,0.1499999999999999,"SMCI,EC,DXCM",3,0.6,1.0,base cap 60%
2020-01-01,2025-02-24,2025-02-25,2025-03-04,growth_champion_v2,-0.0286902839745022,0.6,0.4,0.15,"SMCI,BABA,TWLO,NET",4,0.6,1.0,base cap 60%
2022-01-03,2025-02-24,2025-02-25,2025-03-04,growth_champion_v3,-0.0417310007122443,0.4091770192837888,0.5908229807162112,0.1895333898341122,"RGTI,SMCI,OKLO",3,0.6,1.0,SPY and QQQ above 200D MA
2020-01-01,2025-02-24,2025-02-25,2025-03-04,growth_champion_v3,-0.0286902839745022,0.6,0.4,0.15,"SMCI,BABA,TWLO,NET",4,0.6,1.0,SPY and QQQ above 200D MA
2022-01-03,2025-02-24,2025-02-25,2025-03-04,growth_champion_v2,-0.0417310007122443,0.4091770192837888,0.5908229807162112,0.1895333898341122,"RGTI,SMCI,OKLO",3,0.6,1.0,base cap 60%
2015-01-01,2025-02-26,2025-02-27,2025-03-06,growth_champion_v3,-0.0327609356603643,0.5825733222968433,0.4174266777031566,0.1912866611484217,"SMCI,BABA",2,0.6,1.0,SPY and QQQ above 200D MA
2015-01-01,2025-02-26,2025-02-27,2025-03-06,growth_champion_v2,-0.0327609356603643,0.5825733222968433,0.4174266777031566,0.1912866611484217,"SMCI,BABA",2,0.6,1.0,base cap 60%
2010-01-01,2025-02-28,2025-03-03,2025-03-10,growth_champion_v3,-0.0173307837841526,0.6,0.4,0.1499999999999999,"SMCI,GILD,DXCM,EC",4,0.6,1.0,SPY and QQQ above 200D MA
2010-01-01,2025-02-28,2025-03-03,2025-03-10,growth_champion_v2,-0.0173307837841526,0.6,0.4,0.1499999999999999,"SMCI,GILD,DXCM,EC",4,0.6,1.0,base cap 60%
2008-01-01,2025-02-28,2025-03-03,2025-03-10,growth_champion_v3,-0.0380940490059655,0.6,0.4,0.15,"SMCI,GILD,NFLX,DXCM",4,0.6,1.0,SPY and QQQ above 200D MA
2008-01-01,2025-02-28,2025-03-03,2025-03-10,growth_champion_v2,-0.0380940490059655,0.6,0.4,0.15,"SMCI,GILD,NFLX,DXCM",4,0.6,1.0,base cap 60%
2022-01-03,2025-03-03,2025-03-04,2025-03-11,growth_champion_v3,-0.0039153700485853,0.4117696047686353,0.5882303952313648,0.1016461084497355,"RGTI,BABA,OKLO,SMCI",4,0.6,1.0,SPY and QQQ above 200D MA
2020-01-01,2025-03-03,2025-03-04,2025-03-11,growth_champion_v3,-0.0067925931390668,0.6,0.4,0.1499999999999999,"BABA,NET,SMCI",3,0.6,1.0,SPY and QQQ above 200D MA
2020-01-01,2025-03-03,2025-03-04,2025-03-11,growth_champion_v2,-0.0067925931390668,0.6,0.4,0.1499999999999999,"BABA,NET,SMCI",3,0.6,1.0,base cap 60%
2022-01-03,2025-03-03,2025-03-04,2025-03-11,growth_champion_v2,-0.0039153700485853,0.4117696047686353,0.5882303952313648,0.1016461084497355,"RGTI,BABA,OKLO,SMCI",4,0.6,1.0,base cap 60%
2015-01-01,2025-03-05,2025-03-06,2025-03-13,growth_champion_v2,0.0010385065720323,0.5974527784032517,0.4025472215967483,0.191711198081213,"BABA,TCEHY,SMCI",3,0.6,1.0,base cap 60%
2015-01-01,2025-03-05,2025-03-06,2025-03-13,growth_champion_v3,0.0010385065720323,0.5974527784032517,0.4025472215967483,0.191711198081213,"BABA,TCEHY,SMCI",3,0.6,1.0,SPY and QQQ above 200D MA
2008-01-01,2025-03-07,2025-03-10,2025-03-17,growth_champion_v2,-0.019991267538784,0.6,0.4,0.4499999999999999,"GILD,AMGN",2,0.6,1.0,base cap 60%
2008-01-01,2025-03-07,2025-03-10,2025-03-17,growth_champion_v3,-0.0133275116925226,0.4,0.6,0.3,"GILD,AMGN",2,0.4,0.6666666666666667,one benchmark below 200D MA
2010-01-01,2025-03-07,2025-03-10,2025-03-17,growth_champion_v2,0.0084435592856901,0.6,0.4,0.3,"GILD,EC",2,0.6,1.0,base cap 60%
2010-01-01,2025-03-07,2025-03-10,2025-03-17,growth_champion_v3,0.0056290395237934,0.4,0.6,0.2,"GILD,EC",2,0.4,0.6666666666666667,one benchmark below 200D MA
2020-01-01,2025-03-10,2025-03-11,2025-03-18,growth_champion_v2,-0.0009551834041807,0.6,0.4,0.3999999999999999,"BABA,GILD",2,0.6,1.0,base cap 60%
2022-01-03,2025-03-10,2025-03-11,2025-03-18,growth_champion_v3,0.0602585775419294,0.4,0.6,0.1999999999999999,"BABA,RGTI",2,0.4,0.8401380148894199,one benchmark below 200D MA
2020-01-01,2025-03-10,2025-03-11,2025-03-18,growth_champion_v3,-0.0006367889361204,0.4,0.6,0.2666666666666666,"BABA,GILD",2,0.4,0.6666666666666667,one benchmark below 200D MA
2022-01-03,2025-03-10,2025-03-11,2025-03-18,growth_champion_v2,0.0717246172343014,0.4761122493101905,0.5238877506898094,0.2380561246550952,"BABA,RGTI",2,0.6,1.0,base cap 60%
2015-01-01,2025-03-12,2025-03-13,2025-03-20,growth_champion_v3,-0.001050906314954,0.25,0.75,0.0005306711659892,"BABA,TCEHY,SMCI",3,0.25,0.4166666666666667,SPY and QQQ below 200D MA
2015-01-01,2025-03-12,2025-03-13,2025-03-20,growth_champion_v2,-0.0025221751558897,0.6,0.4,0.0012736107983741,"BABA,TCEHY,SMCI",3,0.6,1.0,base cap 60%
2010-01-01,2025-03-14,2025-03-17,2025-03-24,growth_champion_v2,-0.0188891818400941,0.6,0.4,0.2,"GILD,EXC,EC",3,0.6,1.0,base cap 60%
2008-01-01,2025-03-14,2025-03-17,2025-03-24,growth_champion_v2,-0.0152430899201653,0.6,0.4,0.2,"GILD,EXC,AMGN",3,0.6,1.0,base cap 60%
2008-01-01,2025-03-14,2025-03-17,2025-03-24,growth_champion_v3,-0.0063512874667355,0.25,0.75,0.0833333333333333,"GILD,EXC,AMGN",3,0.25,0.4166666666666667,SPY and QQQ below 200D MA
2010-01-01,2025-03-14,2025-03-17,2025-03-24,growth_champion_v3,-0.0078704924333725,0.25,0.75,0.0833333333333333,"GILD,EXC,EC",3,0.25,0.4166666666666667,SPY and QQQ below 200D MA
2020-01-01,2025-03-17,2025-03-18,2025-03-25,growth_champion_v3,-0.0131896565935216,0.25,0.75,0.0833333333333333,"BABA,TCEHY,GILD",3,0.25,0.4166666666666667,SPY and QQQ below 200D MA
2020-01-01,2025-03-17,2025-03-18,2025-03-25,growth_champion_v2,-0.031655175824452,0.6,0.4,0.2,"BABA,TCEHY,GILD",3,0.6,1.0,base cap 60%
2022-01-03,2025-03-17,2025-03-18,2025-03-25,growth_champion_v3,-0.0149943689778325,0.25,0.75,0.072043071305388,"BABA,TCEHY,RGTI",3,0.25,0.4776593676671908,SPY and QQQ below 200D MA
2022-01-03,2025-03-17,2025-03-18,2025-03-25,growth_champion_v2,-0.0313913428539307,0.5233855272659229,0.4766144727340771,0.1508252034441081,"BABA,TCEHY,RGTI",3,0.6,1.0,base cap 60%
2015-01-01,2025-03-19,2025-03-20,2025-03-27,growth_champion_v3,-0.0096731596040277,0.25,0.75,0.0,"BABA,TCEHY,SMCI",3,0.25,0.4166666666666667,SPY and QQQ below 200D MA
2015-01-01,2025-03-19,2025-03-20,2025-03-27,growth_champion_v2,-0.0232155830496666,0.6,0.4,0.0,"BABA,TCEHY,SMCI",3,0.6,1.0,base cap 60%
2010-01-01,2025-03-21,2025-03-24,2025-03-31,growth_champion_v3,0.0056388997712002,0.25,0.75,0.0624999999999999,"EC,VRTX,GILD,EXC",4,0.25,0.4166666666666667,SPY and QQQ below 200D MA
2008-01-01,2025-03-21,2025-03-24,2025-03-31,growth_champion_v2,0.0068259370016181,0.6,0.4,0.1499999999999999,"VRTX,AMGN,GILD,EXC",4,0.6,1.0,base cap 60%
2008-01-01,2025-03-21,2025-03-24,2025-03-31,growth_champion_v3,0.0028441404173408,0.25,0.75,0.0624999999999999,"VRTX,AMGN,GILD,EXC",4,0.25,0.4166666666666667,SPY and QQQ below 200D MA
2010-01-01,2025-03-21,2025-03-24,2025-03-31,growth_champion_v2,0.0135333594508805,0.6,0.4,0.1499999999999999,"EC,VRTX,GILD,EXC",4,0.6,1.0,base cap 60%
2020-01-01,2025-03-24,2025-03-25,2025-04-01,growth_champion_v3,-0.0048107388784435,0.25,0.75,0.0624999999999999,"BABA,SPOT,GILD,TCEHY",4,0.25,0.4166666666666667,SPY and QQQ below 200D MA
2022-01-03,2025-03-24,2025-03-25,2025-04-01,growth_champion_v2,-0.0388823356740757,0.5173814112318192,0.4826185887681807,0.1754625284276582,"BABA,OKLO,TCEHY",3,0.6,1.0,base cap 60%
2020-01-01,2025-03-24,2025-03-25,2025-04-01,growth_champion_v2,-0.0115457733082645,0.6,0.4,0.1499999999999999,"BABA,SPOT,GILD,TCEHY",4,0.6,1.0,base cap 60%
2022-01-03,2025-03-24,2025-03-25,2025-04-01,growth_champion_v3,-0.0187880424528114,0.25,0.75,0.0847839353224463,"BABA,OKLO,TCEHY",3,0.25,0.4832025166980426,SPY and QQQ below 200D MA
2015-01-01,2025-03-26,2025-03-27,2025-04-03,growth_champion_v2,-0.0233597662894611,0.6,0.4,0.1999999999999999,"BABA,EC,TCEHY",3,0.6,1.0,base cap 60%
2015-01-01,2025-03-26,2025-03-27,2025-04-03,growth_champion_v3,-0.0233597662894611,0.6,0.4,0.1999999999999999,"BABA,EC,TCEHY",3,0.6,1.0,SPY and QQQ above 200D MA
2008-01-01,2025-03-28,2025-03-31,2025-04-07,growth_champion_v2,-0.039725374056429,0.6,0.4,0.15,"VRTX,VALE,AMGN,GILD",4,0.6,1.0,base cap 60%
2010-01-01,2025-03-28,2025-03-31,2025-04-07,growth_champion_v3,-0.0139561294943916,0.25,0.75,0.0,"EC,VRTX,GILD,EXC",4,0.25,0.4166666666666667,SPY and QQQ below 200D MA
2010-01-01,2025-03-28,2025-03-31,2025-04-07,growth_champion_v2,-0.0334947107865399,0.6,0.4,0.0,"EC,VRTX,GILD,EXC",4,0.6,1.0,base cap 60%
2008-01-01,2025-03-28,2025-03-31,2025-04-07,growth_champion_v3,-0.0165522391901787,0.25,0.75,0.0625,"VRTX,VALE,AMGN,GILD",4,0.25,0.4166666666666667,SPY and QQQ below 200D MA
2022-01-03,2025-03-31,2025-04-01,2025-04-08,growth_champion_v2,-0.1080623876891322,0.5304167919260637,0.4695832080739363,0.1789781607577286,"BABA,EC,TCEHY",3,0.6,1.0,base cap 60%
2020-01-01,2025-03-31,2025-04-01,2025-04-08,growth_champion_v2,-0.0870615993957577,0.6,0.4,0.15,"BABA,EC,GILD,SPOT",4,0.6,1.0,base cap 60%
2020-01-01,2025-03-31,2025-04-01,2025-04-08,growth_champion_v3,-0.036275666414899,0.25,0.75,0.0625,"BABA,EC,GILD,SPOT",4,0.25,0.4166666666666667,SPY and QQQ below 200D MA
2022-01-03,2025-03-31,2025-04-01,2025-04-08,growth_champion_v3,-0.0509327708577688,0.25,0.75,0.0843573221484081,"BABA,EC,TCEHY",3,0.25,0.4713274613576868,SPY and QQQ below 200D MA
2015-01-01,2025-04-02,2025-04-03,2025-04-10,growth_champion_v2,-0.0920580707554856,0.6,0.4,0.0,"BABA,EC,TCEHY",3,0.6,1.0,base cap 60%
2015-01-01,2025-04-02,2025-04-03,2025-04-10,growth_champion_v3,-0.0383575294814523,0.25,0.75,0.0,"BABA,EC,TCEHY",3,0.25,0.4166666666666667,SPY and QQQ below 200D MA
2008-01-01,2025-04-04,2025-04-07,2025-04-14,growth_champion_v3,0.0105141366753918,0.25,0.75,0.125,"EXC,ORLY,AMGN,VRTX",4,0.25,0.4166666666666667,SPY and QQQ below 200D MA
2008-01-01,2025-04-04,2025-04-07,2025-04-14,growth_champion_v2,0.0252339280209405,0.6,0.4,0.3,"EXC,ORLY,AMGN,VRTX",4,0.6,1.0,base cap 60%
2010-01-01,2025-04-04,2025-04-07,2025-04-14,growth_champion_v2,0.0244367579057729,0.6,0.4,0.15,"EXC,ORLY,VRTX,GILD",4,0.6,1.0,base cap 60%
2010-01-01,2025-04-04,2025-04-07,2025-04-14,growth_champion_v3,0.0101819824607387,0.25,0.75,0.0625,"EXC,ORLY,VRTX,GILD",4,0.25,0.4166666666666667,SPY and QQQ below 200D MA
2022-01-03,2025-04-07,2025-04-08,2025-04-15,growth_champion_v2,0.0589406652451836,0.4768456761444393,0.5231543238555607,0.2652083959630318,"EXC,PLTR,EC,TCEHY",4,0.6,1.0,base cap 60%
2020-01-01,2025-04-07,2025-04-08,2025-04-15,growth_champion_v2,0.0463313603122528,0.6,0.4,0.15,"EXC,BABA,SPOT,GILD",4,0.6,1.0,base cap 60%
2020-01-01,2025-04-07,2025-04-08,2025-04-15,growth_champion_v3,0.0193047334634386,0.25,0.75,0.0625,"EXC,BABA,SPOT,GILD",4,0.25,0.4166666666666667,SPY and QQQ below 200D MA
2022-01-03,2025-04-07,2025-04-08,2025-04-15,growth_champion_v3,0.0309013314966759,0.2499999999999999,0.75,0.139043095717774,"EXC,PLTR,EC,TCEHY",4,0.25,0.5242786345917784,SPY and QQQ below 200D MA
2015-01-01,2025-04-09,2025-04-10,2025-04-17,growth_champion_v3,0.0125783935309292,0.25,0.75,0.1290812309781743,"EXC,MNST,EC,TCEHY",4,0.25,0.4302707699272479,SPY and QQQ below 200D MA
2015-01-01,2025-04-09,2025-04-10,2025-04-17,growth_champion_v2,0.029233669610083,0.5810294760256922,0.4189705239743078,0.3,"EXC,MNST,EC,TCEHY",4,0.6,1.0,base cap 60%
2008-01-01,2025-04-11,2025-04-14,2025-04-22,growth_champion_v2,-0.0085013571296485,0.6,0.4,0.15,"EXC,MDLZ,AMGN,ORLY",4,0.6,1.0,base cap 60%
2010-01-01,2025-04-11,2025-04-14,2025-04-22,growth_champion_v2,-0.0019751722610968,0.6,0.4,0.15,"EXC,MDLZ,ORLY,GILD",4,0.6,1.0,base cap 60%
2008-01-01,2025-04-11,2025-04-14,2025-04-22,growth_champion_v3,-0.0035422321373535,0.25,0.75,0.0625,"EXC,MDLZ,AMGN,ORLY",4,0.25,0.4166666666666667,SPY and QQQ below 200D MA
2010-01-01,2025-04-11,2025-04-14,2025-04-22,growth_champion_v3,-0.0008229884421236,0.25,0.75,0.0625,"EXC,MDLZ,ORLY,GILD",4,0.25,0.4166666666666667,SPY and QQQ below 200D MA
2022-01-03,2025-04-14,2025-04-15,2025-04-23,growth_champion_v3,0.0068359467974377,0.25,0.75,0.0041297128777484,"PLTR,EXC,TCEHY,EC",4,0.25,0.5415995964221947,SPY and QQQ below 200D MA
2020-01-01,2025-04-14,2025-04-15,2025-04-23,growth_champion_v2,0.0154459911340114,0.6,0.4,0.0,"EXC,BABA,GILD,SPOT",4,0.6,1.0,base cap 60%
2020-01-01,2025-04-14,2025-04-15,2025-04-23,growth_champion_v3,0.0064358296391714,0.25,0.75,0.0,"EXC,BABA,GILD,SPOT",4,0.25,0.4166666666666667,SPY and QQQ below 200D MA
2022-01-03,2025-04-14,2025-04-15,2025-04-23,growth_champion_v2,0.0126217723251568,0.4615956172262669,0.538404382773733,0.0076250294590862,"PLTR,EXC,TCEHY,EC",4,0.6,1.0,base cap 60%
2015-01-01,2025-04-16,2025-04-17,2025-04-25,growth_champion_v3,0.0015854983399206,0.25,0.75,0.0625541239622254,"MDLZ,EXC,MNST,TCEHY",4,0.25,0.4304570735984338,SPY and QQQ below 200D MA
2015-01-01,2025-04-16,2025-04-17,2025-04-25,growth_champion_v2,0.0036832902446383,0.5807780039717056,0.4192219960282943,0.1453202370199197,"MDLZ,EXC,MNST,TCEHY",4,0.6,1.0,base cap 60%
2010-01-01,2025-04-21,2025-04-22,2025-04-29,growth_champion_v3,-0.0036171375769017,0.25,0.75,0.0,"MDLZ,EXC,ORLY,GILD",4,0.25,0.4166666666666667,SPY and QQQ below 200D MA
2008-01-01,2025-04-21,2025-04-22,2025-04-29,growth_champion_v2,-0.0091106127308336,0.6,0.4,0.1499999999999999,"MDLZ,EXC,ORLY",3,0.6,1.0,base cap 60%
2008-01-01,2025-04-21,2025-04-22,2025-04-29,growth_champion_v3,-0.0037960886378473,0.25,0.75,0.0624999999999999,"MDLZ,EXC,ORLY",3,0.25,0.4166666666666667,SPY and QQQ below 200D MA
2010-01-01,2025-04-21,2025-04-22,2025-04-29,growth_champion_v2,-0.0086811301845642,0.6,0.4,0.0,"MDLZ,EXC,ORLY,GILD",4,0.6,1.0,base cap 60%
2022-01-03,2025-04-22,2025-04-23,2025-04-30,growth_champion_v3,-0.0035642537230255,0.25,0.75,0.0662955495237886,"EXC,EA,TCEHY,EC",4,0.25,0.5087089069776439,SPY and QQQ below 200D MA
2020-01-01,2025-04-22,2025-04-23,2025-04-30,growth_champion_v3,0.0030629109156191,0.25,0.75,0.0625,"EXC,EA,SPOT,GILD",4,0.25,0.4166666666666667,SPY and QQQ below 200D MA
2022-01-03,2025-04-22,2025-04-23,2025-04-30,growth_champion_v2,-0.0070064700541644,0.491440186265476,0.508559813734524,0.1303211888261712,"EXC,EA,TCEHY,EC",4,0.6,1.0,base cap 60%
2020-01-01,2025-04-22,2025-04-23,2025-04-30,growth_champion_v2,0.0073509861974859,0.6,0.4,0.15,"EXC,EA,SPOT,GILD",4,0.6,1.0,base cap 60%
2015-01-01,2025-04-24,2025-04-25,2025-05-02,growth_champion_v3,0.0007168931030807,0.2499999999999999,0.75,0.1249999999999999,"EA,SMCI,MDLZ,MNST",4,0.25,0.4225342456944804,SPY and QQQ below 200D MA
2015-01-01,2025-04-24,2025-04-25,2025-05-02,growth_champion_v2,0.0016966508877936,0.5916680187403465,0.4083319812596535,0.2958340093701732,"EA,SMCI,MDLZ,MNST",4,0.6,1.0,base cap 60%
2010-01-01,2025-04-28,2025-04-29,2025-05-06,growth_champion_v3,-0.0034241399201165,0.25,0.75,0.125,"SMCI,MSTR,MDLZ,ORLY",4,0.25,0.4166666666666667,SPY and QQQ below 200D MA
2008-01-01,2025-04-28,2025-04-29,2025-05-06,growth_champion_v2,-0.0082179358082798,0.6,0.4,0.3,"SMCI,MSTR,MDLZ,ORLY",4,0.6,1.0,base cap 60%
2010-01-01,2025-04-28,2025-04-29,2025-05-06,growth_champion_v2,-0.0082179358082798,0.6,0.4,0.3,"SMCI,MSTR,MDLZ,ORLY",4,0.6,1.0,base cap 60%
2008-01-01,2025-04-28,2025-04-29,2025-05-06,growth_champion_v3,-0.0034241399201165,0.25,0.75,0.125,"SMCI,MSTR,MDLZ,ORLY",4,0.25,0.4166666666666667,SPY and QQQ below 200D MA
2020-01-01,2025-04-29,2025-04-30,2025-05-07,growth_champion_v3,0.0001666011880152,0.25,0.75,0.125,"MSTR,TTWO,EA,GILD",4,0.25,0.4166666666666667,SPY and QQQ below 200D MA
2020-01-01,2025-04-29,2025-04-30,2025-05-07,growth_champion_v2,0.0003998428512365,0.6,0.4,0.3,"MSTR,TTWO,EA,GILD",4,0.6,1.0,base cap 60%
2022-01-03,2025-04-29,2025-04-30,2025-05-07,growth_champion_v3,0.0037815271082863,0.25,0.75,0.125,"PLTR,MSTR,EA,TCEHY",4,0.25,0.470530151080268,SPY and QQQ below 200D MA
2022-01-03,2025-04-29,2025-04-30,2025-05-07,growth_champion_v2,0.0080367370711622,0.5313155797264782,0.4686844202735217,0.2656577898632391,"PLTR,MSTR,EA,TCEHY",4,0.6,1.0,base cap 60%
2015-01-01,2025-05-01,2025-05-02,2025-05-09,growth_champion_v3,0.0044469715492717,0.25,0.75,0.1249999999999999,"TTWO,MELI,SMCI,MNST",4,0.25,0.4224779173775551,SPY and QQQ below 200D MA
2015-01-01,2025-05-01,2025-05-02,2025-05-09,growth_champion_v2,0.0105259266019759,0.5917469049076545,0.4082530950923455,0.2958734524538272,"TTWO,MELI,SMCI,MNST",4,0.6,1.0,base cap 60%
2008-01-01,2025-05-05,2025-05-06,2025-05-13,growth_champion_v3,-3.2158489028433e-05,0.25,0.75,0.0625,"MSTR,MNST,MDLZ,ORLY",4,0.25,0.4166666666666667,SPY and QQQ below 200D MA
2010-01-01,2025-05-05,2025-05-06,2025-05-13,growth_champion_v2,-7.718037366823919e-05,0.6,0.4,0.15,"MSTR,MNST,MDLZ,ORLY",4,0.6,1.0,base cap 60%
2010-01-01,2025-05-05,2025-05-06,2025-05-13,growth_champion_v3,-3.2158489028433e-05,0.25,0.75,0.0625,"MSTR,MNST,MDLZ,ORLY",4,0.25,0.4166666666666667,SPY and QQQ below 200D MA
2008-01-01,2025-05-05,2025-05-06,2025-05-13,growth_champion_v2,-7.718037366823919e-05,0.6,0.4,0.15,"MSTR,MNST,MDLZ,ORLY",4,0.6,1.0,base cap 60%
2020-01-01,2025-05-06,2025-05-07,2025-05-14,growth_champion_v3,0.0069011694281092,0.25,0.75,0.0625,"MSTR,BABA,TTWO,EA",4,0.25,0.4166666666666667,SPY and QQQ below 200D MA
2022-01-03,2025-05-06,2025-05-07,2025-05-14,growth_champion_v3,0.0114194467873119,0.25,0.75,0.063048053094971,"MSTR,BABA,TCEHY,EA",4,0.25,0.4664041429910405,SPY and QQQ below 200D MA
2020-01-01,2025-05-06,2025-05-07,2025-05-14,growth_champion_v2,0.0165628066274621,0.6,0.4,0.15,"MSTR,BABA,TTWO,EA",4,0.6,1.0,base cap 60%
2022-01-03,2025-05-06,2025-05-07,2025-05-14,growth_champion_v2,0.0244840166171752,0.5360158218080031,0.4639841781919969,0.135179015972382,"MSTR,BABA,TCEHY,EA",4,0.6,1.0,base cap 60%
2015-01-01,2025-05-08,2025-05-09,2025-05-16,growth_champion_v3,0.0029617631635129,0.25,0.75,0.0630670885915466,"MSTR,MELI,MNST,TTWO",4,0.25,0.4186445988635516,SPY and QQQ below 200D MA
2015-01-01,2025-05-08,2025-05-09,2025-05-16,growth_champion_v2,0.0070746479748046,0.5971652343745685,0.4028347656254315,0.1506458909603706,"MSTR,MELI,MNST,TTWO",4,0.6,1.0,base cap 60%
2008-01-01,2025-05-12,2025-05-13,2025-05-20,growth_champion_v3,0.00234972725334,0.25,0.75,0.0625,"MCHP,MSTR,MDLZ,MNST",4,0.25,0.4166666666666667,SPY and QQQ below 200D MA
2010-01-01,2025-05-12,2025-05-13,2025-05-20,growth_champion_v3,0.00234972725334,0.25,0.75,0.0625,"MCHP,MSTR,MDLZ,MNST",4,0.25,0.4166666666666667,SPY and QQQ below 200D MA
2008-01-01,2025-05-12,2025-05-13,2025-05-20,growth_champion_v2,0.0056393454080162,0.6,0.4,0.15,"MCHP,MSTR,MDLZ,MNST",4,0.6,1.0,base cap 60%
2010-01-01,2025-05-12,2025-05-13,2025-05-20,growth_champion_v2,0.0056393454080162,0.6,0.4,0.15,"MCHP,MSTR,MDLZ,MNST",4,0.6,1.0,base cap 60%
2020-01-01,2025-05-13,2025-05-14,2025-05-21,growth_champion_v2,-0.0069824070594176,0.6,0.4,0.15,"MCHP,MSTR,TTWO,EA",4,0.6,1.0,base cap 60%
2022-01-03,2025-05-13,2025-05-14,2025-05-21,growth_champion_v3,-0.0067187705735581,0.5280227052597153,0.4719772947402847,0.1360022345890727,"MCHP,MSTR,EA,TCEHY",4,0.6,1.0,SPY and QQQ above 200D MA
2022-01-03,2025-05-13,2025-05-14,2025-05-21,growth_champion_v2,-0.0067187705735581,0.5280227052597153,0.4719772947402847,0.1360022345890727,"MCHP,MSTR,EA,TCEHY",4,0.6,1.0,base cap 60%
2020-01-01,2025-05-13,2025-05-14,2025-05-21,growth_champion_v3,-0.0069824070594176,0.6,0.4,0.15,"MCHP,MSTR,TTWO,EA",4,0.6,1.0,SPY and QQQ above 200D MA
2015-01-01,2025-05-15,2025-05-16,2025-05-23,growth_champion_v2,-0.0158024474534373,0.6,0.4,0.0014173828127157,"MSTR,MELI,MNST,TTWO",4,0.6,1.0,base cap 60%
2015-01-01,2025-05-15,2025-05-16,2025-05-23,growth_champion_v3,-0.0158024474534373,0.6,0.4,0.0014173828127157,"MSTR,MELI,MNST,TTWO",4,0.6,1.0,SPY and QQQ above 200D MA
2010-01-01,2025-05-19,2025-05-20,2025-05-28,growth_champion_v2,-0.0303305150371032,0.6,0.4,0.15,"MSTR,CDNS,MDLZ,MNST",4,0.6,1.0,base cap 60%
2010-01-01,2025-05-19,2025-05-20,2025-05-28,growth_champion_v3,-0.0303305150371032,0.6,0.4,0.15,"MSTR,CDNS,MDLZ,MNST",4,0.6,1.0,SPY and QQQ above 200D MA
2008-01-01,2025-05-19,2025-05-20,2025-05-28,growth_champion_v2,-0.0303305150371032,0.6,0.4,0.15,"MSTR,CDNS,MDLZ,MNST",4,0.6,1.0,base cap 60%
2008-01-01,2025-05-19,2025-05-20,2025-05-28,growth_champion_v3,-0.0303305150371032,0.6,0.4,0.15,"MSTR,CDNS,MDLZ,MNST",4,0.6,1.0,SPY and QQQ above 200D MA
2020-01-01,2025-05-20,2025-05-21,2025-05-29,growth_champion_v2,-0.0221821114413331,0.6,0.4,0.15,"MSTR,SE,TTWO,EA",4,0.6,1.0,base cap 60%
2022-01-03,2025-05-20,2025-05-21,2025-05-29,growth_champion_v2,-0.0216242898679121,0.6,0.4,0.1679943236850711,"MSTR,PLTR,TCEHY,EA",4,0.6,1.0,base cap 60%
2020-01-01,2025-05-20,2025-05-21,2025-05-29,growth_champion_v3,-0.0221821114413331,0.6,0.4,0.15,"MSTR,SE,TTWO,EA",4,0.6,1.0,SPY and QQQ above 200D MA
2022-01-03,2025-05-20,2025-05-21,2025-05-29,growth_champion_v3,-0.0216242898679121,0.6,0.4,0.1679943236850711,"MSTR,PLTR,TCEHY,EA",4,0.6,1.0,SPY and QQQ above 200D MA
2015-01-01,2025-05-22,2025-05-23,2025-06-02,growth_champion_v3,0.0054539826311014,0.6,0.4,0.15,"MSTR,TSLA,MNST,TTWO",4,0.6,1.0,SPY and QQQ above 200D MA
2015-01-01,2025-05-22,2025-05-23,2025-06-02,growth_champion_v2,0.0054539826311014,0.6,0.4,0.15,"MSTR,TSLA,MNST,TTWO",4,0.6,1.0,base cap 60%
2010-01-01,2025-05-27,2025-05-28,2025-06-04,growth_champion_v3,0.0075930523274482,0.6,0.4,0.15,"CCJ,MSTR,MDLZ,CDNS",4,0.6,1.0,SPY and QQQ above 200D MA
2008-01-01,2025-05-27,2025-05-28,2025-06-04,growth_champion_v2,0.0075930523274482,0.6,0.4,0.15,"CCJ,MSTR,MDLZ,CDNS",4,0.6,1.0,base cap 60%
2008-01-01,2025-05-27,2025-05-28,2025-06-04,growth_champion_v3,0.0075930523274482,0.6,0.4,0.15,"CCJ,MSTR,MDLZ,CDNS",4,0.6,1.0,SPY and QQQ above 200D MA
2010-01-01,2025-05-27,2025-05-28,2025-06-04,growth_champion_v2,0.0075930523274482,0.6,0.4,0.15,"CCJ,MSTR,MDLZ,CDNS",4,0.6,1.0,base cap 60%
2020-01-01,2025-05-28,2025-05-29,2025-06-05,growth_champion_v3,0.0178379238065248,0.6,0.4,0.3,"CCJ,JMIA,TTWO,SE",4,0.6,1.0,SPY and QQQ above 200D MA
2022-01-03,2025-05-28,2025-05-29,2025-06-05,growth_champion_v2,-0.0375832709904959,0.6,0.4,0.3,"OKLO,RGTI,EA,MSTR",4,0.6,1.0,base cap 60%
2022-01-03,2025-05-28,2025-05-29,2025-06-05,growth_champion_v3,-0.0375832709904959,0.6,0.4,0.3,"OKLO,RGTI,EA,MSTR",4,0.6,1.0,SPY and QQQ above 200D MA
2020-01-01,2025-05-28,2025-05-29,2025-06-05,growth_champion_v2,0.0178379238065248,0.6,0.4,0.3,"CCJ,JMIA,TTWO,SE",4,0.6,1.0,base cap 60%
2015-01-01,2025-05-30,2025-06-02,2025-06-09,growth_champion_v3,0.0029550411836371,0.6,0.4,0.3,"CCJ,AVGO,TSLA,MNST",4,0.6,1.0,SPY and QQQ above 200D MA
2015-01-01,2025-05-30,2025-06-02,2025-06-09,growth_champion_v2,0.0029550411836371,0.6,0.4,0.3,"CCJ,AVGO,TSLA,MNST",4,0.6,1.0,base cap 60%
2008-01-01,2025-06-03,2025-06-04,2025-06-11,growth_champion_v3,0.02366609444769,0.6,0.4,0.15,"CCJ,NFLX,CDNS,MSTR",4,0.6,1.0,SPY and QQQ above 200D MA
2010-01-01,2025-06-03,2025-06-04,2025-06-11,growth_champion_v3,0.0213655657258467,0.6,0.4,0.15,"CCJ,AVGO,CDNS,MSTR",4,0.6,1.0,SPY and QQQ above 200D MA
2008-01-01,2025-06-03,2025-06-04,2025-06-11,growth_champion_v2,0.02366609444769,0.6,0.4,0.15,"CCJ,NFLX,CDNS,MSTR",4,0.6,1.0,base cap 60%
2010-01-01,2025-06-03,2025-06-04,2025-06-11,growth_champion_v2,0.0213655657258467,0.6,0.4,0.15,"CCJ,AVGO,CDNS,MSTR",4,0.6,1.0,base cap 60%
2022-01-03,2025-06-04,2025-06-05,2025-06-12,growth_champion_v3,0.0632010976482071,0.6,0.4,0.15,"OKLO,RBLX,MSTR,EA",4,0.6,1.0,SPY and QQQ above 200D MA
2022-01-03,2025-06-04,2025-06-05,2025-06-12,growth_champion_v2,0.0632010976482071,0.6,0.4,0.15,"OKLO,RBLX,MSTR,EA",4,0.6,1.0,base cap 60%
2020-01-01,2025-06-04,2025-06-05,2025-06-12,growth_champion_v3,-0.0219958921742304,0.6,0.4,0.3,"NET,ZS,JMIA,SE",4,0.6,1.0,SPY and QQQ above 200D MA
2020-01-01,2025-06-04,2025-06-05,2025-06-12,growth_champion_v2,-0.0219958921742304,0.6,0.4,0.3,"NET,ZS,JMIA,SE",4,0.6,1.0,base cap 60%
2015-01-01,2025-06-06,2025-06-09,2025-06-16,growth_champion_v2,0.0178855904957268,0.6,0.4,0.15,"CCJ,MCHP,TSLA,MNST",4,0.6,1.0,base cap 60%
2015-01-01,2025-06-06,2025-06-09,2025-06-16,growth_champion_v3,0.0178855904957268,0.6,0.4,0.15,"CCJ,MCHP,TSLA,MNST",4,0.6,1.0,SPY and QQQ above 200D MA
2008-01-01,2025-06-10,2025-06-11,2025-06-18,growth_champion_v2,-0.0006143121695343,0.6,0.4,0.15,"CCJ,MCHP,CDNS,NFLX",4,0.6,1.0,base cap 60%
2010-01-01,2025-06-10,2025-06-11,2025-06-18,growth_champion_v2,-0.001889255936269,0.6,0.4,0.15,"CCJ,MCHP,CDNS,AVGO",4,0.6,1.0,base cap 60%
2008-01-01,2025-06-10,2025-06-11,2025-06-18,growth_champion_v3,-0.0006143121695343,0.6,0.4,0.15,"CCJ,MCHP,CDNS,NFLX",4,0.6,1.0,SPY and QQQ above 200D MA
2010-01-01,2025-06-10,2025-06-11,2025-06-18,growth_champion_v3,-0.001889255936269,0.6,0.4,0.15,"CCJ,MCHP,CDNS,AVGO",4,0.6,1.0,SPY and QQQ above 200D MA
2020-01-01,2025-06-11,2025-06-12,2025-06-20,growth_champion_v2,0.0134590698131611,0.6,0.4,0.15,"CCJ,NET,JMIA,SE",4,0.6,1.0,base cap 60%
2022-01-03,2025-06-11,2025-06-12,2025-06-20,growth_champion_v2,-0.0076461825965845,0.6,0.4,0.0,"OKLO,RBLX,MSTR,EA",4,0.6,1.0,base cap 60%
2022-01-03,2025-06-11,2025-06-12,2025-06-20,growth_champion_v3,-0.0076461825965845,0.6,0.4,0.0,"OKLO,RBLX,MSTR,EA",4,0.6,1.0,SPY and QQQ above 200D MA
2020-01-01,2025-06-11,2025-06-12,2025-06-20,growth_champion_v3,0.0134590698131611,0.6,0.4,0.15,"CCJ,NET,JMIA,SE",4,0.6,1.0,SPY and QQQ above 200D MA
2015-01-01,2025-06-13,2025-06-16,2025-06-24,growth_champion_v3,0.0091174780602625,0.6,0.4,0.15,"CCJ,INTU,TSLA,MNST",4,0.6,1.0,SPY and QQQ above 200D MA
2015-01-01,2025-06-13,2025-06-16,2025-06-24,growth_champion_v2,0.0091174780602625,0.6,0.4,0.15,"CCJ,INTU,TSLA,MNST",4,0.6,1.0,base cap 60%
2010-01-01,2025-06-17,2025-06-18,2025-06-26,growth_champion_v3,0.030590046347948,0.6,0.4,0.15,"CCJ,MU,CDNS,AVGO",4,0.6,1.0,SPY and QQQ above 200D MA
2008-01-01,2025-06-17,2025-06-18,2025-06-26,growth_champion_v3,0.029276479400441,0.6,0.4,0.15,"CCJ,MU,CDNS,NFLX",4,0.6,1.0,SPY and QQQ above 200D MA
2010-01-01,2025-06-17,2025-06-18,2025-06-26,growth_champion_v2,0.030590046347948,0.6,0.4,0.15,"CCJ,MU,CDNS,AVGO",4,0.6,1.0,base cap 60%
2008-01-01,2025-06-17,2025-06-18,2025-06-26,growth_champion_v2,0.029276479400441,0.6,0.4,0.15,"CCJ,MU,CDNS,NFLX",4,0.6,1.0,base cap 60%
2020-01-01,2025-06-18,2025-06-20,2025-06-27,growth_champion_v2,0.0549890815588963,0.6,0.4,0.15,"ASTS,CCJ,JMIA,NET",4,0.6,1.0,base cap 60%
2022-01-03,2025-06-18,2025-06-20,2025-06-27,growth_champion_v3,0.017110431382616,0.6,0.4,0.15,"OKLO,ASTS,MSTR,EA",4,0.6,1.0,SPY and QQQ above 200D MA
2020-01-01,2025-06-18,2025-06-20,2025-06-27,growth_champion_v3,0.0549890815588963,0.6,0.4,0.15,"ASTS,CCJ,JMIA,NET",4,0.6,1.0,SPY and QQQ above 200D MA
2022-01-03,2025-06-18,2025-06-20,2025-06-27,growth_champion_v2,0.017110431382616,0.6,0.4,0.15,"OKLO,ASTS,MSTR,EA",4,0.6,1.0,base cap 60%
2015-01-01,2025-06-23,2025-06-24,2025-07-01,growth_champion_v2,-0.0272093721307281,0.6,0.4,0.15,"CCJ,MU,TSLA,MNST",4,0.6,1.0,base cap 60%
2015-01-01,2025-06-23,2025-06-24,2025-07-01,growth_champion_v3,-0.0272093721307281,0.6,0.4,0.15,"CCJ,MU,TSLA,MNST",4,0.6,1.0,SPY and QQQ above 200D MA
2010-01-01,2025-06-25,2025-06-26,2025-07-03,growth_champion_v2,0.007749785632953,0.6,0.4,0.0,"CCJ,MU,CDNS,AVGO",4,0.6,1.0,base cap 60%
2008-01-01,2025-06-25,2025-06-26,2025-07-03,growth_champion_v2,0.0038787958833917,0.6,0.4,0.0,"CCJ,MU,CDNS,NFLX",4,0.6,1.0,base cap 60%
2010-01-01,2025-06-25,2025-06-26,2025-07-03,growth_champion_v3,0.007749785632953,0.6,0.4,0.0,"CCJ,MU,CDNS,AVGO",4,0.6,1.0,SPY and QQQ above 200D MA
2008-01-01,2025-06-25,2025-06-26,2025-07-03,growth_champion_v3,0.0038787958833917,0.6,0.4,0.0,"CCJ,MU,CDNS,NFLX",4,0.6,1.0,SPY and QQQ above 200D MA
2022-01-03,2025-06-26,2025-06-27,2025-07-07,growth_champion_v2,-0.0087034319162582,0.6,0.4,0.0,"ASTS,OKLO,EA,MSTR",4,0.6,1.0,base cap 60%
2020-01-01,2025-06-26,2025-06-27,2025-07-07,growth_champion_v2,0.0164404947640868,0.6,0.4,0.0,"ASTS,CCJ,JMIA,NET",4,0.6,1.0,base cap 60%
2022-01-03,2025-06-26,2025-06-27,2025-07-07,growth_champion_v3,-0.0087034319162582,0.6,0.4,0.0,"ASTS,OKLO,EA,MSTR",4,0.6,1.0,SPY and QQQ above 200D MA
2020-01-01,2025-06-26,2025-06-27,2025-07-07,growth_champion_v3,0.0164404947640868,0.6,0.4,0.0,"ASTS,CCJ,JMIA,NET",4,0.6,1.0,SPY and QQQ above 200D MA
2015-01-01,2025-06-30,2025-07-01,2025-07-09,growth_champion_v2,-0.0045760982836599,0.6,0.4,0.15,"CCJ,AVGO,TSLA,MNST",4,0.6,1.0,base cap 60%
2015-01-01,2025-06-30,2025-07-01,2025-07-09,growth_champion_v3,-0.0045760982836599,0.6,0.4,0.15,"CCJ,AVGO,TSLA,MNST",4,0.6,1.0,SPY and QQQ above 200D MA
2008-01-01,2025-07-02,2025-07-03,2025-07-11,growth_champion_v3,-0.0073233902558275,0.6,0.4,0.15,"MCHP,CCJ,CDNS,NFLX",4,0.6,1.0,SPY and QQQ above 200D MA
2010-01-01,2025-07-02,2025-07-03,2025-07-11,growth_champion_v3,-0.0017383310846977,0.6,0.4,0.15,"MCHP,CCJ,CDNS,AVGO",4,0.6,1.0,SPY and QQQ above 200D MA
2010-01-01,2025-07-02,2025-07-03,2025-07-11,growth_champion_v2,-0.0017383310846977,0.6,0.4,0.15,"MCHP,CCJ,CDNS,AVGO",4,0.6,1.0,base cap 60%
2008-01-01,2025-07-02,2025-07-03,2025-07-11,growth_champion_v2,-0.0073233902558275,0.6,0.4,0.15,"MCHP,CCJ,CDNS,NFLX",4,0.6,1.0,base cap 60%
2022-01-03,2025-07-03,2025-07-07,2025-07-14,growth_champion_v3,0.0198810883385743,0.6,0.4,0.15,"JMIA,ASTS,EA,OKLO",4,0.6,1.0,SPY and QQQ above 200D MA
2020-01-01,2025-07-03,2025-07-07,2025-07-14,growth_champion_v3,-0.0007148302452874,0.6,0.4,0.0,"JMIA,ASTS,NET,CCJ",4,0.6,1.0,SPY and QQQ above 200D MA
2020-01-01,2025-07-03,2025-07-07,2025-07-14,growth_champion_v2,-0.0007148302452874,0.6,0.4,0.0,"JMIA,ASTS,NET,CCJ",4,0.6,1.0,base cap 60%
2022-01-03,2025-07-03,2025-07-07,2025-07-14,growth_champion_v2,0.0198810883385743,0.6,0.4,0.15,"JMIA,ASTS,EA,OKLO",4,0.6,1.0,base cap 60%
2015-01-01,2025-07-08,2025-07-09,2025-07-16,growth_champion_v3,0.0199832598241049,0.6,0.4,0.15,"CCJ,MCHP,TSLA,MNST",4,0.6,1.0,SPY and QQQ above 200D MA
2015-01-01,2025-07-08,2025-07-09,2025-07-16,growth_champion_v2,0.0199832598241049,0.6,0.4,0.15,"CCJ,MCHP,TSLA,MNST",4,0.6,1.0,base cap 60%
2010-01-01,2025-07-10,2025-07-11,2025-07-18,growth_champion_v3,-0.0011880091119234,0.6,0.4,0.15,"MCHP,MU,CDNS,CCJ",4,0.6,1.0,SPY and QQQ above 200D MA
2008-01-01,2025-07-10,2025-07-11,2025-07-18,growth_champion_v2,-0.0011880091119234,0.6,0.4,0.15,"MCHP,MU,CDNS,CCJ",4,0.6,1.0,base cap 60%
2008-01-01,2025-07-10,2025-07-11,2025-07-18,growth_champion_v3,-0.0011880091119234,0.6,0.4,0.15,"MCHP,MU,CDNS,CCJ",4,0.6,1.0,SPY and QQQ above 200D MA
2010-01-01,2025-07-10,2025-07-11,2025-07-18,growth_champion_v2,-0.0011880091119234,0.6,0.4,0.15,"MCHP,MU,CDNS,CCJ",4,0.6,1.0,base cap 60%
2022-01-03,2025-07-11,2025-07-14,2025-07-21,growth_champion_v2,0.0267421704532925,0.6,0.4,0.15,"COIN,OKLO,EA,JMIA",4,0.6,1.0,base cap 60%
2022-01-03,2025-07-11,2025-07-14,2025-07-21,growth_champion_v3,0.0267421704532925,0.6,0.4,0.15,"COIN,OKLO,EA,JMIA",4,0.6,1.0,SPY and QQQ above 200D MA
2020-01-01,2025-07-11,2025-07-14,2025-07-21,growth_champion_v3,0.0581081561440924,0.6,0.4,0.0,"JMIA,ASTS,CCJ,NET",4,0.6,1.0,SPY and QQQ above 200D MA
2020-01-01,2025-07-11,2025-07-14,2025-07-21,growth_champion_v2,0.0581081561440924,0.6,0.4,0.0,"JMIA,ASTS,CCJ,NET",4,0.6,1.0,base cap 60%
2015-01-01,2025-07-15,2025-07-16,2025-07-23,growth_champion_v2,0.0011417418078355,0.6,0.4,0.15,"MCHP,AMD,TSLA,CCJ",4,0.6,1.0,base cap 60%
2015-01-01,2025-07-15,2025-07-16,2025-07-23,growth_champion_v3,0.0011417418078355,0.6,0.4,0.15,"MCHP,AMD,TSLA,CCJ",4,0.6,1.0,SPY and QQQ above 200D MA
2010-01-01,2025-07-17,2025-07-18,2025-07-25,growth_champion_v3,0.0069817802027079,0.6,0.4,0.15,"CCJ,AMD,CDNS,MCHP",4,0.6,1.0,SPY and QQQ above 200D MA
2008-01-01,2025-07-17,2025-07-18,2025-07-25,growth_champion_v2,0.0069817802027079,0.6,0.4,0.15,"CCJ,AMD,CDNS,MCHP",4,0.6,1.0,base cap 60%
2010-01-01,2025-07-17,2025-07-18,2025-07-25,growth_champion_v2,0.0069817802027079,0.6,0.4,0.15,"CCJ,AMD,CDNS,MCHP",4,0.6,1.0,base cap 60%
2008-01-01,2025-07-17,2025-07-18,2025-07-25,growth_champion_v3,0.0069817802027079,0.6,0.4,0.15,"CCJ,AMD,CDNS,MCHP",4,0.6,1.0,SPY and QQQ above 200D MA
2022-01-03,2025-07-18,2025-07-21,2025-07-28,growth_champion_v3,0.0325051759471006,0.6,0.4,0.15,"OKLO,RKLB,EA,JMIA",4,0.6,1.0,SPY and QQQ above 200D MA
2022-01-03,2025-07-18,2025-07-21,2025-07-28,growth_champion_v2,0.0325051759471006,0.6,0.4,0.15,"OKLO,RKLB,EA,JMIA",4,0.6,1.0,base cap 60%
2020-01-01,2025-07-18,2025-07-21,2025-07-28,growth_champion_v2,0.0080902056730959,0.6,0.4,0.0,"ASTS,JMIA,CCJ,NET",4,0.6,1.0,base cap 60%
2020-01-01,2025-07-18,2025-07-21,2025-07-28,growth_champion_v3,0.0080902056730959,0.6,0.4,0.0,"ASTS,JMIA,CCJ,NET",4,0.6,1.0,SPY and QQQ above 200D MA
2015-01-01,2025-07-22,2025-07-23,2025-07-30,growth_champion_v3,0.0110567191687837,0.6,0.4,0.0,"CCJ,AMD,TSLA,MCHP",4,0.6,1.0,SPY and QQQ above 200D MA
2015-01-01,2025-07-22,2025-07-23,2025-07-30,growth_champion_v2,0.0110567191687837,0.6,0.4,0.0,"CCJ,AMD,TSLA,MCHP",4,0.6,1.0,base cap 60%
2010-01-01,2025-07-24,2025-07-25,2025-08-01,growth_champion_v2,-0.0028439910134982,0.6,0.4,0.0,"CCJ,AMD,MCHP,CDNS",4,0.6,1.0,base cap 60%
2008-01-01,2025-07-24,2025-07-25,2025-08-01,growth_champion_v2,-0.0028439910134982,0.6,0.4,0.0,"CCJ,AMD,MCHP,CDNS",4,0.6,1.0,base cap 60%
2008-01-01,2025-07-24,2025-07-25,2025-08-01,growth_champion_v3,-0.0028439910134982,0.6,0.4,0.0,"CCJ,AMD,MCHP,CDNS",4,0.6,1.0,SPY and QQQ above 200D MA
2010-01-01,2025-07-24,2025-07-25,2025-08-01,growth_champion_v3,-0.0028439910134982,0.6,0.4,0.0,"CCJ,AMD,MCHP,CDNS",4,0.6,1.0,SPY and QQQ above 200D MA
2020-01-01,2025-07-25,2025-07-28,2025-08-04,growth_champion_v2,-0.0114742153895768,0.6,0.4,0.0,"ASTS,JMIA,CCJ,NET",4,0.6,1.0,base cap 60%
2022-01-03,2025-07-25,2025-07-28,2025-08-04,growth_champion_v3,0.0042641188098697,0.6,0.4,0.0,"OKLO,RKLB,JMIA,EA",4,0.6,1.0,SPY and QQQ above 200D MA
2020-01-01,2025-07-25,2025-07-28,2025-08-04,growth_champion_v3,-0.0114742153895768,0.6,0.4,0.0,"ASTS,JMIA,CCJ,NET",4,0.6,1.0,SPY and QQQ above 200D MA
2022-01-03,2025-07-25,2025-07-28,2025-08-04,growth_champion_v2,0.0042641188098697,0.6,0.4,0.0,"OKLO,RKLB,JMIA,EA",4,0.6,1.0,base cap 60%
2015-01-01,2025-07-29,2025-07-30,2025-08-06,growth_champion_v2,-0.0499946919887644,0.6,0.4,0.15,"AMD,SMCI,TSLA,CCJ",4,0.6,1.0,base cap 60%
2015-01-01,2025-07-29,2025-07-30,2025-08-06,growth_champion_v3,-0.0499946919887644,0.6,0.4,0.15,"AMD,SMCI,TSLA,CCJ",4,0.6,1.0,SPY and QQQ above 200D MA
2008-01-01,2025-07-31,2025-08-01,2025-08-08,growth_champion_v3,-0.0329022711730205,0.6,0.4,0.15,"SMCI,AMD,CCJ,MCHP",4,0.6,1.0,SPY and QQQ above 200D MA
2010-01-01,2025-07-31,2025-08-01,2025-08-08,growth_champion_v2,-0.0329022711730205,0.6,0.4,0.15,"SMCI,AMD,CCJ,MCHP",4,0.6,1.0,base cap 60%
2010-01-01,2025-07-31,2025-08-01,2025-08-08,growth_champion_v3,-0.0329022711730205,0.6,0.4,0.15,"SMCI,AMD,CCJ,MCHP",4,0.6,1.0,SPY and QQQ above 200D MA
2008-01-01,2025-07-31,2025-08-01,2025-08-08,growth_champion_v2,-0.0329022711730205,0.6,0.4,0.15,"SMCI,AMD,CCJ,MCHP",4,0.6,1.0,base cap 60%
2022-01-03,2025-08-01,2025-08-04,2025-08-11,growth_champion_v2,0.0259196411711181,0.6,0.4,0.15,"OKLO,ASTS,JMIA,RKLB",4,0.6,1.0,base cap 60%
2022-01-03,2025-08-01,2025-08-04,2025-08-11,growth_champion_v3,0.0259196411711181,0.6,0.4,0.15,"OKLO,ASTS,JMIA,RKLB",4,0.6,1.0,SPY and QQQ above 200D MA
2020-01-01,2025-08-01,2025-08-04,2025-08-11,growth_champion_v3,-0.0204363396031972,0.6,0.4,0.15,"ASTS,AMD,CCJ,NET",4,0.6,1.0,SPY and QQQ above 200D MA
2020-01-01,2025-08-01,2025-08-04,2025-08-11,growth_champion_v2,-0.0204363396031972,0.6,0.4,0.15,"ASTS,AMD,CCJ,NET",4,0.6,1.0,base cap 60%
2015-01-01,2025-08-05,2025-08-06,2025-08-13,growth_champion_v3,0.0245462148744,0.6,0.4,0.0,"SMCI,AMD,TSLA,CCJ",4,0.6,1.0,SPY and QQQ above 200D MA
2015-01-01,2025-08-05,2025-08-06,2025-08-13,growth_champion_v2,0.0245462148744,0.6,0.4,0.0,"SMCI,AMD,TSLA,CCJ",4,0.6,1.0,base cap 60%
2008-01-01,2025-08-07,2025-08-08,2025-08-15,growth_champion_v3,0.0134496452753358,0.6,0.4,0.0,"AMD,CCJ,SMCI,MCHP",4,0.6,1.0,SPY and QQQ above 200D MA
2010-01-01,2025-08-07,2025-08-08,2025-08-15,growth_champion_v2,0.0134496452753358,0.6,0.4,0.0,"AMD,CCJ,SMCI,MCHP",4,0.6,1.0,base cap 60%
2008-01-01,2025-08-07,2025-08-08,2025-08-15,growth_champion_v2,0.0134496452753358,0.6,0.4,0.0,"AMD,CCJ,SMCI,MCHP",4,0.6,1.0,base cap 60%
2010-01-01,2025-08-07,2025-08-08,2025-08-15,growth_champion_v3,0.0134496452753358,0.6,0.4,0.0,"AMD,CCJ,SMCI,MCHP",4,0.6,1.0,SPY and QQQ above 200D MA
2020-01-01,2025-08-08,2025-08-11,2025-08-18,growth_champion_v2,0.0460704761820089,0.6,0.4,0.15,"JMIA,ASTS,AMD,CCJ",4,0.6,1.0,base cap 60%
2022-01-03,2025-08-08,2025-08-11,2025-08-18,growth_champion_v3,0.0381938213158868,0.6,0.4,0.0,"OKLO,RKLB,JMIA,ASTS",4,0.6,1.0,SPY and QQQ above 200D MA
2022-01-03,2025-08-08,2025-08-11,2025-08-18,growth_champion_v2,0.0381938213158868,0.6,0.4,0.0,"OKLO,RKLB,JMIA,ASTS",4,0.6,1.0,base cap 60%
2020-01-01,2025-08-08,2025-08-11,2025-08-18,growth_champion_v3,0.0460704761820089,0.6,0.4,0.15,"JMIA,ASTS,AMD,CCJ",4,0.6,1.0,SPY and QQQ above 200D MA
2015-01-01,2025-08-12,2025-08-13,2025-08-20,growth_champion_v2,-0.0435376663149144,0.6,0.4,0.1499999999999999,"AMD,CCJ,TSLA",3,0.6,1.0,base cap 60%
2015-01-01,2025-08-12,2025-08-13,2025-08-20,growth_champion_v3,-0.0435376663149144,0.6,0.4,0.1499999999999999,"AMD,CCJ,TSLA",3,0.6,1.0,SPY and QQQ above 200D MA
2010-01-01,2025-08-14,2025-08-15,2025-08-22,growth_champion_v2,-0.0009122404857093,0.6,0.4,0.1499999999999999,"AMD,CCJ,MCHP",3,0.6,1.0,base cap 60%
2008-01-01,2025-08-14,2025-08-15,2025-08-22,growth_champion_v2,-0.0009122404857093,0.6,0.4,0.1499999999999999,"AMD,CCJ,MCHP",3,0.6,1.0,base cap 60%
2010-01-01,2025-08-14,2025-08-15,2025-08-22,growth_champion_v3,-0.0009122404857093,0.6,0.4,0.1499999999999999,"AMD,CCJ,MCHP",3,0.6,1.0,SPY and QQQ above 200D MA
2008-01-01,2025-08-14,2025-08-15,2025-08-22,growth_champion_v3,-0.0009122404857093,0.6,0.4,0.1499999999999999,"AMD,CCJ,MCHP",3,0.6,1.0,SPY and QQQ above 200D MA
2020-01-01,2025-08-15,2025-08-18,2025-08-25,growth_champion_v3,-0.0048108991908473,0.6,0.4,0.0,"JMIA,ASTS,CCJ,AMD",4,0.6,1.0,SPY and QQQ above 200D MA
2022-01-03,2025-08-15,2025-08-18,2025-08-25,growth_champion_v3,0.021973143997944,0.6,0.4,0.0,"JMIA,OKLO,RKLB,ASTS",4,0.6,1.0,SPY and QQQ above 200D MA
2020-01-01,2025-08-15,2025-08-18,2025-08-25,growth_champion_v2,-0.0048108991908473,0.6,0.4,0.0,"JMIA,ASTS,CCJ,AMD",4,0.6,1.0,base cap 60%
2022-01-03,2025-08-15,2025-08-18,2025-08-25,growth_champion_v2,0.021973143997944,0.6,0.4,0.0,"JMIA,OKLO,RKLB,ASTS",4,0.6,1.0,base cap 60%
2015-01-01,2025-08-19,2025-08-20,2025-08-27,growth_champion_v3,0.0163034464187027,0.6,0.4,0.1999999999999999,"AMD,IDXX,CCJ",3,0.6,1.0,SPY and QQQ above 200D MA
2015-01-01,2025-08-19,2025-08-20,2025-08-27,growth_champion_v2,0.0163034464187027,0.6,0.4,0.1999999999999999,"AMD,IDXX,CCJ",3,0.6,1.0,base cap 60%
2008-01-01,2025-08-21,2025-08-22,2025-08-29,growth_champion_v3,-0.0082449056087192,0.6,0.4,0.1499999999999999,"AMD,IDXX,CCJ,MCHP",4,0.6,1.0,SPY and QQQ above 200D MA
2008-01-01,2025-08-21,2025-08-22,2025-08-29,growth_champion_v2,-0.0082449056087192,0.6,0.4,0.1499999999999999,"AMD,IDXX,CCJ,MCHP",4,0.6,1.0,base cap 60%
2010-01-01,2025-08-21,2025-08-22,2025-08-29,growth_champion_v3,-0.0082449056087192,0.6,0.4,0.1499999999999999,"AMD,IDXX,CCJ,MCHP",4,0.6,1.0,SPY and QQQ above 200D MA
2010-01-01,2025-08-21,2025-08-22,2025-08-29,growth_champion_v2,-0.0082449056087192,0.6,0.4,0.1499999999999999,"AMD,IDXX,CCJ,MCHP",4,0.6,1.0,base cap 60%
2020-01-01,2025-08-22,2025-08-25,2025-09-02,growth_champion_v3,-0.0072625570377273,0.6,0.4,0.0,"JMIA,ASTS,CCJ,AMD",4,0.6,1.0,SPY and QQQ above 200D MA
2022-01-03,2025-08-22,2025-08-25,2025-09-02,growth_champion_v2,0.0044880326540045,0.6,0.4,0.0,"JMIA,ASTS,OKLO,RKLB",4,0.6,1.0,base cap 60%
2022-01-03,2025-08-22,2025-08-25,2025-09-02,growth_champion_v3,0.0044880326540045,0.6,0.4,0.0,"JMIA,ASTS,OKLO,RKLB",4,0.6,1.0,SPY and QQQ above 200D MA
2020-01-01,2025-08-22,2025-08-25,2025-09-02,growth_champion_v2,-0.0072625570377273,0.6,0.4,0.0,"JMIA,ASTS,CCJ,AMD",4,0.6,1.0,base cap 60%
2015-01-01,2025-08-26,2025-08-27,2025-09-04,growth_champion_v2,-0.0042873378057967,0.6,0.4,0.1499999999999999,"AMD,INTC,CCJ,IDXX",4,0.6,1.0,base cap 60%
2015-01-01,2025-08-26,2025-08-27,2025-09-04,growth_champion_v3,-0.0042873378057967,0.6,0.4,0.1499999999999999,"AMD,INTC,CCJ,IDXX",4,0.6,1.0,SPY and QQQ above 200D MA
2008-01-01,2025-08-28,2025-08-29,2025-09-08,growth_champion_v3,-0.0091462445386055,0.6,0.4,0.15,"AMD,INTC,CCJ,MCHP",4,0.6,1.0,SPY and QQQ above 200D MA
2010-01-01,2025-08-28,2025-08-29,2025-09-08,growth_champion_v2,-0.0091462445386055,0.6,0.4,0.15,"AMD,INTC,CCJ,MCHP",4,0.6,1.0,base cap 60%
2010-01-01,2025-08-28,2025-08-29,2025-09-08,growth_champion_v3,-0.0091462445386055,0.6,0.4,0.15,"AMD,INTC,CCJ,MCHP",4,0.6,1.0,SPY and QQQ above 200D MA
2008-01-01,2025-08-28,2025-08-29,2025-09-08,growth_champion_v2,-0.0091462445386055,0.6,0.4,0.15,"AMD,INTC,CCJ,MCHP",4,0.6,1.0,base cap 60%
2022-01-03,2025-08-29,2025-09-02,2025-09-09,growth_champion_v2,0.0309890931639445,0.6,0.4,0.15,"JMIA,MDB,OKLO,RKLB",4,0.6,1.0,base cap 60%
2020-01-01,2025-08-29,2025-09-02,2025-09-09,growth_champion_v3,0.0350616466365976,0.6,0.4,0.15,"JMIA,MDB,CCJ,AMD",4,0.6,1.0,SPY and QQQ above 200D MA
2022-01-03,2025-08-29,2025-09-02,2025-09-09,growth_champion_v3,0.0309890931639445,0.6,0.4,0.15,"JMIA,MDB,OKLO,RKLB",4,0.6,1.0,SPY and QQQ above 200D MA
2020-01-01,2025-08-29,2025-09-02,2025-09-09,growth_champion_v2,0.0350616466365976,0.6,0.4,0.15,"JMIA,MDB,CCJ,AMD",4,0.6,1.0,base cap 60%
2015-01-01,2025-09-03,2025-09-04,2025-09-11,growth_champion_v3,0.0050495914250724,0.6,0.4,0.3,"GOOGL,GOOG,AMD,INTC",4,0.6,1.0,SPY and QQQ above 200D MA
2015-01-01,2025-09-03,2025-09-04,2025-09-11,growth_champion_v2,0.0050495914250724,0.6,0.4,0.3,"GOOGL,GOOG,AMD,INTC",4,0.6,1.0,base cap 60%
2010-01-01,2025-09-05,2025-09-08,2025-09-15,growth_champion_v2,0.030699392421321,0.6,0.4,0.3,"GOOGL,AVGO,AMD,INTC",4,0.6,1.0,base cap 60%
2008-01-01,2025-09-05,2025-09-08,2025-09-15,growth_champion_v2,0.0339714060407125,0.6,0.4,0.3,"GOOGL,GOOG,AMD,INTC",4,0.6,1.0,base cap 60%
2010-01-01,2025-09-05,2025-09-08,2025-09-15,growth_champion_v3,0.030699392421321,0.6,0.4,0.3,"GOOGL,AVGO,AMD,INTC",4,0.6,1.0,SPY and QQQ above 200D MA
2008-01-01,2025-09-05,2025-09-08,2025-09-15,growth_champion_v3,0.0339714060407125,0.6,0.4,0.3,"GOOGL,GOOG,AMD,INTC",4,0.6,1.0,SPY and QQQ above 200D MA
2020-01-01,2025-09-08,2025-09-09,2025-09-16,growth_champion_v3,0.042082237983443,0.6,0.4,0.0,"JMIA,MDB,AMD,CCJ",4,0.6,1.0,SPY and QQQ above 200D MA
2022-01-03,2025-09-08,2025-09-09,2025-09-16,growth_champion_v2,0.043728905309582,0.6,0.4,0.1499999999999999,"JMIA,MDB,RKLB",3,0.6,1.0,base cap 60%
2020-01-01,2025-09-08,2025-09-09,2025-09-16,growth_champion_v2,0.042082237983443,0.6,0.4,0.0,"JMIA,MDB,AMD,CCJ",4,0.6,1.0,base cap 60%
2022-01-03,2025-09-08,2025-09-09,2025-09-16,growth_champion_v3,0.043728905309582,0.6,0.4,0.1499999999999999,"JMIA,MDB,RKLB",3,0.6,1.0,SPY and QQQ above 200D MA
2015-01-01,2025-09-10,2025-09-11,2025-09-18,growth_champion_v3,0.0106835731299219,0.6,0.4,0.15,"AVGO,GOOGL,GOOG,AMD",4,0.6,1.0,SPY and QQQ above 200D MA
2015-01-01,2025-09-10,2025-09-11,2025-09-18,growth_champion_v2,0.0106835731299219,0.6,0.4,0.15,"AVGO,GOOGL,GOOG,AMD",4,0.6,1.0,base cap 60%
2008-01-01,2025-09-12,2025-09-15,2025-09-22,growth_champion_v2,0.0010968588070704,0.6,0.4,0.15,"WBD,GOOGL,GOOG,AMD",4,0.6,1.0,base cap 60%
2008-01-01,2025-09-12,2025-09-15,2025-09-22,growth_champion_v3,0.0010968588070704,0.6,0.4,0.15,"WBD,GOOGL,GOOG,AMD",4,0.6,1.0,SPY and QQQ above 200D MA
2010-01-01,2025-09-12,2025-09-15,2025-09-22,growth_champion_v3,0.0138592844002172,0.6,0.4,0.15,"WBD,AVGO,INTC,AMD",4,0.6,1.0,SPY and QQQ above 200D MA
2010-01-01,2025-09-12,2025-09-15,2025-09-22,growth_champion_v2,0.0138592844002172,0.6,0.4,0.15,"WBD,AVGO,INTC,AMD",4,0.6,1.0,base cap 60%
2022-01-03,2025-09-15,2025-09-16,2025-09-23,growth_champion_v3,-0.0087431347777353,0.6,0.4,0.1499999999999999,"KEEL,JMIA,MDB,RKLB",4,0.6,1.0,SPY and QQQ above 200D MA
2022-01-03,2025-09-15,2025-09-16,2025-09-23,growth_champion_v2,-0.0087431347777353,0.6,0.4,0.1499999999999999,"KEEL,JMIA,MDB,RKLB",4,0.6,1.0,base cap 60%
2020-01-01,2025-09-15,2025-09-16,2025-09-23,growth_champion_v3,-0.0263178628956228,0.6,0.4,0.15,"KEEL,JMIA,MDB,AMD",4,0.6,1.0,SPY and QQQ above 200D MA
2020-01-01,2025-09-15,2025-09-16,2025-09-23,growth_champion_v2,-0.0263178628956228,0.6,0.4,0.15,"KEEL,JMIA,MDB,AMD",4,0.6,1.0,base cap 60%
2015-01-01,2025-09-17,2025-09-18,2025-09-25,growth_champion_v2,0.0204132579406896,0.6,0.4,0.3,"WBD,BABA,GOOG,AMD",4,0.6,1.0,base cap 60%
2015-01-01,2025-09-17,2025-09-18,2025-09-25,growth_champion_v3,0.0204132579406896,0.6,0.4,0.3,"WBD,BABA,GOOG,AMD",4,0.6,1.0,SPY and QQQ above 200D MA
2010-01-01,2025-09-19,2025-09-22,2025-09-29,growth_champion_v3,0.0142376260366689,0.6,0.4,0.15,"WBD,GOOGL,INTC,AVGO",4,0.6,1.0,SPY and QQQ above 200D MA
2010-01-01,2025-09-19,2025-09-22,2025-09-29,growth_champion_v2,0.0142376260366689,0.6,0.4,0.15,"WBD,GOOGL,INTC,AVGO",4,0.6,1.0,base cap 60%
2008-01-01,2025-09-19,2025-09-22,2025-09-29,growth_champion_v3,-0.0143538542146616,0.6,0.4,0.0,"WBD,GOOGL,GOOG,AMD",4,0.6,1.0,SPY and QQQ above 200D MA
2008-01-01,2025-09-19,2025-09-22,2025-09-29,growth_champion_v2,-0.0143538542146616,0.6,0.4,0.0,"WBD,GOOGL,GOOG,AMD",4,0.6,1.0,base cap 60%
2020-01-01,2025-09-22,2025-09-23,2025-09-30,growth_champion_v3,0.0138221588441939,0.6,0.4,0.0,"KEEL,JMIA,MDB,AMD",4,0.6,1.0,SPY and QQQ above 200D MA
2022-01-03,2025-09-22,2025-09-23,2025-09-30,growth_champion_v3,-0.0011825627272708,0.6,0.4,0.0,"KEEL,JMIA,MDB,RKLB",4,0.6,1.0,SPY and QQQ above 200D MA
2022-01-03,2025-09-22,2025-09-23,2025-09-30,growth_champion_v2,-0.0011825627272708,0.6,0.4,0.0,"KEEL,JMIA,MDB,RKLB",4,0.6,1.0,base cap 60%
2020-01-01,2025-09-22,2025-09-23,2025-09-30,growth_champion_v2,0.0138221588441939,0.6,0.4,0.0,"KEEL,JMIA,MDB,AMD",4,0.6,1.0,base cap 60%
2015-01-01,2025-09-24,2025-09-25,2025-10-02,growth_champion_v3,0.0155452697216237,0.6,0.4,0.0,"WBD,BABA,GOOG,AMD",4,0.6,1.0,SPY and QQQ above 200D MA
2015-01-01,2025-09-24,2025-09-25,2025-10-02,growth_champion_v2,0.0155452697216237,0.6,0.4,0.0,"WBD,BABA,GOOG,AMD",4,0.6,1.0,base cap 60%
2010-01-01,2025-09-26,2025-09-29,2025-10-06,growth_champion_v2,0.0183223804100436,0.6,0.4,0.0,"WBD,INTC,GOOGL,AVGO",4,0.6,1.0,base cap 60%
2010-01-01,2025-09-26,2025-09-29,2025-10-06,growth_champion_v3,0.0183223804100436,0.6,0.4,0.0,"WBD,INTC,GOOGL,AVGO",4,0.6,1.0,SPY and QQQ above 200D MA
2008-01-01,2025-09-26,2025-09-29,2025-10-06,growth_champion_v2,0.0192393015590701,0.6,0.4,0.15,"WBD,INTC,GOOG,GOOGL",4,0.6,1.0,base cap 60%
2008-01-01,2025-09-26,2025-09-29,2025-10-06,growth_champion_v3,0.0192393015590701,0.6,0.4,0.15,"WBD,INTC,GOOG,GOOGL",4,0.6,1.0,SPY and QQQ above 200D MA
2020-01-01,2025-09-29,2025-09-30,2025-10-07,growth_champion_v2,0.0881937334249932,0.6,0.4,0.0,"KEEL,JMIA,MDB,AMD",4,0.6,1.0,base cap 60%
2022-01-03,2025-09-29,2025-09-30,2025-10-07,growth_champion_v2,0.0846767707954138,0.6,0.4,0.0,"KEEL,JMIA,MDB,RKLB",4,0.6,1.0,base cap 60%
2022-01-03,2025-09-29,2025-09-30,2025-10-07,growth_champion_v3,0.0846767707954138,0.6,0.4,0.0,"KEEL,JMIA,MDB,RKLB",4,0.6,1.0,SPY and QQQ above 200D MA
2020-01-01,2025-09-29,2025-09-30,2025-10-07,growth_champion_v3,0.0881937334249932,0.6,0.4,0.0,"KEEL,JMIA,MDB,AMD",4,0.6,1.0,SPY and QQQ above 200D MA
2015-01-01,2025-10-01,2025-10-02,2025-10-09,growth_champion_v2,0.028603030490681,0.6,0.4,0.0,"WBD,BABA,GOOG,AMD",4,0.6,1.0,base cap 60%
2015-01-01,2025-10-01,2025-10-02,2025-10-09,growth_champion_v3,0.028603030490681,0.6,0.4,0.0,"WBD,BABA,GOOG,AMD",4,0.6,1.0,SPY and QQQ above 200D MA
2010-01-01,2025-10-03,2025-10-06,2025-10-13,growth_champion_v2,-0.001915823775612,0.6,0.4,0.0,"WBD,INTC,AVGO,GOOGL",4,0.6,1.0,base cap 60%
2008-01-01,2025-10-03,2025-10-06,2025-10-13,growth_champion_v2,-0.0154962169677296,0.6,0.4,0.0,"WBD,INTC,GOOG,GOOGL",4,0.6,1.0,base cap 60%
2008-01-01,2025-10-03,2025-10-06,2025-10-13,growth_champion_v3,-0.0154962169677296,0.6,0.4,0.0,"WBD,INTC,GOOG,GOOGL",4,0.6,1.0,SPY and QQQ above 200D MA
2010-01-01,2025-10-03,2025-10-06,2025-10-13,growth_champion_v3,-0.001915823775612,0.6,0.4,0.0,"WBD,INTC,AVGO,GOOGL",4,0.6,1.0,SPY and QQQ above 200D MA
2020-01-01,2025-10-06,2025-10-07,2025-10-14,growth_champion_v2,0.1140257594759772,0.6,0.4,0.0,"KEEL,JMIA,MDB,AMD",4,0.6,1.0,base cap 60%
2022-01-03,2025-10-06,2025-10-07,2025-10-14,growth_champion_v3,0.1510696255993284,0.6,0.4,0.15,"RGTI,KEEL,MDB,JMIA",4,0.6,1.0,SPY and QQQ above 200D MA
2020-01-01,2025-10-06,2025-10-07,2025-10-14,growth_champion_v3,0.1140257594759772,0.6,0.4,0.0,"KEEL,JMIA,MDB,AMD",4,0.6,1.0,SPY and QQQ above 200D MA
2022-01-03,2025-10-06,2025-10-07,2025-10-14,growth_champion_v2,0.1510696255993284,0.6,0.4,0.15,"RGTI,KEEL,MDB,JMIA",4,0.6,1.0,base cap 60%
2015-01-01,2025-10-08,2025-10-09,2025-10-16,growth_champion_v3,0.0153973052092943,0.6,0.4,0.3,"INTC,MU,GOOG,WBD",4,0.6,1.0,SPY and QQQ above 200D MA
2015-01-01,2025-10-08,2025-10-09,2025-10-16,growth_champion_v2,0.0153973052092943,0.6,0.4,0.3,"INTC,MU,GOOG,WBD",4,0.6,1.0,base cap 60%
2010-01-01,2025-10-10,2025-10-13,2025-10-20,growth_champion_v2,0.0158588536695402,0.6,0.4,0.15,"INTC,MU,WBD,AVGO",4,0.6,1.0,base cap 60%
2008-01-01,2025-10-10,2025-10-13,2025-10-20,growth_champion_v2,0.026586687807953,0.6,0.4,0.15,"INTC,MU,GOOG,WBD",4,0.6,1.0,base cap 60%
2010-01-01,2025-10-10,2025-10-13,2025-10-20,growth_champion_v3,0.0158588536695402,0.6,0.4,0.15,"INTC,MU,WBD,AVGO",4,0.6,1.0,SPY and QQQ above 200D MA
2008-01-01,2025-10-10,2025-10-13,2025-10-20,growth_champion_v3,0.026586687807953,0.6,0.4,0.15,"INTC,MU,GOOG,WBD",4,0.6,1.0,SPY and QQQ above 200D MA
2020-01-01,2025-10-13,2025-10-14,2025-10-21,growth_champion_v2,-0.0374489260379316,0.6,0.4,0.0,"KEEL,JMIA,MDB,AMD",4,0.6,1.0,base cap 60%
2022-01-03,2025-10-13,2025-10-14,2025-10-21,growth_champion_v2,-0.0942496912037118,0.6,0.4,0.0,"KEEL,RGTI,MDB,JMIA",4,0.6,1.0,base cap 60%
2022-01-03,2025-10-13,2025-10-14,2025-10-21,growth_champion_v3,-0.0942496912037118,0.6,0.4,0.0,"KEEL,RGTI,MDB,JMIA",4,0.6,1.0,SPY and QQQ above 200D MA
2020-01-01,2025-10-13,2025-10-14,2025-10-21,growth_champion_v3,-0.0374489260379316,0.6,0.4,0.0,"KEEL,JMIA,MDB,AMD",4,0.6,1.0,SPY and QQQ above 200D MA
2015-01-01,2025-10-15,2025-10-16,2025-10-23,growth_champion_v3,0.0338477051116338,0.6,0.4,0.0,"INTC,MU,GOOG,WBD",4,0.6,1.0,SPY and QQQ above 200D MA
2015-01-01,2025-10-15,2025-10-16,2025-10-23,growth_champion_v2,0.0338477051116338,0.6,0.4,0.0,"INTC,MU,GOOG,WBD",4,0.6,1.0,base cap 60%
2008-01-01,2025-10-17,2025-10-20,2025-10-27,growth_champion_v3,0.0451446522763159,0.6,0.4,0.0,"MU,INTC,GOOG,WBD",4,0.6,1.0,SPY and QQQ above 200D MA
2010-01-01,2025-10-17,2025-10-20,2025-10-27,growth_champion_v2,0.0431121797100357,0.6,0.4,0.0,"MU,INTC,WBD,AVGO",4,0.6,1.0,base cap 60%
2010-01-01,2025-10-17,2025-10-20,2025-10-27,growth_champion_v3,0.0431121797100357,0.6,0.4,0.0,"MU,INTC,WBD,AVGO",4,0.6,1.0,SPY and QQQ above 200D MA
2008-01-01,2025-10-17,2025-10-20,2025-10-27,growth_champion_v2,0.0451446522763159,0.6,0.4,0.0,"MU,INTC,GOOG,WBD",4,0.6,1.0,base cap 60%
2022-01-03,2025-10-20,2025-10-21,2025-10-28,growth_champion_v2,-0.0001731595349641,0.550016815406924,0.4499831845930759,0.0249915922965379,"KEEL,RGTI,MDB,JMIA",4,0.6,1.0,base cap 60%
2022-01-03,2025-10-20,2025-10-21,2025-10-28,growth_champion_v3,-0.0001731595349641,0.550016815406924,0.4499831845930759,0.0249915922965379,"KEEL,RGTI,MDB,JMIA",4,0.6,1.0,SPY and QQQ above 200D MA
2020-01-01,2025-10-20,2025-10-21,2025-10-28,growth_champion_v2,0.0233894624894554,0.6,0.4,0.0,"KEEL,JMIA,MDB,AMD",4,0.6,1.0,base cap 60%
2020-01-01,2025-10-20,2025-10-21,2025-10-28,growth_champion_v3,0.0233894624894554,0.6,0.4,0.0,"KEEL,JMIA,MDB,AMD",4,0.6,1.0,SPY and QQQ above 200D MA
2015-01-01,2025-10-22,2025-10-23,2025-10-30,growth_champion_v3,0.039680746148703,0.6,0.4,0.0,"INTC,MU,GOOG,WBD",4,0.6,1.0,SPY and QQQ above 200D MA
2015-01-01,2025-10-22,2025-10-23,2025-10-30,growth_champion_v2,0.039680746148703,0.6,0.4,0.0,"INTC,MU,GOOG,WBD",4,0.6,1.0,base cap 60%
2008-01-01,2025-10-24,2025-10-27,2025-11-03,growth_champion_v2,0.0265952431033434,0.6,0.4,0.0,"MU,INTC,GOOG,WBD",4,0.6,1.0,base cap 60%
2010-01-01,2025-10-24,2025-10-27,2025-11-03,growth_champion_v3,0.0189170011869918,0.6,0.4,0.0,"MU,INTC,WBD,AVGO",4,0.6,1.0,SPY and QQQ above 200D MA
2008-01-01,2025-10-24,2025-10-27,2025-11-03,growth_champion_v3,0.0265952431033434,0.6,0.4,0.0,"MU,INTC,GOOG,WBD",4,0.6,1.0,SPY and QQQ above 200D MA
2010-01-01,2025-10-24,2025-10-27,2025-11-03,growth_champion_v2,0.0189170011869918,0.6,0.4,0.0,"MU,INTC,WBD,AVGO",4,0.6,1.0,base cap 60%
2022-01-03,2025-10-27,2025-10-28,2025-11-04,growth_champion_v2,-0.0232604276414866,0.548511662464916,0.451488337535084,0.000752576471004,"KEEL,RGTI,MDB,JMIA",4,0.6,1.0,base cap 60%
2020-01-01,2025-10-27,2025-10-28,2025-11-04,growth_champion_v2,-0.0224239049967179,0.6,0.4,0.0,"KEEL,JMIA,MDB,AMD",4,0.6,1.0,base cap 60%
2022-01-03,2025-10-27,2025-10-28,2025-11-04,growth_champion_v3,-0.0232604276414866,0.548511662464916,0.451488337535084,0.000752576471004,"KEEL,RGTI,MDB,JMIA",4,0.6,1.0,SPY and QQQ above 200D MA
2020-01-01,2025-10-27,2025-10-28,2025-11-04,growth_champion_v3,-0.0224239049967179,0.6,0.4,0.0,"KEEL,JMIA,MDB,AMD",4,0.6,1.0,SPY and QQQ above 200D MA
2015-01-01,2025-10-29,2025-10-30,2025-11-06,growth_champion_v3,0.006063351002182,0.6,0.4,0.0,"MU,INTC,GOOG,WBD",4,0.6,1.0,SPY and QQQ above 200D MA
2015-01-01,2025-10-29,2025-10-30,2025-11-06,growth_champion_v2,0.006063351002182,0.6,0.4,0.0,"MU,INTC,GOOG,WBD",4,0.6,1.0,base cap 60%
2010-01-01,2025-10-31,2025-11-03,2025-11-10,growth_champion_v2,0.0108223891623258,0.6,0.4,0.0,"MU,INTC,WBD,AVGO",4,0.6,1.0,base cap 60%
2008-01-01,2025-10-31,2025-11-03,2025-11-10,growth_champion_v3,0.0159593315947652,0.6,0.4,0.0,"MU,INTC,GOOG,WBD",4,0.6,1.0,SPY and QQQ above 200D MA
2008-01-01,2025-10-31,2025-11-03,2025-11-10,growth_champion_v2,0.0159593315947652,0.6,0.4,0.0,"MU,INTC,GOOG,WBD",4,0.6,1.0,base cap 60%
2010-01-01,2025-10-31,2025-11-03,2025-11-10,growth_champion_v3,0.0108223891623258,0.6,0.4,0.0,"MU,INTC,WBD,AVGO",4,0.6,1.0,SPY and QQQ above 200D MA
2022-01-03,2025-11-03,2025-11-04,2025-11-11,growth_champion_v3,-0.0271795988704,0.533629426899563,0.4663705731004369,0.0074411177826764,"KEEL,RGTI,MDB,JMIA",4,0.6,1.0,SPY and QQQ above 200D MA
2020-01-01,2025-11-03,2025-11-04,2025-11-11,growth_champion_v3,-0.0163215886620907,0.6,0.4,0.15,"KEEL,WBD,MDB,AMD",4,0.6,1.0,SPY and QQQ above 200D MA
2020-01-01,2025-11-03,2025-11-04,2025-11-11,growth_champion_v2,-0.0163215886620907,0.6,0.4,0.15,"KEEL,WBD,MDB,AMD",4,0.6,1.0,base cap 60%
2022-01-03,2025-11-03,2025-11-04,2025-11-11,growth_champion_v2,-0.0271795988704,0.533629426899563,0.4663705731004369,0.0074411177826764,"KEEL,RGTI,MDB,JMIA",4,0.6,1.0,base cap 60%
2015-01-01,2025-11-05,2025-11-06,2025-11-13,growth_champion_v2,-0.0113688189948312,0.6,0.4,0.0,"WBD,MU,GOOG,INTC",4,0.6,1.0,base cap 60%
2015-01-01,2025-11-05,2025-11-06,2025-11-13,growth_champion_v3,-0.0113688189948312,0.6,0.4,0.0,"WBD,MU,GOOG,INTC",4,0.6,1.0,SPY and QQQ above 200D MA
2008-01-01,2025-11-07,2025-11-10,2025-11-17,growth_champion_v3,-0.025454034127232,0.6,0.4,0.0,"WBD,MU,GOOG,INTC",4,0.6,1.0,SPY and QQQ above 200D MA
2010-01-01,2025-11-07,2025-11-10,2025-11-17,growth_champion_v2,-0.0294660426684057,0.6,0.4,0.0,"WBD,MU,INTC,AVGO",4,0.6,1.0,base cap 60%
2010-01-01,2025-11-07,2025-11-10,2025-11-17,growth_champion_v3,-0.0294660426684057,0.6,0.4,0.0,"WBD,MU,INTC,AVGO",4,0.6,1.0,SPY and QQQ above 200D MA
2008-01-01,2025-11-07,2025-11-10,2025-11-17,growth_champion_v2,-0.025454034127232,0.6,0.4,0.0,"WBD,MU,GOOG,INTC",4,0.6,1.0,base cap 60%
2020-01-01,2025-11-10,2025-11-11,2025-11-18,growth_champion_v2,-0.0448299408443611,0.6,0.4,0.15,"KEEL,MU,MDB,WBD",4,0.6,1.0,base cap 60%
2022-01-03,2025-11-10,2025-11-11,2025-11-18,growth_champion_v3,-0.0446827166380589,0.5229356885370966,0.4770643114629034,0.1360807913155073,"KEEL,MU,MDB,JMIA",4,0.6,1.0,SPY and QQQ above 200D MA
2020-01-01,2025-11-10,2025-11-11,2025-11-18,growth_champion_v3,-0.0448299408443611,0.6,0.4,0.15,"KEEL,MU,MDB,WBD",4,0.6,1.0,SPY and QQQ above 200D MA
2022-01-03,2025-11-10,2025-11-11,2025-11-18,growth_champion_v2,-0.0446827166380589,0.5229356885370966,0.4770643114629034,0.1360807913155073,"KEEL,MU,MDB,JMIA",4,0.6,1.0,base cap 60%
2015-01-01,2025-11-12,2025-11-13,2025-11-20,growth_champion_v2,-0.0212395531166968,0.6,0.4,0.0,"MU,WBD,GOOG,INTC",4,0.6,1.0,base cap 60%
2015-01-01,2025-11-12,2025-11-13,2025-11-20,growth_champion_v3,-0.0212395531166968,0.6,0.4,0.0,"MU,WBD,GOOG,INTC",4,0.6,1.0,SPY and QQQ above 200D MA
2008-01-01,2025-11-14,2025-11-17,2025-11-24,growth_champion_v3,0.01155072767874,0.6,0.4,0.0,"MU,WBD,GOOG,INTC",4,0.6,1.0,SPY and QQQ above 200D MA
2008-01-01,2025-11-14,2025-11-17,2025-11-24,growth_champion_v2,0.01155072767874,0.6,0.4,0.0,"MU,WBD,GOOG,INTC",4,0.6,1.0,base cap 60%
2010-01-01,2025-11-14,2025-11-17,2025-11-24,growth_champion_v3,0.009744539199096,0.6,0.4,0.0,"MU,WBD,INTC,AVGO",4,0.6,1.0,SPY and QQQ above 200D MA
2010-01-01,2025-11-14,2025-11-17,2025-11-24,growth_champion_v2,0.009744539199096,0.6,0.4,0.0,"MU,WBD,INTC,AVGO",4,0.6,1.0,base cap 60%
2022-01-03,2025-11-17,2025-11-18,2025-11-25,growth_champion_v3,0.0048531166296601,0.5037699672447764,0.4962300327552236,0.1355253524573542,"MU,WBD,MDB,JMIA",4,0.6,1.0,SPY and QQQ above 200D MA
2020-01-01,2025-11-17,2025-11-18,2025-11-25,growth_champion_v2,-0.0088500906296922,0.6,0.4,0.0,"MU,WBD,MDB,KEEL",4,0.6,1.0,base cap 60%
2020-01-01,2025-11-17,2025-11-18,2025-11-25,growth_champion_v3,-0.0088500906296922,0.6,0.4,0.0,"MU,WBD,MDB,KEEL",4,0.6,1.0,SPY and QQQ above 200D MA
2022-01-03,2025-11-17,2025-11-18,2025-11-25,growth_champion_v2,0.0048531166296601,0.5037699672447764,0.4962300327552236,0.1355253524573542,"MU,WBD,MDB,JMIA",4,0.6,1.0,base cap 60%
2015-01-01,2025-11-19,2025-11-20,2025-11-28,growth_champion_v3,0.0800504426973864,0.6,0.4,0.0,"WBD,MU,GOOG,INTC",4,0.6,1.0,SPY and QQQ above 200D MA
2015-01-01,2025-11-19,2025-11-20,2025-11-28,growth_champion_v2,0.0800504426973864,0.6,0.4,0.0,"WBD,MU,GOOG,INTC",4,0.6,1.0,base cap 60%
2010-01-01,2025-11-21,2025-11-24,2025-12-02,growth_champion_v2,0.0550013731604403,0.6,0.4,0.0,"WBD,MU,INTC,AVGO",4,0.6,1.0,base cap 60%
2010-01-01,2025-11-21,2025-11-24,2025-12-02,growth_champion_v3,0.0550013731604403,0.6,0.4,0.0,"WBD,MU,INTC,AVGO",4,0.6,1.0,SPY and QQQ above 200D MA
2008-01-01,2025-11-21,2025-11-24,2025-12-02,growth_champion_v3,0.0524147135798123,0.6,0.4,0.0,"WBD,MU,GOOG,INTC",4,0.6,1.0,SPY and QQQ above 200D MA
2008-01-01,2025-11-21,2025-11-24,2025-12-02,growth_champion_v2,0.0524147135798123,0.6,0.4,0.0,"WBD,MU,GOOG,INTC",4,0.6,1.0,base cap 60%
2022-01-03,2025-11-24,2025-11-25,2025-12-03,growth_champion_v3,0.0431668324011293,0.5037907297837774,0.4962092702162226,1.0381269500481238e-05,"WBD,MU,MDB,JMIA",4,0.6,1.0,SPY and QQQ above 200D MA
2022-01-03,2025-11-24,2025-11-25,2025-12-03,growth_champion_v2,0.0431668324011293,0.5037907297837774,0.4962092702162226,1.0381269500481238e-05,"WBD,MU,MDB,JMIA",4,0.6,1.0,base cap 60%
2020-01-01,2025-11-24,2025-11-25,2025-12-03,growth_champion_v3,0.0689081339851339,0.6,0.4,0.0,"WBD,MU,MDB,KEEL",4,0.6,1.0,SPY and QQQ above 200D MA
2020-01-01,2025-11-24,2025-11-25,2025-12-03,growth_champion_v2,0.0689081339851339,0.6,0.4,0.0,"WBD,MU,MDB,KEEL",4,0.6,1.0,base cap 60%
2015-01-01,2025-11-26,2025-11-28,2025-12-05,growth_champion_v3,0.0175359634126498,0.6,0.4,0.0,"WBD,MU,GOOG,INTC",4,0.6,1.0,SPY and QQQ above 200D MA
2015-01-01,2025-11-26,2025-11-28,2025-12-05,growth_champion_v2,0.0175359634126498,0.6,0.4,0.0,"WBD,MU,GOOG,INTC",4,0.6,1.0,base cap 60%
2008-01-01,2025-12-01,2025-12-02,2025-12-09,growth_champion_v2,0.0215783561799933,0.6,0.4,0.0,"WBD,MU,GOOG,INTC",4,0.6,1.0,base cap 60%
2010-01-01,2025-12-01,2025-12-02,2025-12-09,growth_champion_v2,0.0303765508863479,0.6,0.4,0.0,"WBD,MU,INTC,AVGO",4,0.6,1.0,base cap 60%
2010-01-01,2025-12-01,2025-12-02,2025-12-09,growth_champion_v3,0.0303765508863479,0.6,0.4,0.0,"WBD,MU,INTC,AVGO",4,0.6,1.0,SPY and QQQ above 200D MA
2008-01-01,2025-12-01,2025-12-02,2025-12-09,growth_champion_v3,0.0215783561799933,0.6,0.4,0.0,"WBD,MU,GOOG,INTC",4,0.6,1.0,SPY and QQQ above 200D MA
2022-01-03,2025-12-02,2025-12-03,2025-12-10,growth_champion_v2,0.0362638907277043,0.5000796831469382,0.4999203168530618,0.1268754441051541,"KEEL,WBD,MDB,JMIA",4,0.6,1.0,base cap 60%
2020-01-01,2025-12-02,2025-12-03,2025-12-10,growth_champion_v3,0.0489442714669007,0.6,0.4,0.0,"KEEL,WBD,MDB,MU",4,0.6,1.0,SPY and QQQ above 200D MA
2022-01-03,2025-12-02,2025-12-03,2025-12-10,growth_champion_v3,0.0362638907277043,0.5000796831469382,0.4999203168530618,0.1268754441051541,"KEEL,WBD,MDB,JMIA",4,0.6,1.0,SPY and QQQ above 200D MA
2020-01-01,2025-12-02,2025-12-03,2025-12-10,growth_champion_v2,0.0489442714669007,0.6,0.4,0.0,"KEEL,WBD,MDB,MU",4,0.6,1.0,base cap 60%
2015-01-01,2025-12-04,2025-12-05,2025-12-12,growth_champion_v3,-0.0008230128171621,0.6,0.4,0.15,"WBD,AMAT,GOOG,INTC",4,0.6,1.0,SPY and QQQ above 200D MA
2015-01-01,2025-12-04,2025-12-05,2025-12-12,growth_champion_v2,-0.0008230128171621,0.6,0.4,0.15,"WBD,AMAT,GOOG,INTC",4,0.6,1.0,base cap 60%
2010-01-01,2025-12-08,2025-12-09,2025-12-16,growth_champion_v2,-0.0370722196710435,0.6,0.4,0.15,"AMAT,INTC,WBD,AVGO",4,0.6,1.0,base cap 60%
2008-01-01,2025-12-08,2025-12-09,2025-12-16,growth_champion_v3,-0.0178083955530479,0.6,0.4,0.15,"AMAT,INTC,GOOG,WBD",4,0.6,1.0,SPY and QQQ above 200D MA
2010-01-01,2025-12-08,2025-12-09,2025-12-16,growth_champion_v3,-0.0370722196710435,0.6,0.4,0.15,"AMAT,INTC,WBD,AVGO",4,0.6,1.0,SPY and QQQ above 200D MA
2008-01-01,2025-12-08,2025-12-09,2025-12-16,growth_champion_v2,-0.0178083955530479,0.6,0.4,0.15,"AMAT,INTC,GOOG,WBD",4,0.6,1.0,base cap 60%
2022-01-03,2025-12-09,2025-12-10,2025-12-17,growth_champion_v2,-0.0519388483002087,0.5025755833962259,0.4974244166037741,0.2512877916981129,"ASTS,INTC,MDB,WBD",4,0.6,1.0,base cap 60%
2020-01-01,2025-12-09,2025-12-10,2025-12-17,growth_champion_v3,-0.0620072084869995,0.6,0.4,0.3,"ASTS,INTC,MDB,WBD",4,0.6,1.0,SPY and QQQ above 200D MA
2020-01-01,2025-12-09,2025-12-10,2025-12-17,growth_champion_v2,-0.0620072084869995,0.6,0.4,0.3,"ASTS,INTC,MDB,WBD",4,0.6,1.0,base cap 60%
2022-01-03,2025-12-09,2025-12-10,2025-12-17,growth_champion_v3,-0.0519388483002087,0.5025755833962259,0.4974244166037741,0.2512877916981129,"ASTS,INTC,MDB,WBD",4,0.6,1.0,SPY and QQQ above 200D MA
2015-01-01,2025-12-11,2025-12-12,2025-12-19,growth_champion_v3,-0.0011909128690105,0.6,0.4,0.15,"WBD,MU,AMAT,INTC",4,0.6,1.0,SPY and QQQ above 200D MA
2015-01-01,2025-12-11,2025-12-12,2025-12-19,growth_champion_v2,-0.0011909128690105,0.6,0.4,0.15,"WBD,MU,AMAT,INTC",4,0.6,1.0,base cap 60%
2010-01-01,2025-12-15,2025-12-16,2025-12-23,growth_champion_v3,-0.0023419458816941,0.6,0.4,0.1499999999999999,"WBD,AMAT,INTC",3,0.6,1.0,SPY and QQQ above 200D MA
2008-01-01,2025-12-15,2025-12-16,2025-12-23,growth_champion_v2,0.0021186815072325,0.6,0.4,0.0,"WBD,AMAT,INTC,GOOG",4,0.6,1.0,base cap 60%
2010-01-01,2025-12-15,2025-12-16,2025-12-23,growth_champion_v2,-0.0023419458816941,0.6,0.4,0.1499999999999999,"WBD,AMAT,INTC",3,0.6,1.0,base cap 60%
2008-01-01,2025-12-15,2025-12-16,2025-12-23,growth_champion_v3,0.0021186815072325,0.6,0.4,0.0,"WBD,AMAT,INTC,GOOG",4,0.6,1.0,SPY and QQQ above 200D MA
2020-01-01,2025-12-16,2025-12-17,2025-12-24,growth_champion_v2,0.0508052658959885,0.5690957477725721,0.4309042522274279,0.0154521261137139,"WBD,ASTS,MDB,INTC",4,0.6,1.0,base cap 60%
2020-01-01,2025-12-16,2025-12-17,2025-12-24,growth_champion_v3,0.0508052658959885,0.5690957477725721,0.4309042522274279,0.0154521261137139,"WBD,ASTS,MDB,INTC",4,0.6,1.0,SPY and QQQ above 200D MA
2022-01-03,2025-12-16,2025-12-17,2025-12-24,growth_champion_v3,0.0432655543377925,0.4846395853742593,0.5153604146257407,0.0089679990109833,"WBD,ASTS,MDB,INTC",4,0.6,1.0,SPY and QQQ above 200D MA
2022-01-03,2025-12-16,2025-12-17,2025-12-24,growth_champion_v2,0.0432655543377925,0.4846395853742593,0.5153604146257407,0.0089679990109833,"WBD,ASTS,MDB,INTC",4,0.6,1.0,base cap 60%
2015-01-01,2025-12-18,2025-12-19,2025-12-29,growth_champion_v2,0.0249387287642275,0.6,0.4,0.0,"MU,WBD,AMAT,INTC",4,0.6,1.0,base cap 60%
2015-01-01,2025-12-18,2025-12-19,2025-12-29,growth_champion_v3,0.0249387287642275,0.6,0.4,0.0,"MU,WBD,AMAT,INTC",4,0.6,1.0,SPY and QQQ above 200D MA
2008-01-01,2025-12-22,2025-12-23,2025-12-31,growth_champion_v2,0.0037290520603451,0.6,0.4,0.15,"MU,WBD,AMAT,INTC",4,0.6,1.0,base cap 60%
2010-01-01,2025-12-22,2025-12-23,2025-12-31,growth_champion_v2,0.0037290520603451,0.6,0.4,0.1499999999999999,"MU,WBD,AMAT,INTC",4,0.6,1.0,base cap 60%
2010-01-01,2025-12-22,2025-12-23,2025-12-31,growth_champion_v3,0.0037290520603451,0.6,0.4,0.1499999999999999,"MU,WBD,AMAT,INTC",4,0.6,1.0,SPY and QQQ above 200D MA
2008-01-01,2025-12-22,2025-12-23,2025-12-31,growth_champion_v3,0.0037290520603451,0.6,0.4,0.15,"MU,WBD,AMAT,INTC",4,0.6,1.0,SPY and QQQ above 200D MA
2022-01-03,2025-12-23,2025-12-24,2026-01-02,growth_champion_v3,-0.0063401510629124,0.4789684785880371,0.521031521411963,0.1225776730401203,"RKLB,ASTS,MDB,WBD",4,0.6,1.0,SPY and QQQ above 200D MA
2020-01-01,2025-12-23,2025-12-24,2026-01-02,growth_champion_v2,0.0088274768018122,0.5590023881594844,0.4409976118405155,0.1447972768464149,"ASTS,MU,MDB,WBD",4,0.6,1.0,base cap 60%
2020-01-01,2025-12-23,2025-12-24,2026-01-02,growth_champion_v3,0.0088274768018122,0.5590023881594844,0.4409976118405155,0.1447972768464149,"ASTS,MU,MDB,WBD",4,0.6,1.0,SPY and QQQ above 200D MA
2022-01-03,2025-12-23,2025-12-24,2026-01-02,growth_champion_v2,-0.0063401510629124,0.4789684785880371,0.521031521411963,0.1225776730401203,"RKLB,ASTS,MDB,WBD",4,0.6,1.0,base cap 60%
2015-01-01,2025-12-26,2025-12-29,2026-01-06,growth_champion_v2,0.0561690814077699,0.6,0.4,0.1499999999999999,"MU,WBD,AMAT",3,0.6,1.0,base cap 60%
2015-01-01,2025-12-26,2025-12-29,2026-01-06,growth_champion_v3,0.0561690814077699,0.6,0.4,0.1499999999999999,"MU,WBD,AMAT",3,0.6,1.0,SPY and QQQ above 200D MA
2008-01-01,2025-12-30,2025-12-31,2026-01-08,growth_champion_v3,0.0448718595575998,0.6,0.4,0.1499999999999999,"MU,WBD,AMAT",3,0.6,1.0,SPY and QQQ above 200D MA
2010-01-01,2025-12-30,2025-12-31,2026-01-08,growth_champion_v2,0.0448718595575998,0.6,0.4,0.1499999999999999,"MU,WBD,AMAT",3,0.6,1.0,base cap 60%
2008-01-01,2025-12-30,2025-12-31,2026-01-08,growth_champion_v2,0.0448718595575998,0.6,0.4,0.1499999999999999,"MU,WBD,AMAT",3,0.6,1.0,base cap 60%
2010-01-01,2025-12-30,2025-12-31,2026-01-08,growth_champion_v3,0.0448718595575998,0.6,0.4,0.1499999999999999,"MU,WBD,AMAT",3,0.6,1.0,SPY and QQQ above 200D MA
2022-01-03,2025-12-31,2026-01-02,2026-01-09,growth_champion_v3,0.0410669170875387,0.5113590424311071,0.4886409575688929,0.0161952819215349,"RKLB,WBD,MDB,ASTS",4,0.6,1.0,SPY and QQQ above 200D MA
2020-01-01,2025-12-31,2026-01-02,2026-01-09,growth_champion_v2,0.0448062238003068,0.6,0.4,0.0204988059202577,"WBD,MU,MDB,ASTS",4,0.6,1.0,base cap 60%
2022-01-03,2025-12-31,2026-01-02,2026-01-09,growth_champion_v2,0.0410669170875387,0.5113590424311071,0.4886409575688929,0.0161952819215349,"RKLB,WBD,MDB,ASTS",4,0.6,1.0,base cap 60%
2020-01-01,2025-12-31,2026-01-02,2026-01-09,growth_champion_v3,0.0448062238003068,0.6,0.4,0.0204988059202577,"WBD,MU,MDB,ASTS",4,0.6,1.0,SPY and QQQ above 200D MA
2015-01-01,2026-01-05,2026-01-06,2026-01-13,growth_champion_v3,0.0056395006183568,0.6,0.4,0.0,"MU,WBD,AMAT",3,0.6,1.0,SPY and QQQ above 200D MA
2015-01-01,2026-01-05,2026-01-06,2026-01-13,growth_champion_v2,0.0056395006183568,0.6,0.4,0.0,"MU,WBD,AMAT",3,0.6,1.0,base cap 60%
2010-01-01,2026-01-07,2026-01-08,2026-01-15,growth_champion_v2,0.0247035940756239,0.6,0.4,0.1499999999999999,"MU,ILMN,AMAT,WBD",4,0.6,1.0,base cap 60%
2008-01-01,2026-01-07,2026-01-08,2026-01-15,growth_champion_v2,0.0247035940756239,0.6,0.4,0.1499999999999999,"MU,ILMN,AMAT,WBD",4,0.6,1.0,base cap 60%
2008-01-01,2026-01-07,2026-01-08,2026-01-15,growth_champion_v3,0.0247035940756239,0.6,0.4,0.1499999999999999,"MU,ILMN,AMAT,WBD",4,0.6,1.0,SPY and QQQ above 200D MA
2010-01-01,2026-01-07,2026-01-08,2026-01-15,growth_champion_v3,0.0247035940756239,0.6,0.4,0.1499999999999999,"MU,ILMN,AMAT,WBD",4,0.6,1.0,SPY and QQQ above 200D MA
2020-01-01,2026-01-08,2026-01-09,2026-01-16,growth_champion_v2,0.0036107894700326,0.6,0.4,0.15,"MU,ILMN,MDB,WBD",4,0.6,1.0,base cap 60%
2022-01-03,2026-01-08,2026-01-09,2026-01-16,growth_champion_v3,0.023235699958805,0.6,0.4,0.1721602393922232,"MU,RKLB,MDB,WBD",4,0.6,1.0,SPY and QQQ above 200D MA
2020-01-01,2026-01-08,2026-01-09,2026-01-16,growth_champion_v3,0.0036107894700326,0.6,0.4,0.15,"MU,ILMN,MDB,WBD",4,0.6,1.0,SPY and QQQ above 200D MA
2022-01-03,2026-01-08,2026-01-09,2026-01-16,growth_champion_v2,0.023235699958805,0.6,0.4,0.1721602393922232,"MU,RKLB,MDB,WBD",4,0.6,1.0,base cap 60%
2015-01-01,2026-01-12,2026-01-13,2026-01-21,growth_champion_v3,0.0407253746099455,0.6,0.4,0.1499999999999999,"MU,LRCX,AMAT,WBD",4,0.6,1.0,SPY and QQQ above 200D MA
2015-01-01,2026-01-12,2026-01-13,2026-01-21,growth_champion_v2,0.0407253746099455,0.6,0.4,0.1499999999999999,"MU,LRCX,AMAT,WBD",4,0.6,1.0,base cap 60%
2010-01-01,2026-01-14,2026-01-15,2026-01-23,growth_champion_v3,0.0304306683452943,0.6,0.4,0.15,"MU,LRCX,AMAT,WBD",4,0.6,1.0,SPY and QQQ above 200D MA
2010-01-01,2026-01-14,2026-01-15,2026-01-23,growth_champion_v2,0.0304306683452943,0.6,0.4,0.15,"MU,LRCX,AMAT,WBD",4,0.6,1.0,base cap 60%
2008-01-01,2026-01-14,2026-01-15,2026-01-23,growth_champion_v3,0.0304306683452943,0.6,0.4,0.15,"MU,LRCX,AMAT,WBD",4,0.6,1.0,SPY and QQQ above 200D MA
2008-01-01,2026-01-14,2026-01-15,2026-01-23,growth_champion_v2,0.0304306683452943,0.6,0.4,0.15,"MU,LRCX,AMAT,WBD",4,0.6,1.0,base cap 60%
2022-01-03,2026-01-15,2026-01-16,2026-01-26,growth_champion_v2,-0.0112230859745642,0.6,0.4,0.0,"MU,RKLB,MDB,WBD",4,0.6,1.0,base cap 60%
2020-01-01,2026-01-15,2026-01-16,2026-01-26,growth_champion_v3,0.0133581086957381,0.6,0.4,0.15,"MU,LRCX,MDB,WBD",4,0.6,1.0,SPY and QQQ above 200D MA
2022-01-03,2026-01-15,2026-01-16,2026-01-26,growth_champion_v3,-0.0112230859745642,0.6,0.4,0.0,"MU,RKLB,MDB,WBD",4,0.6,1.0,SPY and QQQ above 200D MA
2020-01-01,2026-01-15,2026-01-16,2026-01-26,growth_champion_v2,0.0133581086957381,0.6,0.4,0.15,"MU,LRCX,MDB,WBD",4,0.6,1.0,base cap 60%
2015-01-01,2026-01-20,2026-01-21,2026-01-28,growth_champion_v3,0.0275642788252842,0.6,0.4,0.0,"MU,LRCX,AMAT,WBD",4,0.6,1.0,SPY and QQQ above 200D MA
2015-01-01,2026-01-20,2026-01-21,2026-01-28,growth_champion_v2,0.0275642788252842,0.6,0.4,0.0,"MU,LRCX,AMAT,WBD",4,0.6,1.0,base cap 60%
2008-01-01,2026-01-22,2026-01-23,2026-01-30,growth_champion_v2,0.02102960478227,0.6,0.4,0.15,"MU,INTC,AMAT,LRCX",4,0.6,1.0,base cap 60%
2008-01-01,2026-01-22,2026-01-23,2026-01-30,growth_champion_v3,0.02102960478227,0.6,0.4,0.15,"MU,INTC,AMAT,LRCX",4,0.6,1.0,SPY and QQQ above 200D MA
2010-01-01,2026-01-22,2026-01-23,2026-01-30,growth_champion_v3,0.02102960478227,0.6,0.4,0.15,"MU,INTC,AMAT,LRCX",4,0.6,1.0,SPY and QQQ above 200D MA
2010-01-01,2026-01-22,2026-01-23,2026-01-30,growth_champion_v2,0.02102960478227,0.6,0.4,0.15,"MU,INTC,AMAT,LRCX",4,0.6,1.0,base cap 60%
2020-01-01,2026-01-23,2026-01-26,2026-02-02,growth_champion_v2,-0.0024466600227797,0.6,0.4,0.15,"MRNA,MU,MDB,LRCX",4,0.6,1.0,base cap 60%
2022-01-03,2026-01-23,2026-01-26,2026-02-02,growth_champion_v2,-0.0161175644853165,0.6,0.4,0.15,"MRNA,MU,MDB,WBD",4,0.6,1.0,base cap 60%
2022-01-03,2026-01-23,2026-01-26,2026-02-02,growth_champion_v3,-0.0161175644853165,0.6,0.4,0.15,"MRNA,MU,MDB,WBD",4,0.6,1.0,SPY and QQQ above 200D MA
2020-01-01,2026-01-23,2026-01-26,2026-02-02,growth_champion_v3,-0.0024466600227797,0.6,0.4,0.15,"MRNA,MU,MDB,LRCX",4,0.6,1.0,SPY and QQQ above 200D MA
2015-01-01,2026-01-27,2026-01-28,2026-02-04,growth_champion_v2,-0.0604458996681342,0.6,0.4,0.0,"MU,LRCX,AMAT,WBD",4,0.6,1.0,base cap 60%
2015-01-01,2026-01-27,2026-01-28,2026-02-04,growth_champion_v3,-0.0604458996681342,0.6,0.4,0.0,"MU,LRCX,AMAT,WBD",4,0.6,1.0,SPY and QQQ above 200D MA
2008-01-01,2026-01-29,2026-01-30,2026-02-06,growth_champion_v3,0.0045134602872817,0.6,0.4,0.0,"MU,LRCX,AMAT,INTC",4,0.6,1.0,SPY and QQQ above 200D MA
2010-01-01,2026-01-29,2026-01-30,2026-02-06,growth_champion_v2,0.0045134602872817,0.6,0.4,0.0,"MU,LRCX,AMAT,INTC",4,0.6,1.0,base cap 60%
2008-01-01,2026-01-29,2026-01-30,2026-02-06,growth_champion_v2,0.0045134602872817,0.6,0.4,0.0,"MU,LRCX,AMAT,INTC",4,0.6,1.0,base cap 60%
2010-01-01,2026-01-29,2026-01-30,2026-02-06,growth_champion_v3,0.0045134602872817,0.6,0.4,0.0,"MU,LRCX,AMAT,INTC",4,0.6,1.0,SPY and QQQ above 200D MA
2020-01-01,2026-01-30,2026-02-02,2026-02-09,growth_champion_v3,-0.0345481480448738,0.6,0.4,0.1499999999999999,"MRNA,MU,LRCX",3,0.6,1.0,SPY and QQQ above 200D MA
2022-01-03,2026-01-30,2026-02-02,2026-02-09,growth_champion_v3,-0.0298789659675308,0.6,0.4,0.1499999999999999,"MRNA,MU,WBD",3,0.6,1.0,SPY and QQQ above 200D MA
2022-01-03,2026-01-30,2026-02-02,2026-02-09,growth_champion_v2,-0.0298789659675308,0.6,0.4,0.1499999999999999,"MRNA,MU,WBD",3,0.6,1.0,base cap 60%
2020-01-01,2026-01-30,2026-02-02,2026-02-09,growth_champion_v2,-0.0345481480448738,0.6,0.4,0.1499999999999999,"MRNA,MU,LRCX",3,0.6,1.0,base cap 60%
2015-01-01,2026-02-03,2026-02-04,2026-02-11,growth_champion_v3,0.0547447207641317,0.6,0.4,0.15,"MU,VALE,AMAT,LRCX",4,0.6,1.0,SPY and QQQ above 200D MA
2015-01-01,2026-02-03,2026-02-04,2026-02-11,growth_champion_v2,0.0547447207641317,0.6,0.4,0.15,"MU,VALE,AMAT,LRCX",4,0.6,1.0,base cap 60%
2010-01-01,2026-02-05,2026-02-06,2026-02-13,growth_champion_v2,0.0175933202887568,0.6,0.4,0.15,"MU,ODFL,AMAT,LRCX",4,0.6,1.0,base cap 60%
2008-01-01,2026-02-05,2026-02-06,2026-02-13,growth_champion_v3,0.0175933202887568,0.6,0.4,0.15,"MU,ODFL,AMAT,LRCX",4,0.6,1.0,SPY and QQQ above 200D MA
2010-01-01,2026-02-05,2026-02-06,2026-02-13,growth_champion_v3,0.0175933202887568,0.6,0.4,0.15,"MU,ODFL,AMAT,LRCX",4,0.6,1.0,SPY and QQQ above 200D MA
2008-01-01,2026-02-05,2026-02-06,2026-02-13,growth_champion_v2,0.0175933202887568,0.6,0.4,0.15,"MU,ODFL,AMAT,LRCX",4,0.6,1.0,base cap 60%
2022-01-03,2026-02-06,2026-02-09,2026-02-17,growth_champion_v2,0.0292494031690591,0.6,0.4,0.0,"MRNA,MU,WBD",3,0.6,1.0,base cap 60%
2020-01-01,2026-02-06,2026-02-09,2026-02-17,growth_champion_v2,0.0234254865036526,0.6,0.4,0.0,"MRNA,MU,LRCX",3,0.6,1.0,base cap 60%
2022-01-03,2026-02-06,2026-02-09,2026-02-17,growth_champion_v3,0.0292494031690591,0.6,0.4,0.0,"MRNA,MU,WBD",3,0.6,1.0,SPY and QQQ above 200D MA
2020-01-01,2026-02-06,2026-02-09,2026-02-17,growth_champion_v3,0.0234254865036526,0.6,0.4,0.0,"MRNA,MU,LRCX",3,0.6,1.0,SPY and QQQ above 200D MA
2015-01-01,2026-02-10,2026-02-11,2026-02-19,growth_champion_v2,0.0063849957176968,0.6,0.4,0.0,"MU,VALE,AMAT,LRCX",4,0.6,1.0,base cap 60%
2015-01-01,2026-02-10,2026-02-11,2026-02-19,growth_champion_v3,0.0063849957176968,0.6,0.4,0.0,"MU,VALE,AMAT,LRCX",4,0.6,1.0,SPY and QQQ above 200D MA
2010-01-01,2026-02-12,2026-02-13,2026-02-23,growth_champion_v2,0.0162799203752579,0.6,0.4,0.0,"MU,LRCX,AMAT,ODFL",4,0.6,1.0,base cap 60%
2008-01-01,2026-02-12,2026-02-13,2026-02-23,growth_champion_v3,0.0162799203752579,0.6,0.4,0.0,"MU,LRCX,AMAT,ODFL",4,0.6,1.0,SPY and QQQ above 200D MA
2010-01-01,2026-02-12,2026-02-13,2026-02-23,growth_champion_v3,0.0162799203752579,0.6,0.4,0.0,"MU,LRCX,AMAT,ODFL",4,0.6,1.0,SPY and QQQ above 200D MA
2008-01-01,2026-02-12,2026-02-13,2026-02-23,growth_champion_v2,0.0162799203752579,0.6,0.4,0.0,"MU,LRCX,AMAT,ODFL",4,0.6,1.0,base cap 60%
2022-01-03,2026-02-13,2026-02-17,2026-02-24,growth_champion_v3,0.0419049020605924,0.6,0.4,0.0,"MU,MRNA,WBD",3,0.6,1.0,SPY and QQQ above 200D MA
2022-01-03,2026-02-13,2026-02-17,2026-02-24,growth_champion_v2,0.0419049020605924,0.6,0.4,0.0,"MU,MRNA,WBD",3,0.6,1.0,base cap 60%
2020-01-01,2026-02-13,2026-02-17,2026-02-24,growth_champion_v2,0.0464828573296142,0.6,0.4,0.0,"MU,MRNA,LRCX",3,0.6,1.0,base cap 60%
2020-01-01,2026-02-13,2026-02-17,2026-02-24,growth_champion_v3,0.0464828573296142,0.6,0.4,0.0,"MU,MRNA,LRCX",3,0.6,1.0,SPY and QQQ above 200D MA
2015-01-01,2026-02-18,2026-02-19,2026-02-26,growth_champion_v2,0.0140804298460895,0.6,0.4,0.0,"MU,AMAT,LRCX,VALE",4,0.6,1.0,base cap 60%
2015-01-01,2026-02-18,2026-02-19,2026-02-26,growth_champion_v3,0.0140804298460895,0.6,0.4,0.0,"MU,AMAT,LRCX,VALE",4,0.6,1.0,SPY and QQQ above 200D MA
2008-01-01,2026-02-20,2026-02-23,2026-03-02,growth_champion_v3,0.0002455265732447,0.6,0.4,0.0,"MU,AMAT,LRCX,ODFL",4,0.6,1.0,SPY and QQQ above 200D MA
2008-01-01,2026-02-20,2026-02-23,2026-03-02,growth_champion_v2,0.0002455265732447,0.6,0.4,0.0,"MU,AMAT,LRCX,ODFL",4,0.6,1.0,base cap 60%
2010-01-01,2026-02-20,2026-02-23,2026-03-02,growth_champion_v3,0.0002455265732447,0.6,0.4,0.0,"MU,AMAT,LRCX,ODFL",4,0.6,1.0,SPY and QQQ above 200D MA
2010-01-01,2026-02-20,2026-02-23,2026-03-02,growth_champion_v2,0.0002455265732447,0.6,0.4,0.0,"MU,AMAT,LRCX,ODFL",4,0.6,1.0,base cap 60%
2020-01-01,2026-02-23,2026-02-24,2026-03-03,growth_champion_v2,-0.0431629762636467,0.6,0.4,0.0,"MRNA,MU,LRCX",3,0.6,1.0,base cap 60%
2022-01-03,2026-02-23,2026-02-24,2026-03-03,growth_champion_v3,-0.0275888622278562,0.6,0.4,0.0,"MRNA,MU,WBD",3,0.6,1.0,SPY and QQQ above 200D MA
2022-01-03,2026-02-23,2026-02-24,2026-03-03,growth_champion_v2,-0.0275888622278562,0.6,0.4,0.0,"MRNA,MU,WBD",3,0.6,1.0,base cap 60%
2020-01-01,2026-02-23,2026-02-24,2026-03-03,growth_champion_v3,-0.0431629762636467,0.6,0.4,0.0,"MRNA,MU,LRCX",3,0.6,1.0,SPY and QQQ above 200D MA
2015-01-01,2026-02-25,2026-02-26,2026-03-05,growth_champion_v2,-0.0498544680876112,0.6,0.4,0.0,"MU,AMAT,LRCX,VALE",4,0.6,1.0,base cap 60%
2015-01-01,2026-02-25,2026-02-26,2026-03-05,growth_champion_v3,-0.0498544680876112,0.6,0.4,0.0,"MU,AMAT,LRCX,VALE",4,0.6,1.0,SPY and QQQ above 200D MA
2008-01-01,2026-02-27,2026-03-02,2026-03-09,growth_champion_v3,-0.0420135090570499,0.6,0.4,0.0,"MU,ODFL,AMAT,LRCX",4,0.6,1.0,SPY and QQQ above 200D MA
2010-01-01,2026-02-27,2026-03-02,2026-03-09,growth_champion_v2,-0.0420135090570499,0.6,0.4,0.0,"MU,ODFL,AMAT,LRCX",4,0.6,1.0,base cap 60%
2010-01-01,2026-02-27,2026-03-02,2026-03-09,growth_champion_v3,-0.0420135090570499,0.6,0.4,0.0,"MU,ODFL,AMAT,LRCX",4,0.6,1.0,SPY and QQQ above 200D MA
2008-01-01,2026-02-27,2026-03-02,2026-03-09,growth_champion_v2,-0.0420135090570499,0.6,0.4,0.0,"MU,ODFL,AMAT,LRCX",4,0.6,1.0,base cap 60%
2020-01-01,2026-03-02,2026-03-03,2026-03-10,growth_champion_v3,0.0313717495546375,0.6,0.4,0.0,"MRNA,MU,LRCX",3,0.6,1.0,SPY and QQQ above 200D MA
2020-01-01,2026-03-02,2026-03-03,2026-03-10,growth_champion_v2,0.0313717495546375,0.6,0.4,0.0,"MRNA,MU,LRCX",3,0.6,1.0,base cap 60%
2022-01-03,2026-03-02,2026-03-03,2026-03-10,growth_champion_v3,0.0298916563942667,0.6,0.4,0.0,"MRNA,MU,WBD",3,0.6,1.0,SPY and QQQ above 200D MA
2022-01-03,2026-03-02,2026-03-03,2026-03-10,growth_champion_v2,0.0298916563942667,0.6,0.4,0.0,"MRNA,MU,WBD",3,0.6,1.0,base cap 60%
2015-01-01,2026-03-04,2026-03-05,2026-03-12,growth_champion_v2,-0.0290195966152299,0.6,0.4,0.15,"MU,ODFL,AMAT,LRCX",4,0.6,1.0,base cap 60%
2015-01-01,2026-03-04,2026-03-05,2026-03-12,growth_champion_v3,-0.0290195966152299,0.6,0.4,0.15,"MU,ODFL,AMAT,LRCX",4,0.6,1.0,SPY and QQQ above 200D MA
2008-01-01,2026-03-06,2026-03-09,2026-03-16,growth_champion_v2,0.0205252108178099,0.6,0.4,0.15,"PBR,MU,AMAT,ODFL",4,0.6,1.0,base cap 60%
2010-01-01,2026-03-06,2026-03-09,2026-03-16,growth_champion_v3,0.0205252108178099,0.6,0.4,0.15,"PBR,MU,AMAT,ODFL",4,0.6,1.0,SPY and QQQ above 200D MA
2008-01-01,2026-03-06,2026-03-09,2026-03-16,growth_champion_v3,0.0205252108178099,0.6,0.4,0.15,"PBR,MU,AMAT,ODFL",4,0.6,1.0,SPY and QQQ above 200D MA
2010-01-01,2026-03-06,2026-03-09,2026-03-16,growth_champion_v2,0.0205252108178099,0.6,0.4,0.15,"PBR,MU,AMAT,ODFL",4,0.6,1.0,base cap 60%
2020-01-01,2026-03-09,2026-03-10,2026-03-17,growth_champion_v3,0.0394405416143831,0.6,0.4,0.1499999999999999,"MRNA,PBR,LRCX,MU",4,0.6,1.0,SPY and QQQ above 200D MA
2022-01-03,2026-03-09,2026-03-10,2026-03-17,growth_champion_v3,0.0421427496380101,0.6,0.4,0.1999999999999999,"MRNA,PBR,MU",3,0.6,1.0,SPY and QQQ above 200D MA
2020-01-01,2026-03-09,2026-03-10,2026-03-17,growth_champion_v2,0.0394405416143831,0.6,0.4,0.1499999999999999,"MRNA,PBR,LRCX,MU",4,0.6,1.0,base cap 60%
2022-01-03,2026-03-09,2026-03-10,2026-03-17,growth_champion_v2,0.0421427496380101,0.6,0.4,0.1999999999999999,"MRNA,PBR,MU",3,0.6,1.0,base cap 60%
2015-01-01,2026-03-11,2026-03-12,2026-03-19,growth_champion_v3,0.034884309798753,0.6,0.4,0.15,"PBR,MU,AMAT,ODFL",4,0.6,1.0,SPY and QQQ above 200D MA
2015-01-01,2026-03-11,2026-03-12,2026-03-19,growth_champion_v2,0.034884309798753,0.6,0.4,0.15,"PBR,MU,AMAT,ODFL",4,0.6,1.0,base cap 60%
2010-01-01,2026-03-13,2026-03-16,2026-03-23,growth_champion_v3,-0.0008440256123187,0.6,0.4,0.0,"MU,PBR,AMAT,ODFL",4,0.6,1.0,SPY and QQQ above 200D MA
2008-01-01,2026-03-13,2026-03-16,2026-03-23,growth_champion_v2,-0.0008440256123187,0.6,0.4,0.0,"MU,PBR,AMAT,ODFL",4,0.6,1.0,base cap 60%
2010-01-01,2026-03-13,2026-03-16,2026-03-23,growth_champion_v2,-0.0008440256123187,0.6,0.4,0.0,"MU,PBR,AMAT,ODFL",4,0.6,1.0,base cap 60%
2008-01-01,2026-03-13,2026-03-16,2026-03-23,growth_champion_v3,-0.0008440256123187,0.6,0.4,0.0,"MU,PBR,AMAT,ODFL",4,0.6,1.0,SPY and QQQ above 200D MA
2020-01-01,2026-03-16,2026-03-17,2026-03-24,growth_champion_v3,-0.0186603857592799,0.6,0.4,0.0,"MRNA,MU,LRCX,PBR",4,0.6,1.0,SPY and QQQ above 200D MA
2022-01-03,2026-03-16,2026-03-17,2026-03-24,growth_champion_v3,-0.0358047033516662,0.6,0.4,0.0,"MRNA,MU,PBR",3,0.6,1.0,SPY and QQQ above 200D MA
2020-01-01,2026-03-16,2026-03-17,2026-03-24,growth_champion_v2,-0.0186603857592799,0.6,0.4,0.0,"MRNA,MU,LRCX,PBR",4,0.6,1.0,base cap 60%
2022-01-03,2026-03-16,2026-03-17,2026-03-24,growth_champion_v2,-0.0358047033516662,0.6,0.4,0.0,"MRNA,MU,PBR",3,0.6,1.0,base cap 60%
2015-01-01,2026-03-18,2026-03-19,2026-03-26,growth_champion_v2,-0.0290684227776534,0.6,0.4,0.0,"MU,PBR,AMAT,ODFL",4,0.6,1.0,base cap 60%
2015-01-01,2026-03-18,2026-03-19,2026-03-26,growth_champion_v3,-0.0290684227776534,0.6,0.4,0.0,"MU,PBR,AMAT,ODFL",4,0.6,1.0,SPY and QQQ above 200D MA
2008-01-01,2026-03-20,2026-03-23,2026-03-30,growth_champion_v2,-0.0329800665414279,0.6,0.4,0.0,"PBR,MU,AMAT,ODFL",4,0.6,1.0,base cap 60%
2010-01-01,2026-03-20,2026-03-23,2026-03-30,growth_champion_v3,0.0046160557156947,0.6,0.4,0.15,"PBR,EC,AMAT,ODFL",4,0.6,1.0,SPY and QQQ above 200D MA
2008-01-01,2026-03-20,2026-03-23,2026-03-30,growth_champion_v3,-0.0329800665414279,0.6,0.4,0.0,"PBR,MU,AMAT,ODFL",4,0.6,1.0,SPY and QQQ above 200D MA
2010-01-01,2026-03-20,2026-03-23,2026-03-30,growth_champion_v2,0.0046160557156947,0.6,0.4,0.15,"PBR,EC,AMAT,ODFL",4,0.6,1.0,base cap 60%
2020-01-01,2026-03-23,2026-03-24,2026-03-31,growth_champion_v2,-0.0316211380194244,0.6,0.4,0.0,"PBR,MRNA,LRCX,MU",4,0.6,1.0,base cap 60%
2020-01-01,2026-03-23,2026-03-24,2026-03-31,growth_champion_v3,-0.0131754741747601,0.25,0.75,0.0,"PBR,MRNA,LRCX,MU",4,0.25,0.4166666666666667,SPY and QQQ below 200D MA
2022-01-03,2026-03-23,2026-03-24,2026-03-31,growth_champion_v2,-0.021076270325681,0.6,0.4,0.0,"PBR,MRNA,MU",3,0.6,1.0,base cap 60%
2022-01-03,2026-03-23,2026-03-24,2026-03-31,growth_champion_v3,-0.008781779302367,0.25,0.75,0.0,"PBR,MRNA,MU",3,0.25,0.4166666666666667,SPY and QQQ below 200D MA
2015-01-01,2026-03-25,2026-03-26,2026-04-02,growth_champion_v3,0.0073232219966108,0.25,0.75,0.0625,"PBR,EC,AMAT,ODFL",4,0.25,0.4166666666666667,SPY and QQQ below 200D MA
2015-01-01,2026-03-25,2026-03-26,2026-04-02,growth_champion_v2,0.0175757327918661,0.6,0.4,0.15,"PBR,EC,AMAT,ODFL",4,0.6,1.0,base cap 60%
2008-01-01,2026-03-27,2026-03-30,2026-04-07,growth_champion_v3,0.0086111694207504,0.25,0.75,0.0625,"PBR,BP,AMAT,ODFL",4,0.25,0.4166666666666667,SPY and QQQ below 200D MA
2010-01-01,2026-03-27,2026-03-30,2026-04-07,growth_champion_v2,0.0183116691379414,0.6,0.4,0.0,"PBR,EC,AMAT,ODFL",4,0.6,1.0,base cap 60%
2010-01-01,2026-03-27,2026-03-30,2026-04-07,growth_champion_v3,0.0076298621408089,0.25,0.75,0.0,"PBR,EC,AMAT,ODFL",4,0.25,0.4166666666666667,SPY and QQQ below 200D MA
2008-01-01,2026-03-27,2026-03-30,2026-04-07,growth_champion_v2,0.0206668066098011,0.6,0.4,0.15,"PBR,BP,AMAT,ODFL",4,0.6,1.0,base cap 60%
2020-01-01,2026-03-30,2026-03-31,2026-04-08,growth_champion_v3,0.0007098099028571,0.25,0.75,0.0625,"PBR,VIST,LRCX,MRNA",4,0.25,0.4166666666666667,SPY and QQQ below 200D MA
2022-01-03,2026-03-30,2026-03-31,2026-04-08,growth_champion_v3,-0.011858202437902,0.25,0.75,0.0833333333333333,"PBR,VIST,MRNA",3,0.25,0.4166666666666667,SPY and QQQ below 200D MA
2020-01-01,2026-03-30,2026-03-31,2026-04-08,growth_champion_v2,0.0017035437668572,0.6,0.4,0.15,"PBR,VIST,LRCX,MRNA",4,0.6,1.0,base cap 60%
2022-01-03,2026-03-30,2026-03-31,2026-04-08,growth_champion_v2,-0.0284596858509649,0.6,0.4,0.1999999999999999,"PBR,VIST,MRNA",3,0.6,1.0,base cap 60%
2015-01-01,2026-04-01,2026-04-02,2026-04-10,growth_champion_v2,0.0264297506731487,0.6,0.4,0.0,"PBR,EC,AMAT,ODFL",4,0.6,1.0,base cap 60%
2015-01-01,2026-04-01,2026-04-02,2026-04-10,growth_champion_v3,0.0110123961138119,0.25,0.75,0.0,"PBR,EC,AMAT,ODFL",4,0.25,0.4166666666666667,SPY and QQQ below 200D MA
2010-01-01,2026-04-06,2026-04-07,2026-04-14,growth_champion_v2,0.0249290067813779,0.6,0.4,0.15,"PBR,BP,AMAT,ODFL",4,0.6,1.0,base cap 60%
2010-01-01,2026-04-06,2026-04-07,2026-04-14,growth_champion_v3,0.0103870861589074,0.25,0.75,0.0625,"PBR,BP,AMAT,ODFL",4,0.25,0.4166666666666667,SPY and QQQ below 200D MA
2008-01-01,2026-04-06,2026-04-07,2026-04-14,growth_champion_v2,0.0249290067813779,0.6,0.4,0.0,"PBR,BP,AMAT,ODFL",4,0.6,1.0,base cap 60%
2008-01-01,2026-04-06,2026-04-07,2026-04-14,growth_champion_v3,0.0103870861589074,0.25,0.75,0.0,"PBR,BP,AMAT,ODFL",4,0.25,0.4166666666666667,SPY and QQQ below 200D MA
2022-01-03,2026-04-07,2026-04-08,2026-04-15,growth_champion_v3,0.0039867125301962,0.25,0.75,0.0,"PBR,VIST,MRNA",3,0.25,0.4166666666666667,SPY and QQQ below 200D MA
2020-01-01,2026-04-07,2026-04-08,2026-04-15,growth_champion_v2,0.0185375994551643,0.6,0.4,0.0,"PBR,VIST,LRCX,MRNA",4,0.6,1.0,base cap 60%
2022-01-03,2026-04-07,2026-04-08,2026-04-15,growth_champion_v2,0.0095681100724709,0.6,0.4,0.0,"PBR,VIST,MRNA",3,0.6,1.0,base cap 60%
2020-01-01,2026-04-07,2026-04-08,2026-04-15,growth_champion_v3,0.0077239997729851,0.25,0.75,0.0,"PBR,VIST,LRCX,MRNA",4,0.25,0.4166666666666667,SPY and QQQ below 200D MA
2015-01-01,2026-04-09,2026-04-10,2026-04-17,growth_champion_v3,0.0115002269644702,0.6,0.4,0.15,"PBR,MRVL,AMAT,ODFL",4,0.6,1.0,SPY and QQQ above 200D MA
2015-01-01,2026-04-09,2026-04-10,2026-04-17,growth_champion_v2,0.0115002269644702,0.6,0.4,0.15,"PBR,MRVL,AMAT,ODFL",4,0.6,1.0,base cap 60%
2010-01-01,2026-04-13,2026-04-14,2026-04-21,growth_champion_v3,0.0300825042229966,0.6,0.4,0.15,"MRVL,PBR,AMAT,ODFL",4,0.6,1.0,SPY and QQQ above 200D MA
2008-01-01,2026-04-13,2026-04-14,2026-04-21,growth_champion_v2,0.0300825042229966,0.6,0.4,0.15,"MRVL,PBR,AMAT,ODFL",4,0.6,1.0,base cap 60%
2008-01-01,2026-04-13,2026-04-14,2026-04-21,growth_champion_v3,0.0300825042229966,0.6,0.4,0.15,"MRVL,PBR,AMAT,ODFL",4,0.6,1.0,SPY and QQQ above 200D MA
2010-01-01,2026-04-13,2026-04-14,2026-04-21,growth_champion_v2,0.0300825042229966,0.6,0.4,0.15,"MRVL,PBR,AMAT,ODFL",4,0.6,1.0,base cap 60%
2022-01-03,2026-04-14,2026-04-15,2026-04-22,growth_champion_v3,0.0442616768306894,0.6,0.4,0.1499999999999999,"MRVL,PBR,VIST,MRNA",4,0.6,1.0,SPY and QQQ above 200D MA
2020-01-01,2026-04-14,2026-04-15,2026-04-22,growth_champion_v2,0.0407779024529052,0.6,0.4,0.15,"MRVL,PBR,LRCX,VIST",4,0.6,1.0,base cap 60%
2022-01-03,2026-04-14,2026-04-15,2026-04-22,growth_champion_v2,0.0442616768306894,0.6,0.4,0.1499999999999999,"MRVL,PBR,VIST,MRNA",4,0.6,1.0,base cap 60%
2020-01-01,2026-04-14,2026-04-15,2026-04-22,growth_champion_v3,0.0407779024529052,0.6,0.4,0.15,"MRVL,PBR,LRCX,VIST",4,0.6,1.0,SPY and QQQ above 200D MA
2015-01-01,2026-04-16,2026-04-17,2026-04-24,growth_champion_v2,0.0663064375523493,0.6,0.4,0.15,"MRVL,INTC,AMAT,ODFL",4,0.6,1.0,base cap 60%
2015-01-01,2026-04-16,2026-04-17,2026-04-24,growth_champion_v3,0.0663064375523493,0.6,0.4,0.15,"MRVL,INTC,AMAT,ODFL",4,0.6,1.0,SPY and QQQ above 200D MA
2008-01-01,2026-04-20,2026-04-21,2026-04-28,growth_champion_v2,0.0061320149914268,0.6,0.4,0.15,"MRVL,ON,AMAT,ODFL",4,0.6,1.0,base cap 60%
2010-01-01,2026-04-20,2026-04-21,2026-04-28,growth_champion_v3,0.0061320149914268,0.6,0.4,0.15,"MRVL,ON,AMAT,ODFL",4,0.6,1.0,SPY and QQQ above 200D MA
2008-01-01,2026-04-20,2026-04-21,2026-04-28,growth_champion_v3,0.0061320149914268,0.6,0.4,0.15,"MRVL,ON,AMAT,ODFL",4,0.6,1.0,SPY and QQQ above 200D MA
2010-01-01,2026-04-20,2026-04-21,2026-04-28,growth_champion_v2,0.0061320149914268,0.6,0.4,0.15,"MRVL,ON,AMAT,ODFL",4,0.6,1.0,base cap 60%
2020-01-01,2026-04-21,2026-04-22,2026-04-29,growth_champion_v2,0.0699244425900183,0.6,0.4,0.15,"MRVL,INTC,LRCX,VIST",4,0.6,1.0,base cap 60%
2022-01-03,2026-04-21,2026-04-22,2026-04-29,growth_champion_v2,0.0850666531251923,0.6,0.4,0.15,"MRVL,INTC,VIST,PBR",4,0.6,1.0,base cap 60%
2022-01-03,2026-04-21,2026-04-22,2026-04-29,growth_champion_v3,0.0850666531251923,0.6,0.4,0.15,"MRVL,INTC,VIST,PBR",4,0.6,1.0,SPY and QQQ above 200D MA
2020-01-01,2026-04-21,2026-04-22,2026-04-29,growth_champion_v3,0.0699244425900183,0.6,0.4,0.15,"MRVL,INTC,LRCX,VIST",4,0.6,1.0,SPY and QQQ above 200D MA
2015-01-01,2026-04-23,2026-04-24,2026-05-01,growth_champion_v3,0.0290194452465741,0.6,0.4,0.15,"MRVL,ON,INTC,ODFL",4,0.6,1.0,SPY and QQQ above 200D MA
2015-01-01,2026-04-23,2026-04-24,2026-05-01,growth_champion_v2,0.0290194452465741,0.6,0.4,0.15,"MRVL,ON,INTC,ODFL",4,0.6,1.0,base cap 60%
2008-01-01,2026-04-27,2026-04-28,2026-05-05,growth_champion_v3,0.051447059596487,0.6,0.4,0.15,"INTC,MRVL,AMAT,ODFL",4,0.6,1.0,SPY and QQQ above 200D MA
2010-01-01,2026-04-27,2026-04-28,2026-05-05,growth_champion_v3,0.051447059596487,0.6,0.4,0.15,"INTC,MRVL,AMAT,ODFL",4,0.6,1.0,SPY and QQQ above 200D MA
2010-01-01,2026-04-27,2026-04-28,2026-05-05,growth_champion_v2,0.051447059596487,0.6,0.4,0.15,"INTC,MRVL,AMAT,ODFL",4,0.6,1.0,base cap 60%
2008-01-01,2026-04-27,2026-04-28,2026-05-05,growth_champion_v2,0.051447059596487,0.6,0.4,0.15,"INTC,MRVL,AMAT,ODFL",4,0.6,1.0,base cap 60%
2022-01-03,2026-04-28,2026-04-29,2026-05-06,growth_champion_v3,0.0257228448089357,0.6,0.4,0.0,"INTC,MRVL,VIST,PBR",4,0.6,1.0,SPY and QQQ above 200D MA
2020-01-01,2026-04-28,2026-04-29,2026-05-06,growth_champion_v3,0.0613739301219332,0.6,0.4,0.0,"INTC,MRVL,LRCX,VIST",4,0.6,1.0,SPY and QQQ above 200D MA
2022-01-03,2026-04-28,2026-04-29,2026-05-06,growth_champion_v2,0.0257228448089357,0.6,0.4,0.0,"INTC,MRVL,VIST,PBR",4,0.6,1.0,base cap 60%
2020-01-01,2026-04-28,2026-04-29,2026-05-06,growth_champion_v2,0.0613739301219332,0.6,0.4,0.0,"INTC,MRVL,LRCX,VIST",4,0.6,1.0,base cap 60%
2015-01-01,2026-04-30,2026-05-01,2026-05-08,growth_champion_v3,0.0376011534682889,0.6,0.4,0.0,"INTC,MRVL,ODFL,ON",4,0.6,1.0,SPY and QQQ above 200D MA
2015-01-01,2026-04-30,2026-05-01,2026-05-08,growth_champion_v2,0.0376011534682889,0.6,0.4,0.0,"INTC,MRVL,ODFL,ON",4,0.6,1.0,base cap 60%
2008-01-01,2026-05-04,2026-05-05,2026-05-12,growth_champion_v3,0.0279266418723695,0.6,0.4,0.1499999999999999,"INTC,MRVL,AMAT",3,0.6,1.0,SPY and QQQ above 200D MA
2008-01-01,2026-05-04,2026-05-05,2026-05-12,growth_champion_v2,0.0279266418723695,0.6,0.4,0.1499999999999999,"INTC,MRVL,AMAT",3,0.6,1.0,base cap 60%
2010-01-01,2026-05-04,2026-05-05,2026-05-12,growth_champion_v2,0.0279266418723695,0.6,0.4,0.1499999999999999,"INTC,MRVL,AMAT",3,0.6,1.0,base cap 60%
2010-01-01,2026-05-04,2026-05-05,2026-05-12,growth_champion_v3,0.0279266418723695,0.6,0.4,0.1499999999999999,"INTC,MRVL,AMAT",3,0.6,1.0,SPY and QQQ above 200D MA
2022-01-03,2026-05-05,2026-05-06,2026-05-13,growth_champion_v2,0.0048319484126266,0.6,0.4,0.0,"INTC,MRVL,PBR,VIST",4,0.6,1.0,base cap 60%
2020-01-01,2026-05-05,2026-05-06,2026-05-13,growth_champion_v2,0.0134278521809662,0.6,0.4,0.0,"INTC,MRVL,LRCX,VIST",4,0.6,1.0,base cap 60%
2020-01-01,2026-05-05,2026-05-06,2026-05-13,growth_champion_v3,0.0134278521809662,0.6,0.4,0.0,"INTC,MRVL,LRCX,VIST",4,0.6,1.0,SPY and QQQ above 200D MA
2022-01-03,2026-05-05,2026-05-06,2026-05-13,growth_champion_v3,0.0048319484126266,0.6,0.4,0.0,"INTC,MRVL,PBR,VIST",4,0.6,1.0,SPY and QQQ above 200D MA
2015-01-01,2026-05-07,2026-05-08,2026-05-15,growth_champion_v3,-0.0092733657195066,0.6,0.4,0.15,"INTC,AMD,MRVL,ON",4,0.6,1.0,SPY and QQQ above 200D MA
2015-01-01,2026-05-07,2026-05-08,2026-05-15,growth_champion_v2,-0.0092733657195066,0.6,0.4,0.15,"INTC,AMD,MRVL,ON",4,0.6,1.0,base cap 60%
2010-01-01,2026-05-11,2026-05-12,2026-05-19,growth_champion_v3,-0.0213744976058629,0.6,0.4,0.1499999999999999,"INTC,AMD,AMAT,MRVL",4,0.6,1.0,SPY and QQQ above 200D MA
2010-01-01,2026-05-11,2026-05-12,2026-05-19,growth_champion_v2,-0.0213744976058629,0.6,0.4,0.1499999999999999,"INTC,AMD,AMAT,MRVL",4,0.6,1.0,base cap 60%
2008-01-01,2026-05-11,2026-05-12,2026-05-19,growth_champion_v2,-0.0213744976058629,0.6,0.4,0.1499999999999999,"INTC,AMD,AMAT,MRVL",4,0.6,1.0,base cap 60%
2008-01-01,2026-05-11,2026-05-12,2026-05-19,growth_champion_v3,-0.0213744976058629,0.6,0.4,0.1499999999999999,"INTC,AMD,AMAT,MRVL",4,0.6,1.0,SPY and QQQ above 200D MA
2020-01-01,2026-05-12,2026-05-13,2026-05-20,growth_champion_v3,0.004800959049443,0.6,0.4,0.15,"INTC,AMD,LRCX,MRVL",4,0.6,1.0,SPY and QQQ above 200D MA
2022-01-03,2026-05-12,2026-05-13,2026-05-20,growth_champion_v3,0.0083394624232107,0.6,0.4,0.15,"INTC,AMD,MRVL,PBR",4,0.6,1.0,SPY and QQQ above 200D MA
2022-01-03,2026-05-12,2026-05-13,2026-05-20,growth_champion_v2,0.0083394624232107,0.6,0.4,0.15,"INTC,AMD,MRVL,PBR",4,0.6,1.0,base cap 60%
2020-01-01,2026-05-12,2026-05-13,2026-05-20,growth_champion_v2,0.004800959049443,0.6,0.4,0.15,"INTC,AMD,LRCX,MRVL",4,0.6,1.0,base cap 60%
2015-01-01,2026-05-14,2026-05-15,2026-05-22,growth_champion_v3,0.0512024484849985,0.6,0.4,0.0,"INTC,AMD,MRVL,ON",4,0.6,1.0,SPY and QQQ above 200D MA
2015-01-01,2026-05-14,2026-05-15,2026-05-22,growth_champion_v2,0.0512024484849985,0.6,0.4,0.0,"INTC,AMD,MRVL,ON",4,0.6,1.0,base cap 60%
2010-01-01,2026-05-18,2026-05-19,2026-05-27,growth_champion_v2,0.0789047246068553,0.6,0.4,0.0,"INTC,AMD,AMAT,MRVL",4,0.6,1.0,base cap 60%
2010-01-01,2026-05-18,2026-05-19,2026-05-27,growth_champion_v3,0.0789047246068553,0.6,0.4,0.0,"INTC,AMD,AMAT,MRVL",4,0.6,1.0,SPY and QQQ above 200D MA
2008-01-01,2026-05-18,2026-05-19,2026-05-27,growth_champion_v2,0.0789047246068553,0.6,0.4,0.0,"INTC,AMD,AMAT,MRVL",4,0.6,1.0,base cap 60%
2008-01-01,2026-05-18,2026-05-19,2026-05-27,growth_champion_v3,0.0789047246068553,0.6,0.4,0.0,"INTC,AMD,AMAT,MRVL",4,0.6,1.0,SPY and QQQ above 200D MA
2022-01-03,2026-05-19,2026-05-20,2026-05-28,growth_champion_v2,0.0497297801375424,0.6,0.4,0.15,"INTC,DDOG,AMD,MRVL",4,0.6,1.0,base cap 60%
2020-01-01,2026-05-19,2026-05-20,2026-05-28,growth_champion_v3,0.0497297801375424,0.6,0.4,0.15,"INTC,DDOG,AMD,MRVL",4,0.6,1.0,SPY and QQQ above 200D MA
2020-01-01,2026-05-19,2026-05-20,2026-05-28,growth_champion_v2,0.0497297801375424,0.6,0.4,0.15,"INTC,DDOG,AMD,MRVL",4,0.6,1.0,base cap 60%
2022-01-03,2026-05-19,2026-05-20,2026-05-28,growth_champion_v3,0.0497297801375424,0.6,0.4,0.15,"INTC,DDOG,AMD,MRVL",4,0.6,1.0,SPY and QQQ above 200D MA
2015-01-01,2026-05-21,2026-05-22,2026-06-01,growth_champion_v3,0.0242613326686959,0.6,0.4,0.0,"INTC,MRVL,AMD,ON",4,0.6,1.0,SPY and QQQ above 200D MA
2015-01-01,2026-05-21,2026-05-22,2026-06-01,growth_champion_v2,0.0242613326686959,0.6,0.4,0.0,"INTC,MRVL,AMD,ON",4,0.6,1.0,base cap 60%
2010-01-01,2026-05-26,2026-05-27,2026-06-03,growth_champion_v3,0.0983531454086835,0.6,0.4,0.0,"INTC,AMD,AMAT,MRVL",4,0.6,1.0,SPY and QQQ above 200D MA
2008-01-01,2026-05-26,2026-05-27,2026-06-03,growth_champion_v2,0.0983531454086835,0.6,0.4,0.0,"INTC,AMD,AMAT,MRVL",4,0.6,1.0,base cap 60%
2008-01-01,2026-05-26,2026-05-27,2026-06-03,growth_champion_v3,0.0983531454086835,0.6,0.4,0.0,"INTC,AMD,AMAT,MRVL",4,0.6,1.0,SPY and QQQ above 200D MA
2010-01-01,2026-05-26,2026-05-27,2026-06-03,growth_champion_v2,0.0983531454086835,0.6,0.4,0.0,"INTC,AMD,AMAT,MRVL",4,0.6,1.0,base cap 60%
2020-01-01,2026-05-27,2026-05-28,2026-06-04,growth_champion_v2,0.080176125238996,0.6,0.4,0.15,"KEEL,INTC,AMD,MRVL",4,0.6,1.0,base cap 60%
2022-01-03,2026-05-27,2026-05-28,2026-06-04,growth_champion_v2,0.080176125238996,0.6,0.4,0.15,"KEEL,INTC,AMD,MRVL",4,0.6,1.0,base cap 60%
2022-01-03,2026-05-27,2026-05-28,2026-06-04,growth_champion_v3,0.080176125238996,0.6,0.4,0.15,"KEEL,INTC,AMD,MRVL",4,0.6,1.0,SPY and QQQ above 200D MA
2020-01-01,2026-05-27,2026-05-28,2026-06-04,growth_champion_v3,0.080176125238996,0.6,0.4,0.15,"KEEL,INTC,AMD,MRVL",4,0.6,1.0,SPY and QQQ above 200D MA
2015-01-01,2026-05-29,2026-06-01,2026-06-08,growth_champion_v2,0.030432781276635,0.6,0.4,0.15,"MU,AMD,INTC,MRVL",4,0.6,1.0,base cap 60%
2015-01-01,2026-05-29,2026-06-01,2026-06-08,growth_champion_v3,0.030432781276635,0.6,0.4,0.15,"MU,AMD,INTC,MRVL",4,0.6,1.0,SPY and QQQ above 200D MA
2010-01-01,2026-06-02,2026-06-03,2026-06-10,growth_champion_v3,-0.0765175733466113,0.6,0.4,0.15,"MRVL,MU,AMAT,AMD",4,0.6,1.0,SPY and QQQ above 200D MA
2008-01-01,2026-06-02,2026-06-03,2026-06-10,growth_champion_v2,-0.0765175733466113,0.6,0.4,0.15,"MRVL,MU,AMAT,AMD",4,0.6,1.0,base cap 60%
2010-01-01,2026-06-02,2026-06-03,2026-06-10,growth_champion_v2,-0.0765175733466113,0.6,0.4,0.15,"MRVL,MU,AMAT,AMD",4,0.6,1.0,base cap 60%
2008-01-01,2026-06-02,2026-06-03,2026-06-10,growth_champion_v3,-0.0765175733466113,0.6,0.4,0.15,"MRVL,MU,AMAT,AMD",4,0.6,1.0,SPY and QQQ above 200D MA
2022-01-03,2026-06-03,2026-06-04,2026-06-11,growth_champion_v2,-0.0303152218709574,0.6,0.4,0.0,"MRVL,KEEL,AMD,INTC",4,0.6,1.0,base cap 60%
2020-01-01,2026-06-03,2026-06-04,2026-06-11,growth_champion_v2,-0.0303152218709574,0.6,0.4,0.0,"MRVL,KEEL,AMD,INTC",4,0.6,1.0,base cap 60%
2020-01-01,2026-06-03,2026-06-04,2026-06-11,growth_champion_v3,-0.0303152218709574,0.6,0.4,0.0,"MRVL,KEEL,AMD,INTC",4,0.6,1.0,SPY and QQQ above 200D MA
2022-01-03,2026-06-03,2026-06-04,2026-06-11,growth_champion_v3,-0.0303152218709574,0.6,0.4,0.0,"MRVL,KEEL,AMD,INTC",4,0.6,1.0,SPY and QQQ above 200D MA
2015-01-01,2026-06-05,2026-06-08,2026-06-15,growth_champion_v3,0.0736632433184474,0.6,0.4,0.0,"MRVL,AMD,INTC,MU",4,0.6,1.0,SPY and QQQ above 200D MA
2015-01-01,2026-06-05,2026-06-08,2026-06-15,growth_champion_v2,0.0736632433184474,0.6,0.4,0.0,"MRVL,AMD,INTC,MU",4,0.6,1.0,base cap 60%
2008-01-01,2026-06-09,2026-06-10,2026-06-17,growth_champion_v3,0.0962571100753591,0.6,0.4,0.0,"MRVL,AMD,AMAT,MU",4,0.6,1.0,SPY and QQQ above 200D MA
2008-01-01,2026-06-09,2026-06-10,2026-06-17,growth_champion_v2,0.0962571100753591,0.6,0.4,0.0,"MRVL,AMD,AMAT,MU",4,0.6,1.0,base cap 60%
2010-01-01,2026-06-09,2026-06-10,2026-06-17,growth_champion_v3,0.0962571100753591,0.6,0.4,0.0,"MRVL,AMD,AMAT,MU",4,0.6,1.0,SPY and QQQ above 200D MA
2010-01-01,2026-06-09,2026-06-10,2026-06-17,growth_champion_v2,0.0962571100753591,0.6,0.4,0.0,"MRVL,AMD,AMAT,MU",4,0.6,1.0,base cap 60%
2022-01-03,2026-06-10,2026-06-11,2026-06-18,growth_champion_v2,0.0737490579407539,0.6,0.4,0.0,"MRVL,KEEL,INTC,AMD",4,0.6,1.0,base cap 60%
2020-01-01,2026-06-10,2026-06-11,2026-06-18,growth_champion_v2,0.0737490579407539,0.6,0.4,0.0,"MRVL,KEEL,INTC,AMD",4,0.6,1.0,base cap 60%
2022-01-03,2026-06-10,2026-06-11,2026-06-18,growth_champion_v3,0.0737490579407539,0.6,0.4,0.0,"MRVL,KEEL,INTC,AMD",4,0.6,1.0,SPY and QQQ above 200D MA
2020-01-01,2026-06-10,2026-06-11,2026-06-18,growth_champion_v3,0.0737490579407539,0.6,0.4,0.0,"MRVL,KEEL,INTC,AMD",4,0.6,1.0,SPY and QQQ above 200D MA
