date,variant,target_volatility,rolling_vol_used,raw_target_exposure,target_exposure,cash_weight,vol_target_return,uses_hindsight
2022-01-03,raw_target_research_vol_target_15pct,0.15,,,1.0,0.0,-0.0151875740117539,False
2022-01-10,raw_target_research_vol_target_15pct,0.15,,,1.0,0.0,0.0085589151004516,False
2022-01-18,raw_target_research_vol_target_15pct,0.15,,,1.0,0.0,-0.0136566225046583,False
2022-01-25,raw_target_research_vol_target_15pct,0.15,,,1.0,0.0,0.0044840119287781,False
2022-02-01,raw_target_research_vol_target_15pct,0.15,0.08828285701752003,1.0,1.0,0.0,-0.013809438388929,False
2022-02-08,raw_target_research_vol_target_15pct,0.15,0.08282374189278617,1.0,1.0,0.0,0.0115325689533021,False
2022-02-15,raw_target_research_vol_target_15pct,0.15,0.09020716092183363,1.0,1.0,0.0,0.0227982897052355,False
2022-02-23,raw_target_research_vol_target_15pct,0.15,0.10838448701336685,1.0,1.0,0.0,0.0030818797139579,False
2022-03-02,raw_target_research_vol_target_15pct,0.15,0.10053274112972381,1.0,1.0,0.0,-0.0349424165743367,False
2022-03-09,raw_target_research_vol_target_15pct,0.15,0.12776096776445753,1.0,1.0,0.0,0.0288834719112092,False
2022-03-16,raw_target_research_vol_target_15pct,0.15,0.1407787177343132,1.0,1.0,0.0,0.0788597899796826,False
2022-03-23,raw_target_research_vol_target_15pct,0.15,0.2172688481329191,0.6903888950901701,0.85,0.15000000000000002,0.005714416749247565,False
2022-03-30,raw_target_research_vol_target_15pct,0.15,0.2071615559530503,0.72407256891812,0.72407256891812,0.27592743108188,-0.010706123329031734,False
2022-04-06,raw_target_research_vol_target_15pct,0.15,0.2069565723096034,0.7247897388617484,0.7247897388617484,0.27521026113825164,0.003417162802210358,False
2022-04-13,raw_target_research_vol_target_15pct,0.15,0.20700182349288143,0.7246312977777142,0.7246312977777142,0.2753687022222858,-0.016036647268852865,False
2022-04-21,raw_target_research_vol_target_15pct,0.15,0.21171182602071745,0.708510255753599,0.708510255753599,0.29148974424640095,-0.005693032984988589,False
2022-04-28,raw_target_research_vol_target_15pct,0.15,0.21381578904424212,0.7015384629474788,0.7015384629474788,0.2984615370525212,-0.010028866777077611,False
2022-05-05,raw_target_research_vol_target_15pct,0.15,0.21402352924606385,0.7008575203315346,0.7008575203315346,0.2991424796684654,-0.016299523460364215,False
2022-05-12,raw_target_research_vol_target_15pct,0.15,0.22131133389777843,0.6777782111660108,0.6777782111660108,0.3222217888339892,0.05799247143826773,False
2022-05-19,raw_target_research_vol_target_15pct,0.15,0.2798442228578861,0.536012494623392,0.536012494623392,0.46398750537660804,-0.005636093164091677,False
2022-05-26,raw_target_research_vol_target_15pct,0.15,0.2822952790871841,0.5313585139823539,0.5313585139823539,0.4686414860176461,0.01827090142008276,False
2022-06-03,raw_target_research_vol_target_15pct,0.15,0.27092271566787796,0.5536634299203018,0.5536634299203018,0.4463365700796982,-0.0042526734829546435,False
2022-06-10,raw_target_research_vol_target_15pct,0.15,0.27095539323371404,0.553596657404847,0.553596657404847,0.446403342595153,-0.04541846359521322,False
2022-06-17,raw_target_research_vol_target_15pct,0.15,0.2820407638514646,0.5318380150147259,0.5318380150147259,0.46816198498527406,0.0011221619252938762,False
2022-06-27,raw_target_research_vol_target_15pct,0.15,0.2813503450581054,0.5331431172370572,0.5331431172370572,0.4668568827629428,-0.026785753285903942,False
2022-07-05,raw_target_research_vol_target_15pct,0.15,0.29669624085096075,0.5055675783750473,0.5055675783750473,0.4944324216249527,-0.0015684751645861242,False
2022-07-12,raw_target_research_vol_target_15pct,0.15,0.29560058465953076,0.5074414861958687,0.5074414861958687,0.4925585138041313,0.007390537715548181,False
2022-07-19,raw_target_research_vol_target_15pct,0.15,0.2973372868227165,0.504477597151936,0.504477597151936,0.49552240284806404,0.009452202161076522,False
2022-07-26,raw_target_research_vol_target_15pct,0.15,0.3013452728660507,0.4977678878894366,0.4977678878894366,0.5022321121105634,0.020664772124574945,False
2022-08-02,raw_target_research_vol_target_15pct,0.15,0.31362747161148874,0.478274429307057,0.478274429307057,0.521725570692943,-6.69751787532363e-05,False
2022-08-09,raw_target_research_vol_target_15pct,0.15,0.3085762335219894,0.486103541701668,0.486103541701668,0.5138964582983321,0.009456127904612267,False
2022-08-16,raw_target_research_vol_target_15pct,0.15,0.2506292096705405,0.598493687935175,0.598493687935175,0.401506312064825,-0.006910512658572535,False
2022-08-23,raw_target_research_vol_target_15pct,0.15,0.25080633174588324,0.5980710253837606,0.5980710253837606,0.40192897461623944,0.014676227754683007,False
2022-08-30,raw_target_research_vol_target_15pct,0.15,0.2447993371840471,0.6127467571010037,0.6127467571010037,0.3872532428989963,-0.002633219482811829,False
2022-09-07,raw_target_research_vol_target_15pct,0.15,0.24458218988715932,0.6132907717818871,0.6132907717818871,0.38670922821811293,0.006369671666250425,False
2022-09-14,raw_target_research_vol_target_15pct,0.15,0.1650815726767179,0.9086416949379782,0.7632907717818871,0.2367092282181129,-0.020894913762710535,False
2022-09-21,raw_target_research_vol_target_15pct,0.15,0.17856798060044274,0.8400162195686951,0.8400162195686951,0.1599837804313049,-0.00022956310384328422,False
2022-09-28,raw_target_research_vol_target_15pct,0.15,0.1328266110414332,1.0,0.9900162195686951,0.009983780431304878,-0.024252406555461566,False
2022-10-05,raw_target_research_vol_target_15pct,0.15,0.14716536365346722,1.0,1.0,0.0,0.0036367935026349,False
2022-10-12,raw_target_research_vol_target_15pct,0.15,0.14558344928996475,1.0,1.0,0.0,0.0522431861179794,False
2022-10-19,raw_target_research_vol_target_15pct,0.15,0.17522571455453953,0.8560387405543268,0.8560387405543268,0.14396125944567317,0.00238338589505327,False
2022-10-26,raw_target_research_vol_target_15pct,0.15,0.15663226709867992,0.9576570829144577,0.9576570829144577,0.042342917085542275,0.002845307789432303,False
2022-11-02,raw_target_research_vol_target_15pct,0.15,0.1564006109185766,0.9590755376146912,0.9590755376146912,0.04092446238530878,-0.007200152409696666,False
2022-11-09,raw_target_research_vol_target_15pct,0.15,0.1538498478471423,0.9749765898308372,0.9749765898308372,0.025023410169162763,0.07843212389087022,False
2022-11-16,raw_target_research_vol_target_15pct,0.15,0.2210373121168648,0.6786184584107383,0.8249765898308372,0.17502341016916279,0.0007678009157657562,False
2022-11-23,raw_target_research_vol_target_15pct,0.15,0.2188492532239511,0.6854032983448345,0.6854032983448345,0.3145967016551655,-0.010817598429928599,False
2022-12-01,raw_target_research_vol_target_15pct,0.15,0.223044937182697,0.6725102210104612,0.6725102210104612,0.3274897789895388,-0.0023344900305605934,False
2022-12-08,raw_target_research_vol_target_15pct,0.15,0.2237693437363399,0.6703331095109261,0.6703331095109261,0.32966689048907394,0.00725304568548129,False
2022-12-15,raw_target_research_vol_target_15pct,0.15,0.21109474340004727,0.7105814080634583,0.7105814080634583,0.28941859193654174,0.0008191695570569867,False
2022-12-22,raw_target_research_vol_target_15pct,0.15,0.21083358087390147,0.7114616152619172,0.7114616152619172,0.2885383847380828,0.012028895096568633,False
2022-12-30,raw_target_research_vol_target_15pct,0.15,0.19719840954348658,0.7606552220540181,0.7606552220540181,0.23934477794598186,-0.051194422297975814,False
2023-01-09,raw_target_research_vol_target_15pct,0.15,0.2578008917269437,0.5818443799600052,0.6106552220540181,0.3893447779459819,-0.0015396733239005738,False
2023-01-17,raw_target_research_vol_target_15pct,0.15,0.2357357577361488,0.6363056730998359,0.6363056730998359,0.3636943269001641,-0.03179575384186748,False
2023-01-24,raw_target_research_vol_target_15pct,0.15,0.25901520156788144,0.5791165888797795,0.5791165888797795,0.42088341112022054,-0.0013871724413050395,False
2023-01-31,raw_target_research_vol_target_15pct,0.15,0.258691776160253,0.579840620472909,0.579840620472909,0.42015937952709104,0.03457211158577043,False
2023-02-07,raw_target_research_vol_target_15pct,0.15,0.28946376521934164,0.5181995746042246,0.5181995746042246,0.4818004253957754,-0.004240886888286404,False
2023-02-14,raw_target_research_vol_target_15pct,0.15,0.22868577897137285,0.6559218534475516,0.6559218534475516,0.3440781465524484,0.0035816323208166427,False
2023-02-22,raw_target_research_vol_target_15pct,0.15,0.2294383590658867,0.6537703660830543,0.6537703660830543,0.3462296339169457,0.0037266425429937976,False
2023-03-01,raw_target_research_vol_target_15pct,0.15,0.2288611961201668,0.655419103556727,0.655419103556727,0.34458089644327305,-0.010290198175118467,False
2023-03-08,raw_target_research_vol_target_15pct,0.15,0.23043432452735305,0.6509446902394729,0.6509446902394729,0.3490553097605271,-0.011724507662051683,False
2023-03-15,raw_target_research_vol_target_15pct,0.15,0.22955844540143008,0.6534283665220602,0.6534283665220602,0.34657163347793984,0.02956825944296345,False
2023-03-22,raw_target_research_vol_target_15pct,0.15,0.2534920844297579,0.5917344533160942,0.5917344533160942,0.4082655466839058,0.016268425231566422,False
2023-03-29,raw_target_research_vol_target_15pct,0.15,0.2582711629082676,0.5807849328237886,0.5807849328237886,0.4192150671762114,0.007815082141317074,False
2023-04-05,raw_target_research_vol_target_15pct,0.15,0.21168510830280163,0.7085996799804871,0.7085996799804871,0.2914003200195129,0.007524221110548591,False
2023-04-13,raw_target_research_vol_target_15pct,0.15,0.21123832056487313,0.7100984309990936,0.7100984309990936,0.28990156900090636,0.018772586404016658,False
2023-04-20,raw_target_research_vol_target_15pct,0.15,0.17133214552551343,0.8754924508761445,0.8600984309990937,0.13990156900090633,-0.016503168031357443,False
2023-04-27,raw_target_research_vol_target_15pct,0.15,0.1815224635896075,0.8263440074233753,0.8263440074233753,0.17365599257662467,-0.013392876596881811,False
2023-05-04,raw_target_research_vol_target_15pct,0.15,0.1517603305596202,0.9884005882622359,0.9763440074233753,0.02365599257662465,0.007301916300277347,False
2023-05-11,raw_target_research_vol_target_15pct,0.15,0.14891097892349764,1.0,1.0,0.0,-0.0136387738170494,False
2023-05-18,raw_target_research_vol_target_15pct,0.15,0.15450009945381346,0.9708731614431179,0.9708731614431179,0.02912683855688214,-0.015834313527913278,False
2023-05-25,raw_target_research_vol_target_15pct,0.15,0.1603764818642895,0.9352992300138491,0.9352992300138491,0.06470076998615093,0.0378511904003408,False
2023-06-02,raw_target_research_vol_target_15pct,0.15,0.17223906469923106,0.8708825739499597,0.8708825739499597,0.12911742605004028,-0.0014686446288991563,False
2023-06-09,raw_target_research_vol_target_15pct,0.15,0.1640175608602193,0.9145362192517575,0.9145362192517575,0.08546378074824246,0.024027872524159093,False
2023-06-16,raw_target_research_vol_target_15pct,0.15,0.14793140054289355,1.0,1.0,0.0,0.0211714044077844,False
2023-06-26,raw_target_research_vol_target_15pct,0.15,0.14434146671328124,1.0,1.0,0.0,0.0056885310941821,False
2023-07-03,raw_target_research_vol_target_15pct,0.15,0.14349070080029977,1.0,1.0,0.0,0.0134837291548663,False
2023-07-11,raw_target_research_vol_target_15pct,0.15,0.14405847825927157,1.0,1.0,0.0,0.0356817361996604,False
2023-07-18,raw_target_research_vol_target_15pct,0.15,0.15133588207208948,0.991172734094528,0.991172734094528,0.008827265905472004,-0.009127129521313556,False
2023-07-25,raw_target_research_vol_target_15pct,0.15,0.1444385729472955,1.0,1.0,0.0,-0.012798768950697,False
2023-08-01,raw_target_research_vol_target_15pct,0.15,0.1419076007093333,1.0,1.0,0.0,-0.0431691582500347,False
2023-08-08,raw_target_research_vol_target_15pct,0.15,0.17766978128743346,0.8442628730280846,0.85,0.15000000000000002,-0.01682771733558879,False
2023-08-15,raw_target_research_vol_target_15pct,0.15,0.18097538350742948,0.8288420065364422,0.8288420065364422,0.17115799346355776,-0.012700631194850409,False
2023-08-22,raw_target_research_vol_target_15pct,0.15,0.18047916866857186,0.8311208496059556,0.8311208496059556,0.16887915039404444,-0.0009334118858226733,False
2023-08-29,raw_target_research_vol_target_15pct,0.15,0.15958422665310595,0.9399425190439432,0.9399425190439432,0.060057480956056786,0.008317833740612672,False
2023-09-06,raw_target_research_vol_target_15pct,0.15,0.1605862709712769,0.9340773597440941,0.9340773597440941,0.06592264025590588,0.007017632901790889,False
2023-09-13,raw_target_research_vol_target_15pct,0.15,0.15095189487087382,0.993694051527554,0.993694051527554,0.006305948472446032,0.020932728083865346,False
2023-09-20,raw_target_research_vol_target_15pct,0.15,0.1508791224142755,0.9941733329289809,0.9941733329289809,0.005826667071019087,-0.0029170431846249436,False
2023-09-27,raw_target_research_vol_target_15pct,0.15,0.1502004152912477,0.9986656808447627,0.9986656808447627,0.0013343191552372957,0.009030736957956531,False
2023-10-04,raw_target_research_vol_target_15pct,0.15,0.14837613452918738,1.0,1.0,0.0,0.004662188627372,False
2023-10-11,raw_target_research_vol_target_15pct,0.15,0.12310316661844926,1.0,1.0,0.0,-0.007196287889128,False
2023-10-18,raw_target_research_vol_target_15pct,0.15,0.12280421939389342,1.0,1.0,0.0,-0.0323215547711923,False
2023-10-25,raw_target_research_vol_target_15pct,0.15,0.1353449766614149,1.0,1.0,0.0,-0.0281310115563735,False
2023-11-01,raw_target_research_vol_target_15pct,0.15,0.11825271151765965,1.0,1.0,0.0,0.027181206333382,False
2023-11-08,raw_target_research_vol_target_15pct,0.15,0.12971218227923387,1.0,1.0,0.0,0.0201612277927177,False
2023-11-15,raw_target_research_vol_target_15pct,0.15,0.1318572492944631,1.0,1.0,0.0,0.0131770212519307,False
2023-11-22,raw_target_research_vol_target_15pct,0.15,0.1334934968238522,1.0,1.0,0.0,0.0605170598539722,False
2023-11-30,raw_target_research_vol_target_15pct,0.15,0.17913241561110438,0.8373693811266928,0.85,0.15000000000000002,-0.01398284705506834,False
2023-12-07,raw_target_research_vol_target_15pct,0.15,0.18610282364700043,0.8060060404269834,0.8060060404269834,0.19399395957301657,0.022373053130124252,False
2023-12-14,raw_target_research_vol_target_15pct,0.15,0.1892157422862797,0.7927458793204053,0.7927458793204053,0.2072541206795947,-0.0055658254683037265,False
2023-12-21,raw_target_research_vol_target_15pct,0.15,0.19034917978722798,0.7880254601972531,0.7880254601972531,0.21197453980274694,-0.004221552757765588,False
2023-12-29,raw_target_research_vol_target_15pct,0.15,0.19160296364582577,0.782868892765521,0.782868892765521,0.21713110723447904,-0.03870391057069987,False
2024-01-08,raw_target_research_vol_target_15pct,0.15,0.22244691206675066,0.6743181939742495,0.6743181939742495,0.3256818060257505,-0.0064146933201918305,False
2024-01-16,raw_target_research_vol_target_15pct,0.15,0.22286630626723092,0.6730492487282507,0.6730492487282507,0.32695075127174933,0.001067868294491239,False
2024-01-23,raw_target_research_vol_target_15pct,0.15,0.2103718463416088,0.7130231664004365,0.7130231664004365,0.2869768335995635,0.029758999638087067,False
2024-01-30,raw_target_research_vol_target_15pct,0.15,0.21197112638368662,0.7076435482466921,0.7076435482466921,0.29235645175330793,-0.009191041098698723,False
2024-02-06,raw_target_research_vol_target_15pct,0.15,0.2119033206403195,0.7078699830976553,0.7078699830976553,0.29213001690234475,0.0010824654688608524,False
2024-02-13,raw_target_research_vol_target_15pct,0.15,0.20927009855462064,0.7167770313867806,0.7167770313867806,0.2832229686132194,0.017994659782126853,False
2024-02-21,raw_target_research_vol_target_15pct,0.15,0.21324711351925327,0.7034092866464852,0.7034092866464852,0.29659071335351483,0.014577551234299472,False
2024-02-28,raw_target_research_vol_target_15pct,0.15,0.17697815772073505,0.8475622185913723,0.8475622185913723,0.15243778140862774,0.013256287924290842,False
2024-03-06,raw_target_research_vol_target_15pct,0.15,0.1741911964885153,0.8611227376803151,0.8611227376803151,0.1388772623196849,0.020799172697413427,False
2024-03-13,raw_target_research_vol_target_15pct,0.15,0.17202234805005026,0.8719797264734299,0.8719797264734299,0.12802027352657008,-0.03142408221728639,False
2024-03-20,raw_target_research_vol_target_15pct,0.15,0.19037947414746284,0.7879000647087302,0.7879000647087302,0.2120999352912698,0.010893770875870781,False
2024-03-27,raw_target_research_vol_target_15pct,0.15,0.19133631306782264,0.7839599164160217,0.7839599164160217,0.2160400835839783,-0.005773906015707894,False
2024-04-04,raw_target_research_vol_target_15pct,0.15,0.15285603099656758,0.9813155491612122,0.9339599164160217,0.06604008358397828,0.014319276479009317,False
2024-04-11,raw_target_research_vol_target_15pct,0.15,0.14922084397892213,1.0,1.0,0.0,-0.0188985447706393,False
2024-04-18,raw_target_research_vol_target_15pct,0.15,0.15954699374481923,0.9401618700500946,0.9401618700500946,0.05983812994990545,-0.008041095759351117,False
2024-04-25,raw_target_research_vol_target_15pct,0.15,0.14081892532539095,1.0,1.0,0.0,0.0249067675565979,False
2024-05-02,raw_target_research_vol_target_15pct,0.15,0.14294060773237732,1.0,1.0,0.0,0.0260861715531854,False
2024-05-09,raw_target_research_vol_target_15pct,0.15,0.14847353762313295,1.0,1.0,0.0,-0.0429899450741305,False
2024-05-16,raw_target_research_vol_target_15pct,0.15,0.17634755502365673,0.8505930234183159,0.8505930234183159,0.14940697658168411,0.0027750598347065893,False
2024-05-23,raw_target_research_vol_target_15pct,0.15,0.17135183801004303,0.8753918355472114,0.8753918355472114,0.12460816445278855,0.029915511430540578,False
2024-05-31,raw_target_research_vol_target_15pct,0.15,0.18294210383050274,0.8199315349460293,0.8199315349460293,0.18006846505397067,0.009656079746764658,False
2024-06-07,raw_target_research_vol_target_15pct,0.15,0.1776816683651661,0.8442063910145442,0.8442063910145442,0.1557936089854558,-0.01578441277705161,False
2024-06-14,raw_target_research_vol_target_15pct,0.15,0.163514508959318,0.9173497872125808,0.9173497872125808,0.08265021278741924,0.021674666152536708,False
2024-06-24,raw_target_research_vol_target_15pct,0.15,0.16788595743176726,0.8934636481491519,0.8934636481491519,0.10653635185084809,0.026978889074151264,False
2024-07-01,raw_target_research_vol_target_15pct,0.15,0.17443893782311382,0.8598997555930109,0.8598997555930109,0.1401002444069891,0.04821392687729919,False
2024-07-09,raw_target_research_vol_target_15pct,0.15,0.20245168471116173,0.7409175192293673,0.7409175192293673,0.2590824807706327,0.0037456039379991264,False
2024-07-16,raw_target_research_vol_target_15pct,0.15,0.19208395116674584,0.7809085511250585,0.7809085511250585,0.21909144887494147,-0.05211450209304169,False
2024-07-23,raw_target_research_vol_target_15pct,0.15,0.25100368371289744,0.5976007912759269,0.6309085511250585,0.3690914488749415,-0.024148361481142928,False
2024-07-30,raw_target_research_vol_target_15pct,0.15,0.2641284276241424,0.5679055501494584,0.5679055501494584,0.4320944498505416,0.01075519997135431,False
2024-08-06,raw_target_research_vol_target_15pct,0.15,0.26143854812129447,0.5737485962873672,0.5737485962873672,0.4262514037126328,-0.010738629268624528,False
2024-08-13,raw_target_research_vol_target_15pct,0.15,0.2463687078304485,0.6088435553399514,0.6088435553399514,0.3911564446600486,0.003264560643845488,False
2024-08-20,raw_target_research_vol_target_15pct,0.15,0.2464024660519598,0.608760141095215,0.608760141095215,0.39123985890478497,0.0026781759510771594,False
2024-08-27,raw_target_research_vol_target_15pct,0.15,0.23647979080176318,0.6343036734405028,0.6343036734405028,0.36569632655949724,-0.006774284259786485,False
2024-09-04,raw_target_research_vol_target_15pct,0.15,0.2362991614336418,0.634788541313226,0.634788541313226,0.36521145868677396,-0.00805653420072651,False
2024-09-11,raw_target_research_vol_target_15pct,0.15,0.23446478190195905,0.6397549294320978,0.6397549294320978,0.3602450705679022,0.008457129772627494,False
2024-09-18,raw_target_research_vol_target_15pct,0.15,0.23039821828902374,0.6510467012892958,0.6510467012892958,0.34895329871070424,0.02975467634320638,False
2024-09-25,raw_target_research_vol_target_15pct,0.15,0.24236566960728542,0.6188995340926413,0.6188995340926413,0.3811004659073587,0.0016241943471759625,False
2024-10-02,raw_target_research_vol_target_15pct,0.15,0.2068860429074898,0.7250368265155195,0.7250368265155195,0.2749631734844805,0.0017080717587553216,False
2024-10-09,raw_target_research_vol_target_15pct,0.15,0.20638194057684534,0.7268077796959574,0.7268077796959574,0.27319222030404255,-0.004225793248864173,False
2024-10-16,raw_target_research_vol_target_15pct,0.15,0.15094899077517795,0.9937131691288259,0.8768077796959575,0.12319222030404253,0.01090349056868984,False
2024-10-23,raw_target_research_vol_target_15pct,0.15,0.12367592421919792,1.0,1.0,0.0,0.0009187968475898,False
2024-10-30,raw_target_research_vol_target_15pct,0.15,0.11951576353292856,1.0,1.0,0.0,-0.0385598364944695,False
2024-11-06,raw_target_research_vol_target_15pct,0.15,0.14189162725923335,1.0,1.0,0.0,0.0334599430245074,False
2024-11-13,raw_target_research_vol_target_15pct,0.15,0.1567397203452214,0.9570005590773221,0.9570005590773221,0.042999440922677934,-0.006718363180618048,False
2024-11-20,raw_target_research_vol_target_15pct,0.15,0.15838379499691216,0.9470665859655931,0.9470665859655931,0.05293341403440688,0.000513055685852926,False
2024-11-27,raw_target_research_vol_target_15pct,0.15,0.15548973381721448,0.9646939146241775,0.9646939146241775,0.03530608537582247,0.009978159184419905,False
2024-12-05,raw_target_research_vol_target_15pct,0.15,0.15116763488642634,0.9922758936639869,0.9922758936639869,0.007724106336013059,0.03178179348811423,False
2024-12-12,raw_target_research_vol_target_15pct,0.15,0.16032792274537175,0.9355825075974179,0.9355825075974179,0.0644174924025821,0.016840992472997217,False
2024-12-19,raw_target_research_vol_target_15pct,0.15,0.13776882905802076,1.0,1.0,0.0,-0.0116644439546898,False
2024-12-27,raw_target_research_vol_target_15pct,0.15,0.14214399533340585,1.0,1.0,0.0,-0.0292671593545669,False
2025-01-06,raw_target_research_vol_target_15pct,0.15,0.15818376818469812,0.9482641722433707,0.9482641722433707,0.05173582775662933,-0.03483447850871523,False
2025-01-14,raw_target_research_vol_target_15pct,0.15,0.17680928360099646,0.8483717423939307,0.8483717423939307,0.15162825760606935,0.04032640760147196,False
2025-01-22,raw_target_research_vol_target_15pct,0.15,0.20295178567075695,0.7390917971194441,0.7390917971194441,0.26090820288055594,-0.010058084095787725,False
2025-01-29,raw_target_research_vol_target_15pct,0.15,0.20543945421989057,0.7301421266406238,0.7301421266406238,0.26985787335937617,0.006139487235264262,False
2025-02-05,raw_target_research_vol_target_15pct,0.15,0.185548253221074,0.8084150478165939,0.8084150478165939,0.1915849521834061,0.0007118799307671566,False
2025-02-12,raw_target_research_vol_target_15pct,0.15,0.17332482843915697,0.8654270790330261,0.8654270790330261,0.13457292096697393,0.030753596366852293,False
2025-02-20,raw_target_research_vol_target_15pct,0.15,0.1855472136744945,0.8084195770416958,0.8084195770416958,0.19158042295830424,-0.01332222454796272,False
2025-02-27,raw_target_research_vol_target_15pct,0.15,0.19087778433736854,0.7858431536216978,0.7858431536216978,0.21415684637830223,0.014128750519817873,False
2025-03-06,raw_target_research_vol_target_15pct,0.15,0.19278384897823436,0.7780734786394645,0.7780734786394645,0.22192652136053548,0.03156238816556396,False
2025-03-13,raw_target_research_vol_target_15pct,0.15,0.19930130091147033,0.7526293070541974,0.7526293070541974,0.2473706929458026,0.005510973777531135,False
2025-03-20,raw_target_research_vol_target_15pct,0.15,0.19725489754264022,0.7604373927779146,0.7604373927779146,0.23956260722208544,0.002047868858738797,False
2025-03-27,raw_target_research_vol_target_15pct,0.15,0.1940209670505174,0.7731123201800368,0.7731123201800368,0.22688767981996316,-0.011625620927737045,False
2025-04-03,raw_target_research_vol_target_15pct,0.15,0.18396816823292528,0.815358447283567,0.815358447283567,0.184641552716433,-0.035748964530973024,False
2025-04-10,raw_target_research_vol_target_15pct,0.15,0.1923177420044446,0.7799592405599968,0.7799592405599968,0.22004075944000323,0.004816859482729529,False
2025-04-17,raw_target_research_vol_target_15pct,0.15,0.16770678789413498,0.8944181799885619,0.8944181799885619,0.10558182001143812,-0.019446109127756548,False
2025-04-25,raw_target_research_vol_target_15pct,0.15,0.17222041714460407,0.8709768707275468,0.8709768707275468,0.12902312927245319,0.0007134543812556592,False
2025-05-02,raw_target_research_vol_target_15pct,0.15,0.17157984166077256,0.8742285722384703,0.8742285722384703,0.12577142776152972,-0.01684519540177734,False
2025-05-09,raw_target_research_vol_target_15pct,0.15,0.1768431097185031,0.8482094679219809,0.8482094679219809,0.15179053207801907,0.0534615603389424,False
2025-05-16,raw_target_research_vol_target_15pct,0.15,0.20962728327504554,0.7155557122933736,0.7155557122933736,0.28444428770662644,-0.015485801448898542,False
2025-05-23,raw_target_research_vol_target_15pct,0.15,0.21203112282982278,0.7074433130290534,0.7074433130290534,0.2925566869709466,0.03526551876512682,False
2025-06-02,raw_target_research_vol_target_15pct,0.15,0.23319555114153578,0.6432369711416962,0.6432369711416962,0.3567630288583038,0.012009047540077318,False
2025-06-09,raw_target_research_vol_target_15pct,0.15,0.22110040131335967,0.678424820167599,0.678424820167599,0.321575179832401,0.007370846625077509,False
2025-06-16,raw_target_research_vol_target_15pct,0.15,0.22160853728419777,0.6768692300316719,0.6768692300316719,0.3231307699683281,0.0005457716463488178,False
2025-06-24,raw_target_research_vol_target_15pct,0.15,0.22163756888030456,0.6767805690966027,0.6767805690966027,0.32321943090339733,0.0031569379067736074,False
2025-07-01,raw_target_research_vol_target_15pct,0.15,0.21806797594117108,0.6878589089140993,0.6878589089140993,0.3121410910859007,-0.008510370902208957,False
2025-07-09,raw_target_research_vol_target_15pct,0.15,0.1938189211089525,0.7739182487538442,0.7739182487538442,0.22608175124615582,0.022348749900836917,False
2025-07-16,raw_target_research_vol_target_15pct,0.15,0.19925758016799447,0.7527944476367459,0.7527944476367459,0.24720555236325414,0.0043560799136688685,False
2025-07-23,raw_target_research_vol_target_15pct,0.15,0.18731967334588157,0.8007701343949515,0.8007701343949515,0.19922986560504852,0.01569682976877429,False
2025-07-30,raw_target_research_vol_target_15pct,0.15,0.18664671741848848,0.8036573162102747,0.8036573162102747,0.1963426837897253,-0.020727877811919867,False
2025-08-06,raw_target_research_vol_target_15pct,0.15,0.19230766347391226,0.7800001169498294,0.7800001169498294,0.2199998830501706,0.02506438952439614,False
2025-08-13,raw_target_research_vol_target_15pct,0.15,0.16166506362926292,0.9278442517672604,0.9278442517672604,0.07215574823273962,-0.013923553595730167,False
2025-08-20,raw_target_research_vol_target_15pct,0.15,0.1561412068283895,0.96066889097931,0.96066889097931,0.039331109020690036,-0.004475827825229371,False
2025-08-27,raw_target_research_vol_target_15pct,0.15,0.12887919053632643,1.0,1.0,0.0,-0.003567682076054,False
2025-09-04,raw_target_research_vol_target_15pct,0.15,0.1262499763390285,1.0,1.0,0.0,0.0033733937553912,False
2025-09-11,raw_target_research_vol_target_15pct,0.15,0.12512294564582468,1.0,1.0,0.0,0.0004912534409802,False
2025-09-18,raw_target_research_vol_target_15pct,0.15,0.12514872684580122,1.0,1.0,0.0,-0.0051332065714589,False
2025-09-25,raw_target_research_vol_target_15pct,0.15,0.12611809138447944,1.0,1.0,0.0,0.0423002266815872,False
2025-10-02,raw_target_research_vol_target_15pct,0.15,0.14649179701350692,1.0,1.0,0.0,-0.0133759369255135,False
2025-10-09,raw_target_research_vol_target_15pct,0.15,0.1423598561717761,1.0,1.0,0.0,-0.0575387446589544,False
2025-10-16,raw_target_research_vol_target_15pct,0.15,0.18983327938321784,0.7901670375571709,0.85,0.15000000000000002,-0.000720446566209,False
2025-10-23,raw_target_research_vol_target_15pct,0.15,0.18333795989061286,0.8181611712571488,0.8181611712571488,0.18183882874285118,0.012999879414329278,False
2025-10-30,raw_target_research_vol_target_15pct,0.15,0.18038123388017183,0.831572091915314,0.831572091915314,0.168427908084686,0.024205950844239873,False
2025-11-06,raw_target_research_vol_target_15pct,0.15,0.177878443155329,0.8432725030599426,0.8432725030599426,0.1567274969400574,-0.0048346629993972715,False
2025-11-13,raw_target_research_vol_target_15pct,0.15,0.17538587500108682,0.8552570154185477,0.8552570154185477,0.1447429845814523,0.028021996474088377,False
2025-11-20,raw_target_research_vol_target_15pct,0.15,0.18758123967439697,0.7996535275082391,0.7996535275082391,0.20034647249176085,-0.011139264032696198,False
2025-11-28,raw_target_research_vol_target_15pct,0.15,0.1905609363184148,0.7871497847248181,0.7871497847248181,0.2128502152751819,-0.0018916734387006953,False
2025-12-05,raw_target_research_vol_target_15pct,0.15,0.19078438864037486,0.7862278516024038,0.7862278516024038,0.21377214839759617,-0.010302771352713326,False
2025-12-12,raw_target_research_vol_target_15pct,0.15,0.19331602392308703,0.7759315392275976,0.7759315392275976,0.2240684607724024,0.016904152990658415,False
2025-12-19,raw_target_research_vol_target_15pct,0.15,0.19758747996189555,0.759157412346811,0.759157412346811,0.240842587653189,0.013194772619618735,False
2025-12-29,raw_target_research_vol_target_15pct,0.15,0.1800793851927201,0.8329659713102125,0.8329659713102125,0.16703402868978745,-0.0071159886471040875,False
2026-01-06,raw_target_research_vol_target_15pct,0.15,0.1785459661633217,0.8401197922488498,0.8401197922488498,0.1598802077511502,0.00220537657050403,False
2026-01-13,raw_target_research_vol_target_15pct,0.15,0.11862052886510686,1.0,0.9901197922488498,0.009880207751150172,0.023469575099857157,False
2026-01-21,raw_target_research_vol_target_15pct,0.15,0.122632703766163,1.0,1.0,0.0,-0.0004939991898099,False
2026-01-28,raw_target_research_vol_target_15pct,0.15,0.12257890828374839,1.0,1.0,0.0,-0.0027961069103023,False
2026-02-04,raw_target_research_vol_target_15pct,0.15,0.11286567510471864,1.0,1.0,0.0,-0.0274545571632072,False
2026-02-11,raw_target_research_vol_target_15pct,0.15,0.12981473599136348,1.0,1.0,0.0,-0.0265975871318906,False
2026-02-19,raw_target_research_vol_target_15pct,0.15,0.12291672071181255,1.0,1.0,0.0,0.0075034725577374,False
2026-02-26,raw_target_research_vol_target_15pct,0.15,0.1215687037426824,1.0,1.0,0.0,-0.0029014605926831,False
2026-03-05,raw_target_research_vol_target_15pct,0.15,0.1216062615601856,1.0,1.0,0.0,-0.0321965765880559,False
2026-03-12,raw_target_research_vol_target_15pct,0.15,0.13642743973126206,1.0,1.0,0.0,0.0097204702488517,False
2026-03-19,raw_target_research_vol_target_15pct,0.15,0.1283933183910015,1.0,1.0,0.0,-0.0057317488780007,False
2026-03-26,raw_target_research_vol_target_15pct,0.15,0.11943508022518072,1.0,1.0,0.0,0.0120774903225529,False
2026-04-02,raw_target_research_vol_target_15pct,0.15,0.12438676138757813,1.0,1.0,0.0,-7.935441281364981e-05,False
2026-04-10,raw_target_research_vol_target_15pct,0.15,0.12387719701894297,1.0,1.0,0.0,0.0260955666741992,False
2026-04-17,raw_target_research_vol_target_15pct,0.15,0.12646680613957773,1.0,1.0,0.0,-0.0266163653839654,False
2026-04-24,raw_target_research_vol_target_15pct,0.15,0.13490136114721618,1.0,1.0,0.0,-0.0041058454877287,False
2026-05-01,raw_target_research_vol_target_15pct,0.15,0.13479301421049283,1.0,1.0,0.0,-0.0456226219034152,False
2026-05-08,raw_target_research_vol_target_15pct,0.15,0.15273160299120186,0.9821150113159015,0.9821150113159015,0.01788498868409849,0.02165170295360738,False
2026-05-15,raw_target_research_vol_target_15pct,0.15,0.15729923027931042,0.9535965289445507,0.9535965289445507,0.046403471055449286,-0.006126584251380639,False
2022-01-03,raw_target_research_vol_target_18pct,0.18,,,1.0,0.0,-0.0151875740117539,False
2022-01-10,raw_target_research_vol_target_18pct,0.18,,,1.0,0.0,0.0085589151004516,False
2022-01-18,raw_target_research_vol_target_18pct,0.18,,,1.0,0.0,-0.0136566225046583,False
2022-01-25,raw_target_research_vol_target_18pct,0.18,,,1.0,0.0,0.0044840119287781,False
2022-02-01,raw_target_research_vol_target_18pct,0.18,0.08828285701752003,1.0,1.0,0.0,-0.013809438388929,False
2022-02-08,raw_target_research_vol_target_18pct,0.18,0.08282374189278617,1.0,1.0,0.0,0.0115325689533021,False
2022-02-15,raw_target_research_vol_target_18pct,0.18,0.09020716092183363,1.0,1.0,0.0,0.0227982897052355,False
2022-02-23,raw_target_research_vol_target_18pct,0.18,0.10838448701336685,1.0,1.0,0.0,0.0030818797139579,False
2022-03-02,raw_target_research_vol_target_18pct,0.18,0.10053274112972381,1.0,1.0,0.0,-0.0349424165743367,False
2022-03-09,raw_target_research_vol_target_18pct,0.18,0.12776096776445753,1.0,1.0,0.0,0.0288834719112092,False
2022-03-16,raw_target_research_vol_target_18pct,0.18,0.1407787177343132,1.0,1.0,0.0,0.0788597899796826,False
2022-03-23,raw_target_research_vol_target_18pct,0.18,0.2172688481329191,0.8284666741082042,0.85,0.15000000000000002,0.005714416749247565,False
2022-03-30,raw_target_research_vol_target_18pct,0.18,0.2071615559530503,0.8688870827017441,0.8688870827017441,0.13111291729825592,-0.012847347994838082,False
2022-04-06,raw_target_research_vol_target_18pct,0.18,0.2069565723096034,0.8697476866340981,0.8697476866340981,0.13025231336590193,0.00410059536265243,False
2022-04-13,raw_target_research_vol_target_18pct,0.18,0.20700182349288143,0.869557557333257,0.869557557333257,0.13044244266674299,-0.01924397672262344,False
2022-04-21,raw_target_research_vol_target_18pct,0.18,0.21171182602071745,0.8502123069043189,0.8502123069043189,0.14978769309568107,-0.006831639581986307,False
2022-04-28,raw_target_research_vol_target_18pct,0.18,0.21381578904424212,0.8418461555369746,0.8418461555369746,0.15815384446302538,-0.012034640132493135,False
2022-05-05,raw_target_research_vol_target_18pct,0.18,0.21402352924606385,0.8410290243978416,0.8410290243978416,0.15897097560215845,-0.01955942815243706,False
2022-05-12,raw_target_research_vol_target_18pct,0.18,0.22131133389777843,0.8133338533992129,0.8133338533992129,0.18666614660078706,0.06959096572592129,False
2022-05-19,raw_target_research_vol_target_18pct,0.18,0.2798442228578861,0.6432149935480703,0.6633338533992129,0.3366661466007871,-0.006974858672428304,False
2022-05-26,raw_target_research_vol_target_18pct,0.18,0.2822952790871841,0.6376302167788246,0.6376302167788246,0.3623697832211754,0.021925081704099306,False
2022-06-03,raw_target_research_vol_target_18pct,0.18,0.27092271566787796,0.6643961159043621,0.6643961159043621,0.3356038840956379,-0.005103208179545571,False
2022-06-10,raw_target_research_vol_target_18pct,0.18,0.27095539323371404,0.6643159888858164,0.6643159888858164,0.33568401111418356,-0.05450215631425587,False
2022-06-17,raw_target_research_vol_target_18pct,0.18,0.2820407638514646,0.6382056180176711,0.6382056180176711,0.36179438198232894,0.0013465943103526514,False
2022-06-27,raw_target_research_vol_target_18pct,0.18,0.2813503450581054,0.6397717406844686,0.6397717406844686,0.3602282593155314,-0.03214290394308473,False
2022-07-05,raw_target_research_vol_target_18pct,0.18,0.29669624085096075,0.6066810940500567,0.6066810940500567,0.39331890594994334,-0.0018821701975033488,False
2022-07-12,raw_target_research_vol_target_18pct,0.18,0.29560058465953076,0.6089297834350424,0.6089297834350424,0.39107021656495755,0.008868645258657817,False
2022-07-19,raw_target_research_vol_target_18pct,0.18,0.2973372868227165,0.6053731165823231,0.6053731165823231,0.39462688341767693,0.011342642593291824,False
2022-07-26,raw_target_research_vol_target_18pct,0.18,0.3013452728660507,0.5973214654673239,0.5973214654673239,0.4026785345326761,0.024797726549489935,False
2022-08-02,raw_target_research_vol_target_18pct,0.18,0.31362747161148874,0.5739293151684683,0.5739293151684683,0.42607068483153165,-8.037021450388355e-05,False
2022-08-09,raw_target_research_vol_target_18pct,0.18,0.3085762335219894,0.5833242500420016,0.5833242500420016,0.4166757499579984,0.011347353485534721,False
2022-08-16,raw_target_research_vol_target_18pct,0.18,0.2506292096705405,0.71819242552221,0.71819242552221,0.28180757447779003,-0.008292615190287041,False
2022-08-23,raw_target_research_vol_target_18pct,0.18,0.25080633174588324,0.7176852304605126,0.7176852304605126,0.2823147695394874,0.017611473305619605,False
2022-08-30,raw_target_research_vol_target_18pct,0.18,0.2447993371840471,0.7352961085212044,0.7352961085212044,0.2647038914787956,-0.003159863379374195,False
2022-09-07,raw_target_research_vol_target_18pct,0.18,0.24458218988715932,0.7359489261382645,0.7359489261382645,0.26405107386173554,0.00764360599950051,False
2022-09-14,raw_target_research_vol_target_18pct,0.18,0.1650815726767179,1.0,0.8859489261382645,0.11405107386173552,-0.02425265324066417,False
2022-09-21,raw_target_research_vol_target_18pct,0.18,0.17856798060044274,1.0,1.0,0.0,-0.0002732841324911,False
2022-09-28,raw_target_research_vol_target_18pct,0.18,0.1328266110414332,1.0,1.0,0.0,-0.0244969790151794,False
2022-10-05,raw_target_research_vol_target_18pct,0.18,0.14716536365346722,1.0,1.0,0.0,0.0036367935026349,False
2022-10-12,raw_target_research_vol_target_18pct,0.18,0.14558344928996475,1.0,1.0,0.0,0.0522431861179794,False
2022-10-19,raw_target_research_vol_target_18pct,0.18,0.17522571455453953,1.0,1.0,0.0,0.0027842033101328,False
2022-10-26,raw_target_research_vol_target_18pct,0.18,0.15663226709867992,1.0,1.0,0.0,0.0029711133976821,False
2022-11-02,raw_target_research_vol_target_18pct,0.18,0.1564006109185766,1.0,1.0,0.0,-0.0075073882372228,False
2022-11-09,raw_target_research_vol_target_18pct,0.18,0.1538498478471423,1.0,1.0,0.0,0.080445135512924,False
2022-11-16,raw_target_research_vol_target_18pct,0.18,0.2210373121168648,0.8143421500928859,0.85,0.15000000000000002,0.00079109005812482,False
2022-11-23,raw_target_research_vol_target_18pct,0.18,0.2188492532239511,0.8224839580138015,0.8224839580138015,0.17751604198619853,-0.012981118115914321,False
2022-12-01,raw_target_research_vol_target_18pct,0.18,0.223044937182697,0.8070122652125534,0.8070122652125534,0.19298773478744657,-0.0028013880366727123,False
2022-12-08,raw_target_research_vol_target_18pct,0.18,0.2237693437363399,0.8043997314131114,0.8043997314131114,0.19560026858688861,0.00870365482257755,False
2022-12-15,raw_target_research_vol_target_18pct,0.18,0.21109474340004727,0.8526976896761499,0.8526976896761499,0.1473023103238501,0.000983003468468384,False
2022-12-22,raw_target_research_vol_target_18pct,0.18,0.21083358087390147,0.8537539383143007,0.8537539383143007,0.1462460616856993,0.01443467411588236,False
2022-12-30,raw_target_research_vol_target_18pct,0.18,0.19719840954348658,0.9127862664648217,0.9127862664648217,0.08721373353517825,-0.06143330675757097,False
2023-01-09,raw_target_research_vol_target_18pct,0.18,0.2578008917269437,0.6982132559520062,0.7627862664648217,0.23721373353517827,-0.0019232483796064396,False
2023-01-17,raw_target_research_vol_target_18pct,0.18,0.2357357577361488,0.763566807719803,0.763566807719803,0.236433192280197,-0.03815490461024098,False
2023-01-24,raw_target_research_vol_target_18pct,0.18,0.25901520156788144,0.6949399066557354,0.6949399066557354,0.30506009334426465,-0.0016646069295660473,False
2023-01-31,raw_target_research_vol_target_18pct,0.18,0.258691776160253,0.6958087445674908,0.6958087445674908,0.30419125543250924,0.04148653390292452,False
2023-02-07,raw_target_research_vol_target_18pct,0.18,0.28946376521934164,0.6218394895250696,0.6218394895250696,0.3781605104749304,-0.005089064265943685,False
2023-02-14,raw_target_research_vol_target_18pct,0.18,0.22868577897137285,0.7871062241370619,0.7718394895250696,0.22816051047493036,0.004214595454680421,False
2023-02-22,raw_target_research_vol_target_18pct,0.18,0.2294383590658867,0.7845244392996651,0.7845244392996651,0.2154755607003349,0.0044719710515925565,False
2023-03-01,raw_target_research_vol_target_18pct,0.18,0.2288611961201668,0.7865029242680722,0.7865029242680722,0.21349707573192778,-0.012348237810142158,False
2023-03-08,raw_target_research_vol_target_18pct,0.18,0.23043432452735305,0.7811336282873674,0.7811336282873674,0.21886637171263257,-0.01406940919446202,False
2023-03-15,raw_target_research_vol_target_18pct,0.18,0.22955844540143008,0.7841140398264722,0.7841140398264722,0.2158859601735278,0.03548191133155614,False
2023-03-22,raw_target_research_vol_target_18pct,0.18,0.2534920844297579,0.7100813439793131,0.7100813439793131,0.2899186560206869,0.01952211027787971,False
2023-03-29,raw_target_research_vol_target_18pct,0.18,0.2582711629082676,0.6969419193885464,0.6969419193885464,0.30305808061145356,0.009378098569580488,False
2023-04-05,raw_target_research_vol_target_18pct,0.18,0.21168510830280163,0.8503196159765846,0.8469419193885465,0.15305808061145354,0.008993199473992604,False
2023-04-13,raw_target_research_vol_target_18pct,0.18,0.21123832056487313,0.8521181171989124,0.8521181171989124,0.1478818828010876,0.022527103684819992,False
2023-04-20,raw_target_research_vol_target_18pct,0.18,0.17133214552551343,1.0,1.0,0.0,-0.0191875341665108,False
2023-04-27,raw_target_research_vol_target_18pct,0.18,0.1815224635896075,0.9916128089080504,0.9916128089080504,0.00838719109194963,-0.016071451916258174,False
2023-05-04,raw_target_research_vol_target_18pct,0.18,0.1517603305596202,1.0,1.0,0.0,0.0074788355792212,False
2023-05-11,raw_target_research_vol_target_18pct,0.18,0.14891097892349764,1.0,1.0,0.0,-0.0136387738170494,False
2023-05-18,raw_target_research_vol_target_18pct,0.18,0.15450009945381346,1.0,1.0,0.0,-0.0163093534323031,False
2023-05-25,raw_target_research_vol_target_18pct,0.18,0.1603764818642895,1.0,1.0,0.0,0.0404696050052135,False
2023-06-02,raw_target_research_vol_target_18pct,0.18,0.17223906469923106,1.0,1.0,0.0,-0.0016863865150476,False
2023-06-09,raw_target_research_vol_target_18pct,0.18,0.1640175608602193,1.0,1.0,0.0,0.0262732869604857,False
2023-06-16,raw_target_research_vol_target_18pct,0.18,0.14793140054289355,1.0,1.0,0.0,0.0211714044077844,False
2023-06-26,raw_target_research_vol_target_18pct,0.18,0.14434146671328124,1.0,1.0,0.0,0.0056885310941821,False
2023-07-03,raw_target_research_vol_target_18pct,0.18,0.14349070080029977,1.0,1.0,0.0,0.0134837291548663,False
2023-07-11,raw_target_research_vol_target_18pct,0.18,0.14405847825927157,1.0,1.0,0.0,0.0356817361996604,False
2023-07-18,raw_target_research_vol_target_18pct,0.18,0.15133588207208948,1.0,1.0,0.0,-0.0092084146459613,False
2023-07-25,raw_target_research_vol_target_18pct,0.18,0.1444385729472955,1.0,1.0,0.0,-0.012798768950697,False
2023-08-01,raw_target_research_vol_target_18pct,0.18,0.1419076007093333,1.0,1.0,0.0,-0.0431691582500347,False
2023-08-08,raw_target_research_vol_target_18pct,0.18,0.17766978128743346,1.0,1.0,0.0,-0.0197973145124574,False
2023-08-15,raw_target_research_vol_target_18pct,0.18,0.18097538350742948,0.9946104078437307,0.9946104078437307,0.005389592156269329,-0.01524075743382049,False
2023-08-22,raw_target_research_vol_target_18pct,0.18,0.18047916866857186,0.9973450195271466,0.9973450195271466,0.0026549804728533966,-0.0011200942629872078,False
2023-08-29,raw_target_research_vol_target_18pct,0.18,0.15958422665310595,1.0,1.0,0.0,0.0088493004328319,False
2023-09-06,raw_target_research_vol_target_18pct,0.18,0.1605862709712769,1.0,1.0,0.0,0.0075129033249596,False
2023-09-13,raw_target_research_vol_target_18pct,0.18,0.15095189487087382,1.0,1.0,0.0,0.0210655664605082,False
2023-09-20,raw_target_research_vol_target_18pct,0.18,0.1508791224142755,1.0,1.0,0.0,-0.0029341394382717,False
2023-09-27,raw_target_research_vol_target_18pct,0.18,0.1502004152912477,1.0,1.0,0.0,0.0090428029431406,False
2023-10-04,raw_target_research_vol_target_18pct,0.18,0.14837613452918738,1.0,1.0,0.0,0.004662188627372,False
2023-10-11,raw_target_research_vol_target_18pct,0.18,0.12310316661844926,1.0,1.0,0.0,-0.007196287889128,False
2023-10-18,raw_target_research_vol_target_18pct,0.18,0.12280421939389342,1.0,1.0,0.0,-0.0323215547711923,False
2023-10-25,raw_target_research_vol_target_18pct,0.18,0.1353449766614149,1.0,1.0,0.0,-0.0281310115563735,False
2023-11-01,raw_target_research_vol_target_18pct,0.18,0.11825271151765965,1.0,1.0,0.0,0.027181206333382,False
2023-11-08,raw_target_research_vol_target_18pct,0.18,0.12971218227923387,1.0,1.0,0.0,0.0201612277927177,False
2023-11-15,raw_target_research_vol_target_18pct,0.18,0.1318572492944631,1.0,1.0,0.0,0.0131770212519307,False
2023-11-22,raw_target_research_vol_target_18pct,0.18,0.1334934968238522,1.0,1.0,0.0,0.0605170598539722,False
2023-11-30,raw_target_research_vol_target_18pct,0.18,0.17913241561110438,1.0,1.0,0.0,-0.0164504083000804,False
2023-12-07,raw_target_research_vol_target_18pct,0.18,0.18610282364700043,0.9672072485123802,0.9672072485123802,0.03279275148761984,0.026847663756149106,False
2023-12-14,raw_target_research_vol_target_18pct,0.18,0.1892157422862797,0.9512950551844864,0.9512950551844864,0.04870494481551357,-0.0066789905619644725,False
2023-12-21,raw_target_research_vol_target_18pct,0.18,0.19034917978722798,0.9456305522367037,0.9456305522367037,0.05436944776329633,-0.0050658633093187055,False
2023-12-29,raw_target_research_vol_target_18pct,0.18,0.19160296364582577,0.9394426713186252,0.9394426713186252,0.060557328681374756,-0.046444692684839854,False
2024-01-08,raw_target_research_vol_target_18pct,0.18,0.22244691206675066,0.8091818327690994,0.8091818327690994,0.19081816723090061,-0.007697631984230196,False
2024-01-16,raw_target_research_vol_target_18pct,0.18,0.22286630626723092,0.8076590984739008,0.8076590984739008,0.19234090152609917,0.0012814419533894868,False
2024-01-23,raw_target_research_vol_target_18pct,0.18,0.2103718463416088,0.8556277996805238,0.8556277996805238,0.14437220031947617,0.03571079956570448,False
2024-01-30,raw_target_research_vol_target_18pct,0.18,0.21197112638368662,0.8491722578960305,0.8491722578960305,0.15082774210396954,-0.011029249318438468,False
2024-02-06,raw_target_research_vol_target_18pct,0.18,0.2119033206403195,0.8494439797171863,0.8494439797171863,0.15055602028281367,0.0012989585626330229,False
2024-02-13,raw_target_research_vol_target_18pct,0.18,0.20927009855462064,0.8601324376641367,0.8601324376641367,0.13986756233586328,0.02159359173855222,False
2024-02-21,raw_target_research_vol_target_18pct,0.18,0.21324711351925327,0.8440911439757822,0.8440911439757822,0.15590885602421778,0.017493061481159367,False
2024-02-28,raw_target_research_vol_target_18pct,0.18,0.17697815772073505,1.0,0.9940911439757822,0.005908856024217757,0.015548072033498703,False
2024-03-06,raw_target_research_vol_target_18pct,0.18,0.1741911964885153,1.0,1.0,0.0,0.0241535518542247,False
2024-03-13,raw_target_research_vol_target_18pct,0.18,0.17202234805005026,1.0,1.0,0.0,-0.0360376293889029,False
2024-03-20,raw_target_research_vol_target_18pct,0.18,0.19037947414746284,0.9454800776504763,0.9454800776504763,0.05451992234952374,0.013072525051044937,False
2024-03-27,raw_target_research_vol_target_18pct,0.18,0.19133631306782264,0.940751899699226,0.940751899699226,0.05924810030077399,-0.006928687218849472,False
2024-04-04,raw_target_research_vol_target_18pct,0.18,0.15285603099656758,1.0,1.0,0.0,0.0153317891135608,False
2024-04-11,raw_target_research_vol_target_18pct,0.18,0.14922084397892213,1.0,1.0,0.0,-0.0188985447706393,False
2024-04-18,raw_target_research_vol_target_18pct,0.18,0.15954699374481923,1.0,1.0,0.0,-0.0085528843654579,False
2024-04-25,raw_target_research_vol_target_18pct,0.18,0.14081892532539095,1.0,1.0,0.0,0.0249067675565979,False
2024-05-02,raw_target_research_vol_target_18pct,0.18,0.14294060773237732,1.0,1.0,0.0,0.0260861715531854,False
2024-05-09,raw_target_research_vol_target_18pct,0.18,0.14847353762313295,1.0,1.0,0.0,-0.0429899450741305,False
2024-05-16,raw_target_research_vol_target_18pct,0.18,0.17634755502365673,1.0,1.0,0.0,0.0032625001126324,False
2024-05-23,raw_target_research_vol_target_18pct,0.18,0.17135183801004303,1.0,1.0,0.0,0.0341738524575572,False
2024-05-31,raw_target_research_vol_target_18pct,0.18,0.18294210383050274,0.9839178419352352,0.9839178419352352,0.016082158064764762,0.011587295696117592,False
2024-06-07,raw_target_research_vol_target_18pct,0.18,0.1776816683651661,1.0,1.0,0.0,-0.0186973386426065,False
2024-06-14,raw_target_research_vol_target_18pct,0.18,0.163514508959318,1.0,1.0,0.0,0.0236274826185946,False
2024-06-24,raw_target_research_vol_target_18pct,0.18,0.16788595743176726,1.0,1.0,0.0,0.0301958441510622,False
2024-07-01,raw_target_research_vol_target_18pct,0.18,0.17443893782311382,1.0,1.0,0.0,0.056069241285049,False
2024-07-09,raw_target_research_vol_target_18pct,0.18,0.20245168471116173,0.8891010230752409,0.8891010230752409,0.11089897692475914,0.004494724725598952,False
2024-07-16,raw_target_research_vol_target_18pct,0.18,0.19208395116674584,0.9370902613500702,0.9370902613500702,0.06290973864992977,-0.06253740251165003,False
2024-07-23,raw_target_research_vol_target_18pct,0.18,0.25100368371289744,0.7171209495311123,0.7870902613500702,0.2129097386499298,-0.03012629978698958,False
2024-07-30,raw_target_research_vol_target_18pct,0.18,0.2641284276241424,0.6814866601793501,0.6814866601793501,0.3185133398206499,0.01290623996562517,False
2024-08-06,raw_target_research_vol_target_18pct,0.18,0.26143854812129447,0.6884983155448406,0.6884983155448406,0.31150168445515936,-0.012886355122349435,False
2024-08-13,raw_target_research_vol_target_18pct,0.18,0.2463687078304485,0.7306122664079416,0.7306122664079416,0.26938773359205836,0.003917472772614585,False
2024-08-20,raw_target_research_vol_target_18pct,0.18,0.2464024660519598,0.7305121693142581,0.7305121693142581,0.2694878306857419,0.0032138111412925914,False
2024-08-27,raw_target_research_vol_target_18pct,0.18,0.23647979080176318,0.7611644081286033,0.7611644081286033,0.2388355918713967,-0.008129141111743782,False
2024-09-04,raw_target_research_vol_target_18pct,0.18,0.2362991614336418,0.7617462495758712,0.7617462495758712,0.23825375042412877,-0.009667841040871813,False
2024-09-11,raw_target_research_vol_target_18pct,0.18,0.23446478190195905,0.7677059153185173,0.7677059153185173,0.23229408468148272,0.010148555727152992,False
2024-09-18,raw_target_research_vol_target_18pct,0.18,0.23039821828902374,0.7812560415471549,0.7812560415471549,0.2187439584528451,0.035705611611847654,False
2024-09-25,raw_target_research_vol_target_18pct,0.18,0.24236566960728542,0.7426794409111697,0.7426794409111697,0.25732055908883034,0.0019490332166111552,False
2024-10-02,raw_target_research_vol_target_18pct,0.18,0.2068860429074898,0.8700441918186234,0.8700441918186234,0.12995580818137664,0.002049686110506386,False
2024-10-09,raw_target_research_vol_target_18pct,0.18,0.20638194057684534,0.872169335635149,0.872169335635149,0.12783066436485102,-0.0050709518986370074,False
2024-10-16,raw_target_research_vol_target_18pct,0.18,0.15094899077517795,1.0,1.0,0.0,0.0124354400373486,False
2024-10-23,raw_target_research_vol_target_18pct,0.18,0.12367592421919792,1.0,1.0,0.0,0.0009187968475898,False
2024-10-30,raw_target_research_vol_target_18pct,0.18,0.11951576353292856,1.0,1.0,0.0,-0.0385598364944695,False
2024-11-06,raw_target_research_vol_target_18pct,0.18,0.14189162725923335,1.0,1.0,0.0,0.0334599430245074,False
2024-11-13,raw_target_research_vol_target_18pct,0.18,0.1567397203452214,1.0,1.0,0.0,-0.0070202291073847,False
2024-11-20,raw_target_research_vol_target_18pct,0.18,0.15838379499691216,1.0,1.0,0.0,0.0005417313771342,False
2024-11-27,raw_target_research_vol_target_18pct,0.18,0.15548973381721448,1.0,1.0,0.0,0.0103433421038083,False
2024-12-05,raw_target_research_vol_target_18pct,0.18,0.15116763488642634,1.0,1.0,0.0,0.0320291903603137,False
2024-12-12,raw_target_research_vol_target_18pct,0.18,0.16032792274537175,1.0,1.0,0.0,0.0180005422677739,False
2024-12-19,raw_target_research_vol_target_18pct,0.18,0.13776882905802076,1.0,1.0,0.0,-0.0116644439546898,False
2024-12-27,raw_target_research_vol_target_18pct,0.18,0.14214399533340585,1.0,1.0,0.0,-0.0292671593545669,False
2025-01-06,raw_target_research_vol_target_18pct,0.18,0.15818376818469812,1.0,1.0,0.0,-0.0367349938217164,False
2025-01-14,raw_target_research_vol_target_18pct,0.18,0.17680928360099646,1.0,1.0,0.0,0.0475338882547869,False
2025-01-22,raw_target_research_vol_target_18pct,0.18,0.20295178567075695,0.8869101565433329,0.8869101565433329,0.11308984345666706,-0.012069700914945272,False
2025-01-29,raw_target_research_vol_target_18pct,0.18,0.20543945421989057,0.8761705519687487,0.8761705519687487,0.12382944803125129,0.0073673846823171145,False
2025-02-05,raw_target_research_vol_target_18pct,0.18,0.185548253221074,0.9700980573799126,0.9700980573799126,0.029901942620087385,0.0008542559169205879,False
2025-02-12,raw_target_research_vol_target_18pct,0.18,0.17332482843915697,1.0,1.0,0.0,0.0355357454278117,False
2025-02-20,raw_target_research_vol_target_18pct,0.18,0.1855472136744945,0.9701034924500349,0.9701034924500349,0.02989650754996509,-0.015986669457555263,False
2025-02-27,raw_target_research_vol_target_18pct,0.18,0.19087778433736854,0.9430117843460373,0.9430117843460373,0.056988215653962726,0.016954500623781447,False
2025-03-06,raw_target_research_vol_target_18pct,0.18,0.19278384897823436,0.9336881743673575,0.9336881743673575,0.06631182563264248,0.03787486579867676,False
2025-03-13,raw_target_research_vol_target_18pct,0.18,0.19930130091147033,0.9031551684650369,0.9031551684650369,0.09684483153496315,0.006613168533037362,False
2025-03-20,raw_target_research_vol_target_18pct,0.18,0.19725489754264022,0.9125248713334975,0.9125248713334975,0.08747512866650253,0.002457442630486557,False
2025-03-27,raw_target_research_vol_target_18pct,0.18,0.1940209670505174,0.9277347842160442,0.9277347842160442,0.07226521578395584,-0.013950745113284454,False
2025-04-03,raw_target_research_vol_target_18pct,0.18,0.18396816823292528,0.9784301367402805,0.9784301367402805,0.021569863259719546,-0.04289875743716763,False
2025-04-10,raw_target_research_vol_target_18pct,0.18,0.1923177420044446,0.9359510886719961,0.9359510886719961,0.06404891132800394,0.005780231379275434,False
2025-04-17,raw_target_research_vol_target_18pct,0.18,0.16770678789413498,1.0,1.0,0.0,-0.0217416299923658,False
2025-04-25,raw_target_research_vol_target_18pct,0.18,0.17222041714460407,1.0,1.0,0.0,0.0008191427410233,False
2025-05-02,raw_target_research_vol_target_18pct,0.18,0.17157984166077256,1.0,1.0,0.0,-0.0192686397318782,False
2025-05-09,raw_target_research_vol_target_18pct,0.18,0.1768431097185031,1.0,1.0,0.0,0.0630287238716131,False
2025-05-16,raw_target_research_vol_target_18pct,0.18,0.20962728327504554,0.8586668547520482,0.8586668547520482,0.14133314524795182,-0.01858296173867825,False
2025-05-23,raw_target_research_vol_target_18pct,0.18,0.21203112282982278,0.8489319756348641,0.8489319756348641,0.1510680243651359,0.04231862251815219,False
2025-06-02,raw_target_research_vol_target_18pct,0.18,0.23319555114153578,0.7718843653700355,0.7718843653700355,0.22811563462996454,0.014410857048092782,False
2025-06-09,raw_target_research_vol_target_18pct,0.18,0.22110040131335967,0.8141097842011188,0.8141097842011188,0.1858902157988812,0.008845015950093012,False
2025-06-16,raw_target_research_vol_target_18pct,0.18,0.22160853728419777,0.8122430760380063,0.8122430760380063,0.18775692396199373,0.0006549259756185814,False
2025-06-24,raw_target_research_vol_target_18pct,0.18,0.22163756888030456,0.8121366829159232,0.8121366829159232,0.18786331708407678,0.0037883254881283294,False
2025-07-01,raw_target_research_vol_target_18pct,0.18,0.21806797594117108,0.8254306906969191,0.8254306906969191,0.1745693093030809,-0.010212445082650746,False
2025-07-09,raw_target_research_vol_target_18pct,0.18,0.1938189211089525,0.928701898504613,0.928701898504613,0.07129810149538696,0.0268184998810043,False
2025-07-16,raw_target_research_vol_target_18pct,0.18,0.19925758016799447,0.9033533371640949,0.9033533371640949,0.09664666283590506,0.005227295896402642,False
2025-07-23,raw_target_research_vol_target_18pct,0.18,0.18731967334588157,0.9609241612739418,0.9609241612739418,0.03907583872605824,0.018836195722529148,False
2025-07-30,raw_target_research_vol_target_18pct,0.18,0.18664671741848848,0.9643887794523297,0.9643887794523297,0.0356112205476703,-0.02487345337430384,False
2025-08-06,raw_target_research_vol_target_18pct,0.18,0.19230766347391226,0.9360001403397953,0.9360001403397953,0.06399985966020472,0.03007726742927537,False
2025-08-13,raw_target_research_vol_target_18pct,0.18,0.16166506362926292,1.0,1.0,0.0,-0.0150063478533278,False
2025-08-20,raw_target_research_vol_target_18pct,0.18,0.1561412068283895,1.0,1.0,0.0,-0.004659074387916,False
2025-08-27,raw_target_research_vol_target_18pct,0.18,0.12887919053632643,1.0,1.0,0.0,-0.003567682076054,False
2025-09-04,raw_target_research_vol_target_18pct,0.18,0.1262499763390285,1.0,1.0,0.0,0.0033733937553912,False
2025-09-11,raw_target_research_vol_target_18pct,0.18,0.12512294564582468,1.0,1.0,0.0,0.0004912534409802,False
2025-09-18,raw_target_research_vol_target_18pct,0.18,0.12514872684580122,1.0,1.0,0.0,-0.0051332065714589,False
2025-09-25,raw_target_research_vol_target_18pct,0.18,0.12611809138447944,1.0,1.0,0.0,0.0423002266815872,False
2025-10-02,raw_target_research_vol_target_18pct,0.18,0.14649179701350692,1.0,1.0,0.0,-0.0133759369255135,False
2025-10-09,raw_target_research_vol_target_18pct,0.18,0.1423598561717761,1.0,1.0,0.0,-0.0575387446589544,False
2025-10-16,raw_target_research_vol_target_18pct,0.18,0.18983327938321784,0.948200445068605,0.948200445068605,0.05179955493139499,-0.0008036797114441435,False
2025-10-23,raw_target_research_vol_target_18pct,0.18,0.18333795989061286,0.9817934055085786,0.9817934055085786,0.01820659449142137,0.015599855297195134,False
2025-10-30,raw_target_research_vol_target_18pct,0.18,0.18038123388017183,0.9978865102983768,0.9978865102983768,0.0021134897016231724,0.029047141013087845,False
2025-11-06,raw_target_research_vol_target_18pct,0.18,0.177878443155329,1.0,1.0,0.0,-0.0057332155167564,False
2025-11-13,raw_target_research_vol_target_18pct,0.18,0.17538587500108682,1.0,1.0,0.0,0.0327644158059024,False
2025-11-20,raw_target_research_vol_target_18pct,0.18,0.18758123967439697,0.9595842330098869,0.9595842330098869,0.04041576699011307,-0.013367116839235436,False
2025-11-28,raw_target_research_vol_target_18pct,0.18,0.1905609363184148,0.9445797416697818,0.9445797416697818,0.05542025833021824,-0.0022700081264408344,False
2025-12-05,raw_target_research_vol_target_18pct,0.18,0.19078438864037486,0.9434734219228846,0.9434734219228846,0.056526578077115364,-0.012363325623255992,False
2025-12-12,raw_target_research_vol_target_18pct,0.18,0.19331602392308703,0.9311178470731171,0.9311178470731171,0.06888215292688293,0.020284983588790096,False
2025-12-19,raw_target_research_vol_target_18pct,0.18,0.19758747996189555,0.9109888948161732,0.9109888948161732,0.08901110518382682,0.015833727143542482,False
2025-12-29,raw_target_research_vol_target_18pct,0.18,0.1800793851927201,0.999559165572255,0.999559165572255,0.00044083442774500714,-0.008539186376524904,False
2026-01-06,raw_target_research_vol_target_18pct,0.18,0.1785459661633217,1.0,1.0,0.0,0.0026250739368973,False
2026-01-13,raw_target_research_vol_target_18pct,0.18,0.11862052886510686,1.0,1.0,0.0,0.0237037733045927,False
2026-01-21,raw_target_research_vol_target_18pct,0.18,0.122632703766163,1.0,1.0,0.0,-0.0004939991898099,False
2026-01-28,raw_target_research_vol_target_18pct,0.18,0.12257890828374839,1.0,1.0,0.0,-0.0027961069103023,False
2026-02-04,raw_target_research_vol_target_18pct,0.18,0.11286567510471864,1.0,1.0,0.0,-0.0274545571632072,False
2026-02-11,raw_target_research_vol_target_18pct,0.18,0.12981473599136348,1.0,1.0,0.0,-0.0265975871318906,False
2026-02-19,raw_target_research_vol_target_18pct,0.18,0.12291672071181255,1.0,1.0,0.0,0.0075034725577374,False
2026-02-26,raw_target_research_vol_target_18pct,0.18,0.1215687037426824,1.0,1.0,0.0,-0.0029014605926831,False
2026-03-05,raw_target_research_vol_target_18pct,0.18,0.1216062615601856,1.0,1.0,0.0,-0.0321965765880559,False
2026-03-12,raw_target_research_vol_target_18pct,0.18,0.13642743973126206,1.0,1.0,0.0,0.0097204702488517,False
2026-03-19,raw_target_research_vol_target_18pct,0.18,0.1283933183910015,1.0,1.0,0.0,-0.0057317488780007,False
2026-03-26,raw_target_research_vol_target_18pct,0.18,0.11943508022518072,1.0,1.0,0.0,0.0120774903225529,False
2026-04-02,raw_target_research_vol_target_18pct,0.18,0.12438676138757813,1.0,1.0,0.0,-7.935441281364981e-05,False
2026-04-10,raw_target_research_vol_target_18pct,0.18,0.12387719701894297,1.0,1.0,0.0,0.0260955666741992,False
2026-04-17,raw_target_research_vol_target_18pct,0.18,0.12646680613957773,1.0,1.0,0.0,-0.0266163653839654,False
2026-04-24,raw_target_research_vol_target_18pct,0.18,0.13490136114721618,1.0,1.0,0.0,-0.0041058454877287,False
2026-05-01,raw_target_research_vol_target_18pct,0.18,0.13479301421049283,1.0,1.0,0.0,-0.0456226219034152,False
2026-05-08,raw_target_research_vol_target_18pct,0.18,0.15273160299120186,1.0,1.0,0.0,0.0220459953306253,False
2026-05-15,raw_target_research_vol_target_18pct,0.18,0.15729923027931042,1.0,1.0,0.0,-0.0064247132465568,False
2022-01-03,raw_target_research_vol_target_20pct,0.2,,,1.0,0.0,-0.0151875740117539,False
2022-01-10,raw_target_research_vol_target_20pct,0.2,,,1.0,0.0,0.0085589151004516,False
2022-01-18,raw_target_research_vol_target_20pct,0.2,,,1.0,0.0,-0.0136566225046583,False
2022-01-25,raw_target_research_vol_target_20pct,0.2,,,1.0,0.0,0.0044840119287781,False
2022-02-01,raw_target_research_vol_target_20pct,0.2,0.08828285701752003,1.0,1.0,0.0,-0.013809438388929,False
2022-02-08,raw_target_research_vol_target_20pct,0.2,0.08282374189278617,1.0,1.0,0.0,0.0115325689533021,False
2022-02-15,raw_target_research_vol_target_20pct,0.2,0.09020716092183363,1.0,1.0,0.0,0.0227982897052355,False
2022-02-23,raw_target_research_vol_target_20pct,0.2,0.10838448701336685,1.0,1.0,0.0,0.0030818797139579,False
2022-03-02,raw_target_research_vol_target_20pct,0.2,0.10053274112972381,1.0,1.0,0.0,-0.0349424165743367,False
2022-03-09,raw_target_research_vol_target_20pct,0.2,0.12776096776445753,1.0,1.0,0.0,0.0288834719112092,False
2022-03-16,raw_target_research_vol_target_20pct,0.2,0.1407787177343132,1.0,1.0,0.0,0.0788597899796826,False
2022-03-23,raw_target_research_vol_target_20pct,0.2,0.2172688481329191,0.9205185267868936,0.9205185267868936,0.07948147321310639,0.006188501749957316,False
2022-03-30,raw_target_research_vol_target_20pct,0.2,0.2071615559530503,0.9654300918908268,0.9654300918908268,0.03456990810917315,-0.014274831105375647,False
2022-04-06,raw_target_research_vol_target_20pct,0.2,0.2069565723096034,0.9663863184823313,0.9663863184823313,0.03361368151766875,0.004556217069613812,False
2022-04-13,raw_target_research_vol_target_20pct,0.2,0.20700182349288143,0.9661750637036189,0.9661750637036189,0.03382493629638106,-0.02138219635847049,False
2022-04-21,raw_target_research_vol_target_20pct,0.2,0.21171182602071745,0.9446803410047989,0.9446803410047989,0.05531965899520108,-0.007590710646651453,False
2022-04-28,raw_target_research_vol_target_20pct,0.2,0.21381578904424212,0.9353846172633051,0.9353846172633051,0.06461538273669487,-0.013371822369436816,False
2022-05-05,raw_target_research_vol_target_20pct,0.2,0.21402352924606385,0.9344766937753796,0.9344766937753796,0.06552330622462044,-0.021732697947152293,False
2022-05-12,raw_target_research_vol_target_20pct,0.2,0.22131133389777843,0.9037042815546812,0.9037042815546812,0.09629571844531881,0.07732329525102366,False
2022-05-19,raw_target_research_vol_target_20pct,0.2,0.2798442228578861,0.7146833261645227,0.7537042815546812,0.24629571844531883,-0.00792509053730477,False
2022-05-26,raw_target_research_vol_target_20pct,0.2,0.2822952790871841,0.7084780186431385,0.7084780186431385,0.29152198135686147,0.02436120189344368,False
2022-06-03,raw_target_research_vol_target_20pct,0.2,0.27092271566787796,0.7382179065604024,0.7382179065604024,0.2617820934395976,-0.005670231310606191,False
2022-06-10,raw_target_research_vol_target_20pct,0.2,0.27095539323371404,0.7381288765397961,0.7381288765397961,0.2618711234602039,-0.060557951460284296,False
2022-06-17,raw_target_research_vol_target_20pct,0.2,0.2820407638514646,0.709117353352968,0.709117353352968,0.290882646647032,0.0014962159003918353,False
2022-06-27,raw_target_research_vol_target_20pct,0.2,0.2813503450581054,0.7108574896494096,0.7108574896494096,0.28914251035059035,-0.03571433771453859,False
2022-07-05,raw_target_research_vol_target_20pct,0.2,0.29669624085096075,0.6740901045000631,0.6740901045000631,0.3259098954999369,-0.0020913002194481657,False
2022-07-12,raw_target_research_vol_target_20pct,0.2,0.29560058465953076,0.6765886482611583,0.6765886482611583,0.3234113517388417,0.009854050287397574,False
2022-07-19,raw_target_research_vol_target_20pct,0.2,0.2973372868227165,0.6726367962025813,0.6726367962025813,0.3273632037974187,0.012602936214768696,False
2022-07-26,raw_target_research_vol_target_20pct,0.2,0.3013452728660507,0.6636905171859155,0.6636905171859155,0.33630948281408446,0.027553029499433265,False
2022-08-02,raw_target_research_vol_target_20pct,0.2,0.31362747161148874,0.6376992390760761,0.6376992390760761,0.36230076092392394,-8.930023833764841e-05,False
2022-08-09,raw_target_research_vol_target_20pct,0.2,0.3085762335219894,0.648138055602224,0.648138055602224,0.35186194439777596,0.012608170539483024,False
2022-08-16,raw_target_research_vol_target_20pct,0.2,0.2506292096705405,0.7979915839135667,0.7979915839135667,0.20200841608643327,-0.009214016878096714,False
2022-08-23,raw_target_research_vol_target_20pct,0.2,0.25080633174588324,0.797428033845014,0.797428033845014,0.20257196615498596,0.019568303672910674,False
2022-08-30,raw_target_research_vol_target_20pct,0.2,0.2447993371840471,0.8169956761346716,0.8169956761346716,0.1830043238653284,-0.003510959310415772,False
2022-09-07,raw_target_research_vol_target_20pct,0.2,0.24458218988715932,0.8177210290425162,0.8177210290425162,0.1822789709574838,0.008492895555000568,False
2022-09-14,raw_target_research_vol_target_20pct,0.2,0.1650815726767179,1.0,0.9677210290425162,0.03227897095748378,-0.0264911462259666,False
2022-09-21,raw_target_research_vol_target_20pct,0.2,0.17856798060044274,1.0,1.0,0.0,-0.0002732841324911,False
2022-09-28,raw_target_research_vol_target_20pct,0.2,0.1328266110414332,1.0,1.0,0.0,-0.0244969790151794,False
2022-10-05,raw_target_research_vol_target_20pct,0.2,0.14716536365346722,1.0,1.0,0.0,0.0036367935026349,False
2022-10-12,raw_target_research_vol_target_20pct,0.2,0.14558344928996475,1.0,1.0,0.0,0.0522431861179794,False
2022-10-19,raw_target_research_vol_target_20pct,0.2,0.17522571455453953,1.0,1.0,0.0,0.0027842033101328,False
2022-10-26,raw_target_research_vol_target_20pct,0.2,0.15663226709867992,1.0,1.0,0.0,0.0029711133976821,False
2022-11-02,raw_target_research_vol_target_20pct,0.2,0.1564006109185766,1.0,1.0,0.0,-0.0075073882372228,False
2022-11-09,raw_target_research_vol_target_20pct,0.2,0.1538498478471423,1.0,1.0,0.0,0.080445135512924,False
2022-11-16,raw_target_research_vol_target_20pct,0.2,0.2210373121168648,0.9048246112143178,0.9048246112143178,0.09517538878568221,0.0008421150050332969,False
2022-11-23,raw_target_research_vol_target_20pct,0.2,0.2188492532239511,0.9138710644597794,0.9138710644597794,0.08612893554022061,-0.014423464573238134,False
2022-12-01,raw_target_research_vol_target_20pct,0.2,0.223044937182697,0.896680294680615,0.896680294680615,0.10331970531938495,-0.003112653374080792,False
2022-12-08,raw_target_research_vol_target_20pct,0.2,0.2237693437363399,0.8937774793479015,0.8937774793479015,0.10622252065209847,0.009670727580641721,False
2022-12-15,raw_target_research_vol_target_20pct,0.2,0.21109474340004727,0.9474418774179444,0.9474418774179444,0.05255812258205561,0.0010922260760759823,False
2022-12-22,raw_target_research_vol_target_20pct,0.2,0.21083358087390147,0.9486154870158897,0.9486154870158897,0.05138451298411029,0.016038526795424845,False
2022-12-30,raw_target_research_vol_target_20pct,0.2,0.19719840954348658,1.0,1.0,0.0,-0.0673030576977229,False
2023-01-09,raw_target_research_vol_target_20pct,0.2,0.2578008917269437,0.7757925066133403,0.85,0.15000000000000002,-0.002143144409562945,False
2023-01-17,raw_target_research_vol_target_20pct,0.2,0.2357357577361488,0.8484075641331146,0.8484075641331146,0.15159243586688542,-0.04239433845582331,False
2023-01-24,raw_target_research_vol_target_20pct,0.2,0.25901520156788144,0.772155451839706,0.772155451839706,0.22784454816029398,-0.001849563255073386,False
2023-01-31,raw_target_research_vol_target_20pct,0.2,0.258691776160253,0.7731208272972121,0.7731208272972121,0.2268791727027879,0.04609614878102725,False
2023-02-07,raw_target_research_vol_target_20pct,0.2,0.28946376521934164,0.6909327661389663,0.6909327661389663,0.30906723386103374,-0.0056545158510485395,False
2023-02-14,raw_target_research_vol_target_20pct,0.2,0.22868577897137285,0.8745624712634021,0.8409327661389663,0.15906723386103372,0.004591876241058801,False
2023-02-22,raw_target_research_vol_target_20pct,0.2,0.2294383590658867,0.8716938214440725,0.8716938214440725,0.12830617855592752,0.004968856723991731,False
2023-03-01,raw_target_research_vol_target_20pct,0.2,0.2288611961201668,0.8738921380756359,0.8738921380756359,0.12610786192436407,-0.01372026423349129,False
2023-03-08,raw_target_research_vol_target_20pct,0.2,0.23043432452735305,0.8679262536526305,0.8679262536526305,0.13207374634736946,-0.015632676882735577,False
2023-03-15,raw_target_research_vol_target_20pct,0.2,0.22955844540143008,0.8712378220294137,0.8712378220294137,0.1287621779705863,0.03942434592395127,False
2023-03-22,raw_target_research_vol_target_20pct,0.2,0.2534920844297579,0.7889792710881257,0.7889792710881257,0.2110207289118743,0.021691233642088567,False
2023-03-29,raw_target_research_vol_target_20pct,0.2,0.2582711629082676,0.7743799104317183,0.7743799104317183,0.22562008956828172,0.010420109521756099,False
2023-04-05,raw_target_research_vol_target_20pct,0.2,0.21168510830280163,0.9447995733073162,0.9243799104317183,0.0756200895682817,0.009815469908805037,False
2023-04-13,raw_target_research_vol_target_20pct,0.2,0.21123832056487313,0.9467979079987917,0.9467979079987917,0.05320209200120829,0.02503011520535555,False
2023-04-20,raw_target_research_vol_target_20pct,0.2,0.17133214552551343,1.0,1.0,0.0,-0.0191875341665108,False
2023-04-27,raw_target_research_vol_target_20pct,0.2,0.1815224635896075,1.0,1.0,0.0,-0.0162073863627839,False
2023-05-04,raw_target_research_vol_target_20pct,0.2,0.1517603305596202,1.0,1.0,0.0,0.0074788355792212,False
2023-05-11,raw_target_research_vol_target_20pct,0.2,0.14891097892349764,1.0,1.0,0.0,-0.0136387738170494,False
2023-05-18,raw_target_research_vol_target_20pct,0.2,0.15450009945381346,1.0,1.0,0.0,-0.0163093534323031,False
2023-05-25,raw_target_research_vol_target_20pct,0.2,0.1603764818642895,1.0,1.0,0.0,0.0404696050052135,False
2023-06-02,raw_target_research_vol_target_20pct,0.2,0.17223906469923106,1.0,1.0,0.0,-0.0016863865150476,False
2023-06-09,raw_target_research_vol_target_20pct,0.2,0.1640175608602193,1.0,1.0,0.0,0.0262732869604857,False
2023-06-16,raw_target_research_vol_target_20pct,0.2,0.14793140054289355,1.0,1.0,0.0,0.0211714044077844,False
2023-06-26,raw_target_research_vol_target_20pct,0.2,0.14434146671328124,1.0,1.0,0.0,0.0056885310941821,False
2023-07-03,raw_target_research_vol_target_20pct,0.2,0.14349070080029977,1.0,1.0,0.0,0.0134837291548663,False
2023-07-11,raw_target_research_vol_target_20pct,0.2,0.14405847825927157,1.0,1.0,0.0,0.0356817361996604,False
2023-07-18,raw_target_research_vol_target_20pct,0.2,0.15133588207208948,1.0,1.0,0.0,-0.0092084146459613,False
2023-07-25,raw_target_research_vol_target_20pct,0.2,0.1444385729472955,1.0,1.0,0.0,-0.012798768950697,False
2023-08-01,raw_target_research_vol_target_20pct,0.2,0.1419076007093333,1.0,1.0,0.0,-0.0431691582500347,False
2023-08-08,raw_target_research_vol_target_20pct,0.2,0.17766978128743346,1.0,1.0,0.0,-0.0197973145124574,False
2023-08-15,raw_target_research_vol_target_20pct,0.2,0.18097538350742948,1.0,1.0,0.0,-0.0153233440084965,False
2023-08-22,raw_target_research_vol_target_20pct,0.2,0.18047916866857186,1.0,1.0,0.0,-0.0011230760078576,False
2023-08-29,raw_target_research_vol_target_20pct,0.2,0.15958422665310595,1.0,1.0,0.0,0.0088493004328319,False
2023-09-06,raw_target_research_vol_target_20pct,0.2,0.1605862709712769,1.0,1.0,0.0,0.0075129033249596,False
2023-09-13,raw_target_research_vol_target_20pct,0.2,0.15095189487087382,1.0,1.0,0.0,0.0210655664605082,False
2023-09-20,raw_target_research_vol_target_20pct,0.2,0.1508791224142755,1.0,1.0,0.0,-0.0029341394382717,False
2023-09-27,raw_target_research_vol_target_20pct,0.2,0.1502004152912477,1.0,1.0,0.0,0.0090428029431406,False
2023-10-04,raw_target_research_vol_target_20pct,0.2,0.14837613452918738,1.0,1.0,0.0,0.004662188627372,False
2023-10-11,raw_target_research_vol_target_20pct,0.2,0.12310316661844926,1.0,1.0,0.0,-0.007196287889128,False
2023-10-18,raw_target_research_vol_target_20pct,0.2,0.12280421939389342,1.0,1.0,0.0,-0.0323215547711923,False
2023-10-25,raw_target_research_vol_target_20pct,0.2,0.1353449766614149,1.0,1.0,0.0,-0.0281310115563735,False
2023-11-01,raw_target_research_vol_target_20pct,0.2,0.11825271151765965,1.0,1.0,0.0,0.027181206333382,False
2023-11-08,raw_target_research_vol_target_20pct,0.2,0.12971218227923387,1.0,1.0,0.0,0.0201612277927177,False
2023-11-15,raw_target_research_vol_target_20pct,0.2,0.1318572492944631,1.0,1.0,0.0,0.0131770212519307,False
2023-11-22,raw_target_research_vol_target_20pct,0.2,0.1334934968238522,1.0,1.0,0.0,0.0605170598539722,False
2023-11-30,raw_target_research_vol_target_20pct,0.2,0.17913241561110438,1.0,1.0,0.0,-0.0164504083000804,False
2023-12-07,raw_target_research_vol_target_20pct,0.2,0.18610282364700043,1.0,1.0,0.0,0.0277579224074699,False
2023-12-14,raw_target_research_vol_target_20pct,0.2,0.1892157422862797,1.0,1.0,0.0,-0.0070209453161398,False
2023-12-21,raw_target_research_vol_target_20pct,0.2,0.19034917978722798,1.0,1.0,0.0,-0.0053571273657946,False
2023-12-29,raw_target_research_vol_target_20pct,0.2,0.19160296364582577,1.0,1.0,0.0,-0.049438559800194,False
2024-01-08,raw_target_research_vol_target_20pct,0.2,0.22244691206675066,0.8990909252989995,0.8990909252989995,0.10090907470100052,-0.008552924426922442,False
2024-01-16,raw_target_research_vol_target_20pct,0.2,0.22286630626723092,0.8973989983043343,0.8973989983043343,0.10260100169566566,0.0014238243926549855,False
2024-01-23,raw_target_research_vol_target_20pct,0.2,0.2103718463416088,0.9506975552005821,0.9506975552005821,0.04930244479941792,0.03967866618411609,False
2024-01-30,raw_target_research_vol_target_20pct,0.2,0.21197112638368662,0.9435247309955894,0.9435247309955894,0.05647526900441058,-0.012254721464931631,False
2024-02-06,raw_target_research_vol_target_20pct,0.2,0.2119033206403195,0.9438266441302071,0.9438266441302071,0.056173355869792885,0.00144328729181447,False
2024-02-13,raw_target_research_vol_target_20pct,0.2,0.20927009855462064,0.9557027085157076,0.9557027085157076,0.0442972914842924,0.023992879709502472,False
2024-02-21,raw_target_research_vol_target_20pct,0.2,0.21324711351925327,0.9378790488619804,0.9378790488619804,0.06212095113801963,0.019436734979065964,False
2024-02-28,raw_target_research_vol_target_20pct,0.2,0.17697815772073505,1.0,1.0,0.0,0.0156404894337108,False
2024-03-06,raw_target_research_vol_target_20pct,0.2,0.1741911964885153,1.0,1.0,0.0,0.0241535518542247,False
2024-03-13,raw_target_research_vol_target_20pct,0.2,0.17202234805005026,1.0,1.0,0.0,-0.0360376293889029,False
2024-03-20,raw_target_research_vol_target_20pct,0.2,0.19037947414746284,1.0,1.0,0.0,0.0138263358055415,False
2024-03-27,raw_target_research_vol_target_20pct,0.2,0.19133631306782264,1.0,1.0,0.0,-0.0073650525936378,False
2024-04-04,raw_target_research_vol_target_20pct,0.2,0.15285603099656758,1.0,1.0,0.0,0.0153317891135608,False
2024-04-11,raw_target_research_vol_target_20pct,0.2,0.14922084397892213,1.0,1.0,0.0,-0.0188985447706393,False
2024-04-18,raw_target_research_vol_target_20pct,0.2,0.15954699374481923,1.0,1.0,0.0,-0.0085528843654579,False
2024-04-25,raw_target_research_vol_target_20pct,0.2,0.14081892532539095,1.0,1.0,0.0,0.0249067675565979,False
2024-05-02,raw_target_research_vol_target_20pct,0.2,0.14294060773237732,1.0,1.0,0.0,0.0260861715531854,False
2024-05-09,raw_target_research_vol_target_20pct,0.2,0.14847353762313295,1.0,1.0,0.0,-0.0429899450741305,False
2024-05-16,raw_target_research_vol_target_20pct,0.2,0.17634755502365673,1.0,1.0,0.0,0.0032625001126324,False
2024-05-23,raw_target_research_vol_target_20pct,0.2,0.17135183801004303,1.0,1.0,0.0,0.0341738524575572,False
2024-05-31,raw_target_research_vol_target_20pct,0.2,0.18294210383050274,1.0,1.0,0.0,0.0117766902908549,False
2024-06-07,raw_target_research_vol_target_20pct,0.2,0.1776816683651661,1.0,1.0,0.0,-0.0186973386426065,False
2024-06-14,raw_target_research_vol_target_20pct,0.2,0.163514508959318,1.0,1.0,0.0,0.0236274826185946,False
2024-06-24,raw_target_research_vol_target_20pct,0.2,0.16788595743176726,1.0,1.0,0.0,0.0301958441510622,False
2024-07-01,raw_target_research_vol_target_20pct,0.2,0.17443893782311382,1.0,1.0,0.0,0.056069241285049,False
2024-07-09,raw_target_research_vol_target_20pct,0.2,0.20245168471116173,0.9878900256391566,0.9878900256391566,0.012109974360843379,0.004994138583998837,False
2024-07-16,raw_target_research_vol_target_20pct,0.2,0.19208395116674584,1.0,1.0,0.0,-0.0667357298341273,False
2024-07-23,raw_target_research_vol_target_20pct,0.2,0.25100368371289744,0.7968010550345692,0.85,0.15000000000000002,-0.03253420360584526,False
2024-07-30,raw_target_research_vol_target_20pct,0.2,0.2641284276241424,0.7572074001992779,0.7572074001992779,0.2427925998007221,0.014340266628472412,False
2024-08-06,raw_target_research_vol_target_20pct,0.2,0.26143854812129447,0.7649981283831563,0.7649981283831563,0.23500187161684372,-0.014318172358166039,False
2024-08-13,raw_target_research_vol_target_20pct,0.2,0.2463687078304485,0.8117914071199352,0.8117914071199352,0.18820859288006475,0.004352747525127318,False
2024-08-20,raw_target_research_vol_target_20pct,0.2,0.2464024660519598,0.8116801881269535,0.8116801881269535,0.18831981187304647,0.0035709012681028798,False
2024-08-27,raw_target_research_vol_target_20pct,0.2,0.23647979080176318,0.8457382312540037,0.8457382312540037,0.15426176874599629,-0.009032379013048647,False
2024-09-04,raw_target_research_vol_target_20pct,0.2,0.2362991614336418,0.8463847217509681,0.8463847217509681,0.15361527824903187,-0.010742045600968681,False
2024-09-11,raw_target_research_vol_target_20pct,0.2,0.23446478190195905,0.8530065725761304,0.8530065725761304,0.14699342742386956,0.011276173030169994,False
2024-09-18,raw_target_research_vol_target_20pct,0.2,0.23039821828902374,0.8680622683857278,0.8680622683857278,0.13193773161427225,0.03967290179094184,False
2024-09-25,raw_target_research_vol_target_20pct,0.2,0.24236566960728542,0.8251993787901886,0.8251993787901886,0.17480062120981144,0.0021655924629012837,False
2024-10-02,raw_target_research_vol_target_20pct,0.2,0.2068860429074898,0.9667157686873593,0.9667157686873593,0.03328423131264069,0.0022774290116737623,False
2024-10-09,raw_target_research_vol_target_20pct,0.2,0.20638194057684534,0.9690770395946101,0.9690770395946101,0.030922960405389888,-0.005634390998485565,False
2024-10-16,raw_target_research_vol_target_20pct,0.2,0.15094899077517795,1.0,1.0,0.0,0.0124354400373486,False
2024-10-23,raw_target_research_vol_target_20pct,0.2,0.12367592421919792,1.0,1.0,0.0,0.0009187968475898,False
2024-10-30,raw_target_research_vol_target_20pct,0.2,0.11951576353292856,1.0,1.0,0.0,-0.0385598364944695,False
2024-11-06,raw_target_research_vol_target_20pct,0.2,0.14189162725923335,1.0,1.0,0.0,0.0334599430245074,False
2024-11-13,raw_target_research_vol_target_20pct,0.2,0.1567397203452214,1.0,1.0,0.0,-0.0070202291073847,False
2024-11-20,raw_target_research_vol_target_20pct,0.2,0.15838379499691216,1.0,1.0,0.0,0.0005417313771342,False
2024-11-27,raw_target_research_vol_target_20pct,0.2,0.15548973381721448,1.0,1.0,0.0,0.0103433421038083,False
2024-12-05,raw_target_research_vol_target_20pct,0.2,0.15116763488642634,1.0,1.0,0.0,0.0320291903603137,False
2024-12-12,raw_target_research_vol_target_20pct,0.2,0.16032792274537175,1.0,1.0,0.0,0.0180005422677739,False
2024-12-19,raw_target_research_vol_target_20pct,0.2,0.13776882905802076,1.0,1.0,0.0,-0.0116644439546898,False
2024-12-27,raw_target_research_vol_target_20pct,0.2,0.14214399533340585,1.0,1.0,0.0,-0.0292671593545669,False
2025-01-06,raw_target_research_vol_target_20pct,0.2,0.15818376818469812,1.0,1.0,0.0,-0.0367349938217164,False
2025-01-14,raw_target_research_vol_target_20pct,0.2,0.17680928360099646,1.0,1.0,0.0,0.0475338882547869,False
2025-01-22,raw_target_research_vol_target_20pct,0.2,0.20295178567075695,0.9854557294925922,0.9854557294925922,0.014544270507407808,-0.013410778794383637,False
2025-01-29,raw_target_research_vol_target_20pct,0.2,0.20543945421989057,0.973522835520832,0.973522835520832,0.026477164479168036,0.008185982980352351,False
2025-02-05,raw_target_research_vol_target_20pct,0.2,0.185548253221074,1.0,1.0,0.0,0.0008805871843799,False
2025-02-12,raw_target_research_vol_target_20pct,0.2,0.17332482843915697,1.0,1.0,0.0,0.0355357454278117,False
2025-02-20,raw_target_research_vol_target_20pct,0.2,0.1855472136744945,1.0,1.0,0.0,-0.0164793442988029,False
2025-02-27,raw_target_research_vol_target_20pct,0.2,0.19087778433736854,1.0,1.0,0.0,0.0179790972978552,False
2025-03-06,raw_target_research_vol_target_20pct,0.2,0.19278384897823436,1.0,1.0,0.0,0.0405647911566833,False
2025-03-13,raw_target_research_vol_target_20pct,0.2,0.19930130091147033,1.0,1.0,0.0,0.0073222949543397,False
2025-03-20,raw_target_research_vol_target_20pct,0.2,0.19725489754264022,1.0,1.0,0.0,0.0026930144127419,False
2025-03-27,raw_target_research_vol_target_20pct,0.2,0.1940209670505174,1.0,1.0,0.0,-0.0150374280997485,False
2025-04-03,raw_target_research_vol_target_20pct,0.2,0.18396816823292528,1.0,1.0,0.0,-0.0438444768065795,False
2025-04-10,raw_target_research_vol_target_20pct,0.2,0.1923177420044446,1.0,1.0,0.0,0.0061757835951416,False
2025-04-17,raw_target_research_vol_target_20pct,0.2,0.16770678789413498,1.0,1.0,0.0,-0.0217416299923658,False
2025-04-25,raw_target_research_vol_target_20pct,0.2,0.17222041714460407,1.0,1.0,0.0,0.0008191427410233,False
2025-05-02,raw_target_research_vol_target_20pct,0.2,0.17157984166077256,1.0,1.0,0.0,-0.0192686397318782,False
2025-05-09,raw_target_research_vol_target_20pct,0.2,0.1768431097185031,1.0,1.0,0.0,0.0630287238716131,False
2025-05-16,raw_target_research_vol_target_20pct,0.2,0.20962728327504554,0.9540742830578315,0.9540742830578315,0.045925716942168515,-0.02064773526519806,False
2025-05-23,raw_target_research_vol_target_20pct,0.2,0.21203112282982278,0.9432577507054046,0.9432577507054046,0.05674224929459537,0.047020691686835765,False
2025-06-02,raw_target_research_vol_target_20pct,0.2,0.23319555114153578,0.857649294855595,0.857649294855595,0.14235070514440495,0.01601206338676976,False
2025-06-09,raw_target_research_vol_target_20pct,0.2,0.22110040131335967,0.904566426890132,0.904566426890132,0.095433573109868,0.009827795500103346,False
2025-06-16,raw_target_research_vol_target_20pct,0.2,0.22160853728419777,0.9024923067088959,0.9024923067088959,0.09750769329110409,0.0007276955284650905,False
2025-06-24,raw_target_research_vol_target_20pct,0.2,0.22163756888030456,0.9023740921288037,0.9023740921288037,0.0976259078711963,0.0042092505423648105,False
2025-07-01,raw_target_research_vol_target_20pct,0.2,0.21806797594117108,0.9171452118854658,0.9171452118854658,0.08285478811453417,-0.011347161202945277,False
2025-07-09,raw_target_research_vol_target_20pct,0.2,0.1938189211089525,1.0,1.0,0.0,0.0288774039594268,False
2025-07-16,raw_target_research_vol_target_20pct,0.2,0.19925758016799447,1.0,1.0,0.0,0.0057865462841071,False
2025-07-23,raw_target_research_vol_target_20pct,0.2,0.18731967334588157,1.0,1.0,0.0,0.0196021668323514,False
2025-07-30,raw_target_research_vol_target_20pct,0.2,0.18664671741848848,1.0,1.0,0.0,-0.0257919356843091,False
2025-08-06,raw_target_research_vol_target_20pct,0.2,0.19230766347391226,1.0,1.0,0.0,0.0321338279055775,False
2025-08-13,raw_target_research_vol_target_20pct,0.2,0.16166506362926292,1.0,1.0,0.0,-0.0150063478533278,False
2025-08-20,raw_target_research_vol_target_20pct,0.2,0.1561412068283895,1.0,1.0,0.0,-0.004659074387916,False
2025-08-27,raw_target_research_vol_target_20pct,0.2,0.12887919053632643,1.0,1.0,0.0,-0.003567682076054,False
2025-09-04,raw_target_research_vol_target_20pct,0.2,0.1262499763390285,1.0,1.0,0.0,0.0033733937553912,False
2025-09-11,raw_target_research_vol_target_20pct,0.2,0.12512294564582468,1.0,1.0,0.0,0.0004912534409802,False
2025-09-18,raw_target_research_vol_target_20pct,0.2,0.12514872684580122,1.0,1.0,0.0,-0.0051332065714589,False
2025-09-25,raw_target_research_vol_target_20pct,0.2,0.12611809138447944,1.0,1.0,0.0,0.0423002266815872,False
2025-10-02,raw_target_research_vol_target_20pct,0.2,0.14649179701350692,1.0,1.0,0.0,-0.0133759369255135,False
2025-10-09,raw_target_research_vol_target_20pct,0.2,0.1423598561717761,1.0,1.0,0.0,-0.0575387446589544,False
2025-10-16,raw_target_research_vol_target_20pct,0.2,0.18983327938321784,1.0,1.0,0.0,-0.00084758419554,False
2025-10-23,raw_target_research_vol_target_20pct,0.2,0.18333795989061286,1.0,1.0,0.0,0.0158891424709807,False
2025-10-30,raw_target_research_vol_target_20pct,0.2,0.18038123388017183,1.0,1.0,0.0,0.0291086618701785,False
2025-11-06,raw_target_research_vol_target_20pct,0.2,0.177878443155329,1.0,1.0,0.0,-0.0057332155167564,False
2025-11-13,raw_target_research_vol_target_20pct,0.2,0.17538587500108682,1.0,1.0,0.0,0.0327644158059024,False
2025-11-20,raw_target_research_vol_target_20pct,0.2,0.18758123967439697,1.0,1.0,0.0,-0.0139301130420905,False
2025-11-28,raw_target_research_vol_target_20pct,0.2,0.1905609363184148,1.0,1.0,0.0,-0.0024031937445832,False
2025-12-05,raw_target_research_vol_target_20pct,0.2,0.19078438864037486,1.0,1.0,0.0,-0.0131040528921932,False
2025-12-12,raw_target_research_vol_target_20pct,0.2,0.19331602392308703,1.0,1.0,0.0,0.0217856242929443,False
2025-12-19,raw_target_research_vol_target_20pct,0.2,0.19758747996189555,1.0,1.0,0.0,0.0173808124705379,False
2025-12-29,raw_target_research_vol_target_20pct,0.2,0.1800793851927201,1.0,1.0,0.0,-0.0085429524040592,False
2026-01-06,raw_target_research_vol_target_20pct,0.2,0.1785459661633217,1.0,1.0,0.0,0.0026250739368973,False
2026-01-13,raw_target_research_vol_target_20pct,0.2,0.11862052886510686,1.0,1.0,0.0,0.0237037733045927,False
2026-01-21,raw_target_research_vol_target_20pct,0.2,0.122632703766163,1.0,1.0,0.0,-0.0004939991898099,False
2026-01-28,raw_target_research_vol_target_20pct,0.2,0.12257890828374839,1.0,1.0,0.0,-0.0027961069103023,False
2026-02-04,raw_target_research_vol_target_20pct,0.2,0.11286567510471864,1.0,1.0,0.0,-0.0274545571632072,False
2026-02-11,raw_target_research_vol_target_20pct,0.2,0.12981473599136348,1.0,1.0,0.0,-0.0265975871318906,False
2026-02-19,raw_target_research_vol_target_20pct,0.2,0.12291672071181255,1.0,1.0,0.0,0.0075034725577374,False
2026-02-26,raw_target_research_vol_target_20pct,0.2,0.1215687037426824,1.0,1.0,0.0,-0.0029014605926831,False
2026-03-05,raw_target_research_vol_target_20pct,0.2,0.1216062615601856,1.0,1.0,0.0,-0.0321965765880559,False
2026-03-12,raw_target_research_vol_target_20pct,0.2,0.13642743973126206,1.0,1.0,0.0,0.0097204702488517,False
2026-03-19,raw_target_research_vol_target_20pct,0.2,0.1283933183910015,1.0,1.0,0.0,-0.0057317488780007,False
2026-03-26,raw_target_research_vol_target_20pct,0.2,0.11943508022518072,1.0,1.0,0.0,0.0120774903225529,False
2026-04-02,raw_target_research_vol_target_20pct,0.2,0.12438676138757813,1.0,1.0,0.0,-7.935441281364981e-05,False
2026-04-10,raw_target_research_vol_target_20pct,0.2,0.12387719701894297,1.0,1.0,0.0,0.0260955666741992,False
2026-04-17,raw_target_research_vol_target_20pct,0.2,0.12646680613957773,1.0,1.0,0.0,-0.0266163653839654,False
2026-04-24,raw_target_research_vol_target_20pct,0.2,0.13490136114721618,1.0,1.0,0.0,-0.0041058454877287,False
2026-05-01,raw_target_research_vol_target_20pct,0.2,0.13479301421049283,1.0,1.0,0.0,-0.0456226219034152,False
2026-05-08,raw_target_research_vol_target_20pct,0.2,0.15273160299120186,1.0,1.0,0.0,0.0220459953306253,False
2026-05-15,raw_target_research_vol_target_20pct,0.2,0.15729923027931042,1.0,1.0,0.0,-0.0064247132465568,False
2022-01-03,raw_target_research_vol_target_22pct,0.22,,,1.0,0.0,-0.0151875740117539,False
2022-01-10,raw_target_research_vol_target_22pct,0.22,,,1.0,0.0,0.0085589151004516,False
2022-01-18,raw_target_research_vol_target_22pct,0.22,,,1.0,0.0,-0.0136566225046583,False
2022-01-25,raw_target_research_vol_target_22pct,0.22,,,1.0,0.0,0.0044840119287781,False
2022-02-01,raw_target_research_vol_target_22pct,0.22,0.08828285701752003,1.0,1.0,0.0,-0.013809438388929,False
2022-02-08,raw_target_research_vol_target_22pct,0.22,0.08282374189278617,1.0,1.0,0.0,0.0115325689533021,False
2022-02-15,raw_target_research_vol_target_22pct,0.22,0.09020716092183363,1.0,1.0,0.0,0.0227982897052355,False
2022-02-23,raw_target_research_vol_target_22pct,0.22,0.10838448701336685,1.0,1.0,0.0,0.0030818797139579,False
2022-03-02,raw_target_research_vol_target_22pct,0.22,0.10053274112972381,1.0,1.0,0.0,-0.0349424165743367,False
2022-03-09,raw_target_research_vol_target_22pct,0.22,0.12776096776445753,1.0,1.0,0.0,0.0288834719112092,False
2022-03-16,raw_target_research_vol_target_22pct,0.22,0.1407787177343132,1.0,1.0,0.0,0.0788597899796826,False
2022-03-23,raw_target_research_vol_target_22pct,0.22,0.2172688481329191,1.0,1.0,0.0,0.0067228432344089,False
2022-03-30,raw_target_research_vol_target_22pct,0.22,0.2071615559530503,1.0,1.0,0.0,-0.0147859811137831,False
2022-04-06,raw_target_research_vol_target_22pct,0.22,0.2069565723096034,1.0,1.0,0.0,0.0047146953371289,False
2022-04-13,raw_target_research_vol_target_22pct,0.22,0.20700182349288143,1.0,1.0,0.0,-0.0221307681824312,False
2022-04-21,raw_target_research_vol_target_22pct,0.22,0.21171182602071745,1.0,1.0,0.0,-0.0080352160589874,False
2022-04-28,raw_target_research_vol_target_22pct,0.22,0.21381578904424212,1.0,1.0,0.0,-0.0142955337544029,False
2022-05-05,raw_target_research_vol_target_22pct,0.22,0.21402352924606385,1.0,1.0,0.0,-0.0232565435734411,False
2022-05-12,raw_target_research_vol_target_22pct,0.22,0.22131133389777843,0.9940747097101492,0.9940747097101492,0.005925290289850782,0.08505562477612602,False
2022-05-19,raw_target_research_vol_target_22pct,0.22,0.2798442228578861,0.7861516587809749,0.8440747097101492,0.1559252902898508,-0.008875322402181234,False
2022-05-26,raw_target_research_vol_target_22pct,0.22,0.2822952790871841,0.7793258205074524,0.7793258205074524,0.22067417949254764,0.026797322082788046,False
2022-06-03,raw_target_research_vol_target_22pct,0.22,0.27092271566787796,0.8120396972164426,0.8120396972164426,0.18796030278355735,-0.00623725444166681,False
2022-06-10,raw_target_research_vol_target_22pct,0.22,0.27095539323371404,0.8119417641937756,0.8119417641937756,0.18805823580622438,-0.06661374660631272,False
2022-06-17,raw_target_research_vol_target_22pct,0.22,0.2820407638514646,0.7800290886882647,0.7800290886882647,0.2199709113117353,0.0016458374904310185,False
2022-06-27,raw_target_research_vol_target_22pct,0.22,0.2813503450581054,0.7819432386143507,0.7819432386143507,0.21805676138564933,-0.03928577148599245,False
2022-07-05,raw_target_research_vol_target_22pct,0.22,0.29669624085096075,0.7414991149500694,0.7414991149500694,0.25850088504993063,-0.002300430241392982,False
2022-07-12,raw_target_research_vol_target_22pct,0.22,0.29560058465953076,0.7442475130872741,0.7442475130872741,0.2557524869127259,0.010839455316137331,False
2022-07-19,raw_target_research_vol_target_22pct,0.22,0.2973372868227165,0.7399004758228394,0.7399004758228394,0.26009952417716065,0.013863229836245564,False
2022-07-26,raw_target_research_vol_target_22pct,0.22,0.3013452728660507,0.7300595689045071,0.7300595689045071,0.2699404310954929,0.030308332449376592,False
2022-08-02,raw_target_research_vol_target_22pct,0.22,0.31362747161148874,0.7014691629836837,0.7014691629836837,0.29853083701631633,-9.823026217141325e-05,False
2022-08-09,raw_target_research_vol_target_22pct,0.22,0.3085762335219894,0.7129518611624464,0.7129518611624464,0.28704813883755365,0.013868987593431324,False
2022-08-16,raw_target_research_vol_target_22pct,0.22,0.2506292096705405,0.8777907423049234,0.8629518611624464,0.13704813883755362,-0.009964081293615474,False
2022-08-23,raw_target_research_vol_target_22pct,0.22,0.25080633174588324,0.8771708372295155,0.8771708372295155,0.1228291627704845,0.021525134040201743,False
2022-08-30,raw_target_research_vol_target_22pct,0.22,0.2447993371840471,0.8986952437481387,0.8986952437481387,0.1013047562518613,-0.0038620552414573494,False
2022-09-07,raw_target_research_vol_target_22pct,0.22,0.24458218988715932,0.8994931319467677,0.8994931319467677,0.10050686805323228,0.009342185110500624,False
2022-09-14,raw_target_research_vol_target_22pct,0.22,0.1650815726767179,1.0,1.0,0.0,-0.0273747758196156,False
2022-09-21,raw_target_research_vol_target_22pct,0.22,0.17856798060044274,1.0,1.0,0.0,-0.0002732841324911,False
2022-09-28,raw_target_research_vol_target_22pct,0.22,0.1328266110414332,1.0,1.0,0.0,-0.0244969790151794,False
2022-10-05,raw_target_research_vol_target_22pct,0.22,0.14716536365346722,1.0,1.0,0.0,0.0036367935026349,False
2022-10-12,raw_target_research_vol_target_22pct,0.22,0.14558344928996475,1.0,1.0,0.0,0.0522431861179794,False
2022-10-19,raw_target_research_vol_target_22pct,0.22,0.17522571455453953,1.0,1.0,0.0,0.0027842033101328,False
2022-10-26,raw_target_research_vol_target_22pct,0.22,0.15663226709867992,1.0,1.0,0.0,0.0029711133976821,False
2022-11-02,raw_target_research_vol_target_22pct,0.22,0.1564006109185766,1.0,1.0,0.0,-0.0075073882372228,False
2022-11-09,raw_target_research_vol_target_22pct,0.22,0.1538498478471423,1.0,1.0,0.0,0.080445135512924,False
2022-11-16,raw_target_research_vol_target_22pct,0.22,0.2210373121168648,0.9953070723357494,0.9953070723357494,0.004692927664250557,0.0009263265055366264,False
2022-11-23,raw_target_research_vol_target_22pct,0.22,0.2188492532239511,1.0,1.0,0.0,-0.0157828222537764,False
2022-12-01,raw_target_research_vol_target_22pct,0.22,0.223044937182697,0.9863483241486765,0.9863483241486765,0.013651675851323541,-0.0034239187114888706,False
2022-12-08,raw_target_research_vol_target_22pct,0.22,0.2237693437363399,0.9831552272826917,0.9831552272826917,0.01684477271730833,0.010637800338705894,False
2022-12-15,raw_target_research_vol_target_22pct,0.22,0.21109474340004727,1.0,1.0,0.0,0.0011528159163205,False
2022-12-22,raw_target_research_vol_target_22pct,0.22,0.21083358087390147,1.0,1.0,0.0,0.0169073001811072,False
2022-12-30,raw_target_research_vol_target_22pct,0.22,0.19719840954348658,1.0,1.0,0.0,-0.0673030576977229,False
2023-01-09,raw_target_research_vol_target_22pct,0.22,0.2578008917269437,0.8533717572746743,0.8533717572746743,0.1466282427253257,-0.002151645777508382,False
2023-01-17,raw_target_research_vol_target_22pct,0.22,0.2357357577361488,0.9332483205464259,0.9332483205464259,0.06675167945357408,-0.04663377230140564,False
2023-01-24,raw_target_research_vol_target_22pct,0.22,0.25901520156788144,0.8493709970236766,0.8493709970236766,0.15062900297632342,-0.002034519580580725,False
2023-01-31,raw_target_research_vol_target_22pct,0.22,0.258691776160253,0.8504329100269332,0.8504329100269332,0.14956708997306678,0.05070576365912997,False
2023-02-07,raw_target_research_vol_target_22pct,0.22,0.28946376521934164,0.7600260427528629,0.7600260427528629,0.2399739572471371,-0.006219967436153394,False
2023-02-14,raw_target_research_vol_target_22pct,0.22,0.22868577897137285,0.9620187183897424,0.9100260427528629,0.08997395724713708,0.004969157027437181,False
2023-02-22,raw_target_research_vol_target_22pct,0.22,0.2294383590658867,0.9588632035884797,0.9588632035884797,0.04113679641152035,0.005465742396390904,False
2023-03-01,raw_target_research_vol_target_22pct,0.22,0.2288611961201668,0.9612813518831995,0.9612813518831995,0.03871864811680048,-0.015092290656840418,False
2023-03-08,raw_target_research_vol_target_22pct,0.22,0.23043432452735305,0.9547188790178935,0.9547188790178935,0.04528112098210646,-0.017195944571009137,False
2023-03-15,raw_target_research_vol_target_22pct,0.22,0.22955844540143008,0.958361604232355,0.958361604232355,0.04163839576764505,0.0433667805163464,False
2023-03-22,raw_target_research_vol_target_22pct,0.22,0.2534920844297579,0.8678771981969382,0.8678771981969382,0.1321228018030618,0.023860357006297423,False
2023-03-29,raw_target_research_vol_target_22pct,0.22,0.2582711629082676,0.8518179014748901,0.8518179014748901,0.14818209852510988,0.011462120473931709,False
2023-04-05,raw_target_research_vol_target_22pct,0.22,0.21168510830280163,1.0,1.0,0.0,0.0106184370712047,False
2023-04-13,raw_target_research_vol_target_22pct,0.22,0.21123832056487313,1.0,1.0,0.0,0.026436597497623,False
2023-04-20,raw_target_research_vol_target_22pct,0.22,0.17133214552551343,1.0,1.0,0.0,-0.0191875341665108,False
2023-04-27,raw_target_research_vol_target_22pct,0.22,0.1815224635896075,1.0,1.0,0.0,-0.0162073863627839,False
2023-05-04,raw_target_research_vol_target_22pct,0.22,0.1517603305596202,1.0,1.0,0.0,0.0074788355792212,False
2023-05-11,raw_target_research_vol_target_22pct,0.22,0.14891097892349764,1.0,1.0,0.0,-0.0136387738170494,False
2023-05-18,raw_target_research_vol_target_22pct,0.22,0.15450009945381346,1.0,1.0,0.0,-0.0163093534323031,False
2023-05-25,raw_target_research_vol_target_22pct,0.22,0.1603764818642895,1.0,1.0,0.0,0.0404696050052135,False
2023-06-02,raw_target_research_vol_target_22pct,0.22,0.17223906469923106,1.0,1.0,0.0,-0.0016863865150476,False
2023-06-09,raw_target_research_vol_target_22pct,0.22,0.1640175608602193,1.0,1.0,0.0,0.0262732869604857,False
2023-06-16,raw_target_research_vol_target_22pct,0.22,0.14793140054289355,1.0,1.0,0.0,0.0211714044077844,False
2023-06-26,raw_target_research_vol_target_22pct,0.22,0.14434146671328124,1.0,1.0,0.0,0.0056885310941821,False
2023-07-03,raw_target_research_vol_target_22pct,0.22,0.14349070080029977,1.0,1.0,0.0,0.0134837291548663,False
2023-07-11,raw_target_research_vol_target_22pct,0.22,0.14405847825927157,1.0,1.0,0.0,0.0356817361996604,False
2023-07-18,raw_target_research_vol_target_22pct,0.22,0.15133588207208948,1.0,1.0,0.0,-0.0092084146459613,False
2023-07-25,raw_target_research_vol_target_22pct,0.22,0.1444385729472955,1.0,1.0,0.0,-0.012798768950697,False
2023-08-01,raw_target_research_vol_target_22pct,0.22,0.1419076007093333,1.0,1.0,0.0,-0.0431691582500347,False
2023-08-08,raw_target_research_vol_target_22pct,0.22,0.17766978128743346,1.0,1.0,0.0,-0.0197973145124574,False
2023-08-15,raw_target_research_vol_target_22pct,0.22,0.18097538350742948,1.0,1.0,0.0,-0.0153233440084965,False
2023-08-22,raw_target_research_vol_target_22pct,0.22,0.18047916866857186,1.0,1.0,0.0,-0.0011230760078576,False
2023-08-29,raw_target_research_vol_target_22pct,0.22,0.15958422665310595,1.0,1.0,0.0,0.0088493004328319,False
2023-09-06,raw_target_research_vol_target_22pct,0.22,0.1605862709712769,1.0,1.0,0.0,0.0075129033249596,False
2023-09-13,raw_target_research_vol_target_22pct,0.22,0.15095189487087382,1.0,1.0,0.0,0.0210655664605082,False
2023-09-20,raw_target_research_vol_target_22pct,0.22,0.1508791224142755,1.0,1.0,0.0,-0.0029341394382717,False
2023-09-27,raw_target_research_vol_target_22pct,0.22,0.1502004152912477,1.0,1.0,0.0,0.0090428029431406,False
2023-10-04,raw_target_research_vol_target_22pct,0.22,0.14837613452918738,1.0,1.0,0.0,0.004662188627372,False
2023-10-11,raw_target_research_vol_target_22pct,0.22,0.12310316661844926,1.0,1.0,0.0,-0.007196287889128,False
2023-10-18,raw_target_research_vol_target_22pct,0.22,0.12280421939389342,1.0,1.0,0.0,-0.0323215547711923,False
2023-10-25,raw_target_research_vol_target_22pct,0.22,0.1353449766614149,1.0,1.0,0.0,-0.0281310115563735,False
2023-11-01,raw_target_research_vol_target_22pct,0.22,0.11825271151765965,1.0,1.0,0.0,0.027181206333382,False
2023-11-08,raw_target_research_vol_target_22pct,0.22,0.12971218227923387,1.0,1.0,0.0,0.0201612277927177,False
2023-11-15,raw_target_research_vol_target_22pct,0.22,0.1318572492944631,1.0,1.0,0.0,0.0131770212519307,False
2023-11-22,raw_target_research_vol_target_22pct,0.22,0.1334934968238522,1.0,1.0,0.0,0.0605170598539722,False
2023-11-30,raw_target_research_vol_target_22pct,0.22,0.17913241561110438,1.0,1.0,0.0,-0.0164504083000804,False
2023-12-07,raw_target_research_vol_target_22pct,0.22,0.18610282364700043,1.0,1.0,0.0,0.0277579224074699,False
2023-12-14,raw_target_research_vol_target_22pct,0.22,0.1892157422862797,1.0,1.0,0.0,-0.0070209453161398,False
2023-12-21,raw_target_research_vol_target_22pct,0.22,0.19034917978722798,1.0,1.0,0.0,-0.0053571273657946,False
2023-12-29,raw_target_research_vol_target_22pct,0.22,0.19160296364582577,1.0,1.0,0.0,-0.049438559800194,False
2024-01-08,raw_target_research_vol_target_22pct,0.22,0.22244691206675066,0.9890000178288993,0.9890000178288993,0.010999982171100653,-0.009408216869614685,False
2024-01-16,raw_target_research_vol_target_22pct,0.22,0.22286630626723092,0.9871388981347677,0.9871388981347677,0.01286110186523226,0.001566206831920484,False
2024-01-23,raw_target_research_vol_target_22pct,0.22,0.2103718463416088,1.0,1.0,0.0,0.0417363713276243,False
2024-01-30,raw_target_research_vol_target_22pct,0.22,0.21197112638368662,1.0,1.0,0.0,-0.0129882355621995,False
2024-02-06,raw_target_research_vol_target_22pct,0.22,0.2119033206403195,1.0,1.0,0.0,0.0015291868488673,False
2024-02-13,raw_target_research_vol_target_22pct,0.22,0.20927009855462064,1.0,1.0,0.0,0.0251049615070837,False
2024-02-21,raw_target_research_vol_target_22pct,0.22,0.21324711351925327,1.0,1.0,0.0,0.0207241381526226,False
2024-02-28,raw_target_research_vol_target_22pct,0.22,0.17697815772073505,1.0,1.0,0.0,0.0156404894337108,False
2024-03-06,raw_target_research_vol_target_22pct,0.22,0.1741911964885153,1.0,1.0,0.0,0.0241535518542247,False
2024-03-13,raw_target_research_vol_target_22pct,0.22,0.17202234805005026,1.0,1.0,0.0,-0.0360376293889029,False
2024-03-20,raw_target_research_vol_target_22pct,0.22,0.19037947414746284,1.0,1.0,0.0,0.0138263358055415,False
2024-03-27,raw_target_research_vol_target_22pct,0.22,0.19133631306782264,1.0,1.0,0.0,-0.0073650525936378,False
2024-04-04,raw_target_research_vol_target_22pct,0.22,0.15285603099656758,1.0,1.0,0.0,0.0153317891135608,False
2024-04-11,raw_target_research_vol_target_22pct,0.22,0.14922084397892213,1.0,1.0,0.0,-0.0188985447706393,False
2024-04-18,raw_target_research_vol_target_22pct,0.22,0.15954699374481923,1.0,1.0,0.0,-0.0085528843654579,False
2024-04-25,raw_target_research_vol_target_22pct,0.22,0.14081892532539095,1.0,1.0,0.0,0.0249067675565979,False
2024-05-02,raw_target_research_vol_target_22pct,0.22,0.14294060773237732,1.0,1.0,0.0,0.0260861715531854,False
2024-05-09,raw_target_research_vol_target_22pct,0.22,0.14847353762313295,1.0,1.0,0.0,-0.0429899450741305,False
2024-05-16,raw_target_research_vol_target_22pct,0.22,0.17634755502365673,1.0,1.0,0.0,0.0032625001126324,False
2024-05-23,raw_target_research_vol_target_22pct,0.22,0.17135183801004303,1.0,1.0,0.0,0.0341738524575572,False
2024-05-31,raw_target_research_vol_target_22pct,0.22,0.18294210383050274,1.0,1.0,0.0,0.0117766902908549,False
2024-06-07,raw_target_research_vol_target_22pct,0.22,0.1776816683651661,1.0,1.0,0.0,-0.0186973386426065,False
2024-06-14,raw_target_research_vol_target_22pct,0.22,0.163514508959318,1.0,1.0,0.0,0.0236274826185946,False
2024-06-24,raw_target_research_vol_target_22pct,0.22,0.16788595743176726,1.0,1.0,0.0,0.0301958441510622,False
2024-07-01,raw_target_research_vol_target_22pct,0.22,0.17443893782311382,1.0,1.0,0.0,0.056069241285049,False
2024-07-09,raw_target_research_vol_target_22pct,0.22,0.20245168471116173,1.0,1.0,0.0,0.0050553588500579,False
2024-07-16,raw_target_research_vol_target_22pct,0.22,0.19208395116674584,1.0,1.0,0.0,-0.0667357298341273,False
2024-07-23,raw_target_research_vol_target_22pct,0.22,0.25100368371289744,0.8764811605380262,0.8764811605380262,0.12351883946197384,-0.03354778415721375,False
2024-07-30,raw_target_research_vol_target_22pct,0.22,0.2641284276241424,0.8329281402192057,0.8329281402192057,0.1670718597807943,0.015774293291319654,False
2024-08-06,raw_target_research_vol_target_22pct,0.22,0.26143854812129447,0.8414979412214719,0.8414979412214719,0.15850205877852808,-0.015749989593982643,False
2024-08-13,raw_target_research_vol_target_22pct,0.22,0.2463687078304485,0.8929705478319288,0.8929705478319288,0.10702945216807125,0.004788022277640049,False
2024-08-20,raw_target_research_vol_target_22pct,0.22,0.2464024660519598,0.8928482069396488,0.8928482069396488,0.10715179306035116,0.003927991394913168,False
2024-08-27,raw_target_research_vol_target_22pct,0.22,0.23647979080176318,0.930312054379404,0.930312054379404,0.06968794562059599,-0.00993561691435351,False
2024-09-04,raw_target_research_vol_target_22pct,0.22,0.2362991614336418,0.9310231939260649,0.9310231939260649,0.06897680607393508,-0.01181625016106555,False
2024-09-11,raw_target_research_vol_target_22pct,0.22,0.23446478190195905,0.9383072298337434,0.9383072298337434,0.06169277016625663,0.012403790333186991,False
2024-09-18,raw_target_research_vol_target_22pct,0.22,0.23039821828902374,0.9548684952243005,0.9548684952243005,0.045131504775699494,0.043640191970036026,False
2024-09-25,raw_target_research_vol_target_22pct,0.22,0.24236566960728542,0.9077193166692074,0.9077193166692074,0.09228068333079265,0.002382151709191412,False
2024-10-02,raw_target_research_vol_target_22pct,0.22,0.2068860429074898,1.0,1.0,0.0,0.0023558413811395,False
2024-10-09,raw_target_research_vol_target_22pct,0.22,0.20638194057684534,1.0,1.0,0.0,-0.0058141827411808,False
2024-10-16,raw_target_research_vol_target_22pct,0.22,0.15094899077517795,1.0,1.0,0.0,0.0124354400373486,False
2024-10-23,raw_target_research_vol_target_22pct,0.22,0.12367592421919792,1.0,1.0,0.0,0.0009187968475898,False
2024-10-30,raw_target_research_vol_target_22pct,0.22,0.11951576353292856,1.0,1.0,0.0,-0.0385598364944695,False
2024-11-06,raw_target_research_vol_target_22pct,0.22,0.14189162725923335,1.0,1.0,0.0,0.0334599430245074,False
2024-11-13,raw_target_research_vol_target_22pct,0.22,0.1567397203452214,1.0,1.0,0.0,-0.0070202291073847,False
2024-11-20,raw_target_research_vol_target_22pct,0.22,0.15838379499691216,1.0,1.0,0.0,0.0005417313771342,False
2024-11-27,raw_target_research_vol_target_22pct,0.22,0.15548973381721448,1.0,1.0,0.0,0.0103433421038083,False
2024-12-05,raw_target_research_vol_target_22pct,0.22,0.15116763488642634,1.0,1.0,0.0,0.0320291903603137,False
2024-12-12,raw_target_research_vol_target_22pct,0.22,0.16032792274537175,1.0,1.0,0.0,0.0180005422677739,False
2024-12-19,raw_target_research_vol_target_22pct,0.22,0.13776882905802076,1.0,1.0,0.0,-0.0116644439546898,False
2024-12-27,raw_target_research_vol_target_22pct,0.22,0.14214399533340585,1.0,1.0,0.0,-0.0292671593545669,False
2025-01-06,raw_target_research_vol_target_22pct,0.22,0.15818376818469812,1.0,1.0,0.0,-0.0367349938217164,False
2025-01-14,raw_target_research_vol_target_22pct,0.22,0.17680928360099646,1.0,1.0,0.0,0.0475338882547869,False
2025-01-22,raw_target_research_vol_target_22pct,0.22,0.20295178567075695,1.0,1.0,0.0,-0.0136087075177784,False
2025-01-29,raw_target_research_vol_target_22pct,0.22,0.20543945421989057,1.0,1.0,0.0,0.0084086193786845,False
2025-02-05,raw_target_research_vol_target_22pct,0.22,0.185548253221074,1.0,1.0,0.0,0.0008805871843799,False
2025-02-12,raw_target_research_vol_target_22pct,0.22,0.17332482843915697,1.0,1.0,0.0,0.0355357454278117,False
2025-02-20,raw_target_research_vol_target_22pct,0.22,0.1855472136744945,1.0,1.0,0.0,-0.0164793442988029,False
2025-02-27,raw_target_research_vol_target_22pct,0.22,0.19087778433736854,1.0,1.0,0.0,0.0179790972978552,False
2025-03-06,raw_target_research_vol_target_22pct,0.22,0.19278384897823436,1.0,1.0,0.0,0.0405647911566833,False
2025-03-13,raw_target_research_vol_target_22pct,0.22,0.19930130091147033,1.0,1.0,0.0,0.0073222949543397,False
2025-03-20,raw_target_research_vol_target_22pct,0.22,0.19725489754264022,1.0,1.0,0.0,0.0026930144127419,False
2025-03-27,raw_target_research_vol_target_22pct,0.22,0.1940209670505174,1.0,1.0,0.0,-0.0150374280997485,False
2025-04-03,raw_target_research_vol_target_22pct,0.22,0.18396816823292528,1.0,1.0,0.0,-0.0438444768065795,False
2025-04-10,raw_target_research_vol_target_22pct,0.22,0.1923177420044446,1.0,1.0,0.0,0.0061757835951416,False
2025-04-17,raw_target_research_vol_target_22pct,0.22,0.16770678789413498,1.0,1.0,0.0,-0.0217416299923658,False
2025-04-25,raw_target_research_vol_target_22pct,0.22,0.17222041714460407,1.0,1.0,0.0,0.0008191427410233,False
2025-05-02,raw_target_research_vol_target_22pct,0.22,0.17157984166077256,1.0,1.0,0.0,-0.0192686397318782,False
2025-05-09,raw_target_research_vol_target_22pct,0.22,0.1768431097185031,1.0,1.0,0.0,0.0630287238716131,False
2025-05-16,raw_target_research_vol_target_22pct,0.22,0.20962728327504554,1.0,1.0,0.0,-0.0216416432471291,False
2025-05-23,raw_target_research_vol_target_22pct,0.22,0.21203112282982278,1.0,1.0,0.0,0.0498492502729735,False
2025-06-02,raw_target_research_vol_target_22pct,0.22,0.23319555114153578,0.9434142243411545,0.9434142243411545,0.05658577565884548,0.017613269725446735,False
2025-06-09,raw_target_research_vol_target_22pct,0.22,0.22110040131335967,0.9950230695791452,0.9950230695791452,0.004976930420854786,0.010810575050113682,False
2025-06-16,raw_target_research_vol_target_22pct,0.22,0.22160853728419777,0.9927415373797854,0.9927415373797854,0.0072584626202145675,0.0008004650813115995,False
2025-06-24,raw_target_research_vol_target_22pct,0.22,0.22163756888030456,0.992611501341684,0.992611501341684,0.007388498658316034,0.004630175596601291,False
2025-07-01,raw_target_research_vol_target_22pct,0.22,0.21806797594117108,1.0,1.0,0.0,-0.0123722623810223,False
2025-07-09,raw_target_research_vol_target_22pct,0.22,0.1938189211089525,1.0,1.0,0.0,0.0288774039594268,False
2025-07-16,raw_target_research_vol_target_22pct,0.22,0.19925758016799447,1.0,1.0,0.0,0.0057865462841071,False
2025-07-23,raw_target_research_vol_target_22pct,0.22,0.18731967334588157,1.0,1.0,0.0,0.0196021668323514,False
2025-07-30,raw_target_research_vol_target_22pct,0.22,0.18664671741848848,1.0,1.0,0.0,-0.0257919356843091,False
2025-08-06,raw_target_research_vol_target_22pct,0.22,0.19230766347391226,1.0,1.0,0.0,0.0321338279055775,False
2025-08-13,raw_target_research_vol_target_22pct,0.22,0.16166506362926292,1.0,1.0,0.0,-0.0150063478533278,False
2025-08-20,raw_target_research_vol_target_22pct,0.22,0.1561412068283895,1.0,1.0,0.0,-0.004659074387916,False
2025-08-27,raw_target_research_vol_target_22pct,0.22,0.12887919053632643,1.0,1.0,0.0,-0.003567682076054,False
2025-09-04,raw_target_research_vol_target_22pct,0.22,0.1262499763390285,1.0,1.0,0.0,0.0033733937553912,False
2025-09-11,raw_target_research_vol_target_22pct,0.22,0.12512294564582468,1.0,1.0,0.0,0.0004912534409802,False
2025-09-18,raw_target_research_vol_target_22pct,0.22,0.12514872684580122,1.0,1.0,0.0,-0.0051332065714589,False
2025-09-25,raw_target_research_vol_target_22pct,0.22,0.12611809138447944,1.0,1.0,0.0,0.0423002266815872,False
2025-10-02,raw_target_research_vol_target_22pct,0.22,0.14649179701350692,1.0,1.0,0.0,-0.0133759369255135,False
2025-10-09,raw_target_research_vol_target_22pct,0.22,0.1423598561717761,1.0,1.0,0.0,-0.0575387446589544,False
2025-10-16,raw_target_research_vol_target_22pct,0.22,0.18983327938321784,1.0,1.0,0.0,-0.00084758419554,False
2025-10-23,raw_target_research_vol_target_22pct,0.22,0.18333795989061286,1.0,1.0,0.0,0.0158891424709807,False
2025-10-30,raw_target_research_vol_target_22pct,0.22,0.18038123388017183,1.0,1.0,0.0,0.0291086618701785,False
2025-11-06,raw_target_research_vol_target_22pct,0.22,0.177878443155329,1.0,1.0,0.0,-0.0057332155167564,False
2025-11-13,raw_target_research_vol_target_22pct,0.22,0.17538587500108682,1.0,1.0,0.0,0.0327644158059024,False
2025-11-20,raw_target_research_vol_target_22pct,0.22,0.18758123967439697,1.0,1.0,0.0,-0.0139301130420905,False
2025-11-28,raw_target_research_vol_target_22pct,0.22,0.1905609363184148,1.0,1.0,0.0,-0.0024031937445832,False
2025-12-05,raw_target_research_vol_target_22pct,0.22,0.19078438864037486,1.0,1.0,0.0,-0.0131040528921932,False
2025-12-12,raw_target_research_vol_target_22pct,0.22,0.19331602392308703,1.0,1.0,0.0,0.0217856242929443,False
2025-12-19,raw_target_research_vol_target_22pct,0.22,0.19758747996189555,1.0,1.0,0.0,0.0173808124705379,False
2025-12-29,raw_target_research_vol_target_22pct,0.22,0.1800793851927201,1.0,1.0,0.0,-0.0085429524040592,False
2026-01-06,raw_target_research_vol_target_22pct,0.22,0.1785459661633217,1.0,1.0,0.0,0.0026250739368973,False
2026-01-13,raw_target_research_vol_target_22pct,0.22,0.11862052886510686,1.0,1.0,0.0,0.0237037733045927,False
2026-01-21,raw_target_research_vol_target_22pct,0.22,0.122632703766163,1.0,1.0,0.0,-0.0004939991898099,False
2026-01-28,raw_target_research_vol_target_22pct,0.22,0.12257890828374839,1.0,1.0,0.0,-0.0027961069103023,False
2026-02-04,raw_target_research_vol_target_22pct,0.22,0.11286567510471864,1.0,1.0,0.0,-0.0274545571632072,False
2026-02-11,raw_target_research_vol_target_22pct,0.22,0.12981473599136348,1.0,1.0,0.0,-0.0265975871318906,False
2026-02-19,raw_target_research_vol_target_22pct,0.22,0.12291672071181255,1.0,1.0,0.0,0.0075034725577374,False
2026-02-26,raw_target_research_vol_target_22pct,0.22,0.1215687037426824,1.0,1.0,0.0,-0.0029014605926831,False
2026-03-05,raw_target_research_vol_target_22pct,0.22,0.1216062615601856,1.0,1.0,0.0,-0.0321965765880559,False
2026-03-12,raw_target_research_vol_target_22pct,0.22,0.13642743973126206,1.0,1.0,0.0,0.0097204702488517,False
2026-03-19,raw_target_research_vol_target_22pct,0.22,0.1283933183910015,1.0,1.0,0.0,-0.0057317488780007,False
2026-03-26,raw_target_research_vol_target_22pct,0.22,0.11943508022518072,1.0,1.0,0.0,0.0120774903225529,False
2026-04-02,raw_target_research_vol_target_22pct,0.22,0.12438676138757813,1.0,1.0,0.0,-7.935441281364981e-05,False
2026-04-10,raw_target_research_vol_target_22pct,0.22,0.12387719701894297,1.0,1.0,0.0,0.0260955666741992,False
2026-04-17,raw_target_research_vol_target_22pct,0.22,0.12646680613957773,1.0,1.0,0.0,-0.0266163653839654,False
2026-04-24,raw_target_research_vol_target_22pct,0.22,0.13490136114721618,1.0,1.0,0.0,-0.0041058454877287,False
2026-05-01,raw_target_research_vol_target_22pct,0.22,0.13479301421049283,1.0,1.0,0.0,-0.0456226219034152,False
2026-05-08,raw_target_research_vol_target_22pct,0.22,0.15273160299120186,1.0,1.0,0.0,0.0220459953306253,False
2026-05-15,raw_target_research_vol_target_22pct,0.22,0.15729923027931042,1.0,1.0,0.0,-0.0064247132465568,False
2022-01-03,soft_exit_rule_vol_target_15pct,0.15,,,1.0,0.0,-0.0908153547360555,False
2022-01-10,soft_exit_rule_vol_target_15pct,0.15,,,1.0,0.0,-0.0559141439886667,False
2022-01-18,soft_exit_rule_vol_target_15pct,0.15,,,1.0,0.0,-0.0845256749376999,False
2022-01-25,soft_exit_rule_vol_target_15pct,0.15,,,1.0,0.0,0.1175047532534843,False
2022-02-01,soft_exit_rule_vol_target_15pct,0.15,0.7113194694545301,0.4,0.85,0.15000000000000002,-0.021939162618289394,False
2022-02-08,soft_exit_rule_vol_target_15pct,0.15,0.6160791745909987,0.4,0.7,0.30000000000000004,0.022052673099597627,False
2022-02-15,soft_exit_rule_vol_target_15pct,0.15,0.5782244921058661,0.4,0.5499999999999999,0.45000000000000007,-0.0023261936558728446,False
2022-02-23,soft_exit_rule_vol_target_15pct,0.15,0.5291834317655191,0.4,0.4,0.6,0.03232978502912744,False
2022-03-02,soft_exit_rule_vol_target_15pct,0.15,0.5488428407988803,0.4,0.4,0.6,0.0025386272659669203,False
2022-03-09,soft_exit_rule_vol_target_15pct,0.15,0.5139917442247783,0.4,0.4,0.6,-0.033526926103112045,False
2022-03-16,soft_exit_rule_vol_target_15pct,0.15,0.5187391007899409,0.4,0.4,0.6,0.0799154762624574,False
2022-03-23,soft_exit_rule_vol_target_15pct,0.15,0.672852736464381,0.4,0.4,0.6,0.005596770075938401,False
2022-03-30,soft_exit_rule_vol_target_15pct,0.15,0.6416512600450237,0.4,0.4,0.6,-0.03252979972377504,False
2022-04-06,soft_exit_rule_vol_target_15pct,0.15,0.6349364562447433,0.4,0.4,0.6,-0.0199843966436462,False
2022-04-13,soft_exit_rule_vol_target_15pct,0.15,0.6321411042739413,0.4,0.4,0.6,-0.01434336132484756,False
2022-04-21,soft_exit_rule_vol_target_15pct,0.15,0.6051832368176251,0.4,0.4,0.6,-0.03614260235381548,False
2022-04-28,soft_exit_rule_vol_target_15pct,0.15,0.5917474250123703,0.4,0.4,0.6,-0.00832709349089252,False
2022-05-05,soft_exit_rule_vol_target_15pct,0.15,0.5909351483892822,0.4,0.4,0.6,-0.0268799574793066,False
2022-05-12,soft_exit_rule_vol_target_15pct,0.15,0.5995165832295336,0.4,0.4,0.6,0.013146493553779802,False
2022-05-19,soft_exit_rule_vol_target_15pct,0.15,0.6064687866031345,0.4,0.4,0.6,0.010891443477811721,False
2022-05-26,soft_exit_rule_vol_target_15pct,0.15,0.5789223237682505,0.4,0.4,0.6,0.0075741109170788,False
2022-06-03,soft_exit_rule_vol_target_15pct,0.15,0.5814483206559532,0.4,0.4,0.6,-0.029458315676225602,False
2022-06-10,soft_exit_rule_vol_target_15pct,0.15,0.575796594645581,0.4,0.4,0.6,-0.05320074856333104,False
2022-06-17,soft_exit_rule_vol_target_15pct,0.15,0.38612254887504616,0.4,0.4,0.6,0.0323207032845804,False
2022-06-27,soft_exit_rule_vol_target_15pct,0.15,0.4490200170971339,0.4,0.4,0.6,-0.013661413784814641,False
2022-07-05,soft_exit_rule_vol_target_15pct,0.15,0.4353523782924693,0.4,0.4,0.6,-0.007566113245085,False
2022-07-12,soft_exit_rule_vol_target_15pct,0.15,0.4329888685883198,0.4,0.4,0.6,0.03596326697926288,False
2022-07-19,soft_exit_rule_vol_target_15pct,0.15,0.49467567880301594,0.4,0.4,0.6,0.007463855323852801,False
2022-07-26,soft_exit_rule_vol_target_15pct,0.15,0.46814916566076986,0.4,0.4,0.6,0.023828880046112243,False
2022-08-02,soft_exit_rule_vol_target_15pct,0.15,0.4862400619762259,0.4,0.4,0.6,-0.00830435155320816,False
2022-08-09,soft_exit_rule_vol_target_15pct,0.15,0.4649320759993461,0.4,0.4,0.6,0.01867034690215176,False
2022-08-16,soft_exit_rule_vol_target_15pct,0.15,0.46987063357974257,0.4,0.4,0.6,0.008222846985715961,False
2022-08-23,soft_exit_rule_vol_target_15pct,0.15,0.46858501892911386,0.4,0.4,0.6,0.01228006578804856,False
2022-08-30,soft_exit_rule_vol_target_15pct,0.15,0.4709342382385792,0.4,0.4,0.6,0.02227353523905244,False
2022-09-07,soft_exit_rule_vol_target_15pct,0.15,0.444251314775533,0.4,0.4,0.6,0.02835012634296724,False
2022-09-14,soft_exit_rule_vol_target_15pct,0.15,0.29882885640569673,0.5019595557276324,0.5019595557276324,0.4980404442723676,-0.03901431603410403,False
2022-09-21,soft_exit_rule_vol_target_15pct,0.15,0.35655586893050834,0.4206914345567386,0.4206914345567386,0.5793085654432615,-0.011518710871450386,False
2022-09-28,soft_exit_rule_vol_target_15pct,0.15,0.35191769830433695,0.4262360225778717,0.4262360225778717,0.5737639774221284,0.04759541866978461,False
2022-10-05,soft_exit_rule_vol_target_15pct,0.15,0.38596437947266843,0.4,0.4,0.6,-0.025686419959402004,False
2022-10-12,soft_exit_rule_vol_target_15pct,0.15,0.4085420233008729,0.4,0.4,0.6,0.04796030211870584,False
2022-10-19,soft_exit_rule_vol_target_15pct,0.15,0.45982976501441536,0.4,0.4,0.6,0.05212312609405656,False
2022-10-26,soft_exit_rule_vol_target_15pct,0.15,0.5049469779211523,0.4,0.4,0.6,-0.00857915908995492,False
2022-11-02,soft_exit_rule_vol_target_15pct,0.15,0.5052960096889115,0.4,0.4,0.6,-0.03008546214350712,False
2022-11-09,soft_exit_rule_vol_target_15pct,0.15,0.5514277388037838,0.4,0.4,0.6,0.053257864056608,False
2022-11-16,soft_exit_rule_vol_target_15pct,0.15,0.5973149006756286,0.4,0.4,0.6,0.00556320627836936,False
2022-11-23,soft_exit_rule_vol_target_15pct,0.15,0.5985388242742558,0.4,0.4,0.6,0.010285322521333322,False
2022-12-01,soft_exit_rule_vol_target_15pct,0.15,0.5958832837471282,0.4,0.4,0.6,-0.01745579841293572,False
2022-12-08,soft_exit_rule_vol_target_15pct,0.15,0.6048451958123652,0.4,0.4,0.6,-0.01767040308429404,False
2022-12-15,soft_exit_rule_vol_target_15pct,0.15,0.5831176536370332,0.4,0.4,0.6,-0.0173599462507064,False
2022-12-22,soft_exit_rule_vol_target_15pct,0.15,0.5904048538251108,0.4,0.4,0.6,0.0129478313057534,False
2022-12-30,soft_exit_rule_vol_target_15pct,0.15,0.5541850764919695,0.4,0.4,0.6,0.01320888004708496,False
2023-01-09,soft_exit_rule_vol_target_15pct,0.15,0.5257807430505061,0.4,0.4,0.6,0.06426260239047704,False
2023-01-17,soft_exit_rule_vol_target_15pct,0.15,0.5671281897613581,0.4,0.4,0.6,0.0009005973009786801,False
2023-01-24,soft_exit_rule_vol_target_15pct,0.15,0.514906572838089,0.4,0.4,0.6,0.0073125372559706804,False
2023-01-31,soft_exit_rule_vol_target_15pct,0.15,0.5083978218336928,0.4,0.4,0.6,0.0523098233864598,False
2023-02-07,soft_exit_rule_vol_target_15pct,0.15,0.5111855074585048,0.4,0.4,0.6,0.00363088863717388,False
2023-02-14,soft_exit_rule_vol_target_15pct,0.15,0.46110202860744753,0.4,0.4,0.6,-0.029185541211831117,False
2023-02-22,soft_exit_rule_vol_target_15pct,0.15,0.5041992537174755,0.4,0.4,0.6,0.00459000149186316,False
2023-03-01,soft_exit_rule_vol_target_15pct,0.15,0.5039504618806234,0.4,0.4,0.6,0.0039341509786936,False
2023-03-08,soft_exit_rule_vol_target_15pct,0.15,0.4858712328295251,0.4,0.4,0.6,-0.008815826584354999,False
2023-03-15,soft_exit_rule_vol_target_15pct,0.15,0.47391770163920843,0.4,0.4,0.6,0.02206495849370656,False
2023-03-22,soft_exit_rule_vol_target_15pct,0.15,0.45306710805871125,0.4,0.4,0.6,0.00426026667914724,False
2023-03-29,soft_exit_rule_vol_target_15pct,0.15,0.4549377389415577,0.4,0.4,0.6,0.005206878344331841,False
2023-04-05,soft_exit_rule_vol_target_15pct,0.15,0.45597851564875036,0.4,0.4,0.6,0.00412411334269708,False
2023-04-13,soft_exit_rule_vol_target_15pct,0.15,0.3403279939119904,0.4407512831248032,0.4407512831248032,0.5592487168751967,-0.01498713425998778,False
2023-04-20,soft_exit_rule_vol_target_15pct,0.15,0.35468859147357873,0.42290618758504306,0.42290618758504306,0.5770938124149569,-0.01757620195639739,False
2023-04-27,soft_exit_rule_vol_target_15pct,0.15,0.37094455859467057,0.404373097069485,0.404373097069485,0.595626902930515,-0.01899920535789963,False
2023-05-04,soft_exit_rule_vol_target_15pct,0.15,0.2562476053265532,0.5853713239928432,0.554373097069485,0.445626902930515,0.03319413904375619,False
2023-05-11,soft_exit_rule_vol_target_15pct,0.15,0.2918823228069887,0.5139057362483359,0.5139057362483359,0.4860942637516641,0.02927452009387902,False
2023-05-18,soft_exit_rule_vol_target_15pct,0.15,0.27113190298537954,0.5532362600947354,0.5532362600947354,0.44676373990526463,0.08686193773666205,False
2023-05-25,soft_exit_rule_vol_target_15pct,0.15,0.41464833626567826,0.4,0.40323626009473534,0.5967637399052647,0.0029791902804010085,False
2023-06-02,soft_exit_rule_vol_target_15pct,0.15,0.4149367540889924,0.4,0.4,0.6,0.00914765593875568,False
2023-06-09,soft_exit_rule_vol_target_15pct,0.15,0.4043952966414184,0.4,0.4,0.6,0.01248318899334788,False
2023-06-16,soft_exit_rule_vol_target_15pct,0.15,0.39827267016223444,0.4,0.4,0.6,-0.00587964910608536,False
2023-06-26,soft_exit_rule_vol_target_15pct,0.15,0.4047208168182444,0.4,0.4,0.6,0.01748730818894996,False
2023-07-03,soft_exit_rule_vol_target_15pct,0.15,0.4078175556985125,0.4,0.4,0.6,-0.009013053292983,False
2023-07-11,soft_exit_rule_vol_target_15pct,0.15,0.4175387038641546,0.4,0.4,0.6,0.03744113296148804,False
2023-07-18,soft_exit_rule_vol_target_15pct,0.15,0.4264486530260396,0.4,0.4,0.6,-0.01497567242120556,False
2023-07-25,soft_exit_rule_vol_target_15pct,0.15,0.4232932418401121,0.4,0.4,0.6,-0.00138119405314992,False
2023-08-01,soft_exit_rule_vol_target_15pct,0.15,0.39488502768250333,0.4,0.4,0.6,-0.007471642904023761,False
2023-08-08,soft_exit_rule_vol_target_15pct,0.15,0.40329198103058517,0.4,0.4,0.6,-0.0038890596124251603,False
2023-08-15,soft_exit_rule_vol_target_15pct,0.15,0.40323698551037784,0.4,0.4,0.6,0.00281842222566348,False
2023-08-22,soft_exit_rule_vol_target_15pct,0.15,0.2580028131318832,0.5813890095970563,0.55,0.44999999999999996,0.006316719910175731,False
2023-08-29,soft_exit_rule_vol_target_15pct,0.15,0.2580773930619952,0.5812209981676586,0.5812209981676586,0.4187790018323414,-0.01110968097206596,False
2023-09-06,soft_exit_rule_vol_target_15pct,0.15,0.2618998977059989,0.5727379098421244,0.5727379098421244,0.42726209015787564,0.012957714970194384,False
2023-09-13,soft_exit_rule_vol_target_15pct,0.15,0.2584324635114458,0.580422435950492,0.580422435950492,0.41957756404950797,-0.023470763263386586,False
2023-09-20,soft_exit_rule_vol_target_15pct,0.15,0.27263930810352005,0.5501774525595758,0.5501774525595758,0.44982254744042416,0.00803570899156637,False
2023-09-27,soft_exit_rule_vol_target_15pct,0.15,0.25800495793416656,0.5813841764942925,0.5813841764942925,0.4186158235057075,-0.013699356725338379,False
2023-10-04,soft_exit_rule_vol_target_15pct,0.15,0.2584373597313142,0.580411439568754,0.580411439568754,0.41958856043124604,0.024761077002352038,False
2023-10-11,soft_exit_rule_vol_target_15pct,0.15,0.18087103471552687,0.8293201851580011,0.730411439568754,0.269588560431246,-0.00972968177861701,False
2023-10-18,soft_exit_rule_vol_target_15pct,0.15,0.16645289150168457,0.9011558684667363,0.880411439568754,0.119588560431246,-0.07478910999479108,False
2023-10-25,soft_exit_rule_vol_target_15pct,0.15,0.23943715959169182,0.6264691756943345,0.730411439568754,0.269588560431246,-0.0006703635152639432,False
2023-11-01,soft_exit_rule_vol_target_15pct,0.15,0.23899402234697195,0.6276307604975564,0.6276307604975564,0.3723692395024436,0.015493093944499733,False
2023-11-08,soft_exit_rule_vol_target_15pct,0.15,0.2482708289502389,0.6041789147530684,0.6041789147530684,0.3958210852469316,0.028794270694804322,False
2023-11-15,soft_exit_rule_vol_target_15pct,0.15,0.270971586964539,0.5535635735108637,0.5535635735108637,0.4464364264891363,0.017550655252203187,False
2023-11-22,soft_exit_rule_vol_target_15pct,0.15,0.27875349029558866,0.5381098541257396,0.5381098541257396,0.46189014587426036,0.01576355475264192,False
2023-11-30,soft_exit_rule_vol_target_15pct,0.15,0.2811620198752512,0.5335002219238342,0.5335002219238342,0.4664997780761658,0.0010778168904879341,False
2023-12-07,soft_exit_rule_vol_target_15pct,0.15,0.2780123558911879,0.5395443649227912,0.5395443649227912,0.46045563507720877,0.009158260651837932,False
2023-12-14,soft_exit_rule_vol_target_15pct,0.15,0.26126958187027033,0.5741196465590868,0.5741196465590868,0.42588035344091324,0.0075963156556511134,False
2023-12-21,soft_exit_rule_vol_target_15pct,0.15,0.2611013938357376,0.5744894647876411,0.5744894647876411,0.42551053521235893,0.007911758738937848,False
2023-12-29,soft_exit_rule_vol_target_15pct,0.15,0.2517256215663233,0.5958868988649167,0.5958868988649167,0.40411310113508325,-0.01080564715925611,False
2024-01-08,soft_exit_rule_vol_target_15pct,0.15,0.246443531686189,0.6086587015438644,0.6086587015438644,0.39134129845613563,-0.006633871543413692,False
2024-01-16,soft_exit_rule_vol_target_15pct,0.15,0.24563212088968023,0.6106693190479306,0.6106693190479306,0.38933068095206935,0.03703056300483844,False
2024-01-23,soft_exit_rule_vol_target_15pct,0.15,0.16658973946802397,0.900415598697732,0.7606693190479307,0.23933068095206933,0.04185254201729235,False
2024-01-30,soft_exit_rule_vol_target_15pct,0.15,0.1777155108144077,0.8440456283900192,0.8440456283900192,0.15595437160998082,0.005220032077817466,False
2024-02-06,soft_exit_rule_vol_target_15pct,0.15,0.18063379833638063,0.8304093773229878,0.8304093773229878,0.1695906226770122,0.021307919222224202,False
2024-02-13,soft_exit_rule_vol_target_15pct,0.15,0.17055882007594056,0.8794619940101202,0.8794619940101202,0.12053800598987985,-0.008605111048212358,False
2024-02-21,soft_exit_rule_vol_target_15pct,0.15,0.17745806802318254,0.8452701061774464,0.8452701061774464,0.15472989382255364,0.011688128132773763,False
2024-02-28,soft_exit_rule_vol_target_15pct,0.15,0.17459307901161358,0.8591405847766869,0.8591405847766869,0.14085941522331313,0.06554235424945715,False
2024-03-06,soft_exit_rule_vol_target_15pct,0.15,0.21446586370041038,0.6994120062367435,0.7091405847766868,0.29085941522331316,0.0011726810847866823,False
2024-03-13,soft_exit_rule_vol_target_15pct,0.15,0.21792124389719092,0.6883220622160442,0.6883220622160442,0.3116779377839558,-0.0003399964039921675,False
2024-03-20,soft_exit_rule_vol_target_15pct,0.15,0.22148155305158582,0.6772573062329174,0.6772573062329174,0.32274269376708264,0.0033323354135296034,False
2024-03-27,soft_exit_rule_vol_target_15pct,0.15,0.22301111300703005,0.672612220877403,0.672612220877403,0.327387779122597,-0.023802015682061726,False
2024-04-04,soft_exit_rule_vol_target_15pct,0.15,0.23830929624191532,0.6294341109032114,0.6294341109032114,0.37056588909678856,0.03189497993016489,False
2024-04-11,soft_exit_rule_vol_target_15pct,0.15,0.2403660261948244,0.6240482582942907,0.6240482582942907,0.37595174170570933,-0.03608208459376329,False
2024-04-18,soft_exit_rule_vol_target_15pct,0.15,0.2719970498177835,0.551476569692532,0.551476569692532,0.448523430307468,-0.012036906426356048,False
2024-04-25,soft_exit_rule_vol_target_15pct,0.15,0.2597904056557427,0.5773885283460785,0.5773885283460785,0.42261147165392154,0.012166324433105167,False
2024-05-02,soft_exit_rule_vol_target_15pct,0.15,0.26209509093627154,0.5723113678480629,0.5723113678480629,0.4276886321519371,0.02372463369294118,False
2024-05-09,soft_exit_rule_vol_target_15pct,0.15,0.26974915649791487,0.5560721744134888,0.5560721744134888,0.4439278255865112,-0.003799032531906996,False
2024-05-16,soft_exit_rule_vol_target_15pct,0.15,0.2689442538915588,0.5577364001258105,0.5577364001258105,0.4422635998741895,-0.02876834668990364,False
2024-05-23,soft_exit_rule_vol_target_15pct,0.15,0.2947530900671001,0.5089005172629495,0.5089005172629495,0.4910994827370505,0.017189371071648155,False
2024-05-31,soft_exit_rule_vol_target_15pct,0.15,0.2543887956785011,0.5896486108986159,0.5896486108986159,0.41035138910138413,0.015182364361263431,False
2024-06-07,soft_exit_rule_vol_target_15pct,0.15,0.260776549295418,0.5752050957238263,0.5752050957238263,0.4247949042761737,0.012033759379470184,False
2024-06-14,soft_exit_rule_vol_target_15pct,0.15,0.2642638946593073,0.5676144302398256,0.5676144302398256,0.4323855697601744,-0.05299646460122797,False
2024-06-24,soft_exit_rule_vol_target_15pct,0.15,0.3304614304984702,0.453910762819549,0.453910762819549,0.546089237180451,0.01882054273689657,False
2024-07-01,soft_exit_rule_vol_target_15pct,0.15,0.3369428516634418,0.4451793509180268,0.4451793509180268,0.5548206490819731,0.06820253184820872,False
2024-07-09,soft_exit_rule_vol_target_15pct,0.15,0.45632374867606157,0.4,0.4,0.6,-0.0089579259593948,False
2024-07-16,soft_exit_rule_vol_target_15pct,0.15,0.43735775739449306,0.4,0.4,0.6,-0.03446350152573396,False
2024-07-23,soft_exit_rule_vol_target_15pct,0.15,0.4793769385988182,0.4,0.4,0.6,-0.050056507593865845,False
2024-07-30,soft_exit_rule_vol_target_15pct,0.15,0.5499693635837178,0.4,0.4,0.6,-0.025023694727443282,False
2024-08-06,soft_exit_rule_vol_target_15pct,0.15,0.5503965277118396,0.4,0.4,0.6,0.029265410620903723,False
2024-08-13,soft_exit_rule_vol_target_15pct,0.15,0.58009739262875,0.4,0.4,0.6,0.00695188676007212,False
2024-08-20,soft_exit_rule_vol_target_15pct,0.15,0.5731595335998012,0.4,0.4,0.6,-0.006536754479759161,False
2024-08-27,soft_exit_rule_vol_target_15pct,0.15,0.567824021230925,0.4,0.4,0.6,-0.030669556690436126,False
2024-09-04,soft_exit_rule_vol_target_15pct,0.15,0.5805344149866557,0.4,0.4,0.6,-0.01582412434706136,False
2024-09-11,soft_exit_rule_vol_target_15pct,0.15,0.5766125209063531,0.4,0.4,0.6,-0.00687127337789468,False
2024-09-18,soft_exit_rule_vol_target_15pct,0.15,0.5518250135703244,0.4,0.4,0.6,0.05292308336999264,False
2024-09-25,soft_exit_rule_vol_target_15pct,0.15,0.6226387005821257,0.4,0.4,0.6,-0.01599580068792088,False
2024-10-02,soft_exit_rule_vol_target_15pct,0.15,0.5084209106905988,0.4,0.4,0.6,0.014169499431323042,False
2024-10-09,soft_exit_rule_vol_target_15pct,0.15,0.5222760585823358,0.4,0.4,0.6,0.0006251481318809201,False
2024-10-16,soft_exit_rule_vol_target_15pct,0.15,0.49876772143967196,0.4,0.4,0.6,-0.0022633161746608,False
2024-10-23,soft_exit_rule_vol_target_15pct,0.15,0.42438452679275696,0.4,0.4,0.6,-0.00068510927567344,False
2024-10-30,soft_exit_rule_vol_target_15pct,0.15,0.39999741952486684,0.4,0.4,0.6,0.033057050009190396,False
2024-11-06,soft_exit_rule_vol_target_15pct,0.15,0.4080417441336808,0.4,0.4,0.6,0.03243363948809604,False
2024-11-13,soft_exit_rule_vol_target_15pct,0.15,0.43704865593198716,0.4,0.4,0.6,0.031416902443904486,False
2024-11-20,soft_exit_rule_vol_target_15pct,0.15,0.453048801263639,0.4,0.4,0.6,0.00832239014188632,False
2024-11-27,soft_exit_rule_vol_target_15pct,0.15,0.39733838828084833,0.4,0.4,0.6,0.015693586501315162,False
2024-12-05,soft_exit_rule_vol_target_15pct,0.15,0.36722271574170867,0.40847146314746124,0.40847146314746124,0.5915285368525387,0.05607608320594773,False
2024-12-12,soft_exit_rule_vol_target_15pct,0.15,0.40461353463419175,0.4,0.4,0.6,-0.012190787637552561,False
2024-12-19,soft_exit_rule_vol_target_15pct,0.15,0.38323908258902345,0.4,0.4,0.6,0.013548795383195481,False
2024-12-27,soft_exit_rule_vol_target_15pct,0.15,0.3453814675403961,0.4343023992231311,0.4343023992231311,0.5656976007768689,-0.00925461836185035,False
2025-01-06,soft_exit_rule_vol_target_15pct,0.15,0.3679875954362267,0.4076224358111425,0.4076224358111425,0.5923775641888576,-0.01737905818852573,False
2025-01-14,soft_exit_rule_vol_target_15pct,0.15,0.3972216934924291,0.4,0.4,0.6,0.0238892288855634,False
2025-01-22,soft_exit_rule_vol_target_15pct,0.15,0.3919837963756389,0.4,0.4,0.6,-0.049385799860822324,False
2025-01-29,soft_exit_rule_vol_target_15pct,0.15,0.5120096116440966,0.4,0.4,0.6,0.02211745976943584,False
2025-02-05,soft_exit_rule_vol_target_15pct,0.15,0.5007804227126613,0.4,0.4,0.6,0.0032196664056785597,False
2025-02-12,soft_exit_rule_vol_target_15pct,0.15,0.4841688245998255,0.4,0.4,0.6,0.01037668524764216,False
2025-02-20,soft_exit_rule_vol_target_15pct,0.15,0.4649658139339669,0.4,0.4,0.6,-0.048524353751144,False
2025-02-27,soft_exit_rule_vol_target_15pct,0.15,0.5424021927584728,0.4,0.4,0.6,-0.038822616626821765,False
2025-03-06,soft_exit_rule_vol_target_15pct,0.15,0.5713283084497944,0.4,0.4,0.6,0.04170763904976228,False
2025-03-13,soft_exit_rule_vol_target_15pct,0.15,0.5339738754871257,0.4,0.4,0.6,0.0013370475285480801,False
2025-03-20,soft_exit_rule_vol_target_15pct,0.15,0.5332069362519806,0.4,0.4,0.6,-0.012737703221313122,False
2025-03-27,soft_exit_rule_vol_target_15pct,0.15,0.5253388241763532,0.4,0.4,0.6,-0.0305204163025318,False
2025-04-03,soft_exit_rule_vol_target_15pct,0.15,0.5407202238839341,0.4,0.4,0.6,-0.033871809761211645,False
2025-04-10,soft_exit_rule_vol_target_15pct,0.15,0.5560814829938395,0.4,0.4,0.6,-0.020044364756642962,False
2025-04-17,soft_exit_rule_vol_target_15pct,0.15,0.5246972973449838,0.4,0.4,0.6,0.037030849264267765,False
2025-04-25,soft_exit_rule_vol_target_15pct,0.15,0.5398631978047004,0.4,0.4,0.6,-0.00227458969941636,False
2025-05-02,soft_exit_rule_vol_target_15pct,0.15,0.5170581136936608,0.4,0.4,0.6,0.018024572430394122,False
2025-05-09,soft_exit_rule_vol_target_15pct,0.15,0.5319252029834188,0.4,0.4,0.6,0.0444279020979124,False
2025-05-16,soft_exit_rule_vol_target_15pct,0.15,0.5904093130563027,0.4,0.4,0.6,-0.009663697768516801,False
2025-05-23,soft_exit_rule_vol_target_15pct,0.15,0.5350831674765192,0.4,0.4,0.6,0.01945431733620664,False
2025-06-02,soft_exit_rule_vol_target_15pct,0.15,0.49600124252169864,0.4,0.4,0.6,-0.02346960205698096,False
2025-06-09,soft_exit_rule_vol_target_15pct,0.15,0.4661623626279999,0.4,0.4,0.6,0.010544871118395641,False
2025-06-16,soft_exit_rule_vol_target_15pct,0.15,0.47000149874337127,0.4,0.4,0.6,0.027644966177906485,False
2025-06-24,soft_exit_rule_vol_target_15pct,0.15,0.4851167775098747,0.4,0.4,0.6,-0.0052042221761945204,False
2025-07-01,soft_exit_rule_vol_target_15pct,0.15,0.4497533486677265,0.4,0.4,0.6,0.00547258960071052,False
2025-07-09,soft_exit_rule_vol_target_15pct,0.15,0.3913540309848597,0.4,0.4,0.6,0.02491344568394252,False
2025-07-16,soft_exit_rule_vol_target_15pct,0.15,0.3633292529827697,0.4128486731210534,0.4128486731210534,0.5871513268789466,-0.002554687906134145,False
2025-07-23,soft_exit_rule_vol_target_15pct,0.15,0.3411091988789897,0.4397418788263558,0.4397418788263558,0.5602581211736442,0.03984006942653412,False
2025-07-30,soft_exit_rule_vol_target_15pct,0.15,0.361987540812443,0.41437890283002765,0.41437890283002765,0.5856210971699723,-0.018352259321129712,False
2025-08-06,soft_exit_rule_vol_target_15pct,0.15,0.3915594353788099,0.4,0.4,0.6,0.03828792158234964,False
2025-08-13,soft_exit_rule_vol_target_15pct,0.15,0.37617968188872486,0.4,0.4,0.6,-0.02996625168282976,False
2025-08-20,soft_exit_rule_vol_target_15pct,0.15,0.4180698690424809,0.4,0.4,0.6,0.01525843059185368,False
2025-08-27,soft_exit_rule_vol_target_15pct,0.15,0.4149176952021162,0.4,0.4,0.6,-0.01617540708096008,False
2025-09-04,soft_exit_rule_vol_target_15pct,0.15,0.4007312835094227,0.4,0.4,0.6,0.01655800893144288,False
2025-09-11,soft_exit_rule_vol_target_15pct,0.15,0.4034205641278428,0.4,0.4,0.6,0.01854105175404476,False
2025-09-18,soft_exit_rule_vol_target_15pct,0.15,0.3927516625938748,0.4,0.4,0.6,0.007602016941493841,False
2025-09-25,soft_exit_rule_vol_target_15pct,0.15,0.3866012684897317,0.4,0.4,0.6,0.0177804639524756,False
2025-10-02,soft_exit_rule_vol_target_15pct,0.15,0.3894868120779929,0.4,0.4,0.6,0.00246995994766692,False
2025-10-09,soft_exit_rule_vol_target_15pct,0.15,0.379876419673269,0.4,0.4,0.6,-0.00450878720336848,False
2025-10-16,soft_exit_rule_vol_target_15pct,0.15,0.381556248531988,0.4,0.4,0.6,0.007532772790425001,False
2025-10-23,soft_exit_rule_vol_target_15pct,0.15,0.34389496100930994,0.43617969731152645,0.43617969731152645,0.5638203026884736,0.029852692516863365,False
2025-10-30,soft_exit_rule_vol_target_15pct,0.15,0.3372731684033748,0.4447433536147819,0.4447433536147819,0.5552566463852181,-0.01247809346279425,False
2025-11-06,soft_exit_rule_vol_target_15pct,0.15,0.30433341215349086,0.4928804857100191,0.4928804857100191,0.5071195142899809,0.007745974118738903,False
2025-11-13,soft_exit_rule_vol_target_15pct,0.15,0.2339691338935018,0.6411102075895065,0.6411102075895065,0.35888979241049346,-0.026814260066274874,False
2025-11-20,soft_exit_rule_vol_target_15pct,0.15,0.25969010638590906,0.5776115312498447,0.5776115312498447,0.42238846875015534,-0.005879518367764656,False
2025-11-28,soft_exit_rule_vol_target_15pct,0.15,0.23767977542367916,0.6311012358229283,0.6311012358229283,0.3688987641770717,0.0022132485580145917,False
2025-12-05,soft_exit_rule_vol_target_15pct,0.15,0.2300382025515901,0.6520656062175579,0.6520656062175579,0.34793439378244206,-0.03064035996176748,False
2025-12-12,soft_exit_rule_vol_target_15pct,0.15,0.24378995764290975,0.6152837526626581,0.6152837526626581,0.3847162473373419,0.004004088317232045,False
2025-12-19,soft_exit_rule_vol_target_15pct,0.15,0.2413149347636941,0.6215943499182361,0.6215943499182361,0.37840565008176386,0.00139225003435358,False
2025-12-29,soft_exit_rule_vol_target_15pct,0.15,0.22141407450602604,0.6774637083692598,0.6774637083692598,0.32253629163074016,0.021568330283473457,False
2026-01-06,soft_exit_rule_vol_target_15pct,0.15,0.23180576606583536,0.6470934806574155,0.6470934806574155,0.35290651934258455,0.05027786834027687,False
2026-01-13,soft_exit_rule_vol_target_15pct,0.15,0.27932533564952305,0.5370082153528994,0.5370082153528994,0.46299178464710056,0.040526495194587155,False
2026-01-21,soft_exit_rule_vol_target_15pct,0.15,0.3125897975431703,0.47986211059650535,0.47986211059650535,0.5201378894034947,0.004909490015613308,False
2026-01-28,soft_exit_rule_vol_target_15pct,0.15,0.2859260881580135,0.52461110130358,0.52461110130358,0.47538889869642,-0.04610593711179865,False
2026-02-04,soft_exit_rule_vol_target_15pct,0.15,0.3432074142593583,0.43705349525650555,0.43705349525650555,0.5629465047434945,0.01745647818856874,False
2026-02-11,soft_exit_rule_vol_target_15pct,0.15,0.3510832203147456,0.42724912875507187,0.42724912875507187,0.5727508712449281,-0.02425941515026889,False
2026-02-19,soft_exit_rule_vol_target_15pct,0.15,0.36177653516189606,0.41462058873684154,0.41462058873684154,0.5853794112631585,-0.003698675096632785,False
2026-02-26,soft_exit_rule_vol_target_15pct,0.15,0.3615553433779602,0.41487424469673523,0.41487424469673523,0.5851257553032647,-0.0187815180429986,False
2026-03-05,soft_exit_rule_vol_target_15pct,0.15,0.3758344801810467,0.4,0.4,0.6,-0.015145772907034442,False
2026-03-12,soft_exit_rule_vol_target_15pct,0.15,0.3708902240786963,0.4044323367449358,0.4044323367449358,0.5955676632550642,0.027186535118684373,False
2026-03-19,soft_exit_rule_vol_target_15pct,0.15,0.39622035139797285,0.4,0.4,0.6,-0.00585661293993852,False
2026-03-26,soft_exit_rule_vol_target_15pct,0.15,0.3984688095231304,0.4,0.4,0.6,0.0073354302722344,False
2026-04-02,soft_exit_rule_vol_target_15pct,0.15,0.39501552465919904,0.4,0.4,0.6,0.02570494362009328,False
2026-04-10,soft_exit_rule_vol_target_15pct,0.15,0.3838191921795533,0.4,0.4,0.6,0.030376741413997883,False
2026-04-17,soft_exit_rule_vol_target_15pct,0.15,0.38425116204024906,0.4,0.4,0.6,0.09086516955292424,False
2026-04-24,soft_exit_rule_vol_target_15pct,0.15,0.6075483241487123,0.4,0.4,0.6,0.04870609356987908,False
2026-05-01,soft_exit_rule_vol_target_15pct,0.15,0.5877108654836882,0.4,0.4,0.6,0.10329757469901568,False
2026-05-08,soft_exit_rule_vol_target_15pct,0.15,0.7466453096377781,0.4,0.4,0.6,-0.0395167791246514,False
2026-05-15,soft_exit_rule_vol_target_15pct,0.15,0.7810373945864376,0.4,0.4,0.6,0.04082646565328432,False
2022-01-03,soft_exit_rule_vol_target_18pct,0.18,,,1.0,0.0,-0.0908153547360555,False
2022-01-10,soft_exit_rule_vol_target_18pct,0.18,,,1.0,0.0,-0.0559141439886667,False
2022-01-18,soft_exit_rule_vol_target_18pct,0.18,,,1.0,0.0,-0.0845256749376999,False
2022-01-25,soft_exit_rule_vol_target_18pct,0.18,,,1.0,0.0,0.1175047532534843,False
2022-02-01,soft_exit_rule_vol_target_18pct,0.18,0.7113194694545301,0.4,0.85,0.15000000000000002,-0.021939162618289394,False
2022-02-08,soft_exit_rule_vol_target_18pct,0.18,0.6160791745909987,0.4,0.7,0.30000000000000004,0.022052673099597627,False
2022-02-15,soft_exit_rule_vol_target_18pct,0.18,0.5782244921058661,0.4,0.5499999999999999,0.45000000000000007,-0.0023261936558728446,False
2022-02-23,soft_exit_rule_vol_target_18pct,0.18,0.5291834317655191,0.4,0.4,0.6,0.03232978502912744,False
2022-03-02,soft_exit_rule_vol_target_18pct,0.18,0.5488428407988803,0.4,0.4,0.6,0.0025386272659669203,False
2022-03-09,soft_exit_rule_vol_target_18pct,0.18,0.5139917442247783,0.4,0.4,0.6,-0.033526926103112045,False
2022-03-16,soft_exit_rule_vol_target_18pct,0.18,0.5187391007899409,0.4,0.4,0.6,0.0799154762624574,False
2022-03-23,soft_exit_rule_vol_target_18pct,0.18,0.672852736464381,0.4,0.4,0.6,0.005596770075938401,False
2022-03-30,soft_exit_rule_vol_target_18pct,0.18,0.6416512600450237,0.4,0.4,0.6,-0.03252979972377504,False
2022-04-06,soft_exit_rule_vol_target_18pct,0.18,0.6349364562447433,0.4,0.4,0.6,-0.0199843966436462,False
2022-04-13,soft_exit_rule_vol_target_18pct,0.18,0.6321411042739413,0.4,0.4,0.6,-0.01434336132484756,False
2022-04-21,soft_exit_rule_vol_target_18pct,0.18,0.6051832368176251,0.4,0.4,0.6,-0.03614260235381548,False
2022-04-28,soft_exit_rule_vol_target_18pct,0.18,0.5917474250123703,0.4,0.4,0.6,-0.00832709349089252,False
2022-05-05,soft_exit_rule_vol_target_18pct,0.18,0.5909351483892822,0.4,0.4,0.6,-0.0268799574793066,False
2022-05-12,soft_exit_rule_vol_target_18pct,0.18,0.5995165832295336,0.4,0.4,0.6,0.013146493553779802,False
2022-05-19,soft_exit_rule_vol_target_18pct,0.18,0.6064687866031345,0.4,0.4,0.6,0.010891443477811721,False
2022-05-26,soft_exit_rule_vol_target_18pct,0.18,0.5789223237682505,0.4,0.4,0.6,0.0075741109170788,False
2022-06-03,soft_exit_rule_vol_target_18pct,0.18,0.5814483206559532,0.4,0.4,0.6,-0.029458315676225602,False
2022-06-10,soft_exit_rule_vol_target_18pct,0.18,0.575796594645581,0.4,0.4,0.6,-0.05320074856333104,False
2022-06-17,soft_exit_rule_vol_target_18pct,0.18,0.38612254887504616,0.46617324091644835,0.46617324091644835,0.5338267590835517,0.037667617497179354,False
2022-06-27,soft_exit_rule_vol_target_18pct,0.18,0.4490200170971339,0.4008729970741185,0.4008729970741185,0.5991270029258815,-0.013691229720470804,False
2022-07-05,soft_exit_rule_vol_target_18pct,0.18,0.4353523782924693,0.4134581754347881,0.4134581754347881,0.5865418245652119,-0.00782067844361457,False
2022-07-12,soft_exit_rule_vol_target_18pct,0.18,0.4329888685883198,0.4157150750476721,0.4157150750476721,0.5842849249523279,0.03737618057810934,False
2022-07-19,soft_exit_rule_vol_target_18pct,0.18,0.49467567880301594,0.4,0.4,0.6,0.007463855323852801,False
2022-07-26,soft_exit_rule_vol_target_18pct,0.18,0.46814916566076986,0.4,0.4,0.6,0.023828880046112243,False
2022-08-02,soft_exit_rule_vol_target_18pct,0.18,0.4862400619762259,0.4,0.4,0.6,-0.00830435155320816,False
2022-08-09,soft_exit_rule_vol_target_18pct,0.18,0.4649320759993461,0.4,0.4,0.6,0.01867034690215176,False
2022-08-16,soft_exit_rule_vol_target_18pct,0.18,0.46987063357974257,0.4,0.4,0.6,0.008222846985715961,False
2022-08-23,soft_exit_rule_vol_target_18pct,0.18,0.46858501892911386,0.4,0.4,0.6,0.01228006578804856,False
2022-08-30,soft_exit_rule_vol_target_18pct,0.18,0.4709342382385792,0.4,0.4,0.6,0.02227353523905244,False
2022-09-07,soft_exit_rule_vol_target_18pct,0.18,0.444251314775533,0.4051760659187889,0.4051760659187889,0.5948239340812111,0.028716981649860224,False
2022-09-14,soft_exit_rule_vol_target_18pct,0.18,0.29882885640569673,0.6023514668731589,0.5551760659187889,0.4448239340812111,-0.04315051729402479,False
2022-09-21,soft_exit_rule_vol_target_18pct,0.18,0.35655586893050834,0.5048297214680862,0.5048297214680862,0.49517027853191375,-0.01382245304574046,False
2022-09-28,soft_exit_rule_vol_target_18pct,0.18,0.35191769830433695,0.511483227093446,0.511483227093446,0.48851677290655404,0.057114502403741524,False
2022-10-05,soft_exit_rule_vol_target_18pct,0.18,0.38596437947266843,0.4663642801595541,0.4663642801595541,0.5336357198404459,-0.029948071885606293,False
2022-10-12,soft_exit_rule_vol_target_18pct,0.18,0.4085420233008729,0.4405911503195304,0.4405911503195304,0.5594088496804697,0.05282721170038204,False
2022-10-19,soft_exit_rule_vol_target_18pct,0.18,0.45982976501441536,0.4,0.4,0.6,0.05212312609405656,False
2022-10-26,soft_exit_rule_vol_target_18pct,0.18,0.5049469779211523,0.4,0.4,0.6,-0.00857915908995492,False
2022-11-02,soft_exit_rule_vol_target_18pct,0.18,0.5052960096889115,0.4,0.4,0.6,-0.03008546214350712,False
2022-11-09,soft_exit_rule_vol_target_18pct,0.18,0.5514277388037838,0.4,0.4,0.6,0.053257864056608,False
2022-11-16,soft_exit_rule_vol_target_18pct,0.18,0.5973149006756286,0.4,0.4,0.6,0.00556320627836936,False
2022-11-23,soft_exit_rule_vol_target_18pct,0.18,0.5985388242742558,0.4,0.4,0.6,0.010285322521333322,False
2022-12-01,soft_exit_rule_vol_target_18pct,0.18,0.5958832837471282,0.4,0.4,0.6,-0.01745579841293572,False
2022-12-08,soft_exit_rule_vol_target_18pct,0.18,0.6048451958123652,0.4,0.4,0.6,-0.01767040308429404,False
2022-12-15,soft_exit_rule_vol_target_18pct,0.18,0.5831176536370332,0.4,0.4,0.6,-0.0173599462507064,False
2022-12-22,soft_exit_rule_vol_target_18pct,0.18,0.5904048538251108,0.4,0.4,0.6,0.0129478313057534,False
2022-12-30,soft_exit_rule_vol_target_18pct,0.18,0.5541850764919695,0.4,0.4,0.6,0.01320888004708496,False
2023-01-09,soft_exit_rule_vol_target_18pct,0.18,0.5257807430505061,0.4,0.4,0.6,0.06426260239047704,False
2023-01-17,soft_exit_rule_vol_target_18pct,0.18,0.5671281897613581,0.4,0.4,0.6,0.0009005973009786801,False
2023-01-24,soft_exit_rule_vol_target_18pct,0.18,0.514906572838089,0.4,0.4,0.6,0.0073125372559706804,False
2023-01-31,soft_exit_rule_vol_target_18pct,0.18,0.5083978218336928,0.4,0.4,0.6,0.0523098233864598,False
2023-02-07,soft_exit_rule_vol_target_18pct,0.18,0.5111855074585048,0.4,0.4,0.6,0.00363088863717388,False
2023-02-14,soft_exit_rule_vol_target_18pct,0.18,0.46110202860744753,0.4,0.4,0.6,-0.029185541211831117,False
2023-02-22,soft_exit_rule_vol_target_18pct,0.18,0.5041992537174755,0.4,0.4,0.6,0.00459000149186316,False
2023-03-01,soft_exit_rule_vol_target_18pct,0.18,0.5039504618806234,0.4,0.4,0.6,0.0039341509786936,False
2023-03-08,soft_exit_rule_vol_target_18pct,0.18,0.4858712328295251,0.4,0.4,0.6,-0.008815826584354999,False
2023-03-15,soft_exit_rule_vol_target_18pct,0.18,0.47391770163920843,0.4,0.4,0.6,0.02206495849370656,False
2023-03-22,soft_exit_rule_vol_target_18pct,0.18,0.45306710805871125,0.4,0.4,0.6,0.00426026667914724,False
2023-03-29,soft_exit_rule_vol_target_18pct,0.18,0.4549377389415577,0.4,0.4,0.6,0.005206878344331841,False
2023-04-05,soft_exit_rule_vol_target_18pct,0.18,0.45597851564875036,0.4,0.4,0.6,0.00412411334269708,False
2023-04-13,soft_exit_rule_vol_target_18pct,0.18,0.3403279939119904,0.5289015397497638,0.5289015397497638,0.47109846025023616,-0.017984561111985337,False
2023-04-20,soft_exit_rule_vol_target_18pct,0.18,0.35468859147357873,0.5074874251020517,0.5074874251020517,0.4925125748979483,-0.02109144234767687,False
2023-04-27,soft_exit_rule_vol_target_18pct,0.18,0.37094455859467057,0.485247716483382,0.485247716483382,0.5147522835166181,-0.02279904642947956,False
2023-05-04,soft_exit_rule_vol_target_18pct,0.18,0.2562476053265532,0.7024455887914118,0.635247716483382,0.36475228351661804,0.038036660039321886,False
2023-05-11,soft_exit_rule_vol_target_18pct,0.18,0.2918823228069887,0.6166868834980032,0.6166868834980032,0.38331311650199684,0.03512942411265483,False
2023-05-18,soft_exit_rule_vol_target_18pct,0.18,0.27113190298537954,0.6638835121136825,0.6638835121136825,0.33611648788631754,0.10423432528399447,False
2023-05-25,soft_exit_rule_vol_target_18pct,0.18,0.41464833626567826,0.4341027908638908,0.5138835121136824,0.48611648788631756,0.003796674347162473,False
2023-06-02,soft_exit_rule_vol_target_18pct,0.18,0.4149367540889924,0.43380105094617627,0.43380105094617627,0.5661989490538237,0.009920656899815613,False
2023-06-09,soft_exit_rule_vol_target_18pct,0.18,0.4043952966414184,0.44510903439019944,0.44510903439019944,0.5548909656098006,0.0138909504973486,False
2023-06-16,soft_exit_rule_vol_target_18pct,0.18,0.39827267016223444,0.45195167402944786,0.45195167402944786,0.5480483259705522,-0.0066432931405025625,False
2023-06-26,soft_exit_rule_vol_target_18pct,0.18,0.4047208168182444,0.4447510296482624,0.4447510296482624,0.5552489703517376,0.019443745807029966,False
2023-07-03,soft_exit_rule_vol_target_18pct,0.18,0.4078175556985125,0.4413738385825368,0.4413738385825368,0.5586261614174632,-0.009945314823182201,False
2023-07-11,soft_exit_rule_vol_target_18pct,0.18,0.4175387038641546,0.4310977601218081,0.4310977601218081,0.5689022398781919,0.04035197139030074,False
2023-07-18,soft_exit_rule_vol_target_18pct,0.18,0.4264486530260396,0.42209067544881873,0.42209067544881873,0.5779093245511813,-0.015802729218917254,False
2023-07-25,soft_exit_rule_vol_target_18pct,0.18,0.4232932418401121,0.42523712218394044,0.42523712218394044,0.5747628778160596,-0.0014683374608476113,False
2023-08-01,soft_exit_rule_vol_target_18pct,0.18,0.39488502768250333,0.455828880260115,0.455828880260115,0.5441711197398851,-0.008514476546611461,False
2023-08-08,soft_exit_rule_vol_target_18pct,0.18,0.40329198103058517,0.4463267519974542,0.4463267519974542,0.5536732480025458,-0.004339478362845499,False
2023-08-15,soft_exit_rule_vol_target_18pct,0.18,0.40323698551037784,0.4463876243201591,0.4463876243201591,0.5536123756798409,0.0031452720041126405,False
2023-08-22,soft_exit_rule_vol_target_18pct,0.18,0.2580028131318832,0.6976668115164676,0.5963876243201591,0.4036123756798409,0.0068494792376828225,False
2023-08-29,soft_exit_rule_vol_target_18pct,0.18,0.2580773930619952,0.6974651978011903,0.6974651978011903,0.3025348021988097,-0.01333161716647915,False
2023-09-06,soft_exit_rule_vol_target_18pct,0.18,0.2618998977059989,0.6872854918105492,0.6872854918105492,0.3127145081894508,0.01554925796423326,False
2023-09-13,soft_exit_rule_vol_target_18pct,0.18,0.2584324635114458,0.6965069231405904,0.6965069231405904,0.3034930768594096,-0.0281649159160639,False
2023-09-20,soft_exit_rule_vol_target_18pct,0.18,0.27263930810352005,0.660212943071491,0.660212943071491,0.33978705692850897,0.009642850789879644,False
2023-09-27,soft_exit_rule_vol_target_18pct,0.18,0.25800495793416656,0.697661011793151,0.697661011793151,0.302338988206849,-0.016439228070406053,False
2023-10-04,soft_exit_rule_vol_target_18pct,0.18,0.2584373597313142,0.6964937274825047,0.6964937274825047,0.3035062725174953,0.029713292402822444,False
2023-10-11,soft_exit_rule_vol_target_18pct,0.18,0.18087103471552687,0.9951842221896013,0.8464937274825047,0.15350627251749527,-0.011275993433047606,False
2023-10-18,soft_exit_rule_vol_target_18pct,0.18,0.16645289150168457,1.0,0.9964937274825048,0.003506272517495246,-0.08465005751210299,False
2023-10-25,soft_exit_rule_vol_target_18pct,0.18,0.23943715959169182,0.7517630108332014,0.8464937274825047,0.15350627251749527,-0.0007769025511690867,False
2023-11-01,soft_exit_rule_vol_target_18pct,0.18,0.23899402234697195,0.7531569125970676,0.7531569125970676,0.24684308740293237,0.018591712733399678,False
2023-11-08,soft_exit_rule_vol_target_18pct,0.18,0.2482708289502389,0.725014697703682,0.725014697703682,0.274985302296318,0.03455312483376518,False
2023-11-15,soft_exit_rule_vol_target_18pct,0.18,0.270971586964539,0.6642762882130365,0.6642762882130365,0.3357237117869635,0.021060786302643828,False
2023-11-22,soft_exit_rule_vol_target_18pct,0.18,0.27875349029558866,0.6457318249508875,0.6457318249508875,0.35426817504911245,0.018916265703170305,False
2023-11-30,soft_exit_rule_vol_target_18pct,0.18,0.2811620198752512,0.640200266308601,0.640200266308601,0.35979973369139895,0.001293380268585521,False
2023-12-07,soft_exit_rule_vol_target_18pct,0.18,0.2780123558911879,0.6474532379073495,0.6474532379073495,0.35254676209265046,0.01098991278220552,False
2023-12-14,soft_exit_rule_vol_target_18pct,0.18,0.26126958187027033,0.6889435758709042,0.6889435758709042,0.31105642412909584,0.009115578786781337,False
2023-12-21,soft_exit_rule_vol_target_18pct,0.18,0.2611013938357376,0.6893873577451693,0.6893873577451693,0.31061264225483065,0.009494110486725419,False
2023-12-29,soft_exit_rule_vol_target_18pct,0.18,0.2517256215663233,0.7150642786379001,0.7150642786379001,0.2849357213620999,-0.012966776591107333,False
2024-01-08,soft_exit_rule_vol_target_18pct,0.18,0.246443531686189,0.7303904418526372,0.7303904418526372,0.26960955814736276,-0.00796064585209643,False
2024-01-16,soft_exit_rule_vol_target_18pct,0.18,0.24563212088968023,0.7328031828575168,0.7328031828575168,0.2671968171424832,0.04443667560580612,False
2024-01-23,soft_exit_rule_vol_target_18pct,0.18,0.16658973946802397,1.0,0.8828031828575168,0.1171968171424832,0.04857243006696782,False
2024-01-30,soft_exit_rule_vol_target_18pct,0.18,0.1777155108144077,1.0,1.0,0.0,0.0061845377811795,False
2024-02-06,soft_exit_rule_vol_target_18pct,0.18,0.18063379833638063,0.9964912527875854,0.9964912527875854,0.0035087472124145647,0.025569503066669046,False
2024-02-13,soft_exit_rule_vol_target_18pct,0.18,0.17055882007594056,1.0,1.0,0.0,-0.0097845172467036,False
2024-02-21,soft_exit_rule_vol_target_18pct,0.18,0.17745806802318254,1.0,1.0,0.0,0.0138276842483296,False
2024-02-28,soft_exit_rule_vol_target_18pct,0.18,0.17459307901161358,1.0,1.0,0.0,0.0762882762272176,False
2024-03-06,soft_exit_rule_vol_target_18pct,0.18,0.21446586370041038,0.8392944074840921,0.85,0.15000000000000002,0.00140561539343087,False
2024-03-13,soft_exit_rule_vol_target_18pct,0.18,0.21792124389719092,0.825986474659253,0.825986474659253,0.174013525340747,-0.000407995684790601,False
2024-03-20,soft_exit_rule_vol_target_18pct,0.18,0.22148155305158582,0.8127087674795008,0.8127087674795008,0.18729123252049917,0.003998802496235524,False
2024-03-27,soft_exit_rule_vol_target_18pct,0.18,0.22301111300703005,0.8071346650528837,0.8071346650528837,0.19286533494711633,-0.028562418818474072,False
2024-04-04,soft_exit_rule_vol_target_18pct,0.18,0.23830929624191532,0.7553209330838537,0.7553209330838537,0.24467906691614627,0.038273975916197876,False
2024-04-11,soft_exit_rule_vol_target_18pct,0.18,0.2403660261948244,0.7488579099531487,0.7488579099531487,0.2511420900468513,-0.043298501512515936,False
2024-04-18,soft_exit_rule_vol_target_18pct,0.18,0.2719970498177835,0.6617718836310384,0.6617718836310384,0.33822811636896155,-0.014444287711627259,False
2024-04-25,soft_exit_rule_vol_target_18pct,0.18,0.2597904056557427,0.6928662340152941,0.6928662340152941,0.3071337659847059,0.0145995893197262,False
2024-05-02,soft_exit_rule_vol_target_18pct,0.18,0.26209509093627154,0.6867736414176755,0.6867736414176755,0.3132263585823245,0.028469560431529414,False
2024-05-09,soft_exit_rule_vol_target_18pct,0.18,0.26974915649791487,0.6672866092961866,0.6672866092961866,0.33271339070381345,-0.004558839038288395,False
2024-05-16,soft_exit_rule_vol_target_18pct,0.18,0.2689442538915588,0.6692836801509726,0.6692836801509726,0.3307163198490274,-0.03452201602788437,False
2024-05-23,soft_exit_rule_vol_target_18pct,0.18,0.2947530900671001,0.6106806207155394,0.6106806207155394,0.3893193792844606,0.02062724528597779,False
2024-05-31,soft_exit_rule_vol_target_18pct,0.18,0.2543887956785011,0.7075783330783391,0.7075783330783391,0.29242166692166094,0.018218837233516118,False
2024-06-07,soft_exit_rule_vol_target_18pct,0.18,0.260776549295418,0.6902461148685914,0.6902461148685914,0.30975388513140856,0.014440511255364219,False
2024-06-14,soft_exit_rule_vol_target_18pct,0.18,0.2642638946593073,0.6811373162877907,0.6811373162877907,0.31886268371220927,-0.06359575752147356,False
2024-06-24,soft_exit_rule_vol_target_18pct,0.18,0.3304614304984702,0.5446929153834589,0.5446929153834589,0.4553070846165411,0.02258465128427589,False
2024-07-01,soft_exit_rule_vol_target_18pct,0.18,0.3369428516634418,0.5342152211016321,0.5342152211016321,0.4657847788983679,0.08184303821785045,False
2024-07-09,soft_exit_rule_vol_target_18pct,0.18,0.45632374867606157,0.4,0.4,0.6,-0.0089579259593948,False
2024-07-16,soft_exit_rule_vol_target_18pct,0.18,0.43735775739449306,0.41156238104093235,0.41156238104093235,0.5884376189590677,-0.03545970186734718,False
2024-07-23,soft_exit_rule_vol_target_18pct,0.18,0.4793769385988182,0.4,0.4,0.6,-0.050056507593865845,False
2024-07-30,soft_exit_rule_vol_target_18pct,0.18,0.5499693635837178,0.4,0.4,0.6,-0.025023694727443282,False
2024-08-06,soft_exit_rule_vol_target_18pct,0.18,0.5503965277118396,0.4,0.4,0.6,0.029265410620903723,False
2024-08-13,soft_exit_rule_vol_target_18pct,0.18,0.58009739262875,0.4,0.4,0.6,0.00695188676007212,False
2024-08-20,soft_exit_rule_vol_target_18pct,0.18,0.5731595335998012,0.4,0.4,0.6,-0.006536754479759161,False
2024-08-27,soft_exit_rule_vol_target_18pct,0.18,0.567824021230925,0.4,0.4,0.6,-0.030669556690436126,False
2024-09-04,soft_exit_rule_vol_target_18pct,0.18,0.5805344149866557,0.4,0.4,0.6,-0.01582412434706136,False
2024-09-11,soft_exit_rule_vol_target_18pct,0.18,0.5766125209063531,0.4,0.4,0.6,-0.00687127337789468,False
2024-09-18,soft_exit_rule_vol_target_18pct,0.18,0.5518250135703244,0.4,0.4,0.6,0.05292308336999264,False
2024-09-25,soft_exit_rule_vol_target_18pct,0.18,0.6226387005821257,0.4,0.4,0.6,-0.01599580068792088,False
2024-10-02,soft_exit_rule_vol_target_18pct,0.18,0.5084209106905988,0.4,0.4,0.6,0.014169499431323042,False
2024-10-09,soft_exit_rule_vol_target_18pct,0.18,0.5222760585823358,0.4,0.4,0.6,0.0006251481318809201,False
2024-10-16,soft_exit_rule_vol_target_18pct,0.18,0.49876772143967196,0.4,0.4,0.6,-0.0022633161746608,False
2024-10-23,soft_exit_rule_vol_target_18pct,0.18,0.42438452679275696,0.4241436448221422,0.4241436448221422,0.5758563551778578,-0.0007264618632139765,False
2024-10-30,soft_exit_rule_vol_target_18pct,0.18,0.39999741952486684,0.4500029030532529,0.4500029030532529,0.5499970969467471,0.0371894211762806,False
2024-11-06,soft_exit_rule_vol_target_18pct,0.18,0.4080417441336808,0.4411313366532156,0.4411313366532156,0.5588686633467844,0.035768736849780804,False
2024-11-13,soft_exit_rule_vol_target_18pct,0.18,0.43704865593198716,0.4118534574054641,0.4118534574054641,0.5881465425945359,0.03234789973123059,False
2024-11-20,soft_exit_rule_vol_target_18pct,0.18,0.453048801263639,0.4,0.4,0.6,0.00832239014188632,False
2024-11-27,soft_exit_rule_vol_target_18pct,0.18,0.39733838828084833,0.4530143708963043,0.4530143708963043,0.5469856291036956,0.01777355054000005,False
2024-12-05,soft_exit_rule_vol_target_18pct,0.18,0.36722271574170867,0.4901657557769535,0.4901657557769535,0.5098342442230466,0.06729129984713728,False
2024-12-12,soft_exit_rule_vol_target_18pct,0.18,0.40461353463419175,0.44486895418052863,0.44486895418052863,0.5551310458194714,-0.01355825736738731,False
2024-12-19,soft_exit_rule_vol_target_18pct,0.18,0.38323908258902345,0.4696806984924023,0.4696806984924023,0.5303193015075978,0.015909019198274723,False
2024-12-27,soft_exit_rule_vol_target_18pct,0.18,0.3453814675403961,0.5211628790677573,0.5211628790677573,0.47883712093224273,-0.011105542034220418,False
2025-01-06,soft_exit_rule_vol_target_18pct,0.18,0.3679875954362267,0.489146922973371,0.489146922973371,0.5108530770266291,-0.020854869826230877,False
2025-01-14,soft_exit_rule_vol_target_18pct,0.18,0.3972216934924291,0.45314745631693637,0.45314745631693637,0.5468525436830636,0.027063358257165337,False
2025-01-22,soft_exit_rule_vol_target_18pct,0.18,0.3919837963756389,0.45920265496767015,0.45920265496767015,0.5407973450323298,-0.05669522603447901,False
2025-01-29,soft_exit_rule_vol_target_18pct,0.18,0.5120096116440966,0.4,0.4,0.6,0.02211745976943584,False
2025-02-05,soft_exit_rule_vol_target_18pct,0.18,0.5007804227126613,0.4,0.4,0.6,0.0032196664056785597,False
2025-02-12,soft_exit_rule_vol_target_18pct,0.18,0.4841688245998255,0.4,0.4,0.6,0.01037668524764216,False
2025-02-20,soft_exit_rule_vol_target_18pct,0.18,0.4649658139339669,0.4,0.4,0.6,-0.048524353751144,False
2025-02-27,soft_exit_rule_vol_target_18pct,0.18,0.5424021927584728,0.4,0.4,0.6,-0.038822616626821765,False
2025-03-06,soft_exit_rule_vol_target_18pct,0.18,0.5713283084497944,0.4,0.4,0.6,0.04170763904976228,False
2025-03-13,soft_exit_rule_vol_target_18pct,0.18,0.5339738754871257,0.4,0.4,0.6,0.0013370475285480801,False
2025-03-20,soft_exit_rule_vol_target_18pct,0.18,0.5332069362519806,0.4,0.4,0.6,-0.012737703221313122,False
2025-03-27,soft_exit_rule_vol_target_18pct,0.18,0.5253388241763532,0.4,0.4,0.6,-0.0305204163025318,False
2025-04-03,soft_exit_rule_vol_target_18pct,0.18,0.5407202238839341,0.4,0.4,0.6,-0.033871809761211645,False
2025-04-10,soft_exit_rule_vol_target_18pct,0.18,0.5560814829938395,0.4,0.4,0.6,-0.020044364756642962,False
2025-04-17,soft_exit_rule_vol_target_18pct,0.18,0.5246972973449838,0.4,0.4,0.6,0.037030849264267765,False
2025-04-25,soft_exit_rule_vol_target_18pct,0.18,0.5398631978047004,0.4,0.4,0.6,-0.00227458969941636,False
2025-05-02,soft_exit_rule_vol_target_18pct,0.18,0.5170581136936608,0.4,0.4,0.6,0.018024572430394122,False
2025-05-09,soft_exit_rule_vol_target_18pct,0.18,0.5319252029834188,0.4,0.4,0.6,0.0444279020979124,False
2025-05-16,soft_exit_rule_vol_target_18pct,0.18,0.5904093130563027,0.4,0.4,0.6,-0.009663697768516801,False
2025-05-23,soft_exit_rule_vol_target_18pct,0.18,0.5350831674765192,0.4,0.4,0.6,0.01945431733620664,False
2025-06-02,soft_exit_rule_vol_target_18pct,0.18,0.49600124252169864,0.4,0.4,0.6,-0.02346960205698096,False
2025-06-09,soft_exit_rule_vol_target_18pct,0.18,0.4661623626279999,0.4,0.4,0.6,0.010544871118395641,False
2025-06-16,soft_exit_rule_vol_target_18pct,0.18,0.47000149874337127,0.4,0.4,0.6,0.027644966177906485,False
2025-06-24,soft_exit_rule_vol_target_18pct,0.18,0.4851167775098747,0.4,0.4,0.6,-0.0052042221761945204,False
2025-07-01,soft_exit_rule_vol_target_18pct,0.18,0.4497533486677265,0.40021936586620566,0.40021936586620566,0.5997806341337943,0.0054755908491058896,False
2025-07-09,soft_exit_rule_vol_target_18pct,0.18,0.3913540309848597,0.45994160210135576,0.45994160210135576,0.5400583978986442,0.028646825304344075,False
2025-07-16,soft_exit_rule_vol_target_18pct,0.18,0.3633292529827697,0.4954184077452641,0.4954184077452641,0.5045815922547359,-0.0030656254873609743,False
2025-07-23,soft_exit_rule_vol_target_18pct,0.18,0.3411091988789897,0.527690254591627,0.527690254591627,0.472309745408373,0.04780808331184095,False
2025-07-30,soft_exit_rule_vol_target_18pct,0.18,0.361987540812443,0.49725468339603324,0.49725468339603324,0.5027453166039668,-0.02202271118535566,False
2025-08-06,soft_exit_rule_vol_target_18pct,0.18,0.3915594353788099,0.45970032576500414,0.45970032576500414,0.5402996742349959,0.044002425060677655,False
2025-08-13,soft_exit_rule_vol_target_18pct,0.18,0.37617968188872486,0.4784947424492867,0.4784947424492867,0.5215052575507133,-0.03584673470286533,False
2025-08-20,soft_exit_rule_vol_target_18pct,0.18,0.4180698690424809,0.43055004277696424,0.43055004277696424,0.5694499572230358,0.016423794860079853,False
2025-08-27,soft_exit_rule_vol_target_18pct,0.18,0.4149176952021162,0.4338209772237305,0.4338209772237305,0.5661790227762695,-0.017543077267134378,False
2025-09-04,soft_exit_rule_vol_target_18pct,0.18,0.4007312835094227,0.4491788073634823,0.4491788073634823,0.5508211926365176,0.018593766760348504,False
2025-09-11,soft_exit_rule_vol_target_18pct,0.18,0.4034205641278428,0.44618449331938004,0.44618449331938004,0.55381550668062,0.02068182445621716,False
2025-09-18,soft_exit_rule_vol_target_18pct,0.18,0.3927516625938748,0.45830487084692284,0.45830487084692284,0.5416951291530772,0.008710103481368634,False
2025-09-25,soft_exit_rule_vol_target_18pct,0.18,0.3866012684897317,0.46559598912640626,0.46559598912640626,0.5344040108735937,0.02069628175269822,False
2025-10-02,soft_exit_rule_vol_target_18pct,0.18,0.3894868120779929,0.4621465847320033,0.4621465847320033,0.5378534152679967,0.0028537088855977617,False
2025-10-09,soft_exit_rule_vol_target_18pct,0.18,0.379876419673269,0.4738383081393092,0.4738383081393092,0.5261616918606908,-0.00534109025051072,False
2025-10-16,soft_exit_rule_vol_target_18pct,0.18,0.381556248531988,0.47175220086825437,0.47175220086825437,0.5282477991317456,0.00888400535630874,False
2025-10-23,soft_exit_rule_vol_target_18pct,0.18,0.34389496100930994,0.5234156367738317,0.5234156367738317,0.47658436322616826,0.03582323102023604,False
2025-10-30,soft_exit_rule_vol_target_18pct,0.18,0.3372731684033748,0.5336920243377382,0.5336920243377382,0.4663079756622618,-0.014973712155353097,False
2025-11-06,soft_exit_rule_vol_target_18pct,0.18,0.30433341215349086,0.5914565828520228,0.5914565828520228,0.40854341714797715,0.009295168942486684,False
2025-11-13,soft_exit_rule_vol_target_18pct,0.18,0.2339691338935018,0.7693322491074079,0.7414565828520229,0.25854341714797713,-0.03101121991989173,False
2025-11-20,soft_exit_rule_vol_target_18pct,0.18,0.25969010638590906,0.6931338374998136,0.6931338374998136,0.3068661625001864,-0.007055422041317588,False
2025-11-28,soft_exit_rule_vol_target_18pct,0.18,0.23767977542367916,0.757321482987514,0.757321482987514,0.242678517012486,0.0026558982696175105,False
2025-12-05,soft_exit_rule_vol_target_18pct,0.18,0.2300382025515901,0.7824787274610696,0.7824787274610696,0.2175212725389304,-0.03676843195412098,False
2025-12-12,soft_exit_rule_vol_target_18pct,0.18,0.24378995764290975,0.7383405031951897,0.7383405031951897,0.26165949680481027,0.004804905980678453,False
2025-12-19,soft_exit_rule_vol_target_18pct,0.18,0.2413149347636941,0.7459132199018834,0.7459132199018834,0.2540867800981166,0.001670700041224296,False
2025-12-29,soft_exit_rule_vol_target_18pct,0.18,0.22141407450602604,0.8129564500431118,0.8129564500431118,0.1870435499568882,0.025881996340168145,False
2026-01-06,soft_exit_rule_vol_target_18pct,0.18,0.23180576606583536,0.7765121767888985,0.7765121767888985,0.2234878232111015,0.06033344200833224,False
2026-01-13,soft_exit_rule_vol_target_18pct,0.18,0.27932533564952305,0.6444098584234793,0.6444098584234793,0.3555901415765207,0.04863179423350459,False
2026-01-21,soft_exit_rule_vol_target_18pct,0.18,0.3125897975431703,0.5758345327158064,0.5758345327158064,0.4241654672841936,0.00589138801873597,False
2026-01-28,soft_exit_rule_vol_target_18pct,0.18,0.2859260881580135,0.6295333215642961,0.6295333215642961,0.3704666784357039,-0.05532712453415839,False
2026-02-04,soft_exit_rule_vol_target_18pct,0.18,0.3432074142593583,0.5244641943078067,0.5244641943078067,0.47553580569219334,0.02094777382628249,False
2026-02-11,soft_exit_rule_vol_target_18pct,0.18,0.3510832203147456,0.5126989545060863,0.5126989545060863,0.48730104549391373,-0.02911129818032267,False
2026-02-19,soft_exit_rule_vol_target_18pct,0.18,0.36177653516189606,0.49754470648420984,0.49754470648420984,0.5024552935157902,-0.004438410115959342,False
2026-02-26,soft_exit_rule_vol_target_18pct,0.18,0.3615553433779602,0.4978490936360823,0.4978490936360823,0.5021509063639177,-0.022537821651598323,False
2026-03-05,soft_exit_rule_vol_target_18pct,0.18,0.3758344801810467,0.4789342369898859,0.4789342369898859,0.5210657630101141,-0.018134572977131565,False
2026-03-12,soft_exit_rule_vol_target_18pct,0.18,0.3708902240786963,0.4853188040939229,0.4853188040939229,0.5146811959060771,0.03262384214242125,False
2026-03-19,soft_exit_rule_vol_target_18pct,0.18,0.39622035139797285,0.45429266660561773,0.45429266660561773,0.5457073333943823,-0.006651540774404092,False
2026-03-26,soft_exit_rule_vol_target_18pct,0.18,0.3984688095231304,0.45172920865604493,0.45172920865604493,0.5482707913439551,0.008284070280070105,False
2026-04-02,soft_exit_rule_vol_target_18pct,0.18,0.39501552465919904,0.4556782930374587,0.4556782930374587,0.5443217069625412,0.02928296207857055,False
2026-04-10,soft_exit_rule_vol_target_18pct,0.18,0.3838191921795533,0.46897081664377727,0.46897081664377727,0.5310291833562227,0.03561451306974859,False
2026-04-17,soft_exit_rule_vol_target_18pct,0.18,0.38425116204024906,0.46844360611496494,0.46844360611496494,0.5315563938850351,0.10641301923904888,False
2026-04-24,soft_exit_rule_vol_target_18pct,0.18,0.6075483241487123,0.4,0.4,0.6,0.04870609356987908,False
2026-05-01,soft_exit_rule_vol_target_18pct,0.18,0.5877108654836882,0.4,0.4,0.6,0.10329757469901568,False
2026-05-08,soft_exit_rule_vol_target_18pct,0.18,0.7466453096377781,0.4,0.4,0.6,-0.0395167791246514,False
2026-05-15,soft_exit_rule_vol_target_18pct,0.18,0.7810373945864376,0.4,0.4,0.6,0.04082646565328432,False
2022-01-03,soft_exit_rule_vol_target_20pct,0.2,,,1.0,0.0,-0.0908153547360555,False
2022-01-10,soft_exit_rule_vol_target_20pct,0.2,,,1.0,0.0,-0.0559141439886667,False
2022-01-18,soft_exit_rule_vol_target_20pct,0.2,,,1.0,0.0,-0.0845256749376999,False
2022-01-25,soft_exit_rule_vol_target_20pct,0.2,,,1.0,0.0,0.1175047532534843,False
2022-02-01,soft_exit_rule_vol_target_20pct,0.2,0.7113194694545301,0.4,0.85,0.15000000000000002,-0.021939162618289394,False
2022-02-08,soft_exit_rule_vol_target_20pct,0.2,0.6160791745909987,0.4,0.7,0.30000000000000004,0.022052673099597627,False
2022-02-15,soft_exit_rule_vol_target_20pct,0.2,0.5782244921058661,0.4,0.5499999999999999,0.45000000000000007,-0.0023261936558728446,False
2022-02-23,soft_exit_rule_vol_target_20pct,0.2,0.5291834317655191,0.4,0.4,0.6,0.03232978502912744,False
2022-03-02,soft_exit_rule_vol_target_20pct,0.2,0.5488428407988803,0.4,0.4,0.6,0.0025386272659669203,False
2022-03-09,soft_exit_rule_vol_target_20pct,0.2,0.5139917442247783,0.4,0.4,0.6,-0.033526926103112045,False
2022-03-16,soft_exit_rule_vol_target_20pct,0.2,0.5187391007899409,0.4,0.4,0.6,0.0799154762624574,False
2022-03-23,soft_exit_rule_vol_target_20pct,0.2,0.672852736464381,0.4,0.4,0.6,0.005596770075938401,False
2022-03-30,soft_exit_rule_vol_target_20pct,0.2,0.6416512600450237,0.4,0.4,0.6,-0.03252979972377504,False
2022-04-06,soft_exit_rule_vol_target_20pct,0.2,0.6349364562447433,0.4,0.4,0.6,-0.0199843966436462,False
2022-04-13,soft_exit_rule_vol_target_20pct,0.2,0.6321411042739413,0.4,0.4,0.6,-0.01434336132484756,False
2022-04-21,soft_exit_rule_vol_target_20pct,0.2,0.6051832368176251,0.4,0.4,0.6,-0.03614260235381548,False
2022-04-28,soft_exit_rule_vol_target_20pct,0.2,0.5917474250123703,0.4,0.4,0.6,-0.00832709349089252,False
2022-05-05,soft_exit_rule_vol_target_20pct,0.2,0.5909351483892822,0.4,0.4,0.6,-0.0268799574793066,False
2022-05-12,soft_exit_rule_vol_target_20pct,0.2,0.5995165832295336,0.4,0.4,0.6,0.013146493553779802,False
2022-05-19,soft_exit_rule_vol_target_20pct,0.2,0.6064687866031345,0.4,0.4,0.6,0.010891443477811721,False
2022-05-26,soft_exit_rule_vol_target_20pct,0.2,0.5789223237682505,0.4,0.4,0.6,0.0075741109170788,False
2022-06-03,soft_exit_rule_vol_target_20pct,0.2,0.5814483206559532,0.4,0.4,0.6,-0.029458315676225602,False
2022-06-10,soft_exit_rule_vol_target_20pct,0.2,0.575796594645581,0.4,0.4,0.6,-0.05320074856333104,False
2022-06-17,soft_exit_rule_vol_target_20pct,0.2,0.38612254887504616,0.5179702676849427,0.5179702676849427,0.4820297323150573,0.04185290833019929,False
2022-06-27,soft_exit_rule_vol_target_20pct,0.2,0.4490200170971339,0.445414441193465,0.445414441193465,0.5545855588065349,-0.015212477467189784,False
2022-07-05,soft_exit_rule_vol_target_20pct,0.2,0.4353523782924693,0.4593979727053201,0.4593979727053201,0.5406020272946799,-0.0086896427151273,False
2022-07-12,soft_exit_rule_vol_target_20pct,0.2,0.4329888685883198,0.46190563894185793,0.46190563894185793,0.5380943610581421,0.041529089531232605,False
2022-07-19,soft_exit_rule_vol_target_20pct,0.2,0.49467567880301594,0.4043053025852151,0.4043053025852151,0.595694697414785,0.007544190712906437,False
2022-07-26,soft_exit_rule_vol_target_20pct,0.2,0.46814916566076986,0.4272142613299539,0.4272142613299539,0.5727857386700461,0.025450093468049797,False
2022-08-02,soft_exit_rule_vol_target_20pct,0.2,0.4862400619762259,0.41131946057085433,0.41131946057085433,0.5886805394291457,-0.008539353503140792,False
2022-08-09,soft_exit_rule_vol_target_20pct,0.2,0.4649320759993461,0.4301703632086707,0.4301703632086707,0.5698296367913294,0.020078574770326256,False
2022-08-16,soft_exit_rule_vol_target_20pct,0.2,0.46987063357974257,0.42564907382333284,0.42564907382333284,0.5743509261766672,0.008750118009152458,False
2022-08-23,soft_exit_rule_vol_target_20pct,0.2,0.46858501892911386,0.4268168889758198,0.4268168889758198,0.5731831110241802,0.013103348690183213,False
2022-08-30,soft_exit_rule_vol_target_20pct,0.2,0.4709342382385792,0.4246877456777274,0.4246877456777274,0.5753122543222726,0.023648243672366502,False
2022-09-07,soft_exit_rule_vol_target_20pct,0.2,0.444251314775533,0.4501956287986544,0.4501956287986544,0.5498043712013456,0.03190775738873358,False
2022-09-14,soft_exit_rule_vol_target_20pct,0.2,0.29882885640569673,0.6692794076368432,0.6001956287986544,0.3998043712013456,-0.046649618832925135,False
2022-09-21,soft_exit_rule_vol_target_20pct,0.2,0.35655586893050834,0.5609219127423181,0.5609219127423181,0.43907808725768194,-0.015358281161933846,False
2022-09-28,soft_exit_rule_vol_target_20pct,0.2,0.35191769830433695,0.5683146967704956,0.5683146967704956,0.4316853032295044,0.06346055822637948,False
2022-10-05,soft_exit_rule_vol_target_20pct,0.2,0.38596437947266843,0.5181825335106157,0.5181825335106157,0.4818174664893843,-0.03327563542845144,False
2022-10-12,soft_exit_rule_vol_target_20pct,0.2,0.4085420233008729,0.48954572257725604,0.48954572257725604,0.510454277422744,0.05869690188931338,False
2022-10-19,soft_exit_rule_vol_target_20pct,0.2,0.45982976501441536,0.4349435708967864,0.4349435708967864,0.5650564291032136,0.05667654647413107,False
2022-10-26,soft_exit_rule_vol_target_20pct,0.2,0.5049469779211523,0.4,0.4,0.6,-0.00857915908995492,False
2022-11-02,soft_exit_rule_vol_target_20pct,0.2,0.5052960096889115,0.4,0.4,0.6,-0.03008546214350712,False
2022-11-09,soft_exit_rule_vol_target_20pct,0.2,0.5514277388037838,0.4,0.4,0.6,0.053257864056608,False
2022-11-16,soft_exit_rule_vol_target_20pct,0.2,0.5973149006756286,0.4,0.4,0.6,0.00556320627836936,False
2022-11-23,soft_exit_rule_vol_target_20pct,0.2,0.5985388242742558,0.4,0.4,0.6,0.010285322521333322,False
2022-12-01,soft_exit_rule_vol_target_20pct,0.2,0.5958832837471282,0.4,0.4,0.6,-0.01745579841293572,False
2022-12-08,soft_exit_rule_vol_target_20pct,0.2,0.6048451958123652,0.4,0.4,0.6,-0.01767040308429404,False
2022-12-15,soft_exit_rule_vol_target_20pct,0.2,0.5831176536370332,0.4,0.4,0.6,-0.0173599462507064,False
2022-12-22,soft_exit_rule_vol_target_20pct,0.2,0.5904048538251108,0.4,0.4,0.6,0.0129478313057534,False
2022-12-30,soft_exit_rule_vol_target_20pct,0.2,0.5541850764919695,0.4,0.4,0.6,0.01320888004708496,False
2023-01-09,soft_exit_rule_vol_target_20pct,0.2,0.5257807430505061,0.4,0.4,0.6,0.06426260239047704,False
2023-01-17,soft_exit_rule_vol_target_20pct,0.2,0.5671281897613581,0.4,0.4,0.6,0.0009005973009786801,False
2023-01-24,soft_exit_rule_vol_target_20pct,0.2,0.514906572838089,0.4,0.4,0.6,0.0073125372559706804,False
2023-01-31,soft_exit_rule_vol_target_20pct,0.2,0.5083978218336928,0.4,0.4,0.6,0.0523098233864598,False
2023-02-07,soft_exit_rule_vol_target_20pct,0.2,0.5111855074585048,0.4,0.4,0.6,0.00363088863717388,False
2023-02-14,soft_exit_rule_vol_target_20pct,0.2,0.46110202860744753,0.4337434832026451,0.4337434832026451,0.5662565167973549,-0.03164759576093494,False
2023-02-22,soft_exit_rule_vol_target_20pct,0.2,0.5041992537174755,0.4,0.4,0.6,0.00459000149186316,False
2023-03-01,soft_exit_rule_vol_target_20pct,0.2,0.5039504618806234,0.4,0.4,0.6,0.0039341509786936,False
2023-03-08,soft_exit_rule_vol_target_20pct,0.2,0.4858712328295251,0.41163169680838646,0.41163169680838646,0.5883683031916136,-0.009072184139216326,False
2023-03-15,soft_exit_rule_vol_target_20pct,0.2,0.47391770163920843,0.4220142005842592,0.4220142005842592,0.5779857994157408,0.023279314549116085,False
2023-03-22,soft_exit_rule_vol_target_20pct,0.2,0.45306710805871125,0.4414357088444451,0.4414357088444451,0.5585642911555548,0.00470158460343933,False
2023-03-29,soft_exit_rule_vol_target_20pct,0.2,0.4549377389415577,0.43962059613984333,0.43962059613984333,0.5603794038601566,0.005722627404407011,False
2023-04-05,soft_exit_rule_vol_target_20pct,0.2,0.45597851564875036,0.43861715659003575,0.43861715659003575,0.5613828434099642,0.004522267169572052,False
2023-04-13,soft_exit_rule_vol_target_20pct,0.2,0.3403279939119904,0.5876683774997377,0.5876683774997377,0.41233162250026234,-0.01998284567998371,False
2023-04-20,soft_exit_rule_vol_target_20pct,0.2,0.35468859147357873,0.5638749167800575,0.5638749167800575,0.4361250832199425,-0.023434935941863192,False
2023-04-27,soft_exit_rule_vol_target_20pct,0.2,0.37094455859467057,0.53916412942598,0.53916412942598,0.46083587057402,-0.025332273810532845,False
2023-05-04,soft_exit_rule_vol_target_20pct,0.2,0.2562476053265532,0.7804950986571243,0.68916412942598,0.31083587057401996,0.04126500736969902,False
2023-05-11,soft_exit_rule_vol_target_20pct,0.2,0.2918823228069887,0.6852076483311146,0.6852076483311146,0.3147923516688854,0.039032693458505366,False
2023-05-18,soft_exit_rule_vol_target_20pct,0.2,0.27113190298537954,0.7376483467929806,0.7376483467929806,0.26235165320701936,0.11581591698221609,False
2023-05-25,soft_exit_rule_vol_target_20pct,0.2,0.41464833626567826,0.48233643429321205,0.5876483467929806,0.4123516532070194,0.0043416637250034504,False
2023-06-02,soft_exit_rule_vol_target_20pct,0.2,0.4149367540889924,0.48200116771797363,0.48200116771797363,0.5179988322820264,0.011022952110906236,False
2023-06-09,soft_exit_rule_vol_target_20pct,0.2,0.4043952966414184,0.4945655937668883,0.4945655937668883,0.5054344062331118,0.015434389441498447,False
2023-06-16,soft_exit_rule_vol_target_20pct,0.2,0.39827267016223444,0.5021685266993866,0.5021685266993866,0.4978314733006134,-0.0073814368227806265,False
2023-06-26,soft_exit_rule_vol_target_20pct,0.2,0.4047208168182444,0.4941678107202916,0.4941678107202916,0.5058321892797084,0.02160416200781107,False
2023-07-03,soft_exit_rule_vol_target_20pct,0.2,0.4078175556985125,0.4904153762028188,0.4904153762028188,0.5095846237971813,-0.011050349803535782,False
2023-07-11,soft_exit_rule_vol_target_20pct,0.2,0.4175387038641546,0.4789975112464535,0.4789975112464535,0.5210024887535465,0.04483552376700082,False
2023-07-18,soft_exit_rule_vol_target_20pct,0.2,0.4264486530260396,0.4689896393875764,0.4689896393875764,0.5310103606124237,-0.017558588021019172,False
2023-07-25,soft_exit_rule_vol_target_20pct,0.2,0.4232932418401121,0.47248569131548945,0.47248569131548945,0.5275143086845105,-0.0016314860676084572,False
2023-08-01,soft_exit_rule_vol_target_20pct,0.2,0.39488502768250333,0.50647653362235,0.50647653362235,0.49352346637765,-0.009460529496234958,False
2023-08-08,soft_exit_rule_vol_target_20pct,0.2,0.40329198103058517,0.49591861333050474,0.49591861333050474,0.5040813866694953,-0.004821642625383889,False
2023-08-15,soft_exit_rule_vol_target_20pct,0.2,0.40323698551037784,0.4959862492446213,0.4959862492446213,0.5040137507553787,0.0034947466712362675,False
2023-08-22,soft_exit_rule_vol_target_20pct,0.2,0.2580028131318832,0.7751853461294086,0.6459862492446213,0.35401375075537866,0.007419116731460439,False
2023-08-29,soft_exit_rule_vol_target_20pct,0.2,0.2580773930619952,0.7749613308902115,0.7749613308902115,0.22503866910978854,-0.014812907962754612,False
2023-09-06,soft_exit_rule_vol_target_20pct,0.2,0.2618998977059989,0.7636505464561658,0.7636505464561658,0.2363494535438342,0.017276953293592513,False
2023-09-13,soft_exit_rule_vol_target_20pct,0.2,0.2584324635114458,0.7738965812673227,0.7738965812673227,0.22610341873267725,-0.03129435101784878,False
2023-09-20,soft_exit_rule_vol_target_20pct,0.2,0.27263930810352005,0.7335699367461013,0.7335699367461013,0.26643006325389873,0.010714278655421829,False
2023-09-27,soft_exit_rule_vol_target_20pct,0.2,0.25800495793416656,0.77517890199239,0.77517890199239,0.22482109800760997,-0.01826580896711784,False
2023-10-04,soft_exit_rule_vol_target_20pct,0.2,0.2584373597313142,0.7738819194250053,0.7738819194250053,0.22611808057499472,0.033014769336469386,False
2023-10-11,soft_exit_rule_vol_target_20pct,0.2,0.18087103471552687,1.0,0.9238819194250053,0.0761180805749947,-0.012306867869334673,False
2023-10-18,soft_exit_rule_vol_target_20pct,0.2,0.16645289150168457,1.0,1.0,0.0,-0.0849479080274383,False
2023-10-25,soft_exit_rule_vol_target_20pct,0.2,0.23943715959169182,0.8352922342591128,0.85,0.15000000000000002,-0.000780120569183275,False
2023-11-01,soft_exit_rule_vol_target_20pct,0.2,0.23899402234697195,0.8368410139967419,0.8368410139967419,0.16315898600325807,0.020657458592666312,False
2023-11-08,soft_exit_rule_vol_target_20pct,0.2,0.2482708289502389,0.8055718863374245,0.8055718863374245,0.1944281136625755,0.03839236092640576,False
2023-11-15,soft_exit_rule_vol_target_20pct,0.2,0.270971586964539,0.7380847646811518,0.7380847646811518,0.2619152353188482,0.023400873669604257,False
2023-11-22,soft_exit_rule_vol_target_20pct,0.2,0.27875349029558866,0.7174798055009862,0.7174798055009862,0.2825201944990138,0.021018073003522562,False
2023-11-30,soft_exit_rule_vol_target_20pct,0.2,0.2811620198752512,0.711333629231779,0.711333629231779,0.288666370768221,0.0014370891873172458,False
2023-12-07,soft_exit_rule_vol_target_20pct,0.2,0.2780123558911879,0.7193924865637218,0.7193924865637218,0.2806075134362782,0.012211014202450578,False
2023-12-14,soft_exit_rule_vol_target_20pct,0.2,0.26126958187027033,0.7654928620787824,0.7654928620787824,0.23450713792121758,0.010128420874201485,False
2023-12-21,soft_exit_rule_vol_target_20pct,0.2,0.2611013938357376,0.7659859530501882,0.7659859530501882,0.23401404694981176,0.010549011651917132,False
2023-12-29,soft_exit_rule_vol_target_20pct,0.2,0.2517256215663233,0.7945158651532225,0.7945158651532225,0.20548413484677752,-0.014407529545674817,False
2024-01-08,soft_exit_rule_vol_target_20pct,0.2,0.246443531686189,0.8115449353918193,0.8115449353918193,0.18845506460818073,-0.008845162057884924,False
2024-01-16,soft_exit_rule_vol_target_20pct,0.2,0.24563212088968023,0.8142257587305742,0.8142257587305742,0.18577424126942577,0.04937408400645125,False
2024-01-23,soft_exit_rule_vol_target_20pct,0.2,0.16658973946802397,1.0,0.9642257587305743,0.035774241269425744,0.05305235543341813,False
2024-01-30,soft_exit_rule_vol_target_20pct,0.2,0.1777155108144077,1.0,1.0,0.0,0.0061845377811795,False
2024-02-06,soft_exit_rule_vol_target_20pct,0.2,0.18063379833638063,1.0,1.0,0.0,0.0256595358917009,False
2024-02-13,soft_exit_rule_vol_target_20pct,0.2,0.17055882007594056,1.0,1.0,0.0,-0.0097845172467036,False
2024-02-21,soft_exit_rule_vol_target_20pct,0.2,0.17745806802318254,1.0,1.0,0.0,0.0138276842483296,False
2024-02-28,soft_exit_rule_vol_target_20pct,0.2,0.17459307901161358,1.0,1.0,0.0,0.0762882762272176,False
2024-03-06,soft_exit_rule_vol_target_20pct,0.2,0.21446586370041038,0.9325493416489914,0.9325493416489914,0.06745065835100861,0.0015421243644184069,False
2024-03-13,soft_exit_rule_vol_target_20pct,0.2,0.21792124389719092,0.9177627496213924,0.9177627496213924,0.08223725037860763,-0.0004533285386562234,False
2024-03-20,soft_exit_rule_vol_target_20pct,0.2,0.22148155305158582,0.9030097416438899,0.9030097416438899,0.09699025835611008,0.0044431138847061385,False
2024-03-27,soft_exit_rule_vol_target_20pct,0.2,0.22301111300703005,0.8968162945032042,0.8968162945032042,0.10318370549679579,-0.031736020909415644,False
2024-04-04,soft_exit_rule_vol_target_20pct,0.2,0.23830929624191532,0.839245481204282,0.839245481204282,0.160754518795718,0.04252663990688653,False
2024-04-11,soft_exit_rule_vol_target_20pct,0.2,0.2403660261948244,0.8320643443923875,0.8320643443923875,0.16793565560761248,-0.04810944612501771,False
2024-04-18,soft_exit_rule_vol_target_20pct,0.2,0.2719970498177835,0.7353020929233761,0.7353020929233761,0.2646979070766239,-0.016049208568474735,False
2024-04-25,soft_exit_rule_vol_target_20pct,0.2,0.2597904056557427,0.7698513711281046,0.7698513711281046,0.23014862887189536,0.01622176591080689,False
2024-05-02,soft_exit_rule_vol_target_20pct,0.2,0.26209509093627154,0.7630818237974173,0.7630818237974173,0.2369181762025827,0.03163284492392157,False
2024-05-09,soft_exit_rule_vol_target_20pct,0.2,0.26974915649791487,0.7414295658846518,0.7414295658846518,0.2585704341153482,-0.005065376709209328,False
2024-05-16,soft_exit_rule_vol_target_20pct,0.2,0.2689442538915588,0.7436485335010807,0.7436485335010807,0.25635146649891927,-0.03835779558653819,False
2024-05-23,soft_exit_rule_vol_target_20pct,0.2,0.2947530900671001,0.6785340230172661,0.6785340230172661,0.32146597698273394,0.022919161428864212,False
2024-05-31,soft_exit_rule_vol_target_20pct,0.2,0.2543887956785011,0.7861981478648213,0.7861981478648213,0.21380185213517866,0.020243152481684578,False
2024-06-07,soft_exit_rule_vol_target_20pct,0.2,0.260776549295418,0.7669401276317683,0.7669401276317683,0.23305987236823167,0.016045012505960243,False
2024-06-14,soft_exit_rule_vol_target_20pct,0.2,0.2642638946593073,0.7568192403197675,0.7568192403197675,0.24318075968023245,-0.0706619528016373,False
2024-06-24,soft_exit_rule_vol_target_20pct,0.2,0.3304614304984702,0.6052143504260654,0.6068192403197675,0.39318075968023247,0.02516060067637028,False
2024-07-01,soft_exit_rule_vol_target_20pct,0.2,0.3369428516634418,0.5935724678907024,0.5935724678907024,0.4064275321092976,0.09093670913094495,False
2024-07-09,soft_exit_rule_vol_target_20pct,0.2,0.45632374867606157,0.4382853195352264,0.44357246789070237,0.5564275321092976,-0.009933723312477348,False
2024-07-16,soft_exit_rule_vol_target_20pct,0.2,0.43735775739449306,0.4572915344899249,0.4572915344899249,0.5427084655100751,-0.03939966874149687,False
2024-07-23,soft_exit_rule_vol_target_20pct,0.2,0.4793769385988182,0.41720822153978576,0.41720822153978576,0.5827917784602142,-0.052209966274323866,False
2024-07-30,soft_exit_rule_vol_target_20pct,0.2,0.5499693635837178,0.4,0.4,0.6,-0.025023694727443282,False
2024-08-06,soft_exit_rule_vol_target_20pct,0.2,0.5503965277118396,0.4,0.4,0.6,0.029265410620903723,False
2024-08-13,soft_exit_rule_vol_target_20pct,0.2,0.58009739262875,0.4,0.4,0.6,0.00695188676007212,False
2024-08-20,soft_exit_rule_vol_target_20pct,0.2,0.5731595335998012,0.4,0.4,0.6,-0.006536754479759161,False
2024-08-27,soft_exit_rule_vol_target_20pct,0.2,0.567824021230925,0.4,0.4,0.6,-0.030669556690436126,False
2024-09-04,soft_exit_rule_vol_target_20pct,0.2,0.5805344149866557,0.4,0.4,0.6,-0.01582412434706136,False
2024-09-11,soft_exit_rule_vol_target_20pct,0.2,0.5766125209063531,0.4,0.4,0.6,-0.00687127337789468,False
2024-09-18,soft_exit_rule_vol_target_20pct,0.2,0.5518250135703244,0.4,0.4,0.6,0.05292308336999264,False
2024-09-25,soft_exit_rule_vol_target_20pct,0.2,0.6226387005821257,0.4,0.4,0.6,-0.01599580068792088,False
2024-10-02,soft_exit_rule_vol_target_20pct,0.2,0.5084209106905988,0.4,0.4,0.6,0.014169499431323042,False
2024-10-09,soft_exit_rule_vol_target_20pct,0.2,0.5222760585823358,0.4,0.4,0.6,0.0006251481318809201,False
2024-10-16,soft_exit_rule_vol_target_20pct,0.2,0.49876772143967196,0.4009882584677061,0.4009882584677061,0.599011741532294,-0.0022689080280975616,False
2024-10-23,soft_exit_rule_vol_target_20pct,0.2,0.42438452679275696,0.47127071646904695,0.47127071646904695,0.528729283530953,-0.0008071798480155296,False
2024-10-30,soft_exit_rule_vol_target_20pct,0.2,0.39999741952486684,0.5000032256147255,0.5000032256147255,0.49999677438527446,0.04132157908475623,False
2024-11-06,soft_exit_rule_vol_target_20pct,0.2,0.4080417441336808,0.49014592961468406,0.49014592961468406,0.5098540703853159,0.0397430409442009,False
2024-11-13,soft_exit_rule_vol_target_20pct,0.2,0.43704865593198716,0.4576149526727379,0.4576149526727379,0.5423850473272621,0.03594211081247843,False
2024-11-20,soft_exit_rule_vol_target_20pct,0.2,0.453048801263639,0.4414535463777017,0.4414535463777017,0.5585464536222984,0.009184871606186348,False
2024-11-27,soft_exit_rule_vol_target_20pct,0.2,0.39733838828084833,0.5033493009958937,0.5033493009958937,0.4966506990041063,0.01974838948888895,False
2024-12-05,soft_exit_rule_vol_target_20pct,0.2,0.36722271574170867,0.5446286175299484,0.5446286175299484,0.4553713824700516,0.07476811094126365,False
2024-12-12,soft_exit_rule_vol_target_20pct,0.2,0.40461353463419175,0.4942988379783652,0.4942988379783652,0.5057011620216347,-0.015064730408208125,False
2024-12-19,soft_exit_rule_vol_target_20pct,0.2,0.38323908258902345,0.5218674427693359,0.5218674427693359,0.47813255723066406,0.017676687998083026,False
2024-12-27,soft_exit_rule_vol_target_20pct,0.2,0.3453814675403961,0.5790698656308415,0.5790698656308415,0.4209301343691585,-0.0123394911491338,False
2025-01-06,soft_exit_rule_vol_target_20pct,0.2,0.3679875954362267,0.5434965810815233,0.5434965810815233,0.4565034189184767,-0.023172077584700974,False
2025-01-14,soft_exit_rule_vol_target_20pct,0.2,0.3972216934924291,0.5034971736854849,0.5034971736854849,0.49650282631451514,0.03007039806351704,False
2025-01-22,soft_exit_rule_vol_target_20pct,0.2,0.3919837963756389,0.5102251721863003,0.5102251721863003,0.48977482781369974,-0.06299469559386559,False
2025-01-29,soft_exit_rule_vol_target_20pct,0.2,0.5120096116440966,0.4,0.4,0.6,0.02211745976943584,False
2025-02-05,soft_exit_rule_vol_target_20pct,0.2,0.5007804227126613,0.4,0.4,0.6,0.0032196664056785597,False
2025-02-12,soft_exit_rule_vol_target_20pct,0.2,0.4841688245998255,0.4130790539132785,0.4130790539132785,0.5869209460867215,0.010715978312129743,False
2025-02-20,soft_exit_rule_vol_target_20pct,0.2,0.4649658139339669,0.43013915003308917,0.43013915003308917,0.5698608499669109,-0.052180560696055055,False
2025-02-27,soft_exit_rule_vol_target_20pct,0.2,0.5424021927584728,0.4,0.4,0.6,-0.038822616626821765,False
2025-03-06,soft_exit_rule_vol_target_20pct,0.2,0.5713283084497944,0.4,0.4,0.6,0.04170763904976228,False
2025-03-13,soft_exit_rule_vol_target_20pct,0.2,0.5339738754871257,0.4,0.4,0.6,0.0013370475285480801,False
2025-03-20,soft_exit_rule_vol_target_20pct,0.2,0.5332069362519806,0.4,0.4,0.6,-0.012737703221313122,False
2025-03-27,soft_exit_rule_vol_target_20pct,0.2,0.5253388241763532,0.4,0.4,0.6,-0.0305204163025318,False
2025-04-03,soft_exit_rule_vol_target_20pct,0.2,0.5407202238839341,0.4,0.4,0.6,-0.033871809761211645,False
2025-04-10,soft_exit_rule_vol_target_20pct,0.2,0.5560814829938395,0.4,0.4,0.6,-0.020044364756642962,False
2025-04-17,soft_exit_rule_vol_target_20pct,0.2,0.5246972973449838,0.4,0.4,0.6,0.037030849264267765,False
2025-04-25,soft_exit_rule_vol_target_20pct,0.2,0.5398631978047004,0.4,0.4,0.6,-0.00227458969941636,False
2025-05-02,soft_exit_rule_vol_target_20pct,0.2,0.5170581136936608,0.4,0.4,0.6,0.018024572430394122,False
2025-05-09,soft_exit_rule_vol_target_20pct,0.2,0.5319252029834188,0.4,0.4,0.6,0.0444279020979124,False
2025-05-16,soft_exit_rule_vol_target_20pct,0.2,0.5904093130563027,0.4,0.4,0.6,-0.009663697768516801,False
2025-05-23,soft_exit_rule_vol_target_20pct,0.2,0.5350831674765192,0.4,0.4,0.6,0.01945431733620664,False
2025-06-02,soft_exit_rule_vol_target_20pct,0.2,0.49600124252169864,0.40322479633959907,0.40322479633959907,0.5967752036604009,-0.023658813773993956,False
2025-06-09,soft_exit_rule_vol_target_20pct,0.2,0.4661623626279999,0.42903506596391844,0.42903506596391844,0.5709649340360816,0.01131029868965473,False
2025-06-16,soft_exit_rule_vol_target_20pct,0.2,0.47000149874337127,0.42553055795510003,0.42553055795510003,0.5744694420448999,0.029409444705836035,False
2025-06-24,soft_exit_rule_vol_target_20pct,0.2,0.4851167775098747,0.4122718678719145,0.4122718678719145,0.5877281321280855,-0.005363885993500387,False
2025-07-01,soft_exit_rule_vol_target_20pct,0.2,0.4497533486677265,0.4446881842957841,0.4446881842957841,0.5553118157042158,0.006083989832339878,False
2025-07-09,soft_exit_rule_vol_target_20pct,0.2,0.3913540309848597,0.511046224557062,0.511046224557062,0.48895377544293805,0.03182980589371564,False
2025-07-16,soft_exit_rule_vol_target_20pct,0.2,0.3633292529827697,0.5504648974947379,0.5504648974947379,0.4495351025052621,-0.003406250541512194,False
2025-07-23,soft_exit_rule_vol_target_20pct,0.2,0.3411091988789897,0.5863225051018077,0.5863225051018077,0.4136774948981923,0.05312009256871216,False
2025-07-30,soft_exit_rule_vol_target_20pct,0.2,0.361987540812443,0.5525052037733703,0.5525052037733703,0.4474947962266297,-0.02446967909483962,False
2025-08-06,soft_exit_rule_vol_target_20pct,0.2,0.3915594353788099,0.5107781397388935,0.5107781397388935,0.4892218602611065,0.048891583400752954,False
2025-08-13,soft_exit_rule_vol_target_20pct,0.2,0.37617968188872486,0.531660824943652,0.531660824943652,0.46833917505634803,-0.03982970522540592,False
2025-08-20,soft_exit_rule_vol_target_20pct,0.2,0.4180698690424809,0.4783889364188492,0.4783889364188492,0.5216110635811508,0.018248660955644286,False
2025-08-27,soft_exit_rule_vol_target_20pct,0.2,0.4149176952021162,0.4820233080263672,0.4820233080263672,0.5179766919736328,-0.019492308074593755,False
2025-09-04,soft_exit_rule_vol_target_20pct,0.2,0.4007312835094227,0.4990875637372026,0.4990875637372026,0.5009124362627975,0.02065974084483167,False
2025-09-11,soft_exit_rule_vol_target_20pct,0.2,0.4034205641278428,0.49576054813264453,0.49576054813264453,0.5042394518673554,0.022979804951352403,False
2025-09-18,soft_exit_rule_vol_target_20pct,0.2,0.3927516625938748,0.5092276342743587,0.5092276342743587,0.4907723657256413,0.00967789275707626,False
2025-09-25,soft_exit_rule_vol_target_20pct,0.2,0.3866012684897317,0.5173288768071181,0.5173288768071181,0.48267112319288186,0.022995868614109138,False
2025-10-02,soft_exit_rule_vol_target_20pct,0.2,0.3894868120779929,0.5134962052577815,0.5134962052577815,0.4865037947422185,0.00317078765066418,False
2025-10-09,soft_exit_rule_vol_target_20pct,0.2,0.379876419673269,0.526487009043677,0.526487009043677,0.47351299095632304,-0.005934544722789689,False
2025-10-16,soft_exit_rule_vol_target_20pct,0.2,0.381556248531988,0.5241691120758383,0.5241691120758383,0.4758308879241617,0.009871117062565268,False
2025-10-23,soft_exit_rule_vol_target_20pct,0.2,0.34389496100930994,0.581572929748702,0.581572929748702,0.418427070251298,0.03980359002248449,False
2025-10-30,soft_exit_rule_vol_target_20pct,0.2,0.3372731684033748,0.5929911381530426,0.5929911381530426,0.4070088618469574,-0.016637457950392336,False
2025-11-06,soft_exit_rule_vol_target_20pct,0.2,0.30433341215349086,0.6571739809466921,0.6571739809466921,0.3428260190533079,0.010327965491651872,False
2025-11-13,soft_exit_rule_vol_target_20pct,0.2,0.2339691338935018,0.8548136101193422,0.8071739809466921,0.19282601905330787,-0.03375983222169065,False
2025-11-20,soft_exit_rule_vol_target_20pct,0.2,0.25969010638590906,0.7701487083331263,0.7701487083331263,0.22985129166687368,-0.00783935782368621,False
2025-11-28,soft_exit_rule_vol_target_20pct,0.2,0.23767977542367916,0.8414683144305712,0.8414683144305712,0.15853168556942876,0.00295099807735279,False
2025-12-05,soft_exit_rule_vol_target_20pct,0.2,0.2300382025515901,0.8694208082900774,0.8694208082900774,0.1305791917099226,-0.04085381328235665,False
2025-12-12,soft_exit_rule_vol_target_20pct,0.2,0.24378995764290975,0.8203783368835443,0.8203783368835443,0.17962166311645567,0.0053387844229760605,False
2025-12-19,soft_exit_rule_vol_target_20pct,0.2,0.2413149347636941,0.8287924665576483,0.8287924665576483,0.17120753344235173,0.0018563333791381067,False
2025-12-29,soft_exit_rule_vol_target_20pct,0.2,0.22141407450602604,0.9032849444923465,0.9032849444923465,0.09671505550765347,0.028757773711297945,False
2026-01-06,soft_exit_rule_vol_target_20pct,0.2,0.23180576606583536,0.8627913075432206,0.8627913075432206,0.13720869245677936,0.06703715778703583,False
2026-01-13,soft_exit_rule_vol_target_20pct,0.2,0.27932533564952305,0.716010953803866,0.716010953803866,0.28398904619613397,0.05403532692611622,False
2026-01-21,soft_exit_rule_vol_target_20pct,0.2,0.3125897975431703,0.6398161474620072,0.6398161474620072,0.3601838525379928,0.006545986687484412,False
2026-01-28,soft_exit_rule_vol_target_20pct,0.2,0.2859260881580135,0.6994814684047735,0.6994814684047735,0.30051853159522646,-0.06147458281573155,False
2026-02-04,soft_exit_rule_vol_target_20pct,0.2,0.3432074142593583,0.5827379936753408,0.5827379936753408,0.41726200632465915,0.023275304251424992,False
2026-02-11,soft_exit_rule_vol_target_20pct,0.2,0.3510832203147456,0.5696655050067625,0.5696655050067625,0.4303344949932375,-0.03234588686702519,False
2026-02-19,soft_exit_rule_vol_target_20pct,0.2,0.36177653516189606,0.5528274516491221,0.5528274516491221,0.44717254835087794,-0.00493156679551038,False
2026-02-26,soft_exit_rule_vol_target_20pct,0.2,0.3615553433779602,0.553165659595647,0.553165659595647,0.446834340404353,-0.02504202405733147,False
2026-03-05,soft_exit_rule_vol_target_20pct,0.2,0.3758344801810467,0.5321491522109844,0.5321491522109844,0.46785084778901564,-0.020149525530146185,False
2026-03-12,soft_exit_rule_vol_target_20pct,0.2,0.3708902240786963,0.5392431156599145,0.5392431156599145,0.46075688434008555,0.03624871349157917,False
2026-03-19,soft_exit_rule_vol_target_20pct,0.2,0.39622035139797285,0.5047696295617976,0.5047696295617976,0.4952303704382024,-0.007390600860448993,False
2026-03-26,soft_exit_rule_vol_target_20pct,0.2,0.3984688095231304,0.5019213429511611,0.5019213429511611,0.4980786570488389,0.009204522533411228,False
2026-04-02,soft_exit_rule_vol_target_20pct,0.2,0.39501552465919904,0.5063092144860653,0.5063092144860653,0.49369078551393475,0.03253662453174506,False
2026-04-10,soft_exit_rule_vol_target_20pct,0.2,0.3838191921795533,0.5210786851597525,0.5210786851597525,0.47892131484024747,0.03957168118860955,False
2026-04-17,soft_exit_rule_vol_target_20pct,0.2,0.38425116204024906,0.5204928956832944,0.5204928956832944,0.4795071043167056,0.11823668804338763,False
2026-04-24,soft_exit_rule_vol_target_20pct,0.2,0.6075483241487123,0.4,0.4,0.6,0.04870609356987908,False
2026-05-01,soft_exit_rule_vol_target_20pct,0.2,0.5877108654836882,0.4,0.4,0.6,0.10329757469901568,False
2026-05-08,soft_exit_rule_vol_target_20pct,0.2,0.7466453096377781,0.4,0.4,0.6,-0.0395167791246514,False
2026-05-15,soft_exit_rule_vol_target_20pct,0.2,0.7810373945864376,0.4,0.4,0.6,0.04082646565328432,False
2022-01-03,soft_exit_rule_vol_target_22pct,0.22,,,1.0,0.0,-0.0908153547360555,False
2022-01-10,soft_exit_rule_vol_target_22pct,0.22,,,1.0,0.0,-0.0559141439886667,False
2022-01-18,soft_exit_rule_vol_target_22pct,0.22,,,1.0,0.0,-0.0845256749376999,False
2022-01-25,soft_exit_rule_vol_target_22pct,0.22,,,1.0,0.0,0.1175047532534843,False
2022-02-01,soft_exit_rule_vol_target_22pct,0.22,0.7113194694545301,0.4,0.85,0.15000000000000002,-0.021939162618289394,False
2022-02-08,soft_exit_rule_vol_target_22pct,0.22,0.6160791745909987,0.4,0.7,0.30000000000000004,0.022052673099597627,False
2022-02-15,soft_exit_rule_vol_target_22pct,0.22,0.5782244921058661,0.4,0.5499999999999999,0.45000000000000007,-0.0023261936558728446,False
2022-02-23,soft_exit_rule_vol_target_22pct,0.22,0.5291834317655191,0.4157348601523902,0.4157348601523902,0.5842651398476097,0.03360154664460283,False
2022-03-02,soft_exit_rule_vol_target_22pct,0.22,0.5488428407988803,0.4008433446626982,0.4008433446626982,0.5991566553373018,0.0025439796103552533,False
2022-03-09,soft_exit_rule_vol_target_22pct,0.22,0.5139917442247783,0.428022439021491,0.428022439021491,0.5719775609785089,-0.03587569170886827,False
2022-03-16,soft_exit_rule_vol_target_22pct,0.22,0.5187391007899409,0.42410529621727355,0.42410529621727355,0.5758947037827264,0.08473144183158497,False
2022-03-23,soft_exit_rule_vol_target_22pct,0.22,0.672852736464381,0.4,0.4,0.6,0.005596770075938401,False
2022-03-30,soft_exit_rule_vol_target_22pct,0.22,0.6416512600450237,0.4,0.4,0.6,-0.03252979972377504,False
2022-04-06,soft_exit_rule_vol_target_22pct,0.22,0.6349364562447433,0.4,0.4,0.6,-0.0199843966436462,False
2022-04-13,soft_exit_rule_vol_target_22pct,0.22,0.6321411042739413,0.4,0.4,0.6,-0.01434336132484756,False
2022-04-21,soft_exit_rule_vol_target_22pct,0.22,0.6051832368176251,0.4,0.4,0.6,-0.03614260235381548,False
2022-04-28,soft_exit_rule_vol_target_22pct,0.22,0.5917474250123703,0.4,0.4,0.6,-0.00832709349089252,False
2022-05-05,soft_exit_rule_vol_target_22pct,0.22,0.5909351483892822,0.4,0.4,0.6,-0.0268799574793066,False
2022-05-12,soft_exit_rule_vol_target_22pct,0.22,0.5995165832295336,0.4,0.4,0.6,0.013146493553779802,False
2022-05-19,soft_exit_rule_vol_target_22pct,0.22,0.6064687866031345,0.4,0.4,0.6,0.010891443477811721,False
2022-05-26,soft_exit_rule_vol_target_22pct,0.22,0.5789223237682505,0.4,0.4,0.6,0.0075741109170788,False
2022-06-03,soft_exit_rule_vol_target_22pct,0.22,0.5814483206559532,0.4,0.4,0.6,-0.029458315676225602,False
2022-06-10,soft_exit_rule_vol_target_22pct,0.22,0.575796594645581,0.4,0.4,0.6,-0.05320074856333104,False
2022-06-17,soft_exit_rule_vol_target_22pct,0.22,0.38612254887504616,0.5697672944534369,0.55,0.44999999999999996,0.04444096701629805,False
2022-06-27,soft_exit_rule_vol_target_22pct,0.22,0.4490200170971339,0.4899558853128115,0.4899558853128115,0.5100441146871886,-0.01673372521390876,False
2022-07-05,soft_exit_rule_vol_target_22pct,0.22,0.4353523782924693,0.5053377699758521,0.5053377699758521,0.4946622300241479,-0.009558606986640029,False
2022-07-12,soft_exit_rule_vol_target_22pct,0.22,0.4329888685883198,0.5080962028360436,0.5080962028360436,0.4919037971639564,0.045681998484355855,False
2022-07-19,soft_exit_rule_vol_target_22pct,0.22,0.49467567880301594,0.4447358328437365,0.4447358328437365,0.5552641671562635,0.008298609784197079,False
2022-07-26,soft_exit_rule_vol_target_22pct,0.22,0.46814916566076986,0.4699356874629493,0.4699356874629493,0.5300643125370508,0.02799510281485478,False
2022-08-02,soft_exit_rule_vol_target_22pct,0.22,0.4862400619762259,0.45245140662793976,0.45245140662793976,0.5475485933720603,-0.00939328885345487,False
2022-08-09,soft_exit_rule_vol_target_22pct,0.22,0.4649320759993461,0.47318739952953776,0.47318739952953776,0.5268126004704623,0.022086432247358883,False
2022-08-16,soft_exit_rule_vol_target_22pct,0.22,0.46987063357974257,0.4682139812056661,0.4682139812056661,0.531786018794334,0.009625129810067702,False
2022-08-23,soft_exit_rule_vol_target_22pct,0.22,0.46858501892911386,0.46949857787340177,0.46949857787340177,0.5305014221265982,0.014413683559201534,False
2022-08-30,soft_exit_rule_vol_target_22pct,0.22,0.4709342382385792,0.4671565202455001,0.4671565202455001,0.5328434797544999,0.02601306803960315,False
2022-09-07,soft_exit_rule_vol_target_22pct,0.22,0.444251314775533,0.4952151916785198,0.4952151916785198,0.5047848083214802,0.03509853312760694,False
2022-09-14,soft_exit_rule_vol_target_22pct,0.22,0.29882885640569673,0.7362073484005276,0.6452151916785198,0.3547848083214802,-0.05014872037182547,False
2022-09-21,soft_exit_rule_vol_target_22pct,0.22,0.35655586893050834,0.6170141040165499,0.6170141040165499,0.3829858959834501,-0.01689410927812723,False
2022-09-28,soft_exit_rule_vol_target_22pct,0.22,0.35191769830433695,0.6251461664475452,0.6251461664475452,0.37485383355245483,0.06980661404901743,False
2022-10-05,soft_exit_rule_vol_target_22pct,0.22,0.38596437947266843,0.5700007868616772,0.5700007868616772,0.4299992131383228,-0.03660319897129658,False
2022-10-12,soft_exit_rule_vol_target_22pct,0.22,0.4085420233008729,0.5385002948349816,0.5385002948349816,0.46149970516501837,0.06456659207824472,False
2022-10-19,soft_exit_rule_vol_target_22pct,0.22,0.45982976501441536,0.47843792798646506,0.47843792798646506,0.521562072013535,0.06234420112154417,False
2022-10-26,soft_exit_rule_vol_target_22pct,0.22,0.5049469779211523,0.4356893092136757,0.4356893092136757,0.5643106907863242,-0.009344619743841714,False
2022-11-02,soft_exit_rule_vol_target_22pct,0.22,0.5052960096889115,0.4353883580743974,0.4353883580743974,0.5646116419256026,-0.03274714991142751,False
2022-11-09,soft_exit_rule_vol_target_22pct,0.22,0.5514277388037838,0.4,0.4,0.6,0.053257864056608,False
2022-11-16,soft_exit_rule_vol_target_22pct,0.22,0.5973149006756286,0.4,0.4,0.6,0.00556320627836936,False
2022-11-23,soft_exit_rule_vol_target_22pct,0.22,0.5985388242742558,0.4,0.4,0.6,0.010285322521333322,False
2022-12-01,soft_exit_rule_vol_target_22pct,0.22,0.5958832837471282,0.4,0.4,0.6,-0.01745579841293572,False
2022-12-08,soft_exit_rule_vol_target_22pct,0.22,0.6048451958123652,0.4,0.4,0.6,-0.01767040308429404,False
2022-12-15,soft_exit_rule_vol_target_22pct,0.22,0.5831176536370332,0.4,0.4,0.6,-0.0173599462507064,False
2022-12-22,soft_exit_rule_vol_target_22pct,0.22,0.5904048538251108,0.4,0.4,0.6,0.0129478313057534,False
2022-12-30,soft_exit_rule_vol_target_22pct,0.22,0.5541850764919695,0.4,0.4,0.6,0.01320888004708496,False
2023-01-09,soft_exit_rule_vol_target_22pct,0.22,0.5257807430505061,0.4184253662916425,0.4184253662916425,0.5815746337083575,0.06722275736022384,False
2023-01-17,soft_exit_rule_vol_target_22pct,0.22,0.5671281897613581,0.4,0.4,0.6,0.0009005973009786801,False
2023-01-24,soft_exit_rule_vol_target_22pct,0.22,0.514906572838089,0.42726197645408265,0.42726197645408265,0.5727380235459174,0.007810922802200367,False
2023-01-31,soft_exit_rule_vol_target_22pct,0.22,0.5083978218336928,0.43273198773059746,0.43273198773059746,0.5672680122694025,0.056590334629648104,False
2023-02-07,soft_exit_rule_vol_target_22pct,0.22,0.5111855074585048,0.4303721384704131,0.4303721384704131,0.5696278615295869,0.003906583268321116,False
2023-02-14,soft_exit_rule_vol_target_22pct,0.22,0.46110202860744753,0.4771178315229096,0.4771178315229096,0.5228821684770903,-0.034812355337028436,False
2023-02-22,soft_exit_rule_vol_target_22pct,0.22,0.5041992537174755,0.43633543361663807,0.43633543361663807,0.5636645663833619,0.005006950728132818,False
2023-03-01,soft_exit_rule_vol_target_22pct,0.22,0.5039504618806234,0.4365508450553101,0.4365508450553101,0.5634491549446898,0.004293642335809666,False
2023-03-08,soft_exit_rule_vol_target_22pct,0.22,0.4858712328295251,0.45279486648922507,0.45279486648922507,0.5472051335107749,-0.009979402553137957,False
2023-03-15,soft_exit_rule_vol_target_22pct,0.22,0.47391770163920843,0.46421562064268507,0.46421562064268507,0.5357843793573149,0.02560724600402769,False
2023-03-22,soft_exit_rule_vol_target_22pct,0.22,0.45306710805871125,0.4855792797288896,0.4855792797288896,0.5144207202711104,0.005171743063783263,False
2023-03-29,soft_exit_rule_vol_target_22pct,0.22,0.4549377389415577,0.48358265575382764,0.48358265575382764,0.5164173442461724,0.006294890144847711,False
2023-04-05,soft_exit_rule_vol_target_22pct,0.22,0.45597851564875036,0.4824788722490393,0.4824788722490393,0.5175211277509607,0.004974493886529257,False
2023-04-13,soft_exit_rule_vol_target_22pct,0.22,0.3403279939119904,0.6464352152497114,0.6324788722490393,0.3675211277509607,-0.02150656421870909,False
2023-04-20,soft_exit_rule_vol_target_22pct,0.22,0.35468859147357873,0.6202624084580632,0.6202624084580632,0.37973759154193676,-0.02577842953604951,False
2023-04-27,soft_exit_rule_vol_target_22pct,0.22,0.37094455859467057,0.5930805423685781,0.5930805423685781,0.4069194576314219,-0.027865501191586133,False
2023-05-04,soft_exit_rule_vol_target_22pct,0.22,0.2562476053265532,0.8585446085228368,0.7430805423685781,0.2569194576314219,0.044493354700076156,False
2023-05-11,soft_exit_rule_vol_target_22pct,0.22,0.2918823228069887,0.753728413164226,0.753728413164226,0.246271586835774,0.042935962804355896,False
2023-05-18,soft_exit_rule_vol_target_22pct,0.22,0.27113190298537954,0.8114131814722786,0.8114131814722786,0.1885868185277214,0.12739750868043767,False
2023-05-25,soft_exit_rule_vol_target_22pct,0.22,0.41464833626567826,0.5305700777225332,0.6614131814722786,0.33858681852772143,0.004886653102844426,False
2023-06-02,soft_exit_rule_vol_target_22pct,0.22,0.4149367540889924,0.530201284489771,0.530201284489771,0.469798715510229,0.01212524732199686,False
2023-06-09,soft_exit_rule_vol_target_22pct,0.22,0.4043952966414184,0.5440221531435772,0.5440221531435772,0.45597784685642284,0.01697782838564829,False
2023-06-16,soft_exit_rule_vol_target_22pct,0.22,0.39827267016223444,0.5523853793693252,0.5523853793693252,0.4476146206306748,-0.008119580505058689,False
2023-06-26,soft_exit_rule_vol_target_22pct,0.22,0.4047208168182444,0.5435845917923208,0.5435845917923208,0.45641540820767923,0.02376457820859218,False
2023-07-03,soft_exit_rule_vol_target_22pct,0.22,0.4078175556985125,0.5394569138231006,0.5394569138231006,0.46054308617689943,-0.012155384783889358,False
2023-07-11,soft_exit_rule_vol_target_22pct,0.22,0.4175387038641546,0.5268972623710988,0.5268972623710988,0.4731027376289012,0.049319076143700895,False
2023-07-18,soft_exit_rule_vol_target_22pct,0.22,0.4264486530260396,0.515888603326334,0.515888603326334,0.484111396673666,-0.019314446823121088,False
2023-07-25,soft_exit_rule_vol_target_22pct,0.22,0.4232932418401121,0.5197342604470383,0.5197342604470383,0.4802657395529617,-0.0017946346743693026,False
2023-08-01,soft_exit_rule_vol_target_22pct,0.22,0.39488502768250333,0.557124186984585,0.557124186984585,0.442875813015415,-0.010406582445858454,False
2023-08-08,soft_exit_rule_vol_target_22pct,0.22,0.40329198103058517,0.5455104746635552,0.5455104746635552,0.4544895253364448,-0.005303806887922278,False
2023-08-15,soft_exit_rule_vol_target_22pct,0.22,0.40323698551037784,0.5455848741690834,0.5455848741690834,0.4544151258309166,0.003844221338359894,False
2023-08-22,soft_exit_rule_vol_target_22pct,0.22,0.2580028131318832,0.8527038807423494,0.6955848741690834,0.30441512583091657,0.007988754225238053,False
2023-08-29,soft_exit_rule_vol_target_22pct,0.22,0.2580773930619952,0.8524574639792326,0.8455848741690835,0.15441512583091654,-0.0161628334427677,False
2023-09-06,soft_exit_rule_vol_target_22pct,0.22,0.2618998977059989,0.8400156011017824,0.8400156011017824,0.15998439889821758,0.019004648622951762,False
2023-09-13,soft_exit_rule_vol_target_22pct,0.22,0.2584324635114458,0.851286239394055,0.851286239394055,0.148713760605945,-0.03442378611963366,False
2023-09-20,soft_exit_rule_vol_target_22pct,0.22,0.27263930810352005,0.8069269304207113,0.8069269304207113,0.19307306957928871,0.01178570652096401,False
2023-09-27,soft_exit_rule_vol_target_22pct,0.22,0.25800495793416656,0.852696792191629,0.852696792191629,0.14730320780837103,-0.02009238986382962,False
2023-10-04,soft_exit_rule_vol_target_22pct,0.22,0.2584373597313142,0.8512701113675057,0.8512701113675057,0.14872988863249426,0.03631624627011632,False
2023-10-11,soft_exit_rule_vol_target_22pct,0.22,0.18087103471552687,1.0,1.0,0.0,-0.0133208233764268,False
2023-10-18,soft_exit_rule_vol_target_22pct,0.22,0.16645289150168457,1.0,1.0,0.0,-0.0849479080274383,False
2023-10-25,soft_exit_rule_vol_target_22pct,0.22,0.23943715959169182,0.918821457685024,0.918821457685024,0.08117854231497601,-0.0008432841394671145,False
2023-11-01,soft_exit_rule_vol_target_22pct,0.22,0.23899402234697195,0.9205251153964161,0.9205251153964161,0.07947488460358387,0.022723204451932943,False
2023-11-08,soft_exit_rule_vol_target_22pct,0.22,0.2482708289502389,0.886129074971167,0.886129074971167,0.113870925028833,0.04223159701904634,False
2023-11-15,soft_exit_rule_vol_target_22pct,0.22,0.270971586964539,0.8118932411492669,0.8118932411492669,0.18810675885073314,0.025740961036564678,False
2023-11-22,soft_exit_rule_vol_target_22pct,0.22,0.27875349029558866,0.7892277860510849,0.7892277860510849,0.2107722139489151,0.02311988030387482,False
2023-11-30,soft_exit_rule_vol_target_22pct,0.22,0.2811620198752512,0.7824669921549569,0.7824669921549569,0.21753300784504315,0.0015807981060489702,False
2023-12-07,soft_exit_rule_vol_target_22pct,0.22,0.2780123558911879,0.7913317352200939,0.7913317352200939,0.20866826477990608,0.013432115622695636,False
2023-12-14,soft_exit_rule_vol_target_22pct,0.22,0.26126958187027033,0.8420421482866607,0.8420421482866607,0.15795785171333931,0.011141262961621634,False
2023-12-21,soft_exit_rule_vol_target_22pct,0.22,0.2611013938357376,0.842584548355207,0.842584548355207,0.15741545164479298,0.011603912817108845,False
2023-12-29,soft_exit_rule_vol_target_22pct,0.22,0.2517256215663233,0.8739674516685446,0.8739674516685446,0.12603254833145539,-0.015848282500242297,False
2024-01-08,soft_exit_rule_vol_target_22pct,0.22,0.246443531686189,0.8926994289310012,0.8926994289310012,0.10730057106899882,-0.009729678263673417,False
2024-01-16,soft_exit_rule_vol_target_22pct,0.22,0.24563212088968023,0.8956483346036316,0.8956483346036316,0.10435166539636842,0.054311492407096366,False
2024-01-23,soft_exit_rule_vol_target_22pct,0.22,0.16658973946802397,1.0,1.0,0.0,0.0550206784594334,False
2024-01-30,soft_exit_rule_vol_target_22pct,0.22,0.1777155108144077,1.0,1.0,0.0,0.0061845377811795,False
2024-02-06,soft_exit_rule_vol_target_22pct,0.22,0.18063379833638063,1.0,1.0,0.0,0.0256595358917009,False
2024-02-13,soft_exit_rule_vol_target_22pct,0.22,0.17055882007594056,1.0,1.0,0.0,-0.0097845172467036,False
2024-02-21,soft_exit_rule_vol_target_22pct,0.22,0.17745806802318254,1.0,1.0,0.0,0.0138276842483296,False
2024-02-28,soft_exit_rule_vol_target_22pct,0.22,0.17459307901161358,1.0,1.0,0.0,0.0762882762272176,False
2024-03-06,soft_exit_rule_vol_target_22pct,0.22,0.21446586370041038,1.0,1.0,0.0,0.0016536651687422,False
2024-03-13,soft_exit_rule_vol_target_22pct,0.22,0.21792124389719092,1.0,1.0,0.0,-0.0004939495951903,False
2024-03-20,soft_exit_rule_vol_target_22pct,0.22,0.22148155305158582,0.9933107158082789,0.9933107158082789,0.006689284191721101,0.004887425273176752,False
2024-03-27,soft_exit_rule_vol_target_22pct,0.22,0.22301111300703005,0.9864979239535245,0.9864979239535245,0.013502076046475464,-0.0349096230003572,False
2024-04-04,soft_exit_rule_vol_target_22pct,0.22,0.23830929624191532,0.9231700293247102,0.9231700293247102,0.07682997067528985,0.04677930389757518,False
2024-04-11,soft_exit_rule_vol_target_22pct,0.22,0.2403660261948244,0.9152707788316262,0.9152707788316262,0.08472922116837378,-0.05292039073751948,False
2024-04-18,soft_exit_rule_vol_target_22pct,0.22,0.2719970498177835,0.8088323022157137,0.8088323022157137,0.19116769778428633,-0.017654129425322206,False
2024-04-25,soft_exit_rule_vol_target_22pct,0.22,0.2597904056557427,0.846836508240915,0.846836508240915,0.15316349175908495,0.017843942501887578,False
2024-05-02,soft_exit_rule_vol_target_22pct,0.22,0.26209509093627154,0.839390006177159,0.839390006177159,0.16060999382284102,0.03479612941631373,False
2024-05-09,soft_exit_rule_vol_target_22pct,0.22,0.26974915649791487,0.815572522473117,0.815572522473117,0.18442747752688304,-0.005571914380130261,False
2024-05-16,soft_exit_rule_vol_target_22pct,0.22,0.2689442538915588,0.8180133868511887,0.8180133868511887,0.18198661314881126,-0.04219357514519201,False
2024-05-23,soft_exit_rule_vol_target_22pct,0.22,0.2947530900671001,0.7463874253189927,0.7463874253189927,0.2536125746810073,0.02521107757175063,False
2024-05-31,soft_exit_rule_vol_target_22pct,0.22,0.2543887956785011,0.8648179626513034,0.8648179626513034,0.1351820373486966,0.022267467729853035,False
2024-06-07,soft_exit_rule_vol_target_22pct,0.22,0.260776549295418,0.8436341403949452,0.8436341403949452,0.15636585960505478,0.01764951375655627,False
2024-06-14,soft_exit_rule_vol_target_22pct,0.22,0.2642638946593073,0.8325011643517443,0.8325011643517443,0.16749883564825574,-0.07772814808180102,False
2024-06-24,soft_exit_rule_vol_target_22pct,0.22,0.3304614304984702,0.665735785468672,0.6825011643517442,0.31749883564825576,0.02829860709156655,False
2024-07-01,soft_exit_rule_vol_target_22pct,0.22,0.3369428516634418,0.6529297146797727,0.6529297146797727,0.3470702853202273,0.10003038004403945,False
2024-07-09,soft_exit_rule_vol_target_22pct,0.22,0.45632374867606157,0.4821138514887491,0.5029297146797727,0.49707028532022735,-0.011263017867202388,False
2024-07-16,soft_exit_rule_vol_target_22pct,0.22,0.43735775739449306,0.5030206879389173,0.5030206879389173,0.4969793120610827,-0.043339635615646556,False
2024-07-23,soft_exit_rule_vol_target_22pct,0.22,0.4793769385988182,0.4589290436937643,0.4589290436937643,0.5410709563062357,-0.057430962901756255,False
2024-07-30,soft_exit_rule_vol_target_22pct,0.22,0.5499693635837178,0.4000222822712033,0.4000222822712033,0.5999777177287967,-0.02502508868932434,False
2024-08-06,soft_exit_rule_vol_target_22pct,0.22,0.5503965277118396,0.4,0.4,0.6,0.029265410620903723,False
2024-08-13,soft_exit_rule_vol_target_22pct,0.22,0.58009739262875,0.4,0.4,0.6,0.00695188676007212,False
2024-08-20,soft_exit_rule_vol_target_22pct,0.22,0.5731595335998012,0.4,0.4,0.6,-0.006536754479759161,False
2024-08-27,soft_exit_rule_vol_target_22pct,0.22,0.567824021230925,0.4,0.4,0.6,-0.030669556690436126,False
2024-09-04,soft_exit_rule_vol_target_22pct,0.22,0.5805344149866557,0.4,0.4,0.6,-0.01582412434706136,False
2024-09-11,soft_exit_rule_vol_target_22pct,0.22,0.5766125209063531,0.4,0.4,0.6,-0.00687127337789468,False
2024-09-18,soft_exit_rule_vol_target_22pct,0.22,0.5518250135703244,0.4,0.4,0.6,0.05292308336999264,False
2024-09-25,soft_exit_rule_vol_target_22pct,0.22,0.6226387005821257,0.4,0.4,0.6,-0.01599580068792088,False
2024-10-02,soft_exit_rule_vol_target_22pct,0.22,0.5084209106905988,0.43271233612553306,0.43271233612553306,0.5672876638744669,0.015328293001643012,False
2024-10-09,soft_exit_rule_vol_target_22pct,0.22,0.5222760585823358,0.4212331704370428,0.4212331704370428,0.5787668295629572,0.0006583328239624862,False
2024-10-16,soft_exit_rule_vol_target_22pct,0.22,0.49876772143967196,0.4410870843144767,0.4410870843144767,0.5589129156855233,-0.002495798830907318,False
2024-10-23,soft_exit_rule_vol_target_22pct,0.22,0.42438452679275696,0.5183977881159516,0.5183977881159516,0.4816022118840484,-0.0008878978328170826,False
2024-10-30,soft_exit_rule_vol_target_22pct,0.22,0.39999741952486684,0.550003548176198,0.550003548176198,0.449996451823802,0.045453736993231846,False
2024-11-06,soft_exit_rule_vol_target_22pct,0.22,0.4080417441336808,0.5391605225761524,0.5391605225761524,0.46083947742384757,0.043717345038620986,False
2024-11-13,soft_exit_rule_vol_target_22pct,0.22,0.43704865593198716,0.5033764479400117,0.5033764479400117,0.4966235520599883,0.03953632189372627,False
2024-11-20,soft_exit_rule_vol_target_22pct,0.22,0.453048801263639,0.4855989010154718,0.4855989010154718,0.5144010989845282,0.010103358766804984,False
2024-11-27,soft_exit_rule_vol_target_22pct,0.22,0.39733838828084833,0.553684231095483,0.553684231095483,0.44631576890451696,0.02172322843777784,False
2024-12-05,soft_exit_rule_vol_target_22pct,0.22,0.36722271574170867,0.5990914792829432,0.5990914792829432,0.40090852071705685,0.08224492203539001,False
2024-12-12,soft_exit_rule_vol_target_22pct,0.22,0.40461353463419175,0.5437287217762017,0.5437287217762017,0.4562712782237983,-0.016571203449028935,False
2024-12-19,soft_exit_rule_vol_target_22pct,0.22,0.38323908258902345,0.5740541870462695,0.5740541870462695,0.42594581295373046,0.01944435679789133,False
2024-12-27,soft_exit_rule_vol_target_22pct,0.22,0.3453814675403961,0.6369768521939255,0.6369768521939255,0.3630231478060745,-0.013573440264047177,False
2025-01-06,soft_exit_rule_vol_target_22pct,0.22,0.3679875954362267,0.5978462391896756,0.5978462391896756,0.4021537608103244,-0.02548928534317107,False
2025-01-14,soft_exit_rule_vol_target_22pct,0.22,0.3972216934924291,0.5538468910540334,0.5538468910540334,0.4461531089459666,0.03307743786986875,False
2025-01-22,soft_exit_rule_vol_target_22pct,0.22,0.3919837963756389,0.5612476894049302,0.5612476894049302,0.4387523105950698,-0.06929416515325212,False
2025-01-29,soft_exit_rule_vol_target_22pct,0.22,0.5120096116440966,0.42967943373868606,0.42967943373868606,0.570320566261314,0.023758543973673406,False
2025-02-05,soft_exit_rule_vol_target_22pct,0.22,0.5007804227126613,0.43931429828723956,0.43931429828723956,0.5606857017127604,0.003536113719324188,False
2025-02-12,soft_exit_rule_vol_target_22pct,0.22,0.4841688245998255,0.4543869593046063,0.4543869593046063,0.5456130406953936,0.011787576143342717,False
2025-02-20,soft_exit_rule_vol_target_22pct,0.22,0.4649658139339669,0.47315306503639804,0.47315306503639804,0.526846934963602,-0.057398616765660555,False
2025-02-27,soft_exit_rule_vol_target_22pct,0.22,0.5424021927584728,0.40560308003394113,0.40560308003394113,0.5943969199660588,-0.0393664321970395,False
2025-03-06,soft_exit_rule_vol_target_22pct,0.22,0.5713283084497944,0.4,0.4,0.6,0.04170763904976228,False
2025-03-13,soft_exit_rule_vol_target_22pct,0.22,0.5339738754871257,0.41200517497096967,0.41200517497096967,0.5879948250290303,0.0013771762523598857,False
2025-03-20,soft_exit_rule_vol_target_22pct,0.22,0.5332069362519806,0.4125977834167434,0.4125977834167434,0.5874022165832566,-0.013138870287335265,False
2025-03-27,soft_exit_rule_vol_target_22pct,0.22,0.5253388241763532,0.41877734878042683,0.41877734878042683,0.5812226512195732,-0.03195314755712296,False
2025-04-03,soft_exit_rule_vol_target_22pct,0.22,0.5407202238839341,0.4068647523848176,0.4068647523848176,0.5931352476151823,-0.03445311372830256,False
2025-04-10,soft_exit_rule_vol_target_22pct,0.22,0.5560814829938395,0.4,0.4,0.6,-0.020044364756642962,False
2025-04-17,soft_exit_rule_vol_target_22pct,0.22,0.5246972973449838,0.4192893714399141,0.4192893714399141,0.5807106285600858,0.038816603779752594,False
2025-04-25,soft_exit_rule_vol_target_22pct,0.22,0.5398631978047004,0.40751064509417934,0.40751064509417934,0.5924893549058207,-0.0023172987893343407,False
2025-05-02,soft_exit_rule_vol_target_22pct,0.22,0.5170581136936608,0.42548408810067034,0.42548408810067034,0.5745159118993297,0.019172921909876815,False
2025-05-09,soft_exit_rule_vol_target_22pct,0.22,0.5319252029834188,0.41359198392195345,0.41359198392195345,0.5864080160780465,0.04593756042541477,False
2025-05-16,soft_exit_rule_vol_target_22pct,0.22,0.5904093130563027,0.4,0.4,0.6,-0.009663697768516801,False
2025-05-23,soft_exit_rule_vol_target_22pct,0.22,0.5350831674765192,0.4111510385152494,0.4111510385152494,0.5888489614847505,0.019996656940966452,False
2025-06-02,soft_exit_rule_vol_target_22pct,0.22,0.49600124252169864,0.4435472759735589,0.4435472759735589,0.5564527240264411,-0.02602469515139335,False
2025-06-09,soft_exit_rule_vol_target_22pct,0.22,0.4661623626279999,0.47193857256031024,0.47193857256031024,0.5280614274396898,0.012441328558620202,False
2025-06-16,soft_exit_rule_vol_target_22pct,0.22,0.47000149874337127,0.46808361375061,0.46808361375061,0.5319163862493901,0.032350389176419636,False
2025-06-24,soft_exit_rule_vol_target_22pct,0.22,0.4851167775098747,0.45349905465910595,0.45349905465910595,0.546500945340894,-0.005900274592850425,False
2025-07-01,soft_exit_rule_vol_target_22pct,0.22,0.4497533486677265,0.4891570027253625,0.4891570027253625,0.5108429972746376,0.006692388815573866,False
2025-07-09,soft_exit_rule_vol_target_22pct,0.22,0.3913540309848597,0.5621508470127682,0.5621508470127682,0.4378491529872318,0.035012786483087206,False
2025-07-16,soft_exit_rule_vol_target_22pct,0.22,0.3633292529827697,0.6055113872442116,0.6055113872442116,0.3944886127557884,-0.003746875595663413,False
2025-07-23,soft_exit_rule_vol_target_22pct,0.22,0.3411091988789897,0.6449547556119886,0.6449547556119886,0.35504524438801144,0.05843210182558339,False
2025-07-30,soft_exit_rule_vol_target_22pct,0.22,0.361987540812443,0.6077557241507073,0.6077557241507073,0.39224427584929267,-0.02691664700432358,False
2025-08-06,soft_exit_rule_vol_target_22pct,0.22,0.3915594353788099,0.5618559537127829,0.5618559537127829,0.43814404628721715,0.053780741740828246,False
2025-08-13,soft_exit_rule_vol_target_22pct,0.22,0.37617968188872486,0.584826907438017,0.584826907438017,0.415173092561983,-0.043812675747946506,False
2025-08-20,soft_exit_rule_vol_target_22pct,0.22,0.4180698690424809,0.5262278300607341,0.5262278300607341,0.47377216993926585,0.020073527051208715,False
2025-08-27,soft_exit_rule_vol_target_22pct,0.22,0.4149176952021162,0.530225638829004,0.530225638829004,0.469774361170996,-0.02144153888205313,False
2025-09-04,soft_exit_rule_vol_target_22pct,0.22,0.4007312835094227,0.5489963201109228,0.5489963201109228,0.4510036798890772,0.022725714929314834,False
2025-09-11,soft_exit_rule_vol_target_22pct,0.22,0.4034205641278428,0.545336602945909,0.545336602945909,0.454663397054091,0.025277785446487643,False
2025-09-18,soft_exit_rule_vol_target_22pct,0.22,0.3927516625938748,0.5601503977017945,0.5601503977017945,0.43984960229820547,0.010645682032783885,False
2025-09-25,soft_exit_rule_vol_target_22pct,0.22,0.3866012684897317,0.56906176448783,0.56906176448783,0.43093823551217003,0.025295455475520052,False
2025-10-02,soft_exit_rule_vol_target_22pct,0.22,0.3894868120779929,0.5648458257835596,0.5648458257835596,0.4351541742164404,0.0034878664157305976,False
2025-10-09,soft_exit_rule_vol_target_22pct,0.22,0.379876419673269,0.5791357099480446,0.5791357099480446,0.42086429005195536,-0.006527999195068659,False
2025-10-16,soft_exit_rule_vol_target_22pct,0.22,0.381556248531988,0.576586023283422,0.576586023283422,0.423413976716578,0.010858228768821794,False
2025-10-23,soft_exit_rule_vol_target_22pct,0.22,0.34389496100930994,0.6397302227235722,0.6397302227235722,0.36026977727642784,0.04378394902473294,False
2025-10-30,soft_exit_rule_vol_target_22pct,0.22,0.3372731684033748,0.6522902519683468,0.6522902519683468,0.3477097480316532,-0.018301203745431566,False
2025-11-06,soft_exit_rule_vol_target_22pct,0.22,0.30433341215349086,0.7228913790413614,0.7228913790413614,0.27710862095863864,0.011360762040817058,False
2025-11-13,soft_exit_rule_vol_target_22pct,0.22,0.2339691338935018,0.9402949711312764,0.8728913790413614,0.12710862095863862,-0.03650844452348957,False
2025-11-20,soft_exit_rule_vol_target_22pct,0.22,0.25969010638590906,0.8471635791664389,0.8471635791664389,0.15283642083356108,-0.00862329360605483,False
2025-11-28,soft_exit_rule_vol_target_22pct,0.22,0.23767977542367916,0.9256151458736284,0.9256151458736284,0.07438485412637164,0.0032460978850880687,False
2025-12-05,soft_exit_rule_vol_target_22pct,0.22,0.2300382025515901,0.9563628891190851,0.9563628891190851,0.04363711088091493,-0.04493919461059231,False
2025-12-12,soft_exit_rule_vol_target_22pct,0.22,0.24378995764290975,0.9024161705718987,0.9024161705718987,0.09758382942810129,0.005872662865273666,False
2025-12-19,soft_exit_rule_vol_target_22pct,0.22,0.2413149347636941,0.9116717132134131,0.9116717132134131,0.08832828678658688,0.0020419667170519175,False
2025-12-29,soft_exit_rule_vol_target_22pct,0.22,0.22141407450602604,0.9936134389415812,0.9936134389415812,0.006386561058418838,0.031633551082427734,False
2026-01-06,soft_exit_rule_vol_target_22pct,0.22,0.23180576606583536,0.9490704382975427,0.9490704382975427,0.05092956170245733,0.07374087356573941,False
2026-01-13,soft_exit_rule_vol_target_22pct,0.22,0.27932533564952305,0.7876120491842525,0.7990704382975427,0.20092956170245735,0.06030359192274351,False
2026-01-21,soft_exit_rule_vol_target_22pct,0.22,0.3125897975431703,0.7037977622082079,0.7037977622082079,0.2962022377917921,0.007200585356232853,False
2026-01-28,soft_exit_rule_vol_target_22pct,0.22,0.2859260881580135,0.7694296152452508,0.7694296152452508,0.23057038475474922,-0.0676220410973047,False
2026-02-04,soft_exit_rule_vol_target_22pct,0.22,0.3432074142593583,0.6410117930428748,0.6410117930428748,0.3589882069571252,0.025602834676567484,False
2026-02-11,soft_exit_rule_vol_target_22pct,0.22,0.3510832203147456,0.6266320555074387,0.6266320555074387,0.3733679444925613,-0.03558047555372771,False
2026-02-19,soft_exit_rule_vol_target_22pct,0.22,0.36177653516189606,0.6081101968140342,0.6081101968140342,0.3918898031859658,-0.0054247234750614175,False
2026-02-26,soft_exit_rule_vol_target_22pct,0.22,0.3615553433779602,0.6084822255552117,0.6084822255552117,0.3915177744447883,-0.027546226463064618,False
2026-03-05,soft_exit_rule_vol_target_22pct,0.22,0.3758344801810467,0.5853640674320828,0.5853640674320828,0.4146359325679172,-0.022164478083160803,False
2026-03-12,soft_exit_rule_vol_target_22pct,0.22,0.3708902240786963,0.5931674272259059,0.5931674272259059,0.4068325727740941,0.03987358484073709,False
2026-03-19,soft_exit_rule_vol_target_22pct,0.22,0.39622035139797285,0.5552465925179773,0.5552465925179773,0.44475340748202274,-0.00812966094649389,False
2026-03-26,soft_exit_rule_vol_target_22pct,0.22,0.3984688095231304,0.5521134772462771,0.5521134772462771,0.44788652275372287,0.01012497478675235,False
2026-04-02,soft_exit_rule_vol_target_22pct,0.22,0.39501552465919904,0.5569401359346717,0.5569401359346717,0.44305986406532827,0.03579028698491956,False
2026-04-10,soft_exit_rule_vol_target_22pct,0.22,0.3838191921795533,0.5731865536757278,0.5731865536757278,0.4268134463242722,0.0435288493074705,False
2026-04-17,soft_exit_rule_vol_target_22pct,0.22,0.38425116204024906,0.5725421852516238,0.5725421852516238,0.4274578147483762,0.1300603568477264,False
2026-04-24,soft_exit_rule_vol_target_22pct,0.22,0.6075483241487123,0.4,0.4225421852516238,0.5774578147483762,0.051450948030216916,False
2026-05-01,soft_exit_rule_vol_target_22pct,0.22,0.5877108654836882,0.4,0.4,0.6,0.10329757469901568,False
2026-05-08,soft_exit_rule_vol_target_22pct,0.22,0.7466453096377781,0.4,0.4,0.6,-0.0395167791246514,False
2026-05-15,soft_exit_rule_vol_target_22pct,0.22,0.7810373945864376,0.4,0.4,0.6,0.04082646565328432,False
2022-01-03,winner_retention_rule_vol_target_15pct,0.15,,,1.0,0.0,-0.0908153547360555,False
2022-01-10,winner_retention_rule_vol_target_15pct,0.15,,,1.0,0.0,-0.04896071207339,False
2022-01-18,winner_retention_rule_vol_target_15pct,0.15,,,1.0,0.0,-0.0845256749376999,False
2022-01-25,winner_retention_rule_vol_target_15pct,0.15,,,1.0,0.0,0.1175047532534843,False
2022-02-01,winner_retention_rule_vol_target_15pct,0.15,0.7070785465957184,0.4,0.85,0.15000000000000002,-0.021939162618289394,False
2022-02-08,winner_retention_rule_vol_target_15pct,0.15,0.6123547100986574,0.4,0.7,0.30000000000000004,0.022052673099597627,False
2022-02-15,winner_retention_rule_vol_target_15pct,0.15,0.5738144467798522,0.4,0.5499999999999999,0.45000000000000007,-0.0023261936558728446,False
2022-02-23,winner_retention_rule_vol_target_15pct,0.15,0.5249507099959347,0.4,0.4,0.6,0.03232978502912744,False
2022-03-02,winner_retention_rule_vol_target_15pct,0.15,0.544201508885291,0.4,0.4,0.6,0.0025386272659669203,False
2022-03-09,winner_retention_rule_vol_target_15pct,0.15,0.5095579066787832,0.4,0.4,0.6,-0.033526926103112045,False
2022-03-16,winner_retention_rule_vol_target_15pct,0.15,0.5154732369983255,0.4,0.4,0.6,0.0799154762624574,False
2022-03-23,winner_retention_rule_vol_target_15pct,0.15,0.6695546648650826,0.4,0.4,0.6,0.005596770075938401,False
2022-03-30,winner_retention_rule_vol_target_15pct,0.15,0.6384839042580769,0.4,0.4,0.6,-0.03252979972377504,False
2022-04-06,winner_retention_rule_vol_target_15pct,0.15,0.6316941396803679,0.4,0.4,0.6,-0.01191619827414524,False
2022-04-13,winner_retention_rule_vol_target_15pct,0.15,0.6244139592066997,0.4,0.4,0.6,-0.0033193150050435205,False
2022-04-21,winner_retention_rule_vol_target_15pct,0.15,0.5878497349024189,0.4,0.4,0.6,-0.03614260235381548,False
2022-04-28,winner_retention_rule_vol_target_15pct,0.15,0.580800513505698,0.4,0.4,0.6,-0.00832709349089252,False
2022-05-05,winner_retention_rule_vol_target_15pct,0.15,0.5798104501551213,0.4,0.4,0.6,-0.02493155499129228,False
2022-05-12,winner_retention_rule_vol_target_15pct,0.15,0.5894448119883594,0.4,0.4,0.6,0.0174938063729454,False
2022-05-19,winner_retention_rule_vol_target_15pct,0.15,0.5987970368964666,0.4,0.4,0.6,0.020565363239554962,False
2022-05-26,winner_retention_rule_vol_target_15pct,0.15,0.5822560303296891,0.4,0.4,0.6,0.0075741109170788,False
2022-06-03,winner_retention_rule_vol_target_15pct,0.15,0.5840212321451956,0.4,0.4,0.6,-0.029458315676225602,False
2022-06-10,winner_retention_rule_vol_target_15pct,0.15,0.5777849924725517,0.4,0.4,0.6,-0.05320074856333104,False
2022-06-17,winner_retention_rule_vol_target_15pct,0.15,0.4176676530855047,0.4,0.4,0.6,0.0323207032845804,False
2022-06-27,winner_retention_rule_vol_target_15pct,0.15,0.471534520772502,0.4,0.4,0.6,-0.013661413784814641,False
2022-07-05,winner_retention_rule_vol_target_15pct,0.15,0.4549600505178379,0.4,0.4,0.6,-0.007566113245085,False
2022-07-12,winner_retention_rule_vol_target_15pct,0.15,0.45458038391854594,0.4,0.4,0.6,0.03596326697926288,False
2022-07-19,winner_retention_rule_vol_target_15pct,0.15,0.5098990261962683,0.4,0.4,0.6,0.007463855323852801,False
2022-07-26,winner_retention_rule_vol_target_15pct,0.15,0.48064094192527895,0.4,0.4,0.6,0.01027930256036104,False
2022-08-02,winner_retention_rule_vol_target_15pct,0.15,0.4823759906232174,0.4,0.4,0.6,-0.009644907582436682,False
2022-08-09,winner_retention_rule_vol_target_15pct,0.15,0.46499942103024083,0.4,0.4,0.6,0.01867034690215176,False
2022-08-16,winner_retention_rule_vol_target_15pct,0.15,0.4662371546532423,0.4,0.4,0.6,0.008222846985715961,False
2022-08-23,winner_retention_rule_vol_target_15pct,0.15,0.45567968859491564,0.4,0.4,0.6,0.02189370715211084,False
2022-08-30,winner_retention_rule_vol_target_15pct,0.15,0.4681396671273072,0.4,0.4,0.6,0.024676523581664122,False
2022-09-07,winner_retention_rule_vol_target_15pct,0.15,0.44558640672124106,0.4,0.4,0.6,0.02835012634296724,False
2022-09-14,winner_retention_rule_vol_target_15pct,0.15,0.30272858179351964,0.4954933528619033,0.4954933528619033,0.5045066471380967,-0.03851173673410746,False
2022-09-21,winner_retention_rule_vol_target_15pct,0.15,0.3585772862060558,0.4183198595401349,0.4183198595401349,0.581680140459865,-0.011453776136197228,False
2022-09-28,winner_retention_rule_vol_target_15pct,0.15,0.3540199371068849,0.423704950703701,0.423704950703701,0.576295049296299,0.047312787875686345,False
2022-10-05,winner_retention_rule_vol_target_15pct,0.15,0.3888369352474521,0.4,0.4,0.6,-0.025686419959402004,False
2022-10-12,winner_retention_rule_vol_target_15pct,0.15,0.4101913170655413,0.4,0.4,0.6,0.04796030211870584,False
2022-10-19,winner_retention_rule_vol_target_15pct,0.15,0.46191853197197913,0.4,0.4,0.6,0.05212312609405656,False
2022-10-26,winner_retention_rule_vol_target_15pct,0.15,0.5100255927686193,0.4,0.4,0.6,-0.00857915908995492,False
2022-11-02,winner_retention_rule_vol_target_15pct,0.15,0.5085828659828732,0.4,0.4,0.6,-0.03008546214350712,False
2022-11-09,winner_retention_rule_vol_target_15pct,0.15,0.5570457344392566,0.4,0.4,0.6,0.053257864056608,False
2022-11-16,winner_retention_rule_vol_target_15pct,0.15,0.6002820091267865,0.4,0.4,0.6,0.00556320627836936,False
2022-11-23,winner_retention_rule_vol_target_15pct,0.15,0.5998535779235057,0.4,0.4,0.6,0.010285322521333322,False
2022-12-01,winner_retention_rule_vol_target_15pct,0.15,0.5958832837471282,0.4,0.4,0.6,-0.01745579841293572,False
2022-12-08,winner_retention_rule_vol_target_15pct,0.15,0.6048451958123653,0.4,0.4,0.6,-0.01767040308429404,False
2022-12-15,winner_retention_rule_vol_target_15pct,0.15,0.5831176536370332,0.4,0.4,0.6,-0.0173599462507064,False
2022-12-22,winner_retention_rule_vol_target_15pct,0.15,0.5904048538251109,0.4,0.4,0.6,0.0129478313057534,False
2022-12-30,winner_retention_rule_vol_target_15pct,0.15,0.5541850764919696,0.4,0.4,0.6,0.01320888004708496,False
2023-01-09,winner_retention_rule_vol_target_15pct,0.15,0.5257807430505063,0.4,0.4,0.6,0.06426260239047704,False
2023-01-17,winner_retention_rule_vol_target_15pct,0.15,0.5671281897613581,0.4,0.4,0.6,0.0009005973009786801,False
2023-01-24,winner_retention_rule_vol_target_15pct,0.15,0.5149065728380893,0.4,0.4,0.6,0.0073125372559706804,False
2023-01-31,winner_retention_rule_vol_target_15pct,0.15,0.508397821833693,0.4,0.4,0.6,0.03157320297313656,False
2023-02-07,winner_retention_rule_vol_target_15pct,0.15,0.4752345116398925,0.4,0.4,0.6,0.00363088863717388,False
2023-02-14,winner_retention_rule_vol_target_15pct,0.15,0.414810052503833,0.4,0.4,0.6,-0.029185541211831117,False
2023-02-22,winner_retention_rule_vol_target_15pct,0.15,0.4583761906503528,0.4,0.4,0.6,0.00459000149186316,False
2023-03-01,winner_retention_rule_vol_target_15pct,0.15,0.4574651398334707,0.4,0.4,0.6,0.0039341509786936,False
2023-03-08,winner_retention_rule_vol_target_15pct,0.15,0.43996683426752536,0.4,0.4,0.6,-0.010618902074555561,False
2023-03-15,winner_retention_rule_vol_target_15pct,0.15,0.42989670579483386,0.4,0.4,0.6,0.02057443598378532,False
2023-03-22,winner_retention_rule_vol_target_15pct,0.15,0.41097682716229544,0.4,0.4,0.6,0.00084512339331352,False
2023-03-29,winner_retention_rule_vol_target_15pct,0.15,0.41346635879088156,0.4,0.4,0.6,0.005206878344331841,False
2023-04-05,winner_retention_rule_vol_target_15pct,0.15,0.4133005263188526,0.4,0.4,0.6,0.00412411334269708,False
2023-04-13,winner_retention_rule_vol_target_15pct,0.15,0.26564746904409814,0.5646581182939847,0.55,0.44999999999999996,-0.017689375154981257,False
2023-04-20,winner_retention_rule_vol_target_15pct,0.15,0.27910625979887915,0.5374297233895374,0.5374297233895374,0.46257027661046257,-0.02479624427326546,False
2023-04-27,winner_retention_rule_vol_target_15pct,0.15,0.2974563540721811,0.504275662450972,0.504275662450972,0.495724337549028,-0.0236930620195304,False
2023-05-04,winner_retention_rule_vol_target_15pct,0.15,0.25291290360530444,0.5930895492548288,0.5930895492548288,0.4069104507451712,0.03180022128372802,False
2023-05-11,winner_retention_rule_vol_target_15pct,0.15,0.2838407798986346,0.5284652897781922,0.5284652897781922,0.4715347102218078,0.030763904245070795,False
2023-05-18,winner_retention_rule_vol_target_15pct,0.15,0.2686171377368664,0.5584155994802458,0.5584155994802458,0.4415844005197542,0.08767513001575129,False
2023-05-25,winner_retention_rule_vol_target_15pct,0.15,0.41640956740024226,0.4,0.40841559948024575,0.5915844005197542,0.003017456277493099,False
2023-06-02,winner_retention_rule_vol_target_15pct,0.15,0.41663984238592733,0.4,0.4,0.6,0.00914765593875568,False
2023-06-09,winner_retention_rule_vol_target_15pct,0.15,0.40484328754034177,0.4,0.4,0.6,0.01248318899334788,False
2023-06-16,winner_retention_rule_vol_target_15pct,0.15,0.3997692524570082,0.4,0.4,0.6,-0.00587964910608536,False
2023-06-26,winner_retention_rule_vol_target_15pct,0.15,0.4046857311676069,0.4,0.4,0.6,0.02287381107107704,False
2023-07-03,winner_retention_rule_vol_target_15pct,0.15,0.41261014171694477,0.4,0.4,0.6,-0.009013053292983,False
2023-07-11,winner_retention_rule_vol_target_15pct,0.15,0.4223967800906412,0.4,0.4,0.6,0.03744113296148804,False
2023-07-18,winner_retention_rule_vol_target_15pct,0.15,0.43180047702484176,0.4,0.4,0.6,-0.00721330859365224,False
2023-07-25,winner_retention_rule_vol_target_15pct,0.15,0.4120569512008885,0.4,0.4,0.6,-0.00138119405314992,False
2023-08-01,winner_retention_rule_vol_target_15pct,0.15,0.38156135528592083,0.4,0.4,0.6,-0.01105249689513796,False
2023-08-08,winner_retention_rule_vol_target_15pct,0.15,0.40011874947217374,0.4,0.4,0.6,-0.0038890596124251603,False
2023-08-15,winner_retention_rule_vol_target_15pct,0.15,0.40120522122404373,0.4,0.4,0.6,0.00281842222566348,False
2023-08-22,winner_retention_rule_vol_target_15pct,0.15,0.26032075555154083,0.5762122182005635,0.55,0.44999999999999996,0.006316719910175731,False
2023-08-29,winner_retention_rule_vol_target_15pct,0.15,0.2602458688522433,0.5763780253709375,0.5763780253709375,0.4236219746290625,-0.011017110533458982,False
2023-09-06,winner_retention_rule_vol_target_15pct,0.15,0.2655361934970825,0.564894743818221,0.564894743818221,0.435105256181779,0.013185659112569992,False
2023-09-13,winner_retention_rule_vol_target_15pct,0.15,0.2626410108443518,0.5711217738531096,0.5711217738531096,0.4288782261468904,-0.023094668845322023,False
2023-09-20,winner_retention_rule_vol_target_15pct,0.15,0.27753646343293426,0.5404695229758413,0.5404695229758413,0.4595304770241587,0.01094068012631742,False
2023-09-27,winner_retention_rule_vol_target_15pct,0.15,0.25383100115028256,0.590944365819175,0.590944365819175,0.409055634180825,-0.0462692951810604,False
2023-10-04,winner_retention_rule_vol_target_15pct,0.15,0.30087311647086645,0.49854902877148377,0.49854902877148377,0.5014509712285162,0.021268724303626033,False
2023-10-11,winner_retention_rule_vol_target_15pct,0.15,0.2343538121172245,0.6400578622760765,0.6400578622760765,0.35994213772392347,-0.008526097734072926,False
2023-10-18,winner_retention_rule_vol_target_15pct,0.15,0.2335690114734047,0.6422084807131178,0.6422084807131178,0.35779151928688224,-0.06416392807030476,False
2023-10-25,winner_retention_rule_vol_target_15pct,0.15,0.30252493944677944,0.4958268904186928,0.4958268904186928,0.5041731095813071,-0.0074047259905363726,False
2023-11-01,winner_retention_rule_vol_target_15pct,0.15,0.3012267149191111,0.4979638012527532,0.4979638012527532,0.5020361987472468,0.006114115927160541,False
2023-11-08,winner_retention_rule_vol_target_15pct,0.15,0.3062458486424364,0.489802557863031,0.489802557863031,0.510197442136969,0.030652252976391556,False
2023-11-15,winner_retention_rule_vol_target_15pct,0.15,0.34270870815535337,0.4376894909014202,0.4376894909014202,0.5623105090985798,0.01597276781557674,False
2023-11-22,winner_retention_rule_vol_target_15pct,0.15,0.3531865337682519,0.4247047541694342,0.4247047541694342,0.5752952458305658,0.02045248095211492,False
2023-11-30,winner_retention_rule_vol_target_15pct,0.15,0.36858927660407914,0.4069570373343302,0.4069570373343302,0.5930429626656698,0.0008221649223690309,False
2023-12-07,winner_retention_rule_vol_target_15pct,0.15,0.3648204397740892,0.4111611731318721,0.4111611731318721,0.5888388268681279,0.006979076121008129,False
2023-12-14,winner_retention_rule_vol_target_15pct,0.15,0.35555729070522185,0.42187294121430047,0.42187294121430047,0.5781270587856995,0.005581902739696535,False
2023-12-21,winner_retention_rule_vol_target_15pct,0.15,0.3542342625141457,0.42344859284753694,0.42344859284753694,0.5765514071524631,0.00583165281575849,False
2023-12-29,winner_retention_rule_vol_target_15pct,0.15,0.3031794582241031,0.4947564748569593,0.4947564748569593,0.5052435251430407,-0.008971776199888573,False
2024-01-08,winner_retention_rule_vol_target_15pct,0.15,0.29858198476375747,0.5023745827086059,0.5023745827086059,0.4976254172913941,-0.00547546340816549,False
2024-01-16,winner_retention_rule_vol_target_15pct,0.15,0.2979216539578627,0.5034880748252547,0.5034880748252547,0.4965119251747453,0.03093861588568287,False
2024-01-23,winner_retention_rule_vol_target_15pct,0.15,0.2028874879562923,0.7393260250346942,0.6534880748252547,0.34651192517474527,0.02289336715434958,False
2024-01-30,winner_retention_rule_vol_target_15pct,0.15,0.1900826787681507,0.7891302930497908,0.7891302930497908,0.21086970695020923,0.004880406111639681,False
2024-02-06,winner_retention_rule_vol_target_15pct,0.15,0.19208866142086298,0.7808894022711343,0.7808894022711343,0.21911059772886565,0.020037259645025035,False
2024-02-13,winner_retention_rule_vol_target_15pct,0.15,0.1693948596851038,0.885505028185874,0.885505028185874,0.11449497181412605,-0.008664239220327441,False
2024-02-21,winner_retention_rule_vol_target_15pct,0.15,0.17434921128340017,0.8603422917479039,0.8603422917479039,0.1396577082520961,0.015054771581531477,False
2024-02-28,winner_retention_rule_vol_target_15pct,0.15,0.15789093088036127,0.9500228997551451,0.9500228997551451,0.04997710024485491,0.07935110837683995,False
2024-03-06,winner_retention_rule_vol_target_15pct,0.15,0.2133500629536856,0.7030698651940976,0.8000228997551451,0.19997710024485493,-0.020214801358721505,False
2024-03-13,winner_retention_rule_vol_target_15pct,0.15,0.2330372287072148,0.6436739778967171,0.650022899755145,0.34997710024485496,-0.026973130856870274,False
2024-03-20,winner_retention_rule_vol_target_15pct,0.15,0.262256519828907,0.5719590883683585,0.5719590883683585,0.4280409116316415,0.002814232504720304,False
2024-03-27,winner_retention_rule_vol_target_15pct,0.15,0.26253603179949253,0.5713501456232871,0.5713501456232871,0.4286498543767129,-0.012366068395840249,False
2024-04-04,winner_retention_rule_vol_target_15pct,0.15,0.2644610477224199,0.5671912793654248,0.5671912793654248,0.4328087206345752,0.028740982032202846,False
2024-04-11,winner_retention_rule_vol_target_15pct,0.15,0.2719633617472039,0.5515448810322781,0.5515448810322781,0.44845511896772194,-0.03390872341069216,False
2024-04-18,winner_retention_rule_vol_target_15pct,0.15,0.29352700678924376,0.5110262310810193,0.5110262310810193,0.4889737689189807,-0.025514072764736908,False
2024-04-25,winner_retention_rule_vol_target_15pct,0.15,0.305931768963123,0.49030540537972367,0.49030540537972367,0.5096945946202763,0.021987795654467315,False
2024-05-02,winner_retention_rule_vol_target_15pct,0.15,0.3209480191228728,0.46736540206709765,0.46736540206709765,0.5326345979329024,0.010673615334845992,False
2024-05-09,winner_retention_rule_vol_target_15pct,0.15,0.31999132736707975,0.4687627043964435,0.4687627043964435,0.5312372956035565,-0.0032025424858295034,False
2024-05-16,winner_retention_rule_vol_target_15pct,0.15,0.3195683972747893,0.46938308443252774,0.46938308443252774,0.5306169155674723,-0.0242110346398142,False
2024-05-23,winner_retention_rule_vol_target_15pct,0.15,0.3352158800447059,0.44747283446116964,0.44747283446116964,0.5525271655388304,0.015114499465247908,False
2024-05-31,winner_retention_rule_vol_target_15pct,0.15,0.2858106132950994,0.5248230577257291,0.5248230577257291,0.4751769422742709,0.013513225911685285,False
2024-06-07,winner_retention_rule_vol_target_15pct,0.15,0.29130002595895527,0.514933012814545,0.514933012814545,0.48506698718545505,0.010772818284855807,False
2024-06-14,winner_retention_rule_vol_target_15pct,0.15,0.2823102633930027,0.5313303108331763,0.5313303108331763,0.4686696891668237,-0.04960872470724967,False
2024-06-24,winner_retention_rule_vol_target_15pct,0.15,0.34361201971532096,0.43653886183688645,0.43653886183688645,0.5634611381631136,0.01810025004580805,False
2024-07-01,winner_retention_rule_vol_target_15pct,0.15,0.3559774210200425,0.4213750399398354,0.4213750399398354,0.5786249600601646,0.06455565497876985,False
2024-07-09,winner_retention_rule_vol_target_15pct,0.15,0.47283951253194084,0.4,0.4,0.6,-0.0089579259593948,False
2024-07-16,winner_retention_rule_vol_target_15pct,0.15,0.4527286930749705,0.4,0.4,0.6,-0.03446350152573396,False
2024-07-23,winner_retention_rule_vol_target_15pct,0.15,0.4808665341184448,0.4,0.4,0.6,-0.050056507593865845,False
2024-07-30,winner_retention_rule_vol_target_15pct,0.15,0.5437258138578179,0.4,0.4,0.6,-0.025023694727443282,False
2024-08-06,winner_retention_rule_vol_target_15pct,0.15,0.5503965277118396,0.4,0.4,0.6,0.029265410620903723,False
2024-08-13,winner_retention_rule_vol_target_15pct,0.15,0.58009739262875,0.4,0.4,0.6,0.00534721973261856,False
2024-08-20,winner_retention_rule_vol_target_15pct,0.15,0.5725769548231444,0.4,0.4,0.6,-0.00384532888098688,False
2024-08-27,winner_retention_rule_vol_target_15pct,0.15,0.5667158097348348,0.4,0.4,0.6,-0.03962666289434888,False
2024-09-04,winner_retention_rule_vol_target_15pct,0.15,0.5927690980044793,0.4,0.4,0.6,-0.025897782827069882,False
2024-09-11,winner_retention_rule_vol_target_15pct,0.15,0.5941343340656842,0.4,0.4,0.6,-0.00687127337789468,False
2024-09-18,winner_retention_rule_vol_target_15pct,0.15,0.5724740501161949,0.4,0.4,0.6,0.05292308336999264,False
2024-09-25,winner_retention_rule_vol_target_15pct,0.15,0.6435188462301598,0.4,0.4,0.6,-0.01599580068792088,False
2024-10-02,winner_retention_rule_vol_target_15pct,0.15,0.5273307360281274,0.4,0.4,0.6,0.014169499431323042,False
2024-10-09,winner_retention_rule_vol_target_15pct,0.15,0.5425944487555446,0.4,0.4,0.6,0.0006251481318809201,False
2024-10-16,winner_retention_rule_vol_target_15pct,0.15,0.5229883334991385,0.4,0.4,0.6,-0.00043666021801444,False
2024-10-23,winner_retention_rule_vol_target_15pct,0.15,0.45726146510546767,0.4,0.4,0.6,-0.00068510927567344,False
2024-10-30,winner_retention_rule_vol_target_15pct,0.15,0.4369462664437737,0.4,0.4,0.6,0.033057050009190396,False
2024-11-06,winner_retention_rule_vol_target_15pct,0.15,0.4446618139131059,0.4,0.4,0.6,0.04774392306108052,False
2024-11-13,winner_retention_rule_vol_target_15pct,0.15,0.5072883422589493,0.4,0.4,0.6,0.047644947392133846,False
2024-11-20,winner_retention_rule_vol_target_15pct,0.15,0.5510161408372541,0.4,0.4,0.6,0.00832239014188632,False
2024-11-27,winner_retention_rule_vol_target_15pct,0.15,0.47767179784838115,0.4,0.4,0.6,0.015693586501315162,False
2024-12-05,winner_retention_rule_vol_target_15pct,0.15,0.42372476703332757,0.4,0.4,0.6,0.0549130975014564,False
2024-12-12,winner_retention_rule_vol_target_15pct,0.15,0.44521500967899913,0.4,0.4,0.6,-0.012190787637552561,False
2024-12-19,winner_retention_rule_vol_target_15pct,0.15,0.4383049805583481,0.4,0.4,0.6,0.019395893340039203,False
2024-12-27,winner_retention_rule_vol_target_15pct,0.15,0.39856929154798976,0.4,0.4,0.6,-0.013966973438694281,False
2025-01-06,winner_retention_rule_vol_target_15pct,0.15,0.43412661619275783,0.4,0.4,0.6,-0.0170540742233116,False
2025-01-14,winner_retention_rule_vol_target_15pct,0.15,0.46237000140270046,0.4,0.4,0.6,0.0238892288855634,False
2025-01-22,winner_retention_rule_vol_target_15pct,0.15,0.45531217300288346,0.4,0.4,0.6,-0.049385799860822324,False
2025-01-29,winner_retention_rule_vol_target_15pct,0.15,0.568769015555592,0.4,0.4,0.6,0.013224093486300402,False
2025-02-05,winner_retention_rule_vol_target_15pct,0.15,0.5574975260392501,0.4,0.4,0.6,0.00851595029827776,False
2025-02-12,winner_retention_rule_vol_target_15pct,0.15,0.5180398898602389,0.4,0.4,0.6,0.01037668524764216,False
2025-02-20,winner_retention_rule_vol_target_15pct,0.15,0.4680356569147928,0.4,0.4,0.6,-0.048524353751144,False
2025-02-27,winner_retention_rule_vol_target_15pct,0.15,0.5442125937141989,0.4,0.4,0.6,-0.038822616626821765,False
2025-03-06,winner_retention_rule_vol_target_15pct,0.15,0.5722963021766407,0.4,0.4,0.6,0.04170763904976228,False
2025-03-13,winner_retention_rule_vol_target_15pct,0.15,0.5348146950837511,0.4,0.4,0.6,0.0013370475285480801,False
2025-03-20,winner_retention_rule_vol_target_15pct,0.15,0.5342487669198924,0.4,0.4,0.6,-0.012737703221313122,False
2025-03-27,winner_retention_rule_vol_target_15pct,0.15,0.5183616881771901,0.4,0.4,0.6,-0.0305204163025318,False
2025-04-03,winner_retention_rule_vol_target_15pct,0.15,0.5321589293993555,0.4,0.4,0.6,-0.033871809761211645,False
2025-04-10,winner_retention_rule_vol_target_15pct,0.15,0.5474874130150741,0.4,0.4,0.6,-0.020044364756642962,False
2025-04-17,winner_retention_rule_vol_target_15pct,0.15,0.5148225340439582,0.4,0.4,0.6,0.037030849264267765,False
2025-04-25,winner_retention_rule_vol_target_15pct,0.15,0.531717224199367,0.4,0.4,0.6,-0.00227458969941636,False
2025-05-02,winner_retention_rule_vol_target_15pct,0.15,0.5211137410239418,0.4,0.4,0.6,0.018024572430394122,False
2025-05-09,winner_retention_rule_vol_target_15pct,0.15,0.5319252029834188,0.4,0.4,0.6,0.0444279020979124,False
2025-05-16,winner_retention_rule_vol_target_15pct,0.15,0.5904093130563027,0.4,0.4,0.6,-0.012949086554198082,False
2025-05-23,winner_retention_rule_vol_target_15pct,0.15,0.5370307937783989,0.4,0.4,0.6,0.01945431733620664,False
2025-06-02,winner_retention_rule_vol_target_15pct,0.15,0.49905045315587204,0.4,0.4,0.6,-0.02346960205698096,False
2025-06-09,winner_retention_rule_vol_target_15pct,0.15,0.46827706414454184,0.4,0.4,0.6,0.010544871118395641,False
2025-06-16,winner_retention_rule_vol_target_15pct,0.15,0.4722572873831235,0.4,0.4,0.6,0.027644966177906485,False
2025-06-24,winner_retention_rule_vol_target_15pct,0.15,0.487974774845027,0.4,0.4,0.6,-0.0052042221761945204,False
2025-07-01,winner_retention_rule_vol_target_15pct,0.15,0.45328814329949874,0.4,0.4,0.6,0.00547258960071052,False
2025-07-09,winner_retention_rule_vol_target_15pct,0.15,0.3962180527387926,0.4,0.4,0.6,0.02491344568394252,False
2025-07-16,winner_retention_rule_vol_target_15pct,0.15,0.3695520819346464,0.40589677973056804,0.40589677973056804,0.594103220269432,-0.0025116699212750795,False
2025-07-23,winner_retention_rule_vol_target_15pct,0.15,0.3468065099845671,0.4325178325132219,0.4325178325132219,0.567482167486778,0.03918557978041742,False
2025-07-30,winner_retention_rule_vol_target_15pct,0.15,0.3682111787986163,0.4073749213410999,0.4073749213410999,0.5926250786589,-0.01804206282297952,False
2025-08-06,winner_retention_rule_vol_target_15pct,0.15,0.39658932742691666,0.4,0.4,0.6,0.03828792158234964,False
2025-08-13,winner_retention_rule_vol_target_15pct,0.15,0.38128176225456817,0.4,0.4,0.6,-0.02996625168282976,False
2025-08-20,winner_retention_rule_vol_target_15pct,0.15,0.4180698690424808,0.4,0.4,0.6,0.0070185426514002,False
2025-08-27,winner_retention_rule_vol_target_15pct,0.15,0.4120498041817246,0.4,0.4,0.6,-0.01730704354992392,False
2025-09-04,winner_retention_rule_vol_target_15pct,0.15,0.40008806819960785,0.4,0.4,0.6,0.006947905259933761,False
2025-09-11,winner_retention_rule_vol_target_15pct,0.15,0.3994367074819968,0.4,0.4,0.6,0.00176021846893396,False
2025-09-18,winner_retention_rule_vol_target_15pct,0.15,0.38049314775750537,0.4,0.4,0.6,0.013707278739045321,False
2025-09-25,winner_retention_rule_vol_target_15pct,0.15,0.3797052954075407,0.4,0.4,0.6,0.02543297707450728,False
2025-10-02,winner_retention_rule_vol_target_15pct,0.15,0.3935531111897669,0.4,0.4,0.6,0.00246995994766692,False
2025-10-09,winner_retention_rule_vol_target_15pct,0.15,0.38085420035016926,0.4,0.4,0.6,-0.00450878720336848,False
2025-10-16,winner_retention_rule_vol_target_15pct,0.15,0.38224061467483805,0.4,0.4,0.6,0.007532772790425001,False
2025-10-23,winner_retention_rule_vol_target_15pct,0.15,0.34009589920844185,0.4410520689873602,0.4410520689873602,0.5589479310126397,0.03018616382321501,False
2025-10-30,winner_retention_rule_vol_target_15pct,0.15,0.34067205174310444,0.44030615142187446,0.44030615142187446,0.5596938485781255,-0.002523263414714337,False
2025-11-06,winner_retention_rule_vol_target_15pct,0.15,0.29064455755043295,0.5160943017966949,0.5160943017966949,0.4839056982033051,0.008110796066082842,False
2025-11-13,winner_retention_rule_vol_target_15pct,0.15,0.2212215339178804,0.6780533402127185,0.6660943017966949,0.33390569820330507,0.014542838587289286,False
2025-11-20,winner_retention_rule_vol_target_15pct,0.15,0.221589442130337,0.6769275582713516,0.6769275582713516,0.32307244172864835,-0.006890458027890283,False
2025-11-28,winner_retention_rule_vol_target_15pct,0.15,0.18788551179434146,0.7983585246540417,0.7983585246540417,0.20164147534595833,0.002799813648225817,False
2025-12-05,winner_retention_rule_vol_target_15pct,0.15,0.190528153663236,0.7872852232910907,0.7872852232910907,0.21271477670890926,-0.04713241455559133,False
2025-12-12,winner_retention_rule_vol_target_15pct,0.15,0.2494506768819953,0.601321278718994,0.6372852232910907,0.3627147767089093,0.002436942497069128,False
2025-12-19,winner_retention_rule_vol_target_15pct,0.15,0.24465405885418673,0.6131106130121456,0.6131106130121456,0.38688938698785436,0.0026080671314424857,False
2025-12-29,winner_retention_rule_vol_target_15pct,0.15,0.21156760713671038,0.7089932245774906,0.7089932245774906,0.2910067754225094,0.033248210032606265,False
2026-01-06,winner_retention_rule_vol_target_15pct,0.15,0.2292780298576243,0.6542275336766724,0.6542275336766724,0.3457724663233276,0.03167545463664081,False
2026-01-13,winner_retention_rule_vol_target_15pct,0.15,0.23902907433129056,0.6275387227250119,0.6275387227250119,0.3724612772749881,0.0705165765112758,False
2026-01-21,winner_retention_rule_vol_target_15pct,0.15,0.316794367313585,0.4734932671688559,0.47753872272501185,0.5224612772749881,0.004885719333774488,False
2026-01-28,winner_retention_rule_vol_target_15pct,0.15,0.29795516723310045,0.503431443706596,0.503431443706596,0.496568556293404,-0.044244543102427716,False
2026-02-04,winner_retention_rule_vol_target_15pct,0.15,0.3674440105867767,0.4082254593304237,0.4082254593304237,0.5917745406695762,-0.004138840718779004,False
2026-02-11,winner_retention_rule_vol_target_15pct,0.15,0.3691844910889999,0.4063009243902373,0.4063009243902373,0.5936990756097626,-0.02306996582869865,False
2026-02-19,winner_retention_rule_vol_target_15pct,0.15,0.38994992327322037,0.4,0.4,0.6,-0.00726775274151744,False
2026-02-26,winner_retention_rule_vol_target_15pct,0.15,0.39133045712412523,0.4,0.4,0.6,-0.013382419230177401,False
2026-03-05,winner_retention_rule_vol_target_15pct,0.15,0.3971811092373392,0.4,0.4,0.6,-0.015145772907034442,False
2026-03-12,winner_retention_rule_vol_target_15pct,0.15,0.38478881689108796,0.4,0.4,0.6,0.028508524200619802,False
2026-03-19,winner_retention_rule_vol_target_15pct,0.15,0.41384295288214845,0.4,0.4,0.6,0.00166271873487008,False
2026-03-26,winner_retention_rule_vol_target_15pct,0.15,0.4138428259663454,0.4,0.4,0.6,0.00514285074852684,False
2026-04-02,winner_retention_rule_vol_target_15pct,0.15,0.4030883634635373,0.4,0.4,0.6,0.01475173499315752,False
2026-04-10,winner_retention_rule_vol_target_15pct,0.15,0.3973619484388764,0.4,0.4,0.6,0.04684173374121448,False
2026-04-17,winner_retention_rule_vol_target_15pct,0.15,0.40376721865689785,0.4,0.4,0.6,0.09086516955292424,False
2026-04-24,winner_retention_rule_vol_target_15pct,0.15,0.6223352479717831,0.4,0.4,0.6,0.04870609356987908,False
2026-05-01,winner_retention_rule_vol_target_15pct,0.15,0.6052298936786116,0.4,0.4,0.6,0.10329757469901568,False
2026-05-08,winner_retention_rule_vol_target_15pct,0.15,0.7492891579744692,0.4,0.4,0.6,-0.0395167791246514,False
2026-05-15,winner_retention_rule_vol_target_15pct,0.15,0.7842793665784119,0.4,0.4,0.6,0.04082646565328432,False
2022-01-03,winner_retention_rule_vol_target_18pct,0.18,,,1.0,0.0,-0.0908153547360555,False
2022-01-10,winner_retention_rule_vol_target_18pct,0.18,,,1.0,0.0,-0.04896071207339,False
2022-01-18,winner_retention_rule_vol_target_18pct,0.18,,,1.0,0.0,-0.0845256749376999,False
2022-01-25,winner_retention_rule_vol_target_18pct,0.18,,,1.0,0.0,0.1175047532534843,False
2022-02-01,winner_retention_rule_vol_target_18pct,0.18,0.7070785465957184,0.4,0.85,0.15000000000000002,-0.021939162618289394,False
2022-02-08,winner_retention_rule_vol_target_18pct,0.18,0.6123547100986574,0.4,0.7,0.30000000000000004,0.022052673099597627,False
2022-02-15,winner_retention_rule_vol_target_18pct,0.18,0.5738144467798522,0.4,0.5499999999999999,0.45000000000000007,-0.0023261936558728446,False
2022-02-23,winner_retention_rule_vol_target_18pct,0.18,0.5249507099959347,0.4,0.4,0.6,0.03232978502912744,False
2022-03-02,winner_retention_rule_vol_target_18pct,0.18,0.544201508885291,0.4,0.4,0.6,0.0025386272659669203,False
2022-03-09,winner_retention_rule_vol_target_18pct,0.18,0.5095579066787832,0.4,0.4,0.6,-0.033526926103112045,False
2022-03-16,winner_retention_rule_vol_target_18pct,0.18,0.5154732369983255,0.4,0.4,0.6,0.0799154762624574,False
2022-03-23,winner_retention_rule_vol_target_18pct,0.18,0.6695546648650826,0.4,0.4,0.6,0.005596770075938401,False
2022-03-30,winner_retention_rule_vol_target_18pct,0.18,0.6384839042580769,0.4,0.4,0.6,-0.03252979972377504,False
2022-04-06,winner_retention_rule_vol_target_18pct,0.18,0.6316941396803679,0.4,0.4,0.6,-0.01191619827414524,False
2022-04-13,winner_retention_rule_vol_target_18pct,0.18,0.6244139592066997,0.4,0.4,0.6,-0.0033193150050435205,False
2022-04-21,winner_retention_rule_vol_target_18pct,0.18,0.5878497349024189,0.4,0.4,0.6,-0.03614260235381548,False
2022-04-28,winner_retention_rule_vol_target_18pct,0.18,0.580800513505698,0.4,0.4,0.6,-0.00832709349089252,False
2022-05-05,winner_retention_rule_vol_target_18pct,0.18,0.5798104501551213,0.4,0.4,0.6,-0.02493155499129228,False
2022-05-12,winner_retention_rule_vol_target_18pct,0.18,0.5894448119883594,0.4,0.4,0.6,0.0174938063729454,False
2022-05-19,winner_retention_rule_vol_target_18pct,0.18,0.5987970368964666,0.4,0.4,0.6,0.020565363239554962,False
2022-05-26,winner_retention_rule_vol_target_18pct,0.18,0.5822560303296891,0.4,0.4,0.6,0.0075741109170788,False
2022-06-03,winner_retention_rule_vol_target_18pct,0.18,0.5840212321451956,0.4,0.4,0.6,-0.029458315676225602,False
2022-06-10,winner_retention_rule_vol_target_18pct,0.18,0.5777849924725517,0.4,0.4,0.6,-0.05320074856333104,False
2022-06-17,winner_retention_rule_vol_target_18pct,0.18,0.4176676530855047,0.43096466453711824,0.43096466453711824,0.5690353354628818,0.03482270262160732,False
2022-06-27,winner_retention_rule_vol_target_18pct,0.18,0.471534520772502,0.4,0.4,0.6,-0.013661413784814641,False
2022-07-05,winner_retention_rule_vol_target_18pct,0.18,0.4549600505178379,0.4,0.4,0.6,-0.007566113245085,False
2022-07-12,winner_retention_rule_vol_target_18pct,0.18,0.45458038391854594,0.4,0.4,0.6,0.03596326697926288,False
2022-07-19,winner_retention_rule_vol_target_18pct,0.18,0.5098990261962683,0.4,0.4,0.6,0.007463855323852801,False
2022-07-26,winner_retention_rule_vol_target_18pct,0.18,0.48064094192527895,0.4,0.4,0.6,0.01027930256036104,False
2022-08-02,winner_retention_rule_vol_target_18pct,0.18,0.4823759906232174,0.4,0.4,0.6,-0.009644907582436682,False
2022-08-09,winner_retention_rule_vol_target_18pct,0.18,0.46499942103024083,0.4,0.4,0.6,0.01867034690215176,False
2022-08-16,winner_retention_rule_vol_target_18pct,0.18,0.4662371546532423,0.4,0.4,0.6,0.008222846985715961,False
2022-08-23,winner_retention_rule_vol_target_18pct,0.18,0.45567968859491564,0.4,0.4,0.6,0.02189370715211084,False
2022-08-30,winner_retention_rule_vol_target_18pct,0.18,0.4681396671273072,0.4,0.4,0.6,0.024676523581664122,False
2022-09-07,winner_retention_rule_vol_target_18pct,0.18,0.44558640672124106,0.4039620537899578,0.4039620537899578,0.5960379462100422,0.02863093815677458,False
2022-09-14,winner_retention_rule_vol_target_18pct,0.18,0.30272858179351964,0.594592023434284,0.5539620537899578,0.4460379462100422,-0.043056159387450436,False
2022-09-21,winner_retention_rule_vol_target_18pct,0.18,0.3585772862060558,0.5019838314481618,0.5019838314481618,0.49801616855183817,-0.013744531363436672,False
2022-09-28,winner_retention_rule_vol_target_18pct,0.18,0.3540199371068849,0.5084459408444412,0.5084459408444412,0.49155405915555883,0.056775345450823606,False
2022-10-05,winner_retention_rule_vol_target_18pct,0.18,0.3888369352474521,0.46291898655525027,0.46291898655525027,0.5370810134447497,-0.029726828739597318,False
2022-10-12,winner_retention_rule_vol_target_18pct,0.18,0.4101913170655413,0.4388196251634434,0.4388196251634434,0.5611803748365566,0.05261480449613999,False
2022-10-19,winner_retention_rule_vol_target_18pct,0.18,0.46191853197197913,0.4,0.4,0.6,0.05212312609405656,False
2022-10-26,winner_retention_rule_vol_target_18pct,0.18,0.5100255927686193,0.4,0.4,0.6,-0.00857915908995492,False
2022-11-02,winner_retention_rule_vol_target_18pct,0.18,0.5085828659828732,0.4,0.4,0.6,-0.03008546214350712,False
2022-11-09,winner_retention_rule_vol_target_18pct,0.18,0.5570457344392566,0.4,0.4,0.6,0.053257864056608,False
2022-11-16,winner_retention_rule_vol_target_18pct,0.18,0.6002820091267865,0.4,0.4,0.6,0.00556320627836936,False
2022-11-23,winner_retention_rule_vol_target_18pct,0.18,0.5998535779235057,0.4,0.4,0.6,0.010285322521333322,False
2022-12-01,winner_retention_rule_vol_target_18pct,0.18,0.5958832837471282,0.4,0.4,0.6,-0.01745579841293572,False
2022-12-08,winner_retention_rule_vol_target_18pct,0.18,0.6048451958123653,0.4,0.4,0.6,-0.01767040308429404,False
2022-12-15,winner_retention_rule_vol_target_18pct,0.18,0.5831176536370332,0.4,0.4,0.6,-0.0173599462507064,False
2022-12-22,winner_retention_rule_vol_target_18pct,0.18,0.5904048538251109,0.4,0.4,0.6,0.0129478313057534,False
2022-12-30,winner_retention_rule_vol_target_18pct,0.18,0.5541850764919696,0.4,0.4,0.6,0.01320888004708496,False
2023-01-09,winner_retention_rule_vol_target_18pct,0.18,0.5257807430505063,0.4,0.4,0.6,0.06426260239047704,False
2023-01-17,winner_retention_rule_vol_target_18pct,0.18,0.5671281897613581,0.4,0.4,0.6,0.0009005973009786801,False
2023-01-24,winner_retention_rule_vol_target_18pct,0.18,0.5149065728380893,0.4,0.4,0.6,0.0073125372559706804,False
2023-01-31,winner_retention_rule_vol_target_18pct,0.18,0.508397821833693,0.4,0.4,0.6,0.03157320297313656,False
2023-02-07,winner_retention_rule_vol_target_18pct,0.18,0.4752345116398925,0.4,0.4,0.6,0.00363088863717388,False
2023-02-14,winner_retention_rule_vol_target_18pct,0.18,0.414810052503833,0.4339335532335893,0.4339335532335893,0.5660664467664107,-0.03166146400273808,False
2023-02-22,winner_retention_rule_vol_target_18pct,0.18,0.4583761906503528,0.4,0.4,0.6,0.00459000149186316,False
2023-03-01,winner_retention_rule_vol_target_18pct,0.18,0.4574651398334707,0.4,0.4,0.6,0.0039341509786936,False
2023-03-08,winner_retention_rule_vol_target_18pct,0.18,0.43996683426752536,0.4091217473236847,0.4091217473236847,0.5908782526763152,-0.010861059428503178,False
2023-03-15,winner_retention_rule_vol_target_18pct,0.18,0.42989670579483386,0.41870523214919475,0.41870523214919475,0.5812947678508052,0.021536559987323945,False
2023-03-22,winner_retention_rule_vol_target_18pct,0.18,0.41097682716229544,0.43798089844349714,0.43798089844349714,0.5620191015565028,0.0009253697577476812,False
2023-03-29,winner_retention_rule_vol_target_18pct,0.18,0.41346635879088156,0.43534376176669404,0.43534376176669404,0.564656238233306,0.005666955013707398,False
2023-04-05,winner_retention_rule_vol_target_18pct,0.18,0.4133005263188526,0.43551843885418573,0.43551843885418573,0.5644815611458143,0.004490318511672874,False
2023-04-13,winner_retention_rule_vol_target_18pct,0.18,0.26564746904409814,0.6775897419527815,0.5855184388541858,0.41448156114581425,-0.018831736954637534,False
2023-04-20,winner_retention_rule_vol_target_18pct,0.18,0.27910625979887915,0.6449156680674449,0.6449156680674449,0.35508433193255506,-0.029755493127918555,False
2023-04-27,winner_retention_rule_vol_target_18pct,0.18,0.2974563540721811,0.6051307949411664,0.6051307949411664,0.3948692050588336,-0.028431674423436477,False
2023-05-04,winner_retention_rule_vol_target_18pct,0.18,0.25291290360530444,0.7117074591057947,0.7117074591057947,0.2882925408942053,0.03816026554047362,False
2023-05-11,winner_retention_rule_vol_target_18pct,0.18,0.2838407798986346,0.6341583477338306,0.6341583477338306,0.3658416522661694,0.03691668509408495,False
2023-05-18,winner_retention_rule_vol_target_18pct,0.18,0.2686171377368664,0.6700987193762948,0.6700987193762948,0.32990128062370516,0.10521015601890153,False
2023-05-25,winner_retention_rule_vol_target_18pct,0.18,0.41640956740024226,0.4322667250990143,0.5200987193762948,0.4799012806237052,0.0038425935436729813,False
2023-06-02,winner_retention_rule_vol_target_18pct,0.18,0.41663984238592733,0.43202781320483663,0.43202781320483663,0.5679721867951634,0.009880104477927134,False
2023-06-09,winner_retention_rule_vol_target_18pct,0.18,0.40484328754034177,0.44461648627943073,0.44461648627943073,0.5553835137205693,0.013875579069460995,False
2023-06-16,winner_retention_rule_vol_target_18pct,0.18,0.3997692524570082,0.45025974082225717,0.45025974082225717,0.5497402591777428,-0.006618423206579525,False
2023-06-26,winner_retention_rule_vol_target_18pct,0.18,0.4046857311676069,0.44478958890065284,0.44478958890065284,0.5552104110993472,0.025435082557238895,False
2023-07-03,winner_retention_rule_vol_target_18pct,0.18,0.41261014171694477,0.4362471539138319,0.4362471539138319,0.563752846086168,-0.00982979711784381,False
2023-07-11,winner_retention_rule_vol_target_18pct,0.18,0.4223967800906412,0.42613961205237927,0.42613961205237927,0.5738603879476207,0.03988787468752516,False
2023-07-18,winner_retention_rule_vol_target_18pct,0.18,0.43180047702484176,0.4168591967295221,0.4168591967295221,0.5831408032704779,-0.007517335065280079,False
2023-07-25,winner_retention_rule_vol_target_18pct,0.18,0.4120569512008885,0.4368328200153219,0.4368328200153219,0.563167179984678,-0.00150837723306468,False
2023-08-01,winner_retention_rule_vol_target_18pct,0.18,0.38156135528592083,0.471745887014994,0.471745887014994,0.528254112985006,-0.01303492487881831,False
2023-08-08,winner_retention_rule_vol_target_18pct,0.18,0.40011874947217374,0.4498664464923259,0.4498664464923259,0.5501335535076741,-0.004373893570096322,False
2023-08-15,winner_retention_rule_vol_target_18pct,0.18,0.40120522122404373,0.4486481991705765,0.4486481991705765,0.5513518008294235,0.0031612001401156212,False
2023-08-22,winner_retention_rule_vol_target_18pct,0.18,0.26032075555154083,0.6914546618406762,0.5986481991705765,0.40135180082942346,0.006875441816166594,False
2023-08-29,winner_retention_rule_vol_target_18pct,0.18,0.2602458688522433,0.6916536304451251,0.6916536304451251,0.30834636955487493,-0.01322053264015078,False
2023-09-06,winner_retention_rule_vol_target_18pct,0.18,0.2655361934970825,0.6778736925818653,0.6778736925818653,0.32212630741813475,0.015822790935083993,False
2023-09-13,winner_retention_rule_vol_target_18pct,0.18,0.2626410108443518,0.6853461286237315,0.6853461286237315,0.31465387137626855,-0.027713602614386424,False
2023-09-20,winner_retention_rule_vol_target_18pct,0.18,0.27753646343293426,0.6485634275710095,0.6485634275710095,0.3514365724289905,0.013128816151580902,False
2023-09-27,winner_retention_rule_vol_target_18pct,0.18,0.25383100115028256,0.70913323898301,0.70913323898301,0.29086676101699005,-0.055523154217272476,False
2023-10-04,winner_retention_rule_vol_target_18pct,0.18,0.30087311647086645,0.5982588345257805,0.5982588345257805,0.40174116547421945,0.025522469164351243,False
2023-10-11,winner_retention_rule_vol_target_18pct,0.18,0.2343538121172245,0.7680694347312919,0.7482588345257806,0.25174116547421943,-0.009967423774568891,False
2023-10-18,winner_retention_rule_vol_target_18pct,0.18,0.2335690114734047,0.7706501768557413,0.7706501768557413,0.22934982314425867,-0.07699671368436571,False
2023-10-25,winner_retention_rule_vol_target_18pct,0.18,0.30252493944677944,0.5949922685024314,0.6206501768557413,0.3793498231442587,-0.009268848834951052,False
2023-11-01,winner_retention_rule_vol_target_18pct,0.18,0.3012267149191111,0.5975565615033038,0.5975565615033038,0.40244343849669617,0.007336939112592649,False
2023-11-08,winner_retention_rule_vol_target_18pct,0.18,0.3062458486424364,0.5877630694356372,0.5877630694356372,0.41223693056436284,0.036782703571669864,False
2023-11-15,winner_retention_rule_vol_target_18pct,0.18,0.34270870815535337,0.5252273890817042,0.5252273890817042,0.4747726109182958,0.019167321378692086,False
2023-11-22,winner_retention_rule_vol_target_18pct,0.18,0.3531865337682519,0.5096457050033211,0.5096457050033211,0.49035429499667893,0.024542977142537906,False
2023-11-30,winner_retention_rule_vol_target_18pct,0.18,0.36858927660407914,0.4883484448011962,0.4883484448011962,0.5116515551988038,0.000986597906842837,False
2023-12-07,winner_retention_rule_vol_target_18pct,0.18,0.3648204397740892,0.4933934077582465,0.4933934077582465,0.5066065922417535,0.008374891345209754,False
2023-12-14,winner_retention_rule_vol_target_18pct,0.18,0.35555729070522185,0.5062475294571606,0.5062475294571606,0.49375247054283944,0.0066982832876358415,False
2023-12-21,winner_retention_rule_vol_target_18pct,0.18,0.3542342625141457,0.5081383114170444,0.5081383114170444,0.49186168858295565,0.006997983378910188,False
2023-12-29,winner_retention_rule_vol_target_18pct,0.18,0.3031794582241031,0.5937077698283512,0.5937077698283512,0.40629223017164884,-0.01076613143986629,False
2024-01-08,winner_retention_rule_vol_target_18pct,0.18,0.29858198476375747,0.6028494992503272,0.6028494992503272,0.39715050074967284,-0.006570556089798588,False
2024-01-16,winner_retention_rule_vol_target_18pct,0.18,0.2979216539578627,0.6041856897903056,0.6041856897903056,0.3958143102096944,0.037126339062819445,False
2024-01-23,winner_retention_rule_vol_target_18pct,0.18,0.2028874879562923,0.8871912300416331,0.7541856897903056,0.24581431020969435,0.026421063465531212,False
2024-01-30,winner_retention_rule_vol_target_18pct,0.18,0.1900826787681507,0.9469563516597489,0.9041856897903057,0.09581431020969433,0.005591970559709993,False
2024-02-06,winner_retention_rule_vol_target_18pct,0.18,0.19208866142086298,0.9370672827253612,0.9370672827253612,0.06293271727463878,0.024044711574030042,False
2024-02-13,winner_retention_rule_vol_target_18pct,0.18,0.1693948596851038,1.0,1.0,0.0,-0.0097845172467036,False
2024-02-21,winner_retention_rule_vol_target_18pct,0.18,0.17434921128340017,1.0,1.0,0.0,0.0174985836752784,False
2024-02-28,winner_retention_rule_vol_target_18pct,0.18,0.15789093088036127,1.0,1.0,0.0,0.0835254691200513,False
2024-03-06,winner_retention_rule_vol_target_18pct,0.18,0.2133500629536856,0.8436838382329173,0.85,0.15000000000000002,-0.021477611653581637,False
2024-03-13,winner_retention_rule_vol_target_18pct,0.18,0.2330372287072148,0.7724087734760605,0.7724087734760605,0.22759122652393948,-0.03205161376593416,False
2024-03-20,winner_retention_rule_vol_target_18pct,0.18,0.262256519828907,0.6863509060420302,0.6863509060420302,0.3136490939579698,0.0033770790056643647,False
2024-03-27,winner_retention_rule_vol_target_18pct,0.18,0.26253603179949253,0.6856201747479446,0.6856201747479446,0.31437982525205543,-0.014839282075008299,False
2024-04-04,winner_retention_rule_vol_target_18pct,0.18,0.2644610477224199,0.6806295352385097,0.6806295352385097,0.31937046476149034,0.03448917843864341,False
2024-04-11,winner_retention_rule_vol_target_18pct,0.18,0.2719633617472039,0.6618538572387337,0.6618538572387337,0.3381461427612663,-0.0406904680928306,False
2024-04-18,winner_retention_rule_vol_target_18pct,0.18,0.29352700678924376,0.6132314772972232,0.6132314772972232,0.38676852270277684,-0.03061688731768429,False
2024-04-25,winner_retention_rule_vol_target_18pct,0.18,0.305931768963123,0.5883664864556684,0.5883664864556684,0.41163351354433164,0.026385354785360776,False
2024-05-02,winner_retention_rule_vol_target_18pct,0.18,0.3209480191228728,0.5608384824805172,0.5608384824805172,0.43916151751948285,0.01280833840181519,False
2024-05-09,winner_retention_rule_vol_target_18pct,0.18,0.31999132736707975,0.5625152452757323,0.5625152452757323,0.43748475472426773,-0.0038430509829954045,False
2024-05-16,winner_retention_rule_vol_target_18pct,0.18,0.3195683972747893,0.5632597013190332,0.5632597013190332,0.43674029868096675,-0.029053241567777038,False
2024-05-23,winner_retention_rule_vol_target_18pct,0.18,0.3352158800447059,0.5369674013534036,0.5369674013534036,0.4630325986465964,0.01813739935829749,False
2024-05-31,winner_retention_rule_vol_target_18pct,0.18,0.2858106132950994,0.629787669270875,0.629787669270875,0.37021233072912496,0.016215871094022345,False
2024-06-07,winner_retention_rule_vol_target_18pct,0.18,0.29130002595895527,0.617919615377454,0.617919615377454,0.382080384622546,0.01292738194182697,False
2024-06-14,winner_retention_rule_vol_target_18pct,0.18,0.2823102633930027,0.6375963729998115,0.6375963729998115,0.36240362700018847,-0.059530469648699604,False
2024-06-24,winner_retention_rule_vol_target_18pct,0.18,0.34361201971532096,0.5238466342042637,0.5238466342042637,0.4761533657957363,0.02172030005496966,False
2024-07-01,winner_retention_rule_vol_target_18pct,0.18,0.3559774210200425,0.5056500479278024,0.5056500479278024,0.49434995207219756,0.0774667859745238,False
2024-07-09,winner_retention_rule_vol_target_18pct,0.18,0.47283951253194084,0.4,0.4,0.6,-0.0089579259593948,False
2024-07-16,winner_retention_rule_vol_target_18pct,0.18,0.4527286930749705,0.4,0.4,0.6,-0.03446350152573396,False
2024-07-23,winner_retention_rule_vol_target_18pct,0.18,0.4808665341184448,0.4,0.4,0.6,-0.050056507593865845,False
2024-07-30,winner_retention_rule_vol_target_18pct,0.18,0.5437258138578179,0.4,0.4,0.6,-0.025023694727443282,False
2024-08-06,winner_retention_rule_vol_target_18pct,0.18,0.5503965277118396,0.4,0.4,0.6,0.029265410620903723,False
2024-08-13,winner_retention_rule_vol_target_18pct,0.18,0.58009739262875,0.4,0.4,0.6,0.00534721973261856,False
2024-08-20,winner_retention_rule_vol_target_18pct,0.18,0.5725769548231444,0.4,0.4,0.6,-0.00384532888098688,False
2024-08-27,winner_retention_rule_vol_target_18pct,0.18,0.5667158097348348,0.4,0.4,0.6,-0.03962666289434888,False
2024-09-04,winner_retention_rule_vol_target_18pct,0.18,0.5927690980044793,0.4,0.4,0.6,-0.025897782827069882,False
2024-09-11,winner_retention_rule_vol_target_18pct,0.18,0.5941343340656842,0.4,0.4,0.6,-0.00687127337789468,False
2024-09-18,winner_retention_rule_vol_target_18pct,0.18,0.5724740501161949,0.4,0.4,0.6,0.05292308336999264,False
2024-09-25,winner_retention_rule_vol_target_18pct,0.18,0.6435188462301598,0.4,0.4,0.6,-0.01599580068792088,False
2024-10-02,winner_retention_rule_vol_target_18pct,0.18,0.5273307360281274,0.4,0.4,0.6,0.014169499431323042,False
2024-10-09,winner_retention_rule_vol_target_18pct,0.18,0.5425944487555446,0.4,0.4,0.6,0.0006251481318809201,False
2024-10-16,winner_retention_rule_vol_target_18pct,0.18,0.5229883334991385,0.4,0.4,0.6,-0.00043666021801444,False
2024-10-23,winner_retention_rule_vol_target_18pct,0.18,0.45726146510546767,0.4,0.4,0.6,-0.00068510927567344,False
2024-10-30,winner_retention_rule_vol_target_18pct,0.18,0.4369462664437737,0.4119499669032243,0.4119499669032243,0.5880500330967757,0.034044626643010535,False
2024-11-06,winner_retention_rule_vol_target_18pct,0.18,0.4446618139131059,0.40480201890053663,0.40480201890053663,0.5951979810994634,0.048317091113393204,False
2024-11-13,winner_retention_rule_vol_target_18pct,0.18,0.5072883422589493,0.4,0.4,0.6,0.047644947392133846,False
2024-11-20,winner_retention_rule_vol_target_18pct,0.18,0.5510161408372541,0.4,0.4,0.6,0.00832239014188632,False
2024-11-27,winner_retention_rule_vol_target_18pct,0.18,0.47767179784838115,0.4,0.4,0.6,0.015693586501315162,False
2024-12-05,winner_retention_rule_vol_target_18pct,0.18,0.42372476703332757,0.42480405679435373,0.42480405679435373,0.5751959432056463,0.05831826647440642,False
2024-12-12,winner_retention_rule_vol_target_18pct,0.18,0.44521500967899913,0.4042990377385981,0.4042990377385981,0.5957009622614019,-0.012321809277845243,False
2024-12-19,winner_retention_rule_vol_target_18pct,0.18,0.4383049805583481,0.41067295144741806,0.41067295144741806,0.5893270485525819,0.019913421909783045,False
2024-12-27,winner_retention_rule_vol_target_18pct,0.18,0.39856929154798976,0.4516153246551035,0.4516153246551035,0.5483846753448964,-0.01576924810991281,False
2025-01-06,winner_retention_rule_vol_target_18pct,0.18,0.43412661619275783,0.4146255799254604,0.4146255799254604,0.5853744200745397,-0.017677638537331043,False
2025-01-14,winner_retention_rule_vol_target_18pct,0.18,0.46237000140270046,0.4,0.4,0.6,0.0238892288855634,False
2025-01-22,winner_retention_rule_vol_target_18pct,0.18,0.45531217300288346,0.4,0.4,0.6,-0.049385799860822324,False
2025-01-29,winner_retention_rule_vol_target_18pct,0.18,0.568769015555592,0.4,0.4,0.6,0.013224093486300402,False
2025-02-05,winner_retention_rule_vol_target_18pct,0.18,0.5574975260392501,0.4,0.4,0.6,0.00851595029827776,False
2025-02-12,winner_retention_rule_vol_target_18pct,0.18,0.5180398898602389,0.4,0.4,0.6,0.01037668524764216,False
2025-02-20,winner_retention_rule_vol_target_18pct,0.18,0.4680356569147928,0.4,0.4,0.6,-0.048524353751144,False
2025-02-27,winner_retention_rule_vol_target_18pct,0.18,0.5442125937141989,0.4,0.4,0.6,-0.038822616626821765,False
2025-03-06,winner_retention_rule_vol_target_18pct,0.18,0.5722963021766407,0.4,0.4,0.6,0.04170763904976228,False
2025-03-13,winner_retention_rule_vol_target_18pct,0.18,0.5348146950837511,0.4,0.4,0.6,0.0013370475285480801,False
2025-03-20,winner_retention_rule_vol_target_18pct,0.18,0.5342487669198924,0.4,0.4,0.6,-0.012737703221313122,False
2025-03-27,winner_retention_rule_vol_target_18pct,0.18,0.5183616881771901,0.4,0.4,0.6,-0.0305204163025318,False
2025-04-03,winner_retention_rule_vol_target_18pct,0.18,0.5321589293993555,0.4,0.4,0.6,-0.033871809761211645,False
2025-04-10,winner_retention_rule_vol_target_18pct,0.18,0.5474874130150741,0.4,0.4,0.6,-0.020044364756642962,False
2025-04-17,winner_retention_rule_vol_target_18pct,0.18,0.5148225340439582,0.4,0.4,0.6,0.037030849264267765,False
2025-04-25,winner_retention_rule_vol_target_18pct,0.18,0.531717224199367,0.4,0.4,0.6,-0.00227458969941636,False
2025-05-02,winner_retention_rule_vol_target_18pct,0.18,0.5211137410239418,0.4,0.4,0.6,0.018024572430394122,False
2025-05-09,winner_retention_rule_vol_target_18pct,0.18,0.5319252029834188,0.4,0.4,0.6,0.0444279020979124,False
2025-05-16,winner_retention_rule_vol_target_18pct,0.18,0.5904093130563027,0.4,0.4,0.6,-0.012949086554198082,False
2025-05-23,winner_retention_rule_vol_target_18pct,0.18,0.5370307937783989,0.4,0.4,0.6,0.01945431733620664,False
2025-06-02,winner_retention_rule_vol_target_18pct,0.18,0.49905045315587204,0.4,0.4,0.6,-0.02346960205698096,False
2025-06-09,winner_retention_rule_vol_target_18pct,0.18,0.46827706414454184,0.4,0.4,0.6,0.010544871118395641,False
2025-06-16,winner_retention_rule_vol_target_18pct,0.18,0.4722572873831235,0.4,0.4,0.6,0.027644966177906485,False
2025-06-24,winner_retention_rule_vol_target_18pct,0.18,0.487974774845027,0.4,0.4,0.6,-0.0052042221761945204,False
2025-07-01,winner_retention_rule_vol_target_18pct,0.18,0.45328814329949874,0.4,0.4,0.6,0.00547258960071052,False
2025-07-09,winner_retention_rule_vol_target_18pct,0.18,0.3962180527387926,0.45429530218469194,0.45429530218469194,0.5457046978153081,0.02829515333862144,False
2025-07-16,winner_retention_rule_vol_target_18pct,0.18,0.3695520819346464,0.4870761356766816,0.4870761356766816,0.5129238643233184,-0.0030140039055300953,False
2025-07-23,winner_retention_rule_vol_target_18pct,0.18,0.3468065099845671,0.5190213990158663,0.5190213990158663,0.4809786009841337,0.04702269573650091,False
2025-07-30,winner_retention_rule_vol_target_18pct,0.18,0.3682111787986163,0.4888499056093199,0.4888499056093199,0.5111500943906802,-0.021650475387575422,False
2025-08-06,winner_retention_rule_vol_target_18pct,0.18,0.39658932742691666,0.4538700049440194,0.4538700049440194,0.5461299950559806,0.04344434789469315,False
2025-08-13,winner_retention_rule_vol_target_18pct,0.18,0.38128176225456817,0.4720918171790773,0.4720918171790773,0.5279081828209227,-0.035367055527481706,False
2025-08-20,winner_retention_rule_vol_target_18pct,0.18,0.4180698690424808,0.43055004277696435,0.43055004277696435,0.5694499572230356,0.007554584596980762,False
2025-08-27,winner_retention_rule_vol_target_18pct,0.18,0.4120498041817246,0.43684039689681625,0.43684039689681625,0.5631596031031838,-0.018901039433648122,False
2025-09-04,winner_retention_rule_vol_target_18pct,0.18,0.40008806819960785,0.44990094508441136,0.44990094508441136,0.5500990549155886,0.00781467285700288,False
2025-09-11,winner_retention_rule_vol_target_18pct,0.18,0.3994367074819968,0.4506345977431553,0.4506345977431553,0.5493654022568447,0.001983038354220319,False
2025-09-18,winner_retention_rule_vol_target_18pct,0.18,0.38049314775750537,0.47307028013738894,0.47307028013738894,0.5269297198626111,0.016211265482503612,False
2025-09-25,winner_retention_rule_vol_target_18pct,0.18,0.3797052954075407,0.4740518559447652,0.4740518559447652,0.5259481440552348,0.0301413749609271,False
2025-10-02,winner_retention_rule_vol_target_18pct,0.18,0.3935531111897669,0.4573715589640099,0.4573715589640099,0.5426284410359901,0.0028242235796077085,False
2025-10-09,winner_retention_rule_vol_target_18pct,0.18,0.38085420035016926,0.47262180602052534,0.47262180602052534,0.5273781939794746,-0.005327377877545611,False
2025-10-16,winner_retention_rule_vol_target_18pct,0.18,0.38224061467483805,0.4709075725851927,0.4709075725851927,0.5290924274148072,0.008868099373937064,False
2025-10-23,winner_retention_rule_vol_target_18pct,0.18,0.34009589920844185,0.5292624827848322,0.5292624827848322,0.47073751721516777,0.03622339658785801,False
2025-10-30,winner_retention_rule_vol_target_18pct,0.18,0.34067205174310444,0.5283673817062493,0.5283673817062493,0.4716326182937507,-0.0030279160976572042,False
2025-11-06,winner_retention_rule_vol_target_18pct,0.18,0.29064455755043295,0.6193131621560338,0.6193131621560338,0.3806868378439662,0.00973295527929941,False
2025-11-13,winner_retention_rule_vol_target_18pct,0.18,0.2212215339178804,0.8136640082552621,0.7693131621560338,0.23068683784396615,0.016796416228354264,False
2025-11-20,winner_retention_rule_vol_target_18pct,0.18,0.221589442130337,0.812313069925622,0.812313069925622,0.18768693007437798,-0.00826854963346834,False
2025-11-28,winner_retention_rule_vol_target_18pct,0.18,0.18788551179434146,0.9580302295848501,0.9580302295848501,0.04196977041514993,0.0033597763778709807,False
2025-12-05,winner_retention_rule_vol_target_18pct,0.18,0.190528153663236,0.9447422679493088,0.9447422679493088,0.05525773205069118,-0.05655889746670959,False
2025-12-12,winner_retention_rule_vol_target_18pct,0.18,0.2494506768819953,0.7215855344627927,0.7947422679493088,0.2052577320506912,0.0030390492925302486,False
2025-12-19,winner_retention_rule_vol_target_18pct,0.18,0.24465405885418673,0.7357327356145749,0.7357327356145749,0.26426726438542514,0.0031296805577309835,False
2025-12-29,winner_retention_rule_vol_target_18pct,0.18,0.21156760713671038,0.8507918694929887,0.8507918694929887,0.14920813050701132,0.03989785203912752,False
2026-01-06,winner_retention_rule_vol_target_18pct,0.18,0.2292780298576243,0.7850730404120069,0.7850730404120069,0.21492695958799313,0.03801054556396897,False
2026-01-13,winner_retention_rule_vol_target_18pct,0.18,0.23902907433129056,0.7530464672700142,0.7530464672700142,0.24695353272998577,0.08461989181353095,False
2026-01-21,winner_retention_rule_vol_target_18pct,0.18,0.316794367313585,0.5681919206026271,0.6030464672700142,0.3969535327299858,0.006169794498533541,False
2026-01-28,winner_retention_rule_vol_target_18pct,0.18,0.29795516723310045,0.6041177324479151,0.6041177324479151,0.3958822675520849,-0.05309345172291325,False
2026-02-04,winner_retention_rule_vol_target_18pct,0.18,0.3674440105867767,0.4898705511965084,0.4898705511965084,0.5101294488034915,-0.004966608862534805,False
2026-02-11,winner_retention_rule_vol_target_18pct,0.18,0.3691844910889999,0.4875611092682848,0.4875611092682848,0.5124388907317152,-0.02768395899443838,False
2026-02-19,winner_retention_rule_vol_target_18pct,0.18,0.38994992327322037,0.4615977315473969,0.4615977315473969,0.5384022684526031,-0.008386945447329564,False
2026-02-26,winner_retention_rule_vol_target_18pct,0.18,0.39133045712412523,0.45996930911745054,0.45996930911745054,0.5400306908825494,-0.015388755319061958,False
2026-03-05,winner_retention_rule_vol_target_18pct,0.18,0.3971811092373392,0.45319375925414257,0.45319375925414257,0.5468062407458574,-0.017159924401371204,False
2026-03-12,winner_retention_rule_vol_target_18pct,0.18,0.38478881689108796,0.46778906272358706,0.46778906272358706,0.532210937276413,0.033339939538601586,False
2026-03-19,winner_retention_rule_vol_target_18pct,0.18,0.41384295288214845,0.434947602094989,0.434947602094989,0.565052397905011,0.0018079888167253876,False
2026-03-26,winner_retention_rule_vol_target_18pct,0.18,0.4138428259663454,0.43494773548312754,0.43494773548312754,0.5650522645168725,0.005592178217498641,False
2026-04-02,winner_retention_rule_vol_target_18pct,0.18,0.4030883634635373,0.4465522111661814,0.4465522111661814,0.5534477888338186,0.01646854969933006,False
2026-04-10,winner_retention_rule_vol_target_18pct,0.18,0.3973619484388764,0.4529875110265829,0.4529875110265829,0.5470124889734171,0.053046800949006635,False
2026-04-17,winner_retention_rule_vol_target_18pct,0.18,0.40376721865689785,0.44580142141988854,0.44580142141988854,0.5541985785801115,0.10126955436063201,False
2026-04-24,winner_retention_rule_vol_target_18pct,0.18,0.6223352479717831,0.4,0.4,0.6,0.04870609356987908,False
2026-05-01,winner_retention_rule_vol_target_18pct,0.18,0.6052298936786116,0.4,0.4,0.6,0.10329757469901568,False
2026-05-08,winner_retention_rule_vol_target_18pct,0.18,0.7492891579744692,0.4,0.4,0.6,-0.0395167791246514,False
2026-05-15,winner_retention_rule_vol_target_18pct,0.18,0.7842793665784119,0.4,0.4,0.6,0.04082646565328432,False
2022-01-03,winner_retention_rule_vol_target_20pct,0.2,,,1.0,0.0,-0.0908153547360555,False
2022-01-10,winner_retention_rule_vol_target_20pct,0.2,,,1.0,0.0,-0.04896071207339,False
2022-01-18,winner_retention_rule_vol_target_20pct,0.2,,,1.0,0.0,-0.0845256749376999,False
2022-01-25,winner_retention_rule_vol_target_20pct,0.2,,,1.0,0.0,0.1175047532534843,False
2022-02-01,winner_retention_rule_vol_target_20pct,0.2,0.7070785465957184,0.4,0.85,0.15000000000000002,-0.021939162618289394,False
2022-02-08,winner_retention_rule_vol_target_20pct,0.2,0.6123547100986574,0.4,0.7,0.30000000000000004,0.022052673099597627,False
2022-02-15,winner_retention_rule_vol_target_20pct,0.2,0.5738144467798522,0.4,0.5499999999999999,0.45000000000000007,-0.0023261936558728446,False
2022-02-23,winner_retention_rule_vol_target_20pct,0.2,0.5249507099959347,0.4,0.4,0.6,0.03232978502912744,False
2022-03-02,winner_retention_rule_vol_target_20pct,0.2,0.544201508885291,0.4,0.4,0.6,0.0025386272659669203,False
2022-03-09,winner_retention_rule_vol_target_20pct,0.2,0.5095579066787832,0.4,0.4,0.6,-0.033526926103112045,False
2022-03-16,winner_retention_rule_vol_target_20pct,0.2,0.5154732369983255,0.4,0.4,0.6,0.0799154762624574,False
2022-03-23,winner_retention_rule_vol_target_20pct,0.2,0.6695546648650826,0.4,0.4,0.6,0.005596770075938401,False
2022-03-30,winner_retention_rule_vol_target_20pct,0.2,0.6384839042580769,0.4,0.4,0.6,-0.03252979972377504,False
2022-04-06,winner_retention_rule_vol_target_20pct,0.2,0.6316941396803679,0.4,0.4,0.6,-0.01191619827414524,False
2022-04-13,winner_retention_rule_vol_target_20pct,0.2,0.6244139592066997,0.4,0.4,0.6,-0.0033193150050435205,False
2022-04-21,winner_retention_rule_vol_target_20pct,0.2,0.5878497349024189,0.4,0.4,0.6,-0.03614260235381548,False
2022-04-28,winner_retention_rule_vol_target_20pct,0.2,0.580800513505698,0.4,0.4,0.6,-0.00832709349089252,False
2022-05-05,winner_retention_rule_vol_target_20pct,0.2,0.5798104501551213,0.4,0.4,0.6,-0.02493155499129228,False
2022-05-12,winner_retention_rule_vol_target_20pct,0.2,0.5894448119883594,0.4,0.4,0.6,0.0174938063729454,False
2022-05-19,winner_retention_rule_vol_target_20pct,0.2,0.5987970368964666,0.4,0.4,0.6,0.020565363239554962,False
2022-05-26,winner_retention_rule_vol_target_20pct,0.2,0.5822560303296891,0.4,0.4,0.6,0.0075741109170788,False
2022-06-03,winner_retention_rule_vol_target_20pct,0.2,0.5840212321451956,0.4,0.4,0.6,-0.029458315676225602,False
2022-06-10,winner_retention_rule_vol_target_20pct,0.2,0.5777849924725517,0.4,0.4,0.6,-0.05320074856333104,False
2022-06-17,winner_retention_rule_vol_target_20pct,0.2,0.4176676530855047,0.47884962726346475,0.47884962726346475,0.5211503727365352,0.038691891801785915,False
2022-06-27,winner_retention_rule_vol_target_20pct,0.2,0.471534520772502,0.4241471009849831,0.4241471009849831,0.5758528990150169,-0.01448612263046354,False
2022-07-05,winner_retention_rule_vol_target_20pct,0.2,0.4549600505178379,0.4395990368217143,0.4395990368217143,0.5604009631782857,-0.008315140237558454,False
2022-07-12,winner_retention_rule_vol_target_20pct,0.2,0.45458038391854594,0.43996619096489004,0.43996619096489004,0.56003380903511,0.03955655396879924,False
2022-07-19,winner_retention_rule_vol_target_20pct,0.2,0.5098990261962683,0.4,0.4,0.6,0.007463855323852801,False
2022-07-26,winner_retention_rule_vol_target_20pct,0.2,0.48064094192527895,0.41611103539966904,0.41611103539966904,0.5838889646003309,0.010693328078945753,False
2022-08-02,winner_retention_rule_vol_target_20pct,0.2,0.4823759906232174,0.41461433381376456,0.41461433381376456,0.5853856661862354,-0.009997292329968276,False
2022-08-09,winner_retention_rule_vol_target_20pct,0.2,0.46499942103024083,0.43010806240765875,0.43010806240765875,0.5698919375923412,0.02007566682640832,False
2022-08-16,winner_retention_rule_vol_target_20pct,0.2,0.4662371546532423,0.4289662417589764,0.4289662417589764,0.5710337582410236,0.008818309420054259,False
2022-08-23,winner_retention_rule_vol_target_20pct,0.2,0.45567968859491564,0.4389047943231753,0.4389047943231753,0.5610952056768247,0.0240231325864226,False
2022-08-30,winner_retention_rule_vol_target_20pct,0.2,0.4681396671273072,0.4272229294887149,0.4272229294887149,0.5727770705112851,0.02635594173538975,False
2022-09-07,winner_retention_rule_vol_target_20pct,0.2,0.44558640672124106,0.4488467264332865,0.4488467264332865,0.5511532735667135,0.031812153507527315,False
2022-09-14,winner_retention_rule_vol_target_20pct,0.2,0.30272858179351964,0.6606578038158712,0.5988467264332865,0.4011532735667135,-0.046544776714509184,False
2022-09-21,winner_retention_rule_vol_target_20pct,0.2,0.3585772862060558,0.5577598127201798,0.5577598127201798,0.4422401872798202,-0.015271701514929636,False
2022-09-28,winner_retention_rule_vol_target_20pct,0.2,0.3540199371068849,0.5649399342716014,0.5649399342716014,0.4350600657283986,0.0630837171675818,False
2022-10-05,winner_retention_rule_vol_target_20pct,0.2,0.3888369352474521,0.5143544295058337,0.5143544295058337,0.48564557049416635,-0.03302980971066369,False
2022-10-12,winner_retention_rule_vol_target_20pct,0.2,0.4101913170655413,0.48757736129271495,0.48757736129271495,0.512422638707285,0.0584608938846,False
2022-10-19,winner_retention_rule_vol_target_20pct,0.2,0.46191853197197913,0.43297678304046133,0.43297678304046133,0.5670232169595386,0.05642025864554234,False
2022-10-26,winner_retention_rule_vol_target_20pct,0.2,0.5100255927686193,0.4,0.4,0.6,-0.00857915908995492,False
2022-11-02,winner_retention_rule_vol_target_20pct,0.2,0.5085828659828732,0.4,0.4,0.6,-0.03008546214350712,False
2022-11-09,winner_retention_rule_vol_target_20pct,0.2,0.5570457344392566,0.4,0.4,0.6,0.053257864056608,False
2022-11-16,winner_retention_rule_vol_target_20pct,0.2,0.6002820091267865,0.4,0.4,0.6,0.00556320627836936,False
2022-11-23,winner_retention_rule_vol_target_20pct,0.2,0.5998535779235057,0.4,0.4,0.6,0.010285322521333322,False
2022-12-01,winner_retention_rule_vol_target_20pct,0.2,0.5958832837471282,0.4,0.4,0.6,-0.01745579841293572,False
2022-12-08,winner_retention_rule_vol_target_20pct,0.2,0.6048451958123653,0.4,0.4,0.6,-0.01767040308429404,False
2022-12-15,winner_retention_rule_vol_target_20pct,0.2,0.5831176536370332,0.4,0.4,0.6,-0.0173599462507064,False
2022-12-22,winner_retention_rule_vol_target_20pct,0.2,0.5904048538251109,0.4,0.4,0.6,0.0129478313057534,False
2022-12-30,winner_retention_rule_vol_target_20pct,0.2,0.5541850764919696,0.4,0.4,0.6,0.01320888004708496,False
2023-01-09,winner_retention_rule_vol_target_20pct,0.2,0.5257807430505063,0.4,0.4,0.6,0.06426260239047704,False
2023-01-17,winner_retention_rule_vol_target_20pct,0.2,0.5671281897613581,0.4,0.4,0.6,0.0009005973009786801,False
2023-01-24,winner_retention_rule_vol_target_20pct,0.2,0.5149065728380893,0.4,0.4,0.6,0.0073125372559706804,False
2023-01-31,winner_retention_rule_vol_target_20pct,0.2,0.508397821833693,0.4,0.4,0.6,0.03157320297313656,False
2023-02-07,winner_retention_rule_vol_target_20pct,0.2,0.4752345116398925,0.4208448568052427,0.4208448568052427,0.5791551431947572,0.0038201020214680605,False
2023-02-14,winner_retention_rule_vol_target_20pct,0.2,0.414810052503833,0.48214839248176594,0.48214839248176594,0.517851607518234,-0.03517940444748676,False
2023-02-22,winner_retention_rule_vol_target_20pct,0.2,0.4583761906503528,0.43632283717929643,0.43632283717929643,0.5636771628207036,0.005006806183967343,False
2023-03-01,winner_retention_rule_vol_target_20pct,0.2,0.4574651398334707,0.43719178268491726,0.43719178268491726,0.5628082173150828,0.004299946199316667,False
2023-03-08,winner_retention_rule_vol_target_20pct,0.2,0.43996683426752536,0.4545797192485386,0.4545797192485386,0.5454202807514614,-0.012067843809447977,False
2023-03-15,winner_retention_rule_vol_target_20pct,0.2,0.42989670579483386,0.46522803572132754,0.46522803572132754,0.5347719642786725,0.02392951109702661,False
2023-03-22,winner_retention_rule_vol_target_20pct,0.2,0.41097682716229544,0.4866454427149969,0.4866454427149969,0.5133545572850031,0.001028188619719646,False
2023-03-29,winner_retention_rule_vol_target_20pct,0.2,0.41346635879088156,0.48371529085188236,0.48371529085188236,0.5162847091481176,0.00629661668189711,False
2023-04-05,winner_retention_rule_vol_target_20pct,0.2,0.4133005263188526,0.4839093765046509,0.4839093765046509,0.5160906234953491,0.004989242790747639,False
2023-04-13,winner_retention_rule_vol_target_20pct,0.2,0.26564746904409814,0.7528774910586463,0.6339093765046508,0.36609062349534915,-0.020388110500456417,False
2023-04-20,winner_retention_rule_vol_target_20pct,0.2,0.27910625979887915,0.7165729645193833,0.7165729645193833,0.28342703548061665,-0.03306165903102062,False
2023-04-27,winner_retention_rule_vol_target_20pct,0.2,0.2974563540721811,0.6723675499346294,0.6723675499346294,0.32763245006537056,-0.03159074935937387,False
2023-05-04,winner_retention_rule_vol_target_20pct,0.2,0.25291290360530444,0.7907860656731053,0.7907860656731053,0.20921393432689472,0.0424002950449707,False
2023-05-11,winner_retention_rule_vol_target_20pct,0.2,0.2838407798986346,0.704620386370923,0.704620386370923,0.29537961362907705,0.04101853899342773,False
2023-05-18,winner_retention_rule_vol_target_20pct,0.2,0.2686171377368664,0.7445541326403278,0.7445541326403278,0.25544586735967223,0.11690017335433507,False
2023-05-25,winner_retention_rule_vol_target_20pct,0.2,0.41640956740024226,0.48029636122112707,0.5945541326403277,0.40544586735967225,0.004392685054459571,False
2023-06-02,winner_retention_rule_vol_target_20pct,0.2,0.41663984238592733,0.48003090356092964,0.48003090356092964,0.5199690964390704,0.010977893864363484,False
2023-06-09,winner_retention_rule_vol_target_20pct,0.2,0.40484328754034177,0.4940183180882564,0.4940183180882564,0.5059816819117435,0.015417310077178885,False
2023-06-16,winner_retention_rule_vol_target_20pct,0.2,0.3997692524570082,0.5002886009136192,0.5002886009136192,0.49971139908638085,-0.007353803562866141,False
2023-06-26,winner_retention_rule_vol_target_20pct,0.2,0.4046857311676069,0.49421065433405875,0.49421065433405875,0.5057893456659412,0.028261202841376554,False
2023-07-03,winner_retention_rule_vol_target_20pct,0.2,0.41261014171694477,0.4847190599042577,0.4847190599042577,0.5152809400957423,-0.010921996797604234,False
2023-07-11,winner_retention_rule_vol_target_20pct,0.2,0.4223967800906412,0.473488457835977,0.473488457835977,0.526511542164023,0.04431986076391684,False
2023-07-18,winner_retention_rule_vol_target_20pct,0.2,0.43180047702484176,0.4631768852550246,0.4631768852550246,0.5368231147449753,-0.008352594516977866,False
2023-07-25,winner_retention_rule_vol_target_20pct,0.2,0.4120569512008885,0.4853698000170244,0.4853698000170244,0.5146301999829757,-0.0016759747034052002,False
2023-08-01,winner_retention_rule_vol_target_20pct,0.2,0.38156135528592083,0.5241620966833267,0.5241620966833267,0.4758379033166733,-0.01448324986535368,False
2023-08-08,winner_retention_rule_vol_target_20pct,0.2,0.40011874947217374,0.4998516072136955,0.4998516072136955,0.5001483927863045,-0.00485988174455147,False
2023-08-15,winner_retention_rule_vol_target_20pct,0.2,0.40120522122404373,0.4984979990784184,0.4984979990784184,0.5015020009215816,0.003512444600128468,False
2023-08-22,winner_retention_rule_vol_target_20pct,0.2,0.26032075555154083,0.7682829576007514,0.6484979990784184,0.35150200092158157,0.007447964040886851,False
2023-08-29,winner_retention_rule_vol_target_20pct,0.2,0.2602458688522433,0.7685040338279169,0.7685040338279169,0.23149596617208312,-0.014689480711278647,False
2023-09-06,winner_retention_rule_vol_target_20pct,0.2,0.2655361934970825,0.7531929917576281,0.7531929917576281,0.2468070082423719,0.01758087881675999,False
2023-09-13,winner_retention_rule_vol_target_20pct,0.2,0.2626410108443518,0.7614956984708128,0.7614956984708128,0.23850430152918722,-0.030792891793762697,False
2023-09-20,winner_retention_rule_vol_target_20pct,0.2,0.27753646343293426,0.7206260306344551,0.7206260306344551,0.2793739693655449,0.01458757350175656,False
2023-09-27,winner_retention_rule_vol_target_20pct,0.2,0.25383100115028256,0.7879258210922333,0.7879258210922333,0.2120741789077667,-0.0616923935747472,False
2023-10-04,winner_retention_rule_vol_target_20pct,0.2,0.30087311647086645,0.6647320383619785,0.6647320383619785,0.3352679616380215,0.028358299071501385,False
2023-10-11,winner_retention_rule_vol_target_20pct,0.2,0.2343538121172245,0.8534104830347687,0.8147320383619785,0.1852679616380215,-0.0108529015821361,False
2023-10-18,winner_retention_rule_vol_target_20pct,0.2,0.2335690114734047,0.8562779742841571,0.8562779742841571,0.14372202571584292,-0.08555190409373968,False
2023-10-25,winner_retention_rule_vol_target_20pct,0.2,0.30252493944677944,0.6611025205582571,0.7062779742841571,0.29372202571584294,-0.010547622514601947,False
2023-11-01,winner_retention_rule_vol_target_20pct,0.2,0.3012267149191111,0.663951735003671,0.663951735003671,0.336048264996329,0.008152154569547388,False
2023-11-08,winner_retention_rule_vol_target_20pct,0.2,0.3062458486424364,0.6530700771507081,0.6530700771507081,0.3469299228492919,0.040869670635188746,False
2023-11-15,winner_retention_rule_vol_target_20pct,0.2,0.34270870815535337,0.5835859878685603,0.5835859878685603,0.4164140121314397,0.02129702375410232,False
2023-11-22,winner_retention_rule_vol_target_20pct,0.2,0.3531865337682519,0.5662730055592456,0.5662730055592456,0.43372699444075435,0.027269974602819897,False
2023-11-30,winner_retention_rule_vol_target_20pct,0.2,0.36858927660407914,0.5426093831124403,0.5426093831124403,0.45739061688755966,0.0010962198964920415,False
2023-12-07,winner_retention_rule_vol_target_20pct,0.2,0.3648204397740892,0.5482148975091629,0.5482148975091629,0.45178510249083714,0.009305434828010838,False
2023-12-14,winner_retention_rule_vol_target_20pct,0.2,0.35555729070522185,0.5624972549524007,0.5624972549524007,0.43750274504759934,0.0074425369862620465,False
2023-12-21,winner_retention_rule_vol_target_20pct,0.2,0.3542342625141457,0.5645981237967159,0.5645981237967159,0.4354018762032841,0.007775537087677987,False
2023-12-29,winner_retention_rule_vol_target_20pct,0.2,0.3031794582241031,0.6596752998092791,0.6596752998092791,0.3403247001907209,-0.011962368266518099,False
2024-01-08,winner_retention_rule_vol_target_20pct,0.2,0.29858198476375747,0.669832776944808,0.669832776944808,0.33016722305519197,-0.0073006178775539875,False
2024-01-16,winner_retention_rule_vol_target_20pct,0.2,0.2979216539578627,0.6713174331003396,0.6713174331003396,0.32868256689966036,0.041251487847577165,False
2024-01-23,winner_retention_rule_vol_target_20pct,0.2,0.2028874879562923,0.9857680333795925,0.8213174331003397,0.17868256689966033,0.02877286100631897,False
2024-01-30,winner_retention_rule_vol_target_20pct,0.2,0.1900826787681507,1.0,0.9713174331003397,0.02868256689966031,0.006007149362527342,False
2024-02-06,winner_retention_rule_vol_target_20pct,0.2,0.19208866142086298,1.0,1.0,0.0,0.0256595358917009,False
2024-02-13,winner_retention_rule_vol_target_20pct,0.2,0.1693948596851038,1.0,1.0,0.0,-0.0097845172467036,False
2024-02-21,winner_retention_rule_vol_target_20pct,0.2,0.17434921128340017,1.0,1.0,0.0,0.0174985836752784,False
2024-02-28,winner_retention_rule_vol_target_20pct,0.2,0.15789093088036127,1.0,1.0,0.0,0.0835254691200513,False
2024-03-06,winner_retention_rule_vol_target_20pct,0.2,0.2133500629536856,0.9374264869254637,0.9374264869254637,0.06257351307453629,-0.02368668475290169,False
2024-03-13,winner_retention_rule_vol_target_20pct,0.2,0.2330372287072148,0.8582319705289563,0.8582319705289563,0.14176802947104372,-0.0356129041843713,False
2024-03-20,winner_retention_rule_vol_target_20pct,0.2,0.262256519828907,0.7626121178244781,0.7626121178244781,0.23738788217552187,0.003752310006293739,False
2024-03-27,winner_retention_rule_vol_target_20pct,0.2,0.26253603179949253,0.7618001941643829,0.7618001941643829,0.23819980583561706,-0.01648809119445367,False
2024-04-04,winner_retention_rule_vol_target_20pct,0.2,0.2644610477224199,0.7562550391538997,0.7562550391538997,0.2437449608461003,0.03832130937627046,False
2024-04-11,winner_retention_rule_vol_target_20pct,0.2,0.2719633617472039,0.7353931747097042,0.7353931747097042,0.2646068252902958,-0.045211631214256226,False
2024-04-18,winner_retention_rule_vol_target_20pct,0.2,0.29352700678924376,0.6813683081080257,0.6813683081080257,0.31863169189197427,-0.03401876368631588,False
2024-04-25,winner_retention_rule_vol_target_20pct,0.2,0.305931768963123,0.6537405405062983,0.6537405405062983,0.34625945949370174,0.02931706087262309,False
2024-05-02,winner_retention_rule_vol_target_20pct,0.2,0.3209480191228728,0.6231538694227969,0.6231538694227969,0.37684613057720306,0.01423148711312799,False
2024-05-09,winner_retention_rule_vol_target_20pct,0.2,0.31999132736707975,0.6250169391952581,0.6250169391952581,0.37498306080474186,-0.004270056647772672,False
2024-05-16,winner_retention_rule_vol_target_20pct,0.2,0.3195683972747893,0.6258441125767037,0.6258441125767037,0.3741558874232963,-0.03228137951975227,False
2024-05-23,winner_retention_rule_vol_target_20pct,0.2,0.3352158800447059,0.5966304459482262,0.5966304459482262,0.40336955405177377,0.020152665953663877,False
2024-05-31,winner_retention_rule_vol_target_20pct,0.2,0.2858106132950994,0.699764076967639,0.699764076967639,0.300235923032361,0.018017634548913718,False
2024-06-07,winner_retention_rule_vol_target_20pct,0.2,0.29130002595895527,0.6865773504193934,0.6865773504193934,0.3134226495806066,0.014363757713141079,False
2024-06-14,winner_retention_rule_vol_target_20pct,0.2,0.2823102633930027,0.7084404144442351,0.7084404144442351,0.2915595855557649,-0.0661449662763329,False
2024-06-24,winner_retention_rule_vol_target_20pct,0.2,0.34361201971532096,0.5820518157825153,0.5820518157825153,0.4179481842174847,0.024133666727744068,False
2024-07-01,winner_retention_rule_vol_target_20pct,0.2,0.3559774210200425,0.5618333865864472,0.5618333865864472,0.4381666134135528,0.0860742066383598,False
2024-07-09,winner_retention_rule_vol_target_20pct,0.2,0.47283951253194084,0.422976495616977,0.422976495616977,0.577023504383023,-0.009472480325752897,False
2024-07-16,winner_retention_rule_vol_target_20pct,0.2,0.4527286930749705,0.4417656823153478,0.4417656823153478,0.5582343176846523,-0.038061980666229726,False
2024-07-23,winner_retention_rule_vol_target_20pct,0.2,0.4808665341184448,0.415915822394779,0.415915822394779,0.584084177605221,-0.05204823380528303,False
2024-07-30,winner_retention_rule_vol_target_20pct,0.2,0.5437258138578179,0.4,0.4,0.6,-0.025023694727443282,False
2024-08-06,winner_retention_rule_vol_target_20pct,0.2,0.5503965277118396,0.4,0.4,0.6,0.029265410620903723,False
2024-08-13,winner_retention_rule_vol_target_20pct,0.2,0.58009739262875,0.4,0.4,0.6,0.00534721973261856,False
2024-08-20,winner_retention_rule_vol_target_20pct,0.2,0.5725769548231444,0.4,0.4,0.6,-0.00384532888098688,False
2024-08-27,winner_retention_rule_vol_target_20pct,0.2,0.5667158097348348,0.4,0.4,0.6,-0.03962666289434888,False
2024-09-04,winner_retention_rule_vol_target_20pct,0.2,0.5927690980044793,0.4,0.4,0.6,-0.025897782827069882,False
2024-09-11,winner_retention_rule_vol_target_20pct,0.2,0.5941343340656842,0.4,0.4,0.6,-0.00687127337789468,False
2024-09-18,winner_retention_rule_vol_target_20pct,0.2,0.5724740501161949,0.4,0.4,0.6,0.05292308336999264,False
2024-09-25,winner_retention_rule_vol_target_20pct,0.2,0.6435188462301598,0.4,0.4,0.6,-0.01599580068792088,False
2024-10-02,winner_retention_rule_vol_target_20pct,0.2,0.5273307360281274,0.4,0.4,0.6,0.014169499431323042,False
2024-10-09,winner_retention_rule_vol_target_20pct,0.2,0.5425944487555446,0.4,0.4,0.6,0.0006251481318809201,False
2024-10-16,winner_retention_rule_vol_target_20pct,0.2,0.5229883334991385,0.4,0.4,0.6,-0.00043666021801444,False
2024-10-23,winner_retention_rule_vol_target_20pct,0.2,0.45726146510546767,0.4373865179167675,0.4373865179167675,0.5626134820832325,-0.0007491439011982116,False
2024-10-30,winner_retention_rule_vol_target_20pct,0.2,0.4369462664437737,0.457722185448027,0.457722185448027,0.542277814551973,0.03782736293667838,False
2024-11-06,winner_retention_rule_vol_target_20pct,0.2,0.4446618139131059,0.44978002100059633,0.44978002100059633,0.5502199789994037,0.053685656792659124,False
2024-11-13,winner_retention_rule_vol_target_20pct,0.2,0.5072883422589493,0.4,0.4,0.6,0.047644947392133846,False
2024-11-20,winner_retention_rule_vol_target_20pct,0.2,0.5510161408372541,0.4,0.4,0.6,0.00832239014188632,False
2024-11-27,winner_retention_rule_vol_target_20pct,0.2,0.47767179784838115,0.4186975260019065,0.4186975260019065,0.5813024739980934,0.016427164605493934,False
2024-12-05,winner_retention_rule_vol_target_20pct,0.2,0.42372476703332757,0.47200450754928197,0.47200450754928197,0.527995492450718,0.06479807386045158,False
2024-12-12,winner_retention_rule_vol_target_20pct,0.2,0.44521500967899913,0.44922115304288684,0.44922115304288684,0.5507788469571131,-0.013690899197605829,False
2024-12-19,winner_retention_rule_vol_target_20pct,0.2,0.4383049805583481,0.45630327938602006,0.45630327938602006,0.54369672061398,0.022126024344203382,False
2024-12-27,winner_retention_rule_vol_target_20pct,0.2,0.39856929154798976,0.5017948051723373,0.5017948051723373,0.4982051948276627,-0.017521386788792018,False
2025-01-06,winner_retention_rule_vol_target_20pct,0.2,0.43412661619275783,0.4606950888060672,0.4606950888060672,0.5393049111939328,-0.019641820597034496,False
2025-01-14,winner_retention_rule_vol_target_20pct,0.2,0.46237000140270046,0.4325540138703988,0.4325540138703988,0.5674459861296012,0.025833454606797805,False
2025-01-22,winner_retention_rule_vol_target_20pct,0.2,0.45531217300288346,0.4392590663257611,0.4392590663257611,0.5607409336742388,-0.05423290084153929,False
2025-01-29,winner_retention_rule_vol_target_20pct,0.2,0.568769015555592,0.4,0.4,0.6,0.013224093486300402,False
2025-02-05,winner_retention_rule_vol_target_20pct,0.2,0.5574975260392501,0.4,0.4,0.6,0.00851595029827776,False
2025-02-12,winner_retention_rule_vol_target_20pct,0.2,0.5180398898602389,0.4,0.4,0.6,0.01037668524764216,False
2025-02-20,winner_retention_rule_vol_target_20pct,0.2,0.4680356569147928,0.4273178700066661,0.4273178700066661,0.5726821299933339,-0.05183830872097208,False
2025-02-27,winner_retention_rule_vol_target_20pct,0.2,0.5442125937141989,0.4,0.4,0.6,-0.038822616626821765,False
2025-03-06,winner_retention_rule_vol_target_20pct,0.2,0.5722963021766407,0.4,0.4,0.6,0.04170763904976228,False
2025-03-13,winner_retention_rule_vol_target_20pct,0.2,0.5348146950837511,0.4,0.4,0.6,0.0013370475285480801,False
2025-03-20,winner_retention_rule_vol_target_20pct,0.2,0.5342487669198924,0.4,0.4,0.6,-0.012737703221313122,False
2025-03-27,winner_retention_rule_vol_target_20pct,0.2,0.5183616881771901,0.4,0.4,0.6,-0.0305204163025318,False
2025-04-03,winner_retention_rule_vol_target_20pct,0.2,0.5321589293993555,0.4,0.4,0.6,-0.033871809761211645,False
2025-04-10,winner_retention_rule_vol_target_20pct,0.2,0.5474874130150741,0.4,0.4,0.6,-0.020044364756642962,False
2025-04-17,winner_retention_rule_vol_target_20pct,0.2,0.5148225340439582,0.4,0.4,0.6,0.037030849264267765,False
2025-04-25,winner_retention_rule_vol_target_20pct,0.2,0.531717224199367,0.4,0.4,0.6,-0.00227458969941636,False
2025-05-02,winner_retention_rule_vol_target_20pct,0.2,0.5211137410239418,0.4,0.4,0.6,0.018024572430394122,False
2025-05-09,winner_retention_rule_vol_target_20pct,0.2,0.5319252029834188,0.4,0.4,0.6,0.0444279020979124,False
2025-05-16,winner_retention_rule_vol_target_20pct,0.2,0.5904093130563027,0.4,0.4,0.6,-0.012949086554198082,False
2025-05-23,winner_retention_rule_vol_target_20pct,0.2,0.5370307937783989,0.4,0.4,0.6,0.01945431733620664,False
2025-06-02,winner_retention_rule_vol_target_20pct,0.2,0.49905045315587204,0.4007610828429256,0.4007610828429256,0.5992389171570744,-0.023514257835620608,False
2025-06-09,winner_retention_rule_vol_target_20pct,0.2,0.46827706414454184,0.4270975781514393,0.4270975781514393,0.5729024218485608,0.011259222291464593,False
2025-06-16,winner_retention_rule_vol_target_20pct,0.2,0.4722572873831235,0.4234979646544829,0.4234979646544829,0.576502035345517,0.02926896727321354,False
2025-06-24,winner_retention_rule_vol_target_20pct,0.2,0.487974774845027,0.4098572514604199,0.4098572514604199,0.59014274853958,-0.005332470492811128,False
2025-07-01,winner_retention_rule_vol_target_20pct,0.2,0.45328814329949874,0.44122045316295655,0.44122045316295655,0.5587795468370435,0.006036546159000948,False
2025-07-09,winner_retention_rule_vol_target_20pct,0.2,0.3962180527387926,0.504772557982991,0.504772557982991,0.49522744201700897,0.03143905926513493,False
2025-07-16,winner_retention_rule_vol_target_20pct,0.2,0.3695520819346464,0.5411957063074241,0.5411957063074241,0.4588042936925759,-0.003348893228366773,False
2025-07-23,winner_retention_rule_vol_target_20pct,0.2,0.3468065099845671,0.5766904433509625,0.5766904433509625,0.42330955664903747,0.05224743970722324,False
2025-07-30,winner_retention_rule_vol_target_20pct,0.2,0.3682111787986163,0.5431665617881333,0.5431665617881333,0.4568334382118667,-0.024056083763972693,False
2025-08-06,winner_retention_rule_vol_target_20pct,0.2,0.39658932742691666,0.504300005493355,0.504300005493355,0.49569999450664504,0.048271497660770164,False
2025-08-13,winner_retention_rule_vol_target_20pct,0.2,0.38128176225456817,0.5245464635323082,0.5245464635323082,0.47545353646769184,-0.03929672836386857,False
2025-08-20,winner_retention_rule_vol_target_20pct,0.2,0.4180698690424808,0.47838893641884933,0.47838893641884933,0.5216110635811506,0.008393982885534182,False
2025-08-27,winner_retention_rule_vol_target_20pct,0.2,0.4120498041817246,0.4853782187742403,0.4853782187742403,0.5146217812257596,-0.021001154926275693,False
2025-09-04,winner_retention_rule_vol_target_20pct,0.2,0.40008806819960785,0.4998899389826793,0.4998899389826793,0.5001100610173207,0.00868296984111431,False
2025-09-11,winner_retention_rule_vol_target_20pct,0.2,0.3994367074819968,0.5007051086035059,0.5007051086035059,0.4992948913964941,0.0022033759491336883,False
2025-09-18,winner_retention_rule_vol_target_20pct,0.2,0.38049314775750537,0.5256336445970989,0.5256336445970989,0.47436635540290106,0.018012517202781797,False
2025-09-25,winner_retention_rule_vol_target_20pct,0.2,0.3797052954075407,0.5267242843830724,0.5267242843830724,0.4732757156169276,0.033490416623252334,False
2025-10-02,winner_retention_rule_vol_target_20pct,0.2,0.3935531111897669,0.5081906210711221,0.5081906210711221,0.4918093789288779,0.003138026199564121,False
2025-10-09,winner_retention_rule_vol_target_20pct,0.2,0.38085420035016926,0.525135340022806,0.525135340022806,0.47486465997719396,-0.005919308752828458,False
2025-10-16,winner_retention_rule_vol_target_20pct,0.2,0.38224061467483805,0.5232306362057698,0.5232306362057698,0.4767693637942302,0.009853443748818963,False
2025-10-23,winner_retention_rule_vol_target_20pct,0.2,0.34009589920844185,0.5880694253164803,0.5880694253164803,0.4119305746835197,0.04024821843095335,False
2025-10-30,winner_retention_rule_vol_target_20pct,0.2,0.34067205174310444,0.5870748685624994,0.5870748685624994,0.41292513143750065,-0.0033643512196191165,False
2025-11-06,winner_retention_rule_vol_target_20pct,0.2,0.29064455755043295,0.6881257357289265,0.6881257357289265,0.31187426427107345,0.010814394754777124,False
2025-11-13,winner_retention_rule_vol_target_20pct,0.2,0.2212215339178804,0.9040711202836247,0.8381257357289266,0.16187426427107343,0.018298801322397584,False
2025-11-20,winner_retention_rule_vol_target_20pct,0.2,0.221589442130337,0.9025700776951356,0.9025700776951356,0.09742992230486436,-0.009187277370520379,False
2025-11-28,winner_retention_rule_vol_target_20pct,0.2,0.18788551179434146,1.0,1.0,0.0,0.0035069628015046,False
2025-12-05,winner_retention_rule_vol_target_20pct,0.2,0.190528153663236,1.0,1.0,0.0,-0.0598670128197803,False
2025-12-12,winner_retention_rule_vol_target_20pct,0.2,0.2494506768819953,0.8017617049586587,0.85,0.15000000000000002,0.003250351721340025,False
2025-12-19,winner_retention_rule_vol_target_20pct,0.2,0.24465405885418673,0.8174808173495277,0.8174808173495277,0.1825191826504723,0.0034774228419233153,False
2025-12-29,winner_retention_rule_vol_target_20pct,0.2,0.21156760713671038,0.9453242994366541,0.9453242994366541,0.05467570056334592,0.044330946710141685,False
2026-01-06,winner_retention_rule_vol_target_20pct,0.2,0.2292780298576243,0.8723033782355633,0.8723033782355633,0.12769662176443675,0.042233939515521075,False
2026-01-13,winner_retention_rule_vol_target_20pct,0.2,0.23902907433129056,0.8367182969666825,0.8367182969666825,0.16328170303331746,0.0940221020150344,False
2026-01-21,winner_retention_rule_vol_target_20pct,0.2,0.316794367313585,0.6313243562251413,0.6867182969666825,0.3132817030333175,0.007025844608372911,False
2026-01-28,winner_retention_rule_vol_target_20pct,0.2,0.29795516723310045,0.671241924942128,0.671241924942128,0.328758075057872,-0.058992724136570286,False
2026-02-04,winner_retention_rule_vol_target_20pct,0.2,0.3674440105867767,0.5443006124405649,0.5443006124405649,0.45569938755943507,-0.005518454291705339,False
2026-02-11,winner_retention_rule_vol_target_20pct,0.2,0.3691844910889999,0.5417345658536498,0.5417345658536498,0.45826543414635024,-0.03075995443826487,False
2026-02-19,winner_retention_rule_vol_target_20pct,0.2,0.38994992327322037,0.5128863683859965,0.5128863683859965,0.48711363161400345,-0.009318828274810625,False
2026-02-26,winner_retention_rule_vol_target_20pct,0.2,0.39133045712412523,0.5110770101305007,0.5110770101305007,0.48892298986949934,-0.017098617021179954,False
2026-03-05,winner_retention_rule_vol_target_20pct,0.2,0.3971811092373392,0.5035486213934918,0.5035486213934918,0.49645137860650823,-0.019066582668190227,False
2026-03-12,winner_retention_rule_vol_target_20pct,0.2,0.38478881689108796,0.5197656252484301,0.5197656252484301,0.48023437475156994,0.03704437726511287,False
2026-03-19,winner_retention_rule_vol_target_20pct,0.2,0.41384295288214845,0.48327511343887675,0.48327511343887675,0.5167248865611233,0.002008876463028209,False
2026-03-26,winner_retention_rule_vol_target_20pct,0.2,0.4138428259663454,0.48327526164791956,0.48327526164791956,0.5167247383520804,0.006213531352776269,False
2026-04-02,winner_retention_rule_vol_target_20pct,0.2,0.4030883634635373,0.49616912351797937,0.49616912351797937,0.5038308764820206,0.01829838855481118,False
2026-04-10,winner_retention_rule_vol_target_20pct,0.2,0.3973619484388764,0.5033194566962033,0.5033194566962033,0.49668054330379674,0.058940889943340714,False
2026-04-17,winner_retention_rule_vol_target_20pct,0.2,0.40376721865689785,0.49533491268876506,0.49533491268876506,0.5046650873112349,0.1125217270673689,False
2026-04-24,winner_retention_rule_vol_target_20pct,0.2,0.6223352479717831,0.4,0.4,0.6,0.04870609356987908,False
2026-05-01,winner_retention_rule_vol_target_20pct,0.2,0.6052298936786116,0.4,0.4,0.6,0.10329757469901568,False
2026-05-08,winner_retention_rule_vol_target_20pct,0.2,0.7492891579744692,0.4,0.4,0.6,-0.0395167791246514,False
2026-05-15,winner_retention_rule_vol_target_20pct,0.2,0.7842793665784119,0.4,0.4,0.6,0.04082646565328432,False
2022-01-03,winner_retention_rule_vol_target_22pct,0.22,,,1.0,0.0,-0.0908153547360555,False
2022-01-10,winner_retention_rule_vol_target_22pct,0.22,,,1.0,0.0,-0.04896071207339,False
2022-01-18,winner_retention_rule_vol_target_22pct,0.22,,,1.0,0.0,-0.0845256749376999,False
2022-01-25,winner_retention_rule_vol_target_22pct,0.22,,,1.0,0.0,0.1175047532534843,False
2022-02-01,winner_retention_rule_vol_target_22pct,0.22,0.7070785465957184,0.4,0.85,0.15000000000000002,-0.021939162618289394,False
2022-02-08,winner_retention_rule_vol_target_22pct,0.22,0.6123547100986574,0.4,0.7,0.30000000000000004,0.022052673099597627,False
2022-02-15,winner_retention_rule_vol_target_22pct,0.22,0.5738144467798522,0.4,0.5499999999999999,0.45000000000000007,-0.0023261936558728446,False
2022-02-23,winner_retention_rule_vol_target_22pct,0.22,0.5249507099959347,0.41908696532995204,0.41908696532995204,0.580913034670048,0.03387247874406683,False
2022-03-02,winner_retention_rule_vol_target_22pct,0.22,0.544201508885291,0.40426201766811437,0.40426201766811437,0.5957379823318856,0.0025656764516176897,False
2022-03-09,winner_retention_rule_vol_target_22pct,0.22,0.5095579066787832,0.4317468085892823,0.4317468085892823,0.5682531914107176,-0.036187858367068323,False
2022-03-16,winner_retention_rule_vol_target_22pct,0.22,0.5154732369983255,0.42679228369079164,0.42679228369079164,0.5732077163092084,0.08526827154072861,False
2022-03-23,winner_retention_rule_vol_target_22pct,0.22,0.6695546648650826,0.4,0.4,0.6,0.005596770075938401,False
2022-03-30,winner_retention_rule_vol_target_22pct,0.22,0.6384839042580769,0.4,0.4,0.6,-0.03252979972377504,False
2022-04-06,winner_retention_rule_vol_target_22pct,0.22,0.6316941396803679,0.4,0.4,0.6,-0.01191619827414524,False
2022-04-13,winner_retention_rule_vol_target_22pct,0.22,0.6244139592066997,0.4,0.4,0.6,-0.0033193150050435205,False
2022-04-21,winner_retention_rule_vol_target_22pct,0.22,0.5878497349024189,0.4,0.4,0.6,-0.03614260235381548,False
2022-04-28,winner_retention_rule_vol_target_22pct,0.22,0.580800513505698,0.4,0.4,0.6,-0.00832709349089252,False
2022-05-05,winner_retention_rule_vol_target_22pct,0.22,0.5798104501551213,0.4,0.4,0.6,-0.02493155499129228,False
2022-05-12,winner_retention_rule_vol_target_22pct,0.22,0.5894448119883594,0.4,0.4,0.6,0.0174938063729454,False
2022-05-19,winner_retention_rule_vol_target_22pct,0.22,0.5987970368964666,0.4,0.4,0.6,0.020565363239554962,False
2022-05-26,winner_retention_rule_vol_target_22pct,0.22,0.5822560303296891,0.4,0.4,0.6,0.0075741109170788,False
2022-06-03,winner_retention_rule_vol_target_22pct,0.22,0.5840212321451956,0.4,0.4,0.6,-0.029458315676225602,False
2022-06-10,winner_retention_rule_vol_target_22pct,0.22,0.5777849924725517,0.4,0.4,0.6,-0.05320074856333104,False
2022-06-17,winner_retention_rule_vol_target_22pct,0.22,0.4176676530855047,0.5267345899898112,0.5267345899898112,0.47326541001018885,0.0425610809819645,False
2022-06-27,winner_retention_rule_vol_target_22pct,0.22,0.471534520772502,0.4665618110834813,0.4665618110834813,0.5334381889165187,-0.01593473489350989,False
2022-07-05,winner_retention_rule_vol_target_22pct,0.22,0.4549600505178379,0.4835589405038857,0.4835589405038857,0.5164410594961143,-0.009146654261314297,False
2022-07-12,winner_retention_rule_vol_target_22pct,0.22,0.45458038391854594,0.48396281006137903,0.48396281006137903,0.5160371899386209,0.043512209365679164,False
2022-07-19,winner_retention_rule_vol_target_22pct,0.22,0.5098990261962683,0.4314579724561359,0.4314579724561359,0.5685420275438642,0.008050849711838661,False
2022-07-26,winner_retention_rule_vol_target_22pct,0.22,0.48064094192527895,0.45772213893963587,0.45772213893963587,0.5422778610603641,0.011762660886840326,False
2022-08-02,winner_retention_rule_vol_target_22pct,0.22,0.4823759906232174,0.456075767195141,0.456075767195141,0.543924232804859,-0.010997021562965104,False
2022-08-09,winner_retention_rule_vol_target_22pct,0.22,0.46499942103024083,0.4731188686484246,0.4731188686484246,0.5268811313515753,0.02208323350904915,False
2022-08-16,winner_retention_rule_vol_target_22pct,0.22,0.4662371546532423,0.47186286593487403,0.47186286593487403,0.528137134065126,0.009700140362059684,False
2022-08-23,winner_retention_rule_vol_target_22pct,0.22,0.45567968859491564,0.4827952737554928,0.4827952737554928,0.5172047262445072,0.026425445845064857,False
2022-08-30,winner_retention_rule_vol_target_22pct,0.22,0.4681396671273072,0.4699452224375863,0.4699452224375863,0.5300547775624137,0.028991535908928723,False
2022-09-07,winner_retention_rule_vol_target_22pct,0.22,0.44558640672124106,0.4937313990766151,0.4937313990766151,0.5062686009233849,0.03499336885828005,False
2022-09-14,winner_retention_rule_vol_target_22pct,0.22,0.30272858179351964,0.7267235841974583,0.6437313990766151,0.35626860092338486,-0.050033394041567925,False
2022-09-21,winner_retention_rule_vol_target_22pct,0.22,0.3585772862060558,0.6135357939921978,0.6135357939921978,0.3864642060078022,-0.016798871666422598,False
2022-09-28,winner_retention_rule_vol_target_22pct,0.22,0.3540199371068849,0.6214339276987615,0.6214339276987615,0.3785660723012385,0.06939208888433997,False
2022-10-05,winner_retention_rule_vol_target_22pct,0.22,0.3888369352474521,0.565789872456417,0.565789872456417,0.434210127543583,-0.03633279068173006,False
2022-10-12,winner_retention_rule_vol_target_22pct,0.22,0.4101913170655413,0.5363350974219864,0.5363350974219864,0.4636649025780136,0.06430698327305999,False
2022-10-19,winner_retention_rule_vol_target_22pct,0.22,0.46191853197197913,0.47627446134450746,0.47627446134450746,0.5237255386554925,0.06206228451009657,False
2022-10-26,winner_retention_rule_vol_target_22pct,0.22,0.5100255927686193,0.43135090301205004,0.43135090301205004,0.56864909698795,-0.00925157005134023,False
2022-11-02,winner_retention_rule_vol_target_22pct,0.22,0.5085828659828732,0.4325745413676768,0.4325745413676768,0.5674254586323232,-0.03253551247140549,False
2022-11-09,winner_retention_rule_vol_target_22pct,0.22,0.5570457344392566,0.4,0.4,0.6,0.053257864056608,False
2022-11-16,winner_retention_rule_vol_target_22pct,0.22,0.6002820091267865,0.4,0.4,0.6,0.00556320627836936,False
2022-11-23,winner_retention_rule_vol_target_22pct,0.22,0.5998535779235057,0.4,0.4,0.6,0.010285322521333322,False
2022-12-01,winner_retention_rule_vol_target_22pct,0.22,0.5958832837471282,0.4,0.4,0.6,-0.01745579841293572,False
2022-12-08,winner_retention_rule_vol_target_22pct,0.22,0.6048451958123653,0.4,0.4,0.6,-0.01767040308429404,False
2022-12-15,winner_retention_rule_vol_target_22pct,0.22,0.5831176536370332,0.4,0.4,0.6,-0.0173599462507064,False
2022-12-22,winner_retention_rule_vol_target_22pct,0.22,0.5904048538251109,0.4,0.4,0.6,0.0129478313057534,False
2022-12-30,winner_retention_rule_vol_target_22pct,0.22,0.5541850764919696,0.4,0.4,0.6,0.01320888004708496,False
2023-01-09,winner_retention_rule_vol_target_22pct,0.22,0.5257807430505063,0.4184253662916424,0.4184253662916424,0.5815746337083576,0.06722275736022383,False
2023-01-17,winner_retention_rule_vol_target_22pct,0.22,0.5671281897613581,0.4,0.4,0.6,0.0009005973009786801,False
2023-01-24,winner_retention_rule_vol_target_22pct,0.22,0.5149065728380893,0.4272619764540825,0.4272619764540825,0.5727380235459175,0.007810922802200364,False
2023-01-31,winner_retention_rule_vol_target_22pct,0.22,0.508397821833693,0.43273198773059723,0.43273198773059723,0.5672680122694027,0.03415683720396746,False
2023-02-07,winner_retention_rule_vol_target_22pct,0.22,0.4752345116398925,0.46292934248576695,0.46292934248576695,0.537070657514233,0.004202112223614866,False
2023-02-14,winner_retention_rule_vol_target_22pct,0.22,0.414810052503833,0.5303632317299425,0.5303632317299425,0.4696367682700575,-0.03869734489223543,False
2023-02-22,winner_retention_rule_vol_target_22pct,0.22,0.4583761906503528,0.47995512089722603,0.47995512089722603,0.520044879102774,0.005507486802364077,False
2023-03-01,winner_retention_rule_vol_target_22pct,0.22,0.4574651398334707,0.48091096095340896,0.48091096095340896,0.519089039046591,0.004729940819248333,False
2023-03-08,winner_retention_rule_vol_target_22pct,0.22,0.43996683426752536,0.5000376911733925,0.5000376911733925,0.4999623088266075,-0.013274628190392775,False
2023-03-15,winner_retention_rule_vol_target_22pct,0.22,0.42989670579483386,0.5117508392934603,0.5117508392934603,0.4882491607065397,0.02632246220672927,False
2023-03-22,winner_retention_rule_vol_target_22pct,0.22,0.41097682716229544,0.5353099869864966,0.5353099869864966,0.46469001301350343,0.0011310074816916105,False
2023-03-29,winner_retention_rule_vol_target_22pct,0.22,0.41346635879088156,0.5320868199370705,0.5320868199370705,0.4679131800629295,0.00692627835008682,False
2023-04-05,winner_retention_rule_vol_target_22pct,0.22,0.4133005263188526,0.5323003141551159,0.5323003141551159,0.4676996858448841,0.005488167069822402,False
2023-04-13,winner_retention_rule_vol_target_22pct,0.22,0.26564746904409814,0.8281652401645109,0.6823003141551159,0.31769968584488406,-0.021944484046275296,False
2023-04-20,winner_retention_rule_vol_target_22pct,0.22,0.27910625979887915,0.7882302609713217,0.7882302609713217,0.21176973902867835,-0.03636782493412268,False
2023-04-27,winner_retention_rule_vol_target_22pct,0.22,0.2974563540721811,0.7396043049280923,0.7396043049280923,0.26039569507190774,-0.03474982429531125,False
2023-05-04,winner_retention_rule_vol_target_22pct,0.22,0.25291290360530444,0.8698646722404157,0.8698646722404157,0.13013532775958425,0.04664032454946776,False
2023-05-11,winner_retention_rule_vol_target_22pct,0.22,0.2838407798986346,0.7750824250080152,0.7750824250080152,0.22491757499198484,0.0451203928927705,False
2023-05-18,winner_retention_rule_vol_target_22pct,0.22,0.2686171377368664,0.8190095459043605,0.8190095459043605,0.18099045409563952,0.12859019068976857,False
2023-05-25,winner_retention_rule_vol_target_22pct,0.22,0.41640956740024226,0.5283259973432397,0.6690095459043605,0.33099045409563954,0.004942776565246159,False
2023-06-02,winner_retention_rule_vol_target_22pct,0.22,0.41663984238592733,0.5280339939170225,0.5280339939170225,0.47196600608297745,0.01207568325079983,False
2023-06-09,winner_retention_rule_vol_target_22pct,0.22,0.40484328754034177,0.543420149897082,0.543420149897082,0.456579850102918,0.01695904108489677,False
2023-06-16,winner_retention_rule_vol_target_22pct,0.22,0.3997692524570082,0.550317461004981,0.550317461004981,0.449682538995019,-0.008089183919152754,False
2023-06-26,winner_retention_rule_vol_target_22pct,0.22,0.4046857311676069,0.5436317197674646,0.5436317197674646,0.4563682802325354,0.031087323125514207,False
2023-07-03,winner_retention_rule_vol_target_22pct,0.22,0.41261014171694477,0.5331909658946834,0.5331909658946834,0.4668090341053166,-0.012014196477364658,False
2023-07-11,winner_retention_rule_vol_target_22pct,0.22,0.4223967800906412,0.5208373036195747,0.5208373036195747,0.4791626963804253,0.048751846840308526,False
2023-07-18,winner_retention_rule_vol_target_22pct,0.22,0.43180047702484176,0.509494573780527,0.509494573780527,0.490505426219473,-0.009187853968675651,False
2023-07-25,winner_retention_rule_vol_target_22pct,0.22,0.4120569512008885,0.5339067800187268,0.5339067800187268,0.4660932199812732,-0.0018435721737457202,False
2023-08-01,winner_retention_rule_vol_target_22pct,0.22,0.38156135528592083,0.5765783063516594,0.5765783063516594,0.4234216936483406,-0.01593157485188905,False
2023-08-08,winner_retention_rule_vol_target_22pct,0.22,0.40011874947217374,0.549836767935065,0.549836767935065,0.450163232064935,-0.005345869919006616,False
2023-08-15,winner_retention_rule_vol_target_22pct,0.22,0.40120522122404373,0.5483477989862603,0.5483477989862603,0.4516522010137397,0.0038636890601413156,False
2023-08-22,winner_retention_rule_vol_target_22pct,0.22,0.26032075555154083,0.8451112533608265,0.6983477989862603,0.3016522010137397,0.008020486265607108,False
2023-08-29,winner_retention_rule_vol_target_22pct,0.22,0.2602458688522433,0.8453544372107085,0.8453544372107085,0.15464556278929154,-0.01615842878240651,False
2023-09-06,winner_retention_rule_vol_target_22pct,0.22,0.2655361934970825,0.8285122909333908,0.8285122909333908,0.17148770906660915,0.01933896669843599,False
2023-09-13,winner_retention_rule_vol_target_22pct,0.22,0.2626410108443518,0.8376452683178941,0.8376452683178941,0.1623547316821059,-0.03387218097313897,False
2023-09-20,winner_retention_rule_vol_target_22pct,0.22,0.27753646343293426,0.7926886336979005,0.7926886336979005,0.20731136630209945,0.016046330851932213,False
2023-09-27,winner_retention_rule_vol_target_22pct,0.22,0.25383100115028256,0.8667184032014567,0.8667184032014567,0.13328159679854334,-0.06786163293222193,False
2023-10-04,winner_retention_rule_vol_target_22pct,0.22,0.30087311647086645,0.7312052421981763,0.7312052421981763,0.2687947578018237,0.031194128978651522,False
2023-10-11,winner_retention_rule_vol_target_22pct,0.22,0.2343538121172245,0.9387515313382456,0.8812052421981763,0.11879475780182369,-0.011738379389703308,False
2023-10-18,winner_retention_rule_vol_target_22pct,0.22,0.2335690114734047,0.9419057717125727,0.9419057717125727,0.058094228287427274,-0.09410709450311365,False
2023-10-25,winner_retention_rule_vol_target_22pct,0.22,0.30252493944677944,0.7272127726140829,0.7919057717125727,0.2080942282874273,-0.011826396194252842,False
2023-11-01,winner_retention_rule_vol_target_22pct,0.22,0.3012267149191111,0.730346908504038,0.730346908504038,0.26965309149596195,0.008967370026502127,False
2023-11-08,winner_retention_rule_vol_target_22pct,0.22,0.3062458486424364,0.7183770848657788,0.7183770848657788,0.2816229151342212,0.04495663769870761,False
2023-11-15,winner_retention_rule_vol_target_22pct,0.22,0.34270870815535337,0.6419445866554162,0.6419445866554162,0.3580554133445838,0.02342672612951255,False
2023-11-22,winner_retention_rule_vol_target_22pct,0.22,0.3531865337682519,0.6229003061151702,0.6229003061151702,0.3770996938848298,0.029996972063101885,False
2023-11-30,winner_retention_rule_vol_target_22pct,0.22,0.36858927660407914,0.5968703214236843,0.5968703214236843,0.40312967857631565,0.0012058418861412455,False
2023-12-07,winner_retention_rule_vol_target_22pct,0.22,0.3648204397740892,0.6030363872600791,0.6030363872600791,0.39696361273992087,0.010235978310811923,False
2023-12-14,winner_retention_rule_vol_target_22pct,0.22,0.35555729070522185,0.6187469804476406,0.6187469804476406,0.38125301955235935,0.00818679068488825,False
2023-12-21,winner_retention_rule_vol_target_22pct,0.22,0.3542342625141457,0.6210579361763875,0.6210579361763875,0.3789420638236125,0.008553090796445785,False
2023-12-29,winner_retention_rule_vol_target_22pct,0.22,0.3031794582241031,0.725642829790207,0.725642829790207,0.274357170209793,-0.013158605093169908,False
2024-01-08,winner_retention_rule_vol_target_22pct,0.22,0.29858198476375747,0.7368160546392888,0.7368160546392888,0.2631839453607112,-0.008030679665309386,False
2024-01-16,winner_retention_rule_vol_target_22pct,0.22,0.2979216539578627,0.7384491764103736,0.7384491764103736,0.26155082358962645,0.04537663663233488,False
2024-01-23,winner_retention_rule_vol_target_22pct,0.22,0.2028874879562923,1.0,0.8884491764103736,0.11155082358962642,0.031124658547106724,False
2024-01-30,winner_retention_rule_vol_target_22pct,0.22,0.1900826787681507,1.0,1.0,0.0,0.0061845377811795,False
2024-02-06,winner_retention_rule_vol_target_22pct,0.22,0.19208866142086298,1.0,1.0,0.0,0.0256595358917009,False
2024-02-13,winner_retention_rule_vol_target_22pct,0.22,0.1693948596851038,1.0,1.0,0.0,-0.0097845172467036,False
2024-02-21,winner_retention_rule_vol_target_22pct,0.22,0.17434921128340017,1.0,1.0,0.0,0.0174985836752784,False
2024-02-28,winner_retention_rule_vol_target_22pct,0.22,0.15789093088036127,1.0,1.0,0.0,0.0835254691200513,False
2024-03-06,winner_retention_rule_vol_target_22pct,0.22,0.2133500629536856,1.0,1.0,0.0,-0.0252677784159784,False
2024-03-13,winner_retention_rule_vol_target_22pct,0.22,0.2330372287072148,0.9440551675818518,0.9440551675818518,0.05594483241814818,-0.039174194602808424,False
2024-03-20,winner_retention_rule_vol_target_22pct,0.22,0.262256519828907,0.8388733296069258,0.8388733296069258,0.16112667039307416,0.0041275410069231125,False
2024-03-27,winner_retention_rule_vol_target_22pct,0.22,0.26253603179949253,0.8379802135808211,0.8379802135808211,0.1620197864191789,-0.01813690031389903,False
2024-04-04,winner_retention_rule_vol_target_22pct,0.22,0.2644610477224199,0.8318805430692897,0.8318805430692897,0.1681194569307103,0.042153440313897506,False
2024-04-11,winner_retention_rule_vol_target_22pct,0.22,0.2719633617472039,0.8089324921806745,0.8089324921806745,0.19106750781932547,-0.04973279433568184,False
2024-04-18,winner_retention_rule_vol_target_22pct,0.22,0.29352700678924376,0.7495051389188283,0.7495051389188283,0.2504948610811717,-0.03742064005494747,False
2024-04-25,winner_retention_rule_vol_target_22pct,0.22,0.305931768963123,0.719114594556928,0.719114594556928,0.28088540544307194,0.0322487669598854,False
2024-05-02,winner_retention_rule_vol_target_22pct,0.22,0.3209480191228728,0.6854692563650766,0.6854692563650766,0.3145307436349234,0.01565463582444079,False
2024-05-09,winner_retention_rule_vol_target_22pct,0.22,0.31999132736707975,0.6875186331147839,0.6875186331147839,0.3124813668852161,-0.004697062312549939,False
2024-05-16,winner_retention_rule_vol_target_22pct,0.22,0.3195683972747893,0.688428523834374,0.688428523834374,0.31157147616562597,-0.035509517471727495,False
2024-05-23,winner_retention_rule_vol_target_22pct,0.22,0.3352158800447059,0.6562934905430489,0.6562934905430489,0.34370650945695114,0.022167932549030267,False
2024-05-31,winner_retention_rule_vol_target_22pct,0.22,0.2858106132950994,0.7697404846644028,0.7697404846644028,0.2302595153355972,0.019819398003805087,False
2024-06-07,winner_retention_rule_vol_target_22pct,0.22,0.29130002595895527,0.7552350854613327,0.7552350854613327,0.24476491453866733,0.015800133484455185,False
2024-06-14,winner_retention_rule_vol_target_22pct,0.22,0.2823102633930027,0.7792844558886586,0.7792844558886586,0.22071554411134142,-0.07275946290396619,False
2024-06-24,winner_retention_rule_vol_target_22pct,0.22,0.34361201971532096,0.6402569973607668,0.6402569973607668,0.3597430026392332,0.026547033400518474,False
2024-07-01,winner_retention_rule_vol_target_22pct,0.22,0.3559774210200425,0.6180167252450919,0.6180167252450919,0.3819832747549081,0.09468162730219576,False
2024-07-09,winner_retention_rule_vol_target_22pct,0.22,0.47283951253194084,0.46527414517867466,0.46801672524509186,0.5319832747549081,-0.01048114793125988,False
2024-07-16,winner_retention_rule_vol_target_22pct,0.22,0.4527286930749705,0.48594225054688256,0.48594225054688256,0.5140577494531174,-0.0418681787328527,False
2024-07-23,winner_retention_rule_vol_target_22pct,0.22,0.4808665341184448,0.4575074046342568,0.4575074046342568,0.5424925953657431,-0.05725305718581132,False
2024-07-30,winner_retention_rule_vol_target_22pct,0.22,0.5437258138578179,0.4046156985614979,0.4046156985614979,0.5953843014385021,-0.02531244930683534,False
2024-08-06,winner_retention_rule_vol_target_22pct,0.22,0.5503965277118396,0.4,0.4,0.6,0.029265410620903723,False
2024-08-13,winner_retention_rule_vol_target_22pct,0.22,0.58009739262875,0.4,0.4,0.6,0.00534721973261856,False
2024-08-20,winner_retention_rule_vol_target_22pct,0.22,0.5725769548231444,0.4,0.4,0.6,-0.00384532888098688,False
2024-08-27,winner_retention_rule_vol_target_22pct,0.22,0.5667158097348348,0.4,0.4,0.6,-0.03962666289434888,False
2024-09-04,winner_retention_rule_vol_target_22pct,0.22,0.5927690980044793,0.4,0.4,0.6,-0.025897782827069882,False
2024-09-11,winner_retention_rule_vol_target_22pct,0.22,0.5941343340656842,0.4,0.4,0.6,-0.00687127337789468,False
2024-09-18,winner_retention_rule_vol_target_22pct,0.22,0.5724740501161949,0.4,0.4,0.6,0.05292308336999264,False
2024-09-25,winner_retention_rule_vol_target_22pct,0.22,0.6435188462301598,0.4,0.4,0.6,-0.01599580068792088,False
2024-10-02,winner_retention_rule_vol_target_22pct,0.22,0.5273307360281274,0.4171954808798882,0.4171954808798882,0.5828045191201118,0.014778627822695296,False
2024-10-09,winner_retention_rule_vol_target_22pct,0.22,0.5425944487555446,0.4054593638113624,0.4054593638113624,0.5945406361886376,0.0006336804096007488,False
2024-10-16,winner_retention_rule_vol_target_22pct,0.22,0.5229883334991385,0.42065947920492647,0.42065947920492647,0.5793405207950735,-0.00045921314974865996,False
2024-10-23,winner_retention_rule_vol_target_22pct,0.22,0.45726146510546767,0.48112516970844427,0.48112516970844427,0.5188748302915558,-0.0008240582913180329,False
2024-10-30,winner_retention_rule_vol_target_22pct,0.22,0.4369462664437737,0.5034944039928296,0.5034944039928296,0.49650559600717037,0.041610099230346205,False
2024-11-06,winner_retention_rule_vol_target_22pct,0.22,0.4446618139131059,0.4947580231006559,0.4947580231006559,0.5052419768993441,0.05905422247192504,False
2024-11-13,winner_retention_rule_vol_target_22pct,0.22,0.5072883422589493,0.433678406683549,0.433678406683549,0.5663215933164509,0.05165646217885529,False
2024-11-20,winner_retention_rule_vol_target_22pct,0.22,0.5510161408372541,0.4,0.4,0.6,0.00832239014188632,False
2024-11-27,winner_retention_rule_vol_target_22pct,0.22,0.47767179784838115,0.4605672786020972,0.4605672786020972,0.5394327213979029,0.018069881066043327,False
2024-12-05,winner_retention_rule_vol_target_22pct,0.22,0.42372476703332757,0.5192049583042102,0.5192049583042102,0.4807950416957898,0.07127788124649674,False
2024-12-12,winner_retention_rule_vol_target_22pct,0.22,0.44521500967899913,0.4941432683471755,0.4941432683471755,0.5058567316528245,-0.01505998911736641,False
2024-12-19,winner_retention_rule_vol_target_22pct,0.22,0.4383049805583481,0.5019336073246221,0.5019336073246221,0.4980663926753779,0.024338626778623723,False
2024-12-27,winner_retention_rule_vol_target_22pct,0.22,0.39856929154798976,0.551974285689571,0.551974285689571,0.44802571431042904,-0.019273525467671214,False
2025-01-06,winner_retention_rule_vol_target_22pct,0.22,0.43412661619275783,0.5067645976866739,0.5067645976866739,0.4932354023133261,-0.021606002656737948,False
2025-01-14,winner_retention_rule_vol_target_22pct,0.22,0.46237000140270046,0.47580941525743864,0.47580941525743864,0.5241905847425614,0.028416800067477585,False
2025-01-22,winner_retention_rule_vol_target_22pct,0.22,0.45531217300288346,0.48318497295833723,0.48318497295833723,0.5168150270416627,-0.05965619092569322,False
2025-01-29,winner_retention_rule_vol_target_22pct,0.22,0.568769015555592,0.4,0.4,0.6,0.013224093486300402,False
2025-02-05,winner_retention_rule_vol_target_22pct,0.22,0.5574975260392501,0.4,0.4,0.6,0.00851595029827776,False
2025-02-12,winner_retention_rule_vol_target_22pct,0.22,0.5180398898602389,0.4246777213610972,0.4246777213610972,0.5753222786389027,0.011016867615624964,False
2025-02-20,winner_retention_rule_vol_target_22pct,0.22,0.4680356569147928,0.4700496570073327,0.4700496570073327,0.5299503429926673,-0.05702213959306929,False
2025-02-27,winner_retention_rule_vol_target_22pct,0.22,0.5442125937141989,0.40425378343143625,0.40425378343143625,0.5957462165685637,-0.0392354741352522,False
2025-03-06,winner_retention_rule_vol_target_22pct,0.22,0.5722963021766407,0.4,0.4,0.6,0.04170763904976228,False
2025-03-13,winner_retention_rule_vol_target_22pct,0.22,0.5348146950837511,0.4113574328124031,0.4113574328124031,0.5886425671875969,0.001375011097229266,False
2025-03-20,winner_retention_rule_vol_target_22pct,0.22,0.5342487669198924,0.41179318254371894,0.41179318254371894,0.5882068174562811,-0.013113248369504777,False
2025-03-27,winner_retention_rule_vol_target_22pct,0.22,0.5183616881771901,0.4244140819388605,0.4244140819388605,0.5755859180611396,-0.03238323616357716,False
2025-04-03,winner_retention_rule_vol_target_22pct,0.22,0.5321589293993555,0.41341033260178994,0.41341033260178994,0.5865896673982101,-0.03500739034801765,False
2025-04-10,winner_retention_rule_vol_target_22pct,0.22,0.5474874130150741,0.4018357221921058,0.4018357221921058,0.5981642778078942,-0.020136354469669042,False
2025-04-17,winner_retention_rule_vol_target_22pct,0.22,0.5148225340439582,0.4273317220050342,0.4273317220050342,0.5726682779949658,0.03956114145852099,False
2025-04-25,winner_retention_rule_vol_target_22pct,0.22,0.531717224199367,0.41375375855327035,0.41375375855327035,0.5862462414467297,-0.002352800093250181,False
2025-05-02,winner_retention_rule_vol_target_22pct,0.22,0.5211137410239418,0.422172709488949,0.422172709488949,0.577827290511051,0.01902370645079824,False
2025-05-09,winner_retention_rule_vol_target_22pct,0.22,0.5319252029834188,0.41359198392195345,0.41359198392195345,0.5864080160780465,0.04593756042541477,False
2025-05-16,winner_retention_rule_vol_target_22pct,0.22,0.5904093130563027,0.4,0.4,0.6,-0.012949086554198082,False
2025-05-23,winner_retention_rule_vol_target_22pct,0.22,0.5370307937783989,0.4096599348654504,0.4096599348654504,0.5903400651345496,0.019924135932005534,False
2025-06-02,winner_retention_rule_vol_target_22pct,0.22,0.49905045315587204,0.44083719112721814,0.44083719112721814,0.5591628088727818,-0.025865683619182667,False
2025-06-09,winner_retention_rule_vol_target_22pct,0.22,0.46827706414454184,0.4698073359665832,0.4698073359665832,0.5301926640334168,0.012385144520611052,False
2025-06-16,winner_retention_rule_vol_target_22pct,0.22,0.4722572873831235,0.46584776111993115,0.46584776111993115,0.5341522388800688,0.03219586400053489,False
2025-06-24,winner_retention_rule_vol_target_22pct,0.22,0.487974774845027,0.4508429766064619,0.4508429766064619,0.5491570233935381,-0.00586571754209224,False
2025-07-01,winner_retention_rule_vol_target_22pct,0.22,0.45328814329949874,0.48534249847925215,0.48534249847925215,0.5146575015207479,0.0066402007749010415,False
2025-07-09,winner_retention_rule_vol_target_22pct,0.22,0.3962180527387926,0.5552498137812901,0.5552498137812901,0.4447501862187099,0.034582965191648427,False
2025-07-16,winner_retention_rule_vol_target_22pct,0.22,0.3695520819346464,0.5953152769381664,0.5953152769381664,0.40468472306183356,-0.0036837825512034497,False
2025-07-23,winner_retention_rule_vol_target_22pct,0.22,0.3468065099845671,0.6343594876860588,0.6343594876860588,0.36564051231394123,0.05747218367794556,False
2025-07-30,winner_retention_rule_vol_target_22pct,0.22,0.3682111787986163,0.5974832179669466,0.5974832179669466,0.4025167820330534,-0.02646169214036996,False
2025-08-06,winner_retention_rule_vol_target_22pct,0.22,0.39658932742691666,0.5547300060426904,0.5547300060426904,0.4452699939573096,0.053098647426847174,False
2025-08-13,winner_retention_rule_vol_target_22pct,0.22,0.38128176225456817,0.5770011098855389,0.5770011098855389,0.4229988901144611,-0.04322640120025542,False
2025-08-20,winner_retention_rule_vol_target_22pct,0.22,0.4180698690424808,0.5262278300607343,0.5262278300607343,0.47377216993926574,0.009233381174087599,False
2025-08-27,winner_retention_rule_vol_target_22pct,0.22,0.4120498041817246,0.5339160406516643,0.5339160406516643,0.4660839593483357,-0.02310127041890326,False
2025-09-04,winner_retention_rule_vol_target_22pct,0.22,0.40008806819960785,0.5498789328809472,0.5498789328809472,0.45012106711905275,0.009551266825225741,False
2025-09-11,winner_retention_rule_vol_target_22pct,0.22,0.3994367074819968,0.5507756194638564,0.5507756194638564,0.44922438053614355,0.0024237135440470566,False
2025-09-18,winner_retention_rule_vol_target_22pct,0.22,0.38049314775750537,0.5781970090568087,0.5781970090568087,0.4218029909431913,0.01981376892305997,False
2025-09-25,winner_retention_rule_vol_target_22pct,0.22,0.3797052954075407,0.5793967128213796,0.5793967128213796,0.4206032871786204,0.03683945828557756,False
2025-10-02,winner_retention_rule_vol_target_22pct,0.22,0.3935531111897669,0.5590096831782343,0.5590096831782343,0.4409903168217657,0.0034518288195205327,False
2025-10-09,winner_retention_rule_vol_target_22pct,0.22,0.38085420035016926,0.5776488740250866,0.5776488740250866,0.4223511259749134,-0.006511239628111304,False
2025-10-16,winner_retention_rule_vol_target_22pct,0.22,0.38224061467483805,0.5755536998263467,0.5755536998263467,0.42444630017365326,0.010838788123700857,False
2025-10-23,winner_retention_rule_vol_target_22pct,0.22,0.34009589920844185,0.6468763678481283,0.6468763678481283,0.3531236321518717,0.04427304027404868,False
2025-10-30,winner_retention_rule_vol_target_22pct,0.22,0.34067205174310444,0.6457823554187492,0.6457823554187492,0.3542176445812508,-0.0037007863415810275,False
2025-11-06,winner_retention_rule_vol_target_22pct,0.22,0.29064455755043295,0.7569383093018192,0.7569383093018192,0.24306169069818084,0.011895834230254835,False
2025-11-13,winner_retention_rule_vol_target_22pct,0.22,0.2212215339178804,0.9944782323119871,0.9069383093018192,0.09306169069818082,0.0198011864164409,False
2025-11-20,winner_retention_rule_vol_target_22pct,0.22,0.221589442130337,0.9928270854646492,0.9928270854646492,0.0071729145353508494,-0.010106005107572417,False
2025-11-28,winner_retention_rule_vol_target_22pct,0.22,0.18788551179434146,1.0,1.0,0.0,0.0035069628015046,False
2025-12-05,winner_retention_rule_vol_target_22pct,0.22,0.190528153663236,1.0,1.0,0.0,-0.0598670128197803,False
2025-12-12,winner_retention_rule_vol_target_22pct,0.22,0.2494506768819953,0.8819378754545245,0.8819378754545245,0.11806212454547549,0.003372480343057151,False
2025-12-19,winner_retention_rule_vol_target_22pct,0.22,0.24465405885418673,0.8992288990844803,0.8992288990844803,0.10077110091551966,0.0038251651261156463,False
2025-12-29,winner_retention_rule_vol_target_22pct,0.22,0.21156760713671038,1.0,1.0,0.0,0.0468949615878485,False
2026-01-06,winner_retention_rule_vol_target_22pct,0.22,0.2292780298576243,0.9595337160591195,0.9595337160591195,0.040466283940880476,0.04645733346707318,False
2026-01-13,winner_retention_rule_vol_target_22pct,0.22,0.23902907433129056,0.9203901266633507,0.9203901266633507,0.07960987333664926,0.10342431221653783,False
2026-01-21,winner_retention_rule_vol_target_22pct,0.22,0.316794367313585,0.6944567918476554,0.7703901266633507,0.22960987333664928,0.00788189471821228,False
2026-01-28,winner_retention_rule_vol_target_22pct,0.22,0.29795516723310045,0.7383661174363407,0.7383661174363407,0.26163388256365927,-0.06489199655022732,False
2026-02-04,winner_retention_rule_vol_target_22pct,0.22,0.3674440105867767,0.5987306736846214,0.5987306736846214,0.4012693263153786,-0.006070299720875872,False
2026-02-11,winner_retention_rule_vol_target_22pct,0.22,0.3691844910889999,0.5959080224390148,0.5959080224390148,0.40409197756098525,-0.033835949882091355,False
2026-02-19,winner_retention_rule_vol_target_22pct,0.22,0.38994992327322037,0.5641750052245962,0.5641750052245962,0.4358249947754038,-0.010250711102291688,False
2026-02-26,winner_retention_rule_vol_target_22pct,0.22,0.39133045712412523,0.5621847111435507,0.5621847111435507,0.43781528885644927,-0.01880847872329795,False
2026-03-05,winner_retention_rule_vol_target_22pct,0.22,0.3971811092373392,0.5539034835328409,0.5539034835328409,0.4460965164671591,-0.020973240935009248,False
2026-03-12,winner_retention_rule_vol_target_22pct,0.22,0.38478881689108796,0.5717421877732731,0.5717421877732731,0.4282578122267269,0.040748814991624166,False
2026-03-19,winner_retention_rule_vol_target_22pct,0.22,0.41384295288214845,0.5316026247827644,0.5316026247827644,0.46839737521723557,0.00220976410933103,False
2026-03-26,winner_retention_rule_vol_target_22pct,0.22,0.4138428259663454,0.5316027878127114,0.5316027878127114,0.4683972121872886,0.0068348844880538944,False
2026-04-02,winner_retention_rule_vol_target_22pct,0.22,0.4030883634635373,0.5457860358697773,0.5457860358697773,0.45421396413022275,0.020128227410292295,False
2026-04-10,winner_retention_rule_vol_target_22pct,0.22,0.3973619484388764,0.5536514023658236,0.5536514023658236,0.44634859763417645,0.06483497893767479,False
2026-04-17,winner_retention_rule_vol_target_22pct,0.22,0.40376721865689785,0.5448684039576416,0.5448684039576416,0.4551315960423584,0.1237738997741058,False
2026-04-24,winner_retention_rule_vol_target_22pct,0.22,0.6223352479717831,0.4,0.4,0.6,0.04870609356987908,False
2026-05-01,winner_retention_rule_vol_target_22pct,0.22,0.6052298936786116,0.4,0.4,0.6,0.10329757469901568,False
2026-05-08,winner_retention_rule_vol_target_22pct,0.22,0.7492891579744692,0.4,0.4,0.6,-0.0395167791246514,False
2026-05-15,winner_retention_rule_vol_target_22pct,0.22,0.7842793665784119,0.4,0.4,0.6,0.04082646565328432,False
2022-01-03,turnover_penalty_overlay_vol_target_15pct,0.15,,,1.0,0.0,-0.0908153547360555,False
2022-01-10,turnover_penalty_overlay_vol_target_15pct,0.15,,,1.0,0.0,-0.0559141439886667,False
2022-01-18,turnover_penalty_overlay_vol_target_15pct,0.15,,,1.0,0.0,-0.0845256749376999,False
2022-01-25,turnover_penalty_overlay_vol_target_15pct,0.15,,,1.0,0.0,0.1175047532534843,False
2022-02-01,turnover_penalty_overlay_vol_target_15pct,0.15,0.7113194694545301,0.4,0.85,0.15000000000000002,-0.021939162618289394,False
2022-02-08,turnover_penalty_overlay_vol_target_15pct,0.15,0.6160791745909987,0.4,0.7,0.30000000000000004,0.022052673099597627,False
2022-02-15,turnover_penalty_overlay_vol_target_15pct,0.15,0.5782244921058661,0.4,0.5499999999999999,0.45000000000000007,-0.0023261936558728446,False
2022-02-23,turnover_penalty_overlay_vol_target_15pct,0.15,0.5291834317655191,0.4,0.4,0.6,0.03232978502912744,False
2022-03-02,turnover_penalty_overlay_vol_target_15pct,0.15,0.5488428407988803,0.4,0.4,0.6,0.0025386272659669203,False
2022-03-09,turnover_penalty_overlay_vol_target_15pct,0.15,0.5139917442247783,0.4,0.4,0.6,-0.033526926103112045,False
2022-03-16,turnover_penalty_overlay_vol_target_15pct,0.15,0.5187391007899409,0.4,0.4,0.6,0.0799154762624574,False
2022-03-23,turnover_penalty_overlay_vol_target_15pct,0.15,0.672852736464381,0.4,0.4,0.6,0.005596770075938401,False
2022-03-30,turnover_penalty_overlay_vol_target_15pct,0.15,0.6416512600450237,0.4,0.4,0.6,-0.03252979972377504,False
2022-04-06,turnover_penalty_overlay_vol_target_15pct,0.15,0.6349364562447433,0.4,0.4,0.6,-0.0199843966436462,False
2022-04-13,turnover_penalty_overlay_vol_target_15pct,0.15,0.6321411042739413,0.4,0.4,0.6,-0.01434336132484756,False
2022-04-21,turnover_penalty_overlay_vol_target_15pct,0.15,0.6051832368176251,0.4,0.4,0.6,-0.03614260235381548,False
2022-04-28,turnover_penalty_overlay_vol_target_15pct,0.15,0.5917474250123703,0.4,0.4,0.6,-0.00832709349089252,False
2022-05-05,turnover_penalty_overlay_vol_target_15pct,0.15,0.5909351483892822,0.4,0.4,0.6,-0.0268799574793066,False
2022-05-12,turnover_penalty_overlay_vol_target_15pct,0.15,0.5995165832295336,0.4,0.4,0.6,0.0174938063729454,False
2022-05-19,turnover_penalty_overlay_vol_target_15pct,0.15,0.6103502836153849,0.4,0.4,0.6,0.010891443477811721,False
2022-05-26,turnover_penalty_overlay_vol_target_15pct,0.15,0.5833820771145429,0.4,0.4,0.6,0.0075741109170788,False
2022-06-03,turnover_penalty_overlay_vol_target_15pct,0.15,0.5857965300680706,0.4,0.4,0.6,-0.029458315676225602,False
2022-06-10,turnover_penalty_overlay_vol_target_15pct,0.15,0.5801118398248997,0.4,0.4,0.6,-0.05320074856333104,False
2022-06-17,turnover_penalty_overlay_vol_target_15pct,0.15,0.3961541184133904,0.4,0.4,0.6,0.0323207032845804,False
2022-06-27,turnover_penalty_overlay_vol_target_15pct,0.15,0.45704746885323627,0.4,0.4,0.6,-0.013661413784814641,False
2022-07-05,turnover_penalty_overlay_vol_target_15pct,0.15,0.44317016991051755,0.4,0.4,0.6,-0.007566113245085,False
2022-07-12,turnover_penalty_overlay_vol_target_15pct,0.15,0.44054592571875395,0.4,0.4,0.6,0.03596326697926288,False
2022-07-19,turnover_penalty_overlay_vol_target_15pct,0.15,0.5002247056495297,0.4,0.4,0.6,0.007463855323852801,False
2022-07-26,turnover_penalty_overlay_vol_target_15pct,0.15,0.4730197368454225,0.4,0.4,0.6,0.023828880046112243,False
2022-08-02,turnover_penalty_overlay_vol_target_15pct,0.15,0.4902271861370046,0.4,0.4,0.6,-0.00830435155320816,False
2022-08-09,turnover_penalty_overlay_vol_target_15pct,0.15,0.4686748486560398,0.4,0.4,0.6,0.01867034690215176,False
2022-08-16,turnover_penalty_overlay_vol_target_15pct,0.15,0.46987063357974246,0.4,0.4,0.6,0.008222846985715961,False
2022-08-23,turnover_penalty_overlay_vol_target_15pct,0.15,0.46858501892911386,0.4,0.4,0.6,0.01228006578804856,False
2022-08-30,turnover_penalty_overlay_vol_target_15pct,0.15,0.4709342382385791,0.4,0.4,0.6,0.02227353523905244,False
2022-09-07,turnover_penalty_overlay_vol_target_15pct,0.15,0.4442513147755329,0.4,0.4,0.6,0.02835012634296724,False
2022-09-14,turnover_penalty_overlay_vol_target_15pct,0.15,0.2988288564056966,0.5019595557276326,0.5019595557276326,0.4980404442723674,-0.039014316034104046,False
2022-09-21,turnover_penalty_overlay_vol_target_15pct,0.15,0.3565558689305082,0.4206914345567387,0.4206914345567387,0.5793085654432613,-0.011518710871450387,False
2022-09-28,turnover_penalty_overlay_vol_target_15pct,0.15,0.3519176983043368,0.42623602257787185,0.42623602257787185,0.5737639774221281,0.047595418669784624,False
2022-10-05,turnover_penalty_overlay_vol_target_15pct,0.15,0.3859643794726684,0.4,0.4,0.6,-0.025686419959402004,False
2022-10-12,turnover_penalty_overlay_vol_target_15pct,0.15,0.4085420233008728,0.4,0.4,0.6,0.04796030211870584,False
2022-10-19,turnover_penalty_overlay_vol_target_15pct,0.15,0.45982976501441525,0.4,0.4,0.6,0.05212312609405656,False
2022-10-26,turnover_penalty_overlay_vol_target_15pct,0.15,0.5049469779211522,0.4,0.4,0.6,-0.00857915908995492,False
2022-11-02,turnover_penalty_overlay_vol_target_15pct,0.15,0.5052960096889114,0.4,0.4,0.6,-0.03008546214350712,False
2022-11-09,turnover_penalty_overlay_vol_target_15pct,0.15,0.5514277388037837,0.4,0.4,0.6,0.053257864056608,False
2022-11-16,turnover_penalty_overlay_vol_target_15pct,0.15,0.5973149006756285,0.4,0.4,0.6,0.00556320627836936,False
2022-11-23,turnover_penalty_overlay_vol_target_15pct,0.15,0.5985388242742556,0.4,0.4,0.6,0.010285322521333322,False
2022-12-01,turnover_penalty_overlay_vol_target_15pct,0.15,0.595883283747128,0.4,0.4,0.6,-0.01745579841293572,False
2022-12-08,turnover_penalty_overlay_vol_target_15pct,0.15,0.6048451958123651,0.4,0.4,0.6,-0.01767040308429404,False
2022-12-15,turnover_penalty_overlay_vol_target_15pct,0.15,0.583117653637033,0.4,0.4,0.6,-0.0173599462507064,False
2022-12-22,turnover_penalty_overlay_vol_target_15pct,0.15,0.5904048538251107,0.4,0.4,0.6,0.0129478313057534,False
2022-12-30,turnover_penalty_overlay_vol_target_15pct,0.15,0.5541850764919694,0.4,0.4,0.6,0.01320888004708496,False
2023-01-09,turnover_penalty_overlay_vol_target_15pct,0.15,0.525780743050506,0.4,0.4,0.6,0.06426260239047704,False
2023-01-17,turnover_penalty_overlay_vol_target_15pct,0.15,0.567128189761358,0.4,0.4,0.6,0.0009005973009786801,False
2023-01-24,turnover_penalty_overlay_vol_target_15pct,0.15,0.5149065728380889,0.4,0.4,0.6,0.0073125372559706804,False
2023-01-31,turnover_penalty_overlay_vol_target_15pct,0.15,0.5083978218336926,0.4,0.4,0.6,0.0523098233864598,False
2023-02-07,turnover_penalty_overlay_vol_target_15pct,0.15,0.5111855074585047,0.4,0.4,0.6,0.00363088863717388,False
2023-02-14,turnover_penalty_overlay_vol_target_15pct,0.15,0.4611020286074474,0.4,0.4,0.6,-0.029185541211831117,False
2023-02-22,turnover_penalty_overlay_vol_target_15pct,0.15,0.5041992537174754,0.4,0.4,0.6,0.00459000149186316,False
2023-03-01,turnover_penalty_overlay_vol_target_15pct,0.15,0.5039504618806233,0.4,0.4,0.6,0.0039341509786936,False
2023-03-08,turnover_penalty_overlay_vol_target_15pct,0.15,0.48587123282952493,0.4,0.4,0.6,-0.008815826584354999,False
2023-03-15,turnover_penalty_overlay_vol_target_15pct,0.15,0.4739177016392084,0.4,0.4,0.6,0.02206495849370656,False
2023-03-22,turnover_penalty_overlay_vol_target_15pct,0.15,0.45306710805871114,0.4,0.4,0.6,0.00426026667914724,False
2023-03-29,turnover_penalty_overlay_vol_target_15pct,0.15,0.4549377389415577,0.4,0.4,0.6,0.005206878344331841,False
2023-04-05,turnover_penalty_overlay_vol_target_15pct,0.15,0.4559785156487503,0.4,0.4,0.6,0.00412411334269708,False
2023-04-13,turnover_penalty_overlay_vol_target_15pct,0.15,0.34032799391199026,0.44075128312480344,0.44075128312480344,0.5592487168751965,-0.01498713425998779,False
2023-04-20,turnover_penalty_overlay_vol_target_15pct,0.15,0.35468859147357856,0.4229061875850433,0.4229061875850433,0.5770938124149567,-0.0175762019563974,False
2023-04-27,turnover_penalty_overlay_vol_target_15pct,0.15,0.37094455859467035,0.40437309706948527,0.40437309706948527,0.5956269029305148,-0.018999205357899646,False
2023-05-04,turnover_penalty_overlay_vol_target_15pct,0.15,0.25624760532655294,0.5853713239928439,0.5543730970694852,0.44562690293051477,0.033194139043756204,False
2023-05-11,turnover_penalty_overlay_vol_target_15pct,0.15,0.2918823228069885,0.5139057362483364,0.5139057362483364,0.48609426375166365,0.029274520093879045,False
2023-05-18,turnover_penalty_overlay_vol_target_15pct,0.15,0.2711319029853793,0.5532362600947358,0.5532362600947358,0.4467637399052642,0.08686193773666212,False
2023-05-25,turnover_penalty_overlay_vol_target_15pct,0.15,0.41464833626567815,0.4,0.4032362600947358,0.5967637399052642,0.0029791902804010115,False
2023-06-02,turnover_penalty_overlay_vol_target_15pct,0.15,0.41493675408899233,0.4,0.4,0.6,0.00914765593875568,False
2023-06-09,turnover_penalty_overlay_vol_target_15pct,0.15,0.4043952966414182,0.4,0.4,0.6,0.01248318899334788,False
2023-06-16,turnover_penalty_overlay_vol_target_15pct,0.15,0.3982726701622342,0.4,0.4,0.6,-0.00587964910608536,False
2023-06-26,turnover_penalty_overlay_vol_target_15pct,0.15,0.40472081681824423,0.4,0.4,0.6,0.01748730818894996,False
2023-07-03,turnover_penalty_overlay_vol_target_15pct,0.15,0.40781755569851236,0.4,0.4,0.6,-0.009013053292983,False
2023-07-11,turnover_penalty_overlay_vol_target_15pct,0.15,0.4175387038641545,0.4,0.4,0.6,0.03744113296148804,False
2023-07-18,turnover_penalty_overlay_vol_target_15pct,0.15,0.42644865302603957,0.4,0.4,0.6,-0.01497567242120556,False
2023-07-25,turnover_penalty_overlay_vol_target_15pct,0.15,0.4232932418401119,0.4,0.4,0.6,-0.00138119405314992,False
2023-08-01,turnover_penalty_overlay_vol_target_15pct,0.15,0.3948850276825032,0.4,0.4,0.6,-0.007471642904023761,False
2023-08-08,turnover_penalty_overlay_vol_target_15pct,0.15,0.40329198103058495,0.4,0.4,0.6,-0.0038890596124251603,False
2023-08-15,turnover_penalty_overlay_vol_target_15pct,0.15,0.40323698551037773,0.4,0.4,0.6,0.00281842222566348,False
2023-08-22,turnover_penalty_overlay_vol_target_15pct,0.15,0.258002813131883,0.5813890095970569,0.55,0.44999999999999996,0.006316719910175731,False
2023-08-29,turnover_penalty_overlay_vol_target_15pct,0.15,0.25807739306199495,0.581220998167659,0.581220998167659,0.41877900183234096,-0.011109680972065968,False
2023-09-06,turnover_penalty_overlay_vol_target_15pct,0.15,0.26189989770599864,0.5727379098421249,0.5727379098421249,0.4272620901578751,0.012957714970194396,False
2023-09-13,turnover_penalty_overlay_vol_target_15pct,0.15,0.25843246351144555,0.5804224359504925,0.5804224359504925,0.4195775640495075,-0.023470763263386603,False
2023-09-20,turnover_penalty_overlay_vol_target_15pct,0.15,0.2726393081035198,0.5501774525595764,0.5501774525595764,0.4498225474404236,0.008035708991566377,False
2023-09-27,turnover_penalty_overlay_vol_target_15pct,0.15,0.2580049579341662,0.5813841764942932,0.5813841764942932,0.4186158235057068,-0.04552075902868234,False
2023-10-04,turnover_penalty_overlay_vol_target_15pct,0.15,0.3031830743325055,0.4947505738248854,0.4947505738248854,0.5052494261751146,0.021106677470964418,False
2023-10-11,turnover_penalty_overlay_vol_target_15pct,0.15,0.23588155486140006,0.6359123759724978,0.6359123759724978,0.36408762402750217,-0.008470876443213557,False
2023-10-18,turnover_penalty_overlay_vol_target_15pct,0.15,0.2273235251994021,0.6598525157852625,0.6598525157852625,0.3401474842147375,-0.05605309082260026,False
2023-10-25,turnover_penalty_overlay_vol_target_15pct,0.15,0.27887837191845904,0.5378688887493159,0.5378688887493159,0.46213111125068407,-0.0004936500983965789,False
2023-11-01,turnover_penalty_overlay_vol_target_15pct,0.15,0.2798744339743971,0.5359546346191878,0.5359546346191878,0.4640453653808122,0.013230064596519141,False
2023-11-08,turnover_penalty_overlay_vol_target_15pct,0.15,0.2904115035392751,0.5165084653050394,0.5165084653050394,0.48349153469496065,0.024616027145253364,False
2023-11-15,turnover_penalty_overlay_vol_target_15pct,0.15,0.3128632443322276,0.4794427044958847,0.4794427044958847,0.5205572955041153,0.015200663523475256,False
2023-11-22,turnover_penalty_overlay_vol_target_15pct,0.15,0.32099262907831627,0.46730044995333136,0.46730044995333136,0.5326995500466687,0.013689242395944424,False
2023-11-30,turnover_penalty_overlay_vol_target_15pct,0.15,0.32631207332426987,0.45968265431275895,0.45968265431275895,0.540317345687241,0.0009286851414906287,False
2023-12-07,turnover_penalty_overlay_vol_target_15pct,0.15,0.32222165006386355,0.4655180679829253,0.4655180679829253,0.5344819320170747,0.007901733540183897,False
2023-12-14,turnover_penalty_overlay_vol_target_15pct,0.15,0.31190064005556817,0.48092238596649245,0.48092238596649245,0.5190776140335076,0.006363200199759011,False
2023-12-21,turnover_penalty_overlay_vol_target_15pct,0.15,0.31166436900650246,0.48128697059005304,0.48128697059005304,0.5187130294099469,0.006628191862335249,False
2023-12-29,turnover_penalty_overlay_vol_target_15pct,0.15,0.251725621566323,0.5958868988649174,0.5958868988649174,0.4041131011350826,-0.010805647159256122,False
2024-01-08,turnover_penalty_overlay_vol_target_15pct,0.15,0.2464435316861888,0.6086587015438649,0.6086587015438649,0.3913412984561351,-0.006633871543413698,False
2024-01-16,turnover_penalty_overlay_vol_target_15pct,0.15,0.24563212088967998,0.6106693190479312,0.6106693190479312,0.3893306809520688,0.03752474872766895,False
2024-01-23,turnover_penalty_overlay_vol_target_15pct,0.15,0.16758928296064068,0.8950452997357138,0.7606693190479312,0.23933068095206878,0.02664820166560808,False
2024-01-30,turnover_penalty_overlay_vol_target_15pct,0.15,0.1655309837002733,0.9061747634606265,0.9061747634606265,0.09382523653937347,0.0056042720609736415,False
2024-02-06,turnover_penalty_overlay_vol_target_15pct,0.15,0.16782657375239182,0.8937797909245718,0.8937797909245718,0.10622020907542817,0.022933974624505978,False
2024-02-13,turnover_penalty_overlay_vol_target_15pct,0.15,0.15586513796007104,0.9623704310224038,0.9623704310224038,0.03762956897759617,-0.009416330080056287,False
2024-02-21,turnover_penalty_overlay_vol_target_15pct,0.15,0.16144941372215776,0.9290835843983841,0.9290835843983841,0.07091641560161588,0.01284707444536714,False
2024-02-28,turnover_penalty_overlay_vol_target_15pct,0.15,0.157552460494515,0.9520638365734826,0.9520638365734826,0.04793616342651741,0.06709555255229482,False
2024-03-06,turnover_penalty_overlay_vol_target_15pct,0.15,0.19603156513083228,0.7651828923565925,0.8020638365734826,0.19793616342651743,0.0013263450296493043,False
2024-03-13,turnover_penalty_overlay_vol_target_15pct,0.15,0.19904701801583372,0.753590792242202,0.753590792242202,0.24640920775779795,-0.0003722358667671731,False
2024-03-20,turnover_penalty_overlay_vol_target_15pct,0.15,0.20226943526947083,0.7415851030590185,0.7415851030590185,0.2584148969409815,0.003648849969319766,False
2024-03-27,turnover_penalty_overlay_vol_target_15pct,0.15,0.20351388999159775,0.7370504293647616,0.7370504293647616,0.2629495706352384,-0.02608231806333474,False
2024-04-04,turnover_penalty_overlay_vol_target_15pct,0.15,0.21939540952081865,0.6836970761038933,0.6836970761038933,0.3163029238961067,0.03464461830540878,False
2024-04-11,turnover_penalty_overlay_vol_target_15pct,0.15,0.22435566968094037,0.6685812763872528,0.6685812763872528,0.33141872361274716,-0.03865695617571087,False
2024-04-18,turnover_penalty_overlay_vol_target_15pct,0.15,0.2525868337602582,0.5938551814714614,0.5938551814714614,0.40614481852853856,-0.01296189111744863,False
2024-04-25,turnover_penalty_overlay_vol_target_15pct,0.15,0.2523441833032021,0.5944262238839432,0.5944262238839432,0.40557377611605683,0.012525330754377081,False
2024-05-02,turnover_penalty_overlay_vol_target_15pct,0.15,0.25485054576384764,0.5885802580897536,0.5885802580897536,0.41141974191024644,0.024399045356344032,False
2024-05-09,turnover_penalty_overlay_vol_target_15pct,0.15,0.26285390677437265,0.5706591994037065,0.5706591994037065,0.42934080059629354,-0.0038986897077763465,False
2024-05-16,turnover_penalty_overlay_vol_target_15pct,0.15,0.2620537220743009,0.5724017152386411,0.5724017152386411,0.42759828476135886,-0.02952479161511818,False
2024-05-23,turnover_penalty_overlay_vol_target_15pct,0.15,0.2879580779592721,0.5209091582463456,0.5209091582463456,0.47909084175365435,0.017594992561364858,False
2024-05-31,turnover_penalty_overlay_vol_target_15pct,0.15,0.25438879567850087,0.5896486108986164,0.5896486108986164,0.4103513891013836,0.015182364361263445,False
2024-06-07,turnover_penalty_overlay_vol_target_15pct,0.15,0.26077654929541777,0.5752050957238267,0.5752050957238267,0.4247949042761733,0.012033759379470193,False
2024-06-14,turnover_penalty_overlay_vol_target_15pct,0.15,0.26426389465930705,0.567614430239826,0.567614430239826,0.43238556976017395,-0.05299646460122801,False
2024-06-24,turnover_penalty_overlay_vol_target_15pct,0.15,0.33046143049847004,0.45391076281954923,0.45391076281954923,0.5460892371804508,0.018820542736896578,False
2024-07-01,turnover_penalty_overlay_vol_target_15pct,0.15,0.3369428516634416,0.445179350918027,0.445179350918027,0.5548206490819729,0.06820253184820875,False
2024-07-09,turnover_penalty_overlay_vol_target_15pct,0.15,0.45632374867606146,0.4,0.4,0.6,-0.0089579259593948,False
2024-07-16,turnover_penalty_overlay_vol_target_15pct,0.15,0.43735775739449295,0.4,0.4,0.6,-0.03446350152573396,False
2024-07-23,turnover_penalty_overlay_vol_target_15pct,0.15,0.4793769385988181,0.4,0.4,0.6,-0.050056507593865845,False
2024-07-30,turnover_penalty_overlay_vol_target_15pct,0.15,0.5499693635837177,0.4,0.4,0.6,-0.025023694727443282,False
2024-08-06,turnover_penalty_overlay_vol_target_15pct,0.15,0.5503965277118394,0.4,0.4,0.6,0.029265410620903723,False
2024-08-13,turnover_penalty_overlay_vol_target_15pct,0.15,0.58009739262875,0.4,0.4,0.6,0.00695188676007212,False
2024-08-20,turnover_penalty_overlay_vol_target_15pct,0.15,0.5731595335998011,0.4,0.4,0.6,-0.006536754479759161,False
2024-08-27,turnover_penalty_overlay_vol_target_15pct,0.15,0.567824021230925,0.4,0.4,0.6,-0.030669556690436126,False
2024-09-04,turnover_penalty_overlay_vol_target_15pct,0.15,0.5805344149866556,0.4,0.4,0.6,-0.025897782827069882,False
2024-09-11,turnover_penalty_overlay_vol_target_15pct,0.15,0.5830721833193852,0.4,0.4,0.6,-0.00687127337789468,False
2024-09-18,turnover_penalty_overlay_vol_target_15pct,0.15,0.559927630735612,0.4,0.4,0.6,0.05292308336999264,False
2024-09-25,turnover_penalty_overlay_vol_target_15pct,0.15,0.6312652306732274,0.4,0.4,0.6,-0.01599580068792088,False
2024-10-02,turnover_penalty_overlay_vol_target_15pct,0.15,0.5152302154014656,0.4,0.4,0.6,0.014169499431323042,False
2024-10-09,turnover_penalty_overlay_vol_target_15pct,0.15,0.5299941627890986,0.4,0.4,0.6,0.0006251481318809201,False
2024-10-16,turnover_penalty_overlay_vol_target_15pct,0.15,0.5085639838640442,0.4,0.4,0.6,-0.0022633161746608,False
2024-10-23,turnover_penalty_overlay_vol_target_15pct,0.15,0.43857638050648223,0.4,0.4,0.6,-0.00068510927567344,False
2024-10-30,turnover_penalty_overlay_vol_target_15pct,0.15,0.4164809905008825,0.4,0.4,0.6,0.033057050009190396,False
2024-11-06,turnover_penalty_overlay_vol_target_15pct,0.15,0.42443524295528295,0.4,0.4,0.6,0.03243363948809604,False
2024-11-13,turnover_penalty_overlay_vol_target_15pct,0.15,0.45379191787425904,0.4,0.4,0.6,0.031416902443904486,False
2024-11-20,turnover_penalty_overlay_vol_target_15pct,0.15,0.47123025691952797,0.4,0.4,0.6,0.00832239014188632,False
2024-11-27,turnover_penalty_overlay_vol_target_15pct,0.15,0.4202658403060127,0.4,0.4,0.6,0.015693586501315162,False
2024-12-05,turnover_penalty_overlay_vol_target_15pct,0.15,0.36722271574170867,0.40847146314746124,0.40847146314746124,0.5915285368525387,0.05607608320594773,False
2024-12-12,turnover_penalty_overlay_vol_target_15pct,0.15,0.40461353463419164,0.4,0.4,0.6,-0.012190787637552561,False
2024-12-19,turnover_penalty_overlay_vol_target_15pct,0.15,0.38323908258902345,0.4,0.4,0.6,0.013548795383195481,False
2024-12-27,turnover_penalty_overlay_vol_target_15pct,0.15,0.345381467540396,0.4343023992231312,0.4343023992231312,0.5656976007768688,-0.009254618361850351,False
2025-01-06,turnover_penalty_overlay_vol_target_15pct,0.15,0.36798759543622667,0.40762243581114255,0.40762243581114255,0.5923775641888575,-0.017379058188525733,False
2025-01-14,turnover_penalty_overlay_vol_target_15pct,0.15,0.3972216934924291,0.4,0.4,0.6,0.0238892288855634,False
2025-01-22,turnover_penalty_overlay_vol_target_15pct,0.15,0.3919837963756389,0.4,0.4,0.6,-0.049385799860822324,False
2025-01-29,turnover_penalty_overlay_vol_target_15pct,0.15,0.5120096116440966,0.4,0.4,0.6,0.01291616838474036,False
2025-02-05,turnover_penalty_overlay_vol_target_15pct,0.15,0.496237579644153,0.4,0.4,0.6,0.0032196664056785597,False
2025-02-12,turnover_penalty_overlay_vol_target_15pct,0.15,0.4780815218666409,0.4,0.4,0.6,0.01037668524764216,False
2025-02-20,turnover_penalty_overlay_vol_target_15pct,0.15,0.457579616905825,0.4,0.4,0.6,-0.048524353751144,False
2025-02-27,turnover_penalty_overlay_vol_target_15pct,0.15,0.5336679679736834,0.4,0.4,0.6,-0.038822616626821765,False
2025-03-06,turnover_penalty_overlay_vol_target_15pct,0.15,0.5608376048555678,0.4,0.4,0.6,0.04170763904976228,False
2025-03-13,turnover_penalty_overlay_vol_target_15pct,0.15,0.5221594552611819,0.4,0.4,0.6,0.0013370475285480801,False
2025-03-20,turnover_penalty_overlay_vol_target_15pct,0.15,0.5219646316597311,0.4,0.4,0.6,-0.012737703221313122,False
2025-03-27,turnover_penalty_overlay_vol_target_15pct,0.15,0.5127603775286204,0.4,0.4,0.6,-0.0305204163025318,False
2025-04-03,turnover_penalty_overlay_vol_target_15pct,0.15,0.5275609946194968,0.4,0.4,0.6,-0.033871809761211645,False
2025-04-10,turnover_penalty_overlay_vol_target_15pct,0.15,0.542590305999313,0.4,0.4,0.6,-0.020044364756642962,False
2025-04-17,turnover_penalty_overlay_vol_target_15pct,0.15,0.508416598970453,0.4,0.4,0.6,0.037030849264267765,False
2025-04-25,turnover_penalty_overlay_vol_target_15pct,0.15,0.5277891513214003,0.4,0.4,0.6,-0.00227458969941636,False
2025-05-02,turnover_penalty_overlay_vol_target_15pct,0.15,0.517058113693661,0.4,0.4,0.6,0.018024572430394122,False
2025-05-09,turnover_penalty_overlay_vol_target_15pct,0.15,0.5319252029834189,0.4,0.4,0.6,0.0444279020979124,False
2025-05-16,turnover_penalty_overlay_vol_target_15pct,0.15,0.5904093130563027,0.4,0.4,0.6,-0.009663697768516801,False
2025-05-23,turnover_penalty_overlay_vol_target_15pct,0.15,0.5350831674765192,0.4,0.4,0.6,0.01945431733620664,False
2025-06-02,turnover_penalty_overlay_vol_target_15pct,0.15,0.49600124252169864,0.4,0.4,0.6,-0.02346960205698096,False
2025-06-09,turnover_penalty_overlay_vol_target_15pct,0.15,0.4661623626279999,0.4,0.4,0.6,0.010544871118395641,False
2025-06-16,turnover_penalty_overlay_vol_target_15pct,0.15,0.47000149874337127,0.4,0.4,0.6,0.027644966177906485,False
2025-06-24,turnover_penalty_overlay_vol_target_15pct,0.15,0.4851167775098747,0.4,0.4,0.6,-0.0052042221761945204,False
2025-07-01,turnover_penalty_overlay_vol_target_15pct,0.15,0.4497533486677264,0.4,0.4,0.6,0.00547258960071052,False
2025-07-09,turnover_penalty_overlay_vol_target_15pct,0.15,0.39135403098485955,0.4,0.4,0.6,0.02491344568394252,False
2025-07-16,turnover_penalty_overlay_vol_target_15pct,0.15,0.3633292529827695,0.41284867312105356,0.41284867312105356,0.5871513268789464,-0.0025546879061341464,False
2025-07-23,turnover_penalty_overlay_vol_target_15pct,0.15,0.3411091988789896,0.43974187882635596,0.43974187882635596,0.560258121173644,0.03984006942653413,False
2025-07-30,turnover_penalty_overlay_vol_target_15pct,0.15,0.36198754081244283,0.4143789028300279,0.4143789028300279,0.5856210971699721,-0.018352259321129723,False
2025-08-06,turnover_penalty_overlay_vol_target_15pct,0.15,0.3915594353788097,0.4,0.4,0.6,0.03828792158234964,False
2025-08-13,turnover_penalty_overlay_vol_target_15pct,0.15,0.3761796818887247,0.4,0.4,0.6,-0.02996625168282976,False
2025-08-20,turnover_penalty_overlay_vol_target_15pct,0.15,0.4180698690424808,0.4,0.4,0.6,0.01525843059185368,False
2025-08-27,turnover_penalty_overlay_vol_target_15pct,0.15,0.4149176952021161,0.4,0.4,0.6,-0.01617540708096008,False
2025-09-04,turnover_penalty_overlay_vol_target_15pct,0.15,0.4007312835094226,0.4,0.4,0.6,0.01655800893144288,False
2025-09-11,turnover_penalty_overlay_vol_target_15pct,0.15,0.4034205641278427,0.4,0.4,0.6,0.01854105175404476,False
2025-09-18,turnover_penalty_overlay_vol_target_15pct,0.15,0.3927516625938747,0.4,0.4,0.6,0.007602016941493841,False
2025-09-25,turnover_penalty_overlay_vol_target_15pct,0.15,0.3866012684897316,0.4,0.4,0.6,0.0177804639524756,False
2025-10-02,turnover_penalty_overlay_vol_target_15pct,0.15,0.3894868120779928,0.4,0.4,0.6,0.00246995994766692,False
2025-10-09,turnover_penalty_overlay_vol_target_15pct,0.15,0.3798764196732689,0.4,0.4,0.6,-0.00450878720336848,False
2025-10-16,turnover_penalty_overlay_vol_target_15pct,0.15,0.38155624853198794,0.4,0.4,0.6,0.007532772790425001,False
2025-10-23,turnover_penalty_overlay_vol_target_15pct,0.15,0.34389496100930983,0.43617969731152656,0.43617969731152656,0.5638203026884734,0.02985269251686337,False
2025-10-30,turnover_penalty_overlay_vol_target_15pct,0.15,0.3372731684033747,0.444743353614782,0.444743353614782,0.555256646385218,-0.012478093462794253,False
2025-11-06,turnover_penalty_overlay_vol_target_15pct,0.15,0.30433341215349075,0.49288048571001924,0.49288048571001924,0.5071195142899807,0.007745974118738906,False
2025-11-13,turnover_penalty_overlay_vol_target_15pct,0.15,0.23396913389350166,0.641110207589507,0.641110207589507,0.358889792410493,-0.026814260066274895,False
2025-11-20,turnover_penalty_overlay_vol_target_15pct,0.15,0.2596901063859089,0.577611531249845,0.577611531249845,0.422388468750155,-0.005879518367764659,False
2025-11-28,turnover_penalty_overlay_vol_target_15pct,0.15,0.237679775423679,0.6311012358229288,0.6311012358229288,0.36889876417707124,0.0022132485580145934,False
2025-12-05,turnover_penalty_overlay_vol_target_15pct,0.15,0.23003820255158997,0.6520656062175584,0.6520656062175584,0.3479343937824416,-0.0306403599617675,False
2025-12-12,turnover_penalty_overlay_vol_target_15pct,0.15,0.2437899576429096,0.6152837526626586,0.6152837526626586,0.38471624733734144,0.00235281012303485,False
2025-12-19,turnover_penalty_overlay_vol_target_15pct,0.15,0.24114771346882963,0.6220253878517026,0.6220253878517026,0.3779746121482974,0.0013932154752037988,False
2025-12-29,turnover_penalty_overlay_vol_target_15pct,0.15,0.22102930271321752,0.6786430493997573,0.6786430493997573,0.3213569506002427,0.0216058768214627,False
2026-01-06,turnover_penalty_overlay_vol_target_15pct,0.15,0.2315558714626993,0.6477918225630616,0.6477918225630616,0.35220817743693844,0.03136385956468155,False
2026-01-13,turnover_penalty_overlay_vol_target_15pct,0.15,0.2498800312234328,0.6002880632981671,0.6002880632981671,0.3997119367018329,0.06745441772988395,False
2026-01-21,turnover_penalty_overlay_vol_target_15pct,0.15,0.33516040364834726,0.4475469010276676,0.45028806329816706,0.5497119367018329,0.004606916658129466,False
2026-01-28,turnover_penalty_overlay_vol_target_15pct,0.15,0.3108071368619564,0.48261440041070175,0.48261440041070175,0.5173855995892982,-0.0424150177899264,False
2026-02-04,turnover_penalty_overlay_vol_target_15pct,0.15,0.3645164344139877,0.4115040800318001,0.4115040800318001,0.5884959199681998,0.016436001714998844,False
2026-02-11,turnover_penalty_overlay_vol_target_15pct,0.15,0.37181414797764806,0.4034273596523212,0.4034273596523212,0.5965726403476788,-0.022906803413034034,False
2026-02-19,turnover_penalty_overlay_vol_target_15pct,0.15,0.3820038964138981,0.4,0.4,0.6,-0.00726775274151744,False
2026-02-26,turnover_penalty_overlay_vol_target_15pct,0.15,0.38379085422785714,0.4,0.4,0.6,-0.01810815521385524,False
2026-03-05,turnover_penalty_overlay_vol_target_15pct,0.15,0.3970622931732808,0.4,0.4,0.6,-0.015145772907034442,False
2026-03-12,turnover_penalty_overlay_vol_target_15pct,0.15,0.39242523825513775,0.4,0.4,0.6,0.028508524200619802,False
2026-03-19,turnover_penalty_overlay_vol_target_15pct,0.15,0.4196081845552839,0.4,0.4,0.6,0.00166271873487008,False
2026-03-26,turnover_penalty_overlay_vol_target_15pct,0.15,0.41954873860082964,0.4,0.4,0.6,0.00514285074852684,False
2026-04-02,turnover_penalty_overlay_vol_target_15pct,0.15,0.4158594578036816,0.4,0.4,0.6,0.01475173499315752,False
2026-04-10,turnover_penalty_overlay_vol_target_15pct,0.15,0.41073641690166235,0.4,0.4,0.6,0.04684173374121448,False
2026-04-17,turnover_penalty_overlay_vol_target_15pct,0.15,0.4167644797339022,0.4,0.4,0.6,0.09086516955292424,False
2026-04-24,turnover_penalty_overlay_vol_target_15pct,0.15,0.6256222251769525,0.4,0.4,0.6,0.04870609356987908,False
2026-05-01,turnover_penalty_overlay_vol_target_15pct,0.15,0.6033761946361736,0.4,0.4,0.6,0.10329757469901568,False
2026-05-08,turnover_penalty_overlay_vol_target_15pct,0.15,0.7565439744015423,0.4,0.4,0.6,-0.0395167791246514,False
2026-05-15,turnover_penalty_overlay_vol_target_15pct,0.15,0.7909654044171931,0.4,0.4,0.6,0.04082646565328432,False
2022-01-03,turnover_penalty_overlay_vol_target_18pct,0.18,,,1.0,0.0,-0.0908153547360555,False
2022-01-10,turnover_penalty_overlay_vol_target_18pct,0.18,,,1.0,0.0,-0.0559141439886667,False
2022-01-18,turnover_penalty_overlay_vol_target_18pct,0.18,,,1.0,0.0,-0.0845256749376999,False
2022-01-25,turnover_penalty_overlay_vol_target_18pct,0.18,,,1.0,0.0,0.1175047532534843,False
2022-02-01,turnover_penalty_overlay_vol_target_18pct,0.18,0.7113194694545301,0.4,0.85,0.15000000000000002,-0.021939162618289394,False
2022-02-08,turnover_penalty_overlay_vol_target_18pct,0.18,0.6160791745909987,0.4,0.7,0.30000000000000004,0.022052673099597627,False
2022-02-15,turnover_penalty_overlay_vol_target_18pct,0.18,0.5782244921058661,0.4,0.5499999999999999,0.45000000000000007,-0.0023261936558728446,False
2022-02-23,turnover_penalty_overlay_vol_target_18pct,0.18,0.5291834317655191,0.4,0.4,0.6,0.03232978502912744,False
2022-03-02,turnover_penalty_overlay_vol_target_18pct,0.18,0.5488428407988803,0.4,0.4,0.6,0.0025386272659669203,False
2022-03-09,turnover_penalty_overlay_vol_target_18pct,0.18,0.5139917442247783,0.4,0.4,0.6,-0.033526926103112045,False
2022-03-16,turnover_penalty_overlay_vol_target_18pct,0.18,0.5187391007899409,0.4,0.4,0.6,0.0799154762624574,False
2022-03-23,turnover_penalty_overlay_vol_target_18pct,0.18,0.672852736464381,0.4,0.4,0.6,0.005596770075938401,False
2022-03-30,turnover_penalty_overlay_vol_target_18pct,0.18,0.6416512600450237,0.4,0.4,0.6,-0.03252979972377504,False
2022-04-06,turnover_penalty_overlay_vol_target_18pct,0.18,0.6349364562447433,0.4,0.4,0.6,-0.0199843966436462,False
2022-04-13,turnover_penalty_overlay_vol_target_18pct,0.18,0.6321411042739413,0.4,0.4,0.6,-0.01434336132484756,False
2022-04-21,turnover_penalty_overlay_vol_target_18pct,0.18,0.6051832368176251,0.4,0.4,0.6,-0.03614260235381548,False
2022-04-28,turnover_penalty_overlay_vol_target_18pct,0.18,0.5917474250123703,0.4,0.4,0.6,-0.00832709349089252,False
2022-05-05,turnover_penalty_overlay_vol_target_18pct,0.18,0.5909351483892822,0.4,0.4,0.6,-0.0268799574793066,False
2022-05-12,turnover_penalty_overlay_vol_target_18pct,0.18,0.5995165832295336,0.4,0.4,0.6,0.0174938063729454,False
2022-05-19,turnover_penalty_overlay_vol_target_18pct,0.18,0.6103502836153849,0.4,0.4,0.6,0.010891443477811721,False
2022-05-26,turnover_penalty_overlay_vol_target_18pct,0.18,0.5833820771145429,0.4,0.4,0.6,0.0075741109170788,False
2022-06-03,turnover_penalty_overlay_vol_target_18pct,0.18,0.5857965300680706,0.4,0.4,0.6,-0.029458315676225602,False
2022-06-10,turnover_penalty_overlay_vol_target_18pct,0.18,0.5801118398248997,0.4,0.4,0.6,-0.05320074856333104,False
2022-06-17,turnover_penalty_overlay_vol_target_18pct,0.18,0.3961541184133904,0.4543686197707741,0.4543686197707741,0.5456313802292259,0.036713783353588804,False
2022-06-27,turnover_penalty_overlay_vol_target_18pct,0.18,0.45704746885323627,0.4,0.4,0.6,-0.013661413784814641,False
2022-07-05,turnover_penalty_overlay_vol_target_18pct,0.18,0.44317016991051755,0.40616452148921617,0.40616452148921617,0.5938354785107838,-0.0076827169143079245,False
2022-07-12,turnover_penalty_overlay_vol_target_18pct,0.18,0.44054592571875395,0.4085839625149833,0.4085839625149833,0.5914160374850167,0.036735035318428706,False
2022-07-19,turnover_penalty_overlay_vol_target_18pct,0.18,0.5002247056495297,0.4,0.4,0.6,0.007463855323852801,False
2022-07-26,turnover_penalty_overlay_vol_target_18pct,0.18,0.4730197368454225,0.4,0.4,0.6,0.023828880046112243,False
2022-08-02,turnover_penalty_overlay_vol_target_18pct,0.18,0.4902271861370046,0.4,0.4,0.6,-0.00830435155320816,False
2022-08-09,turnover_penalty_overlay_vol_target_18pct,0.18,0.4686748486560398,0.4,0.4,0.6,0.01867034690215176,False
2022-08-16,turnover_penalty_overlay_vol_target_18pct,0.18,0.46987063357974246,0.4,0.4,0.6,0.008222846985715961,False
2022-08-23,turnover_penalty_overlay_vol_target_18pct,0.18,0.46858501892911386,0.4,0.4,0.6,0.01228006578804856,False
2022-08-30,turnover_penalty_overlay_vol_target_18pct,0.18,0.4709342382385791,0.4,0.4,0.6,0.02227353523905244,False
2022-09-07,turnover_penalty_overlay_vol_target_18pct,0.18,0.4442513147755329,0.40517606591878896,0.40517606591878896,0.594823934081211,0.028716981649860227,False
2022-09-14,turnover_penalty_overlay_vol_target_18pct,0.18,0.2988288564056966,0.6023514668731591,0.555176065918789,0.444823934081211,-0.0431505172940248,False
2022-09-21,turnover_penalty_overlay_vol_target_18pct,0.18,0.3565558689305082,0.5048297214680865,0.5048297214680865,0.49517027853191353,-0.013822453045740467,False
2022-09-28,turnover_penalty_overlay_vol_target_18pct,0.18,0.3519176983043368,0.5114832270934463,0.5114832270934463,0.4885167729065537,0.05711450240374156,False
2022-10-05,turnover_penalty_overlay_vol_target_18pct,0.18,0.3859643794726684,0.46636428015955417,0.46636428015955417,0.5336357198404458,-0.029948071885606296,False
2022-10-12,turnover_penalty_overlay_vol_target_18pct,0.18,0.4085420233008728,0.44059115031953056,0.44059115031953056,0.5594088496804694,0.05282721170038206,False
2022-10-19,turnover_penalty_overlay_vol_target_18pct,0.18,0.45982976501441525,0.4,0.4,0.6,0.05212312609405656,False
2022-10-26,turnover_penalty_overlay_vol_target_18pct,0.18,0.5049469779211522,0.4,0.4,0.6,-0.00857915908995492,False
2022-11-02,turnover_penalty_overlay_vol_target_18pct,0.18,0.5052960096889114,0.4,0.4,0.6,-0.03008546214350712,False
2022-11-09,turnover_penalty_overlay_vol_target_18pct,0.18,0.5514277388037837,0.4,0.4,0.6,0.053257864056608,False
2022-11-16,turnover_penalty_overlay_vol_target_18pct,0.18,0.5973149006756285,0.4,0.4,0.6,0.00556320627836936,False
2022-11-23,turnover_penalty_overlay_vol_target_18pct,0.18,0.5985388242742556,0.4,0.4,0.6,0.010285322521333322,False
2022-12-01,turnover_penalty_overlay_vol_target_18pct,0.18,0.595883283747128,0.4,0.4,0.6,-0.01745579841293572,False
2022-12-08,turnover_penalty_overlay_vol_target_18pct,0.18,0.6048451958123651,0.4,0.4,0.6,-0.01767040308429404,False
2022-12-15,turnover_penalty_overlay_vol_target_18pct,0.18,0.583117653637033,0.4,0.4,0.6,-0.0173599462507064,False
2022-12-22,turnover_penalty_overlay_vol_target_18pct,0.18,0.5904048538251107,0.4,0.4,0.6,0.0129478313057534,False
2022-12-30,turnover_penalty_overlay_vol_target_18pct,0.18,0.5541850764919694,0.4,0.4,0.6,0.01320888004708496,False
2023-01-09,turnover_penalty_overlay_vol_target_18pct,0.18,0.525780743050506,0.4,0.4,0.6,0.06426260239047704,False
2023-01-17,turnover_penalty_overlay_vol_target_18pct,0.18,0.567128189761358,0.4,0.4,0.6,0.0009005973009786801,False
2023-01-24,turnover_penalty_overlay_vol_target_18pct,0.18,0.5149065728380889,0.4,0.4,0.6,0.0073125372559706804,False
2023-01-31,turnover_penalty_overlay_vol_target_18pct,0.18,0.5083978218336926,0.4,0.4,0.6,0.0523098233864598,False
2023-02-07,turnover_penalty_overlay_vol_target_18pct,0.18,0.5111855074585047,0.4,0.4,0.6,0.00363088863717388,False
2023-02-14,turnover_penalty_overlay_vol_target_18pct,0.18,0.4611020286074474,0.4,0.4,0.6,-0.029185541211831117,False
2023-02-22,turnover_penalty_overlay_vol_target_18pct,0.18,0.5041992537174754,0.4,0.4,0.6,0.00459000149186316,False
2023-03-01,turnover_penalty_overlay_vol_target_18pct,0.18,0.5039504618806233,0.4,0.4,0.6,0.0039341509786936,False
2023-03-08,turnover_penalty_overlay_vol_target_18pct,0.18,0.48587123282952493,0.4,0.4,0.6,-0.008815826584354999,False
2023-03-15,turnover_penalty_overlay_vol_target_18pct,0.18,0.4739177016392084,0.4,0.4,0.6,0.02206495849370656,False
2023-03-22,turnover_penalty_overlay_vol_target_18pct,0.18,0.45306710805871114,0.4,0.4,0.6,0.00426026667914724,False
2023-03-29,turnover_penalty_overlay_vol_target_18pct,0.18,0.4549377389415577,0.4,0.4,0.6,0.005206878344331841,False
2023-04-05,turnover_penalty_overlay_vol_target_18pct,0.18,0.4559785156487503,0.4,0.4,0.6,0.00412411334269708,False
2023-04-13,turnover_penalty_overlay_vol_target_18pct,0.18,0.34032799391199026,0.5289015397497641,0.5289015397497641,0.47109846025023594,-0.017984561111985344,False
2023-04-20,turnover_penalty_overlay_vol_target_18pct,0.18,0.35468859147357856,0.5074874251020519,0.5074874251020519,0.4925125748979481,-0.02109144234767688,False
2023-04-27,turnover_penalty_overlay_vol_target_18pct,0.18,0.37094455859467035,0.48524771648338233,0.48524771648338233,0.5147522835166176,-0.022799046429479577,False
2023-05-04,turnover_penalty_overlay_vol_target_18pct,0.18,0.25624760532655294,0.7024455887914126,0.6352477164833823,0.3647522835166177,0.03803666003932191,False
2023-05-11,turnover_penalty_overlay_vol_target_18pct,0.18,0.2918823228069885,0.6166868834980036,0.6166868834980036,0.3833131165019964,0.03512942411265486,False
2023-05-18,turnover_penalty_overlay_vol_target_18pct,0.18,0.2711319029853793,0.663883512113683,0.663883512113683,0.336116487886317,0.10423432528399455,False
2023-05-25,turnover_penalty_overlay_vol_target_18pct,0.18,0.41464833626567815,0.4341027908638909,0.513883512113683,0.486116487886317,0.0037966743471624775,False
2023-06-02,turnover_penalty_overlay_vol_target_18pct,0.18,0.41493675408899233,0.4338010509461763,0.4338010509461763,0.5661989490538237,0.009920656899815614,False
2023-06-09,turnover_penalty_overlay_vol_target_18pct,0.18,0.4043952966414182,0.4451090343901996,0.4451090343901996,0.5548909656098004,0.013890950497348606,False
2023-06-16,turnover_penalty_overlay_vol_target_18pct,0.18,0.3982726701622342,0.45195167402944814,0.45195167402944814,0.5480483259705519,-0.006643293140502567,False
2023-06-26,turnover_penalty_overlay_vol_target_18pct,0.18,0.40472081681824423,0.4447510296482626,0.4447510296482626,0.5552489703517374,0.019443745807029972,False
2023-07-03,turnover_penalty_overlay_vol_target_18pct,0.18,0.40781755569851236,0.44137383858253704,0.44137383858253704,0.558626161417463,-0.009945314823182207,False
2023-07-11,turnover_penalty_overlay_vol_target_18pct,0.18,0.4175387038641545,0.4310977601218082,0.4310977601218082,0.5689022398781918,0.040351971390300743,False
2023-07-18,turnover_penalty_overlay_vol_target_18pct,0.18,0.42644865302603957,0.4220906754488188,0.4220906754488188,0.5779093245511813,-0.015802729218917257,False
2023-07-25,turnover_penalty_overlay_vol_target_18pct,0.18,0.4232932418401119,0.4252371221839406,0.4252371221839406,0.5747628778160594,-0.0014683374608476117,False
2023-08-01,turnover_penalty_overlay_vol_target_18pct,0.18,0.3948850276825032,0.4558288802601151,0.4558288802601151,0.5441711197398849,-0.008514476546611463,False
2023-08-08,turnover_penalty_overlay_vol_target_18pct,0.18,0.40329198103058495,0.4463267519974545,0.4463267519974545,0.5536732480025455,-0.004339478362845502,False
2023-08-15,turnover_penalty_overlay_vol_target_18pct,0.18,0.40323698551037773,0.44638762432015927,0.44638762432015927,0.5536123756798408,0.0031452720041126414,False
2023-08-22,turnover_penalty_overlay_vol_target_18pct,0.18,0.258002813131883,0.6976668115164683,0.5963876243201592,0.40361237567984076,0.006849479237682824,False
2023-08-29,turnover_penalty_overlay_vol_target_18pct,0.18,0.25807739306199495,0.6974651978011909,0.6974651978011909,0.3025348021988091,-0.013331617166479163,False
2023-09-06,turnover_penalty_overlay_vol_target_18pct,0.18,0.26189989770599864,0.6872854918105499,0.6872854918105499,0.3127145081894501,0.015549257964233275,False
2023-09-13,turnover_penalty_overlay_vol_target_18pct,0.18,0.25843246351144555,0.696506923140591,0.696506923140591,0.30349307685940896,-0.028164915916063925,False
2023-09-20,turnover_penalty_overlay_vol_target_18pct,0.18,0.2726393081035198,0.6602129430714917,0.6602129430714917,0.3397870569285083,0.009642850789879653,False
2023-09-27,turnover_penalty_overlay_vol_target_18pct,0.18,0.2580049579341662,0.6976610117931519,0.6976610117931519,0.3023389882068481,-0.05462491083441881,False
2023-10-04,turnover_penalty_overlay_vol_target_18pct,0.18,0.3031830743325055,0.5937006885898625,0.5937006885898625,0.40629931141013753,0.0253280129651573,False
2023-10-11,turnover_penalty_overlay_vol_target_18pct,0.18,0.23588155486140006,0.7630948511669974,0.7437006885898625,0.2562993114101375,-0.009906705517632548,False
2023-10-18,turnover_penalty_overlay_vol_target_18pct,0.18,0.2273235251994021,0.791823018942315,0.791823018942315,0.208176981057685,-0.06726370898712031,False
2023-10-25,turnover_penalty_overlay_vol_target_18pct,0.18,0.27887837191845904,0.6454426664991791,0.6454426664991791,0.35455733350082086,-0.0005923801180758945,False
2023-11-01,turnover_penalty_overlay_vol_target_18pct,0.18,0.2798744339743971,0.6431455615430254,0.6431455615430254,0.3568544384569746,0.01587607751582297,False
2023-11-08,turnover_penalty_overlay_vol_target_18pct,0.18,0.2904115035392751,0.6198101583660472,0.6198101583660472,0.38018984163395275,0.029539232574304037,False
2023-11-15,turnover_penalty_overlay_vol_target_18pct,0.18,0.3128632443322276,0.5753312453950616,0.5753312453950616,0.42466875460493836,0.018240796228170306,False
2023-11-22,turnover_penalty_overlay_vol_target_18pct,0.18,0.32099262907831627,0.5607605399439977,0.5607605399439977,0.43923946005600234,0.016427090875133308,False
2023-11-30,turnover_penalty_overlay_vol_target_18pct,0.18,0.32631207332426987,0.5516191851753107,0.5516191851753107,0.4483808148246893,0.0011144221697887546,False
2023-12-07,turnover_penalty_overlay_vol_target_18pct,0.18,0.32222165006386355,0.5586216815795103,0.5586216815795103,0.4413783184204897,0.009482080248220677,False
2023-12-14,turnover_penalty_overlay_vol_target_18pct,0.18,0.31190064005556817,0.577106863159791,0.577106863159791,0.422893136840209,0.007635840239710814,False
2023-12-21,turnover_penalty_overlay_vol_target_18pct,0.18,0.31166436900650246,0.5775443647080637,0.5775443647080637,0.4224556352919363,0.0079538302348023,False
2023-12-29,turnover_penalty_overlay_vol_target_18pct,0.18,0.251725621566323,0.7150642786379009,0.7150642786379009,0.2849357213620991,-0.012966776591107346,False
2024-01-08,turnover_penalty_overlay_vol_target_18pct,0.18,0.2464435316861888,0.7303904418526379,0.7303904418526379,0.2696095581473621,-0.007960645852096437,False
2024-01-16,turnover_penalty_overlay_vol_target_18pct,0.18,0.24563212088967998,0.7328031828575174,0.7328031828575174,0.26719681714248256,0.04502969847320274,False
2024-01-23,turnover_penalty_overlay_vol_target_18pct,0.18,0.16758928296064068,1.0,0.8828031828575175,0.11719681714248253,0.03092686487904141,False
2024-01-30,turnover_penalty_overlay_vol_target_18pct,0.18,0.1655309837002733,1.0,1.0,0.0,0.0061845377811795,False
2024-02-06,turnover_penalty_overlay_vol_target_18pct,0.18,0.16782657375239182,1.0,1.0,0.0,0.0256595358917009,False
2024-02-13,turnover_penalty_overlay_vol_target_18pct,0.18,0.15586513796007104,1.0,1.0,0.0,-0.0097845172467036,False
2024-02-21,turnover_penalty_overlay_vol_target_18pct,0.18,0.16144941372215776,1.0,1.0,0.0,0.0138276842483296,False
2024-02-28,turnover_penalty_overlay_vol_target_18pct,0.18,0.157552460494515,1.0,1.0,0.0,0.0704737959523539,False
2024-03-06,turnover_penalty_overlay_vol_target_18pct,0.18,0.19603156513083228,0.918219470827911,0.918219470827911,0.081780529172089,0.0015184275561690112,False
2024-03-13,turnover_penalty_overlay_vol_target_18pct,0.18,0.19904701801583372,0.9043089506906424,0.9043089506906424,0.09569104930935757,-0.00044668304012060776,False
2024-03-20,turnover_penalty_overlay_vol_target_18pct,0.18,0.20226943526947083,0.8899021236708222,0.8899021236708222,0.11009787632917778,0.00437861996318372,False
2024-03-27,turnover_penalty_overlay_vol_target_18pct,0.18,0.20351388999159775,0.884460515237714,0.884460515237714,0.11553948476228604,-0.03129878167600169,False
2024-04-04,turnover_penalty_overlay_vol_target_18pct,0.18,0.21939540952081865,0.820436491324672,0.820436491324672,0.179563508675328,0.04157354196649053,False
2024-04-11,turnover_penalty_overlay_vol_target_18pct,0.18,0.22435566968094037,0.8022975316647034,0.8022975316647034,0.1977024683352966,-0.046388347410853036,False
2024-04-18,turnover_penalty_overlay_vol_target_18pct,0.18,0.2525868337602582,0.7126262177657537,0.7126262177657537,0.28737378223424626,-0.015554269340938356,False
2024-04-25,turnover_penalty_overlay_vol_target_18pct,0.18,0.2523441833032021,0.7133114686607318,0.7133114686607318,0.2866885313392682,0.015030396905252498,False
2024-05-02,turnover_penalty_overlay_vol_target_18pct,0.18,0.25485054576384764,0.7062963097077043,0.7062963097077043,0.2937036902922957,0.02927885442761284,False
2024-05-09,turnover_penalty_overlay_vol_target_18pct,0.18,0.26285390677437265,0.6847910392844477,0.6847910392844477,0.31520896071555227,-0.004678427649331616,False
2024-05-16,turnover_penalty_overlay_vol_target_18pct,0.18,0.2620537220743009,0.6868820582863694,0.6868820582863694,0.3131179417136306,-0.03542974993814182,False
2024-05-23,turnover_penalty_overlay_vol_target_18pct,0.18,0.2879580779592721,0.6250909898956147,0.6250909898956147,0.37490901010438527,0.02111399107363783,False
2024-05-31,turnover_penalty_overlay_vol_target_18pct,0.18,0.25438879567850087,0.7075783330783397,0.7075783330783397,0.2924216669216603,0.018218837233516135,False
2024-06-07,turnover_penalty_overlay_vol_target_18pct,0.18,0.26077654929541777,0.6902461148685921,0.6902461148685921,0.3097538851314079,0.014440511255364233,False
2024-06-14,turnover_penalty_overlay_vol_target_18pct,0.18,0.26426389465930705,0.6811373162877913,0.6811373162877913,0.3188626837122087,-0.06359575752147362,False
2024-06-24,turnover_penalty_overlay_vol_target_18pct,0.18,0.33046143049847004,0.5446929153834591,0.5446929153834591,0.4553070846165409,0.022584651284275895,False
2024-07-01,turnover_penalty_overlay_vol_target_18pct,0.18,0.3369428516634416,0.5342152211016324,0.5342152211016324,0.46578477889836756,0.08184303821785051,False
2024-07-09,turnover_penalty_overlay_vol_target_18pct,0.18,0.45632374867606146,0.4,0.4,0.6,-0.0089579259593948,False
2024-07-16,turnover_penalty_overlay_vol_target_18pct,0.18,0.43735775739449295,0.41156238104093246,0.41156238104093246,0.5884376189590675,-0.03545970186734719,False
2024-07-23,turnover_penalty_overlay_vol_target_18pct,0.18,0.4793769385988181,0.4,0.4,0.6,-0.050056507593865845,False
2024-07-30,turnover_penalty_overlay_vol_target_18pct,0.18,0.5499693635837177,0.4,0.4,0.6,-0.025023694727443282,False
2024-08-06,turnover_penalty_overlay_vol_target_18pct,0.18,0.5503965277118394,0.4,0.4,0.6,0.029265410620903723,False
2024-08-13,turnover_penalty_overlay_vol_target_18pct,0.18,0.58009739262875,0.4,0.4,0.6,0.00695188676007212,False
2024-08-20,turnover_penalty_overlay_vol_target_18pct,0.18,0.5731595335998011,0.4,0.4,0.6,-0.006536754479759161,False
2024-08-27,turnover_penalty_overlay_vol_target_18pct,0.18,0.567824021230925,0.4,0.4,0.6,-0.030669556690436126,False
2024-09-04,turnover_penalty_overlay_vol_target_18pct,0.18,0.5805344149866556,0.4,0.4,0.6,-0.025897782827069882,False
2024-09-11,turnover_penalty_overlay_vol_target_18pct,0.18,0.5830721833193852,0.4,0.4,0.6,-0.00687127337789468,False
2024-09-18,turnover_penalty_overlay_vol_target_18pct,0.18,0.559927630735612,0.4,0.4,0.6,0.05292308336999264,False
2024-09-25,turnover_penalty_overlay_vol_target_18pct,0.18,0.6312652306732274,0.4,0.4,0.6,-0.01599580068792088,False
2024-10-02,turnover_penalty_overlay_vol_target_18pct,0.18,0.5152302154014656,0.4,0.4,0.6,0.014169499431323042,False
2024-10-09,turnover_penalty_overlay_vol_target_18pct,0.18,0.5299941627890986,0.4,0.4,0.6,0.0006251481318809201,False
2024-10-16,turnover_penalty_overlay_vol_target_18pct,0.18,0.5085639838640442,0.4,0.4,0.6,-0.0022633161746608,False
2024-10-23,turnover_penalty_overlay_vol_target_18pct,0.18,0.43857638050648223,0.4104188187064022,0.4104188187064022,0.5895811812935978,-0.0007029543490167301,False
2024-10-30,turnover_penalty_overlay_vol_target_18pct,0.18,0.4164809905008825,0.4321925948733513,0.4321925948733513,0.5678074051266486,0.03571753055582535,False
2024-11-06,turnover_penalty_overlay_vol_target_18pct,0.18,0.42443524295528295,0.4240929635029487,0.4240929635029487,0.5759070364970513,0.03438719571923227,False
2024-11-13,turnover_penalty_overlay_vol_target_18pct,0.18,0.45379191787425904,0.4,0.4,0.6,0.031416902443904486,False
2024-11-20,turnover_penalty_overlay_vol_target_18pct,0.18,0.47123025691952797,0.4,0.4,0.6,0.00832239014188632,False
2024-11-27,turnover_penalty_overlay_vol_target_18pct,0.18,0.4202658403060127,0.4283003345428566,0.4283003345428566,0.5716996654571433,0.016803920871726354,False
2024-12-05,turnover_penalty_overlay_vol_target_18pct,0.18,0.36722271574170867,0.4901657557769535,0.4901657557769535,0.5098342442230466,0.06729129984713728,False
2024-12-12,turnover_penalty_overlay_vol_target_18pct,0.18,0.40461353463419164,0.4448689541805288,0.4448689541805288,0.5551310458194711,-0.013558257367387316,False
2024-12-19,turnover_penalty_overlay_vol_target_18pct,0.18,0.38323908258902345,0.4696806984924023,0.4696806984924023,0.5303193015075978,0.015909019198274723,False
2024-12-27,turnover_penalty_overlay_vol_target_18pct,0.18,0.345381467540396,0.5211628790677575,0.5211628790677575,0.4788371209322425,-0.011105542034220423,False
2025-01-06,turnover_penalty_overlay_vol_target_18pct,0.18,0.36798759543622667,0.48914692297337103,0.48914692297337103,0.510853077026629,-0.020854869826230877,False
2025-01-14,turnover_penalty_overlay_vol_target_18pct,0.18,0.3972216934924291,0.45314745631693637,0.45314745631693637,0.5468525436830636,0.027063358257165337,False
2025-01-22,turnover_penalty_overlay_vol_target_18pct,0.18,0.3919837963756389,0.45920265496767015,0.45920265496767015,0.5407973450323298,-0.05669522603447901,False
2025-01-29,turnover_penalty_overlay_vol_target_18pct,0.18,0.5120096116440966,0.4,0.4,0.6,0.01291616838474036,False
2025-02-05,turnover_penalty_overlay_vol_target_18pct,0.18,0.496237579644153,0.4,0.4,0.6,0.0032196664056785597,False
2025-02-12,turnover_penalty_overlay_vol_target_18pct,0.18,0.4780815218666409,0.4,0.4,0.6,0.01037668524764216,False
2025-02-20,turnover_penalty_overlay_vol_target_18pct,0.18,0.457579616905825,0.4,0.4,0.6,-0.048524353751144,False
2025-02-27,turnover_penalty_overlay_vol_target_18pct,0.18,0.5336679679736834,0.4,0.4,0.6,-0.038822616626821765,False
2025-03-06,turnover_penalty_overlay_vol_target_18pct,0.18,0.5608376048555678,0.4,0.4,0.6,0.04170763904976228,False
2025-03-13,turnover_penalty_overlay_vol_target_18pct,0.18,0.5221594552611819,0.4,0.4,0.6,0.0013370475285480801,False
2025-03-20,turnover_penalty_overlay_vol_target_18pct,0.18,0.5219646316597311,0.4,0.4,0.6,-0.012737703221313122,False
2025-03-27,turnover_penalty_overlay_vol_target_18pct,0.18,0.5127603775286204,0.4,0.4,0.6,-0.0305204163025318,False
2025-04-03,turnover_penalty_overlay_vol_target_18pct,0.18,0.5275609946194968,0.4,0.4,0.6,-0.033871809761211645,False
2025-04-10,turnover_penalty_overlay_vol_target_18pct,0.18,0.542590305999313,0.4,0.4,0.6,-0.020044364756642962,False
2025-04-17,turnover_penalty_overlay_vol_target_18pct,0.18,0.508416598970453,0.4,0.4,0.6,0.037030849264267765,False
2025-04-25,turnover_penalty_overlay_vol_target_18pct,0.18,0.5277891513214003,0.4,0.4,0.6,-0.00227458969941636,False
2025-05-02,turnover_penalty_overlay_vol_target_18pct,0.18,0.517058113693661,0.4,0.4,0.6,0.018024572430394122,False
2025-05-09,turnover_penalty_overlay_vol_target_18pct,0.18,0.5319252029834189,0.4,0.4,0.6,0.0444279020979124,False
2025-05-16,turnover_penalty_overlay_vol_target_18pct,0.18,0.5904093130563027,0.4,0.4,0.6,-0.009663697768516801,False
2025-05-23,turnover_penalty_overlay_vol_target_18pct,0.18,0.5350831674765192,0.4,0.4,0.6,0.01945431733620664,False
2025-06-02,turnover_penalty_overlay_vol_target_18pct,0.18,0.49600124252169864,0.4,0.4,0.6,-0.02346960205698096,False
2025-06-09,turnover_penalty_overlay_vol_target_18pct,0.18,0.4661623626279999,0.4,0.4,0.6,0.010544871118395641,False
2025-06-16,turnover_penalty_overlay_vol_target_18pct,0.18,0.47000149874337127,0.4,0.4,0.6,0.027644966177906485,False
2025-06-24,turnover_penalty_overlay_vol_target_18pct,0.18,0.4851167775098747,0.4,0.4,0.6,-0.0052042221761945204,False
2025-07-01,turnover_penalty_overlay_vol_target_18pct,0.18,0.4497533486677264,0.4002193658662057,0.4002193658662057,0.5997806341337943,0.00547559084910589,False
2025-07-09,turnover_penalty_overlay_vol_target_18pct,0.18,0.39135403098485955,0.45994160210135593,0.45994160210135593,0.5400583978986441,0.028646825304344085,False
2025-07-16,turnover_penalty_overlay_vol_target_18pct,0.18,0.3633292529827695,0.4954184077452643,0.4954184077452643,0.5045815922547356,-0.0030656254873609756,False
2025-07-23,turnover_penalty_overlay_vol_target_18pct,0.18,0.3411091988789896,0.5276902545916271,0.5276902545916271,0.4723097454083729,0.04780808331184096,False
2025-07-30,turnover_penalty_overlay_vol_target_18pct,0.18,0.36198754081244283,0.49725468339603346,0.49725468339603346,0.5027453166039666,-0.022022711185355665,False
2025-08-06,turnover_penalty_overlay_vol_target_18pct,0.18,0.3915594353788097,0.45970032576500436,0.45970032576500436,0.5402996742349957,0.044002425060677676,False
2025-08-13,turnover_penalty_overlay_vol_target_18pct,0.18,0.3761796818887247,0.4784947424492869,0.4784947424492869,0.5215052575507131,-0.03584673470286534,False
2025-08-20,turnover_penalty_overlay_vol_target_18pct,0.18,0.4180698690424808,0.43055004277696435,0.43055004277696435,0.5694499572230356,0.01642379486007986,False
2025-08-27,turnover_penalty_overlay_vol_target_18pct,0.18,0.4149176952021161,0.4338209772237306,0.4338209772237306,0.5661790227762694,-0.017543077267134385,False
2025-09-04,turnover_penalty_overlay_vol_target_18pct,0.18,0.4007312835094226,0.4491788073634824,0.4491788073634824,0.5508211926365176,0.018593766760348508,False
2025-09-11,turnover_penalty_overlay_vol_target_18pct,0.18,0.4034205641278427,0.4461844933193801,0.4461844933193801,0.5538155066806199,0.020681824456217163,False
2025-09-18,turnover_penalty_overlay_vol_target_18pct,0.18,0.3927516625938747,0.45830487084692295,0.45830487084692295,0.541695129153077,0.008710103481368636,False
2025-09-25,turnover_penalty_overlay_vol_target_18pct,0.18,0.3866012684897316,0.46559598912640643,0.46559598912640643,0.5344040108735936,0.020696281752698227,False
2025-10-02,turnover_penalty_overlay_vol_target_18pct,0.18,0.3894868120779928,0.46214658473200343,0.46214658473200343,0.5378534152679966,0.0028537088855977626,False
2025-10-09,turnover_penalty_overlay_vol_target_18pct,0.18,0.3798764196732689,0.4738383081393094,0.4738383081393094,0.5261616918606906,-0.005341090250510722,False
2025-10-16,turnover_penalty_overlay_vol_target_18pct,0.18,0.38155624853198794,0.4717522008682545,0.4717522008682545,0.5282477991317456,0.008884005356308742,False
2025-10-23,turnover_penalty_overlay_vol_target_18pct,0.18,0.34389496100930983,0.5234156367738318,0.5234156367738318,0.47658436322616815,0.035823231020236046,False
2025-10-30,turnover_penalty_overlay_vol_target_18pct,0.18,0.3372731684033747,0.5336920243377384,0.5336920243377384,0.46630797566226156,-0.014973712155353104,False
2025-11-06,turnover_penalty_overlay_vol_target_18pct,0.18,0.30433341215349075,0.5914565828520231,0.5914565828520231,0.40854341714797693,0.009295168942486687,False
2025-11-13,turnover_penalty_overlay_vol_target_18pct,0.18,0.23396913389350166,0.7693322491074084,0.7414565828520231,0.2585434171479769,-0.031011219919891735,False
2025-11-20,turnover_penalty_overlay_vol_target_18pct,0.18,0.2596901063859089,0.693133837499814,0.693133837499814,0.30686616250018595,-0.007055422041317592,False
2025-11-28,turnover_penalty_overlay_vol_target_18pct,0.18,0.237679775423679,0.7573214829875146,0.7573214829875146,0.24267851701248544,0.002655898269617512,False
2025-12-05,turnover_penalty_overlay_vol_target_18pct,0.18,0.23003820255158997,0.7824787274610701,0.7824787274610701,0.21752127253892994,-0.036768431954121,False
2025-12-12,turnover_penalty_overlay_vol_target_18pct,0.18,0.2437899576429096,0.7383405031951903,0.7383405031951903,0.2616594968048097,0.00282337214764182,False
2025-12-19,turnover_penalty_overlay_vol_target_18pct,0.18,0.24114771346882963,0.7464304654220432,0.7464304654220432,0.25356953457795683,0.0016718585702445586,False
2025-12-29,turnover_penalty_overlay_vol_target_18pct,0.18,0.22102930271321752,0.8143716592797088,0.8143716592797088,0.18562834072029122,0.02592705218575524,False
2026-01-06,turnover_penalty_overlay_vol_target_18pct,0.18,0.2315558714626993,0.7773501870756739,0.7773501870756739,0.22264981292432606,0.03763663147761787,False
2026-01-13,turnover_penalty_overlay_vol_target_18pct,0.18,0.2498800312234328,0.7203456759578005,0.7203456759578005,0.2796543240421995,0.08094530127586073,False
2026-01-21,turnover_penalty_overlay_vol_target_18pct,0.18,0.33516040364834726,0.5370562812332011,0.5703456759578005,0.4296543240421995,0.005835231287759516,False
2026-01-28,turnover_penalty_overlay_vol_target_18pct,0.18,0.3108071368619564,0.5791372804928421,0.5791372804928421,0.4208627195071579,-0.05089802134791168,False
2026-02-04,turnover_penalty_overlay_vol_target_18pct,0.18,0.3645164344139877,0.49380489603816013,0.49380489603816013,0.5061951039618399,0.01972320205799861,False
2026-02-11,turnover_penalty_overlay_vol_target_18pct,0.18,0.37181414797764806,0.48411283158278545,0.48411283158278545,0.5158871684172146,-0.02748816409564084,False
2026-02-19,turnover_penalty_overlay_vol_target_18pct,0.18,0.3820038964138981,0.47119938223083324,0.47119938223083324,0.5288006177691668,-0.008561401505023656,False
2026-02-26,turnover_penalty_overlay_vol_target_18pct,0.18,0.38379085422785714,0.4690054440253382,0.4690054440253382,0.5309945559746618,-0.021232058441384802,False
2026-03-05,turnover_penalty_overlay_vol_target_18pct,0.18,0.3970622931732808,0.45332937197702305,0.45332937197702305,0.546670628022977,-0.017165059300131336,False
2026-03-12,turnover_penalty_overlay_vol_target_18pct,0.18,0.39242523825513775,0.4586860947077309,0.4586860947077309,0.5413139052922691,0.032691159078657835,False
2026-03-19,turnover_penalty_overlay_vol_target_18pct,0.18,0.4196081845552839,0.4289716135798699,0.4289716135798699,0.5710283864201301,0.0017831478465667452,False
2026-03-26,turnover_penalty_overlay_vol_target_18pct,0.18,0.41954873860082964,0.429032394663584,0.429032394663584,0.570967605336416,0.005516123930094689,False
2026-04-02,turnover_penalty_overlay_vol_target_18pct,0.18,0.4158594578036816,0.43283853865113764,0.43283853865113764,0.5671614613488624,0.015962798542517878,False
2026-04-10,turnover_penalty_overlay_vol_target_18pct,0.18,0.41073641690166235,0.4382372553128037,0.4382372553128037,0.5617627446871962,0.05131948207210746,False
2026-04-17,turnover_penalty_overlay_vol_target_18pct,0.18,0.4167644797339022,0.43189861121304596,0.43189861121304596,0.568101388786954,0.09811135134386482,False
2026-04-24,turnover_penalty_overlay_vol_target_18pct,0.18,0.6256222251769525,0.4,0.4,0.6,0.04870609356987908,False
2026-05-01,turnover_penalty_overlay_vol_target_18pct,0.18,0.6033761946361736,0.4,0.4,0.6,0.10329757469901568,False
2026-05-08,turnover_penalty_overlay_vol_target_18pct,0.18,0.7565439744015423,0.4,0.4,0.6,-0.0395167791246514,False
2026-05-15,turnover_penalty_overlay_vol_target_18pct,0.18,0.7909654044171931,0.4,0.4,0.6,0.04082646565328432,False
2022-01-03,turnover_penalty_overlay_vol_target_20pct,0.2,,,1.0,0.0,-0.0908153547360555,False
2022-01-10,turnover_penalty_overlay_vol_target_20pct,0.2,,,1.0,0.0,-0.0559141439886667,False
2022-01-18,turnover_penalty_overlay_vol_target_20pct,0.2,,,1.0,0.0,-0.0845256749376999,False
2022-01-25,turnover_penalty_overlay_vol_target_20pct,0.2,,,1.0,0.0,0.1175047532534843,False
2022-02-01,turnover_penalty_overlay_vol_target_20pct,0.2,0.7113194694545301,0.4,0.85,0.15000000000000002,-0.021939162618289394,False
2022-02-08,turnover_penalty_overlay_vol_target_20pct,0.2,0.6160791745909987,0.4,0.7,0.30000000000000004,0.022052673099597627,False
2022-02-15,turnover_penalty_overlay_vol_target_20pct,0.2,0.5782244921058661,0.4,0.5499999999999999,0.45000000000000007,-0.0023261936558728446,False
2022-02-23,turnover_penalty_overlay_vol_target_20pct,0.2,0.5291834317655191,0.4,0.4,0.6,0.03232978502912744,False
2022-03-02,turnover_penalty_overlay_vol_target_20pct,0.2,0.5488428407988803,0.4,0.4,0.6,0.0025386272659669203,False
2022-03-09,turnover_penalty_overlay_vol_target_20pct,0.2,0.5139917442247783,0.4,0.4,0.6,-0.033526926103112045,False
2022-03-16,turnover_penalty_overlay_vol_target_20pct,0.2,0.5187391007899409,0.4,0.4,0.6,0.0799154762624574,False
2022-03-23,turnover_penalty_overlay_vol_target_20pct,0.2,0.672852736464381,0.4,0.4,0.6,0.005596770075938401,False
2022-03-30,turnover_penalty_overlay_vol_target_20pct,0.2,0.6416512600450237,0.4,0.4,0.6,-0.03252979972377504,False
2022-04-06,turnover_penalty_overlay_vol_target_20pct,0.2,0.6349364562447433,0.4,0.4,0.6,-0.0199843966436462,False
2022-04-13,turnover_penalty_overlay_vol_target_20pct,0.2,0.6321411042739413,0.4,0.4,0.6,-0.01434336132484756,False
2022-04-21,turnover_penalty_overlay_vol_target_20pct,0.2,0.6051832368176251,0.4,0.4,0.6,-0.03614260235381548,False
2022-04-28,turnover_penalty_overlay_vol_target_20pct,0.2,0.5917474250123703,0.4,0.4,0.6,-0.00832709349089252,False
2022-05-05,turnover_penalty_overlay_vol_target_20pct,0.2,0.5909351483892822,0.4,0.4,0.6,-0.0268799574793066,False
2022-05-12,turnover_penalty_overlay_vol_target_20pct,0.2,0.5995165832295336,0.4,0.4,0.6,0.0174938063729454,False
2022-05-19,turnover_penalty_overlay_vol_target_20pct,0.2,0.6103502836153849,0.4,0.4,0.6,0.010891443477811721,False
2022-05-26,turnover_penalty_overlay_vol_target_20pct,0.2,0.5833820771145429,0.4,0.4,0.6,0.0075741109170788,False
2022-06-03,turnover_penalty_overlay_vol_target_20pct,0.2,0.5857965300680706,0.4,0.4,0.6,-0.029458315676225602,False
2022-06-10,turnover_penalty_overlay_vol_target_20pct,0.2,0.5801118398248997,0.4,0.4,0.6,-0.05320074856333104,False
2022-06-17,turnover_penalty_overlay_vol_target_20pct,0.2,0.3961541184133904,0.5048540219675268,0.5048540219675268,0.4951459780324732,0.04079309261509867,False
2022-06-27,turnover_penalty_overlay_vol_target_20pct,0.2,0.45704746885323627,0.4375913086266813,0.4375913086266813,0.5624086913733187,-0.014945289839469054,False
2022-07-05,turnover_penalty_overlay_vol_target_20pct,0.2,0.44317016991051755,0.4512939127657958,0.4512939127657958,0.5487060872342042,-0.008536352127008805,False
2022-07-12,turnover_penalty_overlay_vol_target_20pct,0.2,0.44054592571875395,0.45398218057220374,0.45398218057220374,0.5460178194277963,0.04081670590936523,False
2022-07-19,turnover_penalty_overlay_vol_target_20pct,0.2,0.5002247056495297,0.4,0.4,0.6,0.007463855323852801,False
2022-07-26,turnover_penalty_overlay_vol_target_20pct,0.2,0.4730197368454225,0.4228153381797634,0.4228153381797634,0.5771846618202365,0.02518803993785491,False
2022-08-02,turnover_penalty_overlay_vol_target_20pct,0.2,0.4902271861370046,0.4079741100774156,0.4079741100774156,0.5920258899225844,-0.008469901086725257,False
2022-08-09,turnover_penalty_overlay_vol_target_20pct,0.2,0.4686748486560398,0.4267350820585209,0.4267350820585209,0.573264917941479,0.019918230043376957,False
2022-08-16,turnover_penalty_overlay_vol_target_20pct,0.2,0.46987063357974246,0.42564907382333295,0.42564907382333295,0.574350926176667,0.00875011800915246,False
2022-08-23,turnover_penalty_overlay_vol_target_20pct,0.2,0.46858501892911386,0.4268168889758198,0.4268168889758198,0.5731831110241802,0.013103348690183213,False
2022-08-30,turnover_penalty_overlay_vol_target_20pct,0.2,0.4709342382385791,0.4246877456777275,0.4246877456777275,0.5753122543222725,0.02364824367236651,False
2022-09-07,turnover_penalty_overlay_vol_target_20pct,0.2,0.4442513147755329,0.45019562879865443,0.45019562879865443,0.5498043712013456,0.03190775738873359,False
2022-09-14,turnover_penalty_overlay_vol_target_20pct,0.2,0.2988288564056966,0.6692794076368436,0.6001956287986544,0.3998043712013456,-0.046649618832925135,False
2022-09-21,turnover_penalty_overlay_vol_target_20pct,0.2,0.3565558689305082,0.5609219127423183,0.5609219127423183,0.4390780872576817,-0.015358281161933851,False
2022-09-28,turnover_penalty_overlay_vol_target_20pct,0.2,0.3519176983043368,0.5683146967704958,0.5683146967704958,0.43168530322950416,0.06346055822637951,False
2022-10-05,turnover_penalty_overlay_vol_target_20pct,0.2,0.3859643794726684,0.5181825335106158,0.5181825335106158,0.48181746648938417,-0.033275635428451446,False
2022-10-12,turnover_penalty_overlay_vol_target_20pct,0.2,0.4085420233008728,0.4895457225772562,0.4895457225772562,0.5104542774227439,0.0586969018893134,False
2022-10-19,turnover_penalty_overlay_vol_target_20pct,0.2,0.45982976501441525,0.43494357089678654,0.43494357089678654,0.5650564291032134,0.05667654647413108,False
2022-10-26,turnover_penalty_overlay_vol_target_20pct,0.2,0.5049469779211522,0.4,0.4,0.6,-0.00857915908995492,False
2022-11-02,turnover_penalty_overlay_vol_target_20pct,0.2,0.5052960096889114,0.4,0.4,0.6,-0.03008546214350712,False
2022-11-09,turnover_penalty_overlay_vol_target_20pct,0.2,0.5514277388037837,0.4,0.4,0.6,0.053257864056608,False
2022-11-16,turnover_penalty_overlay_vol_target_20pct,0.2,0.5973149006756285,0.4,0.4,0.6,0.00556320627836936,False
2022-11-23,turnover_penalty_overlay_vol_target_20pct,0.2,0.5985388242742556,0.4,0.4,0.6,0.010285322521333322,False
2022-12-01,turnover_penalty_overlay_vol_target_20pct,0.2,0.595883283747128,0.4,0.4,0.6,-0.01745579841293572,False
2022-12-08,turnover_penalty_overlay_vol_target_20pct,0.2,0.6048451958123651,0.4,0.4,0.6,-0.01767040308429404,False
2022-12-15,turnover_penalty_overlay_vol_target_20pct,0.2,0.583117653637033,0.4,0.4,0.6,-0.0173599462507064,False
2022-12-22,turnover_penalty_overlay_vol_target_20pct,0.2,0.5904048538251107,0.4,0.4,0.6,0.0129478313057534,False
2022-12-30,turnover_penalty_overlay_vol_target_20pct,0.2,0.5541850764919694,0.4,0.4,0.6,0.01320888004708496,False
2023-01-09,turnover_penalty_overlay_vol_target_20pct,0.2,0.525780743050506,0.4,0.4,0.6,0.06426260239047704,False
2023-01-17,turnover_penalty_overlay_vol_target_20pct,0.2,0.567128189761358,0.4,0.4,0.6,0.0009005973009786801,False
2023-01-24,turnover_penalty_overlay_vol_target_20pct,0.2,0.5149065728380889,0.4,0.4,0.6,0.0073125372559706804,False
2023-01-31,turnover_penalty_overlay_vol_target_20pct,0.2,0.5083978218336926,0.4,0.4,0.6,0.0523098233864598,False
2023-02-07,turnover_penalty_overlay_vol_target_20pct,0.2,0.5111855074585047,0.4,0.4,0.6,0.00363088863717388,False
2023-02-14,turnover_penalty_overlay_vol_target_20pct,0.2,0.4611020286074474,0.4337434832026452,0.4337434832026452,0.5662565167973548,-0.03164759576093495,False
2023-02-22,turnover_penalty_overlay_vol_target_20pct,0.2,0.5041992537174754,0.4,0.4,0.6,0.00459000149186316,False
2023-03-01,turnover_penalty_overlay_vol_target_20pct,0.2,0.5039504618806233,0.4,0.4,0.6,0.0039341509786936,False
2023-03-08,turnover_penalty_overlay_vol_target_20pct,0.2,0.48587123282952493,0.41163169680838657,0.41163169680838657,0.5883683031916134,-0.009072184139216328,False
2023-03-15,turnover_penalty_overlay_vol_target_20pct,0.2,0.4739177016392084,0.42201420058425926,0.42201420058425926,0.5779857994157407,0.02327931454911609,False
2023-03-22,turnover_penalty_overlay_vol_target_20pct,0.2,0.45306710805871114,0.4414357088444452,0.4414357088444452,0.5585642911555548,0.0047015846034393315,False
2023-03-29,turnover_penalty_overlay_vol_target_20pct,0.2,0.4549377389415577,0.43962059613984333,0.43962059613984333,0.5603794038601566,0.005722627404407011,False
2023-04-05,turnover_penalty_overlay_vol_target_20pct,0.2,0.4559785156487503,0.4386171565900358,0.4386171565900358,0.5613828434099641,0.0045222671695720525,False
2023-04-13,turnover_penalty_overlay_vol_target_20pct,0.2,0.34032799391199026,0.587668377499738,0.587668377499738,0.412331622500262,-0.01998284567998372,False
2023-04-20,turnover_penalty_overlay_vol_target_20pct,0.2,0.35468859147357856,0.5638749167800577,0.5638749167800577,0.43612508321994226,-0.023434935941863203,False
2023-04-27,turnover_penalty_overlay_vol_target_20pct,0.2,0.37094455859467035,0.5391641294259804,0.5391641294259804,0.46083587057401965,-0.025332273810532862,False
2023-05-04,turnover_penalty_overlay_vol_target_20pct,0.2,0.25624760532655294,0.7804950986571252,0.6891641294259804,0.3108358705740196,0.04126500736969904,False
2023-05-11,turnover_penalty_overlay_vol_target_20pct,0.2,0.2918823228069885,0.6852076483311151,0.6852076483311151,0.31479235166888486,0.039032693458505394,False
2023-05-18,turnover_penalty_overlay_vol_target_20pct,0.2,0.2711319029853793,0.7376483467929812,0.7376483467929812,0.2623516532070188,0.11581591698221617,False
2023-05-25,turnover_penalty_overlay_vol_target_20pct,0.2,0.41464833626567815,0.48233643429321216,0.5876483467929812,0.41235165320701883,0.004341663725003455,False
2023-06-02,turnover_penalty_overlay_vol_target_20pct,0.2,0.41493675408899233,0.48200116771797374,0.48200116771797374,0.5179988322820263,0.011022952110906238,False
2023-06-09,turnover_penalty_overlay_vol_target_20pct,0.2,0.4043952966414182,0.4945655937668885,0.4945655937668885,0.5054344062331115,0.015434389441498454,False
2023-06-16,turnover_penalty_overlay_vol_target_20pct,0.2,0.3982726701622342,0.5021685266993868,0.5021685266993868,0.49783147330061317,-0.00738143682278063,False
2023-06-26,turnover_penalty_overlay_vol_target_20pct,0.2,0.40472081681824423,0.4941678107202918,0.4941678107202918,0.5058321892797082,0.02160416200781108,False
2023-07-03,turnover_penalty_overlay_vol_target_20pct,0.2,0.40781755569851236,0.49041537620281894,0.49041537620281894,0.5095846237971811,-0.011050349803535786,False
2023-07-11,turnover_penalty_overlay_vol_target_20pct,0.2,0.4175387038641545,0.4789975112464536,0.4789975112464536,0.5210024887535464,0.04483552376700083,False
2023-07-18,turnover_penalty_overlay_vol_target_20pct,0.2,0.42644865302603957,0.46898963938757643,0.46898963938757643,0.5310103606124236,-0.017558588021019172,False
2023-07-25,turnover_penalty_overlay_vol_target_20pct,0.2,0.4232932418401119,0.4724856913154896,0.4724856913154896,0.5275143086845104,-0.0016314860676084578,False
2023-08-01,turnover_penalty_overlay_vol_target_20pct,0.2,0.3948850276825032,0.5064765336223501,0.5064765336223501,0.4935234663776499,-0.00946052949623496,False
2023-08-08,turnover_penalty_overlay_vol_target_20pct,0.2,0.40329198103058495,0.495918613330505,0.495918613330505,0.504081386669495,-0.0048216426253838915,False
2023-08-15,turnover_penalty_overlay_vol_target_20pct,0.2,0.40323698551037773,0.4959862492446214,0.4959862492446214,0.5040137507553786,0.0034947466712362684,False
2023-08-22,turnover_penalty_overlay_vol_target_20pct,0.2,0.258002813131883,0.7751853461294093,0.6459862492446214,0.35401375075537855,0.00741911673146044,False
2023-08-29,turnover_penalty_overlay_vol_target_20pct,0.2,0.25807739306199495,0.7749613308902121,0.7749613308902121,0.22503866910978787,-0.014812907962754624,False
2023-09-06,turnover_penalty_overlay_vol_target_20pct,0.2,0.26189989770599864,0.7636505464561667,0.7636505464561667,0.2363494535438333,0.017276953293592533,False
2023-09-13,turnover_penalty_overlay_vol_target_20pct,0.2,0.25843246351144555,0.7738965812673234,0.7738965812673234,0.2261034187326766,-0.03129435101784881,False
2023-09-20,turnover_penalty_overlay_vol_target_20pct,0.2,0.2726393081035198,0.7335699367461019,0.7335699367461019,0.26643006325389806,0.010714278655421837,False
2023-09-27,turnover_penalty_overlay_vol_target_20pct,0.2,0.2580049579341662,0.775178901992391,0.775178901992391,0.22482109800760897,-0.06069434537157646,False
2023-10-04,turnover_penalty_overlay_vol_target_20pct,0.2,0.3031830743325055,0.659667431766514,0.659667431766514,0.340332568233486,0.02814223662795256,False
2023-10-11,turnover_penalty_overlay_vol_target_20pct,0.2,0.23588155486140006,0.8478831679633304,0.809667431766514,0.190332568233486,-0.010785436852206832,False
2023-10-18,turnover_penalty_overlay_vol_target_20pct,0.2,0.2273235251994021,0.8798033543803501,0.8798033543803501,0.12019664561964993,-0.07473745443013369,False
2023-10-25,turnover_penalty_overlay_vol_target_20pct,0.2,0.27887837191845904,0.7171585183324213,0.72980335438035,0.27019664561964996,-0.0006698054214247789,False
2023-11-01,turnover_penalty_overlay_vol_target_20pct,0.2,0.2798744339743971,0.7146061794922505,0.7146061794922505,0.28539382050774953,0.01764008612869219,False
2023-11-08,turnover_penalty_overlay_vol_target_20pct,0.2,0.2904115035392751,0.6886779537400526,0.6886779537400526,0.3113220462599474,0.03282136952700449,False
2023-11-15,turnover_penalty_overlay_vol_target_20pct,0.2,0.3128632443322276,0.6392569393278464,0.6392569393278464,0.36074306067215356,0.02026755136463368,False
2023-11-22,turnover_penalty_overlay_vol_target_20pct,0.2,0.32099262907831627,0.6230672666044419,0.6230672666044419,0.3769327333955581,0.01825232319459257,False
2023-11-30,turnover_penalty_overlay_vol_target_20pct,0.2,0.32631207332426987,0.6129102057503453,0.6129102057503453,0.38708979424965473,0.0012382468553208384,False
2023-12-07,turnover_penalty_overlay_vol_target_20pct,0.2,0.32222165006386355,0.6206907573105671,0.6206907573105671,0.3793092426894329,0.010535644720245199,False
2023-12-14,turnover_penalty_overlay_vol_target_20pct,0.2,0.31190064005556817,0.6412298479553233,0.6412298479553233,0.35877015204467666,0.008484266933012016,False
2023-12-21,turnover_penalty_overlay_vol_target_20pct,0.2,0.31166436900650246,0.6417159607867374,0.6417159607867374,0.3582840392132626,0.008837589149780332,False
2023-12-29,turnover_penalty_overlay_vol_target_20pct,0.2,0.251725621566323,0.7945158651532234,0.7917159607867374,0.20828403921326255,-0.014356756859244675,False
2024-01-08,turnover_penalty_overlay_vol_target_20pct,0.2,0.2464435316861888,0.8115449353918199,0.8115449353918199,0.18845506460818007,-0.008845162057884931,False
2024-01-16,turnover_penalty_overlay_vol_target_20pct,0.2,0.24563212088967998,0.814225758730575,0.814225758730575,0.185774241269425,0.050032998303558604,False
2024-01-23,turnover_penalty_overlay_vol_target_20pct,0.2,0.16758928296064068,1.0,0.964225758730575,0.03577424126942497,0.0337793070213303,False
2024-01-30,turnover_penalty_overlay_vol_target_20pct,0.2,0.1655309837002733,1.0,1.0,0.0,0.0061845377811795,False
2024-02-06,turnover_penalty_overlay_vol_target_20pct,0.2,0.16782657375239182,1.0,1.0,0.0,0.0256595358917009,False
2024-02-13,turnover_penalty_overlay_vol_target_20pct,0.2,0.15586513796007104,1.0,1.0,0.0,-0.0097845172467036,False
2024-02-21,turnover_penalty_overlay_vol_target_20pct,0.2,0.16144941372215776,1.0,1.0,0.0,0.0138276842483296,False
2024-02-28,turnover_penalty_overlay_vol_target_20pct,0.2,0.157552460494515,1.0,1.0,0.0,0.0704737959523539,False
2024-03-06,turnover_penalty_overlay_vol_target_20pct,0.2,0.19603156513083228,1.0,1.0,0.0,0.0016536651687422,False
2024-03-13,turnover_penalty_overlay_vol_target_20pct,0.2,0.19904701801583372,1.0,1.0,0.0,-0.0004939495951903,False
2024-03-20,turnover_penalty_overlay_vol_target_20pct,0.2,0.20226943526947083,0.9887801374120248,0.9887801374120248,0.011219862587975249,0.0048651332924263555,False
2024-03-27,turnover_penalty_overlay_vol_target_20pct,0.2,0.20351388999159775,0.9827339058196823,0.9827339058196823,0.01726609418031766,-0.034776424084446325,False
2024-04-04,turnover_penalty_overlay_vol_target_20pct,0.2,0.21939540952081865,0.9115961014718579,0.9115961014718579,0.08840389852814212,0.04619282440721171,False
2024-04-11,turnover_penalty_overlay_vol_target_20pct,0.2,0.22435566968094037,0.8914417018496705,0.8914417018496705,0.10855829815032947,-0.05154260823428116,False
2024-04-18,turnover_penalty_overlay_vol_target_20pct,0.2,0.2525868337602582,0.7918069086286154,0.7918069086286154,0.20819309137138464,-0.01728252148993151,False
2024-04-25,turnover_penalty_overlay_vol_target_20pct,0.2,0.2523441833032021,0.7925682985119243,0.7925682985119243,0.20743170148807566,0.016700441005836113,False
2024-05-02,turnover_penalty_overlay_vol_target_20pct,0.2,0.25485054576384764,0.7847736774530049,0.7847736774530049,0.21522632254699514,0.032532060475125385,False
2024-05-09,turnover_penalty_overlay_vol_target_20pct,0.2,0.26285390677437265,0.7608789325382754,0.7608789325382754,0.23912106746172457,-0.005198252943701797,False
2024-05-16,turnover_penalty_overlay_vol_target_20pct,0.2,0.2620537220743009,0.7632022869848549,0.7632022869848549,0.23679771301514507,-0.039366388820157576,False
2024-05-23,turnover_penalty_overlay_vol_target_20pct,0.2,0.2879580779592721,0.6945455443284609,0.6945455443284609,0.30545445567153906,0.023459990081819815,False
2024-05-31,turnover_penalty_overlay_vol_target_20pct,0.2,0.25438879567850087,0.786198147864822,0.786198147864822,0.213801852135178,0.020243152481684595,False
2024-06-07,turnover_penalty_overlay_vol_target_20pct,0.2,0.26077654929541777,0.766940127631769,0.766940127631769,0.233059872368231,0.016045012505960257,False
2024-06-14,turnover_penalty_overlay_vol_target_20pct,0.2,0.26426389465930705,0.7568192403197682,0.7568192403197682,0.24318075968023178,-0.07066195280163737,False
2024-06-24,turnover_penalty_overlay_vol_target_20pct,0.2,0.33046143049847004,0.6052143504260658,0.6068192403197682,0.3931807596802318,0.02516060067637031,False
2024-07-01,turnover_penalty_overlay_vol_target_20pct,0.2,0.3369428516634416,0.5935724678907027,0.5935724678907027,0.4064275321092973,0.09093670913094501,False
2024-07-09,turnover_penalty_overlay_vol_target_20pct,0.2,0.45632374867606146,0.43828531953522654,0.4435724678907027,0.5564275321092973,-0.009933723312477355,False
2024-07-16,turnover_penalty_overlay_vol_target_20pct,0.2,0.43735775739449295,0.457291534489925,0.457291534489925,0.542708465510075,-0.039399668741496884,False
2024-07-23,turnover_penalty_overlay_vol_target_20pct,0.2,0.4793769385988181,0.4172082215397859,0.4172082215397859,0.5827917784602141,-0.05220996627432389,False
2024-07-30,turnover_penalty_overlay_vol_target_20pct,0.2,0.5499693635837177,0.4,0.4,0.6,-0.025023694727443282,False
2024-08-06,turnover_penalty_overlay_vol_target_20pct,0.2,0.5503965277118394,0.4,0.4,0.6,0.029265410620903723,False
2024-08-13,turnover_penalty_overlay_vol_target_20pct,0.2,0.58009739262875,0.4,0.4,0.6,0.00695188676007212,False
2024-08-20,turnover_penalty_overlay_vol_target_20pct,0.2,0.5731595335998011,0.4,0.4,0.6,-0.006536754479759161,False
2024-08-27,turnover_penalty_overlay_vol_target_20pct,0.2,0.567824021230925,0.4,0.4,0.6,-0.030669556690436126,False
2024-09-04,turnover_penalty_overlay_vol_target_20pct,0.2,0.5805344149866556,0.4,0.4,0.6,-0.025897782827069882,False
2024-09-11,turnover_penalty_overlay_vol_target_20pct,0.2,0.5830721833193852,0.4,0.4,0.6,-0.00687127337789468,False
2024-09-18,turnover_penalty_overlay_vol_target_20pct,0.2,0.559927630735612,0.4,0.4,0.6,0.05292308336999264,False
2024-09-25,turnover_penalty_overlay_vol_target_20pct,0.2,0.6312652306732274,0.4,0.4,0.6,-0.01599580068792088,False
2024-10-02,turnover_penalty_overlay_vol_target_20pct,0.2,0.5152302154014656,0.4,0.4,0.6,0.014169499431323042,False
2024-10-09,turnover_penalty_overlay_vol_target_20pct,0.2,0.5299941627890986,0.4,0.4,0.6,0.0006251481318809201,False
2024-10-16,turnover_penalty_overlay_vol_target_20pct,0.2,0.5085639838640442,0.4,0.4,0.6,-0.0022633161746608,False
2024-10-23,turnover_penalty_overlay_vol_target_20pct,0.2,0.43857638050648223,0.45602090967378023,0.45602090967378023,0.5439790903262198,-0.0007810603877963669,False
2024-10-30,turnover_penalty_overlay_vol_target_20pct,0.2,0.4164809905008825,0.48021399430372375,0.48021399430372375,0.5197860056962762,0.03968614506202817,False
2024-11-06,turnover_penalty_overlay_vol_target_20pct,0.2,0.42443524295528295,0.4712144038921653,0.4712144038921653,0.5287855961078347,0.03820799524359142,False
2024-11-13,turnover_penalty_overlay_vol_target_20pct,0.2,0.45379191787425904,0.4407306347298541,0.4407306347298541,0.5592693652701459,0.034615978388369814,False
2024-11-20,turnover_penalty_overlay_vol_target_20pct,0.2,0.47123025691952797,0.42442096419575626,0.42442096419575626,0.5755790358042437,0.008830492121081621,False
2024-11-27,turnover_penalty_overlay_vol_target_20pct,0.2,0.4202658403060127,0.47588926060317405,0.47588926060317405,0.524110739396826,0.018671023190807063,False
2024-12-05,turnover_penalty_overlay_vol_target_20pct,0.2,0.36722271574170867,0.5446286175299484,0.5446286175299484,0.4553713824700516,0.07476811094126365,False
2024-12-12,turnover_penalty_overlay_vol_target_20pct,0.2,0.40461353463419164,0.4942988379783653,0.4942988379783653,0.5057011620216347,-0.015064730408208129,False
2024-12-19,turnover_penalty_overlay_vol_target_20pct,0.2,0.38323908258902345,0.5218674427693359,0.5218674427693359,0.47813255723066406,0.017676687998083026,False
2024-12-27,turnover_penalty_overlay_vol_target_20pct,0.2,0.345381467540396,0.5790698656308416,0.5790698656308416,0.4209301343691584,-0.012339491149133802,False
2025-01-06,turnover_penalty_overlay_vol_target_20pct,0.2,0.36798759543622667,0.5434965810815234,0.5434965810815234,0.45650341891847657,-0.023172077584700978,False
2025-01-14,turnover_penalty_overlay_vol_target_20pct,0.2,0.3972216934924291,0.5034971736854849,0.5034971736854849,0.49650282631451514,0.03007039806351704,False
2025-01-22,turnover_penalty_overlay_vol_target_20pct,0.2,0.3919837963756389,0.5102251721863003,0.5102251721863003,0.48977482781369974,-0.06299469559386559,False
2025-01-29,turnover_penalty_overlay_vol_target_20pct,0.2,0.5120096116440966,0.4,0.4,0.6,0.01291616838474036,False
2025-02-05,turnover_penalty_overlay_vol_target_20pct,0.2,0.496237579644153,0.40303275730027943,0.40303275730027943,0.5969672426997206,0.003244077572669275,False
2025-02-12,turnover_penalty_overlay_vol_target_20pct,0.2,0.4780815218666409,0.4183386950809391,0.4183386950809391,0.5816613049190609,0.010852422414410633,False
2025-02-20,turnover_penalty_overlay_vol_target_20pct,0.2,0.457579616905825,0.43708240623218636,0.43708240623218636,0.5629175937678137,-0.053022853246029594,False
2025-02-27,turnover_penalty_overlay_vol_target_20pct,0.2,0.5336679679736834,0.4,0.4,0.6,-0.038822616626821765,False
2025-03-06,turnover_penalty_overlay_vol_target_20pct,0.2,0.5608376048555678,0.4,0.4,0.6,0.04170763904976228,False
2025-03-13,turnover_penalty_overlay_vol_target_20pct,0.2,0.5221594552611819,0.4,0.4,0.6,0.0013370475285480801,False
2025-03-20,turnover_penalty_overlay_vol_target_20pct,0.2,0.5219646316597311,0.4,0.4,0.6,-0.012737703221313122,False
2025-03-27,turnover_penalty_overlay_vol_target_20pct,0.2,0.5127603775286204,0.4,0.4,0.6,-0.0305204163025318,False
2025-04-03,turnover_penalty_overlay_vol_target_20pct,0.2,0.5275609946194968,0.4,0.4,0.6,-0.033871809761211645,False
2025-04-10,turnover_penalty_overlay_vol_target_20pct,0.2,0.542590305999313,0.4,0.4,0.6,-0.020044364756642962,False
2025-04-17,turnover_penalty_overlay_vol_target_20pct,0.2,0.508416598970453,0.4,0.4,0.6,0.037030849264267765,False
2025-04-25,turnover_penalty_overlay_vol_target_20pct,0.2,0.5277891513214003,0.4,0.4,0.6,-0.00227458969941636,False
2025-05-02,turnover_penalty_overlay_vol_target_20pct,0.2,0.517058113693661,0.4,0.4,0.6,0.018024572430394122,False
2025-05-09,turnover_penalty_overlay_vol_target_20pct,0.2,0.5319252029834189,0.4,0.4,0.6,0.0444279020979124,False
2025-05-16,turnover_penalty_overlay_vol_target_20pct,0.2,0.5904093130563027,0.4,0.4,0.6,-0.009663697768516801,False
2025-05-23,turnover_penalty_overlay_vol_target_20pct,0.2,0.5350831674765192,0.4,0.4,0.6,0.01945431733620664,False
2025-06-02,turnover_penalty_overlay_vol_target_20pct,0.2,0.49600124252169864,0.40322479633959907,0.40322479633959907,0.5967752036604009,-0.023658813773993956,False
2025-06-09,turnover_penalty_overlay_vol_target_20pct,0.2,0.4661623626279999,0.42903506596391844,0.42903506596391844,0.5709649340360816,0.01131029868965473,False
2025-06-16,turnover_penalty_overlay_vol_target_20pct,0.2,0.47000149874337127,0.42553055795510003,0.42553055795510003,0.5744694420448999,0.029409444705836035,False
2025-06-24,turnover_penalty_overlay_vol_target_20pct,0.2,0.4851167775098747,0.4122718678719145,0.4122718678719145,0.5877281321280855,-0.005363885993500387,False
2025-07-01,turnover_penalty_overlay_vol_target_20pct,0.2,0.4497533486677264,0.44468818429578416,0.44468818429578416,0.5553118157042158,0.006083989832339879,False
2025-07-09,turnover_penalty_overlay_vol_target_20pct,0.2,0.39135403098485955,0.5110462245570622,0.5110462245570622,0.48895377544293783,0.03182980589371565,False
2025-07-16,turnover_penalty_overlay_vol_target_20pct,0.2,0.3633292529827695,0.5504648974947381,0.5504648974947381,0.44953510250526185,-0.0034062505415121953,False
2025-07-23,turnover_penalty_overlay_vol_target_20pct,0.2,0.3411091988789896,0.586322505101808,0.586322505101808,0.41367749489819206,0.05312009256871218,False
2025-07-30,turnover_penalty_overlay_vol_target_20pct,0.2,0.36198754081244283,0.5525052037733705,0.5525052037733705,0.44749479622662947,-0.02446967909483963,False
2025-08-06,turnover_penalty_overlay_vol_target_20pct,0.2,0.3915594353788097,0.5107781397388937,0.5107781397388937,0.48922186026110626,0.048891583400752975,False
2025-08-13,turnover_penalty_overlay_vol_target_20pct,0.2,0.3761796818887247,0.5316608249436522,0.5316608249436522,0.4683391750563478,-0.03982970522540594,False
2025-08-20,turnover_penalty_overlay_vol_target_20pct,0.2,0.4180698690424808,0.47838893641884933,0.47838893641884933,0.5216110635811506,0.01824866095564429,False
2025-08-27,turnover_penalty_overlay_vol_target_20pct,0.2,0.4149176952021161,0.4820233080263674,0.4820233080263674,0.5179766919736326,-0.01949230807459376,False
2025-09-04,turnover_penalty_overlay_vol_target_20pct,0.2,0.4007312835094226,0.4990875637372027,0.4990875637372027,0.5009124362627972,0.020659740844831676,False
2025-09-11,turnover_penalty_overlay_vol_target_20pct,0.2,0.4034205641278427,0.4957605481326446,0.4957605481326446,0.5042394518673554,0.022979804951352403,False
2025-09-18,turnover_penalty_overlay_vol_target_20pct,0.2,0.3927516625938747,0.5092276342743589,0.5092276342743589,0.4907723657256411,0.009677892757076265,False
2025-09-25,turnover_penalty_overlay_vol_target_20pct,0.2,0.3866012684897316,0.5173288768071183,0.5173288768071183,0.48267112319288175,0.02299586861410914,False
2025-10-02,turnover_penalty_overlay_vol_target_20pct,0.2,0.3894868120779928,0.5134962052577816,0.5134962052577816,0.4865037947422184,0.0031707876506641805,False
2025-10-09,turnover_penalty_overlay_vol_target_20pct,0.2,0.3798764196732689,0.5264870090436771,0.5264870090436771,0.47351299095632293,-0.005934544722789691,False
2025-10-16,turnover_penalty_overlay_vol_target_20pct,0.2,0.38155624853198794,0.5241691120758384,0.5241691120758384,0.4758308879241616,0.00987111706256527,False
2025-10-23,turnover_penalty_overlay_vol_target_20pct,0.2,0.34389496100930983,0.5815729297487021,0.5815729297487021,0.4184270702512979,0.0398035900224845,False
2025-10-30,turnover_penalty_overlay_vol_target_20pct,0.2,0.3372731684033747,0.5929911381530427,0.5929911381530427,0.4070088618469573,-0.01663745795039234,False
2025-11-06,turnover_penalty_overlay_vol_target_20pct,0.2,0.30433341215349075,0.6571739809466924,0.6571739809466924,0.34282601905330756,0.010327965491651877,False
2025-11-13,turnover_penalty_overlay_vol_target_20pct,0.2,0.23396913389350166,0.8548136101193426,0.8071739809466925,0.19282601905330754,-0.03375983222169066,False
2025-11-20,turnover_penalty_overlay_vol_target_20pct,0.2,0.2596901063859089,0.7701487083331268,0.7701487083331268,0.22985129166687324,-0.007839357823686213,False
2025-11-28,turnover_penalty_overlay_vol_target_20pct,0.2,0.237679775423679,0.8414683144305718,0.8414683144305718,0.1585316855694282,0.0029509980773527915,False
2025-12-05,turnover_penalty_overlay_vol_target_20pct,0.2,0.23003820255158997,0.869420808290078,0.869420808290078,0.13057919170992205,-0.040853813282356675,False
2025-12-12,turnover_penalty_overlay_vol_target_20pct,0.2,0.2437899576429096,0.8203783368835449,0.8203783368835449,0.1796216631164551,0.0031370801640464674,False
2025-12-19,turnover_penalty_overlay_vol_target_20pct,0.2,0.24114771346882963,0.8293671838022701,0.8293671838022701,0.17063281619772985,0.0018576206336050653,False
2025-12-29,turnover_penalty_overlay_vol_target_20pct,0.2,0.22102930271321752,0.9048573991996766,0.9048573991996766,0.09514260080032344,0.02880783576195027,False
2026-01-06,turnover_penalty_overlay_vol_target_20pct,0.2,0.2315558714626993,0.8637224300840822,0.8637224300840822,0.13627756991591777,0.041818479419575415,False
2026-01-13,turnover_penalty_overlay_vol_target_20pct,0.2,0.2498800312234328,0.8003840843975562,0.8003840843975562,0.19961591560244385,0.08993922363984527,False
2026-01-21,turnover_penalty_overlay_vol_target_20pct,0.2,0.33516040364834726,0.5967292013702236,0.6503840843975561,0.34961591560244387,0.006654107707512882,False
2026-01-28,turnover_penalty_overlay_vol_target_20pct,0.2,0.3108071368619564,0.643485867214269,0.643485867214269,0.35651413278573096,-0.056553357053235206,False
2026-02-04,turnover_penalty_overlay_vol_target_20pct,0.2,0.3645164344139877,0.5486721067090669,0.5486721067090669,0.45132789329093315,0.02191466895333179,False
2026-02-11,turnover_penalty_overlay_vol_target_20pct,0.2,0.37181414797764806,0.537903146203095,0.537903146203095,0.462096853796905,-0.030542404550712048,False
2026-02-19,turnover_penalty_overlay_vol_target_20pct,0.2,0.3820038964138981,0.5235548691453703,0.5235548691453703,0.4764451308546297,-0.009512668338915174,False
2026-02-26,turnover_penalty_overlay_vol_target_20pct,0.2,0.38379085422785714,0.5211171600281537,0.5211171600281537,0.47888283997184633,-0.023591176045983115,False
2026-03-05,turnover_penalty_overlay_vol_target_20pct,0.2,0.3970622931732808,0.5036993021966923,0.5036993021966923,0.49630069780330766,-0.01907228811125704,False
2026-03-12,turnover_penalty_overlay_vol_target_20pct,0.2,0.39242523825513775,0.5096512163419233,0.5096512163419233,0.49034878365807666,0.0363235100873976,False
2026-03-19,turnover_penalty_overlay_vol_target_20pct,0.2,0.4196081845552839,0.4766351261998555,0.4766351261998555,0.5233648738001445,0.0019812753850741616,False
2026-03-26,turnover_penalty_overlay_vol_target_20pct,0.2,0.41954873860082964,0.47670266073731565,0.47670266073731565,0.5232973392626843,0.0061290265889941,False
2026-04-02,turnover_penalty_overlay_vol_target_20pct,0.2,0.4158594578036816,0.48093170961237525,0.48093170961237525,0.5190682903876247,0.017736442825019866,False
2026-04-10,turnover_penalty_overlay_vol_target_20pct,0.2,0.41073641690166235,0.4869302836808931,0.4869302836808931,0.5130697163191069,0.05702164674678607,False
2026-04-17,turnover_penalty_overlay_vol_target_20pct,0.2,0.4167644797339022,0.4798873457922733,0.4798873457922733,0.5201126542077267,0.10901261260429425,False
2026-04-24,turnover_penalty_overlay_vol_target_20pct,0.2,0.6256222251769525,0.4,0.4,0.6,0.04870609356987908,False
2026-05-01,turnover_penalty_overlay_vol_target_20pct,0.2,0.6033761946361736,0.4,0.4,0.6,0.10329757469901568,False
2026-05-08,turnover_penalty_overlay_vol_target_20pct,0.2,0.7565439744015423,0.4,0.4,0.6,-0.0395167791246514,False
2026-05-15,turnover_penalty_overlay_vol_target_20pct,0.2,0.7909654044171931,0.4,0.4,0.6,0.04082646565328432,False
2022-01-03,turnover_penalty_overlay_vol_target_22pct,0.22,,,1.0,0.0,-0.0908153547360555,False
2022-01-10,turnover_penalty_overlay_vol_target_22pct,0.22,,,1.0,0.0,-0.0559141439886667,False
2022-01-18,turnover_penalty_overlay_vol_target_22pct,0.22,,,1.0,0.0,-0.0845256749376999,False
2022-01-25,turnover_penalty_overlay_vol_target_22pct,0.22,,,1.0,0.0,0.1175047532534843,False
2022-02-01,turnover_penalty_overlay_vol_target_22pct,0.22,0.7113194694545301,0.4,0.85,0.15000000000000002,-0.021939162618289394,False
2022-02-08,turnover_penalty_overlay_vol_target_22pct,0.22,0.6160791745909987,0.4,0.7,0.30000000000000004,0.022052673099597627,False
2022-02-15,turnover_penalty_overlay_vol_target_22pct,0.22,0.5782244921058661,0.4,0.5499999999999999,0.45000000000000007,-0.0023261936558728446,False
2022-02-23,turnover_penalty_overlay_vol_target_22pct,0.22,0.5291834317655191,0.4157348601523902,0.4157348601523902,0.5842651398476097,0.03360154664460283,False
2022-03-02,turnover_penalty_overlay_vol_target_22pct,0.22,0.5488428407988803,0.4008433446626982,0.4008433446626982,0.5991566553373018,0.0025439796103552533,False
2022-03-09,turnover_penalty_overlay_vol_target_22pct,0.22,0.5139917442247783,0.428022439021491,0.428022439021491,0.5719775609785089,-0.03587569170886827,False
2022-03-16,turnover_penalty_overlay_vol_target_22pct,0.22,0.5187391007899409,0.42410529621727355,0.42410529621727355,0.5758947037827264,0.08473144183158497,False
2022-03-23,turnover_penalty_overlay_vol_target_22pct,0.22,0.672852736464381,0.4,0.4,0.6,0.005596770075938401,False
2022-03-30,turnover_penalty_overlay_vol_target_22pct,0.22,0.6416512600450237,0.4,0.4,0.6,-0.03252979972377504,False
2022-04-06,turnover_penalty_overlay_vol_target_22pct,0.22,0.6349364562447433,0.4,0.4,0.6,-0.0199843966436462,False
2022-04-13,turnover_penalty_overlay_vol_target_22pct,0.22,0.6321411042739413,0.4,0.4,0.6,-0.01434336132484756,False
2022-04-21,turnover_penalty_overlay_vol_target_22pct,0.22,0.6051832368176251,0.4,0.4,0.6,-0.03614260235381548,False
2022-04-28,turnover_penalty_overlay_vol_target_22pct,0.22,0.5917474250123703,0.4,0.4,0.6,-0.00832709349089252,False
2022-05-05,turnover_penalty_overlay_vol_target_22pct,0.22,0.5909351483892822,0.4,0.4,0.6,-0.0268799574793066,False
2022-05-12,turnover_penalty_overlay_vol_target_22pct,0.22,0.5995165832295336,0.4,0.4,0.6,0.0174938063729454,False
2022-05-19,turnover_penalty_overlay_vol_target_22pct,0.22,0.6103502836153849,0.4,0.4,0.6,0.010891443477811721,False
2022-05-26,turnover_penalty_overlay_vol_target_22pct,0.22,0.5833820771145429,0.4,0.4,0.6,0.0075741109170788,False
2022-06-03,turnover_penalty_overlay_vol_target_22pct,0.22,0.5857965300680706,0.4,0.4,0.6,-0.029458315676225602,False
2022-06-10,turnover_penalty_overlay_vol_target_22pct,0.22,0.5801118398248997,0.4,0.4,0.6,-0.05320074856333104,False
2022-06-17,turnover_penalty_overlay_vol_target_22pct,0.22,0.3961541184133904,0.5553394241642795,0.55,0.44999999999999996,0.04444096701629805,False
2022-06-27,turnover_penalty_overlay_vol_target_22pct,0.22,0.45704746885323627,0.48135043948934936,0.48135043948934936,0.5186495605106507,-0.01643981882341596,False
2022-07-05,turnover_penalty_overlay_vol_target_22pct,0.22,0.44317016991051755,0.49642330404237534,0.49642330404237534,0.5035766959576247,-0.009389987339709685,False
2022-07-12,turnover_penalty_overlay_vol_target_22pct,0.22,0.44054592571875395,0.49938039862942407,0.49938039862942407,0.5006196013705759,0.044898376500301755,False
2022-07-19,turnover_penalty_overlay_vol_target_22pct,0.22,0.5002247056495297,0.43980234785552086,0.43980234785552086,0.5601976521444791,0.008206552738710977,False
2022-07-26,turnover_penalty_overlay_vol_target_22pct,0.22,0.4730197368454225,0.46509687199773975,0.46509687199773975,0.5349031280022603,0.0277068439316404,False
2022-08-02,turnover_penalty_overlay_vol_target_22pct,0.22,0.4902271861370046,0.4487715210851571,0.4487715210851571,0.551228478914843,-0.009316891195397782,False
2022-08-09,turnover_penalty_overlay_vol_target_22pct,0.22,0.4686748486560398,0.469408590264373,0.469408590264373,0.530591409735627,0.021910053047714654,False
2022-08-16,turnover_penalty_overlay_vol_target_22pct,0.22,0.46987063357974246,0.4682139812056662,0.4682139812056662,0.5317860187943337,0.009625129810067705,False
2022-08-23,turnover_penalty_overlay_vol_target_22pct,0.22,0.46858501892911386,0.46949857787340177,0.46949857787340177,0.5305014221265982,0.014413683559201534,False
2022-08-30,turnover_penalty_overlay_vol_target_22pct,0.22,0.4709342382385791,0.4671565202455002,0.4671565202455002,0.5328434797544999,0.026013068039603158,False
2022-09-07,turnover_penalty_overlay_vol_target_22pct,0.22,0.4442513147755329,0.49521519167851985,0.49521519167851985,0.5047848083214801,0.03509853312760694,False
2022-09-14,turnover_penalty_overlay_vol_target_22pct,0.22,0.2988288564056966,0.7362073484005278,0.6452151916785198,0.3547848083214802,-0.05014872037182547,False
2022-09-21,turnover_penalty_overlay_vol_target_22pct,0.22,0.3565558689305082,0.6170141040165501,0.6170141040165501,0.3829858959834499,-0.016894109278127237,False
2022-09-28,turnover_penalty_overlay_vol_target_22pct,0.22,0.3519176983043368,0.6251461664475454,0.6251461664475454,0.3748538335524546,0.06980661404901746,False
2022-10-05,turnover_penalty_overlay_vol_target_22pct,0.22,0.3859643794726684,0.5700007868616773,0.5700007868616773,0.4299992131383227,-0.03660319897129659,False
2022-10-12,turnover_penalty_overlay_vol_target_22pct,0.22,0.4085420233008728,0.5385002948349817,0.5385002948349817,0.46149970516501826,0.06456659207824474,False
2022-10-19,turnover_penalty_overlay_vol_target_22pct,0.22,0.45982976501441525,0.4784379279864652,0.4784379279864652,0.5215620720135348,0.06234420112154419,False
2022-10-26,turnover_penalty_overlay_vol_target_22pct,0.22,0.5049469779211522,0.4356893092136758,0.4356893092136758,0.5643106907863242,-0.009344619743841718,False
2022-11-02,turnover_penalty_overlay_vol_target_22pct,0.22,0.5052960096889114,0.4353883580743975,0.4353883580743975,0.5646116419256024,-0.03274714991142752,False
2022-11-09,turnover_penalty_overlay_vol_target_22pct,0.22,0.5514277388037837,0.4,0.4,0.6,0.053257864056608,False
2022-11-16,turnover_penalty_overlay_vol_target_22pct,0.22,0.5973149006756285,0.4,0.4,0.6,0.00556320627836936,False
2022-11-23,turnover_penalty_overlay_vol_target_22pct,0.22,0.5985388242742556,0.4,0.4,0.6,0.010285322521333322,False
2022-12-01,turnover_penalty_overlay_vol_target_22pct,0.22,0.595883283747128,0.4,0.4,0.6,-0.01745579841293572,False
2022-12-08,turnover_penalty_overlay_vol_target_22pct,0.22,0.6048451958123651,0.4,0.4,0.6,-0.01767040308429404,False
2022-12-15,turnover_penalty_overlay_vol_target_22pct,0.22,0.583117653637033,0.4,0.4,0.6,-0.0173599462507064,False
2022-12-22,turnover_penalty_overlay_vol_target_22pct,0.22,0.5904048538251107,0.4,0.4,0.6,0.0129478313057534,False
2022-12-30,turnover_penalty_overlay_vol_target_22pct,0.22,0.5541850764919694,0.4,0.4,0.6,0.01320888004708496,False
2023-01-09,turnover_penalty_overlay_vol_target_22pct,0.22,0.525780743050506,0.41842536629164256,0.41842536629164256,0.5815746337083574,0.06722275736022386,False
2023-01-17,turnover_penalty_overlay_vol_target_22pct,0.22,0.567128189761358,0.4,0.4,0.6,0.0009005973009786801,False
2023-01-24,turnover_penalty_overlay_vol_target_22pct,0.22,0.5149065728380889,0.42726197645408276,0.42726197645408276,0.5727380235459172,0.007810922802200369,False
2023-01-31,turnover_penalty_overlay_vol_target_22pct,0.22,0.5083978218336926,0.43273198773059757,0.43273198773059757,0.5672680122694025,0.05659033462964812,False
2023-02-07,turnover_penalty_overlay_vol_target_22pct,0.22,0.5111855074585047,0.43037213847041317,0.43037213847041317,0.5696278615295869,0.003906583268321117,False
2023-02-14,turnover_penalty_overlay_vol_target_22pct,0.22,0.4611020286074474,0.4771178315229097,0.4771178315229097,0.5228821684770903,-0.03481235533702844,False
2023-02-22,turnover_penalty_overlay_vol_target_22pct,0.22,0.5041992537174754,0.4363354336166382,0.4363354336166382,0.5636645663833618,0.00500695072813282,False
2023-03-01,turnover_penalty_overlay_vol_target_22pct,0.22,0.5039504618806233,0.4365508450553102,0.4365508450553102,0.5634491549446898,0.004293642335809667,False
2023-03-08,turnover_penalty_overlay_vol_target_22pct,0.22,0.48587123282952493,0.45279486648922523,0.45279486648922523,0.5472051335107748,-0.00997940255313796,False
2023-03-15,turnover_penalty_overlay_vol_target_22pct,0.22,0.4739177016392084,0.4642156206426851,0.4642156206426851,0.5357843793573149,0.025607246004027695,False
2023-03-22,turnover_penalty_overlay_vol_target_22pct,0.22,0.45306710805871114,0.4855792797288897,0.4855792797288897,0.5144207202711103,0.005171743063783264,False
2023-03-29,turnover_penalty_overlay_vol_target_22pct,0.22,0.4549377389415577,0.48358265575382764,0.48358265575382764,0.5164173442461724,0.006294890144847711,False
2023-04-05,turnover_penalty_overlay_vol_target_22pct,0.22,0.4559785156487503,0.4824788722490394,0.4824788722490394,0.5175211277509606,0.004974493886529258,False
2023-04-13,turnover_penalty_overlay_vol_target_22pct,0.22,0.34032799391199026,0.6464352152497117,0.6324788722490394,0.3675211277509606,-0.021506564218709095,False
2023-04-20,turnover_penalty_overlay_vol_target_22pct,0.22,0.35468859147357856,0.6202624084580635,0.6202624084580635,0.37973759154193654,-0.02577842953604952,False
2023-04-27,turnover_penalty_overlay_vol_target_22pct,0.22,0.37094455859467035,0.5930805423685784,0.5930805423685784,0.40691945763142157,-0.02786550119158615,False
2023-05-04,turnover_penalty_overlay_vol_target_22pct,0.22,0.25624760532655294,0.8585446085228376,0.7430805423685785,0.25691945763142154,0.044493354700076176,False
2023-05-11,turnover_penalty_overlay_vol_target_22pct,0.22,0.2918823228069885,0.7537284131642267,0.7537284131642267,0.24627158683577333,0.04293596280435594,False
2023-05-18,turnover_penalty_overlay_vol_target_22pct,0.22,0.2711319029853793,0.8114131814722793,0.8114131814722793,0.18858681852772075,0.12739750868043778,False
2023-05-25,turnover_penalty_overlay_vol_target_22pct,0.22,0.41464833626567815,0.5305700777225334,0.6614131814722792,0.33858681852772077,0.004886653102844431,False
2023-06-02,turnover_penalty_overlay_vol_target_22pct,0.22,0.41493675408899233,0.5302012844897711,0.5302012844897711,0.4697987155102289,0.012125247321996862,False
2023-06-09,turnover_penalty_overlay_vol_target_22pct,0.22,0.4043952966414182,0.5440221531435774,0.5440221531435774,0.4559778468564226,0.0169778283856483,False
2023-06-16,turnover_penalty_overlay_vol_target_22pct,0.22,0.3982726701622342,0.5523853793693255,0.5523853793693255,0.4476146206306745,-0.008119580505058692,False
2023-06-26,turnover_penalty_overlay_vol_target_22pct,0.22,0.40472081681824423,0.543584591792321,0.543584591792321,0.456415408207679,0.02376457820859219,False
2023-07-03,turnover_penalty_overlay_vol_target_22pct,0.22,0.40781755569851236,0.5394569138231008,0.5394569138231008,0.4605430861768992,-0.012155384783889363,False
2023-07-11,turnover_penalty_overlay_vol_target_22pct,0.22,0.4175387038641545,0.526897262371099,0.526897262371099,0.473102737628901,0.049319076143700916,False
2023-07-18,turnover_penalty_overlay_vol_target_22pct,0.22,0.42644865302603957,0.515888603326334,0.515888603326334,0.484111396673666,-0.019314446823121088,False
2023-07-25,turnover_penalty_overlay_vol_target_22pct,0.22,0.4232932418401119,0.5197342604470385,0.5197342604470385,0.4802657395529615,-0.0017946346743693033,False
2023-08-01,turnover_penalty_overlay_vol_target_22pct,0.22,0.3948850276825032,0.5571241869845851,0.5571241869845851,0.4428758130154149,-0.010406582445858455,False
2023-08-08,turnover_penalty_overlay_vol_target_22pct,0.22,0.40329198103058495,0.5455104746635555,0.5455104746635555,0.4544895253364445,-0.005303806887922281,False
2023-08-15,turnover_penalty_overlay_vol_target_22pct,0.22,0.40323698551037773,0.5455848741690835,0.5455848741690835,0.4544151258309165,0.003844221338359895,False
2023-08-22,turnover_penalty_overlay_vol_target_22pct,0.22,0.258002813131883,0.8527038807423502,0.6955848741690835,0.30441512583091646,0.007988754225238055,False
2023-08-29,turnover_penalty_overlay_vol_target_22pct,0.22,0.25807739306199495,0.8524574639792333,0.8455848741690836,0.15441512583091643,-0.0161628334427677,False
2023-09-06,turnover_penalty_overlay_vol_target_22pct,0.22,0.26189989770599864,0.8400156011017833,0.8400156011017833,0.1599843988982167,0.019004648622951783,False
2023-09-13,turnover_penalty_overlay_vol_target_22pct,0.22,0.25843246351144555,0.8512862393940557,0.8512862393940557,0.14871376060594432,-0.03442378611963368,False
2023-09-20,turnover_penalty_overlay_vol_target_22pct,0.22,0.2726393081035198,0.8069269304207122,0.8069269304207122,0.19307306957928783,0.011785706520964022,False
2023-09-27,turnover_penalty_overlay_vol_target_22pct,0.22,0.2580049579341662,0.8526967921916301,0.8526967921916301,0.14730320780836992,-0.06676377990873411,False
2023-10-04,turnover_penalty_overlay_vol_target_22pct,0.22,0.3031830743325055,0.7256341749431653,0.7256341749431653,0.2743658250568347,0.030956460290747813,False
2023-10-11,turnover_penalty_overlay_vol_target_22pct,0.22,0.23588155486140006,0.9326714847596634,0.8756341749431653,0.12436582505683469,-0.01166416818678111,False
2023-10-18,turnover_penalty_overlay_vol_target_22pct,0.22,0.2273235251994021,0.967783689818385,0.967783689818385,0.03221631018161497,-0.08221119987314705,False
2023-10-25,turnover_penalty_overlay_vol_target_22pct,0.22,0.27887837191845904,0.7888743701656634,0.817783689818385,0.182216310181615,-0.0007505527971410792,False
2023-11-01,turnover_penalty_overlay_vol_target_22pct,0.22,0.2798744339743971,0.7860667974414755,0.7860667974414755,0.21393320255852455,0.019404094741561406,False
2023-11-08,turnover_penalty_overlay_vol_target_22pct,0.22,0.2904115035392751,0.7575457491140578,0.7575457491140578,0.2424542508859422,0.036103506479704936,False
2023-11-15,turnover_penalty_overlay_vol_target_22pct,0.22,0.3128632443322276,0.703182633260631,0.703182633260631,0.296817366739369,0.022294306501097046,False
2023-11-22,turnover_penalty_overlay_vol_target_22pct,0.22,0.32099262907831627,0.685373993264886,0.685373993264886,0.314626006735114,0.020077555514051822,False
2023-11-30,turnover_penalty_overlay_vol_target_22pct,0.22,0.32631207332426987,0.6742012263253798,0.6742012263253798,0.3257987736746202,0.0013620715408529222,False
2023-12-07,turnover_penalty_overlay_vol_target_22pct,0.22,0.32222165006386355,0.6827598330416238,0.6827598330416238,0.3172401669583762,0.011589209192269717,False
2023-12-14,turnover_penalty_overlay_vol_target_22pct,0.22,0.31190064005556817,0.7053528327508557,0.7053528327508557,0.2946471672491443,0.009332693626313218,False
2023-12-21,turnover_penalty_overlay_vol_target_22pct,0.22,0.31166436900650246,0.7058875568654112,0.7058875568654112,0.29411244313458884,0.009721348064758365,False
2023-12-29,turnover_penalty_overlay_vol_target_22pct,0.22,0.251725621566323,0.8739674516685456,0.8558875568654112,0.14411244313458882,-0.015520426720410131,False
2024-01-08,turnover_penalty_overlay_vol_target_22pct,0.22,0.2464435316861888,0.8926994289310018,0.8926994289310018,0.10730057106899815,-0.009729678263673424,False
2024-01-16,turnover_penalty_overlay_vol_target_22pct,0.22,0.24563212088967998,0.8956483346036325,0.8956483346036325,0.10435166539636753,0.05503629813391446,False
2024-01-23,turnover_penalty_overlay_vol_target_22pct,0.22,0.16758928296064068,1.0,1.0,0.0,0.0350325706562761,False
2024-01-30,turnover_penalty_overlay_vol_target_22pct,0.22,0.1655309837002733,1.0,1.0,0.0,0.0061845377811795,False
2024-02-06,turnover_penalty_overlay_vol_target_22pct,0.22,0.16782657375239182,1.0,1.0,0.0,0.0256595358917009,False
2024-02-13,turnover_penalty_overlay_vol_target_22pct,0.22,0.15586513796007104,1.0,1.0,0.0,-0.0097845172467036,False
2024-02-21,turnover_penalty_overlay_vol_target_22pct,0.22,0.16144941372215776,1.0,1.0,0.0,0.0138276842483296,False
2024-02-28,turnover_penalty_overlay_vol_target_22pct,0.22,0.157552460494515,1.0,1.0,0.0,0.0704737959523539,False
2024-03-06,turnover_penalty_overlay_vol_target_22pct,0.22,0.19603156513083228,1.0,1.0,0.0,0.0016536651687422,False
2024-03-13,turnover_penalty_overlay_vol_target_22pct,0.22,0.19904701801583372,1.0,1.0,0.0,-0.0004939495951903,False
2024-03-20,turnover_penalty_overlay_vol_target_22pct,0.22,0.20226943526947083,1.0,1.0,0.0,0.0049203388178489,False
2024-03-27,turnover_penalty_overlay_vol_target_22pct,0.22,0.20351388999159775,1.0,1.0,0.0,-0.0353874267271158,False
2024-04-04,turnover_penalty_overlay_vol_target_22pct,0.22,0.21939540952081865,1.0,1.0,0.0,0.0506724681387174,False
2024-04-11,turnover_penalty_overlay_vol_target_22pct,0.22,0.22435566968094037,0.9805858720346375,0.9805858720346375,0.01941412796536246,-0.05669686905770927,False
2024-04-18,turnover_penalty_overlay_vol_target_22pct,0.22,0.2525868337602582,0.8709875994914767,0.8709875994914767,0.12901240050852325,-0.019010773638924658,False
2024-04-25,turnover_penalty_overlay_vol_target_22pct,0.22,0.2523441833032021,0.8718251283631168,0.8718251283631168,0.12817487163688324,0.018370485106419723,False
2024-05-02,turnover_penalty_overlay_vol_target_22pct,0.22,0.25485054576384764,0.8632510451983053,0.8632510451983053,0.1367489548016947,0.03578526652263792,False
2024-05-09,turnover_penalty_overlay_vol_target_22pct,0.22,0.26285390677437265,0.8369668257921029,0.8369668257921029,0.1630331742078971,-0.005718078238071976,False
2024-05-16,turnover_penalty_overlay_vol_target_22pct,0.22,0.2620537220743009,0.8395225156833405,0.8395225156833405,0.16047748431665954,-0.04330302770217334,False
2024-05-23,turnover_penalty_overlay_vol_target_22pct,0.22,0.2879580779592721,0.7640000987613069,0.7640000987613069,0.23599990123869308,0.025805989090001792,False
2024-05-31,turnover_penalty_overlay_vol_target_22pct,0.22,0.25438879567850087,0.8648179626513042,0.8648179626513042,0.13518203734869583,0.022267467729853056,False
2024-06-07,turnover_penalty_overlay_vol_target_22pct,0.22,0.26077654929541777,0.8436341403949459,0.8436341403949459,0.1563658596050541,0.017649513756556285,False
2024-06-14,turnover_penalty_overlay_vol_target_22pct,0.22,0.26426389465930705,0.8325011643517449,0.8325011643517449,0.16749883564825507,-0.07772814808180109,False
2024-06-24,turnover_penalty_overlay_vol_target_22pct,0.22,0.33046143049847004,0.6657357854686723,0.6825011643517449,0.3174988356482551,0.028298607091566577,False
2024-07-01,turnover_penalty_overlay_vol_target_22pct,0.22,0.3369428516634416,0.652929714679773,0.652929714679773,0.347070285320227,0.10003038004403951,False
2024-07-09,turnover_penalty_overlay_vol_target_22pct,0.22,0.45632374867606146,0.4821138514887492,0.502929714679773,0.497070285320227,-0.011263017867202395,False
2024-07-16,turnover_penalty_overlay_vol_target_22pct,0.22,0.43735775739449295,0.5030206879389174,0.5030206879389174,0.4969793120610826,-0.04333963561564656,False
2024-07-23,turnover_penalty_overlay_vol_target_22pct,0.22,0.4793769385988181,0.4589290436937644,0.4589290436937644,0.5410709563062356,-0.05743096290175627,False
2024-07-30,turnover_penalty_overlay_vol_target_22pct,0.22,0.5499693635837177,0.40002228227120334,0.40002228227120334,0.5999777177287966,-0.025025088689324345,False
2024-08-06,turnover_penalty_overlay_vol_target_22pct,0.22,0.5503965277118394,0.4,0.4,0.6,0.029265410620903723,False
2024-08-13,turnover_penalty_overlay_vol_target_22pct,0.22,0.58009739262875,0.4,0.4,0.6,0.00695188676007212,False
2024-08-20,turnover_penalty_overlay_vol_target_22pct,0.22,0.5731595335998011,0.4,0.4,0.6,-0.006536754479759161,False
2024-08-27,turnover_penalty_overlay_vol_target_22pct,0.22,0.567824021230925,0.4,0.4,0.6,-0.030669556690436126,False
2024-09-04,turnover_penalty_overlay_vol_target_22pct,0.22,0.5805344149866556,0.4,0.4,0.6,-0.025897782827069882,False
2024-09-11,turnover_penalty_overlay_vol_target_22pct,0.22,0.5830721833193852,0.4,0.4,0.6,-0.00687127337789468,False
2024-09-18,turnover_penalty_overlay_vol_target_22pct,0.22,0.559927630735612,0.4,0.4,0.6,0.05292308336999264,False
2024-09-25,turnover_penalty_overlay_vol_target_22pct,0.22,0.6312652306732274,0.4,0.4,0.6,-0.01599580068792088,False
2024-10-02,turnover_penalty_overlay_vol_target_22pct,0.22,0.5152302154014656,0.4269935912601258,0.4269935912601258,0.5730064087398742,0.015125713621347339,False
2024-10-09,turnover_penalty_overlay_vol_target_22pct,0.22,0.5299941627890986,0.41509891135828403,0.41509891135828403,0.584901088641716,0.0006487457724535871,False
2024-10-16,turnover_penalty_overlay_vol_target_22pct,0.22,0.5085639838640442,0.43259060212728945,0.43259060212728945,0.5674093978727106,-0.002447723267002372,False
2024-10-23,turnover_penalty_overlay_vol_target_22pct,0.22,0.43857638050648223,0.5016230006411583,0.5016230006411583,0.4983769993588417,-0.0008591664265760037,False
2024-10-30,turnover_penalty_overlay_vol_target_22pct,0.22,0.4164809905008825,0.5282353937340961,0.5282353937340961,0.4717646062659039,0.043654759568230984,False
2024-11-06,turnover_penalty_overlay_vol_target_22pct,0.22,0.42443524295528295,0.5183358442813818,0.5183358442813818,0.4816641557186182,0.04202879476795056,False
2024-11-13,turnover_penalty_overlay_vol_target_22pct,0.22,0.45379191787425904,0.4848036982028395,0.4848036982028395,0.5151963017971606,0.0380775762272068,False
2024-11-20,turnover_penalty_overlay_vol_target_22pct,0.22,0.47123025691952797,0.4668630606153319,0.4668630606153319,0.5331369393846681,0.009713541333189784,False
2024-11-27,turnover_penalty_overlay_vol_target_22pct,0.22,0.4202658403060127,0.5234781866634914,0.5234781866634914,0.47652181333650856,0.020538125509887768,False
2024-12-05,turnover_penalty_overlay_vol_target_22pct,0.22,0.36722271574170867,0.5990914792829432,0.5990914792829432,0.40090852071705685,0.08224492203539001,False
2024-12-12,turnover_penalty_overlay_vol_target_22pct,0.22,0.40461353463419164,0.5437287217762019,0.5437287217762019,0.4562712782237981,-0.016571203449028942,False
2024-12-19,turnover_penalty_overlay_vol_target_22pct,0.22,0.38323908258902345,0.5740541870462695,0.5740541870462695,0.42594581295373046,0.01944435679789133,False
2024-12-27,turnover_penalty_overlay_vol_target_22pct,0.22,0.345381467540396,0.6369768521939257,0.6369768521939257,0.36302314780607425,-0.01357344026404718,False
2025-01-06,turnover_penalty_overlay_vol_target_22pct,0.22,0.36798759543622667,0.5978462391896757,0.5978462391896757,0.4021537608103243,-0.025489285343171075,False
2025-01-14,turnover_penalty_overlay_vol_target_22pct,0.22,0.3972216934924291,0.5538468910540334,0.5538468910540334,0.4461531089459666,0.03307743786986875,False
2025-01-22,turnover_penalty_overlay_vol_target_22pct,0.22,0.3919837963756389,0.5612476894049302,0.5612476894049302,0.4387523105950698,-0.06929416515325212,False
2025-01-29,turnover_penalty_overlay_vol_target_22pct,0.22,0.5120096116440966,0.42967943373868606,0.42967943373868606,0.570320566261314,0.013874529794071892,False
2025-02-05,turnover_penalty_overlay_vol_target_22pct,0.22,0.496237579644153,0.4433360330303074,0.4433360330303074,0.5566639669696927,0.0035684853299362026,False
2025-02-12,turnover_penalty_overlay_vol_target_22pct,0.22,0.4780815218666409,0.460172564589033,0.460172564589033,0.539827435410967,0.011937664655851695,False
2025-02-20,turnover_penalty_overlay_vol_target_22pct,0.22,0.457579616905825,0.48079064685540496,0.48079064685540496,0.519209353144595,-0.05832513857063255,False
2025-02-27,turnover_penalty_overlay_vol_target_22pct,0.22,0.5336679679736834,0.4122413433118938,0.4122413433118938,0.5877586566881061,-0.04001071907280917,False
2025-03-06,turnover_penalty_overlay_vol_target_22pct,0.22,0.5608376048555678,0.4,0.4,0.6,0.04170763904976228,False
2025-03-13,turnover_penalty_overlay_vol_target_22pct,0.22,0.5221594552611819,0.4213272359301757,0.4213272359301757,0.5786727640698244,0.0014083363487760881,False
2025-03-20,turnover_penalty_overlay_vol_target_22pct,0.22,0.5219646316597311,0.4214844965653115,0.4214844965653115,0.5785155034346885,-0.013421861074083769,False
2025-03-27,turnover_penalty_overlay_vol_target_22pct,0.22,0.5127603775286204,0.4290503120782191,0.4290503120782191,0.5709496879217809,-0.032736985348396086,False
2025-04-03,turnover_penalty_overlay_vol_target_22pct,0.22,0.5275609946194968,0.41701339227831835,0.41701339227831835,0.5829866077216816,-0.03531249572782181,False
2025-04-10,turnover_penalty_overlay_vol_target_22pct,0.22,0.542590305999313,0.40546245955282245,0.40546245955282245,0.5945375404471775,-0.020318093586005916,False
2025-04-17,turnover_penalty_overlay_vol_target_22pct,0.22,0.508416598970453,0.43271600582180336,0.43271600582180336,0.5672839941781966,0.04005960296455803,False
2025-04-25,turnover_penalty_overlay_vol_target_22pct,0.22,0.5277891513214003,0.41683312256266847,0.41683312256266847,0.5831668774373315,-0.002370310817391507,False
2025-05-02,turnover_penalty_overlay_vol_target_22pct,0.22,0.517058113693661,0.42548408810067023,0.42548408810067023,0.5745159118993297,0.01917292190987681,False
2025-05-09,turnover_penalty_overlay_vol_target_22pct,0.22,0.5319252029834189,0.4135919839219534,0.4135919839219534,0.5864080160780466,0.04593756042541476,False
2025-05-16,turnover_penalty_overlay_vol_target_22pct,0.22,0.5904093130563027,0.4,0.4,0.6,-0.009663697768516801,False
2025-05-23,turnover_penalty_overlay_vol_target_22pct,0.22,0.5350831674765192,0.4111510385152494,0.4111510385152494,0.5888489614847505,0.019996656940966452,False
2025-06-02,turnover_penalty_overlay_vol_target_22pct,0.22,0.49600124252169864,0.4435472759735589,0.4435472759735589,0.5564527240264411,-0.02602469515139335,False
2025-06-09,turnover_penalty_overlay_vol_target_22pct,0.22,0.4661623626279999,0.47193857256031024,0.47193857256031024,0.5280614274396898,0.012441328558620202,False
2025-06-16,turnover_penalty_overlay_vol_target_22pct,0.22,0.47000149874337127,0.46808361375061,0.46808361375061,0.5319163862493901,0.032350389176419636,False
2025-06-24,turnover_penalty_overlay_vol_target_22pct,0.22,0.4851167775098747,0.45349905465910595,0.45349905465910595,0.546500945340894,-0.005900274592850425,False
2025-07-01,turnover_penalty_overlay_vol_target_22pct,0.22,0.4497533486677264,0.48915700272536256,0.48915700272536256,0.5108429972746374,0.006692388815573867,False
2025-07-09,turnover_penalty_overlay_vol_target_22pct,0.22,0.39135403098485955,0.5621508470127684,0.5621508470127684,0.4378491529872316,0.03501278648308722,False
2025-07-16,turnover_penalty_overlay_vol_target_22pct,0.22,0.3633292529827695,0.6055113872442119,0.6055113872442119,0.39448861275578806,-0.0037468755956634146,False
2025-07-23,turnover_penalty_overlay_vol_target_22pct,0.22,0.3411091988789896,0.6449547556119888,0.6449547556119888,0.3550452443880112,0.0584321018255834,False
2025-07-30,turnover_penalty_overlay_vol_target_22pct,0.22,0.36198754081244283,0.6077557241507076,0.6077557241507076,0.39224427584929245,-0.026916647004323592,False
2025-08-06,turnover_penalty_overlay_vol_target_22pct,0.22,0.3915594353788097,0.5618559537127831,0.5618559537127831,0.4381440462872169,0.05378074174082827,False
2025-08-13,turnover_penalty_overlay_vol_target_22pct,0.22,0.3761796818887247,0.5848269074380174,0.5848269074380174,0.41517309256198265,-0.043812675747946526,False
2025-08-20,turnover_penalty_overlay_vol_target_22pct,0.22,0.4180698690424808,0.5262278300607343,0.5262278300607343,0.47377216993926574,0.02007352705120872,False
2025-08-27,turnover_penalty_overlay_vol_target_22pct,0.22,0.4149176952021161,0.5302256388290041,0.5302256388290041,0.4697743611709959,-0.02144153888205314,False
2025-09-04,turnover_penalty_overlay_vol_target_22pct,0.22,0.4007312835094226,0.5489963201109229,0.5489963201109229,0.4510036798890771,0.02272571492931484,False
2025-09-11,turnover_penalty_overlay_vol_target_22pct,0.22,0.4034205641278427,0.545336602945909,0.545336602945909,0.454663397054091,0.025277785446487643,False
2025-09-18,turnover_penalty_overlay_vol_target_22pct,0.22,0.3927516625938747,0.5601503977017948,0.5601503977017948,0.43984960229820524,0.01064568203278389,False
2025-09-25,turnover_penalty_overlay_vol_target_22pct,0.22,0.3866012684897316,0.5690617644878301,0.5690617644878301,0.4309382355121699,0.025295455475520055,False
2025-10-02,turnover_penalty_overlay_vol_target_22pct,0.22,0.3894868120779928,0.5648458257835598,0.5648458257835598,0.4351541742164402,0.003487866415730599,False
2025-10-09,turnover_penalty_overlay_vol_target_22pct,0.22,0.3798764196732689,0.5791357099480448,0.5791357099480448,0.42086429005195525,-0.00652799919506866,False
2025-10-16,turnover_penalty_overlay_vol_target_22pct,0.22,0.38155624853198794,0.5765860232834221,0.5765860232834221,0.4234139767165779,0.010858228768821795,False
2025-10-23,turnover_penalty_overlay_vol_target_22pct,0.22,0.34389496100930983,0.6397302227235724,0.6397302227235724,0.3602697772764276,0.043783949024732954,False
2025-10-30,turnover_penalty_overlay_vol_target_22pct,0.22,0.3372731684033747,0.652290251968347,0.652290251968347,0.347709748031653,-0.018301203745431573,False
2025-11-06,turnover_penalty_overlay_vol_target_22pct,0.22,0.30433341215349075,0.7228913790413616,0.7228913790413616,0.2771086209586384,0.011360762040817061,False
2025-11-13,turnover_penalty_overlay_vol_target_22pct,0.22,0.23396913389350166,0.9402949711312769,0.8728913790413616,0.1271086209586384,-0.03650844452348958,False
2025-11-20,turnover_penalty_overlay_vol_target_22pct,0.22,0.2596901063859089,0.8471635791664394,0.8471635791664394,0.15283642083356064,-0.008623293606054834,False
2025-11-28,turnover_penalty_overlay_vol_target_22pct,0.22,0.237679775423679,0.9256151458736289,0.9256151458736289,0.07438485412637108,0.0032460978850880704,False
2025-12-05,turnover_penalty_overlay_vol_target_22pct,0.22,0.23003820255158997,0.9563628891190856,0.9563628891190856,0.043637110880914376,-0.044939194610592335,False
2025-12-12,turnover_penalty_overlay_vol_target_22pct,0.22,0.2437899576429096,0.9024161705718993,0.9024161705718993,0.09758382942810073,0.0034507881804511135,False
2025-12-19,turnover_penalty_overlay_vol_target_22pct,0.22,0.24114771346882963,0.9123039021824971,0.9123039021824971,0.08769609781750287,0.0020433826969655715,False
2025-12-29,turnover_penalty_overlay_vol_target_22pct,0.22,0.22102930271321752,0.9953431391196441,0.9953431391196441,0.004656860880355884,0.0316886193381453,False
2026-01-06,turnover_penalty_overlay_vol_target_22pct,0.22,0.2315558714626993,0.9500946730924904,0.9500946730924904,0.049905326907509595,0.04600032736153296,False
2026-01-13,turnover_penalty_overlay_vol_target_22pct,0.22,0.2498800312234328,0.8804224928373118,0.8804224928373118,0.11957750716268822,0.0989331460038298,False
2026-01-21,turnover_penalty_overlay_vol_target_22pct,0.22,0.33516040364834726,0.6564021215072459,0.7304224928373118,0.26957750716268825,0.007472984127266248,False
2026-01-28,turnover_penalty_overlay_vol_target_22pct,0.22,0.3108071368619564,0.7078344539356959,0.7078344539356959,0.2921655460643041,-0.062208692758558726,False
2026-02-04,turnover_penalty_overlay_vol_target_22pct,0.22,0.3645164344139877,0.6035393173799735,0.6035393173799735,0.39646068262002654,0.02410613584866497,False
2026-02-11,turnover_penalty_overlay_vol_target_22pct,0.22,0.37181414797764806,0.5916934608234045,0.5916934608234045,0.40830653917659554,-0.03359664500578325,False
2026-02-19,turnover_penalty_overlay_vol_target_22pct,0.22,0.3820038964138981,0.5759103560599074,0.5759103560599074,0.42408964394009263,-0.010463935172806691,False
2026-02-26,turnover_penalty_overlay_vol_target_22pct,0.22,0.38379085422785714,0.573228876030969,0.573228876030969,0.42677112396903105,-0.025950293650581425,False
2026-03-05,turnover_penalty_overlay_vol_target_22pct,0.22,0.3970622931732808,0.5540692324163615,0.5540692324163615,0.4459307675836385,-0.020979516922382743,False
2026-03-12,turnover_penalty_overlay_vol_target_22pct,0.22,0.39242523825513775,0.5606163379761157,0.5606163379761157,0.43938366202388435,0.03995586109613736,False
2026-03-19,turnover_penalty_overlay_vol_target_22pct,0.22,0.4196081845552839,0.5242986388198411,0.5242986388198411,0.47570136118015893,0.002179402923581578,False
2026-03-26,turnover_penalty_overlay_vol_target_22pct,0.22,0.41954873860082964,0.5243729268110472,0.5243729268110472,0.4756270731889528,0.00674192924789351,False
2026-04-02,turnover_penalty_overlay_vol_target_22pct,0.22,0.4158594578036816,0.5290248805736127,0.5290248805736127,0.47097511942638726,0.01951008710752185,False
2026-04-10,turnover_penalty_overlay_vol_target_22pct,0.22,0.41073641690166235,0.5356233120489824,0.5356233120489824,0.4643766879510176,0.06272381142146467,False
2026-04-17,turnover_penalty_overlay_vol_target_22pct,0.22,0.4167644797339022,0.5278760803715007,0.5278760803715007,0.4721239196284993,0.11991387386472369,False
2026-04-24,turnover_penalty_overlay_vol_target_22pct,0.22,0.6256222251769525,0.4,0.4,0.6,0.04870609356987908,False
2026-05-01,turnover_penalty_overlay_vol_target_22pct,0.22,0.6033761946361736,0.4,0.4,0.6,0.10329757469901568,False
2026-05-08,turnover_penalty_overlay_vol_target_22pct,0.22,0.7565439744015423,0.4,0.4,0.6,-0.0395167791246514,False
2026-05-15,turnover_penalty_overlay_vol_target_22pct,0.22,0.7909654044171931,0.4,0.4,0.6,0.04082646565328432,False
