date,ticker,selected,weight,expected_daily_return,expected_total_return,target_price,current_price,target_confidence,signal_strength,quality_score,regime,timing_model,target_model,model_mode,gate_decision,gate_reason,realized_return_5d,realized_return_10d,realized_return_20d
2022-06-21,AAPL,False,0.0,-2.8191130879706617e-05,-0.0005636716425588828,146.06144351337068,135.8699951171875,0.5,0.9997246557175444,0.5,risk_off,ema,basic,baseline,not_applicable,mode_not_regime_gated,0.011555217344820123,0.05188785828451081,0.12637078667837032
2022-06-21,MSFT,False,0.0,-1.012955263645735e-05,-0.0002025715584250687,273.15356884511516,253.74000549316406,0.5,0.46413120396193097,0.5,risk_off,ema,basic,baseline,not_applicable,mode_not_regime_gated,0.010798476526547862,0.04914473749489234,0.03361702268402289
2022-06-21,NVDA,False,0.0,4.732496537643725e-05,0.0009469249623310638,18.273742590940774,16.56599998474121,0.5,0.9993643455842166,0.5,risk_off,ema,basic,baseline,not_applicable,mode_not_regime_gated,-0.03525290560950012,-0.08668356100585406,0.07491242442018775
2022-06-21,AMZN,False,0.0,-4.9702983943326284e-05,-0.000993590445356629,119.13524876769476,108.68000030517578,0.5,0.9994670837270381,0.5,risk_off,ema,basic,baseline,not_applicable,mode_not_regime_gated,-0.011777684723064175,0.05198750009213815,0.12964663506004426
2022-06-21,GOOGL,False,0.0,3.557821551752187e-06,7.115883612551777e-05,120.83218927016064,111.54399871826172,0.5,0.9997519735067599,0.5,risk_off,ema,basic,baseline,not_applicable,mode_not_regime_gated,0.004155319711401262,0.027146237473320456,0.021121735231744543
2022-06-21,META,False,0.0,1.1918987601084366e-05,0.00023840674578301524,169.0574725323101,157.0500030517578,0.5,0.9994073214982225,0.5,risk_off,ema,basic,baseline,not_applicable,mode_not_regime_gated,0.02311359155355852,0.08099332042999752,0.1658070218410057
2022-06-21,TSLA,False,0.0,-0.00010046727574225516,-0.0020074288724420963,267.9518653039286,237.0366668701172,0.5,0.9992661104339006,0.5,risk_off,ema,basic,baseline,not_applicable,mode_not_regime_gated,-0.018450043403574035,-0.02237345613149111,0.04414225557607976
2022-06-21,SPY,False,0.0,2.243765812633831e-05,0.00044884883062179526,396.5472780609317,375.07000732421875,0.5,1.0,0.5,risk_off,ema,basic,baseline,not_applicable,mode_not_regime_gated,0.01487718682726391,0.021809242317555544,0.052523479096594494
2022-06-21,QQQ,False,0.0,-6.221777093576128e-05,-0.0012436201935152047,300.3668786306646,281.0799865722656,0.5,0.9997780704458631,0.5,risk_off,ema,basic,baseline,not_applicable,mode_not_regime_gated,0.008752035328647656,0.027465495906868087,0.07809169366595192
2022-06-21,AVGO,False,0.0,-9.464388775344001e-05,-0.001891176802695238,53.42735696631408,50.37699890136719,0.5,0.9997251106077336,0.5,risk_off,ema,basic,baseline,not_applicable,mode_not_regime_gated,-0.010560328964924204,-0.04200324276156309,0.01588024802007082
2022-06-21,AMD,True,0.1560037238909564,7.240186953275708e-05,0.0014490338092925104,90.39191317287509,83.79000091552734,0.5,0.9993763247593668,0.5,risk_off,ema,basic,baseline,not_applicable,mode_not_regime_gated,-0.03592316628883907,-0.10072803853904977,0.06731112696053532
2022-06-21,NFLX,True,0.0,5.882827680230996e-05,0.0011772233137679056,18.910245224833922,17.090999603271484,0.5,0.9991757488753447,0.5,risk_off,ema,basic,baseline,not_applicable,mode_not_regime_gated,0.05084544505137267,0.07694111313453567,0.266397495883649
2022-06-21,COST,True,0.17830772525907776,8.778608424266444e-05,0.0017571866717207563,513.5780704780846,463.1099853515625,0.5,0.9996713009995417,0.5,risk_off,ema,basic,baseline,not_applicable,mode_not_regime_gated,0.011876228485604212,0.06378616199021714,0.13191256675040863
2022-06-21,ADBE,False,0.0,-3.0183969945323483e-05,-0.0006035063265650287,384.4950564713838,362.989990234375,0.5,0.9995590376778065,0.5,risk_off,ema,basic,baseline,not_applicable,mode_not_regime_gated,0.007272968179460992,0.05465714447134018,0.10606353077433717
2022-06-21,PEP,False,0.0,-0.00013595782429404055,-0.002715647288480283,170.39034731907444,160.7100067138672,0.5,0.8698756157854849,0.5,risk_off,ema,basic,baseline,not_applicable,mode_not_regime_gated,0.02053380408877792,0.06216159428181389,0.0469789526324329
2022-06-21,CSCO,False,0.0,3.9457393338250566e-05,0.0007894437451259062,47.85990334538852,44.13999938964844,0.5,0.9997380562211287,0.5,risk_off,ema,basic,baseline,not_applicable,mode_not_regime_gated,-0.02446755847963833,-0.032850040393963,-0.00022651385753180708
2022-06-21,INTC,False,0.0,-9.837233459256014e-06,-0.00019672628374967083,39.68578108774775,37.72999954223633,0.5,0.9998171431938497,0.5,risk_off,ema,basic,baseline,not_applicable,mode_not_regime_gated,0.001325185201886292,-0.01961298364027675,0.07500667546753292
2022-06-21,AMAT,False,0.0,-5.788252243067137e-05,-0.001157014096221154,101.37639166149033,95.16999816894531,0.5,0.9994584307207784,0.5,risk_off,ema,basic,baseline,not_applicable,mode_not_regime_gated,-0.0015761429942724448,-0.09046969397926363,0.07418309681434887
2022-06-21,QCOM,False,0.0,-9.012635885918203e-07,-1.8025117439091076e-05,133.6705596178813,124.38999938964844,0.5,0.9995546471284752,0.5,risk_off,ema,basic,baseline,not_applicable,mode_not_regime_gated,0.05796291300944567,0.021464733355143872,0.219631863158384
2022-06-21,TXN,False,0.0,-9.323480786073776e-05,-0.0018630454621930692,160.3110790243497,153.4600067138672,0.5,0.0,0.5,risk_off,ema,basic,baseline,not_applicable,mode_not_regime_gated,0.00456142915168356,-0.017268402445820952,0.0773491111551925
2022-06-21,CCJ,True,0.1656885508499658,9.497022746627079e-05,0.001901119201586754,23.704349457858264,21.90999984741211,0.5,0.9994162230545103,0.5,risk_off,ema,basic,baseline,not_applicable,mode_not_regime_gated,0.031036070739913768,-0.04655410610987054,0.08854406880731958
2022-06-21,YPF,False,0.0,-3.8522848677920964e-05,-0.0007701750768436266,3.7559789691631584,3.5399999618530273,0.5,0.9994747343332753,0.5,risk_off,ema,basic,baseline,not_applicable,mode_not_regime_gated,-0.031073417028582462,-0.1271186589076011,-0.1553672198426761
2022-06-21,VIST,False,0.0,4.7618172907826156e-05,0.000952794404446955,7.798929493084409,7.289999961853027,0.5,0.9993797882784292,0.5,risk_off,ema,basic,baseline,not_applicable,mode_not_regime_gated,0.09602192221235706,-0.0891632508599094,-0.14951991197415948
2022-06-28,AAPL,False,0.0,-3.338946620829067e-05,-0.00066757754387059,145.46397256350156,137.44000244140625,0.5,0.4614483429734246,0.5,risk_off,ema,basic,baseline,not_applicable,mode_not_regime_gated,0.039871912326800985,0.05857103396945673,0.14078863868600333
2022-06-28,MSFT,False,0.0,-1.255426038575625e-05,-0.00025105526417357193,272.10125583342153,256.4800109863281,0.5,0.6198654531385384,0.5,risk_off,ema,basic,baseline,not_applicable,mode_not_regime_gated,0.03793660344653005,-0.01466004992422365,0.047800915170346014
2022-06-28,NVDA,False,0.0,4.519714033589003e-05,0.0009043310404761584,17.27938656039491,15.982000350952148,0.5,0.5656010135746918,0.5,risk_off,ema,basic,baseline,not_applicable,mode_not_regime_gated,-0.05330998734839043,-0.05118262892594028,0.11312730101820345
2022-06-28,AMZN,False,0.0,-5.2224120970061225e-05,-0.0010439643835656875,115.81355287456122,107.4000015258789,0.5,0.5656116419467523,0.5,risk_off,ema,basic,baseline,not_applicable,mode_not_regime_gated,0.06452514158955514,0.027932960496998893,0.1263500884732709
2022-06-28,GOOGL,False,0.0,4.29823779907066e-06,8.596826629192478e-05,120.78978562520882,112.00749969482422,0.5,0.565642656937039,0.5,risk_off,ema,basic,baseline,not_applicable,mode_not_regime_gated,0.02289577848228408,-0.005838888738657455,0.00939667313918413
2022-06-28,META,False,0.0,1.297703589960622e-05,0.00025957271714194263,173.29843707875273,160.67999267578125,0.5,0.36684341448871205,0.5,risk_off,ema,basic,baseline,not_applicable,mode_not_regime_gated,0.056572143459213686,0.017488255821948018,0.055389653727653476
2022-06-28,TSLA,False,0.0,-0.00010346928680706178,-0.0020673528786698814,253.96560148368772,232.663330078125,0.5,0.43794844415886136,0.5,risk_off,ema,basic,baseline,not_applicable,mode_not_regime_gated,-0.003997160512870579,0.018811143150655463,0.181191755623622
2022-06-28,SPY,False,0.0,2.6362983797918696e-05,0.0005273917481636303,398.3701733310617,380.6499938964844,0.5,0.3744758843969085,0.5,risk_off,ema,basic,baseline,not_applicable,mode_not_regime_gated,0.0068304377911607705,-0.004781314471040576,0.053566307567004534
2022-06-28,QQQ,False,0.0,-7.129502726515047e-05,-0.0014249351919295439,299.2399837401854,283.5400085449219,0.5,0.3743358396749372,0.5,risk_off,ema,basic,baseline,not_applicable,mode_not_regime_gated,0.018551100689599975,0.00744157892351982,0.08206950804963786
2022-06-28,AVGO,False,0.0,-9.34825293883617e-05,-0.0018679911118839598,52.53370465937584,49.845001220703125,0.5,0.27002090309677623,0.5,risk_off,ema,basic,baseline,not_applicable,mode_not_regime_gated,-0.031778505266264245,-0.03354400329145346,0.05886243426736071
2022-06-28,AMD,True,0.14662320594179534,6.926456479844616e-05,0.0013862032150919745,87.12980239053114,80.77999877929688,0.5,0.5656037065272321,0.5,risk_off,ema,basic,baseline,not_applicable,mode_not_regime_gated,-0.067219613607712,-0.04035655094694024,0.11190890136339293
2022-06-28,NFLX,True,0.0,7.087905805844432e-05,0.0014185360969920513,19.909757266044046,17.959999084472656,0.5,0.38591659478621004,0.5,risk_off,ema,basic,baseline,not_applicable,mode_not_regime_gated,0.024833022026267138,-0.01692644558130174,0.2625278615222342
2022-06-28,COST,True,0.18441903973908086,0.00011244855273130057,0.0022513751649710922,506.36845068809174,468.6099853515625,0.5,1.0,0.5,risk_off,ema,basic,baseline,not_applicable,mode_not_regime_gated,0.051300674967236226,0.050383083176146704,0.114594255106929
2022-06-28,ADBE,False,0.0,-3.202402374149284e-05,-0.000640285660025719,386.44107782270993,365.6300048828125,0.5,0.42250137819067557,0.5,risk_off,ema,basic,baseline,not_applicable,mode_not_regime_gated,0.047042041024411674,0.017257876745143452,0.07425537711322727
2022-06-28,PEP,False,0.0,-0.00018213325807344734,-0.0036363692643134327,172.46002777932432,164.00999450683594,0.5,0.5657139217919473,0.5,risk_off,ema,basic,baseline,not_applicable,mode_not_regime_gated,0.040790211971669876,0.0371319541531101,0.04621670681623469
2022-06-28,CSCO,False,0.0,3.7033851280814065e-05,0.000740937669693631,45.80274549168116,43.060001373291016,0.5,0.5492878642137422,0.5,risk_off,ema,basic,baseline,not_applicable,mode_not_regime_gated,-0.00859272491364882,-0.008360441218537962,0.03669293929324979
2022-06-28,INTC,False,0.0,-1.0401823220929625e-05,-0.00020801590809660375,39.6859669833207,37.779998779296875,0.5,0.11816726024613182,0.5,risk_off,ema,basic,baseline,not_applicable,mode_not_regime_gated,-0.020910458611845928,-0.015087340212847633,0.06352571740140145
2022-06-28,AMAT,False,0.0,-6.052904369576818e-05,-0.0012098850112873816,101.21656955497198,95.0199966430664,0.5,0.2520807856888923,0.5,risk_off,ema,basic,baseline,not_applicable,mode_not_regime_gated,-0.08903388111296029,-0.06251310273483535,0.08882343443044216
2022-06-28,QCOM,False,0.0,-1.2861661963949074e-06,-2.572300962866425e-05,141.3708382681444,131.60000610351562,0.5,0.5656224959647342,0.5,risk_off,ema,basic,baseline,not_applicable,mode_not_regime_gated,-0.034498543574160156,0.030699035704869093,0.1658054031415943
2022-06-28,TXN,False,0.0,-0.0001004070390136074,-0.0020062264347951997,160.8603348828446,154.16000366210938,0.5,0.2198750183387405,0.5,risk_off,ema,basic,baseline,not_applicable,mode_not_regime_gated,-0.021730708510219188,0.0008432123828197025,0.11273994039411939
2022-06-28,CCJ,True,0.16895775431912383,0.000115363745360739,0.002309805329187453,24.27233877564729,22.59000015258789,0.5,0.5656071997348494,0.5,risk_off,ema,basic,baseline,not_applicable,mode_not_regime_gated,-0.07525457067093921,-0.05002218063224684,0.11288177157309232
2022-06-28,YPF,False,0.0,-3.8439279998398554e-05,-0.0007685049248383757,3.6489962128006885,3.430000066757202,0.5,0.0,0.5,risk_off,ema,basic,baseline,not_applicable,mode_not_regime_gated,-0.09912540698850025,-0.12244899945177634,-0.02332366197306457
2022-06-28,VIST,False,0.0,6.915541346896702e-05,0.0013840173160548641,8.567983543683063,7.989999771118164,0.5,0.5656097095148094,0.5,risk_off,ema,basic,baseline,not_applicable,mode_not_regime_gated,-0.16896119440609725,-0.18898620717148784,0.02878604536911733
2022-07-06,AAPL,False,0.0,-6.802443915886606e-05,-0.001359609950291496,153.4094315223269,142.9199981689453,0.5,0.178482578063025,0.5,risk_off,ema,basic,baseline,not_applicable,mode_not_regime_gated,0.017982139358697413,0.07080881085112156,0.16239859369736842
2022-07-06,MSFT,False,0.0,-4.489599244605208e-05,-0.0008975369785392262,285.76665166709785,266.2099914550781,0.5,0.17848951179148778,0.5,risk_off,ema,basic,baseline,not_applicable,mode_not_regime_gated,-0.05067424464664161,-0.01480035523787282,0.06107963745744227
2022-07-06,NVDA,False,0.0,-6.555982368840072e-06,-0.0001311114813267178,16.348700237735816,15.130000114440918,0.5,0.17845049645215869,0.5,risk_off,ema,basic,baseline,not_applicable,mode_not_regime_gated,0.0022471541835447084,0.17693318386342738,0.2487111372203703
2022-07-06,AMZN,False,0.0,6.869412527102136e-05,0.0013747794628105048,122.87648136425139,114.33000183105469,0.5,0.17845778529776923,0.5,risk_off,ema,basic,baseline,not_applicable,mode_not_regime_gated,-0.034374182123981245,0.07382134765014259,0.2203271410651204
2022-07-06,GOOGL,False,0.0,-8.952518926961808e-05,-0.0017889817987499779,123.14672783687344,114.5719985961914,0.5,0.17848145404858742,0.5,risk_off,ema,basic,baseline,not_applicable,mode_not_regime_gated,-0.028091490673249564,-0.005865281906104802,0.03061832976508705
2022-07-06,META,False,0.0,2.68564974216513e-06,5.37143652807881e-05,183.13682956619735,169.77000427246094,0.5,0.17845275747568148,0.5,risk_off,ema,basic,baseline,not_applicable,mode_not_regime_gated,-0.03699121529865912,0.07845904300062734,-0.005713619581150464
2022-07-06,TSLA,False,0.0,2.0210798514139547e-05,0.0004042935902059952,255.70707579031702,231.73333740234375,0.5,0.33030581629774214,0.5,risk_off,ema,basic,baseline,not_applicable,mode_not_regime_gated,0.02289983799169759,0.06803795592984363,0.32651033695145726
2022-07-06,SPY,False,0.0,-0.00012543140482426343,-0.0025056410678913066,402.4080707054329,383.25,0.5,0.07140355819811925,0.5,risk_off,ema,basic,baseline,not_applicable,mode_not_regime_gated,-0.011532976980389797,0.030058679748654615,0.08140903380830067
2022-07-06,QQQ,False,0.0,2.780134642665145e-05,0.0005561738068542432,306.3439293838895,288.79998779296875,0.5,0.1784896422204364,0.5,risk_off,ema,basic,baseline,not_applicable,mode_not_regime_gated,-0.010907181543035604,0.0492728933095703,0.11804026418417579
2022-07-06,AVGO,False,0.0,-6.662258292213262e-05,-0.0013316086674295402,50.84624484685687,48.26100158691406,0.5,0.0,0.5,risk_off,ema,basic,baseline,not_applicable,mode_not_regime_gated,-0.0018234443614316698,0.060421384878683204,0.13288158116473436
2022-07-06,AMD,False,0.0,-6.243750658804368e-05,-0.00124800970515071,81.28724908711573,75.3499984741211,0.5,0.17845198152197092,0.5,risk_off,ema,basic,baseline,not_applicable,mode_not_regime_gated,0.02879891457052386,0.18686134195331738,0.30179161677859323
2022-07-06,NFLX,True,0.0,8.207836688756849e-05,0.0016428479714136746,20.462980049343393,18.4060001373291,0.5,0.19967337889467712,0.5,risk_off,ema,basic,baseline,not_applicable,mode_not_regime_gated,-0.040747582006094296,0.17592083767485023,0.23182658733715744
2022-07-06,COST,True,0.0651164478816048,0.00019071288444701874,0.003821176169772844,537.9001895307142,492.6499938964844,0.5,0.3471949516560887,0.5,risk_off,ema,basic,baseline,not_applicable,mode_not_regime_gated,-0.0008728157537978287,0.06404144666888234,0.11034206138762848
2022-07-06,ADBE,False,0.0,6.866599806641018e-05,0.0013742161841896472,404.4152646191864,382.8299865722656,0.5,0.1784778959608756,0.5,risk_off,ema,basic,baseline,not_applicable,mode_not_regime_gated,-0.028446006093631127,0.0487422728537672,0.10895181525907649
2022-07-06,PEP,True,0.07253776464845084,0.0005700032082046658,0.0114620074949634,182.77413983328896,170.6999969482422,0.5,1.0,0.5,risk_off,ema,basic,baseline,not_applicable,mode_not_regime_gated,-0.003514884917710237,-0.014294097744747325,0.03591098413827831
2022-07-06,CSCO,False,0.0,-4.0057401302728284e-05,-0.0008008432261912279,45.3916906453186,42.689998626708984,0.5,0.2360383461649902,0.5,risk_off,ema,basic,baseline,not_applicable,mode_not_regime_gated,0.00023429694430143755,0.03373161133121494,0.07074257565972863
2022-07-06,INTC,False,0.0,-6.99485074494099e-05,-0.0013980409082289258,38.842585167934324,36.9900016784668,0.5,0.0002666737072656322,0.5,risk_off,ema,basic,baseline,not_applicable,mode_not_regime_gated,0.005947482996031539,0.09651255833552574,-0.012706169218065444
2022-07-06,AMAT,False,0.0,2.6064416888599955e-05,0.000521417435186855,92.12901987759965,86.55999755859375,0.5,0.17846597751518295,0.5,risk_off,ema,basic,baseline,not_applicable,mode_not_regime_gated,0.029112804338460307,0.1810305711680802,0.2593577311787696
2022-07-06,QCOM,False,0.0,-1.4346473722695207e-05,-0.00028689037177087595,135.0068870506741,127.05999755859375,0.5,0.14520205526067045,0.5,risk_off,ema,basic,baseline,not_applicable,mode_not_regime_gated,0.06752716823481775,0.19400290908951168,0.17393362606767093
2022-07-06,TXN,False,0.0,-7.883646224641782e-05,-0.0015755489176434434,157.40803268376266,150.80999755859375,0.5,0.14197499857950757,0.5,risk_off,ema,basic,baseline,not_applicable,mode_not_regime_gated,0.02307536492192419,0.09628011741608522,0.21656391612512338
2022-07-06,CCJ,False,0.0,-1.007145734604311e-06,-2.0142721967819632e-05,22.424085029416254,20.889999389648438,0.5,0.17845562357001624,0.5,risk_off,ema,basic,baseline,not_applicable,mode_not_regime_gated,0.02728576885965195,0.14169464233149043,0.18046915116865958
2022-07-06,YPF,False,0.0,-6.484257074067422e-05,-0.001296052859325103,3.2835908746925484,3.0899999141693115,0.5,0.14082062088183953,0.5,risk_off,ema,basic,baseline,not_applicable,mode_not_regime_gated,-0.025889943666086213,-0.03236242958260771,0.20388353784478386
2022-07-06,VIST,True,0.062345787469944375,8.860479293984486e-05,0.001773588305874263,7.132326463159753,6.639999866485596,0.5,0.17844821944096642,0.5,risk_off,ema,basic,baseline,not_applicable,mode_not_regime_gated,-0.024096363046584468,-0.06626507019093375,0.28313262486150004
2022-07-13,AAPL,False,0.0,-4.924461493044119e-05,-0.0009844316786188356,160.65429366185967,145.49000549316406,0.5,1.0,0.5,neutral,ema,basic,baseline,not_applicable,mode_not_regime_gated,0.05189351507257656,0.07766848145111727,0.1632414537307576
2022-07-13,MSFT,False,0.0,-1.1221386896926417e-05,-0.0002244038148393468,274.46977025175283,252.72000122070312,0.5,0.696545743258953,0.5,neutral,ema,basic,baseline,not_applicable,mode_not_regime_gated,0.03778880874817925,0.06339026961178851,0.14419120871079283
2022-07-13,NVDA,True,0.07349129364271853,4.5182789012953865e-05,0.0009040437674718849,16.63775608132284,15.163999557495117,0.5,0.3121496989364963,0.5,neutral,ema,basic,baseline,not_applicable,mode_not_regime_gated,0.1742943633720626,0.17317339980627144,0.19341866593009094
2022-07-13,AMZN,False,0.0,-6.728465034425431e-05,-0.001344833181450955,122.74190660756871,110.4000015258789,0.5,0.38081934953134666,0.5,neutral,ema,basic,baseline,not_applicable,mode_not_regime_gated,0.1120470556722577,0.09574274953561934,0.2924818883082916
2022-07-13,GOOGL,False,0.0,4.0991054964736565e-06,8.198530251246616e-05,121.56426203838818,111.35350036621094,0.5,0.5006247295573095,0.5,neutral,ema,basic,baseline,not_applicable,mode_not_regime_gated,0.022868622461738708,0.01532504309941407,0.07495495475743397
2022-07-13,META,False,0.0,1.54135925492852e-05,0.0003083169951374476,180.320291907623,163.49000549316406,0.5,0.3713091167733456,0.5,neutral,ema,basic,baseline,not_applicable,mode_not_regime_gated,0.11988494823034368,0.037249961057376435,0.09083118445027805
2022-07-13,TSLA,False,0.0,-0.00013269977828914479,-0.002650652474245341,269.2520928696262,237.0399932861328,0.5,0.38079652382295437,0.5,neutral,ema,basic,baseline,not_applicable,mode_not_regime_gated,0.044127602978965896,0.1593824464569631,0.2418016675364425
2022-07-13,SPY,False,0.0,2.9137415685904903e-05,0.0005829096498326525,405.2781198676245,378.8299865722656,0.5,0.8581850649806702,0.5,neutral,ema,basic,baseline,not_applicable,mode_not_regime_gated,0.042076928982403894,0.05862794065912591,0.10865033160266391
2022-07-13,QQQ,False,0.0,-8.668353605645099e-05,-0.0017322437966563742,309.86248635599543,285.6499938964844,0.5,0.3808824543584334,0.5,neutral,ema,basic,baseline,not_applicable,mode_not_regime_gated,0.060843708223955906,0.07407668165320347,0.14101172637830972
2022-07-13,AVGO,False,0.0,-9.185942100746483e-05,-0.0018355860543315394,51.13110313540652,48.17300033569336,0.5,0.07944976627402506,0.5,neutral,ema,basic,baseline,not_applicable,mode_not_regime_gated,0.06235853656199586,0.09561370395912716,0.14256948877292142
2022-07-13,AMD,False,0.0,7.214813980020562e-05,0.0014439522415459205,83.61109287463918,77.5199966430664,0.5,0.06873794077205538,0.5,neutral,ema,basic,baseline,not_applicable,mode_not_regime_gated,0.1536378247918131,0.15866877688852377,0.27773487282029063
2022-07-13,NFLX,True,0.05150870635728143,7.191162408383482e-05,0.0014392154492648412,20.109877066485314,17.6560001373291,0.5,0.3807726400111495,0.5,neutral,ema,basic,baseline,not_applicable,mode_not_regime_gated,0.2258721642151973,0.28426591870715123,0.3825894374844776
2022-07-13,COST,True,0.1875,0.00013739007528111333,0.0027513909100294054,542.944607493505,492.2200012207031,0.5,0.3808576025323783,0.5,neutral,ema,basic,baseline,not_applicable,mode_not_regime_gated,0.06497097010893071,0.06113119390367627,0.09670473768938259
2022-07-13,ADBE,False,0.0,-4.008817681486033e-05,-0.0008014582679639615,402.1849710601745,371.94000244140625,0.5,0.3808592212294869,0.5,neutral,ema,basic,baseline,not_applicable,mode_not_regime_gated,0.07944826477120848,0.05603053234687683,0.17868470995008923
2022-07-13,PEP,False,0.0,-0.00019998395569463263,-0.003992089443272007,183.58041367697757,170.10000610351562,0.5,0.3809732077910912,0.5,neutral,ema,basic,baseline,not_applicable,mode_not_regime_gated,-0.010817234160238276,0.008759495478608326,0.03433272268277676
2022-07-13,CSCO,False,0.0,4.15118347457393e-05,0.0008305641906374284,45.87328238242168,42.70000076293945,0.5,0.2512572559310682,0.5,neutral,ema,basic,baseline,not_applicable,mode_not_regime_gated,0.03348946790691665,0.045433222296163533,0.07775174790408301
2022-07-13,INTC,False,0.0,-1.1575306212415928e-05,-0.0002314806683509918,39.87774395707395,37.209999084472656,0.5,0.16588143259731572,0.5,neutral,ema,basic,baseline,not_applicable,mode_not_regime_gated,0.09002962567167283,0.07981728819613099,-0.04944907814726884
2022-07-13,AMAT,False,0.0,-5.9868323395097875e-05,-0.0011966857113945295,95.4062449645369,89.08000183105469,0.5,0.0,0.5,neutral,ema,basic,baseline,not_applicable,mode_not_regime_gated,0.1476201308439422,0.16142789579967065,0.17927706435156066
2022-07-13,QCOM,False,0.0,-1.5775515972013967e-06,-3.155055910220028e-05,149.33671863423146,135.63999938964844,0.5,0.4919996980728566,0.5,neutral,ema,basic,baseline,not_applicable,mode_not_regime_gated,0.11847543052588039,0.13108226820483004,0.08367742667788458
2022-07-13,TXN,False,0.0,-0.0001257185218716097,-0.002511369723520951,165.11769230711636,154.2899932861328,0.5,0.38092180163415007,0.5,neutral,ema,basic,baseline,not_applicable,mode_not_regime_gated,0.07155362645228736,0.11180245479698514,0.1868559406674486
2022-07-13,CCJ,True,0.1875,0.00010142295981174043,0.0020304148432963576,23.203547339217664,21.459999084472656,0.5,0.21135189940267418,0.5,neutral,ema,basic,baseline,not_applicable,mode_not_regime_gated,0.11137005586949678,0.17148184819068502,0.18732528561347128
2022-07-13,YPF,False,0.0,-3.3809158591008735e-05,-0.000675966034620501,3.1994302928821345,3.009999990463257,0.5,0.208508775968498,0.5,neutral,ema,basic,baseline,not_applicable,mode_not_regime_gated,-0.00664451195677096,0.11295678247393726,0.2990033548900166
2022-07-13,VIST,False,0.0,3.331949382164302e-05,0.0006666008544540247,6.958279336257148,6.480000019073486,0.5,0.3808111735038871,0.5,neutral,ema,basic,baseline,not_applicable,mode_not_regime_gated,-0.04320990879385589,0.2685185559928607,0.358024716795154
2022-07-20,AAPL,False,0.0,-8.400395015827431e-05,-0.001678738912610389,169.95670196567045,153.0399932861328,0.5,0.7106094062140885,0.5,neutral,ema,basic,baseline,not_applicable,mode_not_regime_gated,0.02450339887946007,0.08553327346405326,0.1405515597835174
2022-07-20,MSFT,False,0.0,3.588428942004943e-05,0.0007179305007105619,284.1596984801869,262.2699890136719,0.5,0.19601490819178066,0.5,neutral,ema,basic,baseline,not_applicable,mode_not_regime_gated,0.02466923968325574,0.07701991479466708,0.11076379123587987
2022-07-20,NVDA,False,0.0,-9.32756920168884e-05,-0.0018638616977202371,20.014750788410463,17.80699920654297,0.5,0.47811794473459923,0.5,neutral,ema,basic,baseline,not_applicable,mode_not_regime_gated,-0.0009545848134467905,0.06098727977175655,0.029651255206193383
2022-07-20,AMZN,False,0.0,-5.607713184514646e-05,-0.0011209453553904236,138.51185756878294,122.7699966430664,0.5,0.6738869895445943,0.5,neutral,ema,basic,baseline,not_applicable,mode_not_regime_gated,-0.01466152538552612,0.1364340481175741,0.15744896952834542
2022-07-20,GOOGL,False,0.0,-4.045511464178083e-05,-0.0008087914112044903,123.6165922587181,113.9000015258789,0.5,0.180714672209394,0.5,neutral,ema,basic,baseline,not_applicable,mode_not_regime_gated,-0.007374924987110787,0.03669886083562557,0.04960492932561711
2022-07-20,META,False,0.0,-9.981472520890769e-06,-0.00019961052188977035,209.56768329291995,183.08999633789062,0.5,0.44609665237070095,0.5,neutral,ema,basic,baseline,not_applicable,mode_not_regime_gated,-0.07378881848849561,-0.07804901180816448,-0.04500513626734792
2022-07-20,TSLA,False,0.0,8.508567143608855e-05,0.0017030896497784997,277.5073863708299,247.5,0.5,0.4634825110691863,0.5,neutral,ema,basic,baseline,not_applicable,mode_not_regime_gated,0.11038386797664135,0.24200673729482314,0.2282693882181186
2022-07-20,SPY,False,0.0,-0.0003465828160674746,-0.006908880978127918,426.5620270435686,394.7699890136719,0.5,0.5405320968106855,0.5,neutral,ema,basic,baseline,not_applicable,mode_not_regime_gated,0.01588271577308986,0.0498518725866921,0.08075589778864467
2022-07-20,QQQ,False,0.0,-9.082485129407558e-05,-0.0018149305404856486,331.83499248901677,303.0299987792969,0.5,0.3624191183272835,0.5,neutral,ema,basic,baseline,not_applicable,mode_not_regime_gated,0.012474008495937383,0.06553811817029076,0.08401805615826552
2022-07-20,AVGO,False,0.0,4.68154345461274e-06,9.363503341175416e-05,55.43542592910116,51.176998138427734,0.5,0.3481951717552907,0.5,neutral,ema,basic,baseline,not_applicable,mode_not_regime_gated,0.03130314884535279,0.06833151171724139,0.05240641535843382
2022-07-20,AMD,False,0.0,2.4380326462350768e-05,0.0004877194818295738,100.24480097007776,89.43000030517578,0.5,0.25754732708492223,0.5,neutral,ema,basic,baseline,not_applicable,mode_not_regime_gated,0.00436094586064617,0.0968354691173321,0.0988482199231191
2022-07-20,NFLX,True,0.0,0.0002462184254552671,0.0049359040107552765,24.93774280041205,21.643999099731445,0.5,0.7312755190923338,0.5,neutral,ema,basic,baseline,not_applicable,mode_not_regime_gated,0.04763445667219113,0.04754210306609563,0.11416562438396038
2022-07-20,COST,True,0.175222827870552,0.0010290109152227295,0.02078264993620471,583.9970005826162,524.2000122070312,0.5,0.7815480235217186,0.5,neutral,ema,basic,baseline,not_applicable,mode_not_regime_gated,-0.0036055219466325505,0.04351392031174739,0.061274312035883405
2022-07-20,ADBE,False,0.0,-0.00027027531403017247,-0.005391649500480988,444.85503402342965,401.489990234375,0.5,0.6268909116925303,0.5,neutral,ema,basic,baseline,not_applicable,mode_not_regime_gated,-0.021694168390084978,0.057411190493419584,0.0904879772186491
2022-07-20,PEP,False,0.0,-0.00022417946731260107,-0.0044740534554107425,180.81083288065335,168.25999450683594,0.5,0.3083872077825786,0.5,neutral,ema,basic,baseline,not_applicable,mode_not_regime_gated,0.019790811480856263,0.05093312494949931,0.07108051292240636
2022-07-20,CSCO,False,0.0,3.0344361760039354e-05,0.0006070622153109273,47.55164734768098,44.130001068115234,0.5,0.33450053991646644,0.5,neutral,ema,basic,baseline,not_applicable,mode_not_regime_gated,0.0115567257917355,0.0358032625904241,0.057330585045574534
2022-07-20,INTC,False,0.0,-9.135411337984091e-05,-0.0018254974773314059,44.39855996202292,40.560001373291016,0.5,0.4871013129861398,0.5,neutral,ema,basic,baseline,not_applicable,mode_not_regime_gated,-0.009368862308901882,-0.09960554188214865,-0.1178501585836188
2022-07-20,AMAT,False,0.0,-0.00011046113663151459,-0.0022069059524975065,113.52597392539303,102.2300033569336,0.5,0.61092195444323,0.5,neutral,ema,basic,baseline,not_applicable,mode_not_regime_gated,0.012031651053013848,0.06632102667183393,0.036877594828042426
2022-07-20,QCOM,True,0.174268088780689,0.0032332403040566888,0.06669010297941158,172.72761810597734,151.7100067138672,0.5,1.0,0.5,neutral,ema,basic,baseline,not_applicable,mode_not_regime_gated,0.011271448021904495,-0.016808403789522308,-0.02096109547057079
2022-07-20,TXN,False,0.0,0.00015633627830650043,0.003131373721053876,180.02057605402032,165.3300018310547,0.5,0.7707186693873099,0.5,neutral,ema,basic,baseline,not_applicable,mode_not_regime_gated,0.03756118905402239,0.10971994912444938,0.06883206167529932
2022-07-20,CCJ,True,0.15050908334875898,0.00019428032318753228,0.003892786350725874,26.692528433868,23.850000381469727,0.5,0.3737069739658188,0.5,neutral,ema,basic,baseline,not_applicable,mode_not_regime_gated,0.05408800786355439,0.03396224121538016,0.02683435553089919
2022-07-20,YPF,False,0.0,4.546386025827235e-05,0.0009096700352064779,3.1766773495376706,2.990000009536743,0.5,0.0,0.5,neutral,ema,basic,baseline,not_applicable,mode_not_regime_gated,0.12040130232360835,0.24414716279100923,0.5518394152796327
2022-07-20,VIST,False,0.0,-3.647248522715316e-05,-0.0007291970138311177,6.654148204547981,6.199999809265137,0.5,0.1785085300337042,0.5,neutral,ema,basic,baseline,not_applicable,mode_not_regime_gated,0.32580653546876404,0.37419366449521174,0.39838715209921416
2022-07-27,AAPL,True,0.171552290616306,0.0010750060812376278,0.021721115594231177,174.43529395521216,156.7899932861328,0.5,0.7334359122338925,0.5,neutral,ema,basic,baseline,not_applicable,mode_not_regime_gated,0.05957020215974307,0.07940565559123836,0.06849930450321629
2022-07-27,MSFT,False,0.0,-7.140816645372634e-05,-0.0014271949100587156,291.98140536124873,268.739990234375,0.5,0.21803395988322039,0.5,neutral,ema,basic,baseline,not_applicable,mode_not_regime_gated,0.05109031586387203,0.07598427539543162,0.026233603359136826
2022-07-27,NVDA,False,0.0,3.011806269225158e-05,0.0006025336335571119,20.141541856601954,17.790000915527344,0.5,0.16833134192873853,0.5,neutral,ema,basic,baseline,not_applicable,mode_not_regime_gated,0.0620010498458039,0.017256840401566054,-0.031928092424170273
2022-07-27,AMZN,False,0.0,-0.00010040578882384748,-0.002006201478657821,135.60445768391767,120.97000122070312,0.5,0.13109966381010635,0.5,neutral,ema,basic,baseline,not_applicable,mode_not_regime_gated,0.15334382792899492,0.17954865670436893,0.10605936762492929
2022-07-27,GOOGL,False,0.0,-5.923810032816571e-05,-0.001184095504500715,122.55242164228942,113.05999755859375,0.5,0.009140999352726099,0.5,neutral,ema,basic,baseline,not_applicable,mode_not_regime_gated,0.04440124164923409,0.058729873810648536,0.005572305823604795
2022-07-27,META,False,0.0,-3.029170216832384e-05,-0.0006056597334763714,188.23570188783344,169.5800018310547,0.5,0.0,0.5,neutral,ema,basic,baseline,not_applicable,mode_not_regime_gated,-0.00459959176126179,0.0516570020771856,-0.03726858860701687
2022-07-27,TSLA,False,0.0,-1.714975445926459e-05,-0.00034293921325911914,317.6121920200795,274.82000732421875,0.5,0.3063900946145003,0.5,neutral,ema,basic,baseline,not_applicable,mode_not_regime_gated,0.11853816784822979,0.07108889851778422,0.08105913605118409
2022-07-27,SPY,False,0.0,0.00010462870257756412,0.0020946553193026407,432.9240636769407,401.0400085449219,0.5,0.3064575164100672,0.5,neutral,ema,basic,baseline,not_applicable,mode_not_regime_gated,0.03343806946036221,0.04725209776004302,0.03149312939783111
2022-07-27,QQQ,False,0.0,-9.842349821666516e-05,-0.0019666304856573724,335.9262462571406,306.80999755859375,0.5,0.5198824069842668,0.5,neutral,ema,basic,baseline,not_applicable,mode_not_regime_gated,0.05241034261529509,0.06231868345012459,0.026726678635904833
2022-07-27,AVGO,False,0.0,5.214713008890121e-06,0.00010429942705481032,57.64033669221316,52.77899932861328,0.5,0.5722800217453384,0.5,neutral,ema,basic,baseline,not_applicable,mode_not_regime_gated,0.03590444081679145,0.042857975072887466,0.00577881939892011
2022-07-27,AMD,False,0.0,2.5836126597223455e-05,0.0005168493776401828,101.55235515413526,89.81999969482422,0.5,0.16756930795921612,0.5,neutral,ema,basic,baseline,not_applicable,mode_not_regime_gated,0.09207299789762691,0.10276111543413258,0.03239817047424309
2022-07-27,NFLX,True,0.0,0.0002715425667266219,0.005444883905760589,26.07690922555098,22.674999237060547,0.5,0.6487528341057066,0.5,neutral,ema,basic,baseline,not_applicable,mode_not_regime_gated,-8.815441827758619e-05,0.07656009347060078,0.012613063509033795
2022-07-27,COST,False,0.0,-0.00022096207690123077,-0.00440997721966041,579.101831699796,522.3099975585938,0.5,0.009154614445799129,0.5,neutral,ema,basic,baseline,not_applicable,mode_not_regime_gated,0.047289947200867655,0.033524171177023554,0.04003364523418984
2022-07-27,ADBE,False,0.0,3.1019932026787036e-05,0.0006205814994426628,432.05125459963926,392.7799987792969,0.5,0.2619069927290839,0.5,neutral,ema,basic,baseline,not_applicable,mode_not_regime_gated,0.08085953934602186,0.11614643123114154,0.03276642180657263
2022-07-27,PEP,False,0.0,-0.00015935842427622569,-0.003182348025492554,184.1691646451503,171.58999633789062,0.5,0.16133834556076435,0.5,neutral,ema,basic,baseline,not_applicable,mode_not_regime_gated,0.030537942799681472,0.025351163799489207,0.04469956485016624
2022-07-27,CSCO,False,0.0,-0.00013305057825414767,-0.0026576507819222606,48.45579404585789,44.63999938964844,0.5,0.24689941133643578,0.5,neutral,ema,basic,baseline,not_applicable,mode_not_regime_gated,0.023969527541533475,0.030914002844615762,0.05443549145162563
2022-07-27,INTC,False,0.0,0.00013300290410339497,0.002663421822540535,43.75728244347231,40.18000030517578,0.5,0.6140467329026168,0.5,neutral,ema,basic,baseline,not_applicable,mode_not_regime_gated,-0.09109009008495816,-0.11971133242304666,-0.15729217637686554
2022-07-27,AMAT,False,0.0,0.00012678643762028969,0.00253878528919782,115.13582340504126,103.45999908447266,0.5,0.2046476012265482,0.5,neutral,ema,basic,baseline,not_applicable,mode_not_regime_gated,0.05364395032737601,0.015368296746136156,-0.019137789919391412
2022-07-27,QCOM,True,0.16134735073653578,0.0007687562245483386,0.015487931482220496,172.60262583042785,153.4199981689453,0.5,0.6313708896033191,0.5,neutral,ema,basic,baseline,not_applicable,mode_not_regime_gated,-0.027766878879406875,-0.041911046490175075,-0.07893365112034545
2022-07-27,TXN,True,0.16710035864715822,0.0010174709650917812,0.020547322273346325,188.46055925742834,171.5399932861328,0.5,1.0,0.5,neutral,ema,basic,baseline,not_applicable,mode_not_regime_gated,0.06954651044360705,0.0675061343376584,0.00378925720364931
2022-07-27,CCJ,False,0.0,0.0001389941433780726,0.0027835566112481835,28.35554802101912,25.139999389648438,0.5,0.33770932168002443,0.5,neutral,ema,basic,baseline,not_applicable,mode_not_regime_gated,-0.019093061013914392,0.013524270518792791,0.07438348785336024
2022-07-27,YPF,False,0.0,-4.567094966985349e-05,-0.0009130227932032664,3.6280136690374256,3.3499999046325684,0.5,0.009139923832589538,0.5,neutral,ema,basic,baseline,not_applicable,mode_not_regime_gated,0.11044780134650267,0.16716423795228175,0.5820896542133405
2022-07-27,VIST,False,0.0,-0.000185908879869558,-0.003711618115360693,9.178337331325356,8.220000267028809,0.5,0.24912472296696436,0.5,neutral,ema,basic,baseline,not_applicable,mode_not_regime_gated,0.0364963723831242,0.07055959913194765,0.1970802716463469
2022-08-03,AAPL,True,0.164848820818276,0.0005336400678515882,0.010727081618575163,185.525555054197,166.1300048828125,0.5,0.5970621624954917,0.5,neutral,ema,basic,baseline,not_applicable,mode_not_regime_gated,0.018720282423065893,0.05068318739221578,-0.05363271775254841
2022-08-03,MSFT,False,0.0,-0.00013009114575273989,-0.0025986099193398005,307.5973913292319,282.4700012207031,0.5,0.5343226329188889,0.5,neutral,ema,basic,baseline,not_applicable,mode_not_regime_gated,0.023683939577637148,0.03133078226101893,-0.07434417782153091
2022-08-03,NVDA,False,0.0,-5.934956184445375e-05,-0.0011863222247548988,21.749537249951032,18.89299964904785,0.5,0.2892638697814893,0.5,neutral,ema,basic,baseline,not_applicable,mode_not_regime_gated,-0.042131982308995286,-0.02953477875088606,-0.2010797574205434
2022-08-03,AMZN,False,0.0,9.768903163782245e-06,0.00019539619631658844,159.26056630126362,139.52000427246094,0.5,0.47476345892878025,0.5,neutral,ema,basic,baseline,not_applicable,mode_not_regime_gated,0.02272074306100791,0.01849198503475069,-0.09138479959114498
2022-08-03,GOOGL,False,0.0,-2.3324579439613016e-05,-0.00046638823641642624,128.4387026971564,118.08000183105469,0.5,0.0,0.5,neutral,ema,basic,baseline,not_applicable,mode_not_regime_gated,0.013719470630643604,0.012449197136754409,-0.08350271390119857
2022-08-03,META,False,0.0,-4.460633158171809e-05,-0.0008917486850807954,184.49211292160132,168.8000030517578,0.5,0.09354718644422544,0.5,neutral,ema,basic,baseline,not_applicable,mode_not_regime_gated,0.05651654688186025,0.035841249658643326,-0.03477494235694234
2022-08-03,TSLA,False,0.0,5.395066445574717e-05,0.0010795664962692797,356.1595973213545,307.39666748046875,0.5,0.42612845218091466,0.5,neutral,ema,basic,baseline,not_applicable,mode_not_regime_gated,-0.04242078696494134,-0.011060607534726818,-0.10340607264691926
2022-08-03,SPY,False,0.0,-0.00014700578081699357,-0.0029360132028178887,449.7847547250744,414.45001220703125,0.5,0.5991954658788642,0.5,neutral,ema,basic,baseline,not_applicable,mode_not_regime_gated,0.013367059631250067,0.02943655767914133,-0.046495401046396934
2022-08-03,QQQ,True,0.15253837927167513,0.00043488488320092355,0.0087337253234685,355.8891129326719,322.8900146484375,0.5,0.6167766998546871,0.5,neutral,ema,basic,baseline,not_applicable,mode_not_regime_gated,0.0094149025656729,0.017343291312476028,-0.07315192345134336
2022-08-03,AVGO,False,0.0,-8.605098942234632e-05,-0.0017196136077480828,60.61851204699127,54.67399978637695,0.5,0.5466688403462924,0.5,neutral,ema,basic,baseline,not_applicable,mode_not_regime_gated,0.006712524806451681,-0.014906511868408412,-0.08711637171034337
2022-08-03,AMD,False,0.0,-0.00040855237308972265,-0.008139411209720615,112.70785735580635,98.08999633789062,0.5,0.34859170924171595,0.5,neutral,ema,basic,baseline,not_applicable,mode_not_regime_gated,0.009786999181448097,0.0018350526240793474,-0.13477412666802102
2022-08-03,NFLX,False,0.0,-0.0002727180621142231,-0.005440253061767764,26.00484419803812,22.67300033569336,0.5,0.3924745677332509,0.5,neutral,ema,basic,baseline,not_applicable,mode_not_regime_gated,0.07665500536628445,0.06359985066267182,-0.013981362445699919
2022-08-03,COST,False,0.0,-0.0006315612655985681,-0.01255572649067871,605.0045743561561,547.010009765625,0.5,0.32166874906486437,0.5,neutral,ema,basic,baseline,not_applicable,mode_not_regime_gated,-0.013144188064285967,0.017019793774126324,-0.04553853446001943
2022-08-03,ADBE,False,0.0,-4.1305340624464146e-05,-0.0008257827278913554,469.9361441467516,424.5400085449219,0.5,0.3226193375327317,0.5,neutral,ema,basic,baseline,not_applicable,mode_not_regime_gated,0.03264706522965066,0.031280912309803455,-0.12036558410279619
2022-08-03,PEP,False,0.0,-2.1529979641800183e-05,-0.000430511531607225,189.0869949203462,176.8300018310547,0.5,0.5318525002651648,0.5,neutral,ema,basic,baseline,not_applicable,mode_not_regime_gated,-0.005033079117981121,0.01917095150452619,-0.025787465426542422
2022-08-03,CSCO,True,0.0,8.95897095193646e-05,0.0017933200104967018,49.95768923016438,45.709999084472656,0.5,0.23064713842266285,0.5,neutral,ema,basic,baseline,not_applicable,mode_not_regime_gated,0.006781915981186826,0.020783215531985366,-0.02165823416316426
2022-08-03,INTC,False,0.0,-0.00024782235078040746,-0.0049447953240832065,39.16366828233139,36.52000045776367,0.5,8.226960216601773e-06,0.5,neutral,ema,basic,baseline,not_applicable,mode_not_regime_gated,-0.031489636129903964,-0.020262915366680456,-0.12595838783709068
2022-08-03,AMAT,False,0.0,-9.193979509810047e-05,-0.0018371907316541147,124.23235839827245,109.01000213623047,0.5,0.5701325475008892,0.5,neutral,ema,basic,baseline,not_applicable,mode_not_regime_gated,-0.03632693337189208,-0.027612164730249744,-0.13705166634833776
2022-08-03,QCOM,False,0.0,6.496067777315714e-06,0.0001299293736478635,167.94681534396628,149.16000366210938,0.5,0.07688440642838802,0.5,neutral,ema,basic,baseline,not_applicable,mode_not_regime_gated,-0.014548123596597518,-0.004223685085444462,-0.11323410414972357
2022-08-03,TXN,True,0.18261279991004886,0.0036864156645046407,0.07636836493454635,205.5285782753965,183.47000122070312,0.5,1.0,0.5,neutral,ema,basic,baseline,not_applicable,mode_not_regime_gated,-0.001907702083102869,-0.03684523062004064,-0.0995257774314302
2022-08-03,CCJ,False,0.0,4.5425863351412686e-05,0.0009089094406284914,28.19416524358785,24.65999984741211,0.5,0.22820168738744934,0.5,neutral,ema,basic,baseline,not_applicable,mode_not_regime_gated,0.03325221816294022,-0.0068937582054278135,0.18207622866588768
2022-08-03,YPF,False,0.0,-0.0003469056620584656,-0.006915295491342732,4.237901196294375,3.7200000286102295,0.5,0.4452947578458142,0.5,neutral,ema,basic,baseline,not_applicable,mode_not_regime_gated,0.05107528380623205,0.24731178247304286,0.4758063787352165
2022-08-03,VIST,False,0.0,-0.0006430588325202522,-0.012782909287386235,9.873475554046701,8.520000457763672,0.5,0.09900015027989584,0.5,neutral,ema,basic,baseline,not_applicable,mode_not_regime_gated,0.032863816658137424,0.017605588083459578,0.15727689283074242
2022-08-10,AAPL,False,0.0,0.00062200636031023,0.012513911736327765,188.53184546773096,169.24000549316406,0.5,0.8216308820855072,0.5,neutral,ema,basic,baseline,not_applicable,mode_not_regime_gated,0.03137554588893132,-0.01010403367031476,-0.08733159004709357
2022-08-10,MSFT,False,0.0,0.0004277553401168157,0.008589961370606414,320.3579412254469,289.1600036621094,0.5,0.8113810815181342,0.5,neutral,ema,basic,baseline,not_applicable,mode_not_regime_gated,0.007469925421059953,-0.04623735975882293,-0.10596214642548252
2022-08-10,NVDA,False,0.0,-0.0006738313516774599,-0.01339070557121358,20.726127119220365,18.097000122070312,0.5,0.35117539850179585,0.5,neutral,ema,basic,baseline,not_applicable,mode_not_regime_gated,0.013151293628610228,-0.048350555014523566,-0.22694371018671933
2022-08-10,AMZN,True,0.13711015449541217,0.0032214416661350566,0.06643923241872929,162.58626459256052,142.69000244140625,0.5,0.9920118692072476,0.5,neutral,ema,basic,baseline,not_applicable,mode_not_regime_gated,-0.0041348120246399445,-0.06230288904297265,-0.09019549300570229
2022-08-10,GOOGL,False,0.0,-0.0005987496628494056,-0.011907122119111824,131.4580379881665,119.69999694824219,0.5,0.3658728015814795,0.5,neutral,ema,basic,baseline,not_applicable,mode_not_regime_gated,-0.001253081873922146,-0.05020881086099471,-0.09456975758920816
2022-08-10,META,False,0.0,-0.00043758915515866017,-0.00871549643695968,199.1938909496147,178.33999633789062,0.5,0.13071489899300723,0.5,neutral,ema,basic,baseline,not_applicable,mode_not_regime_gated,-0.019569307536390856,-0.08455759863582968,-0.0912863020836453
2022-08-10,TSLA,False,0.0,-0.000888106224174195,-0.0176130608168954,340.0080546174998,294.3566589355469,0.5,0.0,0.5,neutral,ema,basic,baseline,not_applicable,mode_not_regime_gated,0.032749436290307576,0.00930850608870748,-0.017314536686047433
2022-08-10,SPY,False,0.0,-0.00020218397098684191,-0.004035921945643395,458.18532368149096,419.989990234375,0.5,0.7496244461920873,0.5,neutral,ema,basic,baseline,not_applicable,mode_not_regime_gated,0.015857529505388435,-0.01504792245908948,-0.04669155410256132
2022-08-10,QQQ,False,0.0,-0.00040090698257523946,-0.007987674966282388,360.5233346673398,325.92999267578125,0.5,0.5956306964144413,0.5,neutral,ema,basic,baseline,not_applicable,mode_not_regime_gated,0.007854439959873005,-0.03350407497176522,-0.07796153846874099
2022-08-10,AVGO,False,0.0,0.0002042400740897123,0.004092736864152791,61.110807441254835,55.04100036621094,0.5,0.7283756248647143,0.5,neutral,ema,basic,baseline,not_applicable,mode_not_regime_gated,-0.02147488597007019,-0.03555532638217196,-0.0699115122754228
2022-08-10,AMD,False,0.0,0.0005985731739661209,0.01203978366041536,113.45598847693898,99.05000305175781,0.5,0.7043258636045917,0.5,neutral,ema,basic,baseline,not_applicable,mode_not_regime_gated,-0.0078748751606178,-0.0638061534588924,-0.1642605125812987
2022-08-10,NFLX,False,0.0,0.00045734349292956536,0.009186720105947899,27.915914631101312,24.410999298095703,0.5,0.6936643220367481,0.5,neutral,ema,basic,baseline,not_applicable,mode_not_regime_gated,-0.012125662016656102,-0.059399405894208335,-0.06828888062049032
2022-08-10,COST,False,0.0,-0.0012263078665303911,-0.024242520871734508,594.9390332414779,539.8200073242188,0.5,0.451434034822725,0.5,neutral,ema,basic,baseline,not_applicable,mode_not_regime_gated,0.03056574372222176,0.006298327836641748,-0.019821444299682578
2022-08-10,ADBE,True,0.12125423078678083,0.0014164791896940589,0.028714061841763616,491.7278750254171,438.3999938964844,0.5,0.9477995616707292,0.5,neutral,ema,basic,baseline,not_applicable,mode_not_regime_gated,-0.0013229620901924477,-0.0747034681933253,-0.12493154602233925
2022-08-10,PEP,False,0.0,-0.0012064904061990275,-0.023855232325877274,188.02348167927843,175.94000244140625,0.5,0.17928802273554664,0.5,neutral,ema,basic,baseline,not_applicable,mode_not_regime_gated,0.024326467658895456,0.01887002398181359,-0.018585905576248618
2022-08-10,CSCO,False,0.0,-0.0008101398954934934,-0.016078699921363904,50.36335982401598,46.02000045776367,0.5,0.46803814254398524,0.5,neutral,ema,basic,baseline,not_applicable,mode_not_regime_gated,0.013906983556765118,0.022816150078577513,-0.014124326801679743
2022-08-10,INTC,False,0.0,-0.00030061644341698544,-0.005995189452190353,37.594628230968155,35.369998931884766,0.5,4.794628973997413e-05,0.5,neutral,ema,basic,baseline,not_applicable,mode_not_regime_gated,0.011591740452174815,-0.04269150034302083,-0.13061914253325024
2022-08-10,AMAT,False,0.0,0.00010655996576723228,0.002133358150357756,119.24340301134954,105.05000305175781,0.5,0.5703822375675415,0.5,neutral,ema,basic,baseline,not_applicable,mode_not_regime_gated,0.009043283394995605,-0.03398381333759015,-0.10718707100544012
2022-08-10,QCOM,False,0.0,-0.0009352197919293112,-0.018539143785760714,162.12932582017217,146.99000549316406,0.5,0.12457884888547727,0.5,neutral,ema,basic,baseline,not_applicable,mode_not_regime_gated,0.010476857123489447,-0.038642137031789314,-0.12340974700141816
2022-08-10,TXN,False,0.0,0.0005883525232533363,0.011833053374331381,204.56125158536682,183.1199951171875,0.5,0.8469621551439828,0.5,neutral,ema,basic,baseline,not_applicable,mode_not_regime_gated,-0.0350043063250316,-0.05968759811721602,-0.08032979383635563
2022-08-10,CCJ,False,0.0,-0.0009284426427363081,-0.018405980542631428,29.011633830579775,25.479999542236328,0.5,1.3132050881007277e-05,0.5,neutral,ema,basic,baseline,not_applicable,mode_not_regime_gated,-0.03885399485494945,0.06004712378857535,0.18485090566873308
2022-08-10,YPF,True,0.10873951648159277,0.0008423707492131065,0.016982920661120726,4.451838364740654,3.9100000858306885,0.5,1.0,0.5,neutral,ema,basic,baseline,not_applicable,mode_not_regime_gated,0.18670070706656183,0.35549874025357364,0.7314577576251413
2022-08-10,VIST,True,0.13289609823621426,0.0007343680092072598,0.014790279395331174,10.159775678587911,8.800000190734863,0.5,0.656522796787107,0.5,neutral,ema,basic,baseline,not_applicable,mode_not_regime_gated,-0.014772739957186531,0.11818181128541316,0.11477275079439453
2022-08-17,AAPL,True,0.11970480471663673,0.0005708818404406247,0.011479771580156894,192.97517932145388,174.5500030517578,0.5,0.6555978482762518,0.5,neutral,ema,basic,baseline,not_applicable,mode_not_regime_gated,-0.040217726437846935,-0.09928388157011936,-0.1270696507979634
2022-08-17,MSFT,False,0.0,-0.0004932509229581583,-0.009818928650033754,319.87139470820193,291.32000732421875,0.5,0.5276839388098322,0.5,neutral,ema,basic,baseline,not_applicable,mode_not_regime_gated,-0.05330907039973087,-0.10246466206591387,-0.15769600880957768
2022-08-17,NVDA,False,0.0,-2.251982302910149e-05,-0.0004503001165396814,20.210823738529836,18.334999084472656,0.5,0.2088699577253305,0.5,neutral,ema,basic,baseline,not_applicable,mode_not_regime_gated,-0.060703518842545656,-0.17676571495149185,-0.2948458932966601
2022-08-17,AMZN,False,0.0,-8.870298983067334e-05,-0.0017725656300818793,160.03592805403972,142.10000610351562,0.5,0.35774922805060394,0.5,neutral,ema,basic,baseline,not_applicable,mode_not_regime_gated,-0.05840958969214616,-0.10788183534124385,-0.11133009602191257
2022-08-17,GOOGL,False,0.0,4.59321962618101e-05,0.0009190448913949378,130.4410568967447,119.55000305175781,0.5,0.21547610945526327,0.5,neutral,ema,basic,baseline,not_applicable,mode_not_regime_gated,-0.049017151491117406,-0.09477207479576133,-0.13918861534820992
2022-08-17,META,False,0.0,-0.0003499453869464126,-0.006975688783942946,189.23714625598973,174.85000610351562,0.5,0.11135171611556025,0.5,neutral,ema,basic,baseline,not_applicable,mode_not_regime_gated,-0.06628545148473208,-0.0681727938898522,-0.1446954656483087
2022-08-17,TSLA,False,0.0,-0.00016928725928503762,-0.0033803056589224445,349.998047503228,303.9966735839844,0.5,0.492552065410448,0.5,neutral,ema,basic,baseline,not_applicable,mode_not_regime_gated,-0.022697596704386758,-0.09337828568239104,-0.0008114351419580279
2022-08-17,SPY,False,0.0,-0.0005867592405651176,-0.01167000011595587,461.8190403852308,426.6499938964844,0.5,0.4551331596976597,0.5,neutral,ema,basic,baseline,not_applicable,mode_not_regime_gated,-0.030423018057980422,-0.07376069769343185,-0.0856205304157579
2022-08-17,QQQ,False,0.0,-8.909624286591771e-05,-0.0017804174165939601,358.08173811080826,328.489990234375,0.5,0.5554296070994168,0.5,neutral,ema,basic,baseline,not_applicable,mode_not_regime_gated,-0.041036198573759064,-0.08895248588809324,-0.11382381577040424
2022-08-17,AVGO,False,0.0,-0.0006717377207410721,-0.013349364977569,58.38835410043451,53.85900115966797,0.5,0.24978282793093373,0.5,neutral,ema,basic,baseline,not_applicable,mode_not_regime_gated,-0.014389452258525393,-0.07330254510045953,-0.07139013234397729
2022-08-17,AMD,False,0.0,-5.3168603801684104e-05,-0.0010628351362576005,109.68575195068769,98.2699966430664,0.5,0.4995054162006618,0.5,neutral,ema,basic,baseline,not_applicable,mode_not_regime_gated,-0.05637522616648727,-0.1363589534367795,-0.2199042812573634
2022-08-17,NFLX,False,0.0,-1.0303634587836942e-05,-0.00020605252167615884,27.01139537703507,24.114999771118164,0.5,0.3833569110101048,0.5,neutral,ema,basic,baseline,not_applicable,mode_not_regime_gated,-0.047854005372846564,-0.07294210605617801,-0.023927002686423227
2022-08-17,COST,True,0.12700506793374244,0.0001385586486406614,0.0027748237219658023,602.8680808288252,556.3200073242188,0.5,0.3562405984442644,0.5,neutral,ema,basic,baseline,not_applicable,mode_not_regime_gated,-0.023547664021831838,-0.06151141660871118,-0.09494536710673374
2022-08-17,ADBE,False,0.0,-0.0005303189618754856,-0.01055311362307687,481.4090295905131,437.82000732421875,0.5,0.24763777694184075,0.5,neutral,ema,basic,baseline,not_applicable,mode_not_regime_gated,-0.07347771433367023,-0.14704674022614317,-0.29393358066916175
2022-08-17,PEP,False,0.0,-0.00014734065317524583,-0.0029426919467573365,193.47176908660816,180.22000122070312,0.5,0.41243458948932954,0.5,neutral,ema,basic,baseline,not_applicable,mode_not_regime_gated,-0.005326859989816191,-0.04411273384970393,-0.07956939430007781
2022-08-17,CSCO,False,0.0,5.01601518062817e-06,0.00010032508423241104,50.07611498038721,46.65999984741211,0.5,0.42018237037425354,0.5,neutral,ema,basic,baseline,not_applicable,mode_not_regime_gated,0.008786966325608603,-0.04157733889955384,-0.07222458085952344
2022-08-17,INTC,False,0.0,-0.0002505363827151534,-0.0049988195516045275,37.526742615726256,35.779998779296875,0.5,0.0,0.5,neutral,ema,basic,baseline,not_applicable,mode_not_regime_gated,-0.05366121393095935,-0.10788146547496291,-0.19396307611739294
2022-08-17,AMAT,False,0.0,-0.00044685757385150667,-0.008899313484149407,116.36935009158815,106.0,0.5,0.31110578984790943,0.5,neutral,ema,basic,baseline,not_applicable,mode_not_regime_gated,-0.04264147776477745,-0.11254717269033754,-0.16113209274579898
2022-08-17,QCOM,False,0.0,-0.0006118513268956561,-0.012166158192909227,159.55389557153507,148.52999877929688,0.5,0.26678370802494794,0.5,neutral,ema,basic,baseline,not_applicable,mode_not_regime_gated,-0.04860971709446682,-0.10947279768713203,-0.158553797993068
2022-08-17,TXN,False,0.0,-0.0006123658838922884,-0.01217633030329901,192.09962027595466,176.7100067138672,0.5,0.29955180148019467,0.5,neutral,ema,basic,baseline,not_applicable,mode_not_regime_gated,-0.0255786548623691,-0.0650783745292991,-0.07945225517225951
2022-08-17,CCJ,True,0.0950784263488978,4.8762363352226235e-05,0.0009756991751859179,26.894719878531696,24.489999771118164,0.5,0.3146747074387601,0.5,neutral,ema,basic,baseline,not_applicable,mode_not_regime_gated,0.10289916216069495,0.19028174319984248,0.18007349483983925
2022-08-17,YPF,True,0.15821170100072304,0.00798583500247875,0.17243448034088282,5.293211413435448,4.639999866485596,0.5,1.0,0.5,neutral,ema,basic,baseline,not_applicable,mode_not_regime_gated,0.14224145328460147,0.1831896398903068,0.43750005780623047
2022-08-17,VIST,False,0.0,-0.00026034573783054464,-0.005194056669439284,9.999352167005574,8.670000076293945,0.5,0.5423627700286474,0.5,neutral,ema,basic,baseline,not_applicable,mode_not_regime_gated,0.1349481044980647,0.1372548523542776,0.14763549269982668
2022-08-24,AAPL,False,0.0,-0.0006670307480988606,-0.013256415632781904,181.91367181746466,167.52999877929688,0.5,0.0493365062354428,0.5,neutral,ema,basic,baseline,not_applicable,mode_not_regime_gated,-0.0615412023740064,-0.0780158309596124,-0.08828265620426035
2022-08-24,MSFT,False,0.0,-0.00014643863982337726,-0.002924701961853682,296.8857101879786,275.7900085449219,0.5,2.9916759359040748e-05,0.5,neutral,ema,basic,baseline,not_applicable,mode_not_regime_gated,-0.05192358997982427,-0.06262017838270229,-0.12621926733691957
2022-08-24,NVDA,False,0.0,-4.5357938403272385e-05,-0.0009067679793376415,18.689570138443898,17.222000122070312,0.5,0.0,0.5,neutral,ema,basic,baseline,not_applicable,mode_not_regime_gated,-0.12356289886865945,-0.18766695668584277,-0.2706422145356312
2022-08-24,AMZN,False,0.0,-0.0004124583311320353,-0.008216923318099423,148.88883848954725,133.8000030517578,0.5,0.22613157499165806,0.5,neutral,ema,basic,baseline,not_applicable,mode_not_regime_gated,-0.052541152827716986,-0.029745856776994817,-0.12324368547873077
2022-08-24,GOOGL,False,0.0,-0.00042138696650321003,-0.0083940867519805,122.586757833919,113.69000244140625,0.5,1.7310734648540788e-05,0.5,neutral,ema,basic,baseline,not_applicable,mode_not_regime_gated,-0.04811330023079441,-0.04670599941912179,-0.11918376955564969
2022-08-24,META,False,0.0,-0.00025340509699790564,-0.005055919783088836,176.65566259482432,163.25999450683594,0.5,1.3268798622392554e-06,0.5,neutral,ema,basic,baseline,not_applicable,mode_not_regime_gated,-0.0020213269763454944,-0.007350220437450372,-0.12519899467325624
2022-08-24,TSLA,False,0.0,-0.0007708207267371119,-0.015304043669485345,331.7463275907919,297.0966796875,0.5,0.17594626065278327,0.5,neutral,ema,basic,baseline,not_applicable,mode_not_regime_gated,-0.07232222978236647,-0.026377507584796844,-0.028632710936241645
2022-08-24,SPY,False,0.0,-6.052703738838926e-05,-0.0012098449312595294,442.4257731217371,413.6700134277344,0.5,5.571444043682578e-05,0.5,neutral,ema,basic,baseline,not_applicable,mode_not_regime_gated,-0.04469751287685064,-0.03212707741322318,-0.09536589776025162
2022-08-24,QQQ,False,0.0,-0.0004088404799362438,-0.008145128766523069,338.5912877088869,315.010009765625,0.5,3.390276905733045e-05,0.5,neutral,ema,basic,baseline,not_applicable,mode_not_regime_gated,-0.049966732052940444,-0.045998604180019664,-0.1109171180541293
2022-08-24,AVGO,False,0.0,-1.7515471290541563e-05,-0.00035025114150755154,56.824623375311866,53.08399963378906,0.5,2.442546915011899e-05,0.5,neutral,ema,basic,baseline,not_applicable,mode_not_regime_gated,-0.0597731963978404,-0.035622764926860784,-0.1002749996909954
2022-08-24,AMD,False,0.0,-0.0004635958819435112,-0.009231195984147567,101.81398687702422,92.7300033569336,0.5,0.10804188968007739,0.5,neutral,ema,basic,baseline,not_applicable,mode_not_regime_gated,-0.08476221638963044,-0.1073008111445597,-0.2505122669684088
2022-08-24,NFLX,False,0.0,7.279654874389687e-05,0.0014569382889231264,25.149651491361368,22.961000442504883,0.5,0.07788930743250752,0.5,neutral,ema,basic,baseline,not_applicable,mode_not_regime_gated,-0.026349006165966804,-0.009450849576310483,0.032402746694952134
2022-08-24,COST,False,0.0,-0.00015792818498436902,-0.003153829337856129,584.6110773499777,543.219970703125,0.5,0.25570119578033423,0.5,neutral,ema,basic,baseline,not_applicable,mode_not_regime_gated,-0.03887926853987067,-0.025956290906770207,-0.10318095854031561
2022-08-24,ADBE,False,0.0,-0.00035362567128832575,-0.007048804050425628,439.96113236117594,405.6499938964844,0.5,1.7358426599815977e-05,0.5,neutral,ema,basic,baseline,not_applicable,mode_not_regime_gated,-0.07940340672924462,-0.054283222839862866,-0.2923456135146719
2022-08-24,PEP,False,0.0,-0.0007358710701777212,-0.014614988067931267,191.14301891166247,179.25999450683594,0.5,0.19793512970137866,0.5,neutral,ema,basic,baseline,not_applicable,mode_not_regime_gated,-0.03899358723961377,-0.036762225481599686,-0.059466633548924897
2022-08-24,CSCO,False,0.0,-0.000561011027421844,-0.011160622017055699,50.62512431937655,47.06999969482422,0.5,0.10136266445989897,0.5,neutral,ema,basic,baseline,not_applicable,mode_not_regime_gated,-0.0499256105663306,-0.03611643879246473,-0.12577009150897167
2022-08-24,INTC,False,0.0,-0.0002220402491892322,-0.00443145009586754,35.511864608580204,33.86000061035156,0.5,2.117639875625496e-05,0.5,neutral,ema,basic,baseline,not_applicable,mode_not_regime_gated,-0.05729475779939963,-0.09184880550181629,-0.17099825195387752
2022-08-24,AMAT,False,0.0,-0.00027284123628670067,-0.005442703808737903,109.79774209432567,101.4800033569336,0.5,0.05340337899852292,0.5,neutral,ema,basic,baseline,not_applicable,mode_not_regime_gated,-0.07301934782211539,-0.07577850006920439,-0.1620023836970339
2022-08-24,QCOM,False,0.0,-0.00038983667111737745,-0.007767926049594864,149.73155625009852,141.30999755859375,0.5,1.3376238939037222e-05,0.5,neutral,ema,basic,baseline,not_applicable,mode_not_regime_gated,-0.0639727792959901,-0.08817487559513704,-0.12476114611853806
2022-08-24,TXN,False,0.0,-0.0005347408805434695,-0.01064066144671949,184.35566417834536,172.19000244140625,0.5,3.0646147001436656e-05,0.5,neutral,ema,basic,baseline,not_applicable,mode_not_regime_gated,-0.04053659114102315,-0.0219524869371156,-0.05557818217393473
2022-08-24,CCJ,False,0.0,-0.0004674374361069531,-0.009307350350206578,30.23323158405493,27.010000228881836,0.5,0.1525997784990783,0.5,neutral,ema,basic,baseline,not_applicable,mode_not_regime_gated,0.07922989157771765,0.11773418282963966,0.0
2022-08-24,YPF,True,0.10323003745376694,0.012591806928355178,0.28436417179665785,6.063767323264227,5.300000190734863,0.5,1.0,0.5,neutral,ema,basic,baseline,not_applicable,mode_not_regime_gated,0.035848976140688826,0.2773584409980616,0.3056603447658486
2022-08-24,VIST,True,0.09676996254623306,0.002445451262588216,0.05006211572214547,11.350177729836078,9.84000015258789,0.5,0.606580343584828,0.5,neutral,ema,basic,baseline,not_applicable,mode_not_regime_gated,0.002032469896262823,-0.0030487533034541103,-0.05487804405277463
2022-08-31,AAPL,False,0.0,-7.325171749788621e-05,-0.0014640152932179351,165.9689752664655,157.22000122070312,0.5,4.758172165547287e-05,0.5,risk_off,ema,basic,baseline,not_applicable,mode_not_regime_gated,-0.017554983369841737,-0.030848531140177604,-0.09375400953261825
2022-08-31,MSFT,False,0.0,-3.399660419602205e-05,-0.0006797125325783693,275.1328416415354,261.4700012207031,0.5,3.9468376097604844e-05,0.5,risk_off,ema,basic,baseline,not_applicable,mode_not_regime_gated,-0.01128241172317579,-0.06153668207738017,-0.09167400125749181
2022-08-31,NVDA,False,0.0,-6.5537013206559975e-06,-0.00013106586604338943,16.14596745097825,15.093999862670898,0.5,2.8380027451294367e-06,0.5,risk_off,ema,basic,baseline,not_applicable,mode_not_regime_gated,-0.07314165241799464,-0.14343447605344872,-0.19040675909569893
2022-08-31,AMZN,False,0.0,7.169093629339903e-05,0.0014347956682094765,134.7920180526852,126.7699966430664,0.5,1.6157969443611184e-05,0.5,risk_off,ema,basic,baseline,not_applicable,mode_not_regime_gated,0.024059404921654703,-0.003865251058964403,-0.09442292268107655
2022-08-31,GOOGL,False,0.0,-6.394952712845083e-05,-0.0012782138276409283,114.35491031035708,108.22000122070312,0.5,3.058463583293281e-05,0.5,risk_off,ema,basic,baseline,not_applicable,mode_not_regime_gated,0.0014784331076520552,-0.049066692835870285,-0.09979673747861417
2022-08-31,META,False,0.0,2.598945124376125e-06,5.1980185866939976e-05,176.33936849179216,162.92999267578125,0.5,0.025617901330964945,0.5,risk_off,ema,basic,baseline,not_applicable,mode_not_regime_gated,-0.005339686713904945,-0.08212109633275833,-0.16276922731129506
2022-08-31,TSLA,False,0.0,3.0425260759124204e-05,0.0006086811296257544,294.33283740856126,275.6099853515625,0.5,6.558481200540769e-06,0.5,risk_off,ema,basic,baseline,not_applicable,mode_not_regime_gated,0.04952659605801579,0.1021008531767913,-0.026849513043023743
2022-08-31,SPY,False,0.0,-0.0001304382584582364,-0.0026055350112981213,415.2228229647294,395.17999267578125,0.5,6.834846096482765e-05,0.5,risk_off,ema,basic,baseline,not_applicable,mode_not_regime_gated,0.013158591789583562,-0.012804285774520863,-0.0819626112940216
2022-08-31,QQQ,False,0.0,2.6492809935656337e-05,0.0005299895750181527,314.35250745447973,299.2699890136719,0.5,4.5202149359644246e-05,0.5,risk_off,ema,basic,baseline,not_applicable,mode_not_regime_gated,0.004176830440365098,-0.02729970665312187,-0.09155610285812066
2022-08-31,AVGO,False,0.0,-8.02196585182014e-05,-0.001603171071878684,52.39301065182595,49.9109992980957,0.5,2.6057019486564826e-05,0.5,risk_off,ema,basic,baseline,not_applicable,mode_not_regime_gated,0.025685750904415272,0.0020636862078029505,-0.09813465726384141
2022-08-31,AMD,False,0.0,-7.984226011685016e-05,-0.0015956345729385424,90.42391260622861,84.87000274658203,0.5,7.825557444858388e-06,0.5,risk_off,ema,basic,baseline,not_applicable,mode_not_regime_gated,-0.024625944381383102,-0.09673617083514585,-0.24425595246924214
2022-08-31,NFLX,False,0.0,9.079874291964793e-05,0.0018175421503336953,24.318341467140442,22.356000900268555,0.5,0.0,0.5,risk_off,ema,basic,baseline,not_applicable,mode_not_regime_gated,0.01735545559617302,0.052871674670972535,0.07224010136351189
2022-08-31,COST,False,0.0,0.00017862983533367503,0.003578665846850404,549.1733105380031,522.0999755859375,0.5,4.764803806062595e-05,0.5,risk_off,ema,basic,baseline,not_applicable,mode_not_regime_gated,0.013445738095221316,-0.03562531403121272,-0.08258947829142704
2022-08-31,ADBE,False,0.0,5.455060774666843e-05,0.0010915777361066858,392.3842888762111,373.44000244140625,0.5,3.2522725549301545e-05,0.5,risk_off,ema,basic,baseline,not_applicable,mode_not_regime_gated,0.027286852974474973,-0.17220971812917707,-0.2549003904752861
2022-08-31,PEP,False,0.0,-7.723495045634522e-05,-0.0015435661390413857,180.63621554862985,172.27000427246094,0.5,0.0001285554889766946,0.5,risk_off,ema,basic,baseline,not_applicable,mode_not_regime_gated,0.0023219010075123947,-0.037092931045279776,-0.032855421847889144
2022-08-31,CSCO,False,0.0,-0.00010479115394555863,-0.002093737964831255,47.272960207965674,44.720001220703125,0.5,5.2893861237434996e-05,0.5,risk_off,ema,basic,baseline,not_applicable,mode_not_regime_gated,0.014534832143088705,-0.03197675013733592,-0.09279967380585985
2022-08-31,INTC,False,0.0,2.801300258713014e-05,0.0005604091751856277,33.5107289231161,31.920000076293945,0.5,3.5284036222639644e-05,0.5,risk_off,ema,basic,baseline,not_applicable,mode_not_regime_gated,-0.036654137640897755,-0.09649122544938471,-0.17355892551020824
2022-08-31,AMAT,False,0.0,-1.0579533158374349e-05,-0.00021156939847899459,100.0124073715339,94.06999969482422,0.5,1.242965550941575e-05,0.5,risk_off,ema,basic,baseline,not_applicable,mode_not_regime_gated,-0.0029764938897122173,-0.05474648179638786,-0.10258319928972903
2022-08-31,QCOM,False,0.0,-8.602287027331207e-05,-0.0017190521433825268,139.49318769344757,132.27000427246094,0.5,2.260617159472462e-05,0.5,risk_off,ema,basic,baseline,not_applicable,mode_not_regime_gated,-0.025856188542192182,-0.05511454358548884,-0.13177596863659657
2022-08-31,TXN,False,0.0,-1.375446502939052e-06,-2.7508570609180438e-05,172.755447685267,165.2100067138672,0.5,4.863682495688634e-05,0.5,risk_off,ema,basic,baseline,not_applicable,mode_not_regime_gated,0.019369268314263666,-0.015374423108165614,-0.0409176774463359
2022-08-31,CCJ,False,0.0,-0.00025895960177391316,-0.005166470396460898,33.46437532804619,29.149999618530273,0.5,0.28606732710864974,0.5,risk_off,ema,basic,baseline,not_applicable,mode_not_regime_gated,0.035677561891501064,-0.008576329443279906,-0.07581472087113816
2022-08-31,YPF,True,0.10240846328301448,0.0063289954270264355,0.1344875246439423,6.296886507977434,5.489999771118164,0.5,1.0,0.5,risk_off,ema,basic,baseline,not_applicable,mode_not_regime_gated,0.23315123190754683,0.2149363122715482,0.13296904362617212
2022-08-31,VIST,True,0.09759153671698553,0.0002456035328939713,0.004923548572826508,11.292505856431616,9.859999656677246,0.5,0.32389879500066443,0.5,risk_off,ema,basic,baseline,not_applicable,mode_not_regime_gated,-0.005070916714148832,0.009127804839926368,-0.051724066223688525
2022-09-08,AAPL,False,0.0,-0.00030354683516420334,-0.006053461817448036,161.27443758573477,154.4600067138672,0.5,0.16725639892491628,0.5,neutral,ema,basic,baseline,not_applicable,mode_not_regime_gated,-0.013531085755754124,-0.011135576498383704,-0.058461826010494655
2022-09-08,MSFT,False,0.0,-8.910617132854232e-05,-0.0017806156499530212,269.7417964674104,258.5199890136719,0.5,0.03458103808260246,0.5,neutral,ema,basic,baseline,not_applicable,mode_not_regime_gated,-0.05082772972794947,-0.06784772563643116,-0.04537365088205503
2022-09-08,NVDA,False,0.0,-2.8785818059297145e-05,-0.0005755589499439884,14.948836906941962,13.989999771118164,0.5,0.1672178766584012,0.5,neutral,ema,basic,baseline,not_applicable,mode_not_regime_gated,-0.07583987760247768,-0.10214438343079812,-0.061472456808232656
2022-09-08,AMZN,False,0.0,-4.006619694388569e-05,-0.0008010190051612742,137.60808072776496,129.82000732421875,0.5,0.3406071760425965,0.5,neutral,ema,basic,baseline,not_applicable,mode_not_regime_gated,-0.027268589933760246,-0.09636426636752449,-0.07333233504359016
2022-09-08,GOOGL,False,0.0,-0.00027293006635837935,-0.0054444712213889135,114.11542979522754,108.37999725341797,0.5,0.046751930788473485,0.5,neutral,ema,basic,baseline,not_applicable,mode_not_regime_gated,-0.05047050867254088,-0.07602876981536066,-0.06421848367645311
2022-09-08,META,False,0.0,-0.00023613874636429878,-0.004712195236696859,172.5688625819719,162.05999755859375,0.5,0.08014035888735954,0.5,neutral,ema,basic,baseline,not_applicable,mode_not_regime_gated,-0.07719359925519487,-0.11872140271641474,-0.14186098099910704
2022-09-08,TSLA,False,0.0,-0.000528425616928588,-0.01051562578303189,314.35215991078707,289.260009765625,0.5,0.1672222985752669,0.5,neutral,ema,basic,baseline,not_applicable,mode_not_regime_gated,0.0500933061784643,-0.0023163016148594062,-0.176761402048769
2022-09-08,SPY,False,0.0,-1.443004473200349e-05,-0.0002885613350890326,419.7213800064884,400.3800048828125,0.5,0.2839464261306271,0.5,neutral,ema,basic,baseline,not_applicable,mode_not_regime_gated,-0.02562567970552876,-0.0653379373172398,-0.06788548964560948
2022-09-08,QQQ,True,0.0,7.548526510635607e-05,0.0015107884174152542,314.5273225392702,300.5199890136719,0.5,0.2400786368231193,0.5,neutral,ema,basic,baseline,not_applicable,mode_not_regime_gated,-0.031345611787998884,-0.06804865711785568,-0.06908019435306989
2022-09-08,AVGO,False,0.0,-8.780208262719e-05,-0.0017545776748176811,53.880955829596495,51.19300079345703,0.5,0.2378999629266153,0.5,neutral,ema,basic,baseline,not_applicable,mode_not_regime_gated,-0.02303050878476487,-0.06704039914342375,-0.06334850429264283
2022-09-08,AMD,False,0.0,-0.00024410407874944366,-0.004870776647293962,87.99728669800369,82.77999877929688,0.5,0.13025351358970266,0.5,neutral,ema,basic,baseline,not_applicable,mode_not_regime_gated,-0.07393084328865807,-0.1604252111032669,-0.18035758063951246
2022-09-08,NFLX,False,0.0,3.3176474496564487e-06,6.635504032370676e-05,24.366781874490535,22.743999481201172,0.5,0.3254549194722601,0.5,neutral,ema,basic,baseline,not_applicable,mode_not_regime_gated,0.034910334317701075,0.04225292228392763,0.055311350519262836
2022-09-08,COST,True,0.06422728122573672,3.813231965740636e-05,0.0007629227303911357,559.8115533846158,529.1199951171875,0.5,0.29730949089557723,0.5,neutral,ema,basic,baseline,not_applicable,mode_not_regime_gated,-0.04842000936198465,-0.07928254852694083,-0.08812746695101759
2022-09-08,ADBE,False,0.0,-0.00024053243512202037,-0.0047996719387676245,401.37614707271484,383.6300048828125,0.5,0.0,0.5,neutral,ema,basic,baseline,not_applicable,mode_not_regime_gated,-0.19419753161058795,-0.25172694026818365,-0.22214112591827972
2022-09-08,PEP,False,0.0,-0.0004693825991587596,-0.009345908836111971,181.358202039102,172.6699981689453,0.5,0.23403399871897423,0.5,neutral,ema,basic,baseline,not_applicable,mode_not_regime_gated,-0.03932352671649009,-0.023570927831061295,-0.05716103099468628
2022-09-08,CSCO,False,0.0,-0.00035093036259703476,-0.00699525754416952,48.03741717878509,45.369998931884766,0.5,0.1513668427116977,0.5,neutral,ema,basic,baseline,not_applicable,mode_not_regime_gated,-0.04584522956414838,-0.09301294920331515,-0.08485780394002662
2022-09-08,INTC,False,0.0,-0.00015979461461851078,-0.003191045420109395,32.22262790981976,30.75,0.5,0.16724614738146806,0.5,neutral,ema,basic,baseline,not_applicable,mode_not_regime_gated,-0.06211381617600353,-0.08715448146913107,-0.11609755105119413
2022-09-08,AMAT,False,0.0,-8.368050255494826e-05,-0.0016722802578262863,99.4669486339128,93.79000091552734,0.5,0.08090334310376368,0.5,neutral,ema,basic,baseline,not_applicable,mode_not_regime_gated,-0.051924540985645584,-0.09329352718399853,-0.06045418609231101
2022-09-08,QCOM,True,0.06077271876908296,2.2766619502349496e-05,0.00045543088410271437,135.7782729322441,128.85000610351562,0.5,0.1672356275215656,0.5,neutral,ema,basic,baseline,not_applicable,mode_not_regime_gated,-0.030034944224006876,-0.04012421849779624,-0.027706691153360663
2022-09-08,TXN,False,0.0,-0.0003716449447076375,-0.007406714526506986,176.70420615215917,168.41000366210938,0.5,0.19633164104645065,0.5,neutral,ema,basic,baseline,not_applicable,mode_not_regime_gated,-0.03408351860546577,-0.03438043120371104,-0.011103915060345693
2022-09-08,CCJ,False,0.0,-0.00018617609000144656,-0.003716943458869859,34.52096783254417,30.190000534057617,0.5,0.4686390669364764,0.5,neutral,ema,basic,baseline,not_applicable,mode_not_regime_gated,-0.04272941015923737,-0.10533289993116735,-0.11162639217020454
2022-09-08,YPF,True,0.07500000000518035,0.012694674073455758,0.2869762106954026,7.770949851530334,6.769999980926514,0.5,1.0,0.5,neutral,ema,basic,baseline,not_applicable,mode_not_regime_gated,-0.014771034699306296,0.022156587265883987,0.0649926231107969
2022-09-08,VIST,False,0.0,-0.0002727137918601303,-0.005440168098135412,11.10902377299661,9.8100004196167,0.5,0.3520377066885609,0.5,neutral,ema,basic,baseline,not_applicable,mode_not_regime_gated,0.014271089058109032,-0.05198778869183396,0.21304781952244145
2022-09-15,AAPL,False,0.0,-6.484556898611141e-05,-0.0012961127503977599,158.9020477292167,152.3699951171875,0.5,0.09314605757953985,0.5,risk_off,ema,basic,baseline,not_applicable,mode_not_regime_gated,0.002428367709088608,-0.06490778832172339,-0.06156060854900802
2022-09-15,MSFT,False,0.0,-2.7640123786751194e-05,-0.0005526573442807825,256.35682554061844,245.3800048828125,0.5,0.09802500800485797,0.5,risk_off,ema,basic,baseline,not_applicable,mode_not_regime_gated,-0.017931408703715568,-0.03211347593939362,-0.045398969630669916
2022-09-15,NVDA,False,0.0,-5.699044600300896e-06,-0.00011397472118723773,13.824579126883748,12.928999900817871,0.5,0.06314343959222404,0.5,risk_off,ema,basic,baseline,not_applicable,mode_not_regime_gated,-0.028463147446872394,-0.05483793326846664,-0.07494778173906558
2022-09-15,AMZN,False,0.0,7.338212232108045e-05,0.0014686660348592895,133.64860560931712,126.27999877929688,0.5,0.0844012410848473,0.5,risk_off,ema,basic,baseline,not_applicable,mode_not_regime_gated,-0.07103263626396017,-0.09090905795464077,-0.10888501847415488
2022-09-15,GOOGL,False,0.0,-5.728429249150721e-05,-0.0011450625809413806,108.24511372123236,102.91000366210938,0.5,0.09802148326997162,0.5,risk_off,ema,basic,baseline,not_applicable,mode_not_regime_gated,-0.026916763909132335,-0.05334763674860732,-0.03741138826655355
2022-09-15,META,False,0.0,2.128786505659467e-06,4.2576591154919186e-05,159.23147489940172,149.5500030517578,0.5,0.09800452547451148,0.5,risk_off,ema,basic,baseline,not_applicable,mode_not_regime_gated,-0.045001642194616887,-0.08786358489809465,-0.12878642174924793
2022-09-15,TSLA,False,0.0,4.246385761105782e-05,0.0008496198435758995,329.5582874082513,303.75,0.5,0.12436179074582737,0.5,risk_off,ema,basic,baseline,not_applicable,mode_not_regime_gated,-0.0499094770769033,-0.11700414335776754,-0.2700576091499486
2022-09-15,SPY,False,0.0,-0.00013023442443865126,-0.002601468414523911,405.3511243042251,390.1199951171875,0.5,0.08144791947535608,0.5,risk_off,ema,basic,baseline,not_applicable,mode_not_regime_gated,-0.040756675114045904,-0.07005533403653408,-0.061904014658951234
2022-09-15,QQQ,False,0.0,2.5116354062029364e-05,0.0005024469572423307,303.30395974586446,291.1000061035156,0.5,0.09803151625749217,0.5,risk_off,ema,basic,baseline,not_applicable,mode_not_regime_gated,-0.03789075420140864,-0.06605980962944369,-0.07653726661679994
2022-09-15,AVGO,False,0.0,-8.851631013419902e-05,-0.0017688383169585098,52.624030239274695,50.013999938964844,0.5,0.0980328224221587,0.5,risk_off,ema,basic,baseline,not_applicable,mode_not_regime_gated,-0.045047353836930704,-0.09999199137814652,-0.12430517578162248
2022-09-15,AMD,False,0.0,-6.778084606187093e-05,-0.0013547443699449824,81.52872318190278,76.66000366210938,0.5,0.09800527573174662,0.5,risk_off,ema,basic,baseline,not_applicable,mode_not_regime_gated,-0.09339946934607757,-0.16331859736981957,-0.23115058947171474
2022-09-15,NFLX,False,0.0,0.00010397904257924261,0.002081636345566462,25.495552056238665,23.538000106811523,0.5,0.09799690760792705,0.5,risk_off,ema,basic,baseline,not_applicable,mode_not_regime_gated,0.007094902546380899,0.01839580944049235,-0.012193077356851378
2022-09-15,COST,False,0.0,0.0001516904743480986,0.0030381853685845783,523.9588892977979,503.5,0.5,0.09803192651713391,0.5,risk_off,ema,basic,baseline,not_applicable,mode_not_regime_gated,-0.03243294254670437,-0.048699084436289675,-0.07052633518495532
2022-09-15,ADBE,False,0.0,4.034516331874297e-05,0.0008072126103690902,328.31190899888617,309.1300048828125,0.5,0.09798319820154147,0.5,risk_off,ema,basic,baseline,not_applicable,mode_not_regime_gated,-0.07139393451174447,-0.09989326301249446,-0.0465500417984096
2022-09-15,PEP,False,0.0,-6.492934366612177e-05,-0.0012977861795512302,171.8310952309251,165.8800048828125,0.5,0.09807705755346424,0.5,risk_off,ema,basic,baseline,not_applicable,mode_not_regime_gated,0.01639740258402278,0.0044007457562758034,0.05262837877118742
2022-09-15,CSCO,False,0.0,-9.086976723774462e-05,-0.001815827310038265,45.28055487063416,43.290000915527344,0.5,0.09803604731601433,0.5,risk_off,ema,basic,baseline,not_applicable,mode_not_regime_gated,-0.04943403428944859,-0.06283208970151599,-0.061908067648354215
2022-09-15,INTC,False,0.0,2.558546261312237e-05,0.0005118336483804775,30.27589381542432,28.84000015258789,0.5,0.09803141376507826,0.5,risk_off,ema,basic,baseline,not_applicable,mode_not_regime_gated,-0.02669904485747987,-0.0852982308878576,-0.08391123659813127
2022-09-15,AMAT,False,0.0,-9.837851666888977e-06,-0.00019673864559077714,94.10638222719211,88.91999816894531,0.5,0.09801536007025037,0.5,risk_off,ema,basic,baseline,not_applicable,mode_not_regime_gated,-0.04363469785554974,-0.050607288491505975,-0.10683760903762374
2022-09-15,QCOM,False,0.0,-7.522724434472868e-05,-0.0015034701357862224,131.58374484453856,124.9800033569336,0.5,0.0,0.5,risk_off,ema,basic,baseline,not_applicable,mode_not_regime_gated,-0.010401688404865106,-0.08113303525911952,-0.09697553545400539
2022-09-15,TXN,False,0.0,-1.3544318320179156e-06,-2.7088288091059454e-05,170.86465160779179,162.6699981689453,0.5,0.09804493125152758,0.5,risk_off,ema,basic,baseline,not_applicable,mode_not_regime_gated,-0.00030738951448117113,-0.025942099146766595,-0.0512079788825186
2022-09-15,CCJ,False,0.0,-0.0002739290268526087,-0.005464346891084548,32.955144946192576,28.899999618530273,0.5,0.34713891869208885,0.5,risk_off,ema,basic,baseline,not_applicable,mode_not_regime_gated,-0.06539790361923037,-0.06782003842020579,-0.22560555514966651
2022-09-15,YPF,True,0.10249764709515106,0.0072935011634503045,0.15643343544942923,7.656212437956013,6.670000076293945,0.5,1.0,0.5,risk_off,ema,basic,baseline,not_applicable,mode_not_regime_gated,0.03748125894159027,-0.06746630898875927,0.029984978557340947
2022-09-15,VIST,True,0.09750235290484895,0.0002784641426395124,0.005584040530634882,11.339490809100262,9.949999809265137,0.5,0.30874760175318,0.5,risk_off,ema,basic,baseline,not_applicable,mode_not_regime_gated,-0.06532659607943048,-0.06030145118562802,0.1839195938478324
2022-09-22,AAPL,False,0.0,-6.822984063988066e-05,-0.0013637126656736998,159.68434992048313,152.74000549316406,0.5,0.11313015098401898,0.5,risk_off,ema,basic,baseline,not_applicable,mode_not_regime_gated,-0.06717303520120788,-0.04785918917431209,-0.06121517459244874
2022-09-22,MSFT,False,0.0,-2.671895870610779e-05,-0.0005342435543412849,251.36594387956774,240.97999572753906,0.5,0.1131232841245993,0.5,risk_off,ema,basic,baseline,not_applicable,mode_not_regime_gated,-0.014441014977333078,0.02410987493402872,-0.020043165062197388
2022-09-22,NVDA,False,0.0,-5.744214346850994e-06,-0.00011487801791332242,13.419673015230817,12.560999870300293,0.5,0.11308190303111472,0.5,risk_off,ema,basic,baseline,not_applicable,mode_not_regime_gated,-0.027147488798065944,0.045298961071243316,-0.029217389535001526
2022-09-22,AMZN,False,0.0,5.5974080278033695e-05,0.0011200770940904548,123.97272577459525,117.30999755859375,0.5,0.11309599918679822,0.5,risk_off,ema,basic,baseline,not_applicable,mode_not_regime_gated,-0.02139625401988654,0.025488070542927233,-0.017560289842856958
2022-09-22,GOOGL,False,0.0,-5.462354794811674e-05,-0.0010919042356414277,105.15136795306174,100.13999938964844,0.5,0.11311452845664435,0.5,risk_off,ema,basic,baseline,not_applicable,mode_not_regime_gated,-0.02716198559298466,0.012782092940867296,-0.0016976050527406361
2022-09-22,META,False,0.0,2.0408559137173974e-06,4.081790965382304e-05,151.67934160489614,142.82000732421875,0.5,0.11309189851354366,0.5,risk_off,ema,basic,baseline,not_applicable,mode_not_regime_gated,-0.0448816925737715,-0.026256825428436215,-0.07905060891988458
2022-09-22,TSLA,False,0.0,4.1996184705644574e-05,0.0008402588776745823,310.9013611195102,288.5899963378906,0.5,0.11308858849497849,0.5,risk_off,ema,basic,baseline,not_applicable,mode_not_regime_gated,-0.07061923539078918,-0.1748501060168347,-0.2817491894743065
2022-09-22,SPY,False,0.0,-0.00010391214199699606,-0.0020761925491549205,387.63133947245194,374.2200012207031,0.5,0.11314939482395711,0.5,risk_off,ema,basic,baseline,not_applicable,mode_not_regime_gated,-0.030543510871938184,-0.0027256400255055713,-0.023542294719297696
2022-09-22,QQQ,False,0.0,2.1906660587065487e-05,0.0004382244050658013,291.4585040290904,280.07000732421875,0.5,0.113128066373957,0.5,risk_off,ema,basic,baseline,not_applicable,mode_not_regime_gated,-0.029278437507014532,-0.0011068573945330895,-0.03913315130516115
2022-09-22,AVGO,False,0.0,-7.10170139870128e-05,-0.0014193824388372134,49.905030192705695,47.76100158691406,0.5,0.11313335919880416,0.5,risk_off,ema,basic,baseline,not_applicable,mode_not_regime_gated,-0.057536504832966684,0.003957186192619089,-0.09905577040732383
2022-09-22,AMD,False,0.0,-5.9269496734043294e-05,-0.0011847227260605164,73.84094054130962,69.5,0.5,0.11308808971399426,0.5,risk_off,ema,basic,baseline,not_applicable,mode_not_regime_gated,-0.0771223109403103,-0.023741029149336734,-0.1687769718307386
2022-09-22,NFLX,False,0.0,0.00011724127497522611,0.002347438985724537,25.955213590732065,23.704999923706055,0.5,0.11308127108939765,0.5,risk_off,ema,basic,baseline,not_applicable,mode_not_regime_gated,0.011221292914439074,0.01252903969481789,0.13123813841163612
2022-09-22,COST,False,0.0,0.00012778984827473762,0.002558902092396398,505.7052672999215,487.1700134277344,0.5,0.11312215575969155,0.5,risk_off,ema,basic,baseline,not_applicable,mode_not_regime_gated,-0.01681138455912201,-0.00960655020704304,-0.04628777980788401
2022-09-22,ADBE,False,0.0,3.8333180706074054e-05,0.0007669428705678882,304.56556486175595,287.05999755859375,0.5,0.1130840030007998,0.5,risk_off,ema,basic,baseline,not_applicable,mode_not_regime_gated,-0.03069043974612129,0.0395387939805123,0.053368659703592725
2022-09-22,PEP,False,0.0,-7.577187264853456e-05,-0.0015143470871802345,175.41019227235233,168.60000610351562,0.5,0.0,0.5,risk_off,ema,basic,baseline,not_applicable,mode_not_regime_gated,-0.011803116376770784,-0.03440096584692154,0.016963229577794836
2022-09-22,CSCO,False,0.0,-7.626563223207076e-05,-0.0015242080253103918,42.73872284514764,41.150001525878906,0.5,0.11314228987700198,0.5,risk_off,ema,basic,baseline,not_applicable,mode_not_regime_gated,-0.014094819187064456,0.008991468242159684,0.01360868864710918
2022-09-22,INTC,False,0.0,2.5764033269740887e-05,0.0005154068041202109,29.454141380983902,28.06999969482422,0.5,0.11312440589395514,0.5,risk_off,ema,basic,baseline,not_applicable,mode_not_regime_gated,-0.06020664597189984,-0.03170642676610158,-0.07089418570549888
2022-09-22,AMAT,False,0.0,-9.26067923249359e-06,-0.00018519729112032035,89.93075335934374,85.04000091552734,0.5,0.11310498720384983,0.5,risk_off,ema,basic,baseline,not_applicable,mode_not_regime_gated,-0.00729071895469402,0.03621827137695055,-0.07502348523908653
2022-09-22,QCOM,False,0.0,-7.583565239176471e-05,-0.0015156208460954668,129.99852203849127,123.68000030517578,0.5,0.023270600177205097,0.5,risk_off,ema,basic,baseline,not_applicable,mode_not_regime_gated,-0.07147480550996743,0.01293659823878679,-0.09459894016310544
2022-09-22,TXN,False,0.0,-1.394954594467409e-06,-2.7898722172459145e-05,171.7174571349649,162.6199951171875,0.5,0.11314127108002836,0.5,risk_off,ema,basic,baseline,not_applicable,mode_not_regime_gated,-0.025642591896158362,0.024105265567868628,-0.05472877975473345
2022-09-22,CCJ,False,0.0,-0.00020200993571389857,-0.004032454581263445,29.561932763084247,27.010000228881836,0.5,0.3305436553878108,0.5,risk_off,ema,basic,baseline,not_applicable,mode_not_regime_gated,-0.0025916214080357047,-0.0070344514049448525,-0.14105884611834785
2022-09-22,YPF,True,0.1013608973442856,0.0033348559833225513,0.06885304570774031,7.934542851262425,6.920000076293945,0.5,1.0,0.5,risk_off,ema,basic,baseline,not_applicable,mode_not_regime_gated,-0.10115610959316423,0.04190750847626279,0.018786143498215058
2022-09-22,VIST,True,0.0986391026557144,0.00019856443823289824,0.00397878898608206,10.111513796274965,9.300000190734863,0.5,0.27580346363994884,0.5,risk_off,ema,basic,baseline,not_applicable,mode_not_regime_gated,0.005376364484882101,0.27956982521201046,0.3032257674181176
2022-09-29,AAPL,False,0.0,-4.917171153627638e-05,-0.0009829749733613058,148.94284965822095,142.47999572753906,0.5,0.4762521955249329,0.5,risk_off,ema,basic,baseline,not_applicable,mode_not_regime_gated,0.02070463950520751,0.0035795183949911547,0.01628303897941752
2022-09-29,MSFT,False,0.0,-2.6895654201375007e-05,-0.0005377756647226839,248.20288233596798,237.5,0.5,0.27798755033646927,0.5,risk_off,ema,basic,baseline,not_applicable,mode_not_regime_gated,0.03911576120476967,-0.01372629266036185,-0.045263157894736894
2022-09-29,NVDA,False,0.0,-5.8706743981962635e-06,-0.00011740693987860595,13.051366155589504,12.220000267028809,0.5,0.41968597887885023,0.5,risk_off,ema,basic,baseline,not_applicable,mode_not_regime_gated,0.07446807099238861,-0.021276614009850037,0.07823235298685405
2022-09-29,AMZN,False,0.0,5.4180712938307314e-05,0.0010841721945611393,121.47260032365534,114.80000305175781,0.5,0.47622490273258095,0.5,risk_off,ema,basic,baseline,not_applicable,mode_not_regime_gated,0.04790940639191721,-0.019773555854676217,-0.033449511020952505
2022-09-29,GOOGL,False,0.0,-5.326990356217207e-05,-0.0010648590838308047,102.24503713515718,97.41999816894531,0.5,0.4762466755324807,0.5,risk_off,ema,basic,baseline,not_applicable,mode_not_regime_gated,0.041059331504638585,0.01683431965174509,-0.05337709963024606
2022-09-29,META,False,0.0,1.988794694092658e-06,3.977664539767112e-05,144.9628938256887,136.41000366210938,0.5,0.4762125620797652,0.5,risk_off,ema,basic,baseline,not_applicable,mode_not_regime_gated,0.019500062977039878,-0.0448648208465412,-0.2820174487788607
2022-09-29,TSLA,False,0.0,2.2901384351336117e-05,0.0004581273506680805,289.80921061875887,268.2099914550781,0.5,0.47620629783036383,0.5,risk_off,ema,basic,baseline,not_applicable,mode_not_regime_gated,-0.11215088002157314,-0.17333429669103695,-0.1607695331678558
2022-09-29,SPY,False,0.0,-9.539494079224539e-05,-0.00190617076809374,377.34292341190724,362.7900085449219,0.5,0.4762920238738111,0.5,risk_off,ema,basic,baseline,not_applicable,mode_not_regime_gated,0.028694295368998146,0.008765381076881296,0.04738278904193627
2022-09-29,QQQ,False,0.0,2.0690938000261526e-05,0.0004139001119385366,283.68497605728714,271.8699951171875,0.5,0.4762625063137341,0.5,risk_off,ema,basic,baseline,not_applicable,mode_not_regime_gated,0.029021277780347132,-0.011218552424860584,0.003678228631184499
2022-09-29,AVGO,False,0.0,-6.062242053780317e-05,-0.0012117503998786416,47.079835911316216,45.01300048828125,0.5,0.4762540211802332,0.5,risk_off,ema,basic,baseline,not_applicable,mode_not_regime_gated,0.06524782269119833,-0.027014408950322255,0.011707738242939358
2022-09-29,AMD,False,0.0,-5.591691928533647e-05,-0.0011177445116173912,68.19715724344596,64.13999938964844,0.5,0.4762098482825024,0.5,risk_off,ema,basic,baseline,not_applicable,mode_not_regime_gated,0.057842206419967734,-0.08107266623670539,-0.08637357293803538
2022-09-29,NFLX,True,0.0,0.00010560442381449103,0.002114208755430891,26.568846380370005,23.97100067138672,0.5,0.5967080497974535,0.5,risk_off,ema,basic,baseline,not_applicable,mode_not_regime_gated,0.0012932350115073543,-0.030036343937971832,0.23874679456269998
2022-09-29,COST,True,0.16857236441919662,0.00012038166385937706,0.0024103886985287204,500.3656912844387,478.9800109863281,0.5,0.47625442232450177,0.5,risk_off,ema,basic,baseline,not_applicable,mode_not_regime_gated,0.007328028659941532,-0.022944633387356195,0.03666123252708142
2022-09-29,ADBE,False,0.0,3.9106617323160216e-05,0.0007824229868815813,295.1676216708348,278.25,0.5,0.0,0.5,risk_off,ema,basic,baseline,not_applicable,mode_not_regime_gated,0.07245284334989899,0.059263217374213806,0.14519314967289976
2022-09-29,PEP,False,0.0,-7.292157626917671e-05,-0.0014574216316033395,174.44317621135343,166.61000061035156,0.5,0.47637847698509633,0.5,risk_off,ema,basic,baseline,not_applicable,mode_not_regime_gated,-0.022867760306322427,0.048016325374786284,0.073645064687063
2022-09-29,CSCO,False,0.0,-7.617646573737317e-05,-0.0015224272762628388,42.21975114575102,40.56999969482422,0.5,0.39352972589466834,0.5,risk_off,ema,basic,baseline,not_applicable,mode_not_regime_gated,0.023416336457617648,0.000985972783540623,0.09489767076858668
2022-09-29,INTC,False,0.0,2.4700717900680045e-05,0.0004941302990328911,27.68185094380559,26.3799991607666,0.5,0.4762599054242006,0.5,risk_off,ema,basic,baseline,not_applicable,mode_not_regime_gated,0.030326048895368274,0.001516334981042533,-0.0041697765922041885
2022-09-29,AMAT,False,0.0,-9.707647397796107e-06,-0.00019413504370002777,89.18312198014772,84.41999816894531,0.5,0.4743222646090189,0.5,risk_off,ema,basic,baseline,not_applicable,mode_not_regime_gated,0.0438285318394831,-0.059227672452607294,0.025112565654637597
2022-09-29,QCOM,False,0.0,-6.410611802304434e-05,-0.0012813418377833896,120.69518497870476,114.83999633789062,0.5,0.47623905164284674,0.5,risk_off,ema,basic,baseline,not_applicable,mode_not_regime_gated,0.09090911506727073,-0.017241342656554748,-0.0012190821500596138
2022-09-29,TXN,False,0.0,-1.222332687280592e-06,-2.4446369869424167e-05,167.85662128713267,158.4499969482422,0.5,0.4762847554700853,0.5,risk_off,ema,basic,baseline,not_applicable,mode_not_regime_gated,0.051057093680684895,-0.025938786301738403,-0.01066584079492472
2022-09-29,CCJ,False,0.0,-0.00019508898816930894,-0.0038945568753802062,28.994089108978446,26.940000534057617,0.5,0.7865731033216439,0.5,risk_off,ema,basic,baseline,not_applicable,mode_not_regime_gated,-0.00445437404805149,-0.16926508102797733,-0.1121009798773307
2022-09-29,YPF,True,0.17099857632332388,0.0012671749998857365,0.025650921320255593,7.040986488162116,6.21999979019165,0.5,1.0,0.5,risk_off,ema,basic,baseline,not_applicable,mode_not_regime_gated,0.15916403237126442,0.10450162657439632,0.2652733361774908
2022-09-29,VIST,True,0.16042905925747947,0.0002099788823984745,0.004207965526648039,10.172500041929515,9.350000381469727,0.5,0.4762045833281112,0.5,risk_off,ema,basic,baseline,not_applicable,mode_not_regime_gated,0.27272718000250107,0.2598929681668627,0.40855610042485924
2022-10-06,AAPL,False,0.0,-9.48673517627131e-05,-0.0018956380434382858,153.46878408449484,145.42999267578125,0.5,0.17661989357397231,0.5,risk_off,ema,basic,baseline,not_applicable,mode_not_regime_gated,-0.016777743969614622,-0.014027321659024872,-0.04503876863674994
2022-10-06,MSFT,False,0.0,-5.826261307300226e-05,-0.0011646075257704114,260.93694787416734,246.7899932861328,0.5,0.4031378871229634,0.5,risk_off,ema,basic,baseline,not_applicable,mode_not_regime_gated,-0.050852903822636186,-0.04311357704569585,-0.13185296880496022
2022-10-06,NVDA,False,0.0,-2.3420774384664736e-05,-0.00046831128112967413,14.149066803461615,13.130000114440918,0.5,0.34337708333737194,0.5,risk_off,ema,basic,baseline,not_applicable,mode_not_regime_gated,-0.0891089159250753,-0.07128711821341427,0.022162940594080194
2022-10-06,AMZN,False,0.0,-1.147509826692847e-05,-0.00022947694826391807,127.96512658555139,120.30000305175781,0.5,0.34339857519902217,0.5,risk_off,ema,basic,baseline,not_applicable,mode_not_regime_gated,-0.06458856255488188,-0.041978411667912496,-0.25768910401991074
2022-10-06,GOOGL,False,0.0,6.666728098806449e-05,0.0013341904176529251,107.31237917292815,101.41999816894531,0.5,0.34341792408935845,0.5,risk_off,ema,basic,baseline,not_applicable,mode_not_regime_gated,-0.023269578514685807,-0.014296953011444402,-0.17738116928183945
2022-10-06,META,False,0.0,-4.667650328965899e-05,-0.0009331162294700102,147.70946508227863,139.07000732421875,0.5,0.13696502504589927,0.5,risk_off,ema,basic,baseline,not_applicable,mode_not_regime_gated,-0.06313377130711428,-0.05421735922788573,-0.3606816784381812
2022-10-06,TSLA,False,0.0,2.574742643535062e-06,5.149611245713892e-05,253.13226537546404,238.1300048828125,0.5,0.3433717189193269,0.5,risk_off,ema,basic,baseline,not_applicable,mode_not_regime_gated,-0.06891195282251383,-0.1295511085161124,-0.09583003761096309
2022-10-06,SPY,False,0.0,2.417261274768144e-05,0.00048356329094634276,390.0134188805529,373.20001220703125,0.5,0.34345448403731604,0.5,risk_off,ema,basic,baseline,not_applicable,mode_not_regime_gated,-0.01937301915820222,-0.020873548472984504,-0.005868173552447176
2022-10-06,QQQ,False,0.0,-0.00010679099096162084,-0.002133654386991979,293.67308998498805,279.760009765625,0.5,0.34343625188479043,0.5,risk_off,ema,basic,baseline,not_applicable,mode_not_regime_gated,-0.03910495445925766,-0.03806843023413098,-0.0688805363832875
2022-10-06,AVGO,False,0.0,2.8194027834335725e-05,0.000564031613848881,50.619948687299335,47.95000076293945,0.5,0.34341779018879715,0.5,risk_off,ema,basic,baseline,not_applicable,mode_not_regime_gated,-0.08661104925653185,-0.10260692190531195,-0.07378523374069845
2022-10-06,AMD,False,0.0,-4.9000678942358774e-05,-0.000979557510301765,72.11274272355969,67.8499984741211,0.5,0.15976785333253857,0.5,risk_off,ema,basic,baseline,not_applicable,mode_not_regime_gated,-0.13131908692393712,-0.14856298073760565,-0.11407513688775794
2022-10-06,NFLX,False,0.0,-0.00011207269635276097,-0.0022390690760680787,26.47043874603934,24.00200080871582,0.5,0.504566023295123,0.5,risk_off,ema,basic,baseline,not_applicable,mode_not_regime_gated,-0.03128911477077845,0.11724019170116629,0.12098988545816369
2022-10-06,COST,True,0.11748864403602301,0.00012903784566458887,0.002583923009483291,503.4693138274129,482.489990234375,0.5,0.16788324821335046,0.5,risk_off,ema,basic,baseline,not_applicable,mode_not_regime_gated,-0.03005243692818671,-0.03703702766664019,0.007875849007149327
2022-10-06,ADBE,False,0.0,7.134823658122637e-05,0.0014279323542669697,316.8301438257996,298.4100036621094,0.5,0.3433856023310831,0.5,risk_off,ema,basic,baseline,not_applicable,mode_not_regime_gated,-0.012298560311972406,0.013303847632395005,-0.04182169107326339
2022-10-06,PEP,True,0.12841607439892042,9.796053538150355e-05,0.0019610350703724855,169.6381046564532,162.8000030517578,0.5,0.3434828467087268,0.5,risk_off,ema,basic,baseline,not_applicable,mode_not_regime_gated,0.07254298118679436,0.0531941246914851,0.09201471404626815
2022-10-06,CSCO,False,0.0,-4.45472415981357e-05,-0.0008905678859414401,43.332845210526436,41.52000045776367,0.5,0.28421110746350164,0.5,risk_off,ema,basic,baseline,not_applicable,mode_not_regime_gated,-0.02191714444555004,0.004576074773945615,0.05611748532439487
2022-10-06,INTC,False,0.0,-6.0532673007940016e-05,-0.0012099575140960273,28.559201749037108,27.18000030517578,0.5,0.0,0.5,risk_off,ema,basic,baseline,not_applicable,mode_not_regime_gated,-0.02796174467802015,-0.04047094809120577,0.007726235545062465
2022-10-06,AMAT,False,0.0,4.0212807307020246e-05,0.000804563463557395,94.04207659141211,88.12000274658203,0.5,0.34339365948778106,0.5,risk_off,ema,basic,baseline,not_applicable,mode_not_regime_gated,-0.09872905477155325,-0.10735359497976849,-0.020653650001103863
2022-10-06,QCOM,False,0.0,-1.556734595329841e-05,-0.00031130087833741715,133.89168608356866,125.27999877929688,0.5,0.3433970168192673,0.5,risk_off,ema,basic,baseline,not_applicable,mode_not_regime_gated,-0.0991379173847644,-0.10616216117461497,-0.17081738293739002
2022-10-06,TXN,False,0.0,-0.00014426084102997597,-0.002881266114908132,177.8850177833146,166.5399932861328,0.5,0.5301150417174133,0.5,risk_off,ema,basic,baseline,not_applicable,mode_not_regime_gated,-0.07325565894122099,-0.07697845912245005,-0.060165662409127796
2022-10-06,CCJ,False,0.0,-2.1151602452680277e-06,-4.230235487501233e-05,28.68723617278252,26.81999969482422,0.5,0.4898590772062544,0.5,risk_off,ema,basic,baseline,not_applicable,mode_not_regime_gated,-0.1655481202303838,-0.13497386178506787,-0.13832957221057018
2022-10-06,YPF,True,0.1402605681862057,0.0035504499013955765,0.07345588040715656,8.057613817330283,7.210000038146973,0.5,1.0,0.5,risk_off,ema,basic,baseline,not_applicable,mode_not_regime_gated,-0.04715674768224731,-0.022191379551397383,0.12621357040186454
2022-10-06,VIST,True,0.11383471337885091,0.0013214704705776618,0.026763848983815786,13.732871634777418,11.899999618530273,0.5,0.7890110316783775,0.5,risk_off,ema,basic,baseline,not_applicable,mode_not_regime_gated,-0.010084024319817808,0.01848741799001674,0.13697480392375283
2022-10-13,AAPL,False,0.0,-9.275407518674935e-05,-0.0018534477825795648,150.8453568639061,142.99000549316406,0.5,0.18975066834122795,0.5,risk_off,ema,basic,baseline,not_applicable,mode_not_regime_gated,0.0027973556270930455,0.012658210287853189,0.0271346910620891
2022-10-13,MSFT,False,0.0,-4.3861220434557576e-05,-0.0008768589816016137,248.23409730027623,234.24000549316406,0.5,0.2859074873830334,0.5,risk_off,ema,basic,baseline,not_applicable,mode_not_regime_gated,0.008153980355742663,-0.03197577406726382,0.0373121159042582
2022-10-13,NVDA,False,0.0,-1.912579475426218e-05,-0.00038244640181561707,12.850828016037383,11.960000038146973,0.5,0.28586073252117655,0.5,risk_off,ema,basic,baseline,not_applicable,mode_not_regime_gated,0.01956523455244974,0.1016722073071068,0.316889627906743
2022-10-13,AMZN,False,0.0,-8.484495493145805e-06,-0.0001696762330937185,118.89623634823279,112.52999877929688,0.5,0.28588864057470886,0.5,risk_off,ema,basic,baseline,not_applicable,mode_not_regime_gated,0.024171343199228312,-0.013951832505600836,-0.1412956695846349
2022-10-13,GOOGL,False,0.0,6.184735683220389e-05,0.0012376741745594444,105.37645576175696,99.05999755859375,0.5,0.16792096255877617,0.5,risk_off,ema,basic,baseline,not_applicable,mode_not_regime_gated,0.00918638890104062,-0.06904902590821071,-0.05168579894380709
2022-10-13,META,False,0.0,-4.286249481752146e-05,-0.0008569009193482025,138.11070182192498,130.2899932861328,0.5,0.28586825342494027,0.5,risk_off,ema,basic,baseline,not_applicable,mode_not_regime_gated,0.009517273444330066,-0.2482922136136888,-0.1413768630649801
2022-10-13,TSLA,False,0.0,2.216723961621934e-06,4.433541288118015e-05,236.08754150277377,221.72000122070312,0.5,0.28585975445363754,0.5,risk_off,ema,basic,baseline,not_applicable,mode_not_regime_gated,-0.06512719809627132,0.015199328426094283,-0.13981598335434864
2022-10-13,SPY,False,0.0,2.280824996374161e-05,0.00045626385389452295,383.09805831311684,365.9700012207031,0.5,0.09479824262647928,0.5,risk_off,ema,basic,baseline,not_applicable,mode_not_regime_gated,-0.0015301733932450157,0.03828185293574404,0.07847638091894615
2022-10-13,QQQ,False,0.0,-9.250635420481522e-05,-0.0018485020753252757,281.77864063348267,268.82000732421875,0.5,0.1500445304347926,0.5,risk_off,ema,basic,baseline,not_applicable,mode_not_regime_gated,0.0010787070137752153,0.015065797495065647,0.051819032424102796
2022-10-13,AVGO,False,0.0,1.9610892603304448e-05,0.0003922909322169321,45.89601730728516,43.797000885009766,0.5,0.2858970620364603,0.5,risk_off,ema,basic,baseline,not_applicable,mode_not_regime_gated,-0.017512662744343488,0.03979724627934855,0.15663174353793496
2022-10-13,AMD,False,0.0,-4.205847714378234e-05,-0.0008408335337291017,62.90336184179528,58.939998626708984,0.5,0.28585799552900526,0.5,risk_off,ema,basic,baseline,not_applicable,mode_not_regime_gated,-0.019850665018765756,-0.00576858093840904,0.1616899018670077
2022-10-13,NFLX,False,0.0,-9.629734402184313e-05,-0.0019241859941117045,25.242968623668673,23.250999450683594,0.5,0.3121284420035432,0.5,risk_off,ema,basic,baseline,not_applicable,mode_not_regime_gated,0.15332676522655042,0.27710640168922307,0.1826158182543054
2022-10-13,COST,True,0.1160329742192249,0.00011254701735498086,0.002253348670991251,489.9253431331798,467.989990234375,0.5,0.26800924727995434,0.5,risk_off,ema,basic,baseline,not_applicable,mode_not_regime_gated,-0.007200998285240567,0.06100561744119504,0.09645508577187911
2022-10-13,ADBE,False,0.0,7.574799762292161e-05,0.001516050622327958,316.6935360024634,294.739990234375,0.5,0.1885162502017342,0.5,risk_off,ema,basic,baseline,not_applicable,mode_not_regime_gated,0.025921201403183325,0.08112236023044006,0.1194612985657546
2022-10-13,PEP,True,0.13195150744395756,0.0001282821217850613,0.0025687715411342182,187.16287269076494,174.61000061035156,0.5,0.6871458813739137,0.5,risk_off,ema,basic,baseline,not_applicable,mode_not_regime_gated,-0.018040168864747352,0.024454522979984405,0.04060475524372853
2022-10-13,CSCO,False,0.0,-4.229988860172818e-05,-0.0008456578949919136,42.63349677873215,40.61000061035156,0.5,0.10968368850363455,0.5,risk_off,ema,basic,baseline,not_applicable,mode_not_regime_gated,0.02708688642178214,0.09381919481238743,0.12435358682987285
2022-10-13,INTC,False,0.0,-6.188461888815462e-05,-0.0012369650037208357,27.889602422592755,26.420000076293945,0.5,0.0,0.5,risk_off,ema,basic,baseline,not_applicable,mode_not_regime_gated,-0.012869044345422465,-0.005677502577483562,0.12641938466854108
2022-10-13,AMAT,False,0.0,2.8419554483580836e-05,0.0005685445733452088,84.02566409740723,79.41999816894531,0.5,0.28587646365530933,0.5,risk_off,ema,basic,baseline,not_applicable,mode_not_regime_gated,-0.009569309045049934,0.0896499988760524,0.31944098881259064
2022-10-13,QCOM,False,0.0,-1.0501364612842712e-05,-0.00021000634063284007,118.70704224373142,112.86000061035156,0.5,0.28588065602384616,0.5,risk_off,ema,basic,baseline,not_applicable,mode_not_regime_gated,-0.007797246576811134,0.01630335218801915,0.06928938200011814
2022-10-13,TXN,False,0.0,-8.886179899541257e-05,-0.0017757364598609549,163.43178221112964,154.33999633789062,0.5,0.28591812288103813,0.5,risk_off,ema,basic,baseline,not_applicable,mode_not_regime_gated,-0.00401707355124048,0.015679656773136763,0.13185179853810625
2022-10-13,CCJ,False,0.0,-9.804761692546647e-07,-1.9609340732751335e-05,24.078711003498775,22.3799991607666,0.5,0.28584328628676825,0.5,risk_off,ema,basic,baseline,not_applicable,mode_not_regime_gated,0.03663992997865528,0.06881148227329037,0.07462020281133652
2022-10-13,YPF,True,0.13278659575277327,0.0025061187897365057,0.05133383202780872,7.625148764664788,6.869999885559082,0.5,1.0,0.5,risk_off,ema,basic,baseline,not_applicable,mode_not_regime_gated,0.02620091822041326,0.1455604099938963,0.0465793561851473
2022-10-13,VIST,True,0.11922892258404426,0.0011718789185808213,0.023700349230762585,13.552765420088297,11.779999732971191,0.5,0.7604464354944196,0.5,risk_off,ema,basic,baseline,not_applicable,mode_not_regime_gated,0.02886249238497518,0.11799663623355316,0.1290322998488127
2022-10-20,AAPL,False,0.0,-5.943370163105844e-05,-0.0011880031225655063,151.31044698252484,143.38999938964844,0.5,0.2978576522136978,0.5,risk_off,ema,basic,baseline,not_applicable,mode_not_regime_gated,0.009833347291381411,-0.03145264332263831,0.05111933790540113
2022-10-20,MSFT,False,0.0,-3.27391699168452e-05,-0.0006545797862191893,251.23735678070554,236.14999389648438,0.5,0.2978578260973277,0.5,risk_off,ema,basic,baseline,not_applicable,mode_not_regime_gated,-0.03980518373676023,-0.09273764328820677,0.023417314936374334
2022-10-20,NVDA,False,0.0,-7.346544116386518e-06,-0.00014692062815468976,13.23710022255626,12.194000244140625,0.5,0.29779437354431715,0.5,risk_off,ema,basic,baseline,not_applicable,mode_not_regime_gated,0.08053135784950438,0.1006231965122768,0.2856322561834759
2022-10-20,AMZN,True,4.5236631967560983e-05,6.745434386474921e-05,0.0013499517441049047,124.20263256757937,115.25,0.5,0.29782007712408354,0.5,risk_off,ema,basic,baseline,not_applicable,mode_not_regime_gated,-0.03722343527572536,-0.22516266332531187,-0.17700652083192114
2022-10-20,GOOGL,False,0.0,-7.760253309215144e-05,-0.0015509069853322233,106.77554748214752,99.97000122070312,0.5,0.543056756277428,0.5,risk_off,ema,basic,baseline,not_applicable,mode_not_regime_gated,-0.07752325603048038,-0.16544964202823298,-0.01610483735813084
2022-10-20,META,False,0.0,2.2095499566250812e-06,4.419192674443018e-05,139.69322835025554,131.52999877929688,0.5,0.11435802207453379,0.5,risk_off,ema,basic,baseline,not_applicable,mode_not_regime_gated,-0.2553789755160992,-0.3240325059890139,-0.1526648066404097
2022-10-20,TSLA,False,0.0,1.3145798617515147e-05,0.00026294880922272945,220.65888392404568,207.27999877929688,0.5,0.14652384613578054,0.5,risk_off,ema,basic,baseline,not_applicable,mode_not_regime_gated,0.08592241250231325,0.03873986311552846,-0.11631609780171259
2022-10-20,SPY,False,0.0,-0.00012143941857718158,-0.002425988381000388,386.13691778929854,365.4100036621094,0.5,0.2787677854905327,0.5,risk_off,ema,basic,baseline,not_applicable,mode_not_regime_gated,0.03987303899236294,0.015325267637428697,0.07889763904472735
2022-10-20,QQQ,False,0.0,2.397958115037657e-05,0.00047970089258608795,284.47278304515237,269.1099853515625,0.5,0.13914226276084443,0.5,risk_off,ema,basic,baseline,not_applicable,mode_not_regime_gated,0.01397201876665033,-0.032031494877183486,0.05834050411217895
2022-10-20,AVGO,False,0.0,-5.95067612130853e-05,-0.001189462664039298,45.09091203336338,43.029998779296875,0.5,0.14704163123576486,0.5,risk_off,ema,basic,baseline,not_applicable,mode_not_regime_gated,0.05833144799990353,0.03211712778730891,0.19012316960128572
2022-10-20,AMD,False,0.0,-5.744708490868991e-05,-0.0011483148824116274,61.62891113453934,57.77000045776367,0.5,0.0,0.5,risk_off,ema,basic,baseline,not_applicable,mode_not_regime_gated,0.014367284226771693,0.04050545497742708,0.27921067925052334
2022-10-20,NFLX,True,1.023898106583543e-05,0.0001354976744085066,0.0027134446535233003,30.233434462059414,26.81599998474121,0.5,0.6231670006934912,0.5,risk_off,ema,basic,baseline,not_applicable,mode_not_regime_gated,0.10732399541456772,0.003356210942687232,0.10113364762573296
2022-10-20,COST,False,0.0,0.00011779350930460008,0.00235850835932494,489.31203644081523,464.6199951171875,0.5,0.11655957016580352,0.5,risk_off,ema,basic,baseline,not_applicable,mode_not_regime_gated,0.06870133391414512,0.046640294553549566,0.1220352391263968
2022-10-20,ADBE,False,0.0,6.245812508618378e-05,0.001249903972860844,332.2488154990648,302.3800048828125,0.5,0.5416451829125547,0.5,risk_off,ema,basic,baseline,not_applicable,mode_not_regime_gated,0.053806431480075245,-0.054401785638592326,0.11723652727365952
2022-10-20,PEP,False,0.0,-9.646977378972721e-05,-0.0019276282795751554,182.4448169381941,171.4600067138672,0.5,0.841934187802419,0.5,risk_off,ema,basic,baseline,not_applicable,mode_not_regime_gated,0.04327538713635892,0.036859861296847596,0.04998245497407039
2022-10-20,CSCO,False,0.0,-0.00011783506635706166,-0.002354065021877405,44.58995202953089,41.709999084472656,0.5,0.8109352844051552,0.5,risk_off,ema,basic,baseline,not_applicable,mode_not_regime_gated,0.06497240815048366,0.051306627586215736,0.11699834992161162
2022-10-20,INTC,False,0.0,2.9373449001597893e-05,0.0005876329408323056,27.60129923297657,26.079999923706055,0.5,0.2978394640007258,0.5,risk_off,ema,basic,baseline,not_applicable,mode_not_regime_gated,0.007285296572601352,0.050230041018966,0.1460889370049112
2022-10-20,AMAT,False,0.0,-9.787808061328294e-06,-0.0001957379600709963,83.75177759024658,78.66000366210938,0.5,0.29668642308442456,0.5,risk_off,ema,basic,baseline,not_applicable,mode_not_regime_gated,0.10017794160380622,0.09712686287769179,0.32786666775297757
2022-10-20,QCOM,False,0.0,-6.828014362551178e-05,-0.0013647174214826974,117.79153674753383,111.9800033569336,0.5,0.048307581620518535,0.5,risk_off,ema,basic,baseline,not_applicable,mode_not_regime_gated,0.02428999383611985,-0.07233439775579442,0.09716017973975433
2022-10-20,TXN,False,0.0,-1.165375328040579e-06,-2.330724852317445e-05,162.3426756101404,153.72000122070312,0.5,0.0739358877751736,0.5,risk_off,ema,basic,baseline,not_applicable,mode_not_regime_gated,0.019776172664532687,0.018214955955781598,0.14077543076895283
2022-10-20,CCJ,False,0.0,-0.00010501177259343813,-0.002098141551664212,24.948032458351463,23.200000762939453,0.5,0.12217653080412058,0.5,risk_off,ema,basic,baseline,not_applicable,mode_not_regime_gated,0.031034452141253555,-0.0038793167943192985,0.019827546092475723
2022-10-20,YPF,True,0.24994452438696665,0.0002655042303819701,0.00532349954234812,7.801461469886305,7.050000190734863,0.5,0.45535504038968716,0.5,risk_off,ema,basic,baseline,not_applicable,mode_not_regime_gated,0.11631201030347005,0.15177300225188883,0.0482269030570468
2022-10-20,VIST,True,0.25,0.0028581068260559745,0.058741145823024254,13.871429943801678,12.119999885559082,0.5,1.0,0.5,risk_off,ema,basic,baseline,not_applicable,mode_not_regime_gated,0.08663367992155946,0.11633662217209406,0.08745878132224116
2022-10-27,AAPL,False,0.0,-7.389717260604916e-05,-0.00147690636150688,155.58580101435828,144.8000030517578,0.5,0.13965698395459733,0.5,neutral,ema,basic,baseline,not_applicable,mode_not_regime_gated,-0.04088396439349007,0.014295525012453014,0.02285909867978808
2022-10-27,MSFT,False,0.0,2.3214632731712644e-05,0.000464395063540346,240.52869420641184,226.75,0.5,0.13964898865049336,0.5,neutral,ema,basic,baseline,not_applicable,mode_not_regime_gated,-0.055126791620727644,0.07157660739818761,0.09146639688275227
2022-10-27,NVDA,False,0.0,-8.631707828277372e-05,-0.0017249266773196048,14.675551948859251,13.175999641418457,0.5,0.22206670204115295,0.5,neutral,ema,basic,baseline,not_applicable,mode_not_regime_gated,0.01859440590670114,0.19535522378812398,0.23482095480780774
2022-10-27,AMZN,False,0.0,-4.397930361449793e-05,-0.0008792186752077935,118.68241731590935,110.95999908447266,0.5,0.13963376156000792,0.5,neutral,ema,basic,baseline,not_applicable,mode_not_regime_gated,-0.19520544530849648,-0.12914565563528357,-0.15816506459235513
2022-10-27,GOOGL,False,0.0,-0.000192795534534115,-0.0038488565310518252,97.75610813922899,92.22000122070312,0.5,0.13964547023628715,0.5,neutral,ema,basic,baseline,not_applicable,mode_not_regime_gated,-0.09531555843824924,0.018651064822551744,0.05682062236400376
2022-10-27,META,False,0.0,-0.00012174118458938367,-0.002432009773599586,105.5854466721961,97.94000244140625,0.5,0.13961296350443725,0.5,neutral,ema,basic,baseline,not_applicable,mode_not_regime_gated,-0.09219929093527623,0.14222993626643587,0.13753319261720165
2022-10-27,TSLA,False,0.0,-0.00021576994609336867,-0.004306564596046947,239.58197447546618,225.08999633789062,0.5,0.13962615786829896,0.5,neutral,ema,basic,baseline,not_applicable,mode_not_regime_gated,-0.04344928223560751,-0.1526944585560056,-0.18761382742281496
2022-10-27,SPY,False,0.0,-4.914019684843053e-05,-0.0009823452680148836,408.40791605403206,379.9800109863281,0.5,0.5361484579824635,0.5,neutral,ema,basic,baseline,not_applicable,mode_not_regime_gated,-0.02360650813557108,0.03871254021203607,0.05881881925294663
2022-10-27,QQQ,False,0.0,-1.2367067752705365e-05,-0.00024731229777985586,291.4770351225654,272.8699951171875,0.5,0.12010975498193645,0.5,neutral,ema,basic,baseline,not_applicable,mode_not_regime_gated,-0.04536960862074901,0.036207736503126364,0.05148978840459506
2022-10-27,AVGO,False,0.0,8.236870528104046e-05,0.001648663817607643,49.0225203788723,45.540000915527344,0.5,0.13965563260405134,0.5,neutral,ema,basic,baseline,not_applicable,mode_not_regime_gated,-0.02476948054613326,0.11236276848842341,0.1636144063203686
2022-10-27,AMD,False,0.0,-0.00017605578012822316,-0.003515232647682498,62.71119348405557,58.599998474121094,0.5,0.0,0.5,neutral,ema,basic,baseline,not_applicable,mode_not_regime_gated,0.025767955214150984,0.1684300853854257,0.28225258269983966
2022-10-27,NFLX,False,0.0,-0.00012020189743008055,-0.0024012947132033835,34.0557599226219,29.694000244140625,0.5,0.43083815754573285,0.5,neutral,ema,basic,baseline,not_applicable,mode_not_regime_gated,-0.09389102458034992,-0.0739880273953174,-0.03839157339110577
2022-10-27,COST,True,0.14663940739922404,5.940681694560446e-06,0.00011882033955323834,533.8004438062502,496.5400085449219,0.5,0.2876166022577002,0.5,neutral,ema,basic,baseline,not_applicable,mode_not_regime_gated,-0.02064284815645967,0.03341119759212652,0.07475724807833117
2022-10-27,ADBE,True,0.0,2.3597922661965064e-05,0.00047206427199197876,357.36281348318767,318.6499938964844,0.5,0.41471687397960316,0.5,neutral,ema,basic,baseline,not_applicable,mode_not_regime_gated,-0.10268320052544055,0.03546216390080259,0.04911342914247285
2022-10-27,PEP,True,0.18119767434326217,0.002481813388221772,0.05082416518791222,192.91140695452359,178.8800048828125,0.5,1.0,0.5,neutral,ema,basic,baseline,not_applicable,mode_not_regime_gated,-0.006149407834801113,0.01576471371004895,0.02923745295604907
2022-10-27,CSCO,False,0.0,-0.00015506738169260623,-0.003096783162163552,48.40621645530071,44.41999816894531,0.5,0.746584007310579,0.5,neutral,ema,basic,baseline,not_applicable,mode_not_regime_gated,-0.012832051290418867,0.027915392381391513,0.08959935886976411
2022-10-27,INTC,False,0.0,-0.00019601291769966135,-0.003912966930071926,28.16987636890262,26.270000457763672,0.5,0.13965562871421652,0.5,neutral,ema,basic,baseline,not_applicable,mode_not_regime_gated,0.04263414207721361,0.1328511499925289,0.11686332856217851
2022-10-27,AMAT,False,0.0,-0.0002858939880057647,-0.005702376646147034,94.41584061323046,86.54000091552734,0.5,0.13963755086362753,0.5,neutral,ema,basic,baseline,not_applicable,mode_not_regime_gated,-0.0027732593162761443,0.21088513758873217,0.22278713398808825
2022-10-27,QCOM,False,0.0,-0.00024864195284323456,-0.00496111022621748,123.35969559708992,114.69999694824219,0.5,0.08815591951756692,0.5,neutral,ema,basic,baseline,not_applicable,mode_not_regime_gated,-0.09433304256936192,0.05213603762894636,0.07628596541243504
2022-10-27,TXN,False,0.0,3.594309040837579e-05,0.0007191073232051259,167.27924739388146,156.75999450683594,0.5,0.13966369301888087,0.5,neutral,ema,basic,baseline,not_applicable,mode_not_regime_gated,-0.0015309405638218587,0.11437872265164195,0.12956119883314443
2022-10-27,CCJ,False,0.0,-9.471410898038914e-05,-0.0018925787029651087,25.7321188376566,23.920000076293945,0.5,0.13962658693784608,0.5,neutral,ema,basic,baseline,not_applicable,mode_not_regime_gated,-0.03386285381935006,0.005434747506352977,0.011705714287309155
2022-10-27,YPF,False,0.0,-0.0002788319817240986,-0.005561892336561347,9.05634756212499,7.869999885559082,0.5,0.32791488060809715,0.5,neutral,ema,basic,baseline,not_applicable,mode_not_regime_gated,0.03176620122431428,-0.0864040455180154,0.04447273018541642
2022-10-27,VIST,True,0.17216291825751376,0.00574964842360513,0.12149615398843694,15.093991148366774,13.170000076293945,0.5,0.8282246888862081,0.5,neutral,ema,basic,baseline,not_applicable,mode_not_regime_gated,0.027334825709321553,0.009870927387078732,0.054669723831271
2022-11-03,AAPL,False,0.0,2.905213314385006e-05,0.0005812030558578485,147.77666203375233,138.8800048828125,0.5,0.2004033401911486,0.5,risk_off,ema,basic,baseline,not_applicable,mode_not_regime_gated,0.05753160968792437,0.08525342685494053,0.06430006020892942
2022-11-03,MSFT,False,0.0,-6.04004193763711e-05,-0.0012073154786406137,224.6764162312414,214.25,0.5,0.20040290814735284,0.5,risk_off,ema,basic,baseline,not_applicable,mode_not_regime_gated,0.13409566267229445,0.1280279704820595,0.19029173522735565
2022-11-03,NVDA,False,0.0,-5.012402775859137e-05,-0.001002003339254598,14.736312352748296,13.420999526977539,0.5,0.42516966797493,0.5,risk_off,ema,basic,baseline,not_applicable,mode_not_regime_gated,0.17353405522002574,0.16809482142250598,0.257432385476295
2022-11-03,AMZN,False,0.0,-1.7318764747920327e-05,-0.00034631831235454325,94.30351389900844,89.30000305175781,0.5,0.20036864268830393,0.5,risk_off,ema,basic,baseline,not_applicable,mode_not_regime_gated,0.08208279900518844,0.06215000260578418,0.05408727924522827
2022-11-03,GOOGL,False,0.0,-6.218342287048936e-06,-0.00012435949913758293,87.71455577618889,83.43000030517578,0.5,0.2003960927949777,0.5,risk_off,ema,basic,baseline,not_applicable,mode_not_regime_gated,0.12597389545470805,0.1789524182016522,0.20388352000491627
2022-11-03,META,False,0.0,3.104422810573803e-05,0.0006210677076052828,95.84809457643874,88.91000366210938,0.5,0.20036854254572048,0.5,risk_off,ema,basic,baseline,not_applicable,mode_not_regime_gated,0.2582386473824596,0.2535147042822432,0.3889325472651741
2022-11-03,TSLA,False,0.0,-4.897911244379529e-05,-0.000979126581640677,229.1292765569783,215.30999755859375,0.5,0.20037727773965303,0.5,risk_off,ema,basic,baseline,not_applicable,mode_not_regime_gated,-0.1142074061433157,-0.14927313991029123,-0.09497931902895962
2022-11-03,SPY,False,0.0,4.590144637694509e-06,9.180689605581271e-05,394.06803913752805,371.010009765625,0.5,0.3122924577172267,0.5,risk_off,ema,basic,baseline,not_applicable,mode_not_regime_gated,0.06382575146891689,0.06261281328615609,0.09676287149007967
2022-11-03,QQQ,False,0.0,1.856818947439279e-05,0.0003714293045429251,273.7757924778499,260.489990234375,0.5,0.20041857589249687,0.5,risk_off,ema,basic,baseline,not_applicable,mode_not_regime_gated,0.0854543767520457,0.09336254073462436,0.12307573711276909
2022-11-03,AVGO,False,0.0,-0.00010958650223828055,-0.00218944979607949,46.87877368825566,44.4119987487793,0.5,0.37299414683893983,0.5,risk_off,ema,basic,baseline,not_applicable,mode_not_regime_gated,0.14061521486361106,0.15308925465922263,0.2176889884412403
2022-11-03,AMD,False,0.0,1.8221883604906556e-05,0.0003645007660337818,64.07654479747757,60.11000061035156,0.5,0.0,0.5,risk_off,ema,basic,baseline,not_applicable,mode_not_regime_gated,0.1390783650884191,0.22941275620537205,0.24737984687395365
2022-11-03,NFLX,False,0.0,-0.00013075751770932298,-0.002611904370985796,30.317895202451854,26.9060001373291,0.5,0.40945297699139616,0.5,risk_off,ema,basic,baseline,not_applicable,mode_not_regime_gated,0.021965346028952837,0.09745037267590173,0.1908496321516624
2022-11-03,COST,False,0.0,-0.00017644585933997332,-0.003523008147640616,519.985244071452,486.2900085449219,0.5,0.45326672680053265,0.5,risk_off,ema,basic,baseline,not_applicable,mode_not_regime_gated,0.05519339461281825,0.0720352015541379,0.01694460114249674
2022-11-03,ADBE,False,0.0,7.426037443055131e-05,0.001486255730217989,307.6515159198479,285.92999267578125,0.5,0.2003893997917906,0.5,risk_off,ema,basic,baseline,not_applicable,mode_not_regime_gated,0.15395383715889066,0.18151294102026672,0.19445321417036854
2022-11-03,PEP,True,0.17506050295939768,0.0002424925491990309,0.004861039757155572,192.60885350449465,177.77999877929688,0.5,0.44053386678909784,0.5,risk_off,ema,basic,baseline,not_applicable,mode_not_regime_gated,0.022049714230292894,0.012656091885753895,0.0444932147396917
2022-11-03,CSCO,True,0.0,0.00038753359229897887,0.007779272938347903,47.381523640045934,43.849998474121094,0.5,0.887273782868107,0.5,risk_off,ema,basic,baseline,not_applicable,mode_not_regime_gated,0.0412771137120842,0.06248578731613552,0.1334094068958942
2022-11-03,INTC,False,0.0,7.921968063334708e-05,0.0015855865736071895,29.620700934612945,27.389999389648438,0.5,0.2004045742598203,0.5,risk_off,ema,basic,baseline,not_applicable,mode_not_regime_gated,0.08652796246972883,0.09127418969365997,0.07374956198528038
2022-11-03,AMAT,False,0.0,-5.6149078772597014e-05,-0.0011223827605904013,92.91641248149962,86.30000305175781,0.5,0.20039336793719667,0.5,risk_off,ema,basic,baseline,not_applicable,mode_not_regime_gated,0.2142525748542592,0.21031278394740083,0.23650052504023766
2022-11-03,QCOM,False,0.0,-6.301416906887727e-05,-0.00125952921730077,109.46589029690716,103.87999725341797,0.5,0.20039241507301567,0.5,risk_off,ema,basic,baseline,not_applicable,mode_not_regime_gated,0.16172510103917093,0.18271085732348813,0.20966506531145268
2022-11-03,TXN,False,0.0,6.013411639561749e-05,0.0012033696371440694,165.09923534129987,156.52000427246094,0.5,0.2950528906003196,0.5,risk_off,ema,basic,baseline,not_applicable,mode_not_regime_gated,0.1160873861037981,0.12036797740623006,0.13506260422053873
2022-11-03,CCJ,False,0.0,-1.4440050911437383e-05,-0.00028876140379785475,24.851028639929893,23.110000610351562,0.5,0.2003774774056164,0.5,risk_off,ema,basic,baseline,not_applicable,mode_not_regime_gated,0.040674971955125594,0.023799187474455863,0.028559057982736613
2022-11-03,YPF,True,0.14352330483839051,0.0015476780579307856,0.03141292366320192,9.204928954327833,8.119999885559082,0.5,0.7309258787656174,0.5,risk_off,ema,basic,baseline,not_applicable,mode_not_regime_gated,-0.11453200017805054,-0.08990148144850918,0.01724142183446764
2022-11-03,VIST,True,0.18141619220221183,0.004944852075156361,0.10368361809091975,15.305572856312219,13.529999732971191,0.5,1.0,0.5,risk_off,ema,basic,baseline,not_applicable,mode_not_regime_gated,-0.016999227403962425,-0.025868398721582975,0.00886917131762055
