date,selected_count,exposure,current_weighted_return,equal_weight_return,sizing_alpha
2008-12-31,2,0.6,-0.036660669119027704,-0.03666066911902776,5.551115123125783e-17
2009-01-08,4,0.6,-0.043649886977620005,-0.04364988697762011,1.0408340855860843e-16
2009-01-15,4,0.6,-0.0050190370196313,-0.00501903701963133,3.0357660829594124e-17
2009-01-23,4,0.6,0.0314351014844855,0.031435101484485445,5.551115123125783e-17
2009-01-30,4,0.6,0.02932944245441227,0.02932944245441229,-2.0816681711721685e-17
2009-02-06,4,0.6,-0.0423316905854321,-0.04233169058543226,1.6653345369377348e-16
2009-02-13,4,0.6,0.0584871989508917,0.05848719895089168,2.0816681711721685e-17
2009-02-23,4,0.6,-0.015535801086909001,-0.015535801086909074,7.28583859910259e-17
2009-03-02,4,0.6,0.0269005503706446,0.026900550370644732,-1.3183898417423734e-16
2009-03-09,3,0.5999999999999996,0.0266613247393806,0.02666132473938066,-6.245004513516506e-17
2009-03-16,4,0.6,0.017352768157877202,0.01735276815787728,-7.632783294297951e-17
2009-03-23,4,0.6,-0.0166359610669604,-0.01663596106696053,1.2836953722228372e-16
2009-03-30,4,0.6,0.015662327534708802,0.01566232753470873,7.28583859910259e-17
2009-04-06,4,0.6,0.0341792601046307,0.03417926010463074,-3.469446951953614e-17
2009-04-14,4,0.6,0.030321317987609397,0.03032131798760946,-6.245004513516506e-17
2009-04-21,4,0.6,0.007653322932185199,0.0076533229321851005,9.8879238130678e-17
2009-04-28,4,0.6,0.0904408707217568,0.0904408707217568,0.0
2009-05-05,4,0.6,-0.08936438406614401,-0.08936438406614408,6.938893903907228e-17
2009-05-12,4,0.6,0.013161832811098602,0.013161832811098662,-6.071532165918825e-17
2009-05-19,4,0.6,-0.0290927087205496,-0.029092708720549528,-7.28583859910259e-17
2009-05-27,4,0.6,0.03916702747038921,0.039167027470389346,-1.3877787807814457e-16
2009-06-03,4,0.6,0.0150781115714091,0.015078111571409309,-2.0816681711721685e-16
2009-06-10,4,0.6,-0.0653655711311341,-0.06536557113113434,2.3592239273284576e-16
2009-06-17,4,0.6,-0.0104932927978886,-0.010493292797888685,8.500145032286355e-17
2009-06-24,4,0.6,-0.007352705972191799,-0.007352705972191664,-1.3444106938820255e-16
2009-07-01,4,0.6,-0.0431661515777052,-0.043166151577705376,1.734723475976807e-16
2009-07-09,4,0.6,0.032520679792189,0.03252067979218906,-6.245004513516506e-17
2009-07-16,4,0.6,0.032846055462155896,0.03284605546215603,-1.3183898417423734e-16
2009-07-23,4,0.6,0.004160236602520701,0.0041602366025208,-9.8879238130678e-17
2009-07-30,4,0.6,0.0192251823899742,0.019225182389974275,-7.632783294297951e-17
2009-08-06,4,0.6,-0.004829424895470299,-0.004829424895470315,1.5612511283791264e-17
2009-08-13,4,0.6,0.0408574155252866,0.0408574155252868,-2.0122792321330962e-16
2009-08-20,4,0.6,-0.0193170624258639,-0.019317062425864062,1.6306400674181987e-16
2009-08-27,4,0.6,-0.0096602542754356,-0.009660254275435619,1.9081958235744878e-17
2009-09-03,3,0.5999999999999996,0.0161312836008107,0.016131283600810748,-4.85722573273506e-17
2009-09-11,4,0.6,0.0034015333850357004,0.0034015333850357403,-3.9898639947466563e-17
2009-09-18,4,0.6,0.0171654707467512,0.017165470746751215,-1.3877787807814457e-17
2009-09-25,4,0.6,-0.0056695149469962,-0.005669514946996215,1.474514954580286e-17
2009-10-02,4,0.6,0.0132368370011746,0.01323683700117456,3.9898639947466563e-17
2009-10-09,4,0.6,-0.0123983795583267,-0.012398379558326804,1.0408340855860843e-16
2009-10-16,4,0.6,-0.0209216092559242,-0.02092160925592437,1.700029006457271e-16
2009-10-23,4,0.6,-0.0444350543368194,-0.04443505433681958,1.8041124150158794e-16
2009-10-30,4,0.6,0.058304040001219304,0.058304040001219526,-2.220446049250313e-16
2009-11-06,4,0.6,0.0095994875252222,0.00959948752522233,-1.3010426069826053e-16
2009-11-13,4,0.6,0.014593633222139503,0.01459363322213949,1.214306433183765e-17
2009-11-20,4,0.6,0.0112783961835382,0.01127839618353822,-2.0816681711721685e-17
2009-11-30,4,0.6,0.013689570981013501,0.013689570981013512,-1.0408340855860843e-17
2009-12-07,4,0.6,0.006569446889597343,0.006569446889597294,4.9439619065339e-17
2009-12-14,4,0.6,0.010866291814300702,0.010866291814300797,-9.540979117872439e-17
2009-12-21,4,0.6,0.0095202638998131,0.00952026389981322,-1.196959198423997e-16
2009-12-29,4,0.6,0.004407445339469299,0.004407445339469249,5.0306980803327406e-17
2010-01-06,4,0.6,-0.0116416035029027,-0.011641603502902829,1.2836953722228372e-16
2010-01-13,4,0.6,-0.03105092882991,-0.031050928829910122,1.214306433183765e-16
2010-01-21,4,0.6,0.0125155440288851,0.012515544028885127,-2.7755575615628914e-17
2010-01-28,3,0.5999999999999996,-0.0105714742297556,-0.010571474229755774,1.734723475976807e-16
2010-02-04,4,0.6,0.051664309038398804,0.0516643090383989,-9.71445146547012e-17
2010-02-11,4,0.6,0.027135403756869805,0.027135403756869812,-6.938893903907228e-18
2010-02-19,4,0.6,-0.009813185357231097,-0.009813185357231144,4.683753385137379e-17
2010-02-26,4,0.6,0.014085278876126298,0.014085278876126504,-2.0643209364124004e-16
2010-03-05,4,0.6,0.0013801678497606003,0.0013801678497606003,0.0
2010-03-12,4,0.6,0.021166804140638897,0.021166804140638908,-1.0408340855860843e-17
2010-03-19,4,0.6,0.0108583996773983,0.010858399677398324,-2.42861286636753e-17
2010-03-26,4,0.6,0.0020171896889912997,0.002017189688991284,1.5612511283791264e-17
2010-04-05,4,0.6,0.0044218062319540995,0.004421806231954199,-9.974659986866641e-17
2010-04-12,4,0.6,0.0296379526814318,0.029637952681431944,-1.457167719820518e-16
2010-04-19,4,0.6,0.021284720487663597,0.02128472048766357,2.7755575615628914e-17
2010-04-26,3,0.5999999999999996,-0.0188817343576648,-0.01888173435766473,-7.28583859910259e-17
2010-05-03,3,0.5999999999999996,-0.0121218686054549,-0.012121868605454852,-4.85722573273506e-17
2010-05-10,4,0.6,-0.008726353820054199,-0.008726353820054236,3.642919299551295e-17
2010-05-17,4,0.6,-0.0196543479838372,-0.01965434798383716,-3.8163916471489756e-17
2010-05-24,2,0.6,0.0225568407999929,0.022556840799993,-1.0061396160665481e-16
2010-06-01,2,0.6,0.0014428053447923996,0.0014428053447923701,2.949029909160572e-17
2010-06-08,2,0.6,0.0526032376087638,0.05260323760876392,-1.1796119636642288e-16
2010-06-15,3,0.5999999999999996,-0.025408457784039797,-0.025408457784039863,6.591949208711867e-17
2010-06-22,3,0.5999999999999996,-0.04853142922320759,-0.048531429223207675,8.326672684688674e-17
2010-06-29,4,0.6,0.0373234569198359,0.037323456919836,-9.71445146547012e-17
2010-07-07,4,0.6,0.0231785967071685,0.023178596707168694,-1.942890293094024e-16
2010-07-14,4,0.6,-0.0343020171142992,-0.03430201711429934,1.3877787807814457e-16
2010-07-21,4,0.6,-0.0049679175725375006,-0.0049679175725375856,8.500145032286355e-17
2010-07-28,4,0.6,0.032739777653272004,0.03273977765327223,-2.2898349882893854e-16
2010-08-04,4,0.6,-0.0029538848761026014,-0.00295388487610263,2.862293735361732e-17
2010-08-11,3,0.5999999999999996,0.0016630161772407492,0.0016630161772407184,3.0791341698588326e-17
2010-08-18,3,0.5999999999999996,-0.0230500785575594,-0.023050078557559445,4.5102810375396984e-17
2010-08-25,4,0.6,0.0431479475950061,0.04314794759500621,-1.1102230246251565e-16
2010-09-01,4,0.6,0.0179262263478207,0.017926226347820835,-1.3530843112619095e-16
2010-09-09,4,0.6,0.0036232197203500006,0.003623219720350095,-9.454242944073599e-17
2010-09-16,4,0.6,0.012795325348286,0.01279532534828598,2.0816681711721685e-17
2010-09-23,4,0.6,-0.0231664204506647,-0.023166420450664738,3.8163916471489756e-17
2010-09-30,4,0.6,0.0112520525535877,0.011252052553587764,-6.418476861114186e-17
2010-10-07,4,0.6,0.027986834187178,0.027986834187178254,-2.5326962749261384e-16
2010-10-14,4,0.6,-0.0027706816134787007,-0.0027706816134786746,-2.6020852139652106e-17
2010-10-21,4,0.6,0.0021370837614973996,0.002137083761497395,4.336808689942018e-18
2010-10-28,4,0.6,0.0081030040367111,0.008103004036711244,-1.43982048506075e-16
2010-11-04,4,0.6,-0.017877964029596103,-0.01787796402959614,3.8163916471489756e-17
2010-11-11,4,0.6,-0.0030790131006880003,-0.0030790131006880805,8.023096076392733e-17
2010-11-18,4,0.6,0.012751289139340302,0.012751289139340306,-3.469446951953614e-18
2010-11-26,4,0.6,0.0153806569657986,0.015380656965798795,-1.942890293094024e-16
2010-12-03,4,0.6,0.0022834625002716,0.0022834625002717494,-1.491862189340054e-16
2010-12-10,4,0.6,0.00734461983225,0.007344619832250045,-4.5102810375396984e-17
2010-12-17,4,0.6,0.0040244484125776005,0.004024448412577575,2.5153490401663703e-17
2010-12-27,4,0.6,0.027396792570212804,0.027396792570212984,-1.8041124150158794e-16
2011-01-03,6,1.2,0.125541254332319,0.10943699267239995,0.016104261659919045
2011-01-10,7,1.1999999999999997,0.037502098651762905,0.038728098422111334,-0.0012259997703484293
2011-01-18,7,1.1999999999999997,0.0216807860281749,0.01947214012823206,0.002208645899942841
2011-01-25,7,1.1999999999999997,0.0315129740341546,0.03331000199020306,-0.0017970279560484553
2011-02-01,6,1.1999999999999995,-0.0481851642122895,-0.04818516421228973,2.2898349882893854e-16
2011-02-08,8,1.2,0.0168362168608749,0.016836216860875153,-2.5326962749261384e-16
2011-02-15,8,1.2,-0.046372445812634,-0.046372445812634354,3.5388358909926865e-16
2011-02-23,8,1.2,-0.007567495767492398,-0.007567495767492479,8.066464163292153e-17
2011-03-02,8,1.2,-0.1117460586547462,-0.1117460586547466,4.0245584642661925e-16
2011-03-09,8,1.2,-0.0142690493663528,-0.014269049366353079,2.7929047963226594e-16
2011-03-16,8,1.2,0.0630841693298055,0.06308416932980607,-5.689893001203927e-16
2011-03-23,8,1.2,0.029649401046680998,0.029649401046680908,9.020562075079397e-17
2011-03-30,8,1.2,-0.011410873220201,-0.011410873220201189,1.8908485888147197e-16
2011-04-06,6,1.1999999999999995,-0.008955690561303398,-0.00895569056130348,8.153200337090993e-17
2011-04-13,8,1.2,0.048254954387227,0.048254954387227045,-4.163336342344337e-17
2011-04-20,8,1.2,0.0459190012987926,0.045919001298792714,-1.1102230246251565e-16
2011-04-28,8,1.2,-0.0328579865510682,-0.032857986551068474,2.7755575615628914e-16
2011-05-05,8,1.2,0.024069255582776648,0.024069255582776852,-2.0469737016526324e-16
2011-05-12,8,1.2,0.014326819606866801,0.014326819606866869,-6.765421556309548e-17
2011-05-19,8,1.2,0.0012796006671017997,0.0012796006671018014,-1.734723475976807e-18
2011-05-26,8,1.2,-0.0574211778060274,-0.05742117780602775,3.469446951953614e-16
2011-06-03,8,1.2,-0.032152213493885404,-0.03215221349388567,2.636779683484747e-16
2011-06-10,8,1.2,-0.0247538427190472,-0.02475384271904736,1.6306400674181987e-16
2011-06-17,8,1.2,0.056714090325385,0.05671409032538541,-4.0939474033052647e-16
2011-06-24,8,1.2,0.09288467395644459,0.0928846739564451,-5.134781488891349e-16
2011-07-01,8,1.2,-0.037709129448989,-0.03770912944898907,6.938893903907228e-17
2011-07-11,8,1.2,0.0236256895535087,0.023625689553508935,-2.3592239273284576e-16
2011-07-18,8,1.2,-0.0897896568295703,-0.08978965682957063,3.3306690738754696e-16
2011-07-25,8,1.2,-0.052982606779754804,-0.05298260677975515,3.469446951953614e-16
2011-08-01,8,1.2,-0.0244984862773108,-0.024498486277310785,-1.3877787807814457e-17
2011-08-08,6,1.1999999999999995,-0.0410879773472364,-0.04108797734723651,1.1102230246251565e-16
2011-08-15,8,1.2,-0.009877061004588999,-0.009877061004589079,7.979727989493313e-17
2011-08-22,4,1.2,0.0528051150378156,0.052805115037815833,-2.3592239273284576e-16
2011-08-29,4,1.2,-3.427032661991458e-07,-3.4270326629629033e-07,9.71445146547012e-17
2011-09-06,6,1.1999999999999995,-0.0202731615035338,-0.020273161503533556,-2.42861286636753e-16
2011-09-13,6,1.1999999999999995,0.054771500913668,0.05477150091366834,-3.400058012914542e-16
2011-09-20,8,1.2,-0.058673477089973204,-0.058673477089973496,2.914335439641036e-16
2011-09-27,8,1.2,-0.0570800981838758,-0.057080098183876105,3.0531133177191805e-16
2011-10-04,8,1.2,0.056152317372064595,0.05615231737206485,-2.5673907444456745e-16
2011-10-11,8,1.2,-0.0228838391605044,-0.022883839160504398,-3.469446951953614e-18
2011-10-18,8,1.2,-0.0667942052730696,-0.0667942052730695,-9.71445146547012e-17
2011-10-25,8,1.2,0.0192010247550984,0.01920102475509834,6.245004513516506e-17
2011-11-01,8,1.2,-0.0087926566698475,-0.00879265666984797,4.701100619897147e-16
2011-11-08,8,1.2,-0.034647802611618005,-0.03464780261161778,-2.220446049250313e-16
2011-11-15,8,1.2,-0.0641661971641546,-0.06416619716415485,2.498001805406602e-16
2011-11-22,4,1.2,0.0811241591570179,0.08112415915701808,-1.8041124150158794e-16
2011-11-30,6,1.1999999999999995,-0.0055247214459538995,-0.0055247214459538405,-5.898059818321144e-17
2011-12-07,7,1.1999999999999997,-0.044715668465061004,-0.043399959899238255,-0.0013157085658227485
2011-12-14,8,1.2,0.0237710792485589,0.023771079248559018,-1.1796119636642288e-16
2011-12-21,8,1.2,-0.0037274195512885,-0.0037274195512884585,-4.163336342344337e-17
2011-12-29,8,1.2,0.036836135405574205,0.03683613540557415,5.551115123125783e-17
2012-01-06,8,1.2,0.009958402559623401,0.009958402559623498,-9.71445146547012e-17
2012-01-13,8,1.2,0.0418585676766236,0.041858567676623784,-1.8735013540549517e-16
2012-01-23,8,1.2,0.040948789285112794,0.040948789285112724,6.938893903907228e-17
2012-01-30,8,1.2,0.0605393415113132,0.06053934151131339,-1.942890293094024e-16
2012-02-06,8,1.2,0.0310426674740968,0.031042667474096848,-4.85722573273506e-17
2012-02-13,8,1.2,-0.075009601168157,-0.07500960116815733,3.3306690738754696e-16
2012-02-21,8,1.2,0.0120976443619018,0.012097644361901878,-7.806255641895632e-17
2012-02-28,8,1.2,-0.009016846954173,-0.009016846954172819,-1.8041124150158794e-16
2012-03-06,8,1.2,0.03261591787606967,0.032615917876069885,-2.1510571102112408e-16
2012-03-13,8,1.2,0.06377846871036401,0.06377846871036413,-1.249000902703301e-16
2012-03-20,8,1.2,-0.010658245652547,-0.010658245652547211,2.1163626406917047e-16
2012-03-27,8,1.2,0.006945328093372401,0.006945328093372441,-3.9898639947466563e-17
2012-04-03,8,1.2,-0.014237013633747598,-0.014237013633747419,-1.7867651802561113e-16
2012-04-11,8,1.2,0.003018913571459201,0.003018913571459221,-1.9949319973733282e-17
2012-04-18,8,1.2,-0.0369524253962066,-0.03695242539620646,-1.3877787807814457e-16
2012-04-25,6,1.1999999999999995,-0.0037364904900740003,-0.0037364904900739617,-3.859759734048396e-17
2012-05-02,7,1.1999999999999995,-0.06252976255155279,-0.06228941251300171,-0.00024035003855107928
2012-05-09,8,1.2,-0.047224602094414696,-0.047224602094414855,1.5959455978986625e-16
2012-05-16,8,1.2,0.045725707675608296,0.045725707675608754,-4.579669976578771e-16
2012-05-23,8,1.2,-0.06262636633952809,-0.06262636633952846,3.7470027081099033e-16
2012-05-31,7,1.1999999999999997,0.0366201697255215,0.0371992950609384,-0.0005791253354169024
2012-06-07,7,1.1999999999999997,-0.0321348223406091,-0.031239329209520578,-0.0008954931310885192
2012-06-14,7,1.1999999999999997,0.009610741515115699,0.00899428474608004,0.0006164567690356594
2012-06-21,7,1.1999999999999997,-0.0613467938450144,-0.06351106045496045,0.00216426660994605
2012-06-28,8,1.2,-0.005760899700119894,-0.005760899700119969,7.45931094670027e-17
2012-07-06,8,1.2,-0.0146502076556376,-0.01465020765563766,6.071532165918825e-17
2012-07-13,8,1.2,-0.0751393461897294,-0.07513934618973002,6.245004513516506e-16
2012-07-20,8,1.2,0.0328965287859832,0.03289652878598352,-3.191891195797325e-16
2012-07-27,8,1.2,-0.010339376498233998,-0.01033937649823419,1.9255430583342559e-16
2012-08-03,6,1.1999999999999995,0.023398997951913598,0.023398997951913674,-7.632783294297951e-17
2012-08-10,8,1.2,0.037575286066215595,0.03757528606621593,-3.3306690738754696e-16
2012-08-17,8,1.2,-0.014863248505814199,-0.014863248505814339,1.4051260155412137e-16
2012-08-24,8,1.2,-0.0010416482297715994,-0.0010416482297717095,1.1015494072452725e-16
2012-08-31,8,1.2,-0.005434422392903201,-0.005434422392903369,1.682681771697503e-16
2012-09-10,8,1.2,0.0130057765345904,0.013005776534590497,-9.71445146547012e-17
2012-09-17,8,1.2,0.006595869403105397,0.006595869403105442,-4.5102810375396984e-17
2012-09-24,8,1.2,0.0868761908444686,0.08687619084446885,-2.498001805406602e-16
2012-10-01,8,1.2,-0.031840782358506,-0.031840782358506355,3.5388358909926865e-16
2012-10-08,8,1.2,-0.030770017717056803,-0.030770017717056924,1.214306433183765e-16
2012-10-15,8,1.2,-0.027390820988476,-0.02739082098847611,1.1102230246251565e-16
2012-10-22,8,1.2,0.0343620797163668,0.034362079716366664,1.3877787807814457e-16
2012-10-31,8,1.2,-0.0360422543336676,-0.03604225433366775,1.457167719820518e-16
2012-11-07,8,1.2,0.060653348748396396,0.06065334874839674,-3.469446951953614e-16
2012-11-14,8,1.2,0.04817598952368961,0.04817598952368993,-3.191891195797325e-16
2012-11-21,8,1.2,-0.0105543117389292,-0.01055431173892968,4.805184028455756e-16
2012-11-29,8,1.2,0.0010638234461660006,0.0010638234461660097,-9.107298248878237e-18
2012-12-06,8,1.2,0.0391112059870438,0.039111205987043846,-4.85722573273506e-17
2012-12-13,8,1.2,-0.04485867453897201,-0.04485867453897228,2.706168622523819e-16
2012-12-20,8,1.2,-0.0090621084803788,-0.00906210848037894,1.4051260155412137e-16
2012-12-28,8,1.2,0.055882706810735,0.0558827068107354,-4.0245584642661925e-16
2013-01-07,8,1.2,-0.0009448025590611995,-0.0009448025590614024,2.0296264668928643e-16
2013-01-14,8,1.2,0.027848193478824397,0.02784819347882466,-2.636779683484747e-16
2013-01-22,8,1.2,0.1827607745138882,0.182760774513888,1.942890293094024e-16
2013-01-29,8,1.2,0.028430743144044,0.02843074314404418,-1.8041124150158794e-16
2013-02-05,8,1.2,-0.029717590288447,-0.029717590288446956,-4.5102810375396984e-17
2013-02-12,8,1.2,-0.0471295366956264,-0.04712953669562643,2.7755575615628914e-17
2013-02-20,8,1.2,-0.0418963565823148,-0.04189635658231487,6.938893903907228e-17
2013-02-27,8,1.2,0.0011343726399021987,0.0011343726399019802,2.185751579730777e-16
2013-03-06,8,1.2,0.041542031700920995,0.04154203170092121,-2.1510571102112408e-16
2013-03-13,8,1.2,-0.0346394724389232,-0.03463947243892335,1.457167719820518e-16
2013-03-20,8,1.2,0.0177033201163158,0.01770332011631592,-1.214306433183765e-16
2013-03-27,8,1.2,-0.0836831253269608,-0.0836831253269611,2.914335439641036e-16
2013-04-04,6,1.1999999999999995,0.0299126308201364,0.02991263082013635,4.85722573273506e-17
2013-04-11,6,1.1999999999999995,-0.035008254404877204,-0.035008254404877266,6.245004513516506e-17
2013-04-18,6,1.1999999999999995,0.143982988777987,0.1439829887779872,-2.220446049250313e-16
2013-04-25,8,1.2,0.005340349348036,0.005340349348036141,-1.4137996329210978e-16
2013-05-02,8,1.2,0.024043452731110602,0.02404345273111089,-2.8796409701215e-16
2013-05-09,8,1.2,0.0176224533884678,0.017622453388468018,-2.185751579730777e-16
2013-05-16,8,1.2,-0.0132136834578748,-0.01321368345787509,2.914335439641036e-16
2013-05-23,8,1.2,-0.040499278536675204,-0.04049927853667527,6.938893903907228e-17
2013-05-31,8,1.2,0.0520339741310544,0.052033974131054636,-2.3592239273284576e-16
2013-06-07,8,1.2,-0.0313533914825322,-0.03135339148253244,2.3592239273284576e-16
2013-06-14,8,1.2,-0.021412529763850798,-0.021412529763850947,1.491862189340054e-16
2013-06-21,8,1.2,0.0526249150284106,0.0526249150284111,-4.996003610813204e-16
2013-06-28,8,1.2,-0.0215213136571838,-0.02152131365718405,2.498001805406602e-16
2013-07-08,8,1.2,0.088321761486434,0.08832176148643439,-3.885780586188048e-16
2013-07-15,8,1.2,-0.0537661148323894,-0.053766114832389425,2.7755575615628914e-17
2013-07-22,8,1.2,-0.00048042052957020156,-0.00048042052957004977,-1.5178830414797062e-16
2013-07-29,8,1.2,-0.014627802846639799,-0.014627802846639656,-1.4224732503009818e-16
2013-08-05,8,1.2,-0.001017895166840999,-0.001017895166841181,1.8214596497756474e-16
2013-08-12,8,1.2,-0.0376066536482106,-0.03760665364821087,2.706168622523819e-16
2013-08-19,8,1.2,-0.008461716934366599,-0.008461716934366651,5.204170427930421e-17
2013-08-26,8,1.2,0.0453672198099826,0.0453672198099828,-2.0122792321330962e-16
2013-09-03,8,1.2,0.0280393805874798,0.028039380587480154,-3.5388358909926865e-16
2013-09-10,8,1.2,0.005708876739810799,0.00570887673981102,-2.203098814490545e-16
2013-09-17,8,1.2,-0.0252226892122656,-0.02522268921226584,2.393918396847994e-16
2013-09-24,8,1.2,0.0492776414035868,0.04927764140358698,-1.8041124150158794e-16
2013-10-01,8,1.2,-0.075767005088131,-0.07576700508813125,2.498001805406602e-16
2013-10-08,8,1.2,0.07141174255754441,0.07141174255754468,-2.636779683484747e-16
2013-10-15,8,1.2,-0.010606786838092401,-0.01060678683809238,-2.0816681711721685e-17
2013-10-22,8,1.2,-0.0083628761322928,-0.00836287613229288,7.979727989493313e-17
2013-10-29,8,1.2,0.010283259136918401,0.010283259136918476,-7.45931094670027e-17
2013-11-05,8,1.2,0.1002763624288552,0.10027636242885549,-2.914335439641036e-16
2013-11-12,8,1.2,-0.00046743426966699975,-0.00046743426966705005,5.0306980803327406e-17
2013-11-19,8,1.2,0.076812227133412,0.07681222713341229,-2.914335439641036e-16
2013-11-26,8,1.2,-0.0037364631904162017,-0.0037364631904159475,-2.5413698923060224e-16
2013-12-04,8,1.2,0.038639271973951,0.0386392719739512,-2.0122792321330962e-16
2013-12-11,8,1.2,0.020011980799583197,0.020011980799583304,-1.0755285551056204e-16
2013-12-18,8,1.2,0.024384821523996198,0.0243848215239963,-1.0061396160665481e-16
2013-12-26,8,1.2,-0.014477348252008,-0.014477348252008079,7.806255641895632e-17
2014-01-03,8,1.2,0.0212281178054314,0.021228117805431625,-2.255140518769849e-16
2014-01-10,8,1.2,0.0714095863528284,0.07140958635282851,-1.1102230246251565e-16
2014-01-17,8,1.2,-0.050644645027537405,-0.05064464502753761,2.0816681711721685e-16
2014-01-27,8,1.2,-0.014632237097309202,-0.014632237097309368,1.6653345369377348e-16
2014-02-03,6,1.1999999999999995,0.0706734263544722,0.07067342635447249,-2.914335439641036e-16
2014-02-10,6,1.1999999999999995,0.0661309309335246,0.0661309309335249,-3.0531133177191805e-16
2014-02-18,6,1.1999999999999995,0.0059467319272306,0.005946731927230676,-7.632783294297951e-17
2014-02-25,8,1.2,0.032458320378331004,0.03245832037833156,-5.551115123125783e-16
2014-03-04,8,1.2,-0.0592146326937482,-0.059214632693748284,8.326672684688674e-17
2014-03-11,8,1.2,-0.007655930102410199,-0.007655930102410094,-1.0495077029659683e-16
2014-03-18,8,1.2,-0.0836974564855032,-0.0836974564855036,4.0245584642661925e-16
2014-03-25,8,1.2,0.0246621170265712,0.0246621170265714,-1.97758476261356e-16
2014-04-01,8,1.2,-0.0826670707593629,-0.08266707075936311,2.0816681711721685e-16
2014-04-08,8,1.2,-0.0255444306529689,-0.025544430652968984,8.326672684688674e-17
2014-04-15,7,1.1999999999999995,0.0263624359624075,0.028418249572057,-0.0020558136096494976
2014-04-23,8,1.2,-0.0056982320156478295,-0.0056982320156477384,-9.107298248878237e-17
2014-04-30,8,1.2,0.06005070576861139,0.060050705768611275,1.1796119636642288e-16
2014-05-07,8,1.2,-0.002200329527835369,-0.0022003295278352373,-1.3183898417423734e-16
2014-05-14,8,1.2,-0.0311586296926723,-0.031158629692672423,1.214306433183765e-16
2014-05-21,8,1.2,0.004609670671006955,0.004609670671006965,-1.0408340855860843e-17
2014-05-29,6,1.1999999999999995,0.0214015719928553,0.021401571992855573,-2.740863092043355e-16
2014-06-05,8,1.2,0.0085057747354516,0.008505774735451678,-7.806255641895632e-17
2014-06-12,8,1.2,0.0511801813635164,0.05118018136351653,-1.249000902703301e-16
2014-06-19,8,1.2,-0.0502533413099716,-0.050253341309972034,4.371503159461554e-16
2014-06-26,8,1.2,0.0176223743398676,0.017622374339867703,-1.0408340855860843e-16
2014-07-03,8,1.2,0.0084234178719556,0.00842341787195574,-1.3877787807814457e-16
2014-07-11,8,1.2,0.019801623037702,0.019801623037701957,4.163336342344337e-17
2014-07-18,8,1.2,-0.053378935977839,-0.05337893597783934,3.400058012914542e-16
2014-07-25,8,1.2,-0.010943070037192398,-0.010943070037192405,6.938893903907228e-18
2014-08-01,8,1.2,-0.019180460255705,-0.01918046025570531,3.122502256758253e-16
2014-08-08,8,1.2,0.0353094518882354,0.03530945188823583,-4.3021142204224816e-16
2014-08-15,8,1.2,0.006715350601281601,0.006715350601281901,-3.0010716134398763e-16
2014-08-22,8,1.2,0.0135922875065396,0.01359228750653961,-1.0408340855860843e-17
2014-08-29,8,1.2,-0.0323283704966008,-0.032328370496600575,-2.220446049250313e-16
2014-09-08,8,1.2,-0.010680695094741587,-0.010680695094741779,1.9255430583342559e-16
2014-09-15,8,1.2,0.031349371505704965,0.031349371505705104,-1.3877787807814457e-16
2014-09-22,8,1.2,0.029066095610237697,0.029066095610237996,-2.983724378680108e-16
2014-09-29,8,1.2,-0.047385371307564796,-0.047385371307565004,2.0816681711721685e-16
2014-10-06,8,1.2,-0.0141279227943796,-0.01412792279437965,5.0306980803327406e-17
2014-10-13,8,1.2,0.0526580441791052,0.052658044179105544,-3.469446951953614e-16
2014-10-20,8,1.2,0.013937932509502999,0.013937932509502919,7.979727989493313e-17
2014-10-27,8,1.2,-0.008544535946199134,-0.00854453594619918,4.683753385137379e-17
2014-11-03,8,1.2,0.0617960565656844,0.06179605656568485,-4.510281037539698e-16
2014-11-10,8,1.2,0.014123134420434402,0.014123134420434627,-2.255140518769849e-16
2014-11-17,8,1.2,-0.008979235365554096,-0.0089792353655541,3.469446951953614e-18
2014-11-24,8,1.2,-0.0001608507335508027,-0.00016085073355071142,-9.128982292327947e-17
2014-12-02,8,1.2,-0.013836933408350401,-0.01383693340835061,2.0816681711721685e-16
2014-12-09,8,1.2,-0.016071560781090198,-0.016071560781090212,1.3877787807814457e-17
2014-12-16,8,1.2,0.011840067809728799,0.011840067809728919,-1.196959198423997e-16
2014-12-23,8,1.2,-0.0139755318023068,-0.013975531802306821,2.0816681711721685e-17
2014-12-31,8,1.2,0.027642639959385,0.02764263995938515,-1.5265566588595902e-16
2015-01-08,8,1.2,-0.0024344865241990006,-0.002434486524199005,4.336808689942018e-18
2015-01-15,8,1.2,0.051556791435079,0.051556791435079234,-2.3592239273284576e-16
2015-01-23,8,1.2,0.013684609418170998,0.01368460941817077,2.2898349882893854e-16
2015-01-30,8,1.2,-0.0288109503915814,-0.028810950391581387,-1.3877787807814457e-17
2015-02-06,8,1.2,0.024306586571756,0.024306586571756217,-2.185751579730777e-16
2015-02-13,8,1.2,0.003108954127361202,0.0031089541273609175,2.8449465006019636e-16
2015-02-23,8,1.2,0.009802494462119601,0.009802494462119758,-1.5612511283791264e-16
2015-03-02,8,1.2,-0.013512031061689701,-0.013512031061689979,2.7755575615628914e-16
2015-03-09,7,1.1999999999999995,0.0135987888608043,0.014100268499196954,-0.0005014796383926538
2015-03-16,7,1.1999999999999995,0.0254155896883599,0.025734030900910344,-0.00031844121255044516
2015-03-23,8,1.2,-0.038600145459489504,-0.038600145459489754,2.498001805406602e-16
2015-03-30,8,1.2,0.0257381846429569,0.02573818464295699,-9.020562075079397e-17
2015-04-07,8,1.2,0.023802146717736103,0.02380214671773639,-2.8796409701215e-16
2015-04-14,8,1.2,0.012849950121854699,0.012849950121854789,-9.020562075079397e-17
2015-04-21,8,1.2,-0.014435284665366602,-0.014435284665366735,1.3357370765021415e-16
2015-04-28,7,1.1999999999999995,0.0131785248932244,0.012857260307886509,0.00032126458533789093
2015-05-05,8,1.2,-0.0240720468066546,-0.024072046806654413,-1.8735013540549517e-16
2015-05-12,8,1.2,-0.014706360798280598,-0.014706360798280558,-3.9898639947466563e-17
2015-05-19,6,1.1999999999999995,-0.018651055666518403,-0.018651055666518434,3.122502256758253e-17
2015-05-27,8,1.2,0.00024461300253619984,0.0002446130025361799,1.9949319973733282e-17
2015-06-03,8,1.2,0.0327587880857846,0.032758788085784946,-3.469446951953614e-16
2015-06-10,8,1.2,0.0234602957183154,0.023460295718315552,-1.5265566588595902e-16
2015-06-17,8,1.2,-0.021538717514496,-0.021538717514496177,1.7694179454963432e-16
2015-06-24,8,1.2,-0.0208904102464764,-0.02089041024647694,5.412337245047638e-16
2015-07-01,8,1.2,0.011533517710510002,0.011533517710510258,-2.5673907444456745e-16
2015-07-09,8,1.2,0.083382315210733,0.0833823152107334,-4.0245584642661925e-16
2015-07-16,8,1.2,-0.027023945029798803,-0.02702394502979892,1.1796119636642288e-16
2015-07-23,8,1.2,0.0270583483192684,0.02705834831926884,-4.40619762898109e-16
2015-07-30,8,1.2,0.051372728165129,0.05137272816512907,-6.938893903907228e-17
2015-08-06,8,1.2,0.024896755965494,0.024896755965493976,2.42861286636753e-17
2015-08-13,8,1.2,-0.1099046054747866,-0.10990460547478692,3.191891195797325e-16
2015-08-20,8,1.2,0.058302235386369,0.05830223538636921,-2.0816681711721685e-16
2015-08-27,6,1.1999999999999995,-0.1001013695316452,-0.10010136953164536,1.6653345369377348e-16
2015-09-03,6,1.1999999999999995,0.036985454137328004,0.03698545413732827,-2.636779683484747e-16
2015-09-11,8,1.2,0.0396047170756106,0.039604717075610696,-9.71445146547012e-17
2015-09-18,8,1.2,-0.101615091925038,-0.1016150919250383,3.0531133177191805e-16
2015-09-25,8,1.2,0.048377624333116195,0.04837762433311653,-3.3306690738754696e-16
2015-10-02,8,1.2,0.0309425727677044,0.030942572767704873,-4.718447854656915e-16
2015-10-09,8,1.2,0.0271507699910986,0.027150769991098646,-4.5102810375396984e-17
2015-10-16,8,1.2,0.023503688725588,0.02350368872558823,-2.2898349882893854e-16
2015-10-23,8,1.2,0.0138866185291826,0.01388661852918267,-6.938893903907228e-17
2015-10-30,8,1.2,0.0383353578704588,0.0383353578704588,0.0
2015-11-06,8,1.2,-0.0246311362865628,-0.02463113628656316,3.608224830031759e-16
2015-11-13,8,1.2,0.0443742159723012,0.04437421597230167,-4.718447854656915e-16
2015-11-20,8,1.2,0.02867458082370384,0.028674580823704082,-2.42861286636753e-16
2015-11-30,8,1.2,0.00022574185199619994,0.0002257418519959497,2.502338614096544e-16
2015-12-07,8,1.2,-0.023301361938909,-0.02330136193890909,9.020562075079397e-17
2015-12-14,8,1.2,-0.0038215449013156,-0.0038215449013156797,7.979727989493313e-17
2015-12-21,8,1.2,0.0338365123096086,0.033836512309608865,-2.636779683484747e-16
2015-12-29,8,1.2,-0.1438373939504244,-0.14383739395042477,3.608224830031759e-16
2016-01-04,2,0.6,-0.05232175119700801,-0.05232175119700812,1.1102230246251565e-16
2016-01-06,8,1.2,-0.015300656383762198,-0.015300656383762108,-9.020562075079397e-17
2016-01-11,3,0.5999999999999996,-0.0468819593178171,-0.046881959317817135,3.469446951953614e-17
2016-01-13,6,1.1999999999999995,-0.0363679200199476,-0.03636792001994771,1.1102230246251565e-16
2016-01-19,2,0.6,-0.0269286197619461,-0.0269286197619462,1.0061396160665481e-16
2016-01-21,4,1.2,-0.0904697607750744,-0.09046976077507451,1.1102230246251565e-16
2016-01-26,2,0.6,-0.0177134716737017,-0.01771347167370168,-2.0816681711721685e-17
2016-01-28,6,1.1999999999999995,0.022568959284907996,0.02256895928490807,-7.28583859910259e-17
2016-02-02,3,0.5999999999999996,-0.0416634757702273,-0.04166347577022739,9.020562075079397e-17
2016-02-04,8,1.2,-0.0525261942659882,-0.05252619426598876,5.551115123125783e-16
2016-02-09,2,0.6,0.0287980456437986,0.02879804564379864,-4.163336342344337e-17
2016-02-11,8,1.2,0.051473703725832,0.05147370372583224,-2.3592239273284576e-16
2016-02-17,3,0.5999999999999996,0.0036313421979603,0.0036313421979603383,-3.8163916471489756e-17
2016-02-19,8,1.2,-0.0053043832124554,-0.00530438321245548,7.979727989493313e-17
2016-02-24,3,0.5999999999999996,0.0241366155954661,0.024136615595466225,-1.249000902703301e-16
2016-02-26,8,1.2,0.0376604901848452,0.03766049018484561,-4.0939474033052647e-16
2016-03-02,4,0.6,-0.00933455872787374,-0.009334558727873714,-2.6020852139652106e-17
2016-03-04,8,1.2,-0.050107583226078604,-0.05010758322607848,-1.249000902703301e-16
2016-03-09,4,0.6,0.0335069789132655,0.033506978913265636,-1.3877787807814457e-16
2016-03-11,8,1.2,0.0606389238113494,0.0606389238113495,-9.71445146547012e-17
2016-03-16,4,0.6,-0.015144095427138002,-0.01514409542713821,2.0816681711721685e-16
2016-03-18,8,1.2,0.0124572975581134,0.01245729755811345,-5.0306980803327406e-17
2016-03-23,4,0.6,0.032679300139780446,0.03267930013978062,-1.734723475976807e-16
2016-03-28,8,1.2,-0.033490385756497806,-0.03349038575649783,2.0816681711721685e-17
2016-03-31,4,0.6,-0.0078999788513568,-0.007899978851356817,1.734723475976807e-17
2016-04-04,8,1.2,0.0578453516823094,0.057845351682309504,-1.0408340855860843e-16
2016-04-07,4,0.6,0.0186463299365675,0.018646329936567452,4.85722573273506e-17
2016-04-11,8,1.2,0.047996349406362,0.0479963494063622,-2.0122792321330962e-16
2016-04-14,4,0.6,0.0244314093620003,0.02443140936200055,-2.498001805406602e-16
2016-04-18,8,1.2,-0.0431267118510542,-0.04312671185105466,4.649058915617843e-16
2016-04-21,3,0.5999999999999996,0.0284761790948932,0.02847617909489334,-1.3877787807814457e-16
2016-04-25,8,1.2,0.014246901239315598,0.01424690123931573,-1.3183898417423734e-16
2016-04-28,3,0.5999999999999996,-0.042532912205638006,-0.04253291220563807,6.245004513516506e-17
2016-05-02,8,1.2,-0.019298554870210604,-0.01929855487021032,-2.8449465006019636e-16
2016-05-05,4,0.6,-0.033272612599255,-0.0332726125992551,9.71445146547012e-17
2016-05-09,8,1.2,-0.0043667365469334,-0.004366736546933579,1.7867651802561113e-16
2016-05-12,4,0.6,-0.0086934215998809,-0.008693421599880975,7.45931094670027e-17
2016-05-16,8,1.2,-0.012346171017426197,-0.012346171017426508,3.1051550219984847e-16
2016-05-19,3,0.5999999999999996,0.018811432116638303,0.01881143211663831,-6.938893903907228e-18
2016-05-23,8,1.2,0.011804533267747,0.011804533267747226,-2.255140518769849e-16
2016-05-26,3,0.5999999999999996,0.008842908932699699,0.008842908932699754,-5.551115123125783e-17
2016-05-31,8,1.2,0.008453539120443599,0.00845353912044378,-1.8041124150158794e-16
2016-06-03,3,0.5999999999999996,-0.0013961011980821005,-0.001396101198082179,7.849623728795052e-17
2016-06-07,8,1.2,0.008782831154723949,0.00878283115472403,-8.153200337090993e-17
2016-06-10,3,0.5999999999999996,0.0576900474690226,0.057690047469022704,-1.0408340855860843e-16
2016-06-14,8,1.2,0.0434161317300478,0.04341613173004803,-2.3592239273284576e-16
2016-06-17,3,0.5999999999999996,-0.0414696499982328,-0.04146964999823279,-6.938893903907228e-18
2016-06-21,8,1.2,0.0170319854999918,0.01703198549999211,-3.0878077872387166e-16
2016-06-24,4,0.6,0.0239895142655874,0.023989514265587444,-4.5102810375396984e-17
2016-06-28,8,1.2,0.0024654275064251996,0.00246542750642508,1.196959198423997e-16
2016-07-01,4,0.6,0.06549604535079591,0.06549604535079595,-4.163336342344337e-17
2016-07-06,8,1.2,0.0816908536822694,0.08169085368226958,-1.8041124150158794e-16
2016-07-11,4,0.6,0.0170515184036786,0.017051518403678582,1.734723475976807e-17
2016-07-13,8,1.2,0.0332268643517524,0.03322686435175257,-1.734723475976807e-16
2016-07-18,4,0.6,0.0676366941215309,0.06763669412153091,-1.3877787807814457e-17
2016-07-20,8,1.2,0.1150045709017318,0.11500457090173194,-1.3877787807814457e-16
2016-07-25,4,0.6,-0.0389392372715951,-0.038939237271595276,1.734723475976807e-16
2016-07-27,8,1.2,0.009736717627804602,0.009736717627804743,-1.4051260155412137e-16
2016-08-01,4,0.6,0.0428460386763719,0.042846038676372024,-1.249000902703301e-16
2016-08-03,8,1.2,0.0254212185082174,0.02542121850821766,-2.6020852139652106e-16
2016-08-08,4,0.6,0.032106933264343995,0.032106933264344155,-1.5959455978986625e-16
2016-08-10,8,1.2,0.059610557879389584,0.05961055787939004,-4.579669976578771e-16
2016-08-15,4,0.6,0.028864764046228498,0.028864764046228737,-2.393918396847994e-16
2016-08-17,8,1.2,0.0014884062796241982,0.0014884062796239632,2.3505503099485736e-16
2016-08-22,4,0.6,0.0007251913953118996,0.0007251913953120149,-1.1535911115245767e-16
2016-08-24,8,1.2,-0.009239221089817198,-0.009239221089817111,-8.673617379884035e-17
2016-08-29,4,0.6,-6.338167913350025e-05,-6.338167913350458e-05,4.336808689942018e-18
2016-08-31,8,1.2,-0.0781240077437412,-0.07812400774374137,1.6653345369377348e-16
2016-09-06,4,0.6,-0.0379912702979607,-0.037991270297960934,2.3592239273284576e-16
2016-09-08,8,1.2,0.0233845542491798,0.023384554249179963,-1.6306400674181987e-16
2016-09-13,4,0.6,0.039792813346148495,0.03979281334614862,-1.249000902703301e-16
2016-09-15,8,1.2,0.0375038791228754,0.037503879122875686,-2.8449465006019636e-16
2016-09-20,4,0.6,0.0031209194354162003,0.0031209194354163156,-1.1535911115245767e-16
2016-09-22,8,1.2,0.0325788998318428,0.03257889983184291,-1.1102230246251565e-16
2016-09-27,4,0.6,0.0114906281230093,0.01149062812300947,-1.700029006457271e-16
2016-09-29,8,1.2,-0.012481480499041398,-0.01248148049904174,3.41740524767431e-16
2016-10-04,4,0.6,-0.0140408451610702,-0.014040845161070294,9.367506770274758e-17
2016-10-06,8,1.2,-0.031339614376244204,-0.03133961437624449,2.8449465006019636e-16
2016-10-11,4,0.6,0.003478505465577649,0.0034785054655775693,7.979727989493313e-17
2016-10-13,8,1.2,0.033123750572915,0.03312375057291504,-4.163336342344337e-17
2016-10-18,4,0.6,0.007373957640030298,0.007373957640030361,-6.245004513516506e-17
2016-10-20,8,1.2,0.0351189308988608,0.03511893089886069,1.1102230246251565e-16
2016-10-25,4,0.6,-0.0260981665139522,-0.02609816651395216,-3.8163916471489756e-17
2016-10-27,8,1.2,-0.0814794753259672,-0.08147947532596753,3.3306690738754696e-16
2016-11-01,3,0.5999999999999996,0.0072176102716513995,0.007217610271651375,2.42861286636753e-17
2016-11-03,8,1.2,0.1245713664909752,0.12457136649097546,-2.636779683484747e-16
2016-11-08,4,0.6,-0.036187324228865406,-0.03618732422886549,8.326672684688674e-17
2016-11-10,8,1.2,-0.017471716237004394,-0.017471716237004494,1.0061396160665481e-16
2016-11-15,4,0.6,0.031777773298249795,0.03177777329824992,-1.249000902703301e-16
2016-11-17,8,1.2,0.1082163488043652,0.10821634880436566,-4.579669976578771e-16
2016-11-22,4,0.6,-0.016307451437510598,-0.016307451437510802,2.0469737016526324e-16
2016-11-25,8,1.2,-0.0138744376712264,-0.013874437671226437,3.642919299551295e-17
2016-11-30,4,0.6,0.0326308131997512,0.03263081319975146,-2.5673907444456745e-16
2016-12-02,8,1.2,0.021882088562860398,0.0218820885628605,-1.0061396160665481e-16
2016-12-07,4,0.6,0.0008987395231678003,0.0008987395231679089,-1.0863705768304754e-16
2016-12-09,8,1.2,0.017482270590843604,0.017482270590843802,-1.97758476261356e-16
2016-12-14,4,0.6,-0.0006455670216665993,-0.0006455670216665432,-5.605325231750058e-17
2016-12-16,8,1.2,0.090929768556822,0.09092976855682246,-4.579669976578771e-16
2016-12-21,4,0.6,-0.0058072286263646,-0.005807228626364685,8.500145032286355e-17
2016-12-23,8,1.2,-0.0407967861593144,-0.040796786159314403,6.938893903907228e-18
2016-12-29,3,0.5999999999999996,0.0152081461023423,0.015208146102342428,-1.2836953722228372e-16
2017-01-03,8,1.2,0.0456594544170236,0.045659454417023695,-9.71445146547012e-17
2017-01-06,3,0.5999999999999996,-0.037608258385069496,-0.03760825838506958,8.326672684688674e-17
2017-01-10,8,1.2,-0.004330176953774398,-0.004330176953774523,1.249000902703301e-16
2017-01-13,4,0.6,0.033718924913483696,0.03371892491348376,-6.245004513516506e-17
2017-01-18,8,1.2,0.0621328965570234,0.0621328965570237,-2.983724378680108e-16
2017-01-23,4,0.6,-0.012371645773820099,-0.01237164577382025,1.5092094240998222e-16
2017-01-25,8,1.2,0.0461089204948898,0.046108920494889905,-1.0408340855860843e-16
2017-01-30,4,0.6,0.0139513008321586,0.013951300832158524,7.632783294297951e-17
2017-02-01,8,1.2,0.026509034136412,0.02650903413641202,-2.0816681711721685e-17
2017-02-06,4,0.6,0.0340566886480015,0.034056688648001446,5.551115123125783e-17
2017-02-08,8,1.2,-0.006863318662678596,-0.006863318662678735,1.3877787807814457e-16
2017-02-13,4,0.6,0.004007614145190401,0.004007614145190478,-7.719519468096792e-17
2017-02-15,8,1.2,0.007489553818230396,0.007489553818230299,9.71445146547012e-17
2017-02-21,4,0.6,-0.0213973950361579,-0.021397395036158052,1.5265566588595902e-16
2017-02-23,8,1.2,-0.0356254148948352,-0.03562541489483532,1.1796119636642288e-16
2017-02-28,4,0.6,-0.019154945052793297,-0.019154945052793457,1.5959455978986625e-16
2017-03-02,8,1.2,-0.0006323269500654004,-0.0006323269500655773,1.7694179454963432e-16
2017-03-07,4,0.6,0.0173171457909242,0.0173171457909244,-2.0122792321330962e-16
2017-03-09,8,1.2,-0.0003495496439124002,-0.0003495496439124904,9.020562075079397e-17
2017-03-14,4,0.6,0.0043014490579530995,0.004301449057953149,-4.9439619065339e-17
2017-03-16,8,1.2,-0.0143404645290778,-0.014340464529077728,-7.112366251504909e-17
2017-03-21,4,0.6,0.0170311288754715,0.017031128875471577,-7.632783294297951e-17
2017-03-23,8,1.2,0.0324538670014508,0.032453867001450934,-1.3183898417423734e-16
2017-03-28,4,0.6,0.019335838430773,0.019335838430773213,-2.1163626406917047e-16
2017-03-30,8,1.2,0.0197343822836918,0.019734382283691957,-1.5612511283791264e-16
2017-04-04,4,0.6,-0.006414327779989499,-0.006414327779989378,-1.214306433183765e-16
2017-04-06,8,1.2,-0.031700110402448,-0.03170011040244837,3.677613769070831e-16
2017-04-11,4,0.6,0.0073339283966219,0.007333928396621985,-8.500145032286355e-17
2017-04-13,8,1.2,0.0174069976076974,0.01740699760769751,-1.1102230246251565e-16
2017-04-19,4,0.6,0.0092515403030733,0.009251540303073406,-1.0581813203458523e-16
2017-04-21,8,1.2,0.0343946178084992,0.034394617808499596,-3.95516952522712e-16
2017-04-26,4,0.6,-0.0486028473306324,-0.04860284733063265,2.498001805406602e-16
2017-04-28,8,1.2,-0.0455976313693658,-0.04559763136936571,-9.020562075079397e-17
2017-05-03,4,0.6,0.0145510816632116,0.014551081663211611,-1.0408340855860843e-17
2017-05-05,8,1.2,0.035827060140482994,0.035827060140483175,-1.8041124150158794e-16
2017-05-10,4,0.6,-0.0068019973176053,-0.006801997317605355,5.4643789493269423e-17
2017-05-12,8,1.2,-0.013641724504740202,-0.013641724504740417,2.1510571102112408e-16
2017-05-17,4,0.6,0.0238855892705267,0.02388558927052692,-2.185751579730777e-16
2017-05-19,8,1.2,0.0293431491071276,0.029343149107127788,-1.8735013540549517e-16
2017-05-24,4,0.6,0.0152716280275856,0.015271628027585683,-8.326672684688674e-17
2017-05-26,8,1.2,0.03223752284021844,0.03223752284021868,-2.3592239273284576e-16
2017-06-01,4,0.6,0.0042050171200467,0.0042050171200467,0.0
2017-06-05,8,1.2,-0.0225343962228838,-0.02253439622288397,1.700029006457271e-16
2017-06-08,4,0.6,-0.0026769317592874008,-0.002676931759287465,6.418476861114186e-17
2017-06-12,8,1.2,0.009089288768302402,0.009089288768302351,5.0306980803327406e-17
2017-06-15,4,0.6,0.014770940133804498,0.014770940133804615,-1.1622647289044608e-16
2017-06-19,8,1.2,-0.0411212097002926,-0.041121209700292885,2.8449465006019636e-16
2017-06-22,4,0.6,-0.0324322795139764,-0.03243227951397637,-2.7755575615628914e-17
2017-06-26,8,1.2,-0.0225949050319532,-0.02259490503195345,2.498001805406602e-16
2017-06-29,4,0.6,0.016681866218043698,0.016681866218043778,-7.979727989493313e-17
2017-07-03,6,1.1999999999999995,0.09516485333787945,0.0951648533378796,-1.5265566588595902e-16
2017-07-07,4,0.6,0.0221222839312093,0.022122283931209352,-5.204170427930421e-17
2017-07-11,8,1.2,0.023234369863847602,0.023234369863847942,-3.400058012914542e-16
2017-07-14,4,0.6,0.015144362967339502,0.015144362967339748,-2.463307335887066e-16
2017-07-18,8,1.2,0.023513610557483598,0.023513610557484,-4.0245584642661925e-16
2017-07-21,4,0.6,-0.024735857202987478,-0.024735857202987703,2.255140518769849e-16
2017-07-25,8,1.2,-0.028547868691646,-0.02854786869164634,3.400058012914542e-16
2017-07-28,4,0.6,0.0057974535217081,0.005797453521708225,-1.2576745200831851e-16
2017-08-01,8,1.2,-0.040328130430127396,-0.04032813043012731,-8.326672684688674e-17
2017-08-04,4,0.6,-0.0051758263462798,-0.005175826346279939,1.3964523981613297e-16
2017-08-08,8,1.2,-0.0209470778244328,-0.020947077824433,1.97758476261356e-16
2017-08-11,4,0.6,-0.0102891122580542,-0.010289112258054196,-5.204170427930421e-18
2017-08-15,8,1.2,0.0113074747308634,0.011307474730863479,-7.806255641895632e-17
2017-08-18,4,0.6,0.015445371072973,0.01544537107297308,-7.979727989493313e-17
2017-08-22,6,1.1999999999999995,0.021416543591072004,0.02141654359107207,-6.591949208711867e-17
2017-08-25,4,0.6,0.012065942880202999,0.012065942880203248,-2.498001805406602e-16
2017-08-29,8,1.2,0.0363361590135582,0.03633615901355847,-2.636779683484747e-16
2017-09-01,4,0.6,0.0101203497198806,0.010120349719880774,-1.734723475976807e-16
2017-09-06,8,1.2,-0.027804440506227,-0.02780444050622706,5.898059818321144e-17
2017-09-11,4,0.6,0.009532819972089799,0.009532819972089886,-8.673617379884035e-17
2017-09-13,8,1.2,0.0166219822778818,0.01662198227788197,-1.700029006457271e-16
2017-09-18,4,0.6,-0.029066336594331603,-0.02906633659433167,6.591949208711867e-17
2017-09-20,8,1.2,-0.029513000520049,-0.02951300052004923,2.2898349882893854e-16
2017-09-25,4,0.6,0.0226031486804278,0.022603148680427954,-1.5265566588595902e-16
2017-09-27,8,1.2,0.047776181334729995,0.047776181334730175,-1.8041124150158794e-16
2017-10-02,4,0.6,0.015638498827599698,0.015638498827599868,-1.700029006457271e-16
2017-10-04,8,1.2,0.0239145724590166,0.023914572459016827,-2.255140518769849e-16
2017-10-09,4,0.6,0.0034048785458916002,0.00340487854589175,-1.496198998029996e-16
2017-10-11,8,1.2,0.025981691360783196,0.02598169136078364,-4.440892098500626e-16
2017-10-16,4,0.6,0.012997678230863799,0.012997678230863912,-1.1275702593849246e-16
2017-10-18,8,1.2,0.005273361237407799,0.00527336123740773,6.938893903907228e-17
2017-10-23,4,0.6,0.030646173985115398,0.03064617398511555,-1.5265566588595902e-16
2017-10-25,8,1.2,0.0644378193596778,0.06443781935967813,-3.3306690738754696e-16
2017-10-30,4,0.6,-0.0011672444411612998,-0.0011672444411612547,-4.5102810375396984e-17
2017-11-01,8,1.2,0.008480341512988201,0.008480341512988017,1.8388068845354155e-16
2017-11-06,4,0.6,0.021816637955487,0.02181663795548706,-6.245004513516506e-17
2017-11-08,8,1.2,0.0332045500823476,0.03320455008234783,-2.2898349882893854e-16
2017-11-13,4,0.6,0.014799477730578199,0.01479947773057833,-1.3183898417423734e-16
2017-11-15,8,1.2,0.0269552204762766,0.02695522047627666,-5.898059818321144e-17
2017-11-20,4,0.6,-0.039335651365075205,-0.03933565136507534,1.3183898417423734e-16
2017-11-22,8,1.2,-0.0798105710270656,-0.07981057102706601,4.163336342344337e-16
2017-11-28,4,0.6,-0.025177052564064696,-0.025177052564064793,9.71445146547012e-17
2017-11-30,8,1.2,-0.0099234148435734,-0.00992341484357361,2.0990154059319366e-16
2017-12-05,4,0.6,-0.0004765640417276999,-0.0004765640417276853,-1.463672932855431e-17
2017-12-07,8,1.2,5.1875686028800445e-05,5.187568602872932e-05,7.112366251504909e-17
2017-12-12,4,0.6,0.011435534171971,0.01143553417197105,-4.85722573273506e-17
2017-12-14,8,1.2,0.0341864558193194,0.03418645581931956,-1.5959455978986625e-16
2017-12-19,4,0.6,0.0097862651105622,0.009786265110562185,1.5612511283791264e-17
2017-12-21,8,1.2,0.0272549426636002,0.027254942663600686,-4.85722573273506e-16
2017-12-27,4,0.6,0.0418097664019807,0.04180976640198095,-2.498001805406602e-16
2017-12-29,8,1.2,0.0128747328546874,0.012874732854687506,-1.0581813203458523e-16
2018-01-04,4,0.6,0.012400528482487398,0.012400528482487544,-1.457167719820518e-16
2018-01-08,8,1.2,0.014294827223498799,0.014294827223498983,-1.8388068845354155e-16
2018-01-11,4,0.6,0.0158740758994892,0.01587407589948918,2.0816681711721685e-17
2018-01-16,8,1.2,0.0362066605709128,0.03620666057091286,-6.245004513516506e-17
2018-01-19,4,0.6,0.0220091322864873,0.02200913228648735,-4.85722573273506e-17
2018-01-23,8,1.2,0.035889813612683,0.03588981361268302,-2.0816681711721685e-17
2018-01-26,4,0.6,-0.0493402543590246,-0.049340254359024734,1.3183898417423734e-16
2018-01-30,8,1.2,-0.0843908855539557,-0.08439088555395594,2.3592239273284576e-16
2018-02-02,4,0.6,0.005581542688035501,0.005581542688035479,2.168404344971009e-17
2018-02-06,8,1.2,0.0560048423427913,0.05600484234279139,-9.020562075079397e-17
2018-02-09,4,0.6,0.0281243195018386,0.028124319501838725,-1.249000902703301e-16
2018-02-13,8,1.2,0.017099626051608197,0.01709962605160842,-2.220446049250313e-16
2018-02-16,4,0.6,0.018232161399033803,0.018232161399034018,-2.1510571102112408e-16
2018-02-21,8,1.2,0.028250779547415103,0.028250779547415283,-1.8041124150158794e-16
2018-02-26,4,0.6,0.0158121040770987,0.015812104077098668,3.122502256758253e-17
2018-02-28,8,1.2,0.0548284457558637,0.05482844575586396,-2.5673907444456745e-16
2018-03-05,4,0.6,0.0007396677024086003,0.0007396677024086246,-2.42861286636753e-17
2018-03-07,8,1.2,-0.00011456491928690023,-0.00011456491928677577,-1.244664094013359e-16
2018-03-12,4,0.6,0.0082280431695542,0.00822804316955433,-1.3010426069826053e-16
2018-03-14,8,1.2,-0.025950129225249002,-0.025950129225249106,1.0408340855860843e-16
2018-03-19,4,0.6,-0.0332736613069192,-0.033273661306919326,1.249000902703301e-16
2018-03-21,7,1.1999999999999995,-0.0453304210129389,-0.04433060928030516,-0.0009998117326337416
2018-03-26,4,0.6,-0.0072194791756725,-0.007219479175672424,-7.632783294297951e-17
2018-03-28,8,1.2,-0.0406130079152302,-0.040613007915230245,4.85722573273506e-17
2018-04-03,4,0.6,0.0071145466227026995,0.00711454662270276,-6.071532165918825e-17
2018-04-05,8,1.2,0.0520912906424836,0.05209129064248396,-3.608224830031759e-16
2018-04-10,4,0.6,0.024093164407634,0.024093164407634014,-1.3877787807814457e-17
2018-04-12,8,1.2,0.0250869201022624,0.025086920102262614,-2.1510571102112408e-16
2018-04-17,4,0.6,-0.0141823481218987,-0.014182348121898839,1.3877787807814457e-16
2018-04-19,8,1.2,-0.0161923127253194,-0.016192312725319513,1.1449174941446927e-16
2018-04-24,4,0.6,0.005863837668636801,0.005863837668636809,-8.673617379884035e-18
2018-04-26,8,1.2,0.049643469852008903,0.04964346985200915,-2.498001805406602e-16
2018-05-01,4,0.6,0.0097143947572472,0.009714394757247315,-1.1449174941446927e-16
2018-05-03,8,1.2,0.026102386378880002,0.026102386378880234,-2.3245294578089215e-16
2018-05-08,4,0.6,0.0078260766469389,0.00782607664693884,5.898059818321144e-17
2018-05-10,8,1.2,-0.0043598504302431,-0.004359850430243145,4.5102810375396984e-17
2018-05-15,4,0.6,-0.0236563269653648,-0.023656326965364776,-2.42861286636753e-17
2018-05-17,8,1.2,0.0146900325605689,0.014690032560569118,-2.1684043449710089e-16
2018-05-22,4,0.6,0.0083623884456194,0.008362388445619484,-8.500145032286355e-17
2018-05-24,8,1.2,0.035375655470718595,0.035375655470719,-4.0245584642661925e-16
2018-05-30,4,0.6,0.019165397849858698,0.019165397849858865,-1.6653345369377348e-16
2018-06-01,8,1.2,0.0438674359361698,0.04386743593617004,-2.42861286636753e-16
2018-06-06,4,0.6,0.032031714734504,0.03203171473450422,-2.1510571102112408e-16
2018-06-08,8,1.2,0.0574813305064137,0.05748133050641391,-2.0816681711721685e-16
2018-06-13,4,0.6,0.0020418058937700006,0.0020418058937700903,-8.977193988179977e-17
2018-06-15,8,1.2,-0.064435021681106,-0.0644350216811064,4.0245584642661925e-16
2018-06-20,4,0.6,-0.023089654108643498,-0.023089654108643668,1.700029006457271e-16
2018-06-22,8,1.2,0.0136310421605436,0.01363104216054366,-5.898059818321144e-17
2018-06-27,4,0.6,0.0199093345806253,0.019909334580625423,-1.249000902703301e-16
2018-06-29,8,1.2,0.0612457964499098,0.06124579644991025,-4.510281037539698e-16
2018-07-05,4,0.6,-0.0043524043271001,-0.00435240432710016,5.984795992119984e-17
2018-07-09,8,1.2,-0.0393308618383234,-0.03933086183832336,-4.163336342344337e-17
2018-07-12,4,0.6,-0.0014359426403561001,-0.0014359426403560505,-4.96564594998361e-17
2018-07-16,8,1.2,-0.0210543315008486,-0.02105433150084864,3.8163916471489756e-17
2018-07-19,4,0.6,0.006233186115155401,0.006233186115155281,1.196959198423997e-16
2018-07-23,8,1.2,0.014673200925676711,0.014673200925676859,-1.474514954580286e-16
2018-07-26,4,0.6,0.047679183173804096,0.04767918317380417,-7.632783294297951e-17
2018-07-30,8,1.2,0.0238775997174682,0.02387759971746845,-2.498001805406602e-16
2018-08-02,4,0.6,0.006030426225698374,0.006030426225698429,-5.4643789493269423e-17
2018-08-06,8,1.2,0.025465667127468998,0.025465667127469078,-7.979727989493313e-17
2018-08-09,4,0.6,0.0222502292584256,0.022250229258425656,-5.551115123125783e-17
2018-08-13,8,1.2,0.07640382304067,0.07640382304067052,-5.134781488891349e-16
2018-08-16,4,0.6,0.051247468728571104,0.051247468728571284,-1.8041124150158794e-16
2018-08-20,8,1.2,0.07553616359485361,0.075536163594854,-3.885780586188048e-16
2018-08-23,4,0.6,0.0163473766101354,0.016347376610135488,-8.673617379884035e-17
2018-08-27,8,1.2,0.03633921379063,0.036339213790630175,-1.734723475976807e-16
2018-08-30,4,0.6,0.0351938530421193,0.03519385304211953,-2.2898349882893854e-16
2018-09-04,8,1.2,0.0905457710537926,0.09054577105379302,-4.163336342344337e-16
2018-09-07,4,0.6,0.020041495843545004,0.020041495843545015,-1.0408340855860843e-17
2018-09-11,8,1.2,-0.059088870635468596,-0.059088870635468756,1.5959455978986625e-16
2018-09-14,4,0.6,-0.0302216993604606,-0.03022169936046069,9.020562075079397e-17
2018-09-18,8,1.2,-0.007358961341667702,-0.007358961341667695,-6.938893903907228e-18
2018-09-21,4,0.6,-0.0032047776045830006,-0.0032047776045830076,6.938893903907228e-18
2018-09-25,7,1.1999999999999995,-0.053873856424152905,-0.05150413505479288,-0.002369721369360027
2018-09-28,4,0.6,-0.0465277765646747,-0.04652777656467474,3.469446951953614e-17
2018-10-02,8,1.2,-0.069106506423214,-0.06910650642321423,2.220446049250313e-16
2018-10-05,4,0.6,-0.0019282995887428007,-0.0019282995887428202,1.951563910473908e-17
2018-10-09,8,1.2,0.0929285226800976,0.09292852268009791,-3.0531133177191805e-16
2018-10-12,4,0.6,0.011635727680758,0.011635727680758028,-2.7755575615628914e-17
2018-10-16,8,1.2,-0.11426738844338219,-0.11426738844338241,2.220446049250313e-16
2018-10-19,4,0.6,-0.0748411689722059,-0.07484116897220608,1.8041124150158794e-16
2018-10-23,8,1.2,0.007256015155339801,0.007256015155339898,-9.71445146547012e-17
2018-10-26,3,0.5999999999999996,0.0506982519518223,0.050698251951822364,-6.245004513516506e-17
2018-10-30,8,1.2,0.071229348225197,0.0712293482251973,-3.0531133177191805e-16
2018-11-02,3,0.5999999999999996,-0.014826473866418,-0.014826473866418052,5.204170427930421e-17
2018-11-06,8,1.2,-0.0512091366939246,-0.05120913669392481,2.0816681711721685e-16
2018-11-09,4,0.6,-0.012478200005102599,-0.012478200005102654,5.551115123125783e-17
2018-11-13,8,1.2,-0.060357054121758194,-0.06035705412175864,4.440892098500626e-16
2018-11-16,4,0.6,-0.0176563063962449,-0.017656306396245103,2.0122792321330962e-16
2018-11-20,5,1.1999999999999997,0.007546715456053199,0.008749416062517335,-0.0012027006064641351
2018-11-26,4,0.6,-0.0039462813668276,-0.003946281366827431,-1.691355389077387e-16
2018-11-28,7,1.1999999999999995,-0.025679382460672803,-0.0257725457360963,9.316327542349678e-05
2018-12-03,4,0.6,0.00029013957937129987,0.0002901395793713094,-9.540979117872439e-18
2018-12-06,7,1.1999999999999995,-0.009824603366264,-0.009977942990490067,0.00015333962422606727
2018-12-11,4,0.6,-0.0377238446782735,-0.03772384467827372,2.220446049250313e-16
2018-12-13,7,1.1999999999999995,-0.0863764327061167,-0.08536950872086366,-0.0010069239852530387
2018-12-18,4,0.6,-0.0059503728029666,-0.00595037280296655,-5.0306980803327406e-17
2018-12-20,8,1.2,0.0123401734545425,0.012340173454542434,6.591949208711867e-17
2018-12-26,3,0.5999999999999996,0.008290711216843799,0.008290711216843836,-3.642919299551295e-17
2018-12-28,7,1.1999999999999995,-0.021757913723359897,-0.023067680486958744,0.0013097667635988477
2019-01-03,4,0.6,0.0210772800282832,0.02107728002828328,-7.979727989493313e-17
2019-01-07,7,1.1999999999999995,-0.0039663226499054,-0.0017670192573423418,-0.002199303392563058
2019-01-10,4,0.6,-0.017432319628574,-0.01743231962857402,2.0816681711721685e-17
2019-01-14,8,1.2,0.0018021023743748001,0.001802102374374677,1.231653667943533e-16
2019-01-17,4,0.6,-0.0031458012764091006,-0.003145801276409084,-1.6479873021779667e-17
2019-01-22,8,1.2,0.0098423534675497,0.00984235346754999,-2.896988204881268e-16
2019-01-25,3,0.5999999999999996,0.021394951261801402,0.021394951261801527,-1.249000902703301e-16
2019-01-29,8,1.2,0.0338579455167402,0.03385794551674045,-2.498001805406602e-16
2019-02-01,4,0.6,0.0005341121004161994,0.000534112100416261,-6.158268339717665e-17
2019-02-05,8,1.2,0.0149448370058302,0.01494483700583046,-2.6020852139652106e-16
2019-02-08,4,0.6,0.020298599335720403,0.0202985993357205,-9.71445146547012e-17
2019-02-12,8,1.2,-0.014991978650996999,-0.014991978650997238,2.393918396847994e-16
2019-02-15,4,0.6,-0.0064274873002161,-0.00642748730021622,1.196959198423997e-16
2019-02-20,8,1.2,-0.0227962261355268,-0.02279622613552728,4.787836793695988e-16
2019-02-25,4,0.6,-0.0098520854041528,-0.009852085404152805,5.204170427930421e-18
2019-02-27,8,1.2,-0.0133804627115814,-0.01338046271158149,9.020562075079397e-17
2019-03-04,4,0.6,0.0065829657041525,0.006582965704152509,-9.540979117872439e-18
2019-03-06,8,1.2,0.066157907512354,0.06615790751235437,-3.7470027081099033e-16
2019-03-11,4,0.6,0.006995651971881,0.006995651971881029,-2.949029909160572e-17
2019-03-13,8,1.2,0.0402206850666232,0.04022068506662367,-4.718447854656915e-16
2019-03-18,4,0.6,0.006613333477031301,0.0066133334770314,-9.974659986866641e-17
2019-03-20,8,1.2,-0.0153095988830812,-0.015309598883081518,3.174543961037557e-16
2019-03-25,4,0.6,0.0191740476392506,0.019174047639250846,-2.463307335887066e-16
2019-03-27,8,1.2,0.048138157867617604,0.04813815786761794,-3.3306690738754696e-16
2019-04-01,4,0.6,-0.0041446179221913005,-0.004144617922191375,7.45931094670027e-17
2019-04-03,8,1.2,-0.007956314073650784,-0.00795631407365055,-2.3418766925686896e-16
2019-04-08,4,0.6,0.003821346320373277,0.003821346320373285,-7.806255641895632e-18
2019-04-10,8,1.2,-0.014157817665566,-0.014157817665566487,4.874572967494828e-16
2019-04-15,4,0.6,0.008496738650511,0.008496738650511135,-1.3530843112619095e-16
2019-04-17,8,1.2,0.0331906618812928,0.03319066188129324,-4.440892098500626e-16
2019-04-23,4,0.6,-0.0145386001860278,-0.014538600186027961,1.6132928326584306e-16
2019-04-25,8,1.2,0.012459273009001601,0.01245927300900189,-2.8796409701215e-16
2019-04-30,4,0.6,0.0092886509280164,0.009288650928016381,1.9081958235744878e-17
2019-05-02,8,1.2,-0.0605599907895506,-0.06055999078955103,4.3021142204224816e-16
2019-05-07,4,0.6,0.0113040868796294,0.011304086879629548,-1.474514954580286e-16
2019-05-09,8,1.2,-0.0224630142032448,-0.022463014203245008,2.0816681711721685e-16
2019-05-14,4,0.6,-0.0345468480524376,-0.03454684805243773,1.3183898417423734e-16
2019-05-16,8,1.2,-0.0677417762755606,-0.06774177627556068,6.938893903907228e-17
2019-05-21,4,0.6,-0.0028970431940651,-0.002897043194065125,2.47198095326695e-17
2019-05-23,8,1.2,0.0094371331926144,0.00943713319261461,-2.0990154059319366e-16
2019-05-29,4,0.6,0.0364628045572491,0.03646280455724926,-1.5959455978986625e-16
2019-05-31,8,1.2,0.1313076342931506,0.13130763429315104,-4.440892098500626e-16
2019-06-05,4,0.6,0.017684421681929848,0.017684421681929893,-4.5102810375396984e-17
2019-06-07,8,1.2,-0.055832643139975,-0.05583264313997541,4.0939474033052647e-16
2019-06-12,4,0.6,-0.0030016746812685,-0.003001674681268604,1.0408340855860843e-16
2019-06-14,8,1.2,0.0200591813713974,0.020059181371397637,-2.3592239273284576e-16
2019-06-19,4,0.6,-0.0145291785569207,-0.014529178556920814,1.1275702593849246e-16
2019-06-21,8,1.2,0.0225963927866246,0.02259639278662497,-3.712308238590367e-16
2019-06-26,4,0.6,0.0166939949151169,0.01669399491511701,-1.1102230246251565e-16
2019-06-28,8,1.2,-0.012075195123721601,-0.012075195123721799,1.97758476261356e-16
2019-07-03,4,0.6,0.0023562877651593997,0.0023562877651594344,-3.469446951953614e-17
2019-07-08,8,1.2,0.0157146425321282,0.015714642532128207,-6.938893903907228e-18
2019-07-11,4,0.6,-0.001298158734474,-0.001298158734473971,-2.905661822261152e-17
2019-07-15,8,1.2,0.016047601541542597,0.01604760154154292,-3.226585665316861e-16
2019-07-18,4,0.6,0.0224923679478198,0.022492367947819843,-4.163336342344337e-17
2019-07-22,8,1.2,0.019614510965856598,0.019614510965856778,-1.8041124150158794e-16
2019-07-25,4,0.6,-0.021138724476247598,-0.02113872447624783,2.3245294578089215e-16
2019-07-29,8,1.2,-0.0286652787999676,-0.0286652787999678,1.97758476261356e-16
2019-08-01,4,0.6,0.027923696992756403,0.027923696992756514,-1.1102230246251565e-16
2019-08-05,8,1.2,0.035181561507788,0.03518156150778837,-3.677613769070831e-16
2019-08-08,4,0.6,-0.012762025819736301,-0.012762025819736324,2.2551405187698492e-17
2019-08-12,8,1.2,0.0058933162526538,0.005893316252653529,2.706168622523819e-16
2019-08-15,4,0.6,0.0028894423211094002,0.002889442321109383,1.734723475976807e-17
2019-08-19,8,1.2,0.013212652216450398,0.01321265221645068,-2.8275992658421956e-16
2019-08-22,4,0.6,0.0101077537048155,0.010107753704815455,4.5102810375396984e-17
2019-08-26,6,1.1999999999999995,0.010923606257545647,0.010923606257545636,1.0408340855860843e-17
2019-08-29,3,0.5999999999999996,-0.0320225930322629,-0.032022593032262944,4.163336342344337e-17
2019-09-03,6,1.1999999999999995,-0.0754211108593394,-0.0754211108593395,9.71445146547012e-17
2019-09-06,4,0.6,-0.0003436916226790001,-0.00034369162267894543,-5.4643789493269423e-17
2019-09-10,6,1.1999999999999995,0.019374496699382814,0.01937449669938299,-1.7694179454963432e-16
2019-09-13,3,0.5999999999999996,0.009368453220118601,0.009368453220118615,-1.3877787807814457e-17
2019-09-17,6,1.1999999999999995,-0.004077302209605199,-0.004077302209605279,7.979727989493313e-17
2019-09-20,3,0.5999999999999996,-0.0301081514767556,-0.030108151476755676,7.632783294297951e-17
2019-09-24,8,1.2,-0.0912582798856642,-0.09125827988566446,2.498001805406602e-16
2019-09-27,3,0.5999999999999996,0.0090126035940431,0.009012603594043173,-7.28583859910259e-17
2019-10-01,6,1.1999999999999995,0.023844714695776398,0.023844714695776592,-1.942890293094024e-16
2019-10-04,2,0.6,0.0015316111243149004,0.0015316111243149,4.336808689942018e-19
2019-10-08,6,1.1999999999999995,0.020197746347784797,0.020197746347785032,-2.3592239273284576e-16
2019-10-11,3,0.5999999999999996,0.015870311309653,0.01587031130965313,-1.3183898417423734e-16
2019-10-15,8,1.2,0.00025215689327979965,0.0002521568932798196,-1.9949319973733282e-17
2019-10-18,4,0.6,0.0417516823963487,0.04175168239634883,-1.249000902703301e-16
2019-10-22,8,1.2,0.0331633982937726,0.03316339829377281,-2.0816681711721685e-16
2019-10-25,4,0.6,-0.0006462519373074999,-0.0006462519373075796,7.968885967768458e-17
2019-10-29,8,1.2,0.0016957681637842,0.001695768163784219,-1.9081958235744878e-17
2019-11-01,4,0.6,0.007218274626883699,0.0072182746268836945,4.336808689942018e-18
2019-11-05,8,1.2,-0.0080260677396084,-0.0080260677396084,0.0
2019-11-08,4,0.6,0.004919525702804,0.00491952570280416,-1.5959455978986625e-16
2019-11-12,8,1.2,0.0316570176543928,0.031657017654392945,-1.457167719820518e-16
2019-11-15,4,0.6,-0.0015496432401754003,-0.0015496432401753447,-5.551115123125783e-17
2019-11-19,8,1.2,-0.003668522258632999,-0.0036685222586329215,-7.762887554996212e-17
2019-11-22,4,0.6,-0.006965771470306801,-0.006965771470306829,2.7755575615628914e-17
2019-11-26,8,1.2,0.0008297503440195004,0.000829750344019485,1.5395670849294163e-17
2019-12-02,4,0.6,0.003825939433055801,0.0038259394330558204,-1.951563910473908e-17
2019-12-04,8,1.2,0.0009754252205453964,0.0009754252205453687,2.7755575615628914e-17
2019-12-09,4,0.6,0.0303070539795827,0.030307053979582915,-2.1510571102112408e-16
2019-12-11,8,1.2,0.028070618955211398,0.02807061895521177,-3.712308238590367e-16
2019-12-16,4,0.6,0.032907613441656304,0.032907613441656325,-2.0816681711721685e-17
2019-12-18,8,1.2,0.0315393119619566,0.031539311961957,-4.0245584642661925e-16
2019-12-23,4,0.6,0.013820727921668899,0.01382072792166903,-1.3183898417423734e-16
2019-12-26,8,1.2,0.0066669100528766005,0.006666910052876758,-1.5785983631388945e-16
2019-12-31,4,0.6,0.031030535971749144,0.03103053597174912,2.42861286636753e-17
2020-01-03,8,1.2,0.010418113694242,0.010418113694242198,-1.97758476261356e-16
2020-01-08,4,0.6,0.0134604791296709,0.013460479129670893,6.938893903907228e-18
2020-01-10,8,1.2,-0.0095435206862702,-0.009543520686270509,3.0878077872387166e-16
2020-01-15,4,0.6,0.0167310277762275,0.016731027776227633,-1.3183898417423734e-16
2020-01-17,8,1.2,-0.0126386231751224,-0.012638623175122467,6.591949208711867e-17
2020-01-23,4,0.6,0.013082951526517603,0.013082951526517589,1.3877787807814457e-17
2020-01-27,8,1.2,0.019331957452273,0.01933195745227305,-4.85722573273506e-17
2020-01-30,4,0.6,0.0395094240785647,0.03950942407856475,-5.551115123125783e-17
2020-02-03,6,1.1999999999999995,0.039100918796921603,0.039100918796921624,-2.0816681711721685e-17
2020-02-06,4,0.6,0.0570899288981375,0.057089928898137715,-2.1510571102112408e-16
2020-02-10,6,1.1999999999999995,0.08879071862807342,0.08879071862807353,-1.1102230246251565e-16
2020-02-13,4,0.6,-0.0108281855726269,-0.010828185572626783,-1.1622647289044608e-16
2020-02-18,8,1.2,-0.12799269896994742,-0.12799269896994775,3.3306690738754696e-16
2020-02-21,4,0.6,-0.023715350323577,-0.0237153503235771,9.71445146547012e-17
2020-02-25,8,1.2,0.0500275837840948,0.05002758378409518,-3.7470027081099033e-16
2020-02-28,4,0.6,-0.0542881335429866,-0.05428813354298667,6.938893903907228e-17
2020-03-03,8,1.2,-0.1181783566448746,-0.11817835664487486,2.636779683484747e-16
2020-03-06,4,0.6,-0.0966011416228536,-0.09660114162285377,1.6653345369377348e-16
2020-03-10,8,1.2,-0.2150599074432592,-0.21505990744325937,1.6653345369377348e-16
2020-03-13,2,0.6,0.0028056712161699995,0.0028056712161700194,-1.9949319973733282e-17
2020-03-17,4,1.2,-0.1420479274077604,-0.1420479274077606,1.942890293094024e-16
2020-03-20,2,0.6,0.025154017468538,0.02515401746853798,2.0816681711721685e-17
2020-03-24,4,1.2,0.117902425819775,0.11790242581977521,-2.0816681711721685e-16
2020-03-27,2,0.6,0.0269447840669472,0.026944784066947287,-8.673617379884035e-17
2020-03-31,6,1.1999999999999995,0.031332990294202,0.03133299029420219,-1.8735013540549517e-16
2020-04-03,2,0.6,0.012314659690348648,0.012314659690348648,0.0
2020-04-07,4,1.2,0.044724488816185,0.04472448881618508,-7.632783294297951e-17
2020-04-13,3,0.5999999999999996,0.0029552344845943006,0.0029552344845944385,-1.3791051634015616e-16
2020-04-15,8,1.2,0.026007503917457597,0.0260075039174577,-1.0408340855860843e-16
2020-04-20,3,0.5999999999999996,0.0185324146630552,0.01853241466305527,-6.938893903907228e-17
2020-04-22,8,1.2,0.010405719343446801,0.010405719343446931,-1.3010426069826053e-16
2020-04-27,3,0.5999999999999996,0.0182715418033533,0.018271541803353324,-2.42861286636753e-17
2020-04-29,8,1.2,0.07036191518571401,0.07036191518571411,-9.71445146547012e-17
2020-05-04,4,0.6,0.0205494964610551,0.020549496461055104,-3.469446951953614e-18
2020-05-06,8,1.183682107249328,0.0070969232770848,0.007096923277084854,-5.377642775528102e-17
2020-05-11,4,0.6,-0.013313506547297696,-0.013313506547297745,4.85722573273506e-17
2020-05-13,8,1.2,-0.0262896395366266,-0.026289639536626892,2.914335439641036e-16
2020-05-18,4,0.6,-0.029168662186920595,-0.02916866218692066,6.591949208711867e-17
2020-05-20,8,1.2,0.0320029677619446,0.0320029677619447,-1.0408340855860843e-16
2020-05-26,4,0.6,0.038617966148994896,0.038617966148995146,-2.498001805406602e-16
2020-05-28,8,1.2,-0.0207110855268046,-0.02071108552680489,2.8796409701215e-16
2020-06-02,4,0.6,0.008824347633552998,0.008824347633553033,-3.469446951953614e-17
2020-06-04,8,1.2,-0.0316683830650461,-0.031668383065046414,3.122502256758253e-16
2020-06-09,4,0.6,0.004128219255374501,0.004128219255374567,-6.591949208711867e-17
2020-06-11,8,1.2,0.0210954956284705,0.021095495628470604,-1.0408340855860843e-16
2020-06-16,4,0.6,-0.028755974823393902,-0.028755974823394186,2.8449465006019636e-16
2020-06-18,8,1.2,-0.0456340539232995,-0.045634053923299486,-1.3877787807814457e-17
2020-06-23,4,0.6,0.0340117348218568,0.03401173482185698,-1.8041124150158794e-16
2020-06-25,8,1.2,0.035218621374763795,0.03521862137476383,-3.469446951953614e-17
2020-06-30,4,0.6,0.07445043369653451,0.07445043369653474,-2.3592239273284576e-16
2020-07-02,8,1.2,-0.0248903229633951,-0.02489032296339528,1.8041124150158794e-16
2020-07-08,4,0.6,-0.0126084806138059,-0.012608480613806053,1.5265566588595902e-16
2020-07-10,8,1.2,0.049301420216466205,0.049301420216466565,-3.608224830031759e-16
2020-07-15,4,0.6,0.005213715901641299,0.005213715901641495,-1.960237527853792e-16
2020-07-17,8,1.2,0.0191159551181713,0.019115955118171366,-6.591949208711867e-17
2020-07-22,4,0.6,-0.006465325168146601,-0.006465325168146587,-1.3877787807814457e-17
2020-07-24,8,1.2,0.0658498203466387,0.06584982034663903,-3.3306690738754696e-16
2020-07-29,4,0.6,0.0068545207643472,0.00685452076434729,-8.933825901280557e-17
2020-07-31,8,1.2,-0.014583378645424,-0.014583378645424036,3.642919299551295e-17
2020-08-05,4,0.6,-0.0005973866539597001,-0.0005973866539597205,2.0383000842727483e-17
2020-08-07,8,1.2,-0.053014760577128596,-0.05301476057712866,6.245004513516506e-17
2020-08-12,4,0.6,0.03291869748544159,0.03291869748544167,-7.632783294297951e-17
2020-08-14,6,1.1999999999999995,-0.0009672830958586003,-0.0009672830958586402,3.9898639947466563e-17
2020-08-19,4,0.6,0.0255864089842746,0.025586408984274705,-1.0408340855860843e-16
2020-08-21,7,1.1999999999999995,0.037626708866840095,0.035979916641665534,0.0016467922251745606
2020-08-26,4,0.6,-0.0197831631106709,-0.019783163110670878,-2.0816681711721685e-17
2020-08-28,7,1.1999999999999995,-0.11801233535835161,-0.11866485544540908,0.000652520087057476
2020-09-02,4,0.6,-0.037821293673725394,-0.037821293673725484,9.020562075079397e-17
2020-09-04,8,1.2,0.0683908255430582,0.06839082554305842,-2.220446049250313e-16
2020-09-10,4,0.6,0.021732343199114497,0.02173234319911455,-5.204170427930421e-17
2020-09-14,8,1.2,-0.039830784884946,-0.039830784884946055,5.551115123125783e-17
2020-09-17,4,0.6,-0.0207186813212585,-0.020718681321258647,1.457167719820518e-16
2020-09-21,8,1.2,0.03590182644329693,0.03590182644329712,-1.8735013540549517e-16
2020-09-24,4,0.6,0.0140305343900444,0.014030534390044558,-1.5785983631388945e-16
2020-09-28,8,1.2,0.028807915458804997,0.02880791545880526,-2.636779683484747e-16
2020-10-01,4,0.6,0.042743223245168396,0.04274322324516856,-1.6653345369377348e-16
2020-10-05,8,1.2,0.058599434053292196,0.058599434053292584,-3.885780586188048e-16
2020-10-08,4,0.6,-0.001455582637018209,-0.0014555826370182302,2.1250362580715887e-17
2020-10-12,8,1.2,-0.0211972885032218,-0.02119728850322193,1.3183898417423734e-16
2020-10-15,4,0.6,-0.006066934520986901,-0.006066934520987071,1.700029006457271e-16
2020-10-19,8,1.2,-0.0292843569159912,-0.029284356915991648,4.475586568020162e-16
2020-10-22,4,0.6,-0.045393973180395106,-0.045393973180395196,9.020562075079397e-17
2020-10-26,8,1.2,-0.034826908617901595,-0.034826908617902066,4.718447854656915e-16
2020-10-29,3,0.5999999999999996,0.0617873308011707,0.061787330801170715,-1.3877787807814457e-17
2020-11-02,8,1.2,0.055529258531969404,0.055529258531969494,-9.020562075079397e-17
2020-11-05,4,0.6,-0.0177347089531926,-0.0177347089531926,0.0
2020-11-09,8,1.2,0.0767694811377368,0.07676948113773707,-2.7755575615628914e-16
2020-11-12,4,0.6,0.0582987156307387,0.05829871563073892,-2.220446049250313e-16
2020-11-16,8,1.2,0.0903835000651266,0.09038350006512695,-3.469446951953614e-16
2020-11-19,4,0.6,0.11461102212407151,0.1146110221240717,-1.942890293094024e-16
2020-11-23,8,1.2,0.0798189841626086,0.07981898416260856,4.163336342344337e-17
2020-11-27,4,0.6,0.0525399865265458,0.05253998652654596,-1.6653345369377348e-16
2020-12-01,8,1.2,0.0038850426899044027,0.0038850426899045415,-1.3877787807814457e-16
2020-12-04,4,0.6,-0.0254271813509339,-0.02542718135093401,1.1102230246251565e-16
2020-12-08,8,1.2,0.017451099112834958,0.01745109911283516,-2.0122792321330962e-16
2020-12-11,4,0.6,0.0190943612704848,0.01909436127048495,-1.5265566588595902e-16
2020-12-15,8,1.2,0.020559109454652523,0.02055910945465248,4.163336342344337e-17
2020-12-18,4,0.6,0.034256755488141,0.034256755488141145,-1.457167719820518e-16
2020-12-22,8,1.2,0.0529047721730672,0.05290477217306727,-6.938893903907228e-17
2020-12-28,4,0.6,0.1112030333585166,0.11120303335851674,-1.3877787807814457e-16
2020-12-30,8,1.2,0.14736838937804939,0.14736838937804958,-1.942890293094024e-16
2020-12-31,2,0.6,0.15269420635233,0.1526942063523301,-1.1102230246251565e-16
2021-01-05,4,0.6,0.050212822089382006,0.050212822089382186,-1.8041124150158794e-16
2021-01-07,8,1.2,0.0266693253968632,0.026669325396863307,-1.0755285551056204e-16
2021-01-08,3,0.5999999999999996,0.1239022236427681,0.12390222364276818,-8.326672684688674e-17
2021-01-12,4,0.6,0.015623415518775,0.015623415518774924,7.632783294297951e-17
2021-01-14,8,1.2,0.0089265530431786,0.008926553043178648,-4.85722573273506e-17
2021-01-15,3,0.5999999999999996,-0.0318047801822051,-0.031804780182205075,-2.7755575615628914e-17
2021-01-20,4,0.6,0.004522497992347699,0.004522497992347498,2.0122792321330962e-16
2021-01-22,8,1.2,0.01742150718816339,0.01742150718816357,-1.8041124150158794e-16
2021-01-25,3,0.5999999999999996,0.1356202617309228,0.13562026173092281,-2.7755575615628914e-17
2021-01-27,4,0.6,0.054260908536516696,0.05426090853651685,-1.5265566588595902e-16
2021-01-29,8,1.2,0.2478357803639554,0.24783578036395582,-4.163336342344337e-16
2021-02-01,3,0.44999999999999996,0.1785381573062905,0.17853815730629066,-1.6653345369377348e-16
2021-02-03,4,0.6,0.0628658175883226,0.06286581758832266,-5.551115123125783e-17
2021-02-05,8,1.2,0.039927426699544,0.03992742669954413,-1.3183898417423734e-16
2021-02-08,3,0.4116573057388383,-0.007961071952450303,-0.007961071952450384,8.153200337090993e-17
2021-02-10,4,0.6,-8.912239917700272e-05,-8.912239917706778e-05,6.505213034913027e-17
2021-02-12,8,1.2,-0.01809460994876099,-0.018094609948761144,1.5265566588595902e-16
2021-02-16,3,0.3999999999999999,-0.0170594564465133,-0.017059456446513344,4.5102810375396984e-17
2021-02-18,4,0.6,-0.03841076650471681,-0.03841076650471664,-1.6653345369377348e-16
2021-02-22,8,1.2,0.0649999236957406,0.0649999236957407,-9.71445146547012e-17
2021-02-23,3,0.3999999999999999,-0.0358612354053504,-0.03586123540535035,-4.85722573273506e-17
2021-02-25,4,0.6,0.024162617145810902,0.02416261714581091,-6.938893903907228e-18
2021-03-01,8,1.2,-0.013484139167057803,-0.01348413916705815,3.469446951953614e-16
2021-03-02,3,0.3999999999999999,-0.004186211208983499,-0.004186211208983413,-8.673617379884035e-17
2021-03-04,3,0.5999999999999996,0.066482020520082,0.06648202052008209,-9.71445146547012e-17
2021-03-08,6,1.1999999999999995,0.0957713834436772,0.09577138344367726,-6.938893903907228e-17
2021-03-09,4,0.4,0.038683622495669694,0.03868362249566991,-2.1510571102112408e-16
2021-03-11,3,0.5999999999999996,0.0004602155853588013,0.0004602155853587423,5.898059818321144e-17
2021-03-15,6,1.1999999999999995,-0.069593689412235,-0.06959368941223514,1.3877787807814457e-16
2021-03-16,4,0.4,-0.0675753651832602,-0.06757536518326027,6.938893903907228e-17
2021-03-18,3,0.5999999999999996,-0.1309923766471065,-0.13099237664710656,5.551115123125783e-17
2021-03-22,6,1.1999999999999995,-0.15499231258605461,-0.15499231258605461,0.0
2021-03-23,3,0.3999999999999999,-0.0332660862145528,-0.03326608621455276,-4.163336342344337e-17
2021-03-25,3,0.5178982796368921,0.0247514748496546,0.024751474849654485,1.1449174941446927e-16
2021-03-29,8,1.2,0.0311463553538006,0.031146355353800576,2.42861286636753e-17
2021-03-30,3,0.3999999999999999,0.0015839298995114007,0.0015839298995114649,-6.418476861114186e-17
2021-04-01,4,0.5867727480157507,-0.0161212641839898,-0.01612126418399,2.0122792321330962e-16
2021-04-06,8,1.2,-0.008295353661642002,-0.008295353661641983,-1.9081958235744878e-17
2021-04-07,4,0.402626286755464,-0.022195942470685896,-0.022195942470685917,2.0816681711721685e-17
2021-04-09,4,0.59744215646917,-0.020226484716550103,-0.02022648471655016,5.551115123125783e-17
2021-04-13,6,1.1999999999999995,-0.0406703025149447,-0.0406703025149448,9.71445146547012e-17
2021-04-14,4,0.4347466413666196,-0.02528146060612247,-0.02528146060612267,2.0122792321330962e-16
2021-04-16,4,0.5930863496998452,0.011503655029777399,0.011503655029777446,-4.683753385137379e-17
2021-04-20,8,1.2,0.0214134911278112,0.021413491127811372,-1.734723475976807e-16
2021-04-21,4,0.4366802597595468,0.011279659497271,0.011279659497271093,-9.367506770274758e-17
2021-04-23,4,0.592424613478798,-0.014456792818233099,-0.01445679281823331,2.1163626406917047e-16
2021-04-27,8,1.2,-0.026891639614542,-0.026891639614542374,3.7470027081099033e-16
2021-04-28,4,0.5160466701943184,-0.0094252289218405,-0.009425228921840612,1.1102230246251565e-16
2021-04-30,4,0.6,-0.001242322585868599,-0.0012423225858685626,-3.642919299551295e-17
2021-05-04,8,1.2,-0.07117790347752459,-0.07117790347752506,4.718447854656915e-16
2021-05-05,4,0.6,-0.0302793009413354,-0.030279300941335515,1.1449174941446927e-16
2021-05-07,4,0.6,-0.0030023869744382026,-0.0030023869744382247,2.211772431870429e-17
2021-05-11,8,1.2,0.0280237581751168,0.02802375817511715,-3.5041414214731503e-16
2021-05-12,4,0.6,-0.0070960347223292,-0.007096034722329254,5.377642775528102e-17
2021-05-14,4,0.6,0.0129666776812345,0.012966677681234507,-6.938893903907228e-18
2021-05-18,8,1.2,0.0277503886046126,0.02775038860461249,1.1102230246251565e-16
2021-05-19,4,0.6,0.0100429634908097,0.01004296349080971,-1.0408340855860843e-17
2021-05-21,4,0.6,0.022299466426380702,0.022299466426380928,-2.255140518769849e-16
2021-05-25,8,1.2,0.07530051015201239,0.07530051015201251,-1.249000902703301e-16
2021-05-26,4,0.6,0.0534497715971094,0.053449771597109404,-6.938893903907228e-18
2021-05-28,4,0.6,0.014912189277797801,0.014912189277797808,-6.938893903907228e-18
2021-06-02,8,1.2,0.002298867449907198,0.0022988674499072118,-1.3877787807814457e-17
2021-06-03,4,0.6,-0.0164761664573617,-0.016476166457361795,9.367506770274758e-17
2021-06-07,4,0.6,0.0015317458311499001,0.0015317458311498598,4.0332320816460765e-17
2021-06-09,8,1.2,-0.0279547163093158,-0.027954716309315848,4.85722573273506e-17
2021-06-10,4,0.6,-0.0167166615222008,-0.01671666152220084,3.8163916471489756e-17
2021-06-14,4,0.6,-0.004859751796485399,-0.004859751796485464,6.505213034913027e-17
2021-06-16,8,1.2,-0.0016008542235154029,-0.0016008542235152953,-1.0755285551056204e-16
2021-06-17,4,0.6,0.07567755960052959,0.07567755960052971,-1.249000902703301e-16
2021-06-21,4,0.6,0.0018546806022460994,0.0018546806022461254,-2.6020852139652106e-17
2021-06-23,8,1.2,0.0129421723820234,0.0129421723820235,-9.8879238130678e-17
2021-06-24,4,0.6,-0.0239643959257908,-0.023964395925790857,5.551115123125783e-17
2021-06-28,4,0.6,-0.0037467265392034012,-0.003746726539203241,-1.6046192152785466e-16
2021-06-30,8,1.2,-0.028934519535834,-0.02893451953583442,4.198030811863873e-16
2021-07-01,4,0.6,-0.017949096488711097,-0.017949096488711083,-1.3877787807814457e-17
2021-07-06,4,0.6,-0.0067530618307342005,-0.0067530618307344295,2.2898349882893854e-16
2021-07-08,8,1.2,-0.0413689719425846,-0.04136897194258473,1.3183898417423734e-16
2021-07-09,4,0.6,-0.0749253504473937,-0.07492535044739389,1.942890293094024e-16
2021-07-13,4,0.6,-0.0244936918936001,-0.02449369189360038,2.7755575615628914e-16
2021-07-15,8,1.2,0.0512411573160739,0.051241157316074155,-2.5673907444456745e-16
2021-07-16,4,0.6,0.0321658200897892,0.03216582008978924,-4.163336342344337e-17
2021-07-20,4,0.6,0.0124421773644207,0.012442177364420836,-1.3530843112619095e-16
2021-07-22,8,1.2,0.0006907262483005,0.0006907262483005945,-9.454242944073599e-17
2021-07-23,4,0.6,0.0296295013302393,0.029629501330239526,-2.255140518769849e-16
2021-07-27,4,0.6,0.0292551023027045,0.029255102302704658,-1.5959455978986625e-16
2021-07-29,8,1.2,0.03613083135124226,0.036130831351242496,-2.3592239273284576e-16
2021-07-30,4,0.6,0.0783712495131774,0.07837124951317753,-1.3877787807814457e-16
2021-08-03,4,0.6,-0.024914240268673598,-0.024914240268673737,1.3877787807814457e-16
2021-08-05,8,1.2,-0.0146345480876876,-0.014634548087687594,-5.204170427930421e-18
2021-08-06,4,0.6,-0.08164273445519019,-0.0816427344551903,1.1102230246251565e-16
2021-08-10,4,0.6,-0.023575558355246398,-0.023575558355246443,4.5102810375396984e-17
2021-08-12,8,1.2,-0.018257368452146098,-0.018257368452146414,3.157196726277789e-16
2021-08-13,4,0.6,-0.001730322211510901,-0.0017303222115109809,7.979727989493313e-17
2021-08-17,4,0.6,0.0508152838317378,0.050815283831738015,-2.1510571102112408e-16
2021-08-19,8,1.2,0.042655584003698996,0.042655584003699155,-1.5959455978986625e-16
2021-08-20,4,0.6,-0.0013891232188278004,-0.0013891232188278473,4.683753385137379e-17
2021-08-24,4,0.6,0.011449435305935299,0.011449435305935386,-8.673617379884035e-17
2021-08-26,8,1.2,0.0174241928485282,0.01742419284852852,-3.191891195797325e-16
2021-08-27,4,0.6,0.0378371306766489,0.03783713067664893,-2.7755575615628914e-17
2021-08-31,4,0.6,-0.0122496868758642,-0.012249686875864184,-1.5612511283791264e-17
2021-09-02,8,1.2,-0.058261213530542505,-0.058261213530542984,4.787836793695988e-16
2021-09-03,4,0.6,-0.0063586844197472,-0.006358684419747284,8.326672684688674e-17
2021-09-08,4,0.6,0.0094206728262286,0.00942067282622862,-2.0816681711721685e-17
2021-09-10,8,1.2,-0.04528070448633667,-0.045280704486336865,1.942890293094024e-16
2021-09-13,4,0.6,-0.0223716771975814,-0.022371677197581447,4.85722573273506e-17
2021-09-15,4,0.6,-0.013673046914980702,-0.013673046914980724,2.2551405187698492e-17
2021-09-17,8,1.2,0.0139475779543069,0.013947577954307039,-1.3877787807814457e-16
2021-09-20,4,0.6,-0.049959018685401,-0.049959018685401146,1.457167719820518e-16
2021-09-22,4,0.6,-0.0376178813394903,-0.03761788133949042,1.1796119636642288e-16
2021-09-24,8,1.2,-0.0695110921735673,-0.06951109217356755,2.498001805406602e-16
2021-09-27,4,0.6,-0.027666265785737096,-0.027666265785737262,1.6653345369377348e-16
2021-09-29,4,0.6,0.0052589693939418,0.005258969393941829,-2.949029909160572e-17
2021-10-01,7,1.1999999999999997,-0.010016703288613399,-0.008905529773648146,-0.0011111735149652528
2021-10-04,4,0.6,0.0092502089822218,0.009250208982221925,-1.249000902703301e-16
2021-10-06,4,0.6,0.0224791040859165,0.022479104085916607,-1.0755285551056204e-16
2021-10-08,8,1.2,0.1018538060147027,0.10185380601470315,-4.440892098500626e-16
2021-10-11,4,0.6,0.0466645990639752,0.04666459906397535,-1.457167719820518e-16
2021-10-13,4,0.6,0.024456095070632698,0.024456095070632775,-7.632783294297951e-17
2021-10-15,8,1.2,0.020905980653324403,0.020905980653324698,-2.949029909160572e-16
2021-10-18,4,0.6,-0.009631234818649,-0.00963123481864908,7.979727989493313e-17
2021-10-20,4,0.6,0.0298261748640992,0.02982617486409942,-2.220446049250313e-16
2021-10-22,8,1.2,0.003941820807639802,0.003941820807639856,-5.4643789493269423e-17
2021-10-25,4,0.6,0.00022335221118279826,0.00022335221118288066,-8.239936510889834e-17
2021-10-27,4,0.6,0.0471224320604868,0.047122432060486844,-4.163336342344337e-17
2021-10-29,8,1.2,0.10480928009642321,0.10480928009642357,-3.608224830031759e-16
2021-11-01,4,0.6,0.020169152585421797,0.020169152585421842,-4.5102810375396984e-17
2021-11-03,4,0.6,-0.024911468116419196,-0.024911468116419228,3.122502256758253e-17
2021-11-05,8,1.2,-0.007522224958302901,-0.007522224958302866,-3.469446951953614e-17
2021-11-08,4,0.6,-0.0046362166560139,-0.004636216656013755,-1.448494102440634e-16
2021-11-10,4,0.6,-0.003603567798383201,-0.0036035677983831888,-1.214306433183765e-17
2021-11-12,8,1.2,-0.016316431251545003,-0.016316431251545235,2.3245294578089215e-16
2021-11-15,4,0.6,-0.0343610576454185,-0.0343610576454186,1.0408340855860843e-16
2021-11-17,4,0.6,-0.049808669794882895,-0.0498086697948831,2.0122792321330962e-16
2021-11-19,8,1.2,-0.019575925479780303,-0.019575925479780626,3.226585665316861e-16
2021-11-22,4,0.6,-0.0281622379217119,-0.0281622379217121,1.97758476261356e-16
2021-11-24,4,0.6,-0.0167022300385951,-0.016702230038595237,1.3530843112619095e-16
2021-11-29,8,1.2,-0.0164438397726423,-0.01644383977264218,-1.1796119636642288e-16
2021-11-30,4,0.6,-0.009038215601957101,-0.00903821560195716,5.898059818321144e-17
2021-12-02,4,0.6,-0.0049680534988792,-0.004968053498879205,5.204170427930421e-18
2021-12-06,8,1.2,-0.0843832771471912,-0.08438327714719149,2.914335439641036e-16
2021-12-07,4,0.6,-0.022985367570963797,-0.02298536757096381,1.3877787807814457e-17
2021-12-09,4,0.6,-0.0275066921242405,-0.027506692124240714,2.1510571102112408e-16
2021-12-13,8,1.2,0.0265464981329378,0.02654649813293802,-2.185751579730777e-16
2021-12-14,4,0.6,-0.004025620794360701,-0.004025620794360826,1.249000902703301e-16
2021-12-16,4,0.6,0.060177167064212805,0.060177167064213014,-2.0816681711721685e-16
2021-12-20,8,1.2,0.036484944231534006,0.03648494423153445,-4.440892098500626e-16
2021-12-21,4,0.6,0.011281282538125801,0.011281282538125919,-1.1796119636642288e-16
2021-12-23,4,0.6,0.0090679391648223,0.009067939164822283,1.734723475976807e-17
2021-12-28,8,1.2,-0.0700216142269534,-0.07002161422695383,4.3021142204224816e-16
2021-12-29,4,0.6,-0.0139790006923931,-0.013979000692393304,2.0469737016526324e-16
2021-12-31,4,0.6,-0.058728401072969505,-0.058728401072969574,6.938893903907228e-17
2022-01-04,8,1.2,0.0017822712401776254,0.00178227124017783,-2.0469737016526324e-16
2022-01-05,4,0.6,-0.0159949728006079,-0.01599497280060801,1.1102230246251565e-16
2022-01-07,4,0.6,-0.010437313524343208,-0.01043731352434329,8.153200337090993e-17
2022-01-11,8,1.2,-0.1544200503698622,-0.15442005036986273,5.273559366969494e-16
2022-01-12,4,0.6,-0.0729602923009162,-0.07296029230091643,2.220446049250313e-16
2022-01-14,4,0.6,-0.0826997722892057,-0.08269977228920589,1.8041124150158794e-16
2022-01-19,8,1.2,-0.07929170799490319,-0.07929170799490362,4.3021142204224816e-16
2022-01-20,4,0.6,-0.011601992039489199,-0.011601992039489233,3.469446951953614e-17
2022-01-24,4,0.6,0.039280620028470103,0.03928062002847027,-1.6653345369377348e-16
2022-01-26,6,1.1999999999999995,0.018642584875836005,0.018642584875836116,-1.1102230246251565e-16
2022-01-27,3,0.5999999999999996,0.0213447238484661,0.021344723848466165,-6.591949208711867e-17
2022-01-31,3,0.5999999999999996,-0.0052287272594757,-0.005228727259475676,-2.42861286636753e-17
2022-02-02,6,1.1999999999999995,0.09376404393544041,0.09376404393544069,-2.7755575615628914e-16
2022-02-03,3,0.5999999999999996,0.0295689674873187,0.029568967487318784,-8.326672684688674e-17
2022-02-07,4,0.6,0.019301140330221,0.019301140330220925,7.632783294297951e-17
2022-02-09,6,1.1999999999999995,-0.004917059093821999,-0.004917059093822156,1.5699247457590104e-16
2022-02-10,3,0.5999999999999996,-0.011551263356985999,-0.011551263356985954,-4.5102810375396984e-17
2022-02-14,4,0.6,-0.0055827043455177,-0.005582704345517745,4.423544863740858e-17
2022-02-16,6,1.1999999999999995,0.020205433452360602,0.020205433452360755,-1.5265566588595902e-16
2022-02-17,4,0.6,0.0523593471137795,0.052359347113779625,-1.249000902703301e-16
2022-02-22,4,0.6,0.0328591742821307,0.032859174282130935,-2.3592239273284576e-16
2022-02-24,6,1.1999999999999995,0.0249616568989198,0.02496165689892003,-2.3245294578089215e-16
2022-02-25,4,0.6,0.020465074111338,0.02046507411133809,-9.020562075079397e-17
2022-03-01,4,0.6,-0.027677064831054803,-0.02767706483105494,1.3877787807814457e-16
2022-03-03,8,1.2,-0.072848659108806,-0.0728486591088065,4.996003610813204e-16
2022-03-04,4,0.6,-0.0368190966095238,-0.036819096609523844,4.163336342344337e-17
2022-03-08,4,0.6,-0.0091573414668301,-0.009157341466830225,1.249000902703301e-16
2022-03-10,8,1.2,-0.02869452116999494,-0.028694521169994956,1.734723475976807e-17
2022-03-11,4,0.6,0.0279576039253366,0.02795760392533673,-1.2836953722228372e-16
2022-03-15,4,0.6,0.06451328361153989,0.06451328361154009,-1.942890293094024e-16
2022-03-17,8,1.2,0.10387978823066679,0.10387978823066711,-3.191891195797325e-16
2022-03-18,4,0.6,0.0207379701808583,0.02073797018085849,-1.9081958235744878e-16
2022-03-22,4,0.6,-0.003929286618048199,-0.003929286618048135,-6.418476861114186e-17
2022-03-24,8,1.2,0.019711490942637598,0.01971149094263769,-9.020562075079397e-17
2022-03-25,4,0.6,0.0265647036065213,0.026564703606521398,-9.71445146547012e-17
2022-03-29,4,0.6,-0.0012316323368320003,-0.001231632336831945,-5.5294310796760726e-17
2022-03-31,8,1.2,0.004102736641974602,0.004102736641974508,9.367506770274758e-17
2022-04-01,4,0.6,-0.0294977358328118,-0.0294977358328119,1.0061396160665481e-16
2022-04-05,4,0.6,0.0225302297694457,0.02253022976944584,-1.3877787807814457e-16
2022-04-07,8,1.2,-0.005708660270399001,-0.005708660270399176,1.7520707107365752e-16
2022-04-08,4,0.6,-0.020020911602080898,-0.02002091160208091,1.0408340855860843e-17
2022-04-12,4,0.6,-0.052793963427092895,-0.05279396342709308,1.8735013540549517e-16
2022-04-14,8,1.2,-0.1589778474140474,-0.158977847414048,5.828670879282072e-16
2022-04-18,4,0.6,-0.0792221486203514,-0.07922214862035154,1.3877787807814457e-16
2022-04-20,4,0.6,-0.0266657972932997,-0.026665797293299903,2.0469737016526324e-16
2022-04-22,8,1.2,-0.0399109263239366,-0.03991092632393682,2.220446049250313e-16
2022-04-25,3,0.5999999999999996,0.0470620483343768,0.047062048334376785,1.3877787807814457e-17
2022-04-27,4,0.6,-0.022414687331305597,-0.02241468733130565,5.204170427930421e-17
2022-04-29,8,1.2,-0.06493431714225789,-0.06493431714225777,-1.249000902703301e-16
2022-05-02,3,0.5999999999999996,-0.0926380936175038,-0.09263809361750391,1.1102230246251565e-16
2022-05-04,4,0.6,-0.042759863949871295,-0.04275986394987144,1.457167719820518e-16
2022-05-06,8,1.2,0.0674580796024781,0.06745807960247838,-2.7755575615628914e-16
2022-05-09,3,0.5999999999999996,0.024446146058704203,0.024446146058704165,3.8163916471489756e-17
2022-05-11,4,0.6,0.0026055943660469993,0.0026055943660470305,-3.122502256758253e-17
2022-05-13,8,1.2,0.019073061423024,0.019073061423024177,-1.7694179454963432e-16
2022-05-16,3,0.5999999999999996,-0.049560218149685004,-0.049560218149685045,4.163336342344337e-17
2022-05-18,3,0.5999999999999996,0.0148454397305147,0.01484543973051473,-3.122502256758253e-17
2022-05-20,8,1.2,-0.0008981607696740002,-0.0008981607696738007,-1.9949319973733282e-16
2022-05-23,3,0.5999999999999996,0.0442692366569925,0.04426923665699249,6.938893903907228e-18
2022-05-25,3,0.5999999999999996,0.026180608190476802,0.02618060819047678,2.0816681711721685e-17
2022-05-27,8,1.2,0.052351993294362006,0.052351993294362235,-2.2898349882893854e-16
2022-05-31,4,0.6,0.0395251050848401,0.03952510508484009,6.938893903907228e-18
2022-06-02,4,0.6,-0.0471141546924689,-0.047114154692469046,1.457167719820518e-16
2022-06-06,8,1.2,-0.130832136342392,-0.1308321363423922,2.220446049250313e-16
2022-06-07,3,0.5999999999999996,-0.0556138526719404,-0.055613852671940446,4.85722573273506e-17
2022-06-09,4,0.6,-0.0715590714923188,-0.07155907149231887,6.938893903907228e-17
2022-06-13,8,1.2,-0.073355334761362,-0.07335533476136213,1.3877787807814457e-16
2022-06-14,4,0.6,-0.055239252757728896,-0.05523925275772887,-2.7755575615628914e-17
2022-06-16,2,0.6,0.0258847970575007,0.025884797057500825,-1.249000902703301e-16
2022-06-21,6,1.1999999999999995,0.0341791134888158,0.034179113488816026,-2.2898349882893854e-16
2022-06-22,2,0.6,-0.0096575250334818,-0.009657525033481799,-1.734723475976807e-18
2022-06-24,2,0.6,0.0095877585065024,0.009587758506502439,-3.8163916471489756e-17
2022-06-28,6,1.1999999999999995,0.0304457734598784,0.030445773459878547,-1.457167719820518e-16
2022-06-29,3,0.5999999999999996,0.0197789071247115,0.01977890712471149,1.0408340855860843e-17
2022-07-01,2,0.6,-0.0252727230383006,-0.02527272303830061,1.0408340855860843e-17
2022-07-06,6,1.1999999999999995,-0.0265654404911356,-0.026565440491135593,-6.938893903907228e-18
2022-07-07,3,0.5999999999999996,-0.051247567761013905,-0.05124756776101399,8.326672684688674e-17
2022-07-11,3,0.5999999999999996,-0.0094634387452966,-0.009463438745296735,1.3530843112619095e-16
2022-07-13,6,1.1999999999999995,0.006884270582493999,0.006884270582493919,7.979727989493313e-17
2022-07-14,3,0.5999999999999996,-0.0090612419932126,-0.009061241993212715,1.1449174941446927e-16
2022-07-18,3,0.5999999999999996,-0.008041592420791902,-0.008041592420791995,9.367506770274758e-17
2022-07-20,8,1.2,0.0059228367550792005,0.005922836755079278,-7.719519468096792e-17
2022-07-21,4,0.6,-0.014661391299091801,-0.0146613912990918,-1.734723475976807e-18
2022-07-25,4,0.6,0.004105944066379701,0.0041059440663796225,7.806255641895632e-17
2022-07-27,8,1.2,0.0249303519893466,0.02493035198934663,-2.7755575615628914e-17
2022-07-28,4,0.6,0.008267921592062,0.008267921592062055,-5.551115123125783e-17
2022-08-01,4,0.6,-0.0044220939423054014,-0.00442209394230531,-9.107298248878237e-17
2022-08-03,8,1.2,0.014105542377138604,0.014105542377138694,-9.020562075079397e-17
2022-08-04,4,0.6,0.0202258550937752,0.020225855093775388,-1.8735013540549517e-16
2022-08-08,4,0.6,0.0314752512668674,0.0314752512668676,-2.0122792321330962e-16
2022-08-10,8,1.2,0.0070090098583474,0.00700900985834739,1.0408340855860843e-17
2022-08-11,4,0.6,-0.045894916977255895,-0.04589491697725598,8.326672684688674e-17
2022-08-15,4,0.6,-0.07504679301844659,-0.07504679301844686,2.636779683484747e-16
2022-08-17,8,1.2,-0.037168712040383994,-0.037168712040383904,-9.020562075079397e-17
2022-08-18,4,0.6,-0.0174997913296806,-0.017499791329680704,1.0408340855860843e-16
2022-08-22,4,0.6,-0.009755593525048602,-0.009755593525048574,-2.7755575615628914e-17
2022-08-24,8,1.2,-0.13276923057523018,-0.13276923057523057,3.885780586188048e-16
2022-08-25,4,0.6,-0.030829406243384802,-0.03082940624338491,1.0755285551056204e-16
2022-08-29,4,0.6,0.015896838896941802,0.015896838896941722,7.979727989493313e-17
2022-08-31,8,1.2,0.0909059364507078,0.09090593645070805,-2.498001805406602e-16
2022-09-01,4,0.6,0.0521622770547538,0.05216227705475385,-4.85722573273506e-17
2022-09-06,4,0.6,0.0010063492106749,0.0010063492106748462,5.377642775528102e-17
2022-09-08,8,1.2,-0.0624613002286592,-0.06246130022865963,4.3021142204224816e-16
2022-09-09,4,0.6,-0.0490768299612274,-0.04907682996122742,2.0816681711721685e-17
2022-09-13,4,0.6,-0.025685714921945896,-0.02568571492194597,7.28583859910259e-17
2022-09-15,8,1.2,-0.1330415485852044,-0.13304154858520456,1.6653345369377348e-16
2022-09-16,4,0.6,-0.0854006296552022,-0.08540062965520233,1.249000902703301e-16
2022-09-20,3,0.5999999999999996,-0.031126523783463696,-0.03112652378346384,1.4224732503009818e-16
2022-09-22,8,1.2,0.0079257644563022,0.007925764456302388,-1.8908485888147197e-16
2022-09-23,4,0.6,0.037602480560042596,0.03760248056004277,-1.734723475976807e-16
2022-09-27,4,0.6,0.058438788140375494,0.058438788140375716,-2.220446049250313e-16
2022-09-29,8,1.2,0.07778135824771021,0.0777813582477104,-1.942890293094024e-16
2022-09-30,4,0.6,-0.00039519664260779966,-0.000395196642607786,-1.3660947373317356e-17
2022-10-04,4,0.6,-0.08698036815463529,-0.08698036815463553,2.3592239273284576e-16
2022-10-06,8,1.2,-0.09802709089046821,-0.09802709089046849,2.7755575615628914e-16
2022-10-07,4,0.6,-0.0009843181028915988,-0.000984318102891465,-1.3379054808471125e-16
2022-10-11,4,0.6,0.022928628116541203,0.0229286281165412,3.469446951953614e-18
2022-10-13,6,1.1999999999999995,0.16866882583830378,0.16866882583830384,-5.551115123125783e-17
2022-10-14,3,0.5999999999999996,0.030619256720804396,0.0306192567208046,-2.0469737016526324e-16
2022-10-18,4,0.6,0.014608444749581999,0.014608444749582011,-1.214306433183765e-17
2022-10-20,6,1.1999999999999995,-0.012604763391024003,-0.01260476339102392,-8.326672684688674e-17
2022-10-21,3,0.5999999999999996,0.0164705104773896,0.016470510477389767,-1.6653345369377348e-16
2022-10-25,4,0.6,-0.0036317390471612004,-0.00363173904716115,-5.0306980803327406e-17
2022-10-27,8,1.2,-0.0030412546540634078,-0.003041254654063262,-1.457167719820518e-16
2022-10-28,3,0.5999999999999996,0.0175465681612966,0.017546568161296648,-4.85722573273506e-17
2022-11-01,3,0.5999999999999996,-0.0224276441537855,-0.022427644153785647,1.491862189340054e-16
2022-11-03,6,1.1999999999999995,0.06130277908203301,0.061302779082032945,6.245004513516506e-17
2022-11-04,3,0.5999999999999996,0.008485177366487701,0.008485177366487755,-5.377642775528102e-17
2022-11-08,4,0.6,0.0263260524070342,0.026326052407034325,-1.249000902703301e-16
2022-11-10,6,1.1999999999999995,-0.0036553195636108006,-0.003655319563611081,2.8059152223924855e-16
2022-11-11,3,0.5999999999999996,-0.0413449438896788,-0.041344943889678916,1.1796119636642288e-16
2022-11-15,4,0.6,0.016061209676184702,0.016061209676184733,-3.122502256758253e-17
2022-11-17,8,1.2,0.040366917507162,0.04036691750716203,-2.7755575615628914e-17
2022-11-18,4,0.6,0.008406671905417003,0.008406671905416885,1.1796119636642288e-16
2022-11-22,4,0.6,0.0091845418186511,0.009184541818651169,-6.938893903907228e-17
2022-11-25,8,1.2,-0.013523523101095995,-0.013523523101095822,-1.734723475976807e-16
2022-11-28,4,0.6,-0.022759763595490864,-0.02275976359549087,6.938893903907228e-18
2022-11-30,4,0.6,-0.005880615086649202,-0.005880615086649197,-5.204170427930421e-18
2022-12-02,8,1.2,-0.015102337300912202,-0.015102337300912348,1.457167719820518e-16
2022-12-05,4,0.6,0.0076869603097392426,0.007686960309739291,-4.85722573273506e-17
2022-12-07,4,0.6,-0.0248138319582323,-0.02481383195823237,6.938893903907228e-17
2022-12-09,8,1.2,-0.015344954527586602,-0.015344954527586638,3.642919299551295e-17
2022-12-12,4,0.6,-0.034258014596082,-0.034258014596082194,1.942890293094024e-16
2022-12-14,4,0.6,0.003063701944009673,0.003063701944009665,7.806255641895632e-18
2022-12-16,8,1.2,0.0533980682200264,0.05339806822002674,-3.400058012914542e-16
2022-12-19,4,0.6,-0.0041770060096917,-0.0041770060096918945,1.942890293094024e-16
2022-12-21,4,0.6,0.006254845283158,0.00625484528315814,-1.4051260155412137e-16
2022-12-23,8,1.2,0.0278429224120846,0.0278429224120845,1.0061396160665481e-16
2022-12-27,4,0.6,0.0108987607345754,0.010898760734575498,-9.8879238130678e-17
2022-12-29,4,0.6,0.0264344486838953,0.026434448683895478,-1.7694179454963432e-16
2023-01-03,8,1.2,0.023851703157420003,0.023851703157419996,6.938893903907228e-18
2023-01-04,6,1.2,0.0749039419043757,0.07688797652752413,-0.0019840346231484313
2023-01-06,4,0.6,0.0124487446727514,0.012448744672751534,-1.3530843112619095e-16
2023-01-10,8,1.2,0.0420781202656472,0.042078120265646904,2.983724378680108e-16
2023-01-11,7,1.1999999999999997,0.0406500125752812,0.040180219297081904,0.00046979327819929306
2023-01-13,4,0.6,-0.007808258903040199,-0.007808258903040226,2.688821387764051e-17
2023-01-18,8,1.2,0.08691032503912939,0.08691032503912961,-2.220446049250313e-16
2023-01-19,8,1.2,0.022256748658891202,0.022256748658891302,-1.0061396160665481e-16
2023-01-23,4,0.6,-0.0304610003372234,-0.03046100033722359,1.9081958235744878e-16
2023-01-25,8,1.2,0.0037555997771592,0.003755599777159469,-2.688821387764051e-16
2023-01-26,8,1.2,-0.0647834362578311,-0.06478343625783123,1.249000902703301e-16
2023-01-30,3,0.5999999999999996,-0.0092907910615635,-0.009290791061563514,1.3877787807814457e-17
2023-02-01,8,1.2,-0.008129239566139574,-0.008129239566139767,1.9255430583342559e-16
2023-02-02,8,1.2,-0.0931615853788271,-0.09316158537882725,1.5265566588595902e-16
2023-02-06,4,0.6,-0.012122175945287701,-0.012122175945287625,-7.632783294297951e-17
2023-02-08,8,1.2,0.0366144837127782,0.03661448371277812,8.326672684688674e-17
2023-02-09,8,1.2,0.033880793841457396,0.0338807938414575,-1.0408340855860843e-16
2023-02-13,4,0.6,-0.020471200000056103,-0.020471200000056314,2.1163626406917047e-16
2023-02-15,8,1.2,-0.038586470315767604,-0.038586470315767556,-4.85722573273506e-17
2023-02-16,8,1.2,-0.0812124581716268,-0.08121245817162712,3.191891195797325e-16
2023-02-21,4,0.6,0.0026291858349516,0.0026291858349517336,-1.3357370765021415e-16
2023-02-23,8,1.2,0.012293062296787598,0.012293062296787772,-1.734723475976807e-16
2023-02-24,8,1.2,0.027121935067946402,0.027121935067946478,-7.632783294297951e-17
2023-02-28,4,0.6,0.0036973737168673002,0.0036973737168672586,4.163336342344337e-17
2023-03-02,8,1.2,-0.1189454923696162,-0.11894549236961677,5.689893001203927e-16
2023-03-03,8,1.2,-0.10174961586736041,-0.1017496158673608,3.885780586188048e-16
2023-03-07,4,0.6,-0.028083288215662004,-0.02808328821566208,7.632783294297951e-17
2023-03-09,6,1.1999999999999995,0.0002921414411320069,0.0002921414411320832,-7.632783294297951e-17
2023-03-10,6,1.1999999999999995,0.0191183017122984,0.019118301712298273,1.2836953722228372e-16
2023-03-14,4,0.6,0.0200730181519024,0.020073018151902614,-2.1510571102112408e-16
2023-03-16,8,1.2,0.042656216333021996,0.04265621633302233,-3.3306690738754696e-16
2023-03-17,8,1.2,0.007779523916935104,0.007779523916935302,-1.97758476261356e-16
2023-03-21,4,0.6,0.0410650449015963,0.041065044901596445,-1.457167719820518e-16
2023-03-23,6,1.1999999999999995,0.016143611429627,0.01614361142962731,-3.122502256758253e-16
2023-03-24,8,1.2,0.0679206453647325,0.06792064536473272,-2.220446049250313e-16
2023-03-28,4,0.6,0.0087660817936707,0.008766081793670775,-7.45931094670027e-17
2023-03-30,8,1.2,-0.0017854762463654014,-0.0017854762463655853,1.8388068845354155e-16
2023-03-31,8,1.2,0.0333526294514607,0.03335262945146085,-1.5265566588595902e-16
2023-04-04,4,0.6,0.0389370499710432,0.038937049971043254,-5.551115123125783e-17
2023-04-06,8,1.2,-0.0271346156206902,-0.02713461562069041,2.0816681711721685e-16
2023-04-10,8,1.2,0.018097707604225403,0.01809770760422553,-1.249000902703301e-16
2023-04-12,4,0.6,-0.023609107022469496,-0.023609107022469537,4.163336342344337e-17
2023-04-14,6,1.1999999999999995,-0.045040440491143606,-0.045040440491143745,1.3877787807814457e-16
2023-04-17,8,1.2,-0.123623998037291,-0.12362399803729124,2.3592239273284576e-16
2023-04-19,4,0.6,0.0313893181860879,0.03138931818608811,-2.0816681711721685e-16
2023-04-21,8,1.2,0.053820492733288205,0.05382049273328856,-3.5388358909926865e-16
2023-04-24,8,1.2,0.09523055012959719,0.09523055012959755,-3.608224830031759e-16
2023-04-26,4,0.6,-0.0093812350257338,-0.009381235025733809,8.673617379884035e-18
2023-04-28,8,1.2,0.08004402144838695,0.08004402144838714,-1.942890293094024e-16
2023-05-01,8,1.2,0.00041512851220079985,0.000415128512200861,-6.114900252818245e-17
2023-05-03,4,0.6,0.0096232213527446,0.00962322135274473,-1.3010426069826053e-16
2023-05-05,8,1.2,-0.006861537748498799,-0.006861537748498799,0.0
2023-05-08,8,1.2,-0.009519256275104599,-0.009519256275104786,1.8735013540549517e-16
2023-05-10,4,0.6,0.0538445764033969,0.05384457640339697,-6.938893903907228e-17
2023-05-12,6,1.1999999999999995,0.11620911751768098,0.11620911751768122,-2.3592239273284576e-16
2023-05-15,6,1.1999999999999995,0.04543144150981959,0.04543144150981962,-2.7755575615628914e-17
2023-05-17,4,0.6,0.0665094314117573,0.06650943141175739,-8.326672684688674e-17
2023-05-19,8,1.2,0.20290950186003198,0.2029095018600321,-1.1102230246251565e-16
2023-05-22,7,1.1999999999999995,0.17734059868378196,0.1777319936704726,-0.0003913949866906352
2023-05-24,4,0.6,0.023185465343821397,0.023185465343821484,-8.673617379884035e-17
2023-05-26,8,1.2,0.0042068727047636,0.004206872704763548,5.204170427930421e-17
2023-05-30,8,1.2,0.030756661328998198,0.030756661328998333,-1.3530843112619095e-16
2023-06-01,4,0.6,0.021389756792052402,0.021389756792052433,-3.122502256758253e-17
2023-06-05,8,1.2,0.0242625272729122,0.024262527272912282,-8.326672684688674e-17
2023-06-06,8,1.2,0.0740241167610731,0.07402411676107333,-2.3592239273284576e-16
2023-06-08,4,0.6,-0.0027719743311448016,-0.0027719743311446694,-1.3227266504323154e-16
2023-06-12,8,1.2,-0.04271694218718221,-0.04271694218718237,1.5959455978986625e-16
2023-06-13,8,1.2,-0.04201319430896065,-0.042013194308960576,-7.632783294297951e-17
2023-06-15,4,0.6,-0.021648979214873302,-0.021648979214873458,1.5612511283791264e-16
2023-06-20,8,1.2,0.012380883724019,0.01238088372401904,-3.9898639947466563e-17
2023-06-21,8,1.2,0.0081771941360241,0.008177194136024083,1.734723475976807e-17
2023-06-23,4,0.6,0.035406066597566406,0.03540606659756659,-1.8735013540549517e-16
2023-06-27,8,1.2,-0.001943011605976399,-0.0019430116059765004,1.0148132334464322e-16
2023-06-28,8,1.2,0.017058614537089803,0.017058614537089872,-6.938893903907228e-17
2023-06-30,4,0.6,0.008369197172164,0.008369197172163945,5.551115123125783e-17
2023-07-05,8,1.2,0.10207935648549502,0.10207935648549529,-2.7755575615628914e-16
2023-07-06,8,1.2,0.1330214447818945,0.13302144478189504,-5.273559366969494e-16
2023-07-10,4,0.6,0.049309063453326106,0.049309063453326196,-9.020562075079397e-17
2023-07-12,8,1.2,-0.016506088385374595,-0.01650608838537495,3.5388358909926865e-16
2023-07-13,8,1.2,-0.025686270951698797,-0.02568627095169879,-6.938893903907228e-18
2023-07-17,4,0.6,-0.0158146790791114,-0.01581467907911139,-1.0408340855860843e-17
2023-07-19,8,1.2,0.0432933495593174,0.04329334955931764,-2.42861286636753e-16
2023-07-20,8,1.2,0.06207838457469761,0.062078384574697734,-1.249000902703301e-16
2023-07-24,4,0.6,0.0202846902209558,0.020284690220955783,1.734723475976807e-17
2023-07-26,8,1.2,-0.024442527466934,-0.024442527466934278,2.7755575615628914e-16
2023-07-27,8,1.2,-0.004149374799616093,-0.004149374799616114,2.0816681711721685e-17
2023-07-31,4,0.6,-0.010346611941524,-0.010346611941524086,8.673617379884035e-17
2023-08-02,8,1.2,-0.05882152744603719,-0.058821527446037275,8.326672684688674e-17
2023-08-03,8,1.2,-0.13498015484829773,-0.1349801548482978,8.326672684688674e-17
2023-08-07,4,0.6,-0.046899062396971794,-0.0468990623969721,3.0531133177191805e-16
2023-08-09,8,1.2,-0.0446072555281386,-0.044607255528138864,2.636779683484747e-16
2023-08-10,8,1.2,-0.06386594514674446,-0.06386594514674494,4.85722573273506e-16
2023-08-14,4,0.6,-0.0044842205143055995,-0.00448422051430557,-2.949029909160572e-17
2023-08-16,8,1.2,0.03222587145159476,0.03222587145159492,-1.5959455978986625e-16
2023-08-17,8,1.2,-0.0008497233093986041,-0.0008497233093982641,-3.400058012914542e-16
2023-08-21,4,0.6,0.023800919457119797,0.023800919457119984,-1.8735013540549517e-16
2023-08-23,8,1.2,0.0311989164222344,0.03119891642223474,-3.400058012914542e-16
2023-08-24,8,1.2,0.0545129595095553,0.05451295950955579,-4.926614671774132e-16
2023-08-28,4,0.6,-0.011439147946752201,-0.011439147946752224,2.2551405187698492e-17
2023-08-30,8,1.2,0.009505302515644999,0.009505302515644829,1.700029006457271e-16
2023-08-31,8,1.2,-0.016777158027841403,-0.016777158027841323,-7.979727989493313e-17
2023-09-05,4,0.6,0.0045653114668601,0.00456531146686002,7.979727989493313e-17
2023-09-07,8,1.2,0.0136240061385062,0.01362400613850651,-3.0878077872387166e-16
2023-09-08,8,1.2,-0.006792834878808501,-0.006792834878808479,-2.168404344971009e-17
2023-09-12,4,0.6,-0.007573926110996,-0.007573926110996069,6.938893903907228e-17
2023-09-14,8,1.2,-0.027552647480891,-0.027552647480891337,3.365363543395006e-16
2023-09-15,8,1.2,-0.05774753025812,-0.057747530258120267,2.636779683484747e-16
2023-09-19,4,0.6,-0.0138954904241829,-0.013895490424183036,1.3530843112619095e-16
2023-09-21,8,1.2,-0.0012743789302040996,-0.00127437893020413,3.0357660829594124e-17
2023-09-22,7,1.1999999999999995,-0.039364827834916405,-0.04060645638483651,0.001241628549920104
2023-09-26,4,0.6,-0.0138012887665727,-0.013801288766572706,6.938893903907228e-18
2023-09-28,8,1.2,0.0025188551415662,0.002518855141565999,2.0122792321330962e-16
2023-09-29,6,1.1999999999999995,0.0439579895847387,0.04395798958473874,-4.163336342344337e-17
2023-10-03,4,0.6,0.0314606656653788,0.03146066566537884,-4.163336342344337e-17
2023-10-05,8,1.2,0.002164789328960399,0.0021647893289600097,3.894454203567932e-16
2023-10-06,8,1.2,-0.0110725939211116,-0.011072593921111486,-1.1449174941446927e-16
2023-10-10,4,0.6,-0.0028558209212833133,-0.0028558209212834126,9.93129189996722e-17
2023-10-12,8,1.2,-0.0356757389216444,-0.035675738921644704,3.0531133177191805e-16
2023-10-13,8,1.2,-0.011960594486827401,-0.011960594486827661,2.6020852139652106e-16
2023-10-17,4,0.6,-0.0272044810134178,-0.02720448101341804,2.393918396847994e-16
2023-10-19,6,1.1999999999999995,-0.0753466659270092,-0.0753466659270094,2.0816681711721685e-16
2023-10-20,8,1.2,-0.0400987541574655,-0.04009875415746582,3.191891195797325e-16
2023-10-24,4,0.6,-0.005780289869718,-0.0057802898697179245,-7.546047120499111e-17
2023-10-26,6,1.1999999999999995,0.07906171087284859,0.07906171087284862,-2.7755575615628914e-17
2023-10-27,8,1.2,0.050045515036031496,0.05004551503603164,-1.457167719820518e-16
2023-10-31,4,0.6,0.0280303022426718,0.02803030224267195,-1.491862189340054e-16
2023-11-02,8,1.2,0.0468269098764374,0.04682690987643786,-4.579669976578771e-16
2023-11-03,8,1.2,0.0716183810992774,0.07161838109927755,-1.5265566588595902e-16
2023-11-07,4,0.6,0.012045607693580799,0.012045607693580788,1.0408340855860843e-17
2023-11-09,6,1.1999999999999995,0.002518450133404199,0.0025184501334044,-2.0122792321330962e-16
2023-11-10,8,1.2,0.028478057477007903,0.028478057477008097,-1.942890293094024e-16
2023-11-14,4,0.6,0.0140611517168722,0.014061151716872371,-1.717376241217039e-16
2023-11-16,8,1.2,0.0204216140902346,0.020421614090234998,-3.9898639947466563e-16
2023-11-17,8,1.2,-0.013704809140930202,-0.01370480914093047,2.688821387764051e-16
2023-11-21,4,0.6,0.0020107822848954996,0.002010782284895489,1.0408340855860843e-17
2023-11-24,8,1.2,0.0248808225244714,0.024880822524471144,2.5673907444456745e-16
2023-11-27,8,1.2,0.065290552393563,0.06529055239356323,-2.220446049250313e-16
2023-11-29,4,0.6,0.004952403692669,0.004952403692668991,8.673617379884035e-18
2023-12-01,8,1.2,0.018319466479803197,0.018319466479803356,-1.5959455978986625e-16
2023-12-04,8,1.2,0.09702735435064691,0.09702735435064666,2.498001805406602e-16
2023-12-06,3,0.5999999999999996,0.0296002892697846,0.0296002892697847,-1.0061396160665481e-16
2023-12-08,6,1.1999999999999995,0.0322191191521042,0.03221911915210435,-1.457167719820518e-16
2023-12-11,6,1.1999999999999995,0.1099631249092447,0.10996312490924487,-1.6653345369377348e-16
2023-12-13,3,0.5999999999999996,0.010790953673327299,0.010790953673327313,-1.3877787807814457e-17
2023-12-15,6,1.1999999999999995,0.0633428575928706,0.06334285759287064,-4.163336342344337e-17
2023-12-18,6,1.1999999999999995,0.1306779366518556,0.13067793665185554,5.551115123125783e-17
2023-12-20,3,0.5999999999999996,0.0253241575059016,0.025324157505901647,-4.85722573273506e-17
2023-12-22,8,1.2,-0.0371950729757711,-0.03719507297577133,2.2898349882893854e-16
2023-12-26,6,1.1999999999999995,-0.1250889972560883,-0.1250889972560886,3.0531133177191805e-16
2023-12-28,4,0.6,-0.0187951052735954,-0.018795105273595604,2.0469737016526324e-16
2024-01-02,8,1.2,-0.0022537383950533008,-0.002253738395052954,-3.469446951953614e-16
2024-01-03,7,1.1999999999999997,-0.021720205873860303,-0.022126128715032105,0.0004059228411718019
2024-01-05,4,0.6,-0.026461461796708004,-0.026461461796708153,1.491862189340054e-16
2024-01-09,8,1.2,-0.040171764964052004,-0.04017176496405219,1.8735013540549517e-16
2024-01-10,7,1.1999999999999997,-0.1058162024148343,-0.10429014998954209,-0.001526052425292218
2024-01-12,4,0.6,0.008245780632861402,0.008245780632861523,-1.214306433183765e-16
2024-01-17,8,1.2,0.030624134796693004,0.030624134796693087,-8.326672684688674e-17
2024-01-18,8,1.2,0.0441633588165906,0.04416335881659051,9.020562075079397e-17
2024-01-22,4,0.6,-0.004313039923702497,-0.004313039923702529,3.209238430557093e-17
2024-01-24,8,1.2,0.004940973366578207,0.004940973366578075,1.3183898417423734e-16
2024-01-25,8,1.2,0.069546947910714,0.06954694791071411,-1.1102230246251565e-16
2024-01-29,4,0.6,0.0506003843782659,0.050600384378265965,-6.245004513516506e-17
2024-01-31,8,1.2,0.0626812282081438,0.06268122820814366,1.3877787807814457e-16
2024-02-01,8,1.2,0.1641586244961106,0.16415862449611068,-8.326672684688674e-17
2024-02-05,4,0.6,0.037516121415297206,0.037516121415297365,-1.5959455978986625e-16
2024-02-07,8,1.2,0.16858314864986979,0.16858314864987015,-3.608224830031759e-16
2024-02-08,8,1.2,0.12603102137472694,0.1260310213747272,-2.498001805406602e-16
2024-02-12,4,0.6,-0.019015868779141,-0.019015868779141198,1.97758476261356e-16
2024-02-14,8,1.2,-0.0307709940639684,-0.03077099406396882,4.198030811863873e-16
2024-02-15,8,1.2,0.0226498706187142,0.022649870618714128,7.28583859910259e-17
2024-02-20,3,0.5999999999999996,0.1236030845226663,0.12360308452266637,-6.938893903907228e-17
2024-02-22,8,1.2,0.24447802653137118,0.2444780265313714,-2.220446049250313e-16
2024-02-23,8,1.2,0.030227119931388408,0.03022711993138856,-1.5265566588595902e-16
2024-02-27,3,0.5999999999999996,0.1729313492536374,0.17293134925363748,-8.326672684688674e-17
2024-02-29,8,1.2,0.2001102728812872,0.20011027288128755,-3.608224830031759e-16
2024-03-01,8,1.2,-0.047260706450095794,-0.04726070645009592,1.249000902703301e-16
2024-03-05,3,0.5310199818671562,0.07051200171757849,0.07051200171757856,-6.938893903907228e-17
2024-03-07,8,1.2,0.0337838711533694,0.033783871153369296,1.0408340855860843e-16
2024-03-08,8,1.2,-0.0349402279231156,-0.034940227923115644,4.163336342344337e-17
2024-03-12,3,0.5225348466853386,-0.0778767431404674,-0.07787674314046744,4.163336342344337e-17
2024-03-14,8,1.2,-0.06650466932723681,-0.06650466932723698,1.6653345369377348e-16
2024-03-15,6,1.1999999999999995,0.1154666349909796,0.11546663499097976,-1.5265566588595902e-16
2024-03-19,3,0.4609464488183742,0.05863868161134089,0.05863868161134094,-4.85722573273506e-17
2024-03-21,8,1.2,0.0359395591081796,0.0359395591081797,-9.71445146547012e-17
2024-03-22,6,1.1999999999999995,-0.0787643344409536,-0.07876433444095386,2.636779683484747e-16
2024-03-26,3,0.45746028638333425,-0.0455477686238525,-0.04554776862385262,1.1796119636642288e-16
2024-03-28,8,1.2,-0.08682511546581759,-0.08682511546581792,3.3306690738754696e-16
2024-04-01,6,1.1999999999999995,-0.08777396852431461,-0.08777396852431492,3.0531133177191805e-16
2024-04-03,3,0.44379940090726144,-0.0048571911258611,-0.004857191125861128,2.862293735361732e-17
2024-04-05,8,1.1902143759378658,-0.0701364519835589,-0.0701364519835592,2.914335439641036e-16
2024-04-08,6,1.1999999999999995,-0.0349657110760312,-0.03496571107603123,3.469446951953614e-17
2024-04-10,3,0.45172122109296864,-0.0483762980550891,-0.04837629805508928,1.8041124150158794e-16
2024-04-12,6,1.1713389831811638,-0.10620573602878511,-0.10620573602878529,1.8041124150158794e-16
2024-04-15,6,1.1999999999999995,-0.060201497401650594,-0.06020149740165046,-1.3183898417423734e-16
2024-04-17,2,0.4306020264783012,-0.0269672736046722,-0.026967273604672274,7.28583859910259e-17
2024-04-19,6,1.08771324185625,0.1167133164180951,0.11671331641809526,-1.6653345369377348e-16
2024-04-22,6,1.1999999999999995,-0.05454755544584859,-0.054547555445848744,1.5265566588595902e-16
2024-04-24,3,0.42413581030402653,-0.0235823646922304,-0.02358236469223047,6.938893903907228e-17
2024-04-26,6,1.0691527191909722,-0.0128762574294612,-0.012876257429461236,3.642919299551295e-17
2024-04-29,7,1.1999999999999995,0.0657013557120996,0.0656106410483862,9.07146637134093e-05
2024-05-01,3,0.4203049028134518,0.0336236586731246,0.033623658673124654,-5.551115123125783e-17
2024-05-03,8,1.0621078233441197,-0.037248364685936106,-0.037248364685936376,2.706168622523819e-16
2024-05-06,8,1.2,-0.0108261146300858,-0.010826114630085601,-1.9949319973733282e-16
2024-05-08,3,0.4207623727914477,0.010357126325774898,0.01035712632577488,1.734723475976807e-17
2024-05-10,8,1.1199432107118648,0.1475454801370743,0.1475454801370745,-1.942890293094024e-16
2024-05-13,6,1.1999999999999995,0.1528041783592194,0.15280417835921958,-1.942890293094024e-16
2024-05-15,4,0.4254045943681372,-0.010146204086631798,-0.010146204086631984,1.8561541192951836e-16
2024-05-17,8,1.0768862347964685,0.0366686040435841,0.03666860404358407,3.469446951953614e-17
2024-05-20,8,1.2,0.2375935919226344,0.23759359192263424,1.6653345369377348e-16
2024-05-22,4,0.470484700292428,0.0032622039154007994,0.003262203915400712,8.760353553682876e-17
2024-05-24,8,1.2,-0.0400679239134848,-0.04006792391348506,2.5673907444456745e-16
2024-05-28,8,1.196303377891266,0.0338499575836705,0.033849957583670626,-1.249000902703301e-16
2024-05-30,4,0.6,0.004353290479064603,0.0043532904790647,-9.71445146547012e-17
2024-06-03,8,1.2,0.016126782006848514,0.01612678200684855,-3.469446951953614e-17
2024-06-04,8,1.2,0.014796753717097193,0.0147967537170972,-6.938893903907228e-18
2024-06-06,4,0.6,0.0225735277930178,0.022573527793017936,-1.3530843112619095e-16
2024-06-10,8,1.2,0.0715763815903444,0.0715763815903445,-9.71445146547012e-17
2024-06-11,8,1.2,-0.031711324139366795,-0.03171132413936676,-3.469446951953614e-17
2024-06-13,4,0.6,-0.0313216516510115,-0.0313216516510117,2.0122792321330962e-16
2024-06-17,5,1.1999999999999997,-0.0927876269041227,-0.09454752585217117,0.001759898948048469
2024-06-18,8,1.2,-0.0753457126797096,-0.07534571267970984,2.3592239273284576e-16
2024-06-21,3,0.5999999999999996,0.005809072463473099,0.005809072463473175,-7.632783294297951e-17
2024-06-25,7,1.1999999999999995,0.0257092549462666,0.027295435343155233,-0.0015861803968886326
2024-06-26,8,1.2,0.0803040594260986,0.08030405942609899,-3.885780586188048e-16
2024-06-28,4,0.6,0.0146215656158628,0.014621565615862829,-2.949029909160572e-17
2024-07-02,8,1.2,-0.010896372818999498,-0.01089637281899946,-3.8163916471489756e-17
2024-07-03,8,1.2,0.1585787443671794,0.15857874436717934,5.551115123125783e-17
2024-07-08,4,0.6,-0.0114147790165174,-0.011414779016517464,6.418476861114186e-17
2024-07-10,8,1.2,-0.06930455670530901,-0.0693045567053093,2.914335439641036e-16
2024-07-11,8,1.2,0.0022247267996158004,0.0022247267996155437,2.5673907444456745e-16
2024-07-15,4,0.6,-0.014822707100468901,-0.014822707100469073,1.717376241217039e-16
2024-07-17,8,1.2,-0.011125330045037997,-0.01112533004503815,1.5265566588595902e-16
2024-07-18,8,1.2,0.1202595175523168,0.12025951755231695,-1.5265566588595902e-16
2024-07-22,4,0.6,-0.055864977836190495,-0.05586497783619063,1.3183898417423734e-16
2024-07-24,8,1.2,-0.07321395639982439,-0.0732139563998247,3.0531133177191805e-16
2024-07-25,8,1.2,-0.1338789197904352,-0.1338789197904356,3.885780586188048e-16
2024-07-29,4,0.6,-0.0463147455375427,-0.046314745537542806,1.0408340855860843e-16
2024-07-31,8,1.2,-0.0428062731107314,-0.04280627311073165,2.498001805406602e-16
2024-08-01,8,1.1868561478035644,-0.12390854629739641,-0.12390854629739652,1.1102230246251565e-16
2024-08-05,3,0.5999999999999996,-0.0026937620713115,-0.0026937620713115783,7.849623728795052e-17
2024-08-07,8,1.2,0.0168649877546465,0.016864987754646732,-2.3245294578089215e-16
2024-08-08,8,1.0865282425277412,0.1537417107002222,0.15374171070022227,-8.326672684688674e-17
2024-08-12,3,0.5999999999999996,0.008043297043599601,0.008043297043599556,4.5102810375396984e-17
2024-08-14,8,1.2,0.0016107016366435,0.001610701636643445,5.5077470362263625e-17
2024-08-15,8,1.085742201606188,0.0153642589014606,0.015364258844509598,5.695100120661767e-11
2024-08-19,4,0.6,0.0097390618875254,0.009739061887525453,-5.204170427930421e-17
2024-08-21,8,1.2,0.021366707059600396,0.02136670705960065,-2.5326962749261384e-16
2024-08-22,8,1.2,-0.0552512247647038,-0.05525122476470405,2.498001805406602e-16
2024-08-26,4,0.6,-0.0456992873396386,-0.04569928733963877,1.6653345369377348e-16
2024-08-28,8,1.2,-0.0655118709064902,-0.06551187090649065,4.440892098500626e-16
2024-08-29,8,1.2,-0.0548514587116641,-0.05485145871166405,-4.85722573273506e-17
2024-09-03,4,0.6,0.005450385783833099,0.00545038578383304,5.984795992119984e-17
2024-09-05,8,1.2,0.046781343563209996,0.04678134356320998,1.3877787807814457e-17
2024-09-06,8,1.2,0.1086612194610942,0.10866121946109435,-1.5265566588595902e-16
2024-09-10,4,0.6,-0.0042890421426884,-0.004289042142688441,4.0766001685454967e-17
2024-09-12,8,1.2,0.0014774396594395994,0.0014774396594395807,1.8648277366750676e-17
2024-09-13,8,1.1804319196817081,-0.013551417201795098,-0.013399221290036399,-0.00015219591175869886
2024-09-17,4,0.6,0.0020612857994160997,0.0020612857994161053,-5.637851296924623e-18
2024-09-19,8,1.2,-0.003194011859462401,-0.0031940118594626405,2.393918396847994e-16
2024-09-20,8,1.2,-0.012198445010890001,-0.012198445010890306,3.0531133177191805e-16
2024-09-24,4,0.6,0.023974703128537903,0.023974703128537785,1.1796119636642288e-16
2024-09-26,8,1.2,-0.0184278449993102,-0.01842784499931021,1.0408340855860843e-17
2024-09-27,8,1.2,-0.0164074853254798,-0.016407485325479986,1.8735013540549517e-16
2024-10-01,4,0.6,0.010021582632074,0.010021582632074026,-2.6020852139652106e-17
2024-10-03,6,1.1999999999999995,0.1042645118375028,0.10426451183750271,8.326672684688674e-17
2024-10-04,8,1.2,0.0035918655917707995,0.0035918655917709305,-1.3097162243624894e-16
2024-10-08,3,0.5999999999999996,-0.021481042554610398,-0.021481042554610447,4.85722573273506e-17
2024-10-10,8,1.2,0.004321740585889701,0.004321740585889815,-1.1449174941446927e-16
2024-10-11,6,1.2,0.0813617576571798,0.060483436821872696,0.020878320835307107
2024-10-15,3,0.5999999999999996,0.0080398038509928,0.008039803850992736,6.418476861114186e-17
2024-10-17,8,1.2,0.005904152688946099,0.005904152688946094,5.204170427930421e-18
2024-10-18,7,1.1999999999999997,0.031729331739797396,0.03253415109735822,-0.0008048193575608265
2024-10-22,3,0.5999999999999996,0.0285571714517518,0.028557171451751802,-3.469446951953614e-18
2024-10-24,8,1.2,-0.023367974774936198,-0.023367974774936337,1.3877787807814457e-16
2024-10-25,7,1.1999999999999997,-0.09266723591859521,-0.09184360982088031,-0.0008236260977148996
2024-10-29,4,0.6,0.021617051107010496,0.02161705110701061,-1.1449174941446927e-16
2024-10-31,8,1.2,0.0972773005156537,0.09727730051565381,-1.1102230246251565e-16
2024-11-01,7,1.1999999999999997,0.21247706202779057,0.21477247499715468,-0.0022954129693641134
2024-11-05,4,0.6,0.06434821964082989,0.06434821964083001,-1.249000902703301e-16
2024-11-07,8,1.2,0.05700940419229001,0.057009404192289885,1.249000902703301e-16
2024-11-08,6,1.2,0.0777263510987171,0.07078624758826413,0.006940103510452975
2024-11-12,4,0.6,0.06312384152092511,0.06312384152092511,0.0
2024-11-14,8,1.2,0.1592898033120489,0.15928980331204895,-5.551115123125783e-17
2024-11-15,7,1.1999999999999997,0.10945383671307335,0.10199627657490429,0.0074575601381690615
2024-11-19,4,0.6,-0.027900769768139003,-0.02790076976813896,-4.163336342344337e-17
2024-11-21,8,1.2,-0.006504966245071998,-0.006504966245071905,-9.367506770274758e-17
2024-11-22,7,1.1999999999999997,-0.0509763527660207,-0.04457905664267795,-0.0063972961233427494
2024-11-26,4,0.6,0.0495692166037837,0.04956921660378366,4.163336342344337e-17
2024-11-29,8,1.2,0.0282481910855582,0.028248191085558226,-2.7755575615628914e-17
2024-12-02,8,1.2,0.148352869182332,0.14835286918233204,-2.7755575615628914e-17
2024-12-04,4,0.6,0.0376637796758222,0.03766377967582224,-4.163336342344337e-17
2024-12-06,8,1.2,0.1198460524285214,0.1198460524285217,-3.0531133177191805e-16
2024-12-09,8,1.118065903771155,0.1465130338432581,0.1542588900333472,-0.0077458561900891065
2024-12-11,4,0.6,-0.027186078827562098,-0.027186078827562132,3.469446951953614e-17
2024-12-13,8,1.2,-0.095754268358631,-0.09575426835863132,3.191891195797325e-16
2024-12-16,8,1.082203522870012,0.003249519795139103,0.0080173210766575,-0.0047678012815183975
2024-12-18,4,0.6,0.0106938534441715,0.010693853444171595,-9.540979117872439e-17
2024-12-20,8,1.2,-0.056868227613908105,-0.05686822761390814,3.469446951953614e-17
2024-12-23,8,1.0895670266095376,0.0029011992532237893,0.01425329016247677,-0.01135209090925298
2024-12-26,4,0.6,0.0306048108035221,0.03060481080352227,-1.700029006457271e-16
2024-12-30,8,1.2,0.09434150671418261,0.09434150671418311,-4.996003610813204e-16
2024-12-31,8,1.1107410798759956,0.00014570593320790623,-0.004558533203370529,0.004704239136578435
2025-01-03,4,0.6,-0.024731031453059507,-0.024731031453059684,1.7694179454963432e-16
2025-01-07,8,1.2,0.022945896539520498,0.022945896539520356,1.4224732503009818e-16
2025-01-08,8,1.0941413271894411,0.0714736072938196,0.07081280578820413,0.0006608015056154687
2025-01-13,4,0.6,0.0289342807749046,0.028934280774904682,-8.326672684688674e-17
2025-01-15,8,1.2,-0.0045484171579456,-0.004548417157945723,1.231653667943533e-16
2025-01-16,8,1.0977340519087788,0.0295819477935806,0.0402632865962738,-0.010681338802693202
2025-01-21,4,0.6,-0.05633131274180189,-0.056331312741802086,1.942890293094024e-16
2025-01-23,8,1.2,-0.05625372015368609,-0.056253720153686286,1.942890293094024e-16
2025-01-24,8,1.0988468736474328,0.0978242890009447,0.10162522493653385,-0.003800935935589153
2025-01-28,4,0.6,0.0019691834340115,0.001969183434011325,1.7520707107365752e-16
2025-01-30,8,1.2,-0.0174140055809878,-0.017414005580988195,3.95516952522712e-16
2025-01-31,8,1.163795336857227,0.058252941961424005,0.05762755266099494,0.0006253893004290675
2025-02-04,4,0.6,-0.044092437066422005,-0.044092437066422144,1.3877787807814457e-16
2025-02-06,8,1.2,0.014756910583205,0.014756910583205282,-2.8275992658421956e-16
2025-02-07,8,1.1719732722233551,-0.0584112439416319,-0.05916472627098768,0.0007534823293557785
2025-02-11,4,0.6,0.10990878101032699,0.10990878101032704,-5.551115123125783e-17
2025-02-13,8,1.2,-0.003284566131290004,-0.0032845661312900214,1.734723475976807e-17
2025-02-14,7,1.1154591194294874,-0.21525790230323968,-0.2107920921924654,-0.004465810110774293
2025-02-19,3,0.5999999999999996,-0.092962176449779,-0.09296217644977897,-2.7755575615628914e-17
2025-02-21,7,1.1999999999999997,-0.1449655370384809,-0.1404118706979848,-0.0045536663404960875
2025-02-24,7,1.0091770192837886,-0.0704212846867463,-0.07168494268414355,0.0012636579973972495
2025-02-26,2,0.5825733222968432,-0.032760935660364296,-0.03276093566036434,4.163336342344337e-17
2025-02-28,8,1.2,-0.055424832790118395,-0.055424832790118186,-2.0816681711721685e-16
2025-03-03,7,1.0117696047686349,-0.0107079631876523,-0.010406417009291066,-0.00030154617836123526
2025-03-05,3,0.5974527784032516,0.0010385065720322998,0.0010385065720323675,-6.765421556309548e-17
2025-03-07,4,1.2,-0.0115477082530938,-0.011547708253093827,2.7755575615628914e-17
2025-03-10,4,1.0761122493101904,0.0707694338301207,0.08019967130561717,-0.00943023747549647
2025-03-12,3,0.5999999999999996,-0.0025221751558897002,-0.0025221751558897787,7.849623728795052e-17
2025-03-14,6,1.1999999999999995,-0.034132271760259306,-0.034132271760259444,1.3877787807814457e-16
2025-03-17,6,1.1233855272659226,-0.0630465186783824,-0.06332305285390394,0.0002765341755215367
2025-03-19,3,0.5999999999999996,-0.0232155830496665,-0.023215583049666564,6.245004513516506e-17
2025-03-21,8,1.2,0.0203592964524986,0.020359296452498746,-1.457167719820518e-16
2025-03-24,7,1.1173814112318192,-0.05042810898234018,-0.048275399405068434,-0.002152709577271747
2025-03-26,3,0.5999999999999996,-0.023359766289461,-0.023359766289461105,1.0408340855860843e-16
2025-03-28,8,1.2,-0.0732200848429686,-0.07322008484296896,3.608224830031759e-16
2025-03-31,7,1.1304167919260637,-0.19512398708488968,-0.1924298675003851,-0.0026941195845045784
2025-04-02,3,0.5999999999999996,-0.0920580707554855,-0.09205807075548555,5.551115123125783e-17
2025-04-04,8,1.2,0.049670685926713004,0.04967068592671338,-3.7470027081099033e-16
2025-04-07,8,1.0768456761444392,0.1052720255574361,0.10812836793705259,-0.002856342379616489
2025-04-09,4,0.581029476025692,0.0292336696100828,0.029233669610083033,-2.3245294578089215e-16
2025-04-11,8,1.2,-0.010476529390745226,-0.01047652939074534,1.1449174941446927e-16
2025-04-14,8,1.0615956172262668,0.028067763459168,0.028178519395822388,-0.00011075593665438657
2025-04-16,4,0.5807780039717056,0.0036832902446383986,0.003683290244638345,5.377642775528102e-17
2025-04-21,7,1.1999999999999995,-0.0177917429153978,-0.017730388265930836,-6.135464946696242e-05
2025-04-22,8,1.091440186265476,0.00034451614332119997,-0.0010943713741971882,0.0014388875175183882
2025-04-24,4,0.5916680187403464,0.0016966508877936004,0.0016966508877936546,-5.421010862427522e-17
2025-04-28,8,1.2,-0.0164358716165598,-0.01643587161655977,-3.122502256758253e-17
2025-04-29,8,1.131315579726478,0.008436579922398699,0.008933158104729843,-0.0004965781823311442
2025-05-01,4,0.5917469049076544,0.010525926601975898,0.010525926601975894,3.469446951953614e-18
2025-05-05,8,1.2,-0.00015436074733659808,-0.0001543607473364697,-1.2836953722228372e-16
2025-05-06,8,1.1360158218080028,0.04104682324463729,0.041625019771981527,-0.0005781965273442338
2025-05-08,4,0.5971652343745684,0.0070746479748045,0.0070746479748046215,-1.214306433183765e-16
2025-05-12,8,1.2,0.0112786908160326,0.01127869081603257,2.949029909160572e-17
2025-05-13,8,1.1280227052597152,-0.013701177632975601,-0.013740299163703897,3.912153072829598e-05
2025-05-15,4,0.6,-0.0158024474534373,-0.015802447453437313,1.3877787807814457e-17
2025-05-19,8,1.2,-0.060661030074206604,-0.06066103007420655,-5.551115123125783e-17
2025-05-20,8,1.2,-0.043806401309245194,-0.04380640130924526,6.938893903907228e-17
2025-05-22,4,0.6,0.0054539826311012,0.00545398263110142,-2.194425197110661e-16
2025-05-27,8,1.2,0.015186104654896483,0.015186104654896528,-4.5102810375396984e-17
2025-05-28,8,1.2,-0.019745347183970998,-0.01974534718397109,9.367506770274758e-17
2025-05-30,4,0.6,0.002955041183637301,0.0029550411836371986,1.0234868508263162e-16
2025-06-03,8,1.2,0.0450316601735367,0.045031660173536776,-7.632783294297951e-17
2025-06-04,8,1.2,0.0412052054739766,0.041205205473976665,-6.245004513516506e-17
2025-06-06,4,0.6,0.017885590495726602,0.01788559049572677,-1.6653345369377348e-16
2025-06-10,8,1.2,-0.002503568105803199,-0.0025035681058033516,1.5265566588595902e-16
2025-06-11,8,1.2,0.0058128872165766,0.00581288721657666,-6.071532165918825e-17
2025-06-13,4,0.6,0.0091174780602626,0.009117478060262548,5.204170427930421e-17
2025-06-17,8,1.2,0.0598665257483886,0.059866525748389,-4.0245584642661925e-16
2025-06-18,8,1.2,0.072099512941512,0.07209951294151234,-3.469446951953614e-16
2025-06-23,4,0.6,-0.027209372130727966,-0.027209372130728115,1.491862189340054e-16
2025-06-25,8,1.2,0.011628581516344603,0.011628581516344771,-1.682681771697503e-16
2025-06-26,8,1.2,0.007737062847828602,0.007737062847828619,-1.734723475976807e-17
2025-06-30,4,0.6,-0.004576098283659898,-0.00457609828365999,9.194034422677078e-17
2025-07-02,8,1.2,-0.0090617213405251,-0.009061721340525256,1.5612511283791264e-16
2025-07-03,8,1.2,0.01916625809328689,0.01916625809328696,-6.938893903907228e-17
2025-07-08,4,0.6,0.019983259824105003,0.019983259824104968,3.469446951953614e-17
2025-07-10,8,1.2,-0.0023760182238470005,-0.0023760182238468618,-1.3877787807814457e-16
2025-07-11,8,1.2,0.0848503265973845,0.08485032659738488,-3.7470027081099033e-16
2025-07-15,4,0.6,0.0011417418078354998,0.0011417418078355657,-6.591949208711867e-17
2025-07-17,8,1.2,0.0139635604054156,0.01396356040541577,-1.700029006457271e-16
2025-07-18,8,1.2,0.040595381620196505,0.040595381620196505,0.0
2025-07-22,4,0.6,0.011056719168783683,0.011056719168783749,-6.591949208711867e-17
2025-07-24,8,1.2,-0.005687982026996599,-0.005687982026996491,-1.0755285551056204e-16
2025-07-25,8,1.2,-0.0072100965797069,-0.007210096579707016,1.1622647289044608e-16
2025-07-29,4,0.6,-0.0499946919887644,-0.049994691988764446,4.85722573273506e-17
2025-07-31,8,1.2,-0.065804542346041,-0.06580454234604119,1.942890293094024e-16
2025-08-01,8,1.2,0.005483301567920908,0.00548330156792088,2.7755575615628914e-17
2025-08-05,4,0.6,0.024546214874400202,0.024546214874400087,1.1449174941446927e-16
2025-08-07,8,1.2,0.0268992905506716,0.026899290550671598,3.469446951953614e-18
2025-08-08,8,1.2,0.08426429749789581,0.08426429749789582,-1.3877787807814457e-17
2025-08-12,3,0.5999999999999996,-0.043537666314914195,-0.043537666314914354,1.5959455978986625e-16
2025-08-14,6,1.1999999999999995,-0.0018244809714187994,-0.0018244809714186815,-1.1796119636642288e-16
2025-08-15,8,1.2,0.017162244807096598,0.01716224480709672,-1.214306433183765e-16
2025-08-19,3,0.5999999999999996,0.0163034464187026,0.01630344641870271,-1.1102230246251565e-16
2025-08-21,8,1.2,-0.0164898112174384,-0.016489811217438508,1.0755285551056204e-16
2025-08-22,8,1.2,-0.0027745243837227008,-0.0027745243837228204,1.196959198423997e-16
2025-08-26,4,0.6,-0.004287337805796673,-0.00428733780579672,4.683753385137379e-17
2025-08-28,8,1.2,-0.018292489077211198,-0.01829248907721111,-8.673617379884035e-17
2025-08-29,8,1.2,0.0660507398005418,0.0660507398005421,-3.0531133177191805e-16
2025-09-03,4,0.6,0.0050495914250724,0.005049591425072399,8.673617379884035e-19
2025-09-05,8,1.2,0.0646707984620333,0.06467079846203358,-2.7755575615628914e-16
2025-09-08,7,1.1999999999999997,0.085811143293025,0.08557590510357667,0.00023523818944833075
2025-09-10,4,0.6,0.0106835731299219,0.01068357312992196,-6.071532165918825e-17
2025-09-12,8,1.2,0.014956143207287501,0.014956143207287668,-1.6653345369377348e-16
2025-09-15,8,1.2,-0.035060997673358,-0.035060997673358185,1.8735013540549517e-16
2025-09-17,4,0.6,0.0204132579406896,0.020413257940689645,-4.5102810375396984e-17
2025-09-19,8,1.2,-0.0001162281779925993,-0.00011622817799263573,3.642919299551295e-17
2025-09-22,8,1.2,0.0126395961169231,0.012639596116923101,-1.734723475976807e-18
2025-09-24,4,0.6,0.01554526972162365,0.01554526972162374,-9.020562075079397e-17
2025-09-26,8,1.2,0.0375616819691133,0.03756168196911372,-4.163336342344337e-16
2025-09-29,8,1.2,0.17287050422040678,0.17287050422040712,-3.3306690738754696e-16
2025-10-01,4,0.6,0.028603030490681094,0.02860303049068104,5.551115123125783e-17
2025-10-03,8,1.2,-0.0174120407433416,-0.017412040743341697,9.71445146547012e-17
2025-10-06,8,1.2,0.2650953850753056,0.26509538507530567,-5.551115123125783e-17
2025-10-08,4,0.6,0.0153973052092943,0.015397305209294325,-2.42861286636753e-17
2025-10-10,8,1.2,0.042445541477493104,0.04244554147749321,-1.0408340855860843e-16
2025-10-13,8,1.2,-0.1316986172416437,-0.13169861724164353,-1.6653345369377348e-16
2025-10-15,4,0.6,0.0338477051116336,0.033847705111633805,-2.0816681711721685e-16
2025-10-17,8,1.2,0.0882568319863511,0.08825683198635162,-5.134781488891349e-16
2025-10-20,8,1.1500168154069241,0.023216302954491102,0.022234201769848035,0.0009821011846430673
2025-10-22,4,0.6,0.0396807461487029,0.039680746148703046,-1.457167719820518e-16
2025-10-24,8,1.2,0.045512244290335,0.045512244290335305,-3.0531133177191805e-16
2025-10-27,8,1.1485116624649159,-0.0456843326382044,-0.045813909896588643,0.00012957725838424333
2025-10-29,4,0.6,0.006063351002181999,0.0060633510021820365,-3.729655473350135e-17
2025-10-31,8,1.2,0.026781720757091197,0.026781720757091072,1.249000902703301e-16
2025-11-03,8,1.1336294268995628,-0.043501187532490895,-0.04428870169713407,0.0007875141646431771
2025-11-05,4,0.6,-0.011368818994831099,-0.011368818994831274,1.7520707107365752e-16
2025-11-07,8,1.2,-0.054920076795637304,-0.05492007679563774,4.371503159461554e-16
2025-11-10,8,1.1229356885370962,-0.0895126574824198,-0.08992608221974505,0.000413424737325252
2025-11-12,4,0.6,-0.0212395531166969,-0.021239553116696865,-3.469446951953614e-17
2025-11-14,8,1.2,0.021295266877835804,0.021295266877836026,-2.220446049250313e-16
2025-11-17,8,1.1037699672447765,-0.0039969740000319,-0.0028237495838639073,-0.001173224416167993
2025-11-19,4,0.6,0.0800504426973863,0.08005044269738638,-8.326672684688674e-17
2025-11-21,8,1.2,0.10741608674025249,0.10741608674025273,-2.3592239273284576e-16
2025-11-24,8,1.103790729783777,0.11207496638626291,0.11067209883214127,0.0014028675541216395
2025-11-26,4,0.6,0.0175359634126497,0.017535963412649805,-1.0408340855860843e-16
2025-12-01,8,1.2,0.0519549070663412,0.05195490706634126,-6.245004513516506e-17
2025-12-02,8,1.100079683146938,0.08520816219460481,0.08475564501384797,0.00045251718075683955
2025-12-04,4,0.6,-0.0008230128171619992,-0.0008230128171621779,1.7867651802561113e-16
2025-12-08,8,1.2,-0.0548806152240915,-0.0548806152240915,0.0
2025-12-09,8,1.1025755833962254,-0.1139460567872079,-0.11394605678720822,3.191891195797325e-16
2025-12-11,4,0.6,-0.0011909128690105013,-0.0011909128690105043,3.0357660829594124e-18
2025-12-15,7,1.1999999999999997,-0.00022326437446169942,0.0004139681096707714,-0.0006372324841324708
2025-12-16,8,1.053735333146831,0.0940708202337808,0.094070820233781,-1.942890293094024e-16
2025-12-18,4,0.6,0.024938728764227498,0.02493872876422756,-6.245004513516506e-17
2025-12-22,8,1.2,0.0074581041206902,0.0074581041206901915,8.673617379884035e-18
2025-12-23,8,1.0379708667475214,0.0024873257388999008,0.0013256904548651872,0.0011616352840347136
2025-12-26,3,0.5999999999999996,0.0561690814077699,0.05616908140776988,1.3877787807814457e-17
2025-12-30,6,1.1999999999999995,0.08974371911519939,0.0897437191151996,-2.0816681711721685e-16
2025-12-31,8,1.1113590424311068,0.0858731408878452,0.08612276799216767,-0.0002496271043224696
2026-01-05,3,0.5999999999999996,0.0056395006183568,0.0056395006183568765,-7.632783294297951e-17
2026-01-07,8,1.2,0.0494071881512476,0.04940718815124792,-3.191891195797325e-16
2026-01-08,8,1.2,0.026846489428837703,0.026846489428837664,3.8163916471489756e-17
2026-01-12,4,0.6,0.0407253746099455,0.04072537460994558,-8.326672684688674e-17
2026-01-14,8,1.2,0.0608613366905884,0.060861336690588685,-2.8449465006019636e-16
2026-01-15,8,1.2,0.0021350227211738987,0.0021350227211738224,7.632783294297951e-17
2026-01-20,4,0.6,0.027564278825284203,0.027564278825284227,-2.42861286636753e-17
2026-01-22,8,1.2,0.04205920956453986,0.04205920956454014,-2.7755575615628914e-16
2026-01-23,8,1.2,-0.0185642245080963,-0.018564224508096278,-2.0816681711721685e-17
2026-01-27,4,0.6,-0.0604458996681341,-0.060445899668134226,1.249000902703301e-16
2026-01-29,8,1.2,0.009026920574563602,0.009026920574563592,1.0408340855860843e-17
2026-01-30,6,1.1999999999999995,-0.06442711401240431,-0.06442711401240465,3.469446951953614e-16
2026-02-03,4,0.6,0.054744720764131505,0.054744720764131685,-1.8041124150158794e-16
2026-02-05,8,1.2,0.0351866405775134,0.03518664057751362,-2.1510571102112408e-16
2026-02-06,6,1.1999999999999995,0.0526748896727114,0.05267488967271178,-3.7470027081099033e-16
2026-02-10,4,0.6,0.0063849957176968,0.00638499571769682,-1.9949319973733282e-17
2026-02-12,8,1.2,0.0325598407505152,0.03255984075051576,-5.620504062164855e-16
2026-02-13,6,1.1999999999999995,0.0883877593902064,0.08838775939020657,-1.6653345369377348e-16
2026-02-18,4,0.6,0.0140804298460894,0.01408042984608954,-1.4051260155412137e-16
2026-02-20,8,1.2,0.0004910531464895999,0.0004910531464895097,9.020562075079397e-17
2026-02-23,6,1.1999999999999995,-0.0707518384915027,-0.07075183849150295,2.498001805406602e-16
2026-02-25,4,0.6,-0.049854468087611,-0.049854468087611264,2.636779683484747e-16
2026-02-27,8,1.2,-0.0840270181140996,-0.0840270181140999,3.0531133177191805e-16
2026-03-02,6,1.1999999999999995,0.0612634059489043,0.06126340594890428,2.0816681711721685e-17
2026-03-04,4,0.6,-0.0290195966152299,-0.029019596615229973,7.28583859910259e-17
2026-03-06,8,1.2,0.0410504216356198,0.04105042163561991,-1.0408340855860843e-16
2026-03-09,7,1.1999999999999997,0.08158329125239319,0.0811972615347323,0.0003860297176608851
2026-03-11,4,0.6,0.034884309798752795,0.03488430979875297,-1.734723475976807e-16
2026-03-13,8,1.2,-0.0016880512246378043,-0.0016880512246376066,-1.97758476261356e-16
2026-03-16,7,1.1999999999999997,-0.05446508911094621,-0.052015900883462515,-0.0024491882274836965
2026-03-18,4,0.6,-0.029068422777653497,-0.02906842277765344,-5.551115123125783e-17
2026-03-20,8,1.2,-0.0283640108257334,-0.028364010825733255,-1.457167719820518e-16
2026-03-23,7,1.1999999999999997,-0.05269740834510531,-0.05420381801564031,0.0015064096705350027
2026-03-25,4,0.6,0.0175757327918659,0.01757573279186613,-2.2898349882893854e-16
2026-03-27,8,1.2,0.0389784757477424,0.03897847574774256,-1.5959455978986625e-16
2026-03-30,7,1.1999999999999997,-0.026756142084107606,-0.022447109281561625,-0.004309032802545982
2026-04-01,4,0.6,0.0264297506731486,0.02642975067314871,-1.0755285551056204e-16
2026-04-06,8,1.2,0.04985801356275581,0.04985801356275593,-1.249000902703301e-16
2026-04-07,7,1.1999999999999997,0.028105709527635303,0.02938706515373432,-0.0012813556260990178
2026-04-09,4,0.6,0.0115002269644702,0.011500226964470221,-2.0816681711721685e-17
2026-04-13,8,1.2,0.060165008445993,0.06016500844599326,-2.636779683484747e-16
2026-04-14,8,1.2,0.0850395792835944,0.08503957928359474,-3.3306690738754696e-16
2026-04-16,4,0.6,0.06630643755234909,0.06630643755234936,-2.636779683484747e-16
2026-04-20,8,1.2,0.012264029982853602,0.012264029982853648,-4.683753385137379e-17
2026-04-21,8,1.2,0.1549910957152106,0.1549910957152107,-8.326672684688674e-17
2026-04-23,4,0.6,0.029019445246574106,0.029019445246574127,-2.0816681711721685e-17
2026-04-27,8,1.2,0.1028941191929738,0.10289411919297407,-2.7755575615628914e-16
2026-04-28,8,1.2,0.08709677493086898,0.08709677493086904,-5.551115123125783e-17
2026-04-30,4,0.6,0.0376011534682889,0.03760115346828896,-6.245004513516506e-17
2026-05-04,6,1.1999999999999995,0.055853283744738996,0.055853283744738975,2.0816681711721685e-17
2026-05-05,8,1.2,0.0182598005935928,0.018259800593592924,-1.249000902703301e-16
2026-05-07,4,0.6,-0.0092733657195067,-0.009273365719506673,-2.6020852139652106e-17
2026-05-11,8,1.2,-0.0427489952117256,-0.04274899521172584,2.42861286636753e-16
2026-05-12,8,1.2,0.013140421472653898,0.01314042147265377,1.2836953722228372e-16
2026-05-14,4,0.6,0.051202448484998206,0.05120244848499847,-2.636779683484747e-16
2026-05-18,8,1.2,0.1578094492137102,0.15780944921371065,-4.440892098500626e-16
2026-05-19,8,1.2,0.0994595602750844,0.09945956027508486,-4.579669976578771e-16
2026-05-21,4,0.6,0.0242613326686958,0.024261332668695915,-1.1449174941446927e-16
2026-05-26,8,1.2,0.19670629081736682,0.19670629081736699,-1.6653345369377348e-16
2026-05-27,8,1.2,0.160352250477992,0.16035225047799215,-1.3877787807814457e-16
2026-05-29,4,0.6,0.030432781276635,0.03043278127663503,-3.122502256758253e-17
2026-06-02,8,1.2,-0.1530351466932224,-0.15303514669322268,2.7755575615628914e-16
2026-06-03,8,1.2,-0.0606304437419148,-0.06063044374191494,1.3877787807814457e-16
2026-06-05,4,0.6,0.0736632433184472,0.07366324331844741,-2.0816681711721685e-16
2026-06-09,8,1.2,0.19251422015071762,0.19251422015071828,-6.661338147750939e-16
2026-06-10,8,1.2,0.1474981158815074,0.14749811588150785,-4.440892098500626e-16
