window_start,date,entry_date,exit_date,return,selected_tickers,selected_count,target_exposure,uncapped_exposure,cash_weight,turnover,rolling_vol_used,raw_target_source,reconstruction_type
2008-01-01,2008-12-31,2009-01-02,2009-01-09,-0.036660669119027774,"BKNG,ORLY",2,0.6,0.6,0.4,0.3,,fallback_momentum_proxy,causal_ohlcv_reconstruction_not_exact_replay
2008-01-01,2009-01-08,2009-01-09,2009-01-16,-0.04364988697762011,"NFLX,TMUS,ORLY,BKNG",4,0.6,0.6,0.4,0.3,,fallback_momentum_proxy,causal_ohlcv_reconstruction_not_exact_replay
2008-01-01,2009-01-15,2009-01-16,2009-01-26,-0.0050190370196313335,"NFLX,MNST,ORLY,BKNG",4,0.6,0.6,0.4,0.15,,fallback_momentum_proxy,causal_ohlcv_reconstruction_not_exact_replay
2008-01-01,2009-01-23,2009-01-26,2009-02-02,0.03143510148448545,"NFLX,MNST,ORLY,BKNG",4,0.6,0.6,0.4,0.0,,fallback_momentum_proxy,causal_ohlcv_reconstruction_not_exact_replay
2008-01-01,2009-01-30,2009-02-02,2009-02-09,0.029329442454412318,"NFLX,MNST,ORLY,BKNG",4,0.6,0.75,0.4,0.0,0.2144172438630938,fallback_momentum_proxy,causal_ohlcv_reconstruction_not_exact_replay
2008-01-01,2009-02-06,2009-02-09,2009-02-17,-0.04233169058543226,"NFLX,VALE,MNST,ORLY",4,0.6,0.75,0.4,0.15,0.22808528136950265,fallback_momentum_proxy,causal_ohlcv_reconstruction_not_exact_replay
2008-01-01,2009-02-13,2009-02-17,2009-02-24,0.058487198950891675,"NFLX,DXCM,MNST,ORLY",4,0.6,0.75,0.4,0.15,0.23122426951624797,fallback_momentum_proxy,causal_ohlcv_reconstruction_not_exact_replay
2008-01-01,2009-02-23,2009-02-24,2009-03-03,-0.015535801086909079,"DXCM,NFLX,MNST,ORLY",4,0.6,0.75,0.4,0.0,0.27695450682887696,fallback_momentum_proxy,causal_ohlcv_reconstruction_not_exact_replay
2008-01-01,2009-03-02,2009-03-03,2009-03-10,0.02690055037064476,"DXCM,MELI,MNST,NFLX",4,0.6,0.75,0.4,0.15,0.26131297213530685,fallback_momentum_proxy,causal_ohlcv_reconstruction_not_exact_replay
2008-01-01,2009-03-09,2009-03-10,2009-03-17,0.02666132473938072,"ILMN,NFLX,MNST",3,0.6,0.75,0.4,0.3,0.2555128877494435,fallback_momentum_proxy,causal_ohlcv_reconstruction_not_exact_replay
2008-01-01,2009-03-16,2009-03-17,2009-03-24,0.017352768157877306,"SIRI,MU,MNST,NFLX",4,0.6,0.75,0.4,0.3,0.249004783565481,fallback_momentum_proxy,causal_ohlcv_reconstruction_not_exact_replay
2008-01-01,2009-03-23,2009-03-24,2009-03-31,-0.016635961066960546,"SIRI,DXCM,MNST,NFLX",4,0.6,0.75,0.4,0.15,0.23928381818522698,fallback_momentum_proxy,causal_ohlcv_reconstruction_not_exact_replay
2008-01-01,2009-03-30,2009-03-31,2009-04-07,0.015662327534708743,"SIRI,AMD,MNST,NFLX",4,0.6,0.75,0.4,0.15,0.23285496757723545,fallback_momentum_proxy,causal_ohlcv_reconstruction_not_exact_replay
2008-01-01,2009-04-06,2009-04-07,2009-04-15,0.03417926010463076,"SIRI,MU,AMD,NFLX",4,0.6,0.75,0.4,0.15,0.2175443525877735,fallback_momentum_proxy,causal_ohlcv_reconstruction_not_exact_replay
2008-01-01,2009-04-14,2009-04-15,2009-04-22,0.03032131798760946,"SIRI,AMD,NFLX,MU",4,0.6,0.75,0.4,0.0,0.193126879607409,fallback_momentum_proxy,causal_ohlcv_reconstruction_not_exact_replay
2008-01-01,2009-04-21,2009-04-22,2009-04-29,0.007653322932185104,"SIRI,MELI,AMD,NFLX",4,0.6,0.75,0.4,0.15,0.19137828990158048,fallback_momentum_proxy,causal_ohlcv_reconstruction_not_exact_replay
2008-01-01,2009-04-28,2009-04-29,2009-05-06,0.0904408707217568,"SIRI,MELI,AMD,NFLX",4,0.6,0.75,0.4,0.0,0.18909424525859178,fallback_momentum_proxy,causal_ohlcv_reconstruction_not_exact_replay
2008-01-01,2009-05-05,2009-05-06,2009-05-13,-0.0893643840661441,"SIRI,MELI,AMD,NFLX",4,0.6,0.75,0.4,0.0,0.24193346494311116,fallback_momentum_proxy,causal_ohlcv_reconstruction_not_exact_replay
2008-01-01,2009-05-12,2009-05-13,2009-05-20,0.013161832811098655,"SIRI,CCJ,AMD,MELI",4,0.6,0.7233805938378775,0.4,0.15,0.30412759462179595,fallback_momentum_proxy,causal_ohlcv_reconstruction_not_exact_replay
2008-01-01,2009-05-19,2009-05-20,2009-05-28,-0.029092708720549535,"SIRI,AMD,CCJ,MELI",4,0.6,0.75,0.4,0.0,0.2894337192008085,fallback_momentum_proxy,causal_ohlcv_reconstruction_not_exact_replay
2008-01-01,2009-05-27,2009-05-28,2009-06-04,0.03916702747038936,"AMD,SIRI,CCJ,MELI",4,0.6,0.7428624635886631,0.4,0.0,0.2961517249602453,fallback_momentum_proxy,causal_ohlcv_reconstruction_not_exact_replay
2008-01-01,2009-06-03,2009-06-04,2009-06-11,0.015078111571409336,"YPF,AMD,CCJ,MELI",4,0.6,0.7331864082479553,0.4,0.15,0.30006011776148267,fallback_momentum_proxy,causal_ohlcv_reconstruction_not_exact_replay
2008-01-01,2009-06-10,2009-06-11,2009-06-18,-0.06536557113113436,"YPF,AMD,CCJ,MELI",4,0.6,0.7371947777416442,0.4,0.0,0.29842859260880544,fallback_momentum_proxy,causal_ohlcv_reconstruction_not_exact_replay
2008-01-01,2009-06-17,2009-06-18,2009-06-25,-0.01049329279788868,"SMCI,DXCM,AMD,CCJ",4,0.6,0.6590221481222857,0.4,0.3,0.33382793071042227,fallback_momentum_proxy,causal_ohlcv_reconstruction_not_exact_replay
2008-01-01,2009-06-24,2009-06-25,2009-07-02,-0.007352705972191658,"ISRG,ON,CCJ,DXCM",4,0.6,0.661808204615481,0.4,0.3,0.3324225938356609,fallback_momentum_proxy,causal_ohlcv_reconstruction_not_exact_replay
2008-01-01,2009-07-01,2009-07-02,2009-07-10,-0.04316615157770542,"ISRG,ON,DXCM,CCJ",4,0.6,0.662307362631095,0.4,0.0,0.33217205849263665,fallback_momentum_proxy,causal_ohlcv_reconstruction_not_exact_replay
2008-01-01,2009-07-09,2009-07-10,2009-07-17,0.03252067979218909,"YPF,MSTR,DXCM,CCJ",4,0.6,0.6551195263428207,0.4,0.3,0.3358165817894964,fallback_momentum_proxy,causal_ohlcv_reconstruction_not_exact_replay
2008-01-01,2009-07-16,2009-07-17,2009-07-24,0.032846055462156055,"ON,CCJ,DXCM,MSTR",4,0.6,0.6531676052877422,0.4,0.15,0.33682013348332335,fallback_momentum_proxy,causal_ohlcv_reconstruction_not_exact_replay
2008-01-01,2009-07-23,2009-07-24,2009-07-31,0.0041602366025208165,"ISRG,ON,MSTR,CCJ",4,0.6,0.6391147774866809,0.4,0.15,0.34422611986089585,fallback_momentum_proxy,causal_ohlcv_reconstruction_not_exact_replay
2008-01-01,2009-07-30,2009-07-31,2009-08-07,0.019225182389974303,"DXCM,ISRG,CCJ,MSTR",4,0.6,0.75,0.4,0.15,0.2812230858639728,fallback_momentum_proxy,causal_ohlcv_reconstruction_not_exact_replay
2008-01-01,2009-08-06,2009-08-07,2009-08-14,-0.004829424895470318,"DXCM,ISRG,CCJ,MSTR",4,0.6,0.75,0.4,0.0,0.22424581830084,fallback_momentum_proxy,causal_ohlcv_reconstruction_not_exact_replay
2008-01-01,2009-08-13,2009-08-14,2009-08-21,0.04085741552528682,"ISRG,CSX,CCJ,DXCM",4,0.6,0.75,0.4,0.15,0.22255030260020503,fallback_momentum_proxy,causal_ohlcv_reconstruction_not_exact_replay
2008-01-01,2009-08-20,2009-08-21,2009-08-28,-0.01931706242586411,"SIRI,DXCM,CCJ,ISRG",4,0.6,0.75,0.4,0.15,0.22847738563971565,fallback_momentum_proxy,causal_ohlcv_reconstruction_not_exact_replay
2008-01-01,2009-08-27,2009-08-28,2009-09-04,-0.009660254275435608,"SIRI,DXCM,CCJ,ISRG",4,0.6,0.75,0.4,0.0,0.2194537133691569,fallback_momentum_proxy,causal_ohlcv_reconstruction_not_exact_replay
2008-01-01,2009-09-03,2009-09-04,2009-09-14,0.016131283600810772,"SIRI,DXCM,ISRG",3,0.6,0.75,0.4,0.14999999999999997,0.21737954401320336,fallback_momentum_proxy,causal_ohlcv_reconstruction_not_exact_replay
2008-01-01,2009-09-11,2009-09-14,2009-09-21,0.00340153338503577,"SIRI,AMD,DXCM,ISRG",4,0.6,0.75,0.4,0.14999999999999997,0.17107841936447812,fallback_momentum_proxy,causal_ohlcv_reconstruction_not_exact_replay
2008-01-01,2009-09-18,2009-09-21,2009-09-28,0.01716547074675122,"AMD,MELI,DXCM,ISRG",4,0.6,0.75,0.4,0.15,0.1681073950676762,fallback_momentum_proxy,causal_ohlcv_reconstruction_not_exact_replay
2008-01-01,2009-09-25,2009-09-28,2009-10-05,-0.005669514946996211,"AMD,ISRG,DXCM,MELI",4,0.6,0.75,0.4,0.0,0.1671461369115375,fallback_momentum_proxy,causal_ohlcv_reconstruction_not_exact_replay
2008-01-01,2009-10-02,2009-10-05,2009-10-12,0.013236837001174553,"ISRG,MELI,AMD,DXCM",4,0.6,0.75,0.4,0.0,0.13067422855314373,fallback_momentum_proxy,causal_ohlcv_reconstruction_not_exact_replay
2008-01-01,2009-10-09,2009-10-12,2009-10-19,-0.012398379558326804,"ISRG,MU,AMD,MELI",4,0.6,0.75,0.4,0.15,0.12200094455076903,fallback_momentum_proxy,causal_ohlcv_reconstruction_not_exact_replay
2008-01-01,2009-10-16,2009-10-19,2009-10-26,-0.020921609255924394,"AMD,VALE,ISRG,MELI",4,0.6,0.75,0.4,0.15,0.11683470219072734,fallback_momentum_proxy,causal_ohlcv_reconstruction_not_exact_replay
2008-01-01,2009-10-23,2009-10-26,2009-11-02,-0.044435054336819615,"AMZN,VALE,AMD,MELI",4,0.6,0.75,0.4,0.15,0.12795912225159897,fallback_momentum_proxy,causal_ohlcv_reconstruction_not_exact_replay
2008-01-01,2009-10-30,2009-11-02,2009-11-09,0.05830404000121957,"AMZN,MSTR,VALE,MELI",4,0.6,0.75,0.4,0.15,0.15354424683914972,fallback_momentum_proxy,causal_ohlcv_reconstruction_not_exact_replay
2008-01-01,2009-11-06,2009-11-09,2009-11-16,0.00959948752522236,"AMZN,MSTR,MELI,VALE",4,0.6,0.75,0.4,0.0,0.19486281206973258,fallback_momentum_proxy,causal_ohlcv_reconstruction_not_exact_replay
2008-01-01,2009-11-13,2009-11-16,2009-11-23,0.014593633222139486,"AMD,AMZN,VALE,MSTR",4,0.6,0.75,0.4,0.15,0.17779943525090014,fallback_momentum_proxy,causal_ohlcv_reconstruction_not_exact_replay
2008-01-01,2009-11-20,2009-11-23,2009-12-01,0.011278396183538236,"AMD,AMZN,VALE,MSTR",4,0.6,0.75,0.4,0.0,0.17427031206302454,fallback_momentum_proxy,causal_ohlcv_reconstruction_not_exact_replay
2008-01-01,2009-11-30,2009-12-01,2009-12-08,0.013689570981013501,"AMD,AMZN,VALE,MSTR",4,0.6,0.75,0.4,0.0,0.17252134623972842,fallback_momentum_proxy,causal_ohlcv_reconstruction_not_exact_replay
2008-01-01,2009-12-07,2009-12-08,2009-12-15,0.006569446889597313,"AMD,AMZN,VALE,MSTR",4,0.6,0.75,0.4,0.0,0.17190766982715414,fallback_momentum_proxy,causal_ohlcv_reconstruction_not_exact_replay
2008-01-01,2009-12-14,2009-12-15,2009-12-22,0.010866291814300814,"AMD,SMCI,AMZN,VALE",4,0.6,0.75,0.4,0.15,0.1719103150845854,fallback_momentum_proxy,causal_ohlcv_reconstruction_not_exact_replay
2008-01-01,2009-12-21,2009-12-22,2009-12-30,0.009520263899813235,"AMD,AMZN,VALE,SMCI",4,0.6,0.75,0.4,0.0,0.17044421428260662,fallback_momentum_proxy,causal_ohlcv_reconstruction_not_exact_replay
2008-01-01,2009-12-29,2009-12-30,2010-01-07,0.0044074453394692455,"AMD,MU,AMZN,VALE",4,0.6,0.75,0.4,0.15,0.16917787035269097,fallback_momentum_proxy,causal_ohlcv_reconstruction_not_exact_replay
2008-01-01,2010-01-06,2010-01-07,2010-01-14,-0.011641603502902859,"AMD,REGN,AMZN,VALE",4,0.6,0.75,0.4,0.15,0.16841518187745927,fallback_momentum_proxy,causal_ohlcv_reconstruction_not_exact_replay
2008-01-01,2010-01-13,2010-01-14,2010-01-22,-0.031050928829910136,"AMD,SMCI,AMZN,REGN",4,0.6,0.75,0.4,0.15,0.168081083012093,fallback_momentum_proxy,causal_ohlcv_reconstruction_not_exact_replay
2008-01-01,2010-01-21,2010-01-22,2010-01-29,0.012515544028885146,"REGN,AMD,AMZN,SMCI",4,0.6,0.75,0.4,0.0,0.1759198519340039,fallback_momentum_proxy,causal_ohlcv_reconstruction_not_exact_replay
2008-01-01,2010-01-28,2010-01-29,2010-02-05,-0.010571474229755816,"REGN,SMCI,AMD",3,0.6,0.75,0.4,0.14999999999999997,0.14061571198198985,fallback_momentum_proxy,causal_ohlcv_reconstruction_not_exact_replay
2008-01-01,2010-02-04,2010-02-05,2010-02-12,0.051664309038398935,"REGN,SIRI,AMD,SMCI",4,0.6,0.75,0.4,0.14999999999999997,0.09601114684677706,fallback_momentum_proxy,causal_ohlcv_reconstruction_not_exact_replay
2008-01-01,2010-02-11,2010-02-12,2010-02-22,0.02713540375686983,"REGN,SIRI,AMD,SMCI",4,0.6,0.75,0.4,0.0,0.13615428410388902,fallback_momentum_proxy,causal_ohlcv_reconstruction_not_exact_replay
2008-01-01,2010-02-19,2010-02-22,2010-03-01,-0.009813185357231151,"SIRI,SMCI,AMD,REGN",4,0.6,0.75,0.4,0.0,0.14144876604497028,fallback_momentum_proxy,causal_ohlcv_reconstruction_not_exact_replay
2008-01-01,2010-02-26,2010-03-01,2010-03-08,0.014085278876126537,"SIRI,SMCI,AMD,REGN",4,0.6,0.75,0.4,0.0,0.14543352036371368,fallback_momentum_proxy,causal_ohlcv_reconstruction_not_exact_replay
2008-01-01,2010-03-05,2010-03-08,2010-03-15,0.0013801678497606055,"SMCI,SIRI,AMD,REGN",4,0.6,0.75,0.4,0.0,0.1455250253325305,fallback_momentum_proxy,causal_ohlcv_reconstruction_not_exact_replay
2008-01-01,2010-03-12,2010-03-15,2010-03-22,0.021166804140638935,"CCEP,SMCI,AMD,REGN",4,0.6,0.75,0.4,0.15,0.14582596156050232,fallback_momentum_proxy,causal_ohlcv_reconstruction_not_exact_replay
2008-01-01,2010-03-19,2010-03-22,2010-03-29,0.010858399677398333,"SMCI,CCEP,AMD,REGN",4,0.6,0.75,0.4,0.0,0.14881915606039503,fallback_momentum_proxy,causal_ohlcv_reconstruction_not_exact_replay
2008-01-01,2010-03-26,2010-03-29,2010-04-06,0.002017189688991289,"SMCI,SONY,AMD,REGN",4,0.6,0.75,0.4,0.15,0.14895807866206162,fallback_momentum_proxy,causal_ohlcv_reconstruction_not_exact_replay
2008-01-01,2010-04-05,2010-04-06,2010-04-13,0.004421806231954235,"NFLX,SMCI,AMD,REGN",4,0.6,0.75,0.4,0.15,0.14919195637643765,fallback_momentum_proxy,causal_ohlcv_reconstruction_not_exact_replay
2008-01-01,2010-04-12,2010-04-13,2010-04-20,0.029637952681431975,"NFLX,SIRI,AMD,REGN",4,0.6,0.75,0.4,0.15,0.14408520816081447,fallback_momentum_proxy,causal_ohlcv_reconstruction_not_exact_replay
2008-01-01,2010-04-19,2010-04-20,2010-04-27,0.021284720487663576,"NFLX,SIRI,AMD,REGN",4,0.6,0.75,0.4,0.0,0.1222586999801303,fallback_momentum_proxy,causal_ohlcv_reconstruction_not_exact_replay
2008-01-01,2010-04-26,2010-04-27,2010-05-04,-0.018881734357664735,"NFLX,SIRI,AMD",3,0.6,0.75,0.4,0.14999999999999997,0.1233910062115483,fallback_momentum_proxy,causal_ohlcv_reconstruction_not_exact_replay
2008-01-01,2010-05-03,2010-05-04,2010-05-11,-0.012121868605454854,"NFLX,SIRI,AMD",3,0.6,0.75,0.4,0.0,0.13130480642987824,fallback_momentum_proxy,causal_ohlcv_reconstruction_not_exact_replay
2008-01-01,2010-05-10,2010-05-11,2010-05-18,-0.008726353820054232,"NFLX,CCEP,AMD,SIRI",4,0.6,0.75,0.4,0.14999999999999997,0.10945520628159756,fallback_momentum_proxy,causal_ohlcv_reconstruction_not_exact_replay
2008-01-01,2010-05-17,2010-05-18,2010-05-25,-0.019654347983837174,"NFLX,TMUS,AMD,SIRI",4,0.6,0.75,0.4,0.15,0.10495993230998332,fallback_momentum_proxy,causal_ohlcv_reconstruction_not_exact_replay
2008-01-01,2010-05-24,2010-05-25,2010-06-02,0.02255684079999305,"NFLX,TMUS",2,0.6,0.75,0.4,0.3,0.11238936220983115,fallback_momentum_proxy,causal_ohlcv_reconstruction_not_exact_replay
2008-01-01,2010-06-01,2010-06-02,2010-06-09,0.0014428053447923736,"NFLX,TMUS",2,0.6,0.75,0.4,0.0,0.11692903593037052,fallback_momentum_proxy,causal_ohlcv_reconstruction_not_exact_replay
2008-01-01,2010-06-08,2010-06-09,2010-06-16,0.05260323760876395,"NFLX,TMUS",2,0.6,0.75,0.4,0.0,0.11692187192794075,fallback_momentum_proxy,causal_ohlcv_reconstruction_not_exact_replay
2008-01-01,2010-06-15,2010-06-16,2010-06-23,-0.025408457784039905,"NFLX,MELI,TMUS",3,0.6,0.75,0.4,0.2,0.14878533365233199,fallback_momentum_proxy,causal_ohlcv_reconstruction_not_exact_replay
2008-01-01,2010-06-22,2010-06-23,2010-06-30,-0.04853142922320772,"NFLX,MELI,TMUS",3,0.6,0.75,0.4,0.0,0.16182279647949938,fallback_momentum_proxy,causal_ohlcv_reconstruction_not_exact_replay
2008-01-01,2010-06-29,2010-06-30,2010-07-08,0.03732345691983602,"NFLX,DXCM,TMUS,MELI",4,0.6,0.75,0.4,0.14999999999999997,0.19299667514133656,fallback_momentum_proxy,causal_ohlcv_reconstruction_not_exact_replay
2008-01-01,2010-07-07,2010-07-08,2010-07-15,0.023178596707168708,"NFLX,DXCM,MELI,TMUS",4,0.6,0.75,0.4,0.0,0.2069814130631744,fallback_momentum_proxy,causal_ohlcv_reconstruction_not_exact_replay
2008-01-01,2010-07-14,2010-07-15,2010-07-22,-0.03430201711429936,"NFLX,TMUS,DXCM,MELI",4,0.6,0.75,0.4,0.0,0.20370307038948146,fallback_momentum_proxy,causal_ohlcv_reconstruction_not_exact_replay
2008-01-01,2010-07-21,2010-07-22,2010-07-29,-0.004967917572537567,"TMUS,ILMN,MELI,NFLX",4,0.6,0.75,0.4,0.15,0.21099995053186688,fallback_momentum_proxy,causal_ohlcv_reconstruction_not_exact_replay
2008-01-01,2010-07-28,2010-07-29,2010-08-05,0.03273977765327226,"MELI,AZN,TMUS,ILMN",4,0.6,0.75,0.4,0.15,0.20813409694910223,fallback_momentum_proxy,causal_ohlcv_reconstruction_not_exact_replay
2008-01-01,2010-08-04,2010-08-05,2010-08-12,-0.0029538848761026196,"BKNG,MELI,AZN,TMUS",4,0.6,0.75,0.4,0.15,0.2171157660627976,fallback_momentum_proxy,causal_ohlcv_reconstruction_not_exact_replay
2008-01-01,2010-08-11,2010-08-12,2010-08-19,0.0016630161772406946,"BKNG,MELI,AZN",3,0.6,0.75,0.4,0.14999999999999997,0.21614176228782633,fallback_momentum_proxy,causal_ohlcv_reconstruction_not_exact_replay
2008-01-01,2010-08-18,2010-08-19,2010-08-26,-0.023050078557559493,"BKNG,MELI,AZN",3,0.6,0.75,0.4,0.0,0.2106355568699302,fallback_momentum_proxy,causal_ohlcv_reconstruction_not_exact_replay
2008-01-01,2010-08-25,2010-08-26,2010-09-02,0.04314794759500625,"BKNG,NFLX,AZN,MELI",4,0.6,0.75,0.4,0.14999999999999997,0.213393177670116,fallback_momentum_proxy,causal_ohlcv_reconstruction_not_exact_replay
2008-01-01,2010-09-01,2010-09-02,2010-09-10,0.01792622634782083,"BKNG,DXCM,AZN,NFLX",4,0.6,0.75,0.4,0.15,0.22950777385233126,fallback_momentum_proxy,causal_ohlcv_reconstruction_not_exact_replay
2008-01-01,2010-09-09,2010-09-10,2010-09-17,0.003623219720350102,"BKNG,DXCM,AZN,NFLX",4,0.6,0.75,0.4,0.0,0.2071947762326229,fallback_momentum_proxy,causal_ohlcv_reconstruction_not_exact_replay
2008-01-01,2010-09-16,2010-09-17,2010-09-24,0.012795325348285983,"BKNG,MELI,AZN,DXCM",4,0.6,0.75,0.4,0.15,0.1988293897127852,fallback_momentum_proxy,causal_ohlcv_reconstruction_not_exact_replay
2008-01-01,2010-09-23,2010-09-24,2010-10-01,-0.02316642045066477,"BKNG,NFLX,AZN,DXCM",4,0.6,0.75,0.4,0.15,0.16324747557942904,fallback_momentum_proxy,causal_ohlcv_reconstruction_not_exact_replay
2008-01-01,2010-09-30,2010-10-01,2010-10-08,0.011252052553587787,"BKNG,AMZN,AZN,DXCM",4,0.6,0.75,0.4,0.15,0.16216493935109474,fallback_momentum_proxy,causal_ohlcv_reconstruction_not_exact_replay
2008-01-01,2010-10-07,2010-10-08,2010-10-15,0.02798683418717829,"BKNG,SIRI,AZN,AMZN",4,0.6,0.75,0.4,0.15,0.1576970309421782,fallback_momentum_proxy,causal_ohlcv_reconstruction_not_exact_replay
2008-01-01,2010-10-14,2010-10-15,2010-10-22,-0.0027706816134786703,"SIRI,BKNG,AZN,AMZN",4,0.6,0.75,0.4,0.0,0.1421314201186927,fallback_momentum_proxy,causal_ohlcv_reconstruction_not_exact_replay
2008-01-01,2010-10-21,2010-10-22,2010-10-29,0.0021370837614973818,"NFLX,BKNG,AZN,AMZN",4,0.6,0.75,0.4,0.15,0.14132230130383516,fallback_momentum_proxy,causal_ohlcv_reconstruction_not_exact_replay
2008-01-01,2010-10-28,2010-10-29,2010-11-05,0.00810300403671126,"NFLX,SIRI,AMZN,BKNG",4,0.6,0.75,0.4,0.15,0.13115292608687198,fallback_momentum_proxy,causal_ohlcv_reconstruction_not_exact_replay
2008-01-01,2010-11-04,2010-11-05,2010-11-12,-0.017877964029596148,"SIRI,MRVL,AMZN,NFLX",4,0.6,0.75,0.4,0.15,0.12983035269993398,fallback_momentum_proxy,causal_ohlcv_reconstruction_not_exact_replay
2008-01-01,2010-11-11,2010-11-12,2010-11-19,-0.003079013100688105,"CCJ,BKNG,AMZN,MRVL",4,0.6,0.75,0.4,0.3,0.13861865967890108,fallback_momentum_proxy,causal_ohlcv_reconstruction_not_exact_replay
2008-01-01,2010-11-18,2010-11-19,2010-11-29,0.012751289139340306,"CCJ,BKNG,AMZN,MRVL",4,0.6,0.75,0.4,0.0,0.1262652415577532,fallback_momentum_proxy,causal_ohlcv_reconstruction_not_exact_replay
2008-01-01,2010-11-26,2010-11-29,2010-12-06,0.0153806569657988,"CCJ,NVDA,AMZN,BKNG",4,0.6,0.75,0.4,0.15,0.10002115793982497,fallback_momentum_proxy,causal_ohlcv_reconstruction_not_exact_replay
2008-01-01,2010-12-03,2010-12-06,2010-12-13,0.002283462500271766,"ON,NVDA,AMZN,CCJ",4,0.6,0.75,0.4,0.15,0.09861960890100868,fallback_momentum_proxy,causal_ohlcv_reconstruction_not_exact_replay
2008-01-01,2010-12-10,2010-12-13,2010-12-20,0.007344619832250059,"NVDA,CCJ,AMZN,ON",4,0.6,0.75,0.4,0.0,0.09867368178904551,fallback_momentum_proxy,causal_ohlcv_reconstruction_not_exact_replay
2008-01-01,2010-12-17,2010-12-20,2010-12-28,0.004024448412577552,"CCJ,BKR,AMZN,NVDA",4,0.6,0.75,0.4,0.15,0.09710997308862408,fallback_momentum_proxy,causal_ohlcv_reconstruction_not_exact_replay
2008-01-01,2010-12-27,2010-12-28,2011-01-04,0.027396792570213012,"CCJ,YPF,AMZN,NVDA",4,0.6,0.75,0.4,0.15,0.07820250124515508,fallback_momentum_proxy,causal_ohlcv_reconstruction_not_exact_replay
2008-01-01,2011-01-03,2011-01-04,2011-01-11,0.038614234676280924,"YPF,NVDA,AMZN,CCJ",4,0.6,0.75,0.4,0.0,0.08909504642141992,fallback_momentum_proxy,causal_ohlcv_reconstruction_not_exact_replay
2008-01-01,2011-01-10,2011-01-11,2011-01-19,0.02304204852210051,"NVDA,ON,AMZN,CCJ",4,0.6,0.75,0.4,0.15,0.10159715979691396,fallback_momentum_proxy,causal_ohlcv_reconstruction_not_exact_replay
2008-01-01,2011-01-18,2011-01-19,2011-01-26,0.0031101323642877213,"NVDA,ON,AMZN,CCJ",4,0.6,0.75,0.4,0.0,0.10291109980758306,fallback_momentum_proxy,causal_ohlcv_reconstruction_not_exact_replay
2008-01-01,2011-01-25,2011-01-26,2011-02-02,0.022046084863246256,"NVDA,ON,AMZN,CCJ",4,0.6,0.75,0.4,0.0,0.102606344816286,fallback_momentum_proxy,causal_ohlcv_reconstruction_not_exact_replay
2008-01-01,2011-02-01,2011-02-02,2011-02-09,-0.02422027408650815,"NVDA,ON,CCJ",3,0.6,0.75,0.4,0.14999999999999997,0.10516678661126373,fallback_momentum_proxy,causal_ohlcv_reconstruction_not_exact_replay
2008-01-01,2011-02-08,2011-02-09,2011-02-16,0.011021531248678905,"NVDA,MU,CCJ,ON",4,0.6,0.75,0.4,0.14999999999999997,0.11323017024136142,fallback_momentum_proxy,causal_ohlcv_reconstruction_not_exact_replay
2008-01-01,2011-02-15,2011-02-16,2011-02-24,-0.029972170425233216,"MU,NVDA,CCJ,ON",4,0.6,0.75,0.4,0.0,0.10919702648577584,fallback_momentum_proxy,causal_ohlcv_reconstruction_not_exact_replay
2008-01-01,2011-02-23,2011-02-24,2011-03-03,-0.006110289878815745,"TTWO,NVDA,CCJ,ON",4,0.6,0.75,0.4,0.15,0.13732845193228055,fallback_momentum_proxy,causal_ohlcv_reconstruction_not_exact_replay
2008-01-01,2011-03-02,2011-03-03,2011-03-10,-0.05587302932737333,"VRTX,TTWO,ON,NVDA",4,0.6,0.75,0.4,0.15,0.13922007713826376,fallback_momentum_proxy,causal_ohlcv_reconstruction_not_exact_replay
2008-01-01,2011-03-09,2011-03-10,2011-03-17,-0.007134524683176579,"VRTX,REGN,NVDA,TTWO",4,0.6,0.75,0.4,0.15,0.18699360797953488,fallback_momentum_proxy,causal_ohlcv_reconstruction_not_exact_replay
2008-01-01,2011-03-16,2011-03-17,2011-03-24,0.036775183733445,"VRTX,MSTR,NVDA,TTWO",4,0.6,0.75,0.4,0.15,0.18732672113130175,fallback_momentum_proxy,causal_ohlcv_reconstruction_not_exact_replay
2008-01-01,2011-03-23,2011-03-24,2011-03-31,0.01482470052334046,"MSTR,SMCI,NVDA,TTWO",4,0.6,0.75,0.4,0.15,0.20088212481797474,fallback_momentum_proxy,causal_ohlcv_reconstruction_not_exact_replay
2008-01-01,2011-03-30,2011-03-31,2011-04-07,-0.005705436610100612,"MSTR,REGN,NVDA,TTWO",4,0.6,0.75,0.4,0.15,0.19582572703899737,fallback_momentum_proxy,causal_ohlcv_reconstruction_not_exact_replay
2008-01-01,2011-04-06,2011-04-07,2011-04-14,-0.004477845280651759,"MSTR,REGN,TTWO",3,0.6,0.75,0.4,0.14999999999999997,0.17931646191846584,fallback_momentum_proxy,causal_ohlcv_reconstruction_not_exact_replay
2008-01-01,2011-04-13,2011-04-14,2011-04-21,0.024127477193613543,"MSTR,TMUS,TTWO,REGN",4,0.6,0.75,0.4,0.14999999999999997,0.17118825404821622,fallback_momentum_proxy,causal_ohlcv_reconstruction_not_exact_replay
2008-01-01,2011-04-20,2011-04-21,2011-04-29,0.0229595006493964,"REGN,MELI,TTWO,MSTR",4,0.6,0.75,0.4,0.15,0.17977904740996128,fallback_momentum_proxy,causal_ohlcv_reconstruction_not_exact_replay
2008-01-01,2011-04-28,2011-04-29,2011-05-06,-0.016428993275534265,"REGN,BIIB,MSTR,TTWO",4,0.6,0.75,0.4,0.15,0.1803181526725701,fallback_momentum_proxy,causal_ohlcv_reconstruction_not_exact_replay
2008-01-01,2011-05-05,2011-05-06,2011-05-13,0.012034627791388442,"BIIB,VRTX,TTWO,MSTR",4,0.6,0.75,0.4,0.15,0.1767884214104772,fallback_momentum_proxy,causal_ohlcv_reconstruction_not_exact_replay
2008-01-01,2011-05-12,2011-05-13,2011-05-20,0.007163409803433452,"VRTX,BIIB,TTWO,MSTR",4,0.6,0.75,0.4,0.0,0.1771064545374587,fallback_momentum_proxy,causal_ohlcv_reconstruction_not_exact_replay
2008-01-01,2011-05-19,2011-05-20,2011-05-27,0.000639800333550905,"REGN,BIIB,MSTR,TTWO",4,0.6,0.75,0.4,0.15,0.1661327407614869,fallback_momentum_proxy,causal_ohlcv_reconstruction_not_exact_replay
2008-01-01,2011-05-26,2011-05-27,2011-06-06,-0.028710588903013923,"REGN,SIRI,TTWO,MSTR",4,0.6,0.75,0.4,0.15,0.16527435987271988,fallback_momentum_proxy,causal_ohlcv_reconstruction_not_exact_replay
2008-01-01,2011-06-03,2011-06-06,2011-06-13,-0.016076106746942855,"REGN,NFLX,TTWO,MSTR",4,0.6,0.75,0.4,0.15,0.12855476812444216,fallback_momentum_proxy,causal_ohlcv_reconstruction_not_exact_replay
2008-01-01,2011-06-10,2011-06-13,2011-06-20,-0.012376921359523684,"REGN,MNST,TTWO,NFLX",4,0.6,0.75,0.4,0.15,0.13326240234515532,fallback_momentum_proxy,causal_ohlcv_reconstruction_not_exact_replay
2008-01-01,2011-06-17,2011-06-20,2011-06-27,0.028357045162692725,"REGN,BIIB,MNST,NFLX",4,0.6,0.75,0.4,0.15,0.11559717658808127,fallback_momentum_proxy,causal_ohlcv_reconstruction_not_exact_replay
2008-01-01,2011-06-24,2011-06-27,2011-07-05,0.04644233697822259,"BIIB,MNST,NFLX,REGN",4,0.6,0.75,0.4,0.0,0.12589109570865475,fallback_momentum_proxy,causal_ohlcv_reconstruction_not_exact_replay
2008-01-01,2011-07-01,2011-07-05,2011-07-12,-0.01885456472449455,"BIIB,MNST,NFLX,REGN",4,0.6,0.75,0.4,0.0,0.15374879646954848,fallback_momentum_proxy,causal_ohlcv_reconstruction_not_exact_replay
2008-01-01,2011-07-11,2011-07-12,2011-07-19,0.014674023423143185,"BIIB,MNST,NFLX,REGN",4,0.6,0.75,0.4,0.0,0.1602453480002453,fallback_momentum_proxy,causal_ohlcv_reconstruction_not_exact_replay
2008-01-01,2011-07-18,2011-07-19,2011-07-26,-0.03021474732768821,"MSTR,SIRI,MNST,NFLX",4,0.6,0.75,0.4,0.3,0.1561833418940257,fallback_momentum_proxy,causal_ohlcv_reconstruction_not_exact_replay
2008-01-01,2011-07-25,2011-07-26,2011-08-02,-0.026491303389877607,"GOOGL,GOOG,MNST,NFLX",4,0.6,0.75,0.4,0.3,0.1630132826311305,fallback_momentum_proxy,causal_ohlcv_reconstruction_not_exact_replay
2008-01-01,2011-08-01,2011-08-02,2011-08-09,-0.012249243138655401,"AAPL,GOOGL,GOOG,MNST",4,0.6,0.75,0.4,0.15,0.16825936485955853,fallback_momentum_proxy,causal_ohlcv_reconstruction_not_exact_replay
2008-01-01,2011-08-08,2011-08-09,2011-08-16,-0.020543988673618264,"GOOG,GOOGL,AAPL",3,0.6,0.75,0.4,0.14999999999999997,0.16646387928487044,fallback_momentum_proxy,causal_ohlcv_reconstruction_not_exact_replay
2008-01-01,2011-08-15,2011-08-16,2011-08-23,-0.004938530502294552,"MNST,AAPL,GOOG,GOOGL",4,0.6,0.75,0.4,0.14999999999999997,0.1675860541829053,fallback_momentum_proxy,causal_ohlcv_reconstruction_not_exact_replay
2008-01-01,2011-08-22,2011-08-23,2011-08-30,0.02640255751890794,"MNST,ORLY",2,0.6,0.75,0.4,0.44999999999999996,0.16695500149463338,fallback_momentum_proxy,causal_ohlcv_reconstruction_not_exact_replay
2008-01-01,2011-08-29,2011-08-30,2011-09-07,-1.713516331498799e-07,"MNST,ORLY",2,0.6,0.75,0.4,0.0,0.17160805915318278,fallback_momentum_proxy,causal_ohlcv_reconstruction_not_exact_replay
2008-01-01,2011-09-06,2011-09-07,2011-09-14,-0.010136580751766777,"REGN,MNST,ORLY",3,0.6,0.75,0.4,0.2,0.16892733521642728,fallback_momentum_proxy,causal_ohlcv_reconstruction_not_exact_replay
2008-01-01,2011-09-13,2011-09-14,2011-09-21,0.02738575045683422,"REGN,MNST,ORLY",3,0.6,0.75,0.4,0.0,0.16832086608387709,fallback_momentum_proxy,causal_ohlcv_reconstruction_not_exact_replay
2008-01-01,2011-09-20,2011-09-21,2011-09-28,-0.029336738544986772,"AMZN,AAPL,MNST,REGN",4,0.6,0.75,0.4,0.3,0.16760565777041309,fallback_momentum_proxy,causal_ohlcv_reconstruction_not_exact_replay
2008-01-01,2011-09-27,2011-09-28,2011-10-05,-0.028540049091938087,"AAPL,REGN,AMZN,MNST",4,0.6,0.75,0.4,0.0,0.1411891689905543,fallback_momentum_proxy,causal_ohlcv_reconstruction_not_exact_replay
2008-01-01,2011-10-04,2011-10-05,2011-10-12,0.028076158686032457,"MRVL,ORLY,AAPL,MNST",4,0.6,0.75,0.4,0.3,0.14594508975485115,fallback_momentum_proxy,causal_ohlcv_reconstruction_not_exact_replay
2008-01-01,2011-10-11,2011-10-12,2011-10-19,-0.01144191958025221,"ROST,MNST,AAPL,MRVL",4,0.6,0.75,0.4,0.15,0.15693187498370464,fallback_momentum_proxy,causal_ohlcv_reconstruction_not_exact_replay
2008-01-01,2011-10-18,2011-10-19,2011-10-26,-0.03339710263653475,"MNST,AMZN,AAPL,ROST",4,0.6,0.75,0.4,0.15,0.14901085676895642,fallback_momentum_proxy,causal_ohlcv_reconstruction_not_exact_replay
2008-01-01,2011-10-25,2011-10-26,2011-11-02,0.00960051237754918,"TTWO,ASML,AAPL,MNST",4,0.6,0.75,0.4,0.3,0.15385344782340893,fallback_momentum_proxy,causal_ohlcv_reconstruction_not_exact_replay
2008-01-01,2011-11-01,2011-11-02,2011-11-09,-0.0068569869252806176,"TTWO,BIIB,AAPL,ASML",4,0.6,0.75,0.4,0.15,0.1559875707906254,fallback_momentum_proxy,causal_ohlcv_reconstruction_not_exact_replay
2008-01-01,2011-11-08,2011-11-09,2011-11-16,-0.017323901305808895,"MELI,CSGP,AAPL,TTWO",4,0.6,0.75,0.4,0.3,0.1519954810658332,fallback_momentum_proxy,causal_ohlcv_reconstruction_not_exact_replay
2008-01-01,2011-11-15,2011-11-16,2011-11-23,-0.028067206057123664,"MELI,FAST,AAPL,TTWO",4,0.6,0.75,0.4,0.15,0.15474247521741188,fallback_momentum_proxy,causal_ohlcv_reconstruction_not_exact_replay
2008-01-01,2011-11-22,2011-11-23,2011-12-01,0.044866916990209726,"MELI,FAST",2,0.6,0.75,0.4,0.3,0.14654050292016074,fallback_momentum_proxy,causal_ohlcv_reconstruction_not_exact_replay
2008-01-01,2011-11-30,2011-12-01,2011-12-08,-0.0019933900216405846,"MELI,CSGP,FAST",3,0.6,0.75,0.4,0.2,0.18086458028840946,fallback_momentum_proxy,causal_ohlcv_reconstruction_not_exact_replay
2008-01-01,2011-12-07,2011-12-08,2011-12-15,-0.017752854252149956,"MELI,KLAC,FAST,CSGP",4,0.6,0.75,0.4,0.14999999999999997,0.18051174621841554,fallback_momentum_proxy,causal_ohlcv_reconstruction_not_exact_replay
2008-01-01,2011-12-14,2011-12-15,2011-12-22,0.019971613314546735,"MELI,KLAC,FAST,CSGP",4,0.6,0.75,0.4,0.0,0.1686161683867208,fallback_momentum_proxy,causal_ohlcv_reconstruction_not_exact_replay
2008-01-01,2011-12-21,2011-12-22,2011-12-30,-0.004879627119043316,"ODFL,MELI,KLAC,FAST",4,0.6,0.75,0.4,0.15,0.16980751917063383,fallback_momentum_proxy,causal_ohlcv_reconstruction_not_exact_replay
2008-01-01,2011-12-29,2011-12-30,2012-01-09,0.018418067702787082,"MELI,MU,ODFL,KLAC",4,0.6,0.75,0.4,0.15,0.1610538215530759,fallback_momentum_proxy,causal_ohlcv_reconstruction_not_exact_replay
2008-01-01,2012-01-06,2012-01-09,2012-01-17,0.004979201279811762,"MU,CTAS,ODFL,KLAC",4,0.6,0.75,0.4,0.15,0.15435308765256062,fallback_momentum_proxy,causal_ohlcv_reconstruction_not_exact_replay
2008-01-01,2012-01-13,2012-01-17,2012-01-24,0.020929283838311906,"REGN,ILMN,ODFL,KLAC",4,0.6,0.75,0.4,0.3,0.15365496270068005,fallback_momentum_proxy,causal_ohlcv_reconstruction_not_exact_replay
2008-01-01,2012-01-23,2012-01-24,2012-01-31,0.02047439464255637,"MU,REGN,ODFL,KLAC",4,0.6,0.75,0.4,0.15,0.14176340622740127,fallback_momentum_proxy,causal_ohlcv_reconstruction_not_exact_replay
2008-01-01,2012-01-30,2012-01-31,2012-02-07,0.030269670755656706,"ILMN,NFLX,ODFL,REGN",4,0.6,0.75,0.4,0.3,0.1454039524631817,fallback_momentum_proxy,causal_ohlcv_reconstruction_not_exact_replay
2008-01-01,2012-02-06,2012-02-07,2012-02-14,0.015521333737048407,"REGN,ILMN,ODFL,NFLX",4,0.6,0.75,0.4,0.0,0.15164564992054785,fallback_momentum_proxy,causal_ohlcv_reconstruction_not_exact_replay
2008-01-01,2012-02-13,2012-02-14,2012-02-22,-0.037504800584078686,"REGN,ILMN,ODFL,NFLX",4,0.6,0.75,0.4,0.0,0.14218963536378507,fallback_momentum_proxy,causal_ohlcv_reconstruction_not_exact_replay
2008-01-01,2012-02-21,2012-02-22,2012-02-29,0.006048822180950958,"ILMN,REGN,ODFL,NFLX",4,0.6,0.75,0.4,0.0,0.15396090648937286,fallback_momentum_proxy,causal_ohlcv_reconstruction_not_exact_replay
2008-01-01,2012-02-28,2012-02-29,2012-03-07,-0.00450842347708642,"REGN,ILMN,ODFL,NFLX",4,0.6,0.75,0.4,0.0,0.13331012814531676,fallback_momentum_proxy,causal_ohlcv_reconstruction_not_exact_replay
2008-01-01,2012-03-06,2012-03-07,2012-03-14,0.01630795893803496,"REGN,ILMN,ODFL,NFLX",4,0.6,0.75,0.4,0.0,0.1340725756064859,fallback_momentum_proxy,causal_ohlcv_reconstruction_not_exact_replay
2008-01-01,2012-03-13,2012-03-14,2012-03-21,0.03188923435518209,"REGN,ILMN,ODFL,NFLX",4,0.6,0.75,0.4,0.0,0.12479147310559122,fallback_momentum_proxy,causal_ohlcv_reconstruction_not_exact_replay
2008-01-01,2012-03-20,2012-03-21,2012-03-28,-0.005329122826273624,"REGN,ILMN,ODFL,NFLX",4,0.6,0.75,0.4,0.0,0.13148109191779844,fallback_momentum_proxy,causal_ohlcv_reconstruction_not_exact_replay
2008-01-01,2012-03-27,2012-03-28,2012-04-04,0.0034726640466862177,"REGN,NFLX,ODFL,ILMN",4,0.6,0.75,0.4,0.0,0.13170185469480658,fallback_momentum_proxy,causal_ohlcv_reconstruction_not_exact_replay
2008-01-01,2012-04-03,2012-04-04,2012-04-12,-0.007118506816873722,"REGN,BKNG,ODFL,NFLX",4,0.6,0.75,0.4,0.15,0.1308252140815547,fallback_momentum_proxy,causal_ohlcv_reconstruction_not_exact_replay
2008-01-01,2012-04-11,2012-04-12,2012-04-19,0.0015094567857296178,"REGN,BKNG,ODFL,NFLX",4,0.6,0.75,0.4,0.0,0.13442671336238382,fallback_momentum_proxy,causal_ohlcv_reconstruction_not_exact_replay
2008-01-01,2012-04-18,2012-04-19,2012-04-26,-0.018476212698103234,"REGN,BKNG,ODFL,NFLX",4,0.6,0.75,0.4,0.0,0.13158538267171044,fallback_momentum_proxy,causal_ohlcv_reconstruction_not_exact_replay
2008-01-01,2012-04-25,2012-04-26,2012-05-03,-0.0018682452450369698,"REGN,BKNG,ODFL",3,0.6,0.75,0.4,0.14999999999999997,0.13574906322962085,fallback_momentum_proxy,causal_ohlcv_reconstruction_not_exact_replay
2008-01-01,2012-05-02,2012-05-03,2012-05-10,-0.03210610641070659,"BKNG,REGN,ODFL",3,0.6,0.75,0.4,0.0,0.12183669136969204,fallback_momentum_proxy,causal_ohlcv_reconstruction_not_exact_replay
2008-01-01,2012-05-09,2012-05-10,2012-05-17,-0.024161181130888616,"VRTX,ORLY,REGN,BKNG",4,0.6,0.75,0.4,0.3,0.1320832376199315,fallback_momentum_proxy,causal_ohlcv_reconstruction_not_exact_replay
2008-01-01,2012-05-16,2012-05-17,2012-05-24,0.02168359487669683,"VRTX,MNST,ORLY,REGN",4,0.6,0.75,0.4,0.15,0.11948028949471243,fallback_momentum_proxy,causal_ohlcv_reconstruction_not_exact_replay
2008-01-01,2012-05-23,2012-05-24,2012-06-01,-0.027274064391672598,"VRTX,MNST,REGN,ORLY",4,0.6,0.75,0.4,0.0,0.12827280869552612,fallback_momentum_proxy,causal_ohlcv_reconstruction_not_exact_replay
2008-01-01,2012-05-31,2012-06-01,2012-06-08,0.02033702353671943,"VRTX,MNST,REGN,ORLY",4,0.6,0.75,0.4,0.0,0.13818318822678444,fallback_momentum_proxy,causal_ohlcv_reconstruction_not_exact_replay
2008-01-01,2012-06-07,2012-06-08,2012-06-15,-0.012933185211494787,"MNST,VRTX,REGN,ORLY",4,0.6,0.75,0.4,0.0,0.14088719152253418,fallback_momentum_proxy,causal_ohlcv_reconstruction_not_exact_replay
2008-01-01,2012-06-14,2012-06-15,2012-06-22,0.002647772065932657,"MNST,DXCM,VRTX,ORLY",4,0.6,0.75,0.4,0.15,0.11928881933077742,fallback_momentum_proxy,causal_ohlcv_reconstruction_not_exact_replay
2008-01-01,2012-06-21,2012-06-22,2012-06-29,-0.03824833005731768,"VRTX,DXCM,MNST,ORLY",4,0.6,0.75,0.4,0.0,0.12078116280833572,fallback_momentum_proxy,causal_ohlcv_reconstruction_not_exact_replay
2008-01-01,2012-06-28,2012-06-29,2012-07-09,-0.0028804498500600013,"DXCM,CSGP,VRTX,MNST",4,0.6,0.75,0.4,0.15,0.13419481361036725,fallback_momentum_proxy,causal_ohlcv_reconstruction_not_exact_replay
2008-01-01,2012-07-06,2012-07-09,2012-07-16,-0.007325103827818852,"VRTX,DXCM,MNST,CSGP",4,0.6,0.75,0.4,0.0,0.1348080542750547,fallback_momentum_proxy,causal_ohlcv_reconstruction_not_exact_replay
2008-01-01,2012-07-13,2012-07-16,2012-07-23,-0.03756967309486503,"VRTX,DXCM,MNST,CSGP",4,0.6,0.75,0.4,0.0,0.13287030568066388,fallback_momentum_proxy,causal_ohlcv_reconstruction_not_exact_replay
2008-01-01,2012-07-20,2012-07-23,2012-07-30,0.016448264392991775,"VRTX,ASML,DXCM,CSGP",4,0.6,0.75,0.4,0.15,0.14316742643433944,fallback_momentum_proxy,causal_ohlcv_reconstruction_not_exact_replay
2008-01-01,2012-07-27,2012-07-30,2012-08-06,-0.005169688249117104,"TMUS,ASML,VRTX,CSGP",4,0.6,0.75,0.4,0.15,0.1529084913226673,fallback_momentum_proxy,causal_ohlcv_reconstruction_not_exact_replay
2008-01-01,2012-08-03,2012-08-06,2012-08-13,0.011699498975956856,"TMUS,ASML,CSGP",3,0.6,0.75,0.4,0.14999999999999997,0.14535942214143852,fallback_momentum_proxy,causal_ohlcv_reconstruction_not_exact_replay
2008-01-01,2012-08-10,2012-08-13,2012-08-20,0.01878764303310799,"TMUS,SIRI,ASML,CSGP",4,0.6,0.75,0.4,0.14999999999999997,0.1455147599107806,fallback_momentum_proxy,causal_ohlcv_reconstruction_not_exact_replay
2008-01-01,2012-08-17,2012-08-20,2012-08-27,-0.00743162425290717,"TMUS,SIRI,ASML,CSGP",4,0.6,0.75,0.4,0.0,0.14332169376851406,fallback_momentum_proxy,causal_ohlcv_reconstruction_not_exact_replay
2008-01-01,2012-08-24,2012-08-27,2012-09-04,-0.000520824114885843,"TMUS,SIRI,ASML,CSGP",4,0.6,0.75,0.4,0.0,0.13526216129027818,fallback_momentum_proxy,causal_ohlcv_reconstruction_not_exact_replay
2008-01-01,2012-08-31,2012-09-04,2012-09-11,-0.002717211196451691,"TMUS,SIRI,ASML,CSGP",4,0.6,0.75,0.4,0.0,0.1253812218965922,fallback_momentum_proxy,causal_ohlcv_reconstruction_not_exact_replay
2008-01-01,2012-09-10,2012-09-11,2012-09-18,0.0065028882672952485,"TMUS,REGN,ASML,SIRI",4,0.6,0.75,0.4,0.15,0.12430220502813641,fallback_momentum_proxy,causal_ohlcv_reconstruction_not_exact_replay
2008-01-01,2012-09-17,2012-09-18,2012-09-25,0.0032979347015527063,"TMUS,GILD,ASML,REGN",4,0.6,0.75,0.4,0.15,0.12547548612021187,fallback_momentum_proxy,causal_ohlcv_reconstruction_not_exact_replay
2008-01-01,2012-09-24,2012-09-25,2012-10-02,0.043438095422234445,"TMUS,GILD,ASML,REGN",4,0.6,0.75,0.4,0.0,0.10139795266231498,fallback_momentum_proxy,causal_ohlcv_reconstruction_not_exact_replay
2008-01-01,2012-10-01,2012-10-02,2012-10-09,-0.015920391179253184,"TMUS,GILD,ASML,REGN",4,0.6,0.75,0.4,0.0,0.13370634079432075,fallback_momentum_proxy,causal_ohlcv_reconstruction_not_exact_replay
2008-01-01,2012-10-08,2012-10-09,2012-10-16,-0.015385008858528464,"TMUS,GILD,ASML,REGN",4,0.6,0.75,0.4,0.0,0.13770020946651068,fallback_momentum_proxy,causal_ohlcv_reconstruction_not_exact_replay
2008-01-01,2012-10-15,2012-10-16,2012-10-23,-0.013695410494238058,"TMUS,SIRI,REGN,GILD",4,0.6,0.75,0.4,0.15,0.11488558242764677,fallback_momentum_proxy,causal_ohlcv_reconstruction_not_exact_replay
2008-01-01,2012-10-22,2012-10-23,2012-11-01,0.017181039858183332,"SIRI,NFLX,REGN,GILD",4,0.6,0.75,0.4,0.15,0.11689939487342493,fallback_momentum_proxy,causal_ohlcv_reconstruction_not_exact_replay
2008-01-01,2012-10-31,2012-11-01,2012-11-08,-0.0180211271668339,"NFLX,TTWO,GILD,SIRI",4,0.6,0.75,0.4,0.15,0.11949469572932257,fallback_momentum_proxy,causal_ohlcv_reconstruction_not_exact_replay
2008-01-01,2012-11-07,2012-11-08,2012-11-15,0.03032667437419838,"NFLX,ODFL,TTWO,GILD",4,0.6,0.75,0.4,0.15,0.12547974095309858,fallback_momentum_proxy,causal_ohlcv_reconstruction_not_exact_replay
2008-01-01,2012-11-14,2012-11-15,2012-11-23,0.024087994761844984,"NFLX,GILD,ODFL,TTWO",4,0.6,0.75,0.4,0.0,0.13425205562719145,fallback_momentum_proxy,causal_ohlcv_reconstruction_not_exact_replay
2008-01-01,2012-11-21,2012-11-23,2012-11-30,-0.0052771558694648495,"NFLX,GILD,ODFL,TTWO",4,0.6,0.75,0.4,0.0,0.1390107214982971,fallback_momentum_proxy,causal_ohlcv_reconstruction_not_exact_replay
2008-01-01,2012-11-29,2012-11-30,2012-12-07,0.0005319117230829782,"REGN,GILD,ODFL,TTWO",4,0.6,0.75,0.4,0.15,0.1401303810295012,fallback_momentum_proxy,causal_ohlcv_reconstruction_not_exact_replay
2008-01-01,2012-12-06,2012-12-07,2012-12-14,0.019555602993521944,"NFLX,REGN,ODFL,TTWO",4,0.6,0.75,0.4,0.15,0.1395552007011432,fallback_momentum_proxy,causal_ohlcv_reconstruction_not_exact_replay
2008-01-01,2012-12-13,2012-12-14,2012-12-21,-0.022429337269486142,"NFLX,REGN,ODFL,TTWO",4,0.6,0.75,0.4,0.0,0.14265367851595614,fallback_momentum_proxy,causal_ohlcv_reconstruction_not_exact_replay
2008-01-01,2012-12-20,2012-12-21,2012-12-31,-0.004531054240189481,"NFLX,YPF,ODFL,REGN",4,0.6,0.75,0.4,0.15,0.1534496852580421,fallback_momentum_proxy,causal_ohlcv_reconstruction_not_exact_replay
2008-01-01,2012-12-28,2012-12-31,2013-01-08,0.027941353405367728,"NFLX,YPF,ODFL,REGN",4,0.6,0.75,0.4,0.0,0.12714706487507302,fallback_momentum_proxy,causal_ohlcv_reconstruction_not_exact_replay
2008-01-01,2013-01-07,2013-01-08,2013-01-15,-0.0004724012795307149,"NFLX,YPF,ODFL,REGN",4,0.6,0.75,0.4,0.0,0.1336777283074449,fallback_momentum_proxy,causal_ohlcv_reconstruction_not_exact_replay
2008-01-01,2013-01-14,2013-01-15,2013-01-23,0.013924096739412372,"NFLX,MU,ODFL,REGN",4,0.6,0.75,0.4,0.15,0.1277920936883765,fallback_momentum_proxy,causal_ohlcv_reconstruction_not_exact_replay
2008-01-01,2013-01-22,2013-01-23,2013-01-30,0.091380387256944,"MU,NFLX,ODFL,REGN",4,0.6,0.75,0.4,0.0,0.12239959488919722,fallback_momentum_proxy,causal_ohlcv_reconstruction_not_exact_replay
2008-01-01,2013-01-29,2013-01-30,2013-02-06,0.014215371572022083,"NFLX,SMCI,ODFL,REGN",4,0.6,0.75,0.4,0.15,0.20847372622213303,fallback_momentum_proxy,causal_ohlcv_reconstruction_not_exact_replay
2008-01-01,2013-02-05,2013-02-06,2013-02-13,-0.014858795144223478,"NFLX,SONY,ODFL,REGN",4,0.6,0.75,0.4,0.15,0.1972276446606854,fallback_momentum_proxy,causal_ohlcv_reconstruction_not_exact_replay
2008-01-01,2013-02-12,2013-02-13,2013-02-21,-0.023564768347813216,"NFLX,SMCI,ODFL,REGN",4,0.6,0.75,0.4,0.15,0.2032458440095744,fallback_momentum_proxy,causal_ohlcv_reconstruction_not_exact_replay
2008-01-01,2013-02-20,2013-02-21,2013-02-28,-0.02094817829115743,"NFLX,YPF,ODFL,SMCI",4,0.6,0.75,0.4,0.15,0.21292968342733817,fallback_momentum_proxy,causal_ohlcv_reconstruction_not_exact_replay
2008-01-01,2013-02-27,2013-02-28,2013-03-07,0.0005671863199509856,"NFLX,MU,SMCI,ODFL",4,0.6,0.75,0.4,0.15,0.21936840119893353,fallback_momentum_proxy,causal_ohlcv_reconstruction_not_exact_replay
2008-01-01,2013-03-06,2013-03-07,2013-03-14,0.020771015850460626,"NFLX,SONY,ODFL,SMCI",4,0.6,0.75,0.4,0.15,0.21936409449307787,fallback_momentum_proxy,causal_ohlcv_reconstruction_not_exact_replay
2008-01-01,2013-03-13,2013-03-14,2013-03-21,-0.017319736219461694,"NFLX,MU,ODFL,SMCI",4,0.6,0.75,0.4,0.15,0.2196851297603263,fallback_momentum_proxy,causal_ohlcv_reconstruction_not_exact_replay
2008-01-01,2013-03-20,2013-03-21,2013-03-28,0.008851660058157964,"NFLX,SONY,ODFL,SMCI",4,0.6,0.75,0.4,0.15,0.21695491940078257,fallback_momentum_proxy,causal_ohlcv_reconstruction_not_exact_replay
2008-01-01,2013-03-27,2013-03-28,2013-04-05,-0.04184156266348058,"NFLX,SONY,ODFL,SMCI",4,0.6,0.75,0.4,0.0,0.2154377689941533,fallback_momentum_proxy,causal_ohlcv_reconstruction_not_exact_replay
2008-01-01,2013-04-04,2013-04-05,2013-04-12,0.014956315410068165,"NFLX,SONY,ODFL",3,0.6,0.75,0.4,0.14999999999999997,0.23221261316971561,fallback_momentum_proxy,causal_ohlcv_reconstruction_not_exact_replay
2008-01-01,2013-04-11,2013-04-12,2013-04-19,-0.017504127202438678,"NFLX,SONY,ODFL",3,0.6,0.75,0.4,0.0,0.23337301164739463,fallback_momentum_proxy,causal_ohlcv_reconstruction_not_exact_replay
2008-01-01,2013-04-18,2013-04-19,2013-04-26,0.07199149438899365,"NFLX,BIIB,SONY",3,0.6,0.75,0.4,0.19999999999999998,0.23588339470845757,fallback_momentum_proxy,causal_ohlcv_reconstruction_not_exact_replay
2008-01-01,2013-04-25,2013-04-26,2013-05-03,0.0026701746740180727,"VRTX,BIIB,NFLX,SONY",4,0.6,0.75,0.4,0.14999999999999997,0.20490209761596428,fallback_momentum_proxy,causal_ohlcv_reconstruction_not_exact_replay
2008-01-01,2013-05-02,2013-05-03,2013-05-10,0.01202172636555545,"VRTX,REGN,NFLX,BIIB",4,0.6,0.75,0.4,0.15,0.2026151752515218,fallback_momentum_proxy,causal_ohlcv_reconstruction_not_exact_replay
2008-01-01,2013-05-09,2013-05-10,2013-05-17,0.008811226694234004,"VRTX,AMD,REGN,BIIB",4,0.6,0.75,0.4,0.15,0.20193213481117067,fallback_momentum_proxy,causal_ohlcv_reconstruction_not_exact_replay
2008-01-01,2013-05-16,2013-05-17,2013-05-24,-0.006606841728937561,"VRTX,REGN,AMD,BIIB",4,0.6,0.75,0.4,0.0,0.19513880338208164,fallback_momentum_proxy,causal_ohlcv_reconstruction_not_exact_replay
2008-01-01,2013-05-23,2013-05-24,2013-06-03,-0.020249639268337644,"AMD,SONY,REGN,VRTX",4,0.6,0.75,0.4,0.15,0.18933249338637814,fallback_momentum_proxy,causal_ohlcv_reconstruction_not_exact_replay
2008-01-01,2013-05-31,2013-06-03,2013-06-10,0.026016987065527353,"AMD,VRTX,REGN,SONY",4,0.6,0.75,0.4,0.0,0.19577612011032838,fallback_momentum_proxy,causal_ohlcv_reconstruction_not_exact_replay
2008-01-01,2013-06-07,2013-06-10,2013-06-17,-0.015676695741266226,"VRTX,AMD,REGN,SONY",4,0.6,0.75,0.4,0.0,0.19809966192724243,fallback_momentum_proxy,causal_ohlcv_reconstruction_not_exact_replay
2008-01-01,2013-06-14,2013-06-17,2013-06-24,-0.01070626488192547,"VRTX,MU,AMD,REGN",4,0.6,0.75,0.4,0.15,0.1973777419355333,fallback_momentum_proxy,causal_ohlcv_reconstruction_not_exact_replay
2008-01-01,2013-06-21,2013-06-24,2013-07-01,0.026312457514205564,"AMD,MU,REGN,VRTX",4,0.6,0.75,0.4,0.0,0.19897394450818803,fallback_momentum_proxy,causal_ohlcv_reconstruction_not_exact_replay
2008-01-01,2013-06-28,2013-07-01,2013-07-09,-0.010760656828592048,"AMD,MU,VRTX,REGN",4,0.6,0.75,0.4,0.0,0.17930822317299572,fallback_momentum_proxy,causal_ohlcv_reconstruction_not_exact_replay
2008-01-01,2013-07-08,2013-07-09,2013-07-16,0.04416088074321722,"AMD,MU,REGN,VRTX",4,0.6,0.75,0.4,0.0,0.1820837227374023,fallback_momentum_proxy,causal_ohlcv_reconstruction_not_exact_replay
2008-01-01,2013-07-15,2013-07-16,2013-07-23,-0.02688305741619472,"AMD,NFLX,VRTX,REGN",4,0.6,0.75,0.4,0.15,0.18960697824103626,fallback_momentum_proxy,causal_ohlcv_reconstruction_not_exact_replay
2008-01-01,2013-07-22,2013-07-23,2013-07-30,-0.00024021026478502315,"DXCM,REGN,AMD,NFLX",4,0.6,0.75,0.4,0.15,0.1491068175234652,fallback_momentum_proxy,causal_ohlcv_reconstruction_not_exact_replay
2008-01-01,2013-07-29,2013-07-30,2013-08-06,-0.007313901423319817,"CSGP,EA,AMD,REGN",4,0.6,0.75,0.4,0.3,0.14919894982076826,fallback_momentum_proxy,causal_ohlcv_reconstruction_not_exact_replay
2008-01-01,2013-08-05,2013-08-06,2013-08-13,-0.0005089475834205763,"CSGP,TMUS,REGN,EA",4,0.6,0.75,0.4,0.15,0.14864969956279697,fallback_momentum_proxy,causal_ohlcv_reconstruction_not_exact_replay
2008-01-01,2013-08-12,2013-08-13,2013-08-20,-0.018803326824105442,"CSGP,DXCM,EA,TMUS",4,0.6,0.75,0.4,0.15,0.14756782340917604,fallback_momentum_proxy,causal_ohlcv_reconstruction_not_exact_replay
2008-01-01,2013-08-19,2013-08-20,2013-08-27,-0.0042308584671833065,"CSGP,DXCM,TMUS,EA",4,0.6,0.75,0.4,0.0,0.15180209712699266,fallback_momentum_proxy,causal_ohlcv_reconstruction_not_exact_replay
2008-01-01,2013-08-26,2013-08-27,2013-09-04,0.02268360990499143,"DXCM,NFLX,EA,TMUS",4,0.6,0.75,0.4,0.15,0.14636059358992398,fallback_momentum_proxy,causal_ohlcv_reconstruction_not_exact_replay
2008-01-01,2013-09-03,2013-09-04,2013-09-11,0.0140196902937401,"NFLX,DXCM,TMUS,EA",4,0.6,0.75,0.4,0.0,0.1439348398660186,fallback_momentum_proxy,causal_ohlcv_reconstruction_not_exact_replay
2008-01-01,2013-09-10,2013-09-11,2013-09-18,0.002854438369905537,"NFLX,CSGP,EA,DXCM",4,0.6,0.75,0.4,0.15,0.14222425563276483,fallback_momentum_proxy,causal_ohlcv_reconstruction_not_exact_replay
2008-01-01,2013-09-17,2013-09-18,2013-09-25,-0.012611344606132944,"REGN,NFLX,DXCM,EA",4,0.6,0.75,0.4,0.15,0.1393856465473005,fallback_momentum_proxy,causal_ohlcv_reconstruction_not_exact_replay
2008-01-01,2013-09-24,2013-09-25,2013-10-02,0.02463882070179351,"YPF,NFLX,DXCM,REGN",4,0.6,0.75,0.4,0.15,0.13315788083481186,fallback_momentum_proxy,causal_ohlcv_reconstruction_not_exact_replay
2008-01-01,2013-10-01,2013-10-02,2013-10-09,-0.03788350254406564,"REGN,YPF,DXCM,NFLX",4,0.6,0.75,0.4,0.0,0.13909308245464494,fallback_momentum_proxy,causal_ohlcv_reconstruction_not_exact_replay
2008-01-01,2013-10-08,2013-10-09,2013-10-16,0.03570587127877235,"MU,YPF,DXCM,NFLX",4,0.6,0.75,0.4,0.15,0.13008520681621824,fallback_momentum_proxy,causal_ohlcv_reconstruction_not_exact_replay
2008-01-01,2013-10-15,2013-10-16,2013-10-23,-0.005303393419046176,"YPF,DXCM,NFLX,MU",4,0.6,0.75,0.4,0.0,0.14107443418321863,fallback_momentum_proxy,causal_ohlcv_reconstruction_not_exact_replay
2008-01-01,2013-10-22,2013-10-23,2013-10-30,-0.004181438066146452,"YPF,DXCM,NFLX,MU",4,0.6,0.75,0.4,0.0,0.14170858840092693,fallback_momentum_proxy,causal_ohlcv_reconstruction_not_exact_replay
2008-01-01,2013-10-29,2013-10-30,2013-11-06,0.005141629568459273,"YPF,DXCM,NFLX,MU",4,0.6,0.75,0.4,0.0,0.14103819822407934,fallback_momentum_proxy,causal_ohlcv_reconstruction_not_exact_replay
2008-01-01,2013-11-05,2013-11-06,2013-11-13,0.05013818121442776,"MSTR,NFLX,DXCM,YPF",4,0.6,0.75,0.4,0.15,0.14116243744062731,fallback_momentum_proxy,causal_ohlcv_reconstruction_not_exact_replay
2008-01-01,2013-11-12,2013-11-13,2013-11-20,-0.00023371713483351028,"MSTR,YPF,DXCM,NFLX",4,0.6,0.75,0.4,0.0,0.16271069130346433,fallback_momentum_proxy,causal_ohlcv_reconstruction_not_exact_replay
2008-01-01,2013-11-19,2013-11-20,2013-11-27,0.038406113566706174,"MSTR,MU,DXCM,NFLX",4,0.6,0.75,0.4,0.15,0.16164482529363808,fallback_momentum_proxy,causal_ohlcv_reconstruction_not_exact_replay
2008-01-01,2013-11-26,2013-11-27,2013-12-05,-0.001868231595207992,"YPF,MU,DXCM,NFLX",4,0.6,0.75,0.4,0.15,0.17065606925035942,fallback_momentum_proxy,causal_ohlcv_reconstruction_not_exact_replay
2008-01-01,2013-12-04,2013-12-05,2013-12-12,0.019319635986975614,"YPF,MU,NFLX,DXCM",4,0.6,0.75,0.4,0.0,0.1716562864901173,fallback_momentum_proxy,causal_ohlcv_reconstruction_not_exact_replay
2008-01-01,2013-12-11,2013-12-12,2013-12-19,0.010005990399791661,"YPF,MU,DXCM,NFLX",4,0.6,0.75,0.4,0.0,0.17269257878270539,fallback_momentum_proxy,causal_ohlcv_reconstruction_not_exact_replay
2008-01-01,2013-12-18,2013-12-19,2013-12-27,0.01521646138264515,"YPF,ILMN,NFLX,DXCM",4,0.6,0.75,0.4,0.15,0.1660274422911078,fallback_momentum_proxy,causal_ohlcv_reconstruction_not_exact_replay
2008-01-01,2013-12-26,2013-12-27,2014-01-06,-0.0072386741260040575,"YPF,TMUS,DXCM,NFLX",4,0.6,0.75,0.4,0.15,0.16375851338568218,fallback_momentum_proxy,causal_ohlcv_reconstruction_not_exact_replay
2008-01-01,2014-01-03,2014-01-06,2014-01-13,0.010614058902715795,"YPF,ILMN,TMUS,DXCM",4,0.6,0.75,0.4,0.15,0.13315813213400296,fallback_momentum_proxy,causal_ohlcv_reconstruction_not_exact_replay
2008-01-01,2014-01-10,2014-01-13,2014-01-21,0.03570479317641427,"YPF,ILMN,TMUS,DXCM",4,0.6,0.75,0.4,0.0,0.12360487808361072,fallback_momentum_proxy,causal_ohlcv_reconstruction_not_exact_replay
2008-01-01,2014-01-17,2014-01-21,2014-01-28,-0.025322322513768813,"ILMN,AMD,TMUS,DXCM",4,0.6,0.75,0.4,0.15,0.12736790927286112,fallback_momentum_proxy,causal_ohlcv_reconstruction_not_exact_replay
2008-01-01,2014-01-27,2014-01-28,2014-02-04,-0.0073161185486546754,"SMCI,ILMN,DXCM,TMUS",4,0.6,0.75,0.4,0.15,0.1462030183367792,fallback_momentum_proxy,causal_ohlcv_reconstruction_not_exact_replay
2008-01-01,2014-02-03,2014-02-04,2014-02-11,0.03533671317723627,"ILMN,SMCI,DXCM",3,0.6,0.75,0.4,0.14999999999999997,0.15094771085221867,fallback_momentum_proxy,causal_ohlcv_reconstruction_not_exact_replay
2008-01-01,2014-02-10,2014-02-11,2014-02-19,0.0330654654667625,"ILMN,SMCI,DXCM",3,0.6,0.75,0.4,0.0,0.13672177249688242,fallback_momentum_proxy,causal_ohlcv_reconstruction_not_exact_replay
2008-01-01,2014-02-18,2014-02-19,2014-02-26,0.002973365963615371,"ILMN,SMCI,DXCM",3,0.6,0.75,0.4,0.0,0.14170703411095442,fallback_momentum_proxy,causal_ohlcv_reconstruction_not_exact_replay
2008-01-01,2014-02-25,2014-02-26,2014-03-05,0.0162291601891658,"ILMN,NVO,DXCM,SMCI",4,0.6,0.75,0.4,0.14999999999999997,0.1313932017935206,fallback_momentum_proxy,causal_ohlcv_reconstruction_not_exact_replay
2008-01-01,2014-03-04,2014-03-05,2014-03-12,-0.03652496069834622,"ILMN,NVO,DXCM,SMCI",4,0.6,0.75,0.4,0.0,0.12921786714900615,fallback_momentum_proxy,causal_ohlcv_reconstruction_not_exact_replay
2008-01-01,2014-03-11,2014-03-12,2014-03-19,-0.004338331428744923,"ILMN,EA,NVO,DXCM",4,0.6,0.75,0.4,0.15,0.1591359268223729,fallback_momentum_proxy,causal_ohlcv_reconstruction_not_exact_replay
2008-01-01,2014-03-18,2014-03-19,2014-03-26,-0.04410407278058898,"ILMN,DXCM,NVO,EA",4,0.6,0.75,0.4,0.0,0.16048319621672152,fallback_momentum_proxy,causal_ohlcv_reconstruction_not_exact_replay
2008-01-01,2014-03-25,2014-03-26,2014-04-02,0.011615949860533815,"EXC,EA,NVO,DXCM",4,0.6,0.75,0.4,0.15,0.18665549673040768,fallback_momentum_proxy,causal_ohlcv_reconstruction_not_exact_replay
2008-01-01,2014-04-01,2014-04-02,2014-04-09,-0.04629320290994919,"ISRG,ILMN,EA,DXCM",4,0.6,0.75,0.4,0.3,0.18693824359355599,fallback_momentum_proxy,causal_ohlcv_reconstruction_not_exact_replay
2008-01-01,2014-04-08,2014-04-09,2014-04-16,-0.01632136845338649,"EXC,PBR,ISRG,EA",4,0.6,0.75,0.4,0.3,0.20910033071292,fallback_momentum_proxy,causal_ohlcv_reconstruction_not_exact_replay
2008-01-01,2014-04-15,2014-04-16,2014-04-24,0.0059858703474309875,"EXC,PBR,EA",3,0.6,0.75,0.4,0.14999999999999997,0.1930982297411492,fallback_momentum_proxy,causal_ohlcv_reconstruction_not_exact_replay
2008-01-01,2014-04-23,2014-04-24,2014-05-01,0.0026259675781135747,"EXC,BKR,EA,PBR",4,0.6,0.75,0.4,0.14999999999999997,0.19010821448688206,fallback_momentum_proxy,causal_ohlcv_reconstruction_not_exact_replay
2008-01-01,2014-04-30,2014-05-01,2014-05-08,0.04208930095687509,"AZN,PBR,EA,EXC",4,0.6,0.75,0.4,0.15,0.19042106281679194,fallback_momentum_proxy,causal_ohlcv_reconstruction_not_exact_replay
2008-01-01,2014-05-07,2014-05-08,2014-05-15,-0.004552810198776747,"PBR,AZN,EA,EXC",4,0.6,0.75,0.4,0.0,0.19673115512201364,fallback_momentum_proxy,causal_ohlcv_reconstruction_not_exact_replay
2008-01-01,2014-05-14,2014-05-15,2014-05-22,-0.0171670810815631,"PBR,EA,AZN,EXC",4,0.6,0.75,0.4,0.0,0.18068680928751804,fallback_momentum_proxy,causal_ohlcv_reconstruction_not_exact_replay
2008-01-01,2014-05-21,2014-05-22,2014-05-30,0.005899215148615765,"PBR,EA,AZN,EXC",4,0.6,0.75,0.4,0.0,0.18086692348686384,fallback_momentum_proxy,causal_ohlcv_reconstruction_not_exact_replay
2008-01-01,2014-05-29,2014-05-30,2014-06-06,0.010917192967272714,"PBR,EA,EXC",3,0.6,0.75,0.4,0.14999999999999997,0.1760871734310777,fallback_momentum_proxy,causal_ohlcv_reconstruction_not_exact_replay
2008-01-01,2014-06-05,2014-06-06,2014-06-13,0.010113026051375495,"LRCX,EXC,EA,PBR",4,0.6,0.75,0.4,0.14999999999999997,0.1685021593135771,fallback_momentum_proxy,causal_ohlcv_reconstruction_not_exact_replay
2008-01-01,2014-06-12,2014-06-13,2014-06-20,0.02559009068175828,"PBR,SMCI,EA,LRCX",4,0.6,0.75,0.4,0.15,0.17099435511802613,fallback_momentum_proxy,causal_ohlcv_reconstruction_not_exact_replay
2008-01-01,2014-06-19,2014-06-20,2014-06-27,-0.025126670654986034,"SMCI,MU,EA,PBR",4,0.6,0.75,0.4,0.15,0.15448753567154372,fallback_momentum_proxy,causal_ohlcv_reconstruction_not_exact_replay
2008-01-01,2014-06-26,2014-06-27,2014-07-07,0.00881118716993387,"SMCI,VRTX,EA,PBR",4,0.6,0.75,0.4,0.15,0.16229435294810565,fallback_momentum_proxy,causal_ohlcv_reconstruction_not_exact_replay
2008-01-01,2014-07-03,2014-07-07,2014-07-14,0.004211708935977882,"VRTX,MU,EA,SMCI",4,0.6,0.75,0.4,0.15,0.12861233279985435,fallback_momentum_proxy,causal_ohlcv_reconstruction_not_exact_replay
2008-01-01,2014-07-11,2014-07-14,2014-07-21,0.009900811518850994,"VRTX,SMCI,EA,MU",4,0.6,0.75,0.4,0.0,0.1207757554549831,fallback_momentum_proxy,causal_ohlcv_reconstruction_not_exact_replay
2008-01-01,2014-07-18,2014-07-21,2014-07-28,-0.026689467988919684,"VRTX,LRCX,EA,SMCI",4,0.6,0.75,0.4,0.15,0.1210559576629729,fallback_momentum_proxy,causal_ohlcv_reconstruction_not_exact_replay
2008-01-01,2014-07-25,2014-07-28,2014-08-04,-0.005471535018596195,"VRTX,ISRG,SMCI,LRCX",4,0.6,0.75,0.4,0.15,0.13767083653899995,fallback_momentum_proxy,causal_ohlcv_reconstruction_not_exact_replay
2008-01-01,2014-08-01,2014-08-04,2014-08-11,-0.009590230127852668,"ISRG,INTC,LRCX,VRTX",4,0.6,0.75,0.4,0.15,0.11000391548829008,fallback_momentum_proxy,causal_ohlcv_reconstruction_not_exact_replay
2008-01-01,2014-08-08,2014-08-11,2014-08-18,0.017654725944117933,"DXCM,SMCI,LRCX,INTC",4,0.6,0.75,0.4,0.3,0.11129895040178928,fallback_momentum_proxy,causal_ohlcv_reconstruction_not_exact_replay
2008-01-01,2014-08-15,2014-08-18,2014-08-25,0.003357675300640966,"MNST,MELI,LRCX,INTC",4,0.6,0.75,0.4,0.3,0.11063226118816129,fallback_momentum_proxy,causal_ohlcv_reconstruction_not_exact_replay
2008-01-01,2014-08-22,2014-08-25,2014-09-02,0.006796143753269812,"MELI,MNST,INTC,LRCX",4,0.6,0.75,0.4,0.0,0.11037818517700945,fallback_momentum_proxy,causal_ohlcv_reconstruction_not_exact_replay
2008-01-01,2014-08-29,2014-09-02,2014-09-09,-0.016164185248300295,"PBR,MNST,INTC,MELI",4,0.6,0.75,0.4,0.15,0.10923077878890554,fallback_momentum_proxy,causal_ohlcv_reconstruction_not_exact_replay
2008-01-01,2014-09-08,2014-09-09,2014-09-16,-0.005340347547370894,"MNST,GILD,INTC,MELI",4,0.6,0.75,0.4,0.15,0.11288141101600647,fallback_momentum_proxy,causal_ohlcv_reconstruction_not_exact_replay
2008-01-01,2014-09-15,2014-09-16,2014-09-23,0.01615998106325566,"VRTX,GILD,MNST,INTC",4,0.6,0.75,0.4,0.15,0.09763462124293504,fallback_momentum_proxy,causal_ohlcv_reconstruction_not_exact_replay
2008-01-01,2014-09-22,2014-09-23,2014-09-30,0.015705527729553227,"MNST,REGN,INTC,VRTX",4,0.6,0.75,0.4,0.15,0.09184450013522688,fallback_momentum_proxy,causal_ohlcv_reconstruction_not_exact_replay
2008-01-01,2014-09-29,2014-09-30,2014-10-07,-0.019858809199158077,"MNST,VRTX,INTC,REGN",4,0.6,0.75,0.4,0.0,0.09556458313977355,fallback_momentum_proxy,causal_ohlcv_reconstruction_not_exact_replay
2008-01-01,2014-10-06,2014-10-07,2014-10-14,-0.007063961397189816,"MNST,ISRG,INTC,VRTX",4,0.6,0.75,0.4,0.15,0.1036268094129599,fallback_momentum_proxy,causal_ohlcv_reconstruction_not_exact_replay
2008-01-01,2014-10-13,2014-10-14,2014-10-21,0.02632902208955281,"MNST,ROST,ISRG,VRTX",4,0.6,0.75,0.4,0.15,0.10129237513774678,fallback_momentum_proxy,causal_ohlcv_reconstruction_not_exact_replay
2008-01-01,2014-10-20,2014-10-21,2014-10-28,0.00696896625475148,"MNST,ROST,VRTX,ISRG",4,0.6,0.75,0.4,0.0,0.10163816284009246,fallback_momentum_proxy,causal_ohlcv_reconstruction_not_exact_replay
2008-01-01,2014-10-27,2014-10-28,2014-11-04,-0.0042722679730995685,"MNST,REGN,VRTX,ISRG",4,0.6,0.75,0.4,0.15,0.1007614468810553,fallback_momentum_proxy,causal_ohlcv_reconstruction_not_exact_replay
2008-01-01,2014-11-03,2014-11-04,2014-11-11,0.030898028282842445,"SMCI,MNST,REGN,ISRG",4,0.6,0.75,0.4,0.15,0.09843246809755618,fallback_momentum_proxy,causal_ohlcv_reconstruction_not_exact_replay
2008-01-01,2014-11-10,2014-11-11,2014-11-18,0.0070615672102173396,"SMCI,DXCM,MNST,REGN",4,0.6,0.75,0.4,0.15,0.10966656311885142,fallback_momentum_proxy,causal_ohlcv_reconstruction_not_exact_replay
2008-01-01,2014-11-17,2014-11-18,2014-11-25,-0.004489617682777058,"SMCI,MNST,REGN,DXCM",4,0.6,0.75,0.4,0.0,0.1097537037931205,fallback_momentum_proxy,causal_ohlcv_reconstruction_not_exact_replay
2008-01-01,2014-11-24,2014-11-25,2014-12-03,-8.042536677536124e-05,"SMCI,MELI,MNST,REGN",4,0.6,0.75,0.4,0.15,0.11114615782422181,fallback_momentum_proxy,causal_ohlcv_reconstruction_not_exact_replay
2008-01-01,2014-12-02,2014-12-03,2014-12-10,-0.006918466704175313,"DXCM,VRTX,MNST,MELI",4,0.6,0.75,0.4,0.3,0.10292858653120292,fallback_momentum_proxy,causal_ohlcv_reconstruction_not_exact_replay
2008-01-01,2014-12-09,2014-12-10,2014-12-17,-0.008035780390545082,"DXCM,REGN,MNST,MELI",4,0.6,0.75,0.4,0.15,0.10367213461216104,fallback_momentum_proxy,causal_ohlcv_reconstruction_not_exact_replay
2008-01-01,2014-12-16,2014-12-17,2014-12-24,0.005920033904864447,"DXCM,EA,MNST,REGN",4,0.6,0.75,0.4,0.15,0.10363811914508905,fallback_momentum_proxy,causal_ohlcv_reconstruction_not_exact_replay
2008-01-01,2014-12-23,2014-12-24,2015-01-02,-0.006987765901153424,"EA,DXCM,MNST,REGN",4,0.6,0.75,0.4,0.0,0.10022684679262588,fallback_momentum_proxy,causal_ohlcv_reconstruction_not_exact_replay
2008-01-01,2014-12-31,2015-01-02,2015-01-09,0.013821319979692591,"SMCI,EA,MNST,REGN",4,0.6,0.75,0.4,0.15,0.09078707615572523,fallback_momentum_proxy,causal_ohlcv_reconstruction_not_exact_replay
2008-01-01,2015-01-08,2015-01-09,2015-01-16,-0.004209554088516215,"SMCI,ON,EA,REGN",4,0.6,0.75,0.4,0.15,0.09001723418573311,fallback_momentum_proxy,causal_ohlcv_reconstruction_not_exact_replay
2008-01-01,2015-01-15,2015-01-16,2015-01-26,0.02577839571753965,"DXCM,IDXX,EA,REGN",4,0.6,0.75,0.4,0.3,0.07853181761106924,fallback_momentum_proxy,causal_ohlcv_reconstruction_not_exact_replay
2008-01-01,2015-01-23,2015-01-26,2015-02-02,0.0068423047090853725,"DXCM,TTWO,REGN,EA",4,0.6,0.75,0.4,0.15,0.09113455422308663,fallback_momentum_proxy,causal_ohlcv_reconstruction_not_exact_replay
2008-01-01,2015-01-30,2015-02-02,2015-02-09,-0.014405475195790695,"EA,DXCM,TTWO,REGN",4,0.6,0.75,0.4,0.0,0.08941742844716809,fallback_momentum_proxy,causal_ohlcv_reconstruction_not_exact_replay
2008-01-01,2015-02-06,2015-02-09,2015-02-17,0.012153293285878112,"SONY,ON,TTWO,DXCM",4,0.6,0.75,0.4,0.3,0.07724413416875765,fallback_momentum_proxy,causal_ohlcv_reconstruction_not_exact_replay
2008-01-01,2015-02-13,2015-02-17,2015-02-24,0.0015544770636804648,"ON,SONY,TTWO,DXCM",4,0.6,0.75,0.4,0.0,0.07955300264782203,fallback_momentum_proxy,causal_ohlcv_reconstruction_not_exact_replay
2008-01-01,2015-02-23,2015-02-24,2015-03-03,0.004901247231059891,"ON,BIIB,DXCM,SONY",4,0.6,0.75,0.4,0.15,0.07844731168451238,fallback_momentum_proxy,causal_ohlcv_reconstruction_not_exact_replay
2008-01-01,2015-03-02,2015-03-03,2015-03-10,-0.007485553342671874,"ON,MNST,DXCM,BIIB",4,0.6,0.75,0.4,0.15,0.07847027996528533,fallback_momentum_proxy,causal_ohlcv_reconstruction_not_exact_replay
2008-01-01,2015-03-09,2015-03-10,2015-03-17,0.0050442156960285745,"MNST,ON,BIIB",3,0.6,0.75,0.4,0.14999999999999997,0.07877386141548337,fallback_momentum_proxy,causal_ohlcv_reconstruction_not_exact_replay
2008-01-01,2015-03-16,2015-03-17,2015-03-24,0.01159325060025338,"MNST,ON,BIIB",3,0.6,0.75,0.4,0.0,0.07544550487731602,fallback_momentum_proxy,causal_ohlcv_reconstruction_not_exact_replay
2008-01-01,2015-03-23,2015-03-24,2015-03-31,-0.017989861016127526,"BIIB,SONY,MNST,ON",4,0.6,0.75,0.4,0.14999999999999997,0.07703935151146733,fallback_momentum_proxy,causal_ohlcv_reconstruction_not_exact_replay
2008-01-01,2015-03-30,2015-03-31,2015-04-08,0.020654948729020496,"NVO,SONY,MNST,BIIB",4,0.6,0.75,0.4,0.15,0.08641962943087676,fallback_momentum_proxy,causal_ohlcv_reconstruction_not_exact_replay
2008-01-01,2015-04-07,2015-04-08,2015-04-15,0.013414955243147229,"NVO,SONY,BIIB,MNST",4,0.6,0.75,0.4,0.0,0.09103215011410827,fallback_momentum_proxy,causal_ohlcv_reconstruction_not_exact_replay
2008-01-01,2015-04-14,2015-04-15,2015-04-22,0.003947453188447313,"SONY,PBR,NVO,BIIB",4,0.6,0.75,0.4,0.15,0.09117106517452529,fallback_momentum_proxy,causal_ohlcv_reconstruction_not_exact_replay
2008-01-01,2015-04-21,2015-04-22,2015-04-29,-0.007889010764581,"PBR,NFLX,NVO,BIIB",4,0.6,0.75,0.4,0.15,0.07941284971156888,fallback_momentum_proxy,causal_ohlcv_reconstruction_not_exact_replay
2008-01-01,2015-04-28,2015-04-29,2015-05-06,0.007713688495294901,"PBR,NFLX,NVO",3,0.6,0.75,0.4,0.14999999999999997,0.08199280757335052,fallback_momentum_proxy,causal_ohlcv_reconstruction_not_exact_replay
2008-01-01,2015-05-05,2015-05-06,2015-05-13,-0.01203602340332719,"PBR,VALE,NVO,NFLX",4,0.6,0.75,0.4,0.14999999999999997,0.07414495216481021,fallback_momentum_proxy,causal_ohlcv_reconstruction_not_exact_replay
2008-01-01,2015-05-12,2015-05-13,2015-05-20,-0.007353180399140286,"PBR,NFLX,NVO,VALE",4,0.6,0.75,0.4,0.0,0.07813892189914672,fallback_momentum_proxy,causal_ohlcv_reconstruction_not_exact_replay
2008-01-01,2015-05-19,2015-05-20,2015-05-28,-0.009325527833259215,"PBR,NFLX,NVO",3,0.6,0.75,0.4,0.14999999999999997,0.0803216022053803,fallback_momentum_proxy,causal_ohlcv_reconstruction_not_exact_replay
2008-01-01,2015-05-27,2015-05-28,2015-06-04,0.00012230650126808236,"NFLX,REGN,NVO,PBR",4,0.6,0.75,0.4,0.14999999999999997,0.08246439372509952,fallback_momentum_proxy,causal_ohlcv_reconstruction_not_exact_replay
2008-01-01,2015-06-03,2015-06-04,2015-06-11,0.01637939404289249,"PBR,NFLX,NVO,REGN",4,0.6,0.75,0.4,0.0,0.08084020262008146,fallback_momentum_proxy,causal_ohlcv_reconstruction_not_exact_replay
2008-01-01,2015-06-10,2015-06-11,2015-06-18,0.011730147859157755,"PBR,NFLX,NVO,REGN",4,0.6,0.75,0.4,0.0,0.08646616917189928,fallback_momentum_proxy,causal_ohlcv_reconstruction_not_exact_replay
2008-01-01,2015-06-17,2015-06-18,2015-06-25,-0.010769358757248082,"PBR,NFLX,NVO,REGN",4,0.6,0.75,0.4,0.0,0.08653511468015689,fallback_momentum_proxy,causal_ohlcv_reconstruction_not_exact_replay
2008-01-01,2015-06-24,2015-06-25,2015-07-02,-0.010445205123238493,"PBR,NFLX,NVO,REGN",4,0.6,0.75,0.4,0.0,0.08042791478912026,fallback_momentum_proxy,causal_ohlcv_reconstruction_not_exact_replay
2008-01-01,2015-07-01,2015-07-02,2015-07-10,0.005766758855255155,"NFLX,DXCM,REGN,PBR",4,0.6,0.75,0.4,0.15,0.07307992248992302,fallback_momentum_proxy,causal_ohlcv_reconstruction_not_exact_replay
2008-01-01,2015-07-09,2015-07-10,2015-07-17,0.041691157605366735,"NFLX,EA,DXCM,REGN",4,0.6,0.75,0.4,0.15,0.06825623880751172,fallback_momentum_proxy,causal_ohlcv_reconstruction_not_exact_replay
2008-01-01,2015-07-16,2015-07-17,2015-07-24,-0.013511972514899495,"NFLX,EA,DXCM,REGN",4,0.6,0.75,0.4,0.0,0.10927206942587471,fallback_momentum_proxy,causal_ohlcv_reconstruction_not_exact_replay
2008-01-01,2015-07-23,2015-07-24,2015-07-31,0.013529174159634448,"NFLX,GOOGL,DXCM,REGN",4,0.6,0.75,0.4,0.15,0.11204610477931203,fallback_momentum_proxy,causal_ohlcv_reconstruction_not_exact_replay
2008-01-01,2015-07-30,2015-07-31,2015-08-07,0.025686364082564552,"NFLX,TTWO,DXCM,GOOGL",4,0.6,0.75,0.4,0.15,0.11398948929442605,fallback_momentum_proxy,causal_ohlcv_reconstruction_not_exact_replay
2008-01-01,2015-08-06,2015-08-07,2015-08-14,0.012448377982746981,"NFLX,DXCM,TTWO,GOOGL",4,0.6,0.75,0.4,0.0,0.11835877548631019,fallback_momentum_proxy,causal_ohlcv_reconstruction_not_exact_replay
2008-01-01,2015-08-13,2015-08-14,2015-08-21,-0.054952302737393495,"DXCM,NFLX,TTWO,GOOGL",4,0.6,0.75,0.4,0.0,0.11574233237641342,fallback_momentum_proxy,causal_ohlcv_reconstruction_not_exact_replay
2008-01-01,2015-08-20,2015-08-21,2015-08-28,0.029151117693184608,"DXCM,MSTR,TTWO,NFLX",4,0.6,0.75,0.4,0.15,0.16762545553129346,fallback_momentum_proxy,causal_ohlcv_reconstruction_not_exact_replay
2008-01-01,2015-08-27,2015-08-28,2015-09-04,-0.05005068476582273,"DXCM,NFLX,MSTR",3,0.6,0.75,0.4,0.14999999999999997,0.1751755718455395,fallback_momentum_proxy,causal_ohlcv_reconstruction_not_exact_replay
2008-01-01,2015-09-03,2015-09-04,2015-09-14,0.018492727068664137,"DXCM,CCEP,MSTR",3,0.6,0.75,0.4,0.19999999999999998,0.20490464861741,fallback_momentum_proxy,causal_ohlcv_reconstruction_not_exact_replay
2008-01-01,2015-09-11,2015-09-14,2015-09-21,0.019802358537805362,"DXCM,AMZN,MSTR,CCEP",4,0.6,0.75,0.4,0.14999999999999997,0.20701142697126784,fallback_momentum_proxy,causal_ohlcv_reconstruction_not_exact_replay
2008-01-01,2015-09-18,2015-09-21,2015-09-28,-0.050807545962519185,"DXCM,AMZN,MSTR,CCEP",4,0.6,0.75,0.4,0.0,0.20870442996365973,fallback_momentum_proxy,causal_ohlcv_reconstruction_not_exact_replay
2008-01-01,2015-09-25,2015-09-28,2015-10-05,0.024188812166558275,"MSTR,AMZN,DXCM,CCEP",4,0.6,0.75,0.4,0.0,0.23404883388173284,fallback_momentum_proxy,causal_ohlcv_reconstruction_not_exact_replay
2008-01-01,2015-10-02,2015-10-05,2015-10-12,0.015471286383852468,"NVDA,AMZN,MSTR,CCEP",4,0.6,0.75,0.4,0.15,0.2389231540796041,fallback_momentum_proxy,causal_ohlcv_reconstruction_not_exact_replay
2008-01-01,2015-10-09,2015-10-12,2015-10-19,0.013575384995549345,"NVDA,AMZN,MSTR,CCEP",4,0.6,0.75,0.4,0.0,0.2250287573897877,fallback_momentum_proxy,causal_ohlcv_reconstruction_not_exact_replay
2008-01-01,2015-10-16,2015-10-19,2015-10-26,0.011751844362794127,"NVDA,INTC,AMZN,MSTR",4,0.6,0.75,0.4,0.15,0.22491523751040937,fallback_momentum_proxy,causal_ohlcv_reconstruction_not_exact_replay
2008-01-01,2015-10-23,2015-10-26,2015-11-02,0.0069433092645913574,"NVDA,KLAC,AMZN,INTC",4,0.6,0.75,0.4,0.15,0.22452670178366352,fallback_momentum_proxy,causal_ohlcv_reconstruction_not_exact_replay
2008-01-01,2015-10-30,2015-11-02,2015-11-09,0.01916767893522942,"KLAC,NVDA,AMZN,INTC",4,0.6,0.75,0.4,0.0,0.21871207590346306,fallback_momentum_proxy,causal_ohlcv_reconstruction_not_exact_replay
2008-01-01,2015-11-06,2015-11-09,2015-11-16,-0.012315568143281597,"NVDA,KLAC,AMZN,INTC",4,0.6,0.75,0.4,0.0,0.2208134330029913,fallback_momentum_proxy,causal_ohlcv_reconstruction_not_exact_replay
2008-01-01,2015-11-13,2015-11-16,2015-11-23,0.022187107986150853,"KLAC,NVDA,AMZN,INTC",4,0.6,0.75,0.4,0.0,0.18865197177789397,fallback_momentum_proxy,causal_ohlcv_reconstruction_not_exact_replay
2008-01-01,2015-11-20,2015-11-23,2015-12-01,0.014337290411852065,"NVDA,KLAC,AMZN,INTC",4,0.6,0.75,0.4,0.0,0.1850702446734322,fallback_momentum_proxy,causal_ohlcv_reconstruction_not_exact_replay
2008-01-01,2015-11-30,2015-12-01,2015-12-08,0.00011287092599795425,"NVDA,ADSK,AMZN,INTC",4,0.6,0.75,0.4,0.15,0.14492527279071932,fallback_momentum_proxy,causal_ohlcv_reconstruction_not_exact_replay
2008-01-01,2015-12-07,2015-12-08,2015-12-15,-0.011650680969454558,"NVDA,ADSK,INTC,AMZN",4,0.6,0.75,0.4,0.0,0.1440972375305863,fallback_momentum_proxy,causal_ohlcv_reconstruction_not_exact_replay
2008-01-01,2015-12-14,2015-12-15,2015-12-22,-0.0019107724506578772,"NVDA,KLAC,ADSK,INTC",4,0.6,0.75,0.4,0.15,0.14564785660522114,fallback_momentum_proxy,causal_ohlcv_reconstruction_not_exact_replay
2008-01-01,2015-12-21,2015-12-22,2015-12-30,0.016918256154804454,"AMD,KLAC,ADSK,INTC",4,0.6,0.75,0.4,0.15,0.08549464604925755,fallback_momentum_proxy,causal_ohlcv_reconstruction_not_exact_replay
2008-01-01,2015-12-29,2015-12-30,2016-01-07,-0.07191869697521242,"AMD,KLAC,INTC,ADSK",4,0.6,0.75,0.4,0.0,0.0808083661936968,fallback_momentum_proxy,causal_ohlcv_reconstruction_not_exact_replay
2008-01-01,2016-01-06,2016-01-07,2016-01-14,-0.007650328191881045,"AMD,KLAC,INTC,ADSK",4,0.6,0.75,0.4,0.0,0.17640342966531541,fallback_momentum_proxy,causal_ohlcv_reconstruction_not_exact_replay
2008-01-01,2016-01-13,2016-01-14,2016-01-22,-0.018183960009973864,"KLAC,ISRG,AMD",3,0.6,0.75,0.4,0.3,0.17470216454774187,fallback_momentum_proxy,causal_ohlcv_reconstruction_not_exact_replay
2008-01-01,2016-01-21,2016-01-22,2016-01-29,-0.04523488038753728,"ISRG,ILMN",2,0.6,0.75,0.4,0.39999999999999997,0.1752950044186393,fallback_momentum_proxy,causal_ohlcv_reconstruction_not_exact_replay
2008-01-01,2016-01-28,2016-01-29,2016-02-05,0.011284479642454048,"XEL,AEP,ISRG",3,0.6,0.75,0.4,0.39999999999999997,0.1916934893711097,fallback_momentum_proxy,causal_ohlcv_reconstruction_not_exact_replay
2008-01-01,2016-02-04,2016-02-05,2016-02-12,-0.02626309713299439,"SMCI,EXC,AEP,XEL",4,0.6,0.75,0.4,0.3,0.1874468341948944,fallback_momentum_proxy,causal_ohlcv_reconstruction_not_exact_replay
2008-01-01,2016-02-11,2016-02-12,2016-02-22,0.025736851862916143,"SMCI,ROST,AEP,XEL",4,0.6,0.75,0.4,0.15,0.19065641768157224,fallback_momentum_proxy,causal_ohlcv_reconstruction_not_exact_replay
2008-01-01,2016-02-19,2016-02-22,2016-02-29,-0.0026521916062277554,"SMCI,FAST,AEP,XEL",4,0.6,0.75,0.4,0.15,0.1933518625415196,fallback_momentum_proxy,causal_ohlcv_reconstruction_not_exact_replay
2008-01-01,2016-02-26,2016-02-29,2016-03-07,0.018830245092422815,"SMCI,EXC,AEP,XEL",4,0.6,0.75,0.4,0.15,0.18712683973734567,fallback_momentum_proxy,causal_ohlcv_reconstruction_not_exact_replay
2008-01-01,2016-03-04,2016-03-07,2016-03-14,-0.025053791613039243,"VALE,PBR,AEP,XEL",4,0.6,0.75,0.4,0.3,0.19545545660228225,fallback_momentum_proxy,causal_ohlcv_reconstruction_not_exact_replay
2008-01-01,2016-03-11,2016-03-14,2016-03-21,0.036326188867485384,"PBR,VALE,AEP,XEL",4,0.6,0.75,0.4,0.0,0.1979365485744263,fallback_momentum_proxy,causal_ohlcv_reconstruction_not_exact_replay
2008-01-01,2016-03-18,2016-03-21,2016-03-29,0.006228648779056744,"PBR,VALE,AEP,XEL",4,0.6,0.75,0.4,0.0,0.21871348080136122,fallback_momentum_proxy,causal_ohlcv_reconstruction_not_exact_replay
2008-01-01,2016-03-28,2016-03-29,2016-04-05,-0.016745192878248924,"PBR,VALE,AEP,XEL",4,0.6,0.75,0.4,0.0,0.21457821581290332,fallback_momentum_proxy,causal_ohlcv_reconstruction_not_exact_replay
2008-01-01,2016-04-04,2016-04-05,2016-04-12,0.028922675841154762,"SMCI,PBR,AEP,XEL",4,0.6,0.75,0.4,0.15,0.16635299707004206,fallback_momentum_proxy,causal_ohlcv_reconstruction_not_exact_replay
2008-01-01,2016-04-11,2016-04-12,2016-04-19,0.02399817470318111,"VALE,PBR,AEP,XEL",4,0.6,0.75,0.4,0.15,0.17806561294055642,fallback_momentum_proxy,causal_ohlcv_reconstruction_not_exact_replay
2008-01-01,2016-04-18,2016-04-19,2016-04-26,-0.021563355925527324,"VALE,PBR,AEP,XEL",4,0.6,0.75,0.4,0.0,0.17981903528977805,fallback_momentum_proxy,causal_ohlcv_reconstruction_not_exact_replay
2008-01-01,2016-04-25,2016-04-26,2016-05-03,0.007123450619657856,"VALE,PBR,AEP,XEL",4,0.6,0.75,0.4,0.0,0.15708525053721087,fallback_momentum_proxy,causal_ohlcv_reconstruction_not_exact_replay
2008-01-01,2016-05-02,2016-05-03,2016-05-10,-0.009649277435105137,"PBR,VALE,AEP,XEL",4,0.6,0.75,0.4,0.0,0.15657286843079773,fallback_momentum_proxy,causal_ohlcv_reconstruction_not_exact_replay
2008-01-01,2016-05-09,2016-05-10,2016-05-17,-0.0021833682734667846,"PBR,AMD,AEP,XEL",4,0.6,0.75,0.4,0.15,0.14550374881725822,fallback_momentum_proxy,causal_ohlcv_reconstruction_not_exact_replay
2008-01-01,2016-05-16,2016-05-17,2016-05-24,-0.006173085508713266,"PBR,AMD,XEL,AEP",4,0.6,0.75,0.4,0.0,0.13957785988930552,fallback_momentum_proxy,causal_ohlcv_reconstruction_not_exact_replay
2008-01-01,2016-05-23,2016-05-24,2016-06-01,0.005902266633873641,"AMD,PBR,XEL,AEP",4,0.6,0.75,0.4,0.0,0.1404385105870124,fallback_momentum_proxy,causal_ohlcv_reconstruction_not_exact_replay
2008-01-01,2016-05-31,2016-06-01,2016-06-08,0.0042267695602219045,"AMD,NVDA,XEL,AEP",4,0.6,0.75,0.4,0.15,0.1365691152145471,fallback_momentum_proxy,causal_ohlcv_reconstruction_not_exact_replay
2008-01-01,2016-06-07,2016-06-08,2016-06-15,0.004391415577362028,"AMD,NVDA,XEL,AEP",4,0.6,0.75,0.4,0.0,0.12298435021041487,fallback_momentum_proxy,causal_ohlcv_reconstruction_not_exact_replay
2008-01-01,2016-06-14,2016-06-15,2016-06-22,0.02170806586502403,"AMD,NVDA,XEL,AEP",4,0.6,0.75,0.4,0.0,0.10209477505649552,fallback_momentum_proxy,causal_ohlcv_reconstruction_not_exact_replay
2008-01-01,2016-06-21,2016-06-22,2016-06-29,0.00851599274999607,"AMD,DXCM,NVDA,XEL",4,0.6,0.75,0.4,0.15,0.10925691917214597,fallback_momentum_proxy,causal_ohlcv_reconstruction_not_exact_replay
2008-01-01,2016-06-28,2016-06-29,2016-07-07,0.001232713753212527,"AMD,PBR,NVDA,DXCM",4,0.6,0.75,0.4,0.15,0.1003833540625132,fallback_momentum_proxy,causal_ohlcv_reconstruction_not_exact_replay
2008-01-01,2016-07-06,2016-07-07,2016-07-14,0.0408454268411348,"AMD,NVDA,PBR,DXCM",4,0.6,0.75,0.4,0.0,0.08652101112169652,fallback_momentum_proxy,causal_ohlcv_reconstruction_not_exact_replay
2008-01-01,2016-07-13,2016-07-14,2016-07-21,0.01661343217587629,"AMD,NVDA,PBR,DXCM",4,0.6,0.75,0.4,0.0,0.10798444738319476,fallback_momentum_proxy,causal_ohlcv_reconstruction_not_exact_replay
2008-01-01,2016-07-20,2016-07-21,2016-07-28,0.057502285450865984,"NVDA,AMD,PBR,DXCM",4,0.6,0.75,0.4,0.0,0.09389442996644108,fallback_momentum_proxy,causal_ohlcv_reconstruction_not_exact_replay
2008-01-01,2016-07-27,2016-07-28,2016-08-04,0.00486835881390239,"AMD,NVDA,PBR,DXCM",4,0.6,0.75,0.4,0.0,0.1365300119035526,fallback_momentum_proxy,causal_ohlcv_reconstruction_not_exact_replay
2008-01-01,2016-08-03,2016-08-04,2016-08-11,0.012710609254108845,"AMD,NVDA,PBR,DXCM",4,0.6,0.75,0.4,0.0,0.12947944389366522,fallback_momentum_proxy,causal_ohlcv_reconstruction_not_exact_replay
2008-01-01,2016-08-10,2016-08-11,2016-08-18,0.02980527893969502,"AMD,DXCM,NVDA,PBR",4,0.6,0.75,0.4,0.0,0.1251822670563954,fallback_momentum_proxy,causal_ohlcv_reconstruction_not_exact_replay
2008-01-01,2016-08-17,2016-08-18,2016-08-25,0.0007442031398119822,"AMD,VALE,NVDA,DXCM",4,0.6,0.75,0.4,0.15,0.12003879109282596,fallback_momentum_proxy,causal_ohlcv_reconstruction_not_exact_replay
2008-01-01,2016-08-24,2016-08-25,2016-09-01,-0.004619610544908564,"AMD,PBR,NVDA,VALE",4,0.6,0.75,0.4,0.15,0.12258548887352949,fallback_momentum_proxy,causal_ohlcv_reconstruction_not_exact_replay
2008-01-01,2016-08-31,2016-09-01,2016-09-09,-0.03906200387187069,"AMD,PBR,VALE,NVDA",4,0.6,0.75,0.4,0.0,0.1277185590585818,fallback_momentum_proxy,causal_ohlcv_reconstruction_not_exact_replay
2008-01-01,2016-09-08,2016-09-09,2016-09-16,0.011692277124589983,"PBR,MU,NVDA,AMD",4,0.6,0.75,0.4,0.15,0.16809782925189964,fallback_momentum_proxy,causal_ohlcv_reconstruction_not_exact_replay
2008-01-01,2016-09-15,2016-09-16,2016-09-23,0.018751939561437857,"MU,NVDA,AMD,PBR",4,0.6,0.75,0.4,0.0,0.1669201026471563,fallback_momentum_proxy,causal_ohlcv_reconstruction_not_exact_replay
2008-01-01,2016-09-22,2016-09-23,2016-09-30,0.016289449915921468,"MELI,ADSK,AMD,NVDA",4,0.6,0.75,0.4,0.3,0.167310285052606,fallback_momentum_proxy,causal_ohlcv_reconstruction_not_exact_replay
2008-01-01,2016-09-29,2016-09-30,2016-10-07,-0.006240740249520893,"MU,ON,ADSK,NVDA",4,0.6,0.75,0.4,0.3,0.16556319092267316,fallback_momentum_proxy,causal_ohlcv_reconstruction_not_exact_replay
2008-01-01,2016-10-06,2016-10-07,2016-10-14,-0.015669807188122258,"AMD,ON,ADSK,NVDA",4,0.6,0.75,0.4,0.15,0.1587442317757485,fallback_momentum_proxy,causal_ohlcv_reconstruction_not_exact_replay
2008-01-01,2016-10-13,2016-10-14,2016-10-21,0.016561875286457542,"PBR,BHP,AMD,NVDA",4,0.6,0.75,0.4,0.3,0.1657324033117924,fallback_momentum_proxy,causal_ohlcv_reconstruction_not_exact_replay
2008-01-01,2016-10-20,2016-10-21,2016-10-28,0.017559465449430357,"PBR,NFLX,AMD,NVDA",4,0.6,0.75,0.4,0.15,0.12762462723578047,fallback_momentum_proxy,causal_ohlcv_reconstruction_not_exact_replay
2008-01-01,2016-10-27,2016-10-28,2016-11-04,-0.0407397376629838,"PBR,NFLX,NVDA,AMD",4,0.6,0.75,0.4,0.0,0.1305496520957038,fallback_momentum_proxy,causal_ohlcv_reconstruction_not_exact_replay
2008-01-01,2016-11-03,2016-11-04,2016-11-11,0.062285683245487736,"NFLX,VALE,NVDA,AMD",4,0.6,0.75,0.4,0.15,0.15736186656896214,fallback_momentum_proxy,causal_ohlcv_reconstruction_not_exact_replay
2008-01-01,2016-11-10,2016-11-11,2016-11-18,-0.008735858118502244,"VALE,RIO,NVDA,NFLX",4,0.6,0.75,0.4,0.15,0.19293640762505312,fallback_momentum_proxy,causal_ohlcv_reconstruction_not_exact_replay
2008-01-01,2016-11-17,2016-11-18,2016-11-28,0.05410817440218285,"NVDA,VALE,NFLX,RIO",4,0.6,0.75,0.4,0.0,0.19436413653465193,fallback_momentum_proxy,causal_ohlcv_reconstruction_not_exact_replay
2008-01-01,2016-11-25,2016-11-28,2016-12-05,-0.006937218835613229,"NVDA,VALE,NFLX,RIO",4,0.6,0.75,0.4,0.0,0.2189416867748464,fallback_momentum_proxy,causal_ohlcv_reconstruction_not_exact_replay
2008-01-01,2016-12-02,2016-12-05,2016-12-12,0.010941044281430274,"VALE,NVDA,NFLX,RIO",4,0.6,0.75,0.4,0.0,0.19785216418187074,fallback_momentum_proxy,causal_ohlcv_reconstruction_not_exact_replay
2008-01-01,2016-12-09,2016-12-12,2016-12-19,0.008741135295421908,"AMD,VALE,NVDA,NFLX",4,0.6,0.75,0.4,0.15,0.19782851093695056,fallback_momentum_proxy,causal_ohlcv_reconstruction_not_exact_replay
2008-01-01,2016-12-16,2016-12-19,2016-12-27,0.045464884278411236,"AMD,NVDA,NFLX,VALE",4,0.6,0.75,0.4,0.0,0.19687986122787787,fallback_momentum_proxy,causal_ohlcv_reconstruction_not_exact_replay
2008-01-01,2016-12-23,2016-12-27,2017-01-04,-0.020398393079657212,"AMD,NVDA,NFLX,VALE",4,0.6,0.75,0.4,0.0,0.2097202409583138,fallback_momentum_proxy,causal_ohlcv_reconstruction_not_exact_replay
2008-01-01,2017-01-03,2017-01-04,2017-01-11,0.022829727208511886,"AMD,NVDA,NFLX,VALE",4,0.6,0.75,0.4,0.0,0.21667669759479588,fallback_momentum_proxy,causal_ohlcv_reconstruction_not_exact_replay
2008-01-01,2017-01-10,2017-01-11,2017-01-19,-0.0021650884768872596,"AMD,NVDA,NFLX,VALE",4,0.6,0.75,0.4,0.0,0.21019744186171951,fallback_momentum_proxy,causal_ohlcv_reconstruction_not_exact_replay
2008-01-01,2017-01-18,2017-01-19,2017-01-26,0.031066448278511894,"VALE,NVDA,AMD,NFLX",4,0.6,0.75,0.4,0.0,0.21230816925842433,fallback_momentum_proxy,causal_ohlcv_reconstruction_not_exact_replay
2008-01-01,2017-01-25,2017-01-26,2017-02-02,0.023054460247444942,"VALE,CSX,NVDA,AMD",4,0.6,0.75,0.4,0.15,0.21554685057114753,fallback_momentum_proxy,causal_ohlcv_reconstruction_not_exact_replay
2008-01-01,2017-02-01,2017-02-02,2017-02-09,0.013254517068206035,"AMD,VALE,NVDA,CSX",4,0.6,0.75,0.4,0.0,0.1813647584050165,fallback_momentum_proxy,causal_ohlcv_reconstruction_not_exact_replay
2008-01-01,2017-02-08,2017-02-09,2017-02-16,-0.0034316593313393883,"AMD,NVDA,VALE,CSX",4,0.6,0.75,0.4,0.0,0.15419039336409668,fallback_momentum_proxy,causal_ohlcv_reconstruction_not_exact_replay
2008-01-01,2017-02-15,2017-02-16,2017-02-24,0.0037447769091151395,"AMD,VALE,NVDA,CSX",4,0.6,0.75,0.4,0.0,0.15109243198696676,fallback_momentum_proxy,causal_ohlcv_reconstruction_not_exact_replay
2008-01-01,2017-02-23,2017-02-24,2017-03-03,-0.017812707447417662,"AMD,CSX,NVDA,VALE",4,0.6,0.75,0.4,0.0,0.1253316408099091,fallback_momentum_proxy,causal_ohlcv_reconstruction_not_exact_replay
2008-01-01,2017-03-02,2017-03-03,2017-03-10,-0.00031616347503279907,"AMD,MELI,NVDA,VALE",4,0.6,0.75,0.4,0.15,0.13350155273289738,fallback_momentum_proxy,causal_ohlcv_reconstruction_not_exact_replay
2008-01-01,2017-03-09,2017-03-10,2017-03-17,-0.00017477482195625213,"MELI,ILMN,AMD,VALE",4,0.6,0.75,0.4,0.15,0.13489229976912598,fallback_momentum_proxy,causal_ohlcv_reconstruction_not_exact_replay
2008-01-01,2017-03-16,2017-03-17,2017-03-24,-0.007170232264538879,"YPF,MELI,AMD,VALE",4,0.6,0.75,0.4,0.15,0.1360373094798432,fallback_momentum_proxy,causal_ohlcv_reconstruction_not_exact_replay
2008-01-01,2017-03-23,2017-03-24,2017-03-31,0.016226933500725505,"YPF,MELI,AMD,VALE",4,0.6,0.75,0.4,0.0,0.11129697564359306,fallback_momentum_proxy,causal_ohlcv_reconstruction_not_exact_replay
2008-01-01,2017-03-30,2017-03-31,2017-04-07,0.009867191141845994,"VRTX,YPF,AMD,MELI",4,0.6,0.75,0.4,0.15,0.10058268577198139,fallback_momentum_proxy,causal_ohlcv_reconstruction_not_exact_replay
2008-01-01,2017-04-06,2017-04-07,2017-04-17,-0.015850055201224195,"VRTX,MU,AMD,MELI",4,0.6,0.75,0.4,0.15,0.09465812775012981,fallback_momentum_proxy,causal_ohlcv_reconstruction_not_exact_replay
2008-01-01,2017-04-13,2017-04-17,2017-04-24,0.008703498803848787,"VRTX,YPF,AMD,MELI",4,0.6,0.75,0.4,0.15,0.10302715830532382,fallback_momentum_proxy,causal_ohlcv_reconstruction_not_exact_replay
2008-01-01,2017-04-21,2017-04-24,2017-05-01,0.01719730890424983,"VRTX,IDXX,AMD,MELI",4,0.6,0.75,0.4,0.15,0.08618186652816809,fallback_momentum_proxy,causal_ohlcv_reconstruction_not_exact_replay
2008-01-01,2017-04-28,2017-05-01,2017-05-08,-0.022798815684682856,"VRTX,IDXX,AMD,MELI",4,0.6,0.75,0.4,0.0,0.08075027044402192,fallback_momentum_proxy,causal_ohlcv_reconstruction_not_exact_replay
2008-01-01,2017-05-05,2017-05-08,2017-05-15,0.01791353007024161,"MELI,LRCX,VRTX,IDXX",4,0.6,0.75,0.4,0.15,0.0904072616344688,fallback_momentum_proxy,causal_ohlcv_reconstruction_not_exact_replay
2008-01-01,2017-05-12,2017-05-15,2017-05-22,-0.006820862252370202,"MELI,LRCX,VRTX,IDXX",4,0.6,0.75,0.4,0.0,0.09762475158138852,fallback_momentum_proxy,causal_ohlcv_reconstruction_not_exact_replay
2008-01-01,2017-05-19,2017-05-22,2017-05-30,0.014671574553563915,"NVDA,MELI,LRCX,VRTX",4,0.6,0.75,0.4,0.15,0.0985080799950298,fallback_momentum_proxy,causal_ohlcv_reconstruction_not_exact_replay
2008-01-01,2017-05-26,2017-05-30,2017-06-06,0.016118761420109373,"NVDA,MELI,LRCX,VRTX",4,0.6,0.75,0.4,0.0,0.0943658321705674,fallback_momentum_proxy,causal_ohlcv_reconstruction_not_exact_replay
2008-01-01,2017-06-05,2017-06-06,2017-06-13,-0.011267198111442006,"NVDA,VRTX,LRCX,MELI",4,0.6,0.75,0.4,0.0,0.09777274929698497,fallback_momentum_proxy,causal_ohlcv_reconstruction_not_exact_replay
2008-01-01,2017-06-12,2017-06-13,2017-06-20,0.004544644384151164,"NVDA,VRTX,LRCX,MELI",4,0.6,0.75,0.4,0.0,0.10221873831635009,fallback_momentum_proxy,causal_ohlcv_reconstruction_not_exact_replay
2008-01-01,2017-06-19,2017-06-20,2017-06-27,-0.02056060485014647,"NVDA,VRTX,LRCX,MELI",4,0.6,0.75,0.4,0.0,0.09977244608081191,fallback_momentum_proxy,causal_ohlcv_reconstruction_not_exact_replay
2008-01-01,2017-06-26,2017-06-27,2017-07-05,-0.011297452515976757,"NVDA,REGN,LRCX,MELI",4,0.6,0.75,0.4,0.15,0.10698337187901397,fallback_momentum_proxy,causal_ohlcv_reconstruction_not_exact_replay
2008-01-01,2017-07-03,2017-07-05,2017-07-12,0.04758242666893983,"NVDA,REGN,MELI",3,0.6,0.75,0.4,0.14999999999999997,0.10767539385834822,fallback_momentum_proxy,causal_ohlcv_reconstruction_not_exact_replay
2008-01-01,2017-07-11,2017-07-12,2017-07-19,0.011617184931924008,"NVDA,CSGP,REGN,MELI",4,0.6,0.75,0.4,0.14999999999999997,0.13891051072136282,fallback_momentum_proxy,causal_ohlcv_reconstruction_not_exact_replay
2008-01-01,2017-07-18,2017-07-19,2017-07-26,0.011756805278742032,"NVDA,NFLX,REGN,MELI",4,0.6,0.75,0.4,0.15,0.1394131511544777,fallback_momentum_proxy,causal_ohlcv_reconstruction_not_exact_replay
2008-01-01,2017-07-25,2017-07-26,2017-08-02,-0.014273934345823174,"NVDA,VRTX,NFLX,MELI",4,0.6,0.75,0.4,0.15,0.137718213803846,fallback_momentum_proxy,causal_ohlcv_reconstruction_not_exact_replay
2008-01-01,2017-08-01,2017-08-02,2017-08-09,-0.02016406521506367,"NVDA,VRTX,NFLX,MELI",4,0.6,0.75,0.4,0.0,0.13135342075297676,fallback_momentum_proxy,causal_ohlcv_reconstruction_not_exact_replay
2008-01-01,2017-08-08,2017-08-09,2017-08-16,-0.010473538912216519,"TTWO,VRTX,NFLX,NVDA",4,0.6,0.75,0.4,0.15,0.13693466694142153,fallback_momentum_proxy,causal_ohlcv_reconstruction_not_exact_replay
2008-01-01,2017-08-15,2017-08-16,2017-08-23,0.005653737365431759,"TTWO,VRTX,NVDA,NFLX",4,0.6,0.75,0.4,0.0,0.13812247390181584,fallback_momentum_proxy,causal_ohlcv_reconstruction_not_exact_replay
2008-01-01,2017-08-22,2017-08-23,2017-08-30,0.01070827179553604,"TTWO,VRTX,NVDA",3,0.6,0.75,0.4,0.14999999999999997,0.13554734827934203,fallback_momentum_proxy,causal_ohlcv_reconstruction_not_exact_replay
2008-01-01,2017-08-29,2017-08-30,2017-09-07,0.01816807950677924,"VALE,TTWO,NVDA,VRTX",4,0.6,0.75,0.4,0.14999999999999997,0.13330279081560484,fallback_momentum_proxy,causal_ohlcv_reconstruction_not_exact_replay
2008-01-01,2017-09-06,2017-09-07,2017-09-14,-0.013902220253113546,"VALE,GILD,NVDA,TTWO",4,0.6,0.75,0.4,0.15,0.13511343257775324,fallback_momentum_proxy,causal_ohlcv_reconstruction_not_exact_replay
2008-01-01,2017-09-13,2017-09-14,2017-09-21,0.008310991138941003,"VALE,TTWO,NVDA,GILD",4,0.6,0.75,0.4,0.0,0.1390104465725942,fallback_momentum_proxy,causal_ohlcv_reconstruction_not_exact_replay
2008-01-01,2017-09-20,2017-09-21,2017-09-28,-0.014756500260024633,"TTWO,PBR,NVDA,VALE",4,0.6,0.75,0.4,0.15,0.1310779516235282,fallback_momentum_proxy,causal_ohlcv_reconstruction_not_exact_replay
2008-01-01,2017-09-27,2017-09-28,2017-10-05,0.0238880906673651,"TTWO,ON,NVDA,PBR",4,0.6,0.75,0.4,0.15,0.1329540293494348,fallback_momentum_proxy,causal_ohlcv_reconstruction_not_exact_replay
2008-01-01,2017-10-04,2017-10-05,2017-10-12,0.011957286229508424,"ON,MU,TTWO,NVDA",4,0.6,0.75,0.4,0.15,0.10403923327931583,fallback_momentum_proxy,causal_ohlcv_reconstruction_not_exact_replay
2008-01-01,2017-10-11,2017-10-12,2017-10-19,0.012990845680391848,"MU,TTWO,NVDA,ON",4,0.6,0.75,0.4,0.0,0.10418638461414012,fallback_momentum_proxy,causal_ohlcv_reconstruction_not_exact_replay
2008-01-01,2017-10-18,2017-10-19,2017-10-26,0.002636680618703862,"MU,ON,TTWO,NVDA",4,0.6,0.75,0.4,0.0,0.10474518128699573,fallback_momentum_proxy,causal_ohlcv_reconstruction_not_exact_replay
2008-01-01,2017-10-25,2017-10-26,2017-11-02,0.03221890967983909,"MU,ON,TTWO,NVDA",4,0.6,0.75,0.4,0.0,0.0989665142515026,fallback_momentum_proxy,causal_ohlcv_reconstruction_not_exact_replay
2008-01-01,2017-11-01,2017-11-02,2017-11-09,0.004240170756493994,"MU,INTC,TTWO,NVDA",4,0.6,0.75,0.4,0.15,0.10106958714306068,fallback_momentum_proxy,causal_ohlcv_reconstruction_not_exact_replay
2008-01-01,2017-11-08,2017-11-09,2017-11-16,0.016602275041173935,"MU,INTC,NVDA,TTWO",4,0.6,0.75,0.4,0.0,0.0938652154883183,fallback_momentum_proxy,causal_ohlcv_reconstruction_not_exact_replay
2008-01-01,2017-11-15,2017-11-16,2017-11-24,0.013477610238138316,"MU,QCOM,TTWO,INTC",4,0.6,0.75,0.4,0.15,0.0949518428412513,fallback_momentum_proxy,causal_ohlcv_reconstruction_not_exact_replay
2008-01-01,2017-11-22,2017-11-24,2017-12-01,-0.03990528551353302,"MU,MRVL,INTC,QCOM",4,0.6,0.75,0.4,0.15,0.09527428996616781,fallback_momentum_proxy,causal_ohlcv_reconstruction_not_exact_replay
2008-01-01,2017-11-30,2017-12-01,2017-12-08,-0.00496170742178681,"QCOM,CPRT,INTC,MRVL",4,0.6,0.75,0.4,0.15,0.134861977141006,fallback_momentum_proxy,causal_ohlcv_reconstruction_not_exact_replay
2008-01-01,2017-12-07,2017-12-08,2017-12-15,2.593784301436206e-05,"CPRT,ROST,INTC,MRVL",4,0.6,0.75,0.4,0.15,0.1305952017807557,fallback_momentum_proxy,causal_ohlcv_reconstruction_not_exact_replay
2008-01-01,2017-12-14,2017-12-15,2017-12-22,0.016171887691779675,"CPRT,ROST,INTC,MRVL",4,0.6,0.75,0.4,0.0,0.13088205900528838,fallback_momentum_proxy,causal_ohlcv_reconstruction_not_exact_replay
2008-01-01,2017-12-21,2017-12-22,2018-01-02,0.005223570327735149,"MELI,ROST,CPRT,INTC",4,0.6,0.75,0.4,0.15,0.12517815762254578,fallback_momentum_proxy,causal_ohlcv_reconstruction_not_exact_replay
2008-01-01,2017-12-29,2018-01-02,2018-01-09,-0.00079253746793808,"MAR,VALE,CPRT,INTC",4,0.6,0.75,0.4,0.3,0.11997319388739376,fallback_momentum_proxy,causal_ohlcv_reconstruction_not_exact_replay
2008-01-01,2018-01-08,2018-01-09,2018-01-17,0.008070396157711445,"VALE,MELI,CPRT,INTC",4,0.6,0.75,0.4,0.15,0.11987010120426499,fallback_momentum_proxy,causal_ohlcv_reconstruction_not_exact_replay
2008-01-01,2018-01-16,2018-01-17,2018-01-24,0.009869149029807532,"VALE,MELI,CPRT,INTC",4,0.6,0.75,0.4,0.0,0.11881451609042049,fallback_momentum_proxy,causal_ohlcv_reconstruction_not_exact_replay
2008-01-01,2018-01-23,2018-01-24,2018-01-31,0.024942119204616704,"MELI,NFLX,CPRT,INTC",4,0.6,0.75,0.4,0.15,0.11921852751488612,fallback_momentum_proxy,causal_ohlcv_reconstruction_not_exact_replay
2008-01-01,2018-01-30,2018-01-31,2018-02-07,-0.0361967031544876,"MELI,NFLX,CPRT,INTC",4,0.6,0.75,0.4,0.0,0.11273012820971914,fallback_momentum_proxy,causal_ohlcv_reconstruction_not_exact_replay
2008-01-01,2018-02-06,2018-02-07,2018-02-14,0.030820489687896767,"NFLX,WBD,CPRT,MELI",4,0.6,0.75,0.4,0.15,0.13879486434357666,fallback_momentum_proxy,causal_ohlcv_reconstruction_not_exact_replay
2008-01-01,2018-02-13,2018-02-14,2018-02-22,0.008520695064380013,"NFLX,MELI,WBD,CPRT",4,0.6,0.75,0.4,0.0,0.14827071085592355,fallback_momentum_proxy,causal_ohlcv_reconstruction_not_exact_replay
2008-01-01,2018-02-21,2018-02-22,2018-03-01,0.013879907558796478,"NFLX,MELI,WBD,CPRT",4,0.6,0.75,0.4,0.0,0.1469644673852826,fallback_momentum_proxy,causal_ohlcv_reconstruction_not_exact_replay
2008-01-01,2018-02-28,2018-03-01,2018-03-08,0.026516372024426832,"NFLX,PBR,WBD,CPRT",4,0.6,0.75,0.4,0.15,0.11679833026474322,fallback_momentum_proxy,causal_ohlcv_reconstruction_not_exact_replay
2008-01-01,2018-03-07,2018-03-08,2018-03-15,-0.0017591004577742317,"NFLX,MELI,WBD,CPRT",4,0.6,0.75,0.4,0.15,0.12044129801552733,fallback_momentum_proxy,causal_ohlcv_reconstruction_not_exact_replay
2008-01-01,2018-03-14,2018-03-15,2018-03-22,-0.019852042731727398,"NFLX,MU,WBD,CPRT",4,0.6,0.75,0.4,0.15,0.12106350335939507,fallback_momentum_proxy,causal_ohlcv_reconstruction_not_exact_replay
2008-01-01,2018-03-21,2018-03-22,2018-03-29,-0.026164551570687977,"NFLX,MU,CPRT",3,0.6,0.75,0.4,0.14999999999999997,0.1322912581137125,fallback_momentum_proxy,causal_ohlcv_reconstruction_not_exact_replay
2008-01-01,2018-03-28,2018-03-29,2018-04-06,-0.025739324568124916,"DXCM,NFLX,CPRT,MU",4,0.6,0.75,0.4,0.14999999999999997,0.14684401471967828,fallback_momentum_proxy,causal_ohlcv_reconstruction_not_exact_replay
2008-01-01,2018-04-05,2018-04-06,2018-04-13,0.030482817410124805,"DXCM,NFLX,CPRT,MU",4,0.6,0.75,0.4,0.0,0.15776127778623755,fallback_momentum_proxy,causal_ohlcv_reconstruction_not_exact_replay
2008-01-01,2018-04-12,2018-04-13,2018-04-20,0.006625638350922058,"NFLX,DXCM,CPRT,MU",4,0.6,0.75,0.4,0.0,0.16805536821577263,fallback_momentum_proxy,causal_ohlcv_reconstruction_not_exact_replay
2008-01-01,2018-04-19,2018-04-20,2018-04-27,-0.012449898978295041,"NFLX,DXCM,CPRT,MU",4,0.6,0.75,0.4,0.0,0.16759984477038456,fallback_momentum_proxy,causal_ohlcv_reconstruction_not_exact_replay
2008-01-01,2018-04-26,2018-04-27,2018-05-04,0.026071229279743122,"BKR,DXCM,CPRT,NFLX",4,0.6,0.75,0.4,0.15,0.16256354880793591,fallback_momentum_proxy,causal_ohlcv_reconstruction_not_exact_replay
2008-01-01,2018-05-03,2018-05-04,2018-05-11,0.014917222473746126,"DXCM,BKR,CPRT,NFLX",4,0.6,0.75,0.4,0.0,0.1501122695386232,fallback_momentum_proxy,causal_ohlcv_reconstruction_not_exact_replay
2008-01-01,2018-05-10,2018-05-11,2018-05-18,-0.0029344343867660936,"DXCM,SMCI,CPRT,NFLX",4,0.6,0.75,0.4,0.15,0.14122508051174187,fallback_momentum_proxy,causal_ohlcv_reconstruction_not_exact_replay
2008-01-01,2018-05-17,2018-05-18,2018-05-25,0.015697423828450553,"DXCM,SMCI,CPRT,NFLX",4,0.6,0.75,0.4,0.0,0.14127790613501043,fallback_momentum_proxy,causal_ohlcv_reconstruction_not_exact_replay
2008-01-01,2018-05-24,2018-05-25,2018-06-04,0.02432143194979679,"DXCM,SMCI,CPRT,NFLX",4,0.6,0.75,0.4,0.0,0.14195899313536275,fallback_momentum_proxy,causal_ohlcv_reconstruction_not_exact_replay
2008-01-01,2018-06-01,2018-06-04,2018-06-11,0.01846146115102712,"DXCM,SMCI,CPRT,NFLX",4,0.6,0.75,0.4,0.0,0.14041677712185988,fallback_momentum_proxy,causal_ohlcv_reconstruction_not_exact_replay
2008-01-01,2018-06-08,2018-06-11,2018-06-18,0.03771382331034786,"AMD,DXCM,CPRT,NFLX",4,0.6,0.75,0.4,0.15,0.14354809665792131,fallback_momentum_proxy,causal_ohlcv_reconstruction_not_exact_replay
2008-01-01,2018-06-15,2018-06-18,2018-06-25,-0.029237160869469536,"AMD,DXCM,CPRT,NFLX",4,0.6,0.75,0.4,0.0,0.1476810574367721,fallback_momentum_proxy,causal_ohlcv_reconstruction_not_exact_replay
2008-01-01,2018-06-22,2018-06-25,2018-07-02,0.006815521080271846,"AMD,NFLX,CPRT,DXCM",4,0.6,0.75,0.4,0.0,0.1509350525606954,fallback_momentum_proxy,causal_ohlcv_reconstruction_not_exact_replay
2008-01-01,2018-06-29,2018-07-02,2018-07-10,0.030622898224955154,"AMD,WBD,CPRT,NFLX",4,0.6,0.75,0.4,0.15,0.13147428653943385,fallback_momentum_proxy,causal_ohlcv_reconstruction_not_exact_replay
2008-01-01,2018-07-09,2018-07-10,2018-07-17,-0.019665430919161685,"AMD,NFLX,CPRT,WBD",4,0.6,0.75,0.4,0.0,0.1315627797339662,fallback_momentum_proxy,causal_ohlcv_reconstruction_not_exact_replay
2008-01-01,2018-07-16,2018-07-17,2018-07-24,-0.004800578627454821,"AMD,BIIB,WBD,CPRT",4,0.6,0.75,0.4,0.15,0.1453925459694449,fallback_momentum_proxy,causal_ohlcv_reconstruction_not_exact_replay
2008-01-01,2018-07-23,2018-07-24,2018-07-31,0.007336600462838449,"AMD,BIIB,CPRT,WBD",4,0.6,0.75,0.4,0.0,0.14119673812915143,fallback_momentum_proxy,causal_ohlcv_reconstruction_not_exact_replay
2008-01-01,2018-07-30,2018-07-31,2018-08-07,0.01593561966854815,"AMD,BIIB,WBD,CPRT",4,0.6,0.75,0.4,0.0,0.13672598530538171,fallback_momentum_proxy,causal_ohlcv_reconstruction_not_exact_replay
2008-01-01,2018-08-06,2018-08-07,2018-08-14,0.012732833563734579,"AMD,DXCM,CPRT,WBD",4,0.6,0.75,0.4,0.15,0.13695538483042252,fallback_momentum_proxy,causal_ohlcv_reconstruction_not_exact_replay
2008-01-01,2018-08-13,2018-08-14,2018-08-21,0.03820191152033527,"AMD,DXCM,WBD,CPRT",4,0.6,0.75,0.4,0.0,0.13490299411073903,fallback_momentum_proxy,causal_ohlcv_reconstruction_not_exact_replay
2008-01-01,2018-08-20,2018-08-21,2018-08-28,0.037768081797427015,"DXCM,AMD,CPRT,WBD",4,0.6,0.75,0.4,0.0,0.14624587274288736,fallback_momentum_proxy,causal_ohlcv_reconstruction_not_exact_replay
2008-01-01,2018-08-27,2018-08-28,2018-09-05,0.018169606895315094,"AMD,DXCM,WBD,CPRT",4,0.6,0.75,0.4,0.0,0.1536098921117344,fallback_momentum_proxy,causal_ohlcv_reconstruction_not_exact_replay
2008-01-01,2018-09-04,2018-09-05,2018-09-12,0.04527288552689653,"AMD,DXCM,CPRT,WBD",4,0.6,0.75,0.4,0.0,0.1535631981061889,fallback_momentum_proxy,causal_ohlcv_reconstruction_not_exact_replay
2008-01-01,2018-09-11,2018-09-12,2018-09-19,-0.029544435317734395,"AMD,DXCM,WBD,CPRT",4,0.6,0.75,0.4,0.0,0.1595359846765719,fallback_momentum_proxy,causal_ohlcv_reconstruction_not_exact_replay
2008-01-01,2018-09-18,2018-09-19,2018-09-26,-0.004389947853502779,"AMD,DXCM,CPRT,WBD",4,0.6,0.75,0.4,0.0,0.15989147754587368,fallback_momentum_proxy,causal_ohlcv_reconstruction_not_exact_replay
2008-01-01,2018-09-25,2018-09-26,2018-10-03,-0.035230953004836495,"AMD,DXCM,WBD",3,0.6,0.75,0.4,0.14999999999999997,0.16336362828571388,fallback_momentum_proxy,causal_ohlcv_reconstruction_not_exact_replay
2008-01-01,2018-10-02,2018-10-03,2018-10-10,-0.016195202121626066,"AMD,PBR,WBD,DXCM",4,0.6,0.75,0.4,0.14999999999999997,0.18291676854554478,fallback_momentum_proxy,causal_ohlcv_reconstruction_not_exact_replay
2008-01-01,2018-10-09,2018-10-10,2018-10-17,0.046464261340048975,"PBR,AMD,WBD,DXCM",4,0.6,0.75,0.4,0.0,0.18085894170833694,fallback_momentum_proxy,causal_ohlcv_reconstruction_not_exact_replay
2008-01-01,2018-10-16,2018-10-17,2018-10-24,-0.05713369422169124,"PBR,AMD,WBD,DXCM",4,0.6,0.75,0.4,0.0,0.1945760257684791,fallback_momentum_proxy,causal_ohlcv_reconstruction_not_exact_replay
2008-01-01,2018-10-23,2018-10-24,2018-10-31,0.003628007577669942,"PBR,DXCM,AMD,WBD",4,0.6,0.75,0.4,0.0,0.2379652600745294,fallback_momentum_proxy,causal_ohlcv_reconstruction_not_exact_replay
2008-01-01,2018-10-30,2018-10-31,2018-11-07,0.03561467411259866,"PBR,SBUX,WBD,DXCM",4,0.6,0.75,0.4,0.15,0.2370017448897813,fallback_momentum_proxy,causal_ohlcv_reconstruction_not_exact_replay
2008-01-01,2018-11-06,2018-11-07,2018-11-14,-0.02560456834696243,"PBR,SBUX,WBD,DXCM",4,0.6,0.75,0.4,0.0,0.24451448152703173,fallback_momentum_proxy,causal_ohlcv_reconstruction_not_exact_replay
2008-01-01,2018-11-13,2018-11-14,2018-11-21,-0.025171071538804796,"SBUX,PBR,WBD,DXCM",4,0.6,0.75,0.4,0.0,0.2421603288728713,fallback_momentum_proxy,causal_ohlcv_reconstruction_not_exact_replay
2008-01-01,2018-11-20,2018-11-21,2018-11-29,0.0007666062118668604,"SBUX,PBR",2,0.6,0.75,0.4,0.3,0.2337325486865146,fallback_momentum_proxy,causal_ohlcv_reconstruction_not_exact_replay
2008-01-01,2018-11-28,2018-11-29,2018-12-07,-0.012513619766355054,"SBUX,CCJ,PBR",3,0.6,0.75,0.4,0.2,0.22921378114784216,fallback_momentum_proxy,causal_ohlcv_reconstruction_not_exact_replay
2008-01-01,2018-12-06,2018-12-07,2018-12-14,-0.004375612998341173,"PBR,SBUX,CCJ",3,0.6,0.75,0.4,0.0,0.20140073423141616,fallback_momentum_proxy,causal_ohlcv_reconstruction_not_exact_replay
2008-01-01,2018-12-13,2018-12-14,2018-12-21,-0.04671245030144523,"CCJ,SBUX,PBR",3,0.6,0.75,0.4,0.0,0.19698418895765743,fallback_momentum_proxy,causal_ohlcv_reconstruction_not_exact_replay
2008-01-01,2018-12-20,2018-12-21,2018-12-31,0.008594611650334243,"AEP,XEL,CCJ,PBR",4,0.6,0.75,0.4,0.3,0.21130655924530997,fallback_momentum_proxy,causal_ohlcv_reconstruction_not_exact_replay
2008-01-01,2018-12-28,2018-12-31,2019-01-08,-0.006294773189085201,"SBUX,AEP,XEL",3,0.6,0.75,0.4,0.3,0.20788860847723753,fallback_momentum_proxy,causal_ohlcv_reconstruction_not_exact_replay
2008-01-01,2019-01-07,2019-01-08,2019-01-15,-0.0096807231989239,"SMCI,NVO,SBUX",3,0.6,0.75,0.4,0.39999999999999997,0.2070743997696798,fallback_momentum_proxy,causal_ohlcv_reconstruction_not_exact_replay
2008-01-01,2019-01-14,2019-01-15,2019-01-23,-0.003475439446420153,"DXCM,MELI,NVO,SBUX",4,0.6,0.75,0.4,0.3,0.1715730215823795,fallback_momentum_proxy,causal_ohlcv_reconstruction_not_exact_replay
2008-01-01,2019-01-22,2019-01-23,2019-01-30,0.004169345350513786,"DXCM,FAST,NVO,SBUX",4,0.6,0.75,0.4,0.15,0.14031019087710356,fallback_momentum_proxy,causal_ohlcv_reconstruction_not_exact_replay
2008-01-01,2019-01-29,2019-01-30,2019-02-06,0.01798762946323936,"NFLX,LRCX,NVO,SBUX",4,0.6,0.75,0.4,0.3,0.14049361085145187,fallback_momentum_proxy,causal_ohlcv_reconstruction_not_exact_replay
2008-01-01,2019-02-05,2019-02-06,2019-02-13,0.007472418502915245,"ON,LRCX,SBUX,NFLX",4,0.6,0.75,0.4,0.15,0.12022409357547278,fallback_momentum_proxy,causal_ohlcv_reconstruction_not_exact_replay
2008-01-01,2019-02-12,2019-02-13,2019-02-21,-0.007495989325498631,"ON,MCHP,LRCX,SBUX",4,0.6,0.75,0.4,0.15,0.1179147052228145,fallback_momentum_proxy,causal_ohlcv_reconstruction_not_exact_replay
2008-01-01,2019-02-20,2019-02-21,2019-02-28,-0.011398113067763664,"SMCI,LRCX,SBUX,ON",4,0.6,0.75,0.4,0.15,0.11033046197822531,fallback_momentum_proxy,causal_ohlcv_reconstruction_not_exact_replay
2008-01-01,2019-02-27,2019-02-28,2019-03-07,-0.0066902313557907385,"SMCI,MELI,LRCX,SBUX",4,0.6,0.75,0.4,0.15,0.11057500129103155,fallback_momentum_proxy,causal_ohlcv_reconstruction_not_exact_replay
2008-01-01,2019-03-06,2019-03-07,2019-03-14,0.03307895375617721,"MELI,CDNS,LRCX,SMCI",4,0.6,0.75,0.4,0.15,0.10953531679357681,fallback_momentum_proxy,causal_ohlcv_reconstruction_not_exact_replay
2008-01-01,2019-03-13,2019-03-14,2019-03-21,0.020110342533311863,"MELI,CDNS,SMCI,LRCX",4,0.6,0.75,0.4,0.0,0.13310241038553117,fallback_momentum_proxy,causal_ohlcv_reconstruction_not_exact_replay
2008-01-01,2019-03-20,2019-03-21,2019-03-28,-0.0076547994415407826,"MELI,CDNS,SMCI,LRCX",4,0.6,0.75,0.4,0.0,0.09688869470603767,fallback_momentum_proxy,causal_ohlcv_reconstruction_not_exact_replay
2008-01-01,2019-03-27,2019-03-28,2019-04-04,0.024069078933808996,"MELI,SMCI,CDNS,LRCX",4,0.6,0.75,0.4,0.0,0.09884418107779042,fallback_momentum_proxy,causal_ohlcv_reconstruction_not_exact_replay
2008-01-01,2019-04-03,2019-04-04,2019-04-11,-0.003978157036825275,"MELI,AMD,SMCI,CDNS",4,0.6,0.75,0.4,0.15,0.10542874932490288,fallback_momentum_proxy,causal_ohlcv_reconstruction_not_exact_replay
2008-01-01,2019-04-10,2019-04-11,2019-04-18,-0.007078908832783287,"MELI,AMD,SMCI,CDNS",4,0.6,0.75,0.4,0.0,0.10255151110393272,fallback_momentum_proxy,causal_ohlcv_reconstruction_not_exact_replay
2008-01-01,2019-04-17,2019-04-18,2019-04-26,0.01659533094064666,"QCOM,MRVL,SMCI,AMD",4,0.6,0.75,0.4,0.3,0.10415950689252679,fallback_momentum_proxy,causal_ohlcv_reconstruction_not_exact_replay
2008-01-01,2019-04-25,2019-04-26,2019-05-03,0.006229636504500962,"QCOM,MRVL,AMD,SMCI",4,0.6,0.75,0.4,0.0,0.10653554326333471,fallback_momentum_proxy,causal_ohlcv_reconstruction_not_exact_replay
2008-01-01,2019-05-02,2019-05-03,2019-05-10,-0.03027999539477556,"QCOM,MRVL,AMD,SMCI",4,0.6,0.75,0.4,0.0,0.10345548478686149,fallback_momentum_proxy,causal_ohlcv_reconstruction_not_exact_replay
2008-01-01,2019-05-09,2019-05-10,2019-05-17,-0.011231507101622512,"QCOM,MELI,AMD,MRVL",4,0.6,0.75,0.4,0.15,0.1250773984313516,fallback_momentum_proxy,causal_ohlcv_reconstruction_not_exact_replay
2008-01-01,2019-05-16,2019-05-17,2019-05-24,-0.03387088813778035,"MELI,QCOM,AMD,MRVL",4,0.6,0.75,0.4,0.0,0.12653567970927482,fallback_momentum_proxy,causal_ohlcv_reconstruction_not_exact_replay
2008-01-01,2019-05-23,2019-05-24,2019-06-03,0.004718566596307322,"MELI,TTWO,AMD,MRVL",4,0.6,0.75,0.4,0.15,0.14349444521941782,fallback_momentum_proxy,causal_ohlcv_reconstruction_not_exact_replay
2008-01-01,2019-05-31,2019-06-03,2019-06-10,0.06565381714657555,"MELI,TTWO,AMD,MRVL",4,0.6,0.75,0.4,0.0,0.14301033231636154,fallback_momentum_proxy,causal_ohlcv_reconstruction_not_exact_replay
2008-01-01,2019-06-07,2019-06-10,2019-06-17,-0.02791632156998773,"AMD,CPRT,TTWO,MRVL",4,0.6,0.75,0.4,0.15,0.18372195264361857,fallback_momentum_proxy,causal_ohlcv_reconstruction_not_exact_replay
2008-01-01,2019-06-14,2019-06-17,2019-06-24,0.010029590685698841,"CPRT,IDXX,AMD,TTWO",4,0.6,0.75,0.4,0.15,0.18985960849106795,fallback_momentum_proxy,causal_ohlcv_reconstruction_not_exact_replay
2008-01-01,2019-06-21,2019-06-24,2019-07-01,0.011298196393312521,"DXCM,YPF,CPRT,TTWO",4,0.6,0.75,0.4,0.3,0.19020072628277826,fallback_momentum_proxy,causal_ohlcv_reconstruction_not_exact_replay
2008-01-01,2019-06-28,2019-07-01,2019-07-09,-0.006037597561860907,"QCOM,DXCM,CPRT,TTWO",4,0.6,0.75,0.4,0.15,0.18514732391123584,fallback_momentum_proxy,causal_ohlcv_reconstruction_not_exact_replay
2008-01-01,2019-07-08,2019-07-09,2019-07-16,0.007857321266064116,"QCOM,DXCM,CPRT,TTWO",4,0.6,0.75,0.4,0.0,0.18538509890265978,fallback_momentum_proxy,causal_ohlcv_reconstruction_not_exact_replay
2008-01-01,2019-07-15,2019-07-16,2019-07-23,0.008023800770771495,"DXCM,IDXX,CPRT,TTWO",4,0.6,0.75,0.4,0.15,0.18535869224963736,fallback_momentum_proxy,causal_ohlcv_reconstruction_not_exact_replay
2008-01-01,2019-07-22,2019-07-23,2019-07-30,0.009807255482928412,"MU,DXCM,CPRT,TTWO",4,0.6,0.75,0.4,0.15,0.1830236068302174,fallback_momentum_proxy,causal_ohlcv_reconstruction_not_exact_replay
2008-01-01,2019-07-29,2019-07-30,2019-08-06,-0.01433263939998391,"MELI,SBUX,CPRT,TTWO",4,0.6,0.75,0.4,0.3,0.18365749962976527,fallback_momentum_proxy,causal_ohlcv_reconstruction_not_exact_replay
2008-01-01,2019-08-05,2019-08-06,2019-08-13,0.017590780753894197,"SBUX,CSGP,CPRT,TTWO",4,0.6,0.75,0.4,0.15,0.1745351902960109,fallback_momentum_proxy,causal_ohlcv_reconstruction_not_exact_replay
2008-01-01,2019-08-12,2019-08-13,2019-08-20,0.002946658126326735,"AMGN,KLAC,CPRT,SBUX",4,0.6,0.75,0.4,0.3,0.17451997747097983,fallback_momentum_proxy,causal_ohlcv_reconstruction_not_exact_replay
2008-01-01,2019-08-19,2019-08-20,2019-08-27,0.006606326108225369,"DXCM,KLAC,CPRT,SBUX",4,0.6,0.75,0.4,0.15,0.15371867869420786,fallback_momentum_proxy,causal_ohlcv_reconstruction_not_exact_replay
2008-01-01,2019-08-26,2019-08-27,2019-09-04,0.0054618031287728235,"DXCM,KLAC,SBUX",3,0.6,0.75,0.4,0.14999999999999997,0.15361827189302033,fallback_momentum_proxy,causal_ohlcv_reconstruction_not_exact_replay
2008-01-01,2019-09-03,2019-09-04,2019-09-11,-0.037710555429669765,"DXCM,KLAC,SBUX",3,0.6,0.75,0.4,0.0,0.08786282833289967,fallback_momentum_proxy,causal_ohlcv_reconstruction_not_exact_replay
2008-01-01,2019-09-10,2019-09-11,2019-09-18,0.0096872483496915,"MU,KLAC,SBUX",3,0.6,0.75,0.4,0.19999999999999998,0.10340311462466936,fallback_momentum_proxy,causal_ohlcv_reconstruction_not_exact_replay
2008-01-01,2019-09-17,2019-09-18,2019-09-25,-0.002038651104802635,"MU,KLAC,SBUX",3,0.6,0.75,0.4,0.0,0.10328716341379865,fallback_momentum_proxy,causal_ohlcv_reconstruction_not_exact_replay
2008-01-01,2019-09-24,2019-09-25,2019-10-02,-0.04562913994283225,"KLAC,LRCX,SBUX,MU",4,0.6,0.75,0.4,0.14999999999999997,0.101356096241657,fallback_momentum_proxy,causal_ohlcv_reconstruction_not_exact_replay
2008-01-01,2019-10-01,2019-10-02,2019-10-09,0.011922357347888334,"KLAC,LRCX,MU",3,0.6,0.75,0.4,0.14999999999999997,0.13709827400792252,fallback_momentum_proxy,causal_ohlcv_reconstruction_not_exact_replay
2008-01-01,2019-10-08,2019-10-09,2019-10-16,0.010098873173892553,"KLAC,TSM,LRCX",3,0.6,0.75,0.4,0.19999999999999998,0.13867784930456817,fallback_momentum_proxy,causal_ohlcv_reconstruction_not_exact_replay
2008-01-01,2019-10-15,2019-10-16,2019-10-23,0.00012607844663991001,"KLAC,ASML,LRCX,TSM",4,0.6,0.75,0.4,0.14999999999999997,0.13940735223230075,fallback_momentum_proxy,causal_ohlcv_reconstruction_not_exact_replay
2008-01-01,2019-10-22,2019-10-23,2019-10-30,0.016581699146886415,"BIIB,FAST,ASML,TSM",4,0.6,0.75,0.4,0.3,0.13713103829524653,fallback_momentum_proxy,causal_ohlcv_reconstruction_not_exact_replay
2008-01-01,2019-10-29,2019-10-30,2019-11-06,0.0008478840818921148,"LRCX,BIIB,ASML,TSM",4,0.6,0.75,0.4,0.15,0.1398162767015991,fallback_momentum_proxy,causal_ohlcv_reconstruction_not_exact_replay
2008-01-01,2019-11-05,2019-11-06,2019-11-13,-0.004013033869804206,"LRCX,NVDA,ASML,BIIB",4,0.6,0.75,0.4,0.15,0.13437600697050553,fallback_momentum_proxy,causal_ohlcv_reconstruction_not_exact_replay
2008-01-01,2019-11-12,2019-11-13,2019-11-20,0.015828508827196483,"DXCM,BIIB,LRCX,ASML",4,0.6,0.75,0.4,0.15,0.1340355378852761,fallback_momentum_proxy,causal_ohlcv_reconstruction_not_exact_replay
2008-01-01,2019-11-19,2019-11-20,2019-11-27,-0.0018342611293164447,"AMD,DXCM,LRCX,ASML",4,0.6,0.75,0.4,0.15,0.1379067031422999,fallback_momentum_proxy,causal_ohlcv_reconstruction_not_exact_replay
2008-01-01,2019-11-26,2019-11-27,2019-12-05,-0.00033612086845599665,"DXCM,BIIB,AMD,ASML",4,0.6,0.75,0.4,0.15,0.13705870129636571,fallback_momentum_proxy,causal_ohlcv_reconstruction_not_exact_replay
2008-01-01,2019-12-04,2019-12-05,2019-12-12,0.0004877126102726852,"DXCM,VRTX,AMD,ASML",4,0.6,0.75,0.4,0.15,0.11324392131582574,fallback_momentum_proxy,causal_ohlcv_reconstruction_not_exact_replay
2008-01-01,2019-12-11,2019-12-12,2019-12-19,0.014035309477605928,"DXCM,REGN,AMD,ASML",4,0.6,0.75,0.4,0.15,0.1116364296225423,fallback_momentum_proxy,causal_ohlcv_reconstruction_not_exact_replay
2008-01-01,2019-12-18,2019-12-19,2019-12-27,0.015769655980978525,"AMD,DXCM,REGN,ASML",4,0.6,0.75,0.4,0.0,0.11480984321758186,fallback_momentum_proxy,causal_ohlcv_reconstruction_not_exact_replay
2008-01-01,2019-12-26,2019-12-27,2020-01-06,0.0033334550264383644,"AMD,YPF,REGN,DXCM",4,0.6,0.75,0.4,0.15,0.0554274224730755,fallback_momentum_proxy,causal_ohlcv_reconstruction_not_exact_replay
2008-01-01,2020-01-03,2020-01-06,2020-01-13,0.005209056847121112,"AMD,ON,REGN,YPF",4,0.6,0.75,0.4,0.15,0.054506859607920746,fallback_momentum_proxy,causal_ohlcv_reconstruction_not_exact_replay
2008-01-01,2020-01-10,2020-01-13,2020-01-21,-0.004771760343135284,"AMD,DXCM,REGN,ON",4,0.6,0.75,0.4,0.15,0.05374455648496778,fallback_momentum_proxy,causal_ohlcv_reconstruction_not_exact_replay
2008-01-01,2020-01-17,2020-01-21,2020-01-28,-0.006319311587561216,"AMD,SMCI,REGN,DXCM",4,0.6,0.75,0.4,0.15,0.05667455621041383,fallback_momentum_proxy,causal_ohlcv_reconstruction_not_exact_replay
2008-01-01,2020-01-27,2020-01-28,2020-02-04,0.009665978726136552,"DXCM,AMD,REGN,SMCI",4,0.6,0.75,0.4,0.0,0.05491268907707782,fallback_momentum_proxy,causal_ohlcv_reconstruction_not_exact_replay
2008-01-01,2020-02-03,2020-02-04,2020-02-11,0.01955045939846083,"DXCM,SMCI,AMD",3,0.6,0.75,0.4,0.14999999999999997,0.05608528512955449,fallback_momentum_proxy,causal_ohlcv_reconstruction_not_exact_replay
2008-01-01,2020-02-10,2020-02-11,2020-02-19,0.04439535931403677,"AMD,SMCI,DXCM",3,0.6,0.75,0.4,0.0,0.06108003249754294,fallback_momentum_proxy,causal_ohlcv_reconstruction_not_exact_replay
2008-01-01,2020-02-18,2020-02-19,2020-02-26,-0.06399634948497392,"NVDA,DXCM,AMD,SMCI",4,0.6,0.75,0.4,0.14999999999999997,0.09712979212624256,fallback_momentum_proxy,causal_ohlcv_reconstruction_not_exact_replay
2008-01-01,2020-02-25,2020-02-26,2020-03-04,0.02501379189204763,"REGN,DXCM,NVDA,SMCI",4,0.6,0.75,0.4,0.15,0.17385185011366852,fallback_momentum_proxy,causal_ohlcv_reconstruction_not_exact_replay
2008-01-01,2020-03-03,2020-03-04,2020-03-11,-0.059089178322437465,"REGN,NVDA,DXCM,SMCI",4,0.6,0.75,0.4,0.0,0.1789564384193223,fallback_momentum_proxy,causal_ohlcv_reconstruction_not_exact_replay
2008-01-01,2020-03-10,2020-03-11,2020-03-18,-0.10752995372162968,"REGN,DXCM,NVDA,SMCI",4,0.6,0.75,0.4,0.0,0.22035516641670103,fallback_momentum_proxy,causal_ohlcv_reconstruction_not_exact_replay
2008-01-01,2020-03-17,2020-03-18,2020-03-25,-0.07102396370388031,"REGN,GILD",2,0.6,0.7225095261417325,0.4,0.44999999999999996,0.304494255148192,fallback_momentum_proxy,causal_ohlcv_reconstruction_not_exact_replay
2008-01-01,2020-03-24,2020-03-25,2020-04-01,0.058951212909887626,"REGN,GILD",2,0.6,0.6843893009047552,0.4,0.0,0.32145447000583205,fallback_momentum_proxy,causal_ohlcv_reconstruction_not_exact_replay
2008-01-01,2020-03-31,2020-04-01,2020-04-08,0.015666495147101143,"REGN,DXCM,GILD",3,0.6,0.6210520444895236,0.4,0.2,0.35423762300119305,fallback_momentum_proxy,causal_ohlcv_reconstruction_not_exact_replay
2008-01-01,2020-04-07,2020-04-08,2020-04-16,0.022362244408092577,"REGN,GILD",2,0.6,0.6160670402511487,0.4,0.2,0.3571039929523154,fallback_momentum_proxy,causal_ohlcv_reconstruction_not_exact_replay
2008-01-01,2020-04-15,2020-04-16,2020-04-23,0.013003751958728854,"DXCM,NFLX,REGN,GILD",4,0.6,0.6053943448391422,0.4,0.3,0.36339949633730995,fallback_momentum_proxy,causal_ohlcv_reconstruction_not_exact_replay
2008-01-01,2020-04-22,2020-04-23,2020-04-30,0.005202859671723464,"REGN,DXCM,NFLX,GILD",4,0.6,0.6008775738128197,0.4,0.0,0.366131154810801,fallback_momentum_proxy,causal_ohlcv_reconstruction_not_exact_replay
2008-01-01,2020-04-29,2020-04-30,2020-05-07,0.03518095759285706,"DXCM,REGN,NFLX,GILD",4,0.6,0.6022147130702703,0.4,0.0,0.36531820831539363,fallback_momentum_proxy,causal_ohlcv_reconstruction_not_exact_replay
2008-01-01,2020-05-06,2020-05-07,2020-05-14,0.003548461638542429,"DXCM,REGN,GILD,NFLX",4,0.5918410536246642,0.5918410536246642,0.4081589463753358,0.004079473187667881,0.3717214252925421,fallback_momentum_proxy,causal_ohlcv_reconstruction_not_exact_replay
2008-01-01,2020-05-13,2020-05-14,2020-05-21,-0.013144819768313458,"DXCM,REGN,GILD,NFLX",4,0.6,0.6181309173350795,0.4,0.004079473187667881,0.3559116585665643,fallback_momentum_proxy,causal_ohlcv_reconstruction_not_exact_replay
2008-01-01,2020-05-20,2020-05-21,2020-05-29,0.021590416401840593,"DXCM,MELI,REGN,GILD",4,0.6,0.6537452728788258,0.4,0.15,0.3365225098014251,fallback_momentum_proxy,causal_ohlcv_reconstruction_not_exact_replay
2008-01-01,2020-05-28,2020-05-29,2020-06-05,-0.010355542763402463,"MELI,ILMN,REGN,DXCM",4,0.6,0.6562804652217517,0.4,0.15,0.3352225331370542,fallback_momentum_proxy,causal_ohlcv_reconstruction_not_exact_replay
2008-01-01,2020-06-04,2020-06-05,2020-06-12,-0.01201251567986658,"MRVL,CDNS,DXCM,REGN",4,0.6,0.6974437548836045,0.4,0.3,0.31543762268932424,fallback_momentum_proxy,causal_ohlcv_reconstruction_not_exact_replay
2008-01-01,2020-06-11,2020-06-12,2020-06-19,0.00892794843957817,"MRVL,YPF,CDNS,DXCM",4,0.6,0.75,0.4,0.15,0.22035874430817345,fallback_momentum_proxy,causal_ohlcv_reconstruction_not_exact_replay
2008-01-01,2020-06-18,2020-06-19,2020-06-26,-0.01641529346457027,"MELI,SMCI,CDNS,MRVL",4,0.6,0.75,0.4,0.3,0.1440605816295843,fallback_momentum_proxy,causal_ohlcv_reconstruction_not_exact_replay
2008-01-01,2020-06-25,2020-06-26,2020-07-06,0.014912564606510813,"MELI,ON,SMCI,CDNS",4,0.6,0.75,0.4,0.15,0.11365108936489214,fallback_momentum_proxy,causal_ohlcv_reconstruction_not_exact_replay
2008-01-01,2020-07-02,2020-07-06,2020-07-13,-0.014025413570047178,"MELI,DXCM,SMCI,CDNS",4,0.6,0.75,0.4,0.15,0.11338656512633292,fallback_momentum_proxy,causal_ohlcv_reconstruction_not_exact_replay
2008-01-01,2020-07-10,2020-07-13,2020-07-20,0.02841371585807071,"MELI,YPF,SMCI,CDNS",4,0.6,0.75,0.4,0.15,0.11391680680830238,fallback_momentum_proxy,causal_ohlcv_reconstruction_not_exact_replay
2008-01-01,2020-07-17,2020-07-20,2020-07-27,0.013337203723576652,"YPF,MELI,SMCI,CDNS",4,0.6,0.75,0.4,0.0,0.12349793999785853,fallback_momentum_proxy,causal_ohlcv_reconstruction_not_exact_replay
2008-01-01,2020-07-24,2020-07-27,2020-08-03,0.03378264869998175,"YPF,MELI,SMCI,CDNS",4,0.6,0.75,0.4,0.0,0.12480749504672356,fallback_momentum_proxy,causal_ohlcv_reconstruction_not_exact_replay
2008-01-01,2020-07-31,2020-08-03,2020-08-10,-0.00727508938464102,"AMD,YPF,SMCI,CDNS",4,0.6,0.75,0.4,0.15,0.12336483114573304,fallback_momentum_proxy,causal_ohlcv_reconstruction_not_exact_replay
2008-01-01,2020-08-07,2020-08-10,2020-08-17,-0.04049610634300238,"AMD,TSM,SMCI,YPF",4,0.6,0.75,0.4,0.15,0.1257343362869703,fallback_momentum_proxy,causal_ohlcv_reconstruction_not_exact_replay
2008-01-01,2020-08-14,2020-08-17,2020-08-24,-0.0030863633978952753,"AMD,TSM,YPF",3,0.6,0.75,0.4,0.14999999999999997,0.15112769749154215,fallback_momentum_proxy,causal_ohlcv_reconstruction_not_exact_replay
2008-01-01,2020-08-21,2020-08-24,2020-08-31,0.024577127221532043,"AAPL,AMD,TSM",3,0.6,0.75,0.4,0.19999999999999998,0.14492857465091855,fallback_momentum_proxy,causal_ohlcv_reconstruction_not_exact_replay
2008-01-01,2020-08-28,2020-08-31,2020-09-08,-0.05672234737447563,"AMD,AAPL,TSM",3,0.6,0.75,0.4,0.0,0.15107849475952273,fallback_momentum_proxy,causal_ohlcv_reconstruction_not_exact_replay
2008-01-01,2020-09-04,2020-09-08,2020-09-15,0.03419541277152925,"AMD,NVDA,AAPL,TSM",4,0.6,0.75,0.4,0.14999999999999997,0.19081175455112095,fallback_momentum_proxy,causal_ohlcv_reconstruction_not_exact_replay
2008-01-01,2020-09-14,2020-09-15,2020-09-22,-0.019915392442473055,"NVDA,TSM,AAPL,AMD",4,0.6,0.75,0.4,0.0,0.20287188773817555,fallback_momentum_proxy,causal_ohlcv_reconstruction_not_exact_replay
2008-01-01,2020-09-21,2020-09-22,2020-09-29,0.01795091322164859,"AMD,TSM,AAPL,NVDA",4,0.6,0.75,0.4,0.0,0.20428391264243997,fallback_momentum_proxy,causal_ohlcv_reconstruction_not_exact_replay
2008-01-01,2020-09-28,2020-09-29,2020-10-06,0.01440395772940265,"AMD,TSM,AAPL,NVDA",4,0.6,0.75,0.4,0.0,0.20529095840555361,fallback_momentum_proxy,causal_ohlcv_reconstruction_not_exact_replay
2008-01-01,2020-10-05,2020-10-06,2020-10-13,0.029299717026646323,"AMD,TSM,AAPL,NVDA",4,0.6,0.75,0.4,0.0,0.20415364324825785,fallback_momentum_proxy,causal_ohlcv_reconstruction_not_exact_replay
2008-01-01,2020-10-12,2020-10-13,2020-10-20,-0.010598644251610978,"AMD,MSTR,AAPL,TSM",4,0.6,0.75,0.4,0.15,0.20463368799448425,fallback_momentum_proxy,causal_ohlcv_reconstruction_not_exact_replay
2008-01-01,2020-10-19,2020-10-20,2020-10-27,-0.014642178457995847,"QCOM,MELI,AAPL,AMD",4,0.6,0.75,0.4,0.3,0.20512528202853172,fallback_momentum_proxy,causal_ohlcv_reconstruction_not_exact_replay
2008-01-01,2020-10-26,2020-10-27,2020-11-03,-0.017413454308951058,"MSTR,ON,AAPL,MELI",4,0.6,0.75,0.4,0.3,0.19436244970071165,fallback_momentum_proxy,causal_ohlcv_reconstruction_not_exact_replay
2008-01-01,2020-11-02,2020-11-03,2020-11-10,0.027764629265984754,"MSTR,ADP,MELI,ON",4,0.6,0.75,0.4,0.15,0.1964375545390372,fallback_momentum_proxy,causal_ohlcv_reconstruction_not_exact_replay
2008-01-01,2020-11-09,2020-11-10,2020-11-17,0.03838474056886856,"MAR,QCOM,ON,MSTR",4,0.6,0.75,0.4,0.3,0.18770138260291788,fallback_momentum_proxy,causal_ohlcv_reconstruction_not_exact_replay
2008-01-01,2020-11-16,2020-11-17,2020-11-24,0.04519175003256351,"MSTR,MU,MAR,ON",4,0.6,0.75,0.4,0.15,0.20045201554166736,fallback_momentum_proxy,causal_ohlcv_reconstruction_not_exact_replay
2008-01-01,2020-11-23,2020-11-24,2020-12-02,0.03990949208130427,"MSTR,BKR,MAR,ON",4,0.6,0.75,0.4,0.15,0.21273987331970134,fallback_momentum_proxy,causal_ohlcv_reconstruction_not_exact_replay
2008-01-01,2020-12-01,2020-12-02,2020-12-09,0.0019425213449522933,"MSTR,VALE,MAR,ON",4,0.6,0.75,0.4,0.15,0.16944518984490206,fallback_momentum_proxy,causal_ohlcv_reconstruction_not_exact_replay
2008-01-01,2020-12-08,2020-12-09,2020-12-16,0.008725549556417578,"MSTR,LRCX,ON,MAR",4,0.6,0.75,0.4,0.15,0.16608346206232724,fallback_momentum_proxy,causal_ohlcv_reconstruction_not_exact_replay
2008-01-01,2020-12-15,2020-12-16,2020-12-23,0.010279554727326237,"MSTR,MELI,LRCX,MAR",4,0.6,0.75,0.4,0.15,0.15082713734812836,fallback_momentum_proxy,causal_ohlcv_reconstruction_not_exact_replay
2008-01-01,2020-12-22,2020-12-23,2020-12-31,0.026452386086533657,"MSTR,VALE,LRCX,MAR",4,0.6,0.75,0.4,0.15,0.15096850481427218,fallback_momentum_proxy,causal_ohlcv_reconstruction_not_exact_replay
2008-01-01,2020-12-30,2020-12-31,2021-01-08,0.07368419468902478,"MSTR,BKR,LRCX,MAR",4,0.6,0.75,0.4,0.15,0.15285494333203817,fallback_momentum_proxy,causal_ohlcv_reconstruction_not_exact_replay
2008-01-01,2021-01-07,2021-01-08,2021-01-15,0.013334662698431653,"MSTR,VALE,LRCX,MAR",4,0.6,0.75,0.4,0.15,0.19110384373586387,fallback_momentum_proxy,causal_ohlcv_reconstruction_not_exact_replay
2008-01-01,2021-01-14,2021-01-15,2021-01-25,0.004463276521589336,"MSTR,WBD,LRCX,MAR",4,0.6,0.75,0.4,0.15,0.18063090096572074,fallback_momentum_proxy,causal_ohlcv_reconstruction_not_exact_replay
2008-01-01,2021-01-22,2021-01-25,2021-02-01,0.0087107535940818,"MSTR,WBD,MAR,LRCX",4,0.6,0.75,0.4,0.0,0.1677901501287519,fallback_momentum_proxy,causal_ohlcv_reconstruction_not_exact_replay
2008-01-01,2021-01-29,2021-02-01,2021-02-08,0.12391789018197791,"MSTR,WBD,MAR,LRCX",4,0.6,0.75,0.4,0.0,0.14756818805899952,fallback_momentum_proxy,causal_ohlcv_reconstruction_not_exact_replay
2008-01-01,2021-02-05,2021-02-08,2021-02-16,0.019963713349772087,"MSTR,WBD,MAR,LRCX",4,0.6,0.75,0.4,0.0,0.24674988420886573,fallback_momentum_proxy,causal_ohlcv_reconstruction_not_exact_replay
2008-01-01,2021-02-12,2021-02-16,2021-02-23,-0.009047304974380582,"MSTR,WBD,MAR,LRCX",4,0.6,0.75,0.4,0.0,0.2477103175869253,fallback_momentum_proxy,causal_ohlcv_reconstruction_not_exact_replay
2008-01-01,2021-02-22,2021-02-23,2021-03-02,0.03249996184787038,"MSTR,WBD,MAR,LRCX",4,0.6,0.75,0.4,0.0,0.2579811727024047,fallback_momentum_proxy,causal_ohlcv_reconstruction_not_exact_replay
2008-01-01,2021-03-01,2021-03-02,2021-03-09,-0.006742069583529091,"MSTR,WBD,MAR,LRCX",4,0.6,0.75,0.4,0.0,0.2567770804615712,fallback_momentum_proxy,causal_ohlcv_reconstruction_not_exact_replay
2008-01-01,2021-03-08,2021-03-09,2021-03-16,0.047885691721838694,"WBD,MSTR,MAR",3,0.6,0.75,0.4,0.14999999999999997,0.26088913994553214,fallback_momentum_proxy,causal_ohlcv_reconstruction_not_exact_replay
2008-01-01,2021-03-15,2021-03-16,2021-03-23,-0.03479684470611761,"WBD,MSTR,MAR",3,0.6,0.75,0.4,0.0,0.26163850384920956,fallback_momentum_proxy,causal_ohlcv_reconstruction_not_exact_replay
2008-01-01,2021-03-22,2021-03-23,2021-03-30,-0.07749615629302735,"WBD,MSTR,MAR",3,0.6,0.75,0.4,0.0,0.28940388122122174,fallback_momentum_proxy,causal_ohlcv_reconstruction_not_exact_replay
2008-01-01,2021-03-29,2021-03-30,2021-04-07,0.01557317767690031,"MSTR,AMAT,WBD,MAR",4,0.6,0.6212812598996992,0.4,0.14999999999999997,0.35410693062835535,fallback_momentum_proxy,causal_ohlcv_reconstruction_not_exact_replay
2008-01-01,2021-04-06,2021-04-07,2021-04-14,-0.008760984951202467,"AMAT,LRCX,WBD,MSTR",4,0.6,0.6635126219808767,0.4,0.15,0.33156867361950604,fallback_momentum_proxy,causal_ohlcv_reconstruction_not_exact_replay
2008-01-01,2021-04-13,2021-04-14,2021-04-21,-0.02151157233284295,"MSTR,AMAT,LRCX",3,0.6,0.6587593438697983,0.4,0.14999999999999997,0.3339611074169178,fallback_momentum_proxy,causal_ohlcv_reconstruction_not_exact_replay
2008-01-01,2021-04-20,2021-04-21,2021-04-28,0.010940385111406856,"GOOG,GOOGL,AMAT,LRCX",4,0.6,0.6476624399853419,0.4,0.3,0.33968312259234784,fallback_momentum_proxy,causal_ohlcv_reconstruction_not_exact_replay
2008-01-01,2021-04-27,2021-04-28,2021-05-05,-0.015435089185043549,"AMAT,VALE,GOOG,LRCX",4,0.6,0.6475422782299103,0.4,0.15,0.33974615619134735,fallback_momentum_proxy,causal_ohlcv_reconstruction_not_exact_replay
2008-01-01,2021-05-04,2021-05-05,2021-05-12,-0.03269922462274278,"ODFL,CCJ,AMAT,LRCX",4,0.6,0.75,0.4,0.3,0.22849134973918547,fallback_momentum_proxy,causal_ohlcv_reconstruction_not_exact_replay
2008-01-01,2021-05-11,2021-05-12,2021-05-19,0.014011879087558594,"VALE,CCJ,AMAT,ODFL",4,0.6,0.75,0.4,0.15,0.22875374638451323,fallback_momentum_proxy,causal_ohlcv_reconstruction_not_exact_replay
2008-01-01,2021-05-18,2021-05-19,2021-05-26,0.013875194302306248,"VALE,CCJ,AMAT,ODFL",4,0.6,0.75,0.4,0.0,0.23300407304989057,fallback_momentum_proxy,causal_ohlcv_reconstruction_not_exact_replay
2008-01-01,2021-05-25,2021-05-26,2021-06-03,0.03765025507600627,"PBR,CCJ,AMAT,ODFL",4,0.6,0.75,0.4,0.15,0.22224623045656136,fallback_momentum_proxy,causal_ohlcv_reconstruction_not_exact_replay
2008-01-01,2021-06-02,2021-06-03,2021-06-10,0.0011494337249536198,"PBR,NVDA,AMAT,ODFL",4,0.6,0.75,0.4,0.15,0.24016297760894711,fallback_momentum_proxy,causal_ohlcv_reconstruction_not_exact_replay
2008-01-01,2021-06-09,2021-06-10,2021-06-17,-0.01397735815465792,"BIIB,PBR,AMAT,ODFL",4,0.6,0.75,0.4,0.15,0.2127093025733233,fallback_momentum_proxy,causal_ohlcv_reconstruction_not_exact_replay
2008-01-01,2021-06-16,2021-06-17,2021-06-24,-0.0008004271117576392,"BIIB,PBR,AMAT,ODFL",4,0.6,0.75,0.4,0.0,0.205315502079967,fallback_momentum_proxy,causal_ohlcv_reconstruction_not_exact_replay
2008-01-01,2021-06-23,2021-06-24,2021-07-01,0.006471086191011754,"PBR,NVDA,AMAT,ODFL",4,0.6,0.75,0.4,0.15,0.1351147750893927,fallback_momentum_proxy,causal_ohlcv_reconstruction_not_exact_replay
2008-01-01,2021-06-30,2021-07-01,2021-07-09,-0.014467259767917212,"NVDA,PBR,AMAT,ODFL",4,0.6,0.75,0.4,0.0,0.13174486515876704,fallback_momentum_proxy,causal_ohlcv_reconstruction_not_exact_replay
2008-01-01,2021-07-08,2021-07-09,2021-07-16,-0.020684485971292386,"IDXX,NVDA,ODFL,PBR",4,0.6,0.75,0.4,0.15,0.13372312230451214,fallback_momentum_proxy,causal_ohlcv_reconstruction_not_exact_replay
2008-01-01,2021-07-15,2021-07-16,2021-07-23,0.01962562186587741,"IDXX,NVDA,ODFL,PBR",4,0.6,0.75,0.4,0.0,0.13318870179707848,fallback_momentum_proxy,causal_ohlcv_reconstruction_not_exact_replay
2008-01-01,2021-07-22,2021-07-23,2021-07-30,0.005882597063217265,"INTU,MRVL,NVDA,PBR",4,0.6,0.75,0.4,0.3,0.1376589088523263,fallback_momentum_proxy,causal_ohlcv_reconstruction_not_exact_replay
2008-01-01,2021-07-29,2021-07-30,2021-08-06,0.009441134274599073,"IDXX,MRVL,NVDA,INTU",4,0.6,0.75,0.4,0.15,0.13410719809416788,fallback_momentum_proxy,causal_ohlcv_reconstruction_not_exact_replay
2008-01-01,2021-08-05,2021-08-06,2021-08-13,-0.008408512195607636,"AMD,DXCM,MRVL,NVDA",4,0.6,0.75,0.4,0.3,0.1122865377592939,fallback_momentum_proxy,causal_ohlcv_reconstruction_not_exact_replay
2008-01-01,2021-08-12,2021-08-13,2021-08-20,-0.007037713231920446,"MSTR,AMD,NVDA,MRVL",4,0.6,0.75,0.4,0.15,0.11324483367375315,fallback_momentum_proxy,causal_ohlcv_reconstruction_not_exact_replay
2008-01-01,2021-08-19,2021-08-20,2021-08-27,0.02132779200184958,"MSTR,DXCM,NVDA,AMD",4,0.6,0.75,0.4,0.15,0.11219135353856638,fallback_momentum_proxy,causal_ohlcv_reconstruction_not_exact_replay
2008-01-01,2021-08-26,2021-08-27,2021-09-03,0.006735649180276925,"DXCM,MSTR,NVDA,AMD",4,0.6,0.75,0.4,0.0,0.09216358642378854,fallback_momentum_proxy,causal_ohlcv_reconstruction_not_exact_replay
2008-01-01,2021-09-02,2021-09-03,2021-09-13,-0.02097389894461635,"MELI,SNPS,NVDA,AMD",4,0.6,0.75,0.4,0.3,0.09316488030336098,fallback_momentum_proxy,causal_ohlcv_reconstruction_not_exact_replay
2008-01-01,2021-09-10,2021-09-13,2021-09-20,-0.02381376284390086,"CCJ,DXCM,SNPS,AMD",4,0.6,0.75,0.4,0.3,0.09870380318733818,fallback_momentum_proxy,causal_ohlcv_reconstruction_not_exact_replay
2008-01-01,2021-09-17,2021-09-20,2021-09-27,0.009236937989222399,"ON,CCJ,SNPS,AMD",4,0.6,0.75,0.4,0.15,0.10935181958121935,fallback_momentum_proxy,causal_ohlcv_reconstruction_not_exact_replay
2008-01-01,2021-09-24,2021-09-27,2021-10-04,-0.04250348364492994,"DXCM,ON,SNPS,AMD",4,0.6,0.75,0.4,0.15,0.11043126619636764,fallback_momentum_proxy,causal_ohlcv_reconstruction_not_exact_replay
2008-01-01,2021-10-01,2021-10-04,2021-10-11,-0.001119244341927778,"CCJ,ON,SNPS,AMD",4,0.6,0.75,0.4,0.15,0.13551438576912744,fallback_momentum_proxy,causal_ohlcv_reconstruction_not_exact_replay
2008-01-01,2021-10-08,2021-10-11,2021-10-18,0.05757246759365346,"MSTR,SHEL,AMD,CCJ",4,0.6,0.75,0.4,0.3,0.1307685808269395,fallback_momentum_proxy,causal_ohlcv_reconstruction_not_exact_replay
2008-01-01,2021-10-15,2021-10-18,2021-10-25,0.010523437076721143,"CCJ,MSTR,AMD,SHEL",4,0.6,0.75,0.4,0.0,0.1736111334614476,fallback_momentum_proxy,causal_ohlcv_reconstruction_not_exact_replay
2008-01-01,2021-10-22,2021-10-25,2021-11-01,-0.004046528265334455,"CCJ,NFLX,AMD,MSTR",4,0.6,0.75,0.4,0.15,0.17447558247798306,fallback_momentum_proxy,causal_ohlcv_reconstruction_not_exact_replay
2008-01-01,2021-10-29,2021-11-01,2021-11-08,0.06616103128065973,"CCJ,NFLX,AMD,MSTR",4,0.6,0.75,0.4,0.0,0.1736885303010618,fallback_momentum_proxy,causal_ohlcv_reconstruction_not_exact_replay
2008-01-01,2021-11-05,2021-11-08,2021-11-15,-0.006166287189302048,"NVDA,CCJ,AMD,NFLX",4,0.6,0.75,0.4,0.15,0.21669461503375387,fallback_momentum_proxy,causal_ohlcv_reconstruction_not_exact_replay
2008-01-01,2021-11-12,2021-11-15,2021-11-22,-0.0022798680319987396,"CCJ,NVDA,AMD,NFLX",4,0.6,0.75,0.4,0.0,0.21647417324426513,fallback_momentum_proxy,causal_ohlcv_reconstruction_not_exact_replay
2008-01-01,2021-11-19,2021-11-22,2021-11-30,-0.0001801563315937671,"NVDA,ON,AMD,CCJ",4,0.6,0.75,0.4,0.15,0.2143705613431691,fallback_momentum_proxy,causal_ohlcv_reconstruction_not_exact_replay
2008-01-01,2021-11-29,2021-11-30,2021-12-07,-0.0027553210213272002,"AMD,NVDA,CCJ,ON",4,0.6,0.75,0.4,0.0,0.21444668614482792,fallback_momentum_proxy,causal_ohlcv_reconstruction_not_exact_replay
2008-01-01,2021-12-06,2021-12-07,2021-12-14,-0.04219163857359576,"MRVL,PBR,AMD,NVDA",4,0.6,0.75,0.4,0.3,0.20841337348641412,fallback_momentum_proxy,causal_ohlcv_reconstruction_not_exact_replay
2008-01-01,2021-12-13,2021-12-14,2021-12-21,0.013273249066469024,"MRVL,QCOM,AMD,NVDA",4,0.6,0.75,0.4,0.15,0.22220575856615768,fallback_momentum_proxy,causal_ohlcv_reconstruction_not_exact_replay
2008-01-01,2021-12-20,2021-12-21,2021-12-29,0.017523610734605843,"MRVL,PBR,AMD,NVDA",4,0.6,0.75,0.4,0.15,0.22280050947634703,fallback_momentum_proxy,causal_ohlcv_reconstruction_not_exact_replay
2008-01-01,2021-12-28,2021-12-29,2022-01-05,-0.03501080711347694,"MRVL,ON,AMD,NVDA",4,0.6,0.75,0.4,0.15,0.19958579255254172,fallback_momentum_proxy,causal_ohlcv_reconstruction_not_exact_replay
2008-01-01,2022-01-04,2022-01-05,2022-01-12,0.0008911356200889176,"ON,QCOM,AMD,MRVL",4,0.6,0.75,0.4,0.15,0.21755040314287638,fallback_momentum_proxy,causal_ohlcv_reconstruction_not_exact_replay
2008-01-01,2022-01-11,2022-01-12,2022-01-20,-0.07721002518493139,"ON,MU,AMD,MRVL",4,0.6,0.75,0.4,0.15,0.18647515916071872,fallback_momentum_proxy,causal_ohlcv_reconstruction_not_exact_replay
2008-01-01,2022-01-19,2022-01-20,2022-01-27,-0.039645853997451797,"PBR,MU,AMD,MRVL",4,0.6,0.75,0.4,0.15,0.24154441238599028,fallback_momentum_proxy,causal_ohlcv_reconstruction_not_exact_replay
2008-01-01,2022-01-26,2022-01-27,2022-02-03,0.009321292437918058,"PBR,VALE,MU",3,0.6,0.75,0.4,0.3,0.25054992341706916,fallback_momentum_proxy,causal_ohlcv_reconstruction_not_exact_replay
2008-01-01,2022-02-02,2022-02-03,2022-02-10,0.04688202196772039,"PBR,VALE,MU",3,0.6,0.75,0.4,0.0,0.19646928814076633,fallback_momentum_proxy,causal_ohlcv_reconstruction_not_exact_replay
2008-01-01,2022-02-09,2022-02-10,2022-02-17,-0.0024585295469110808,"PBR,VALE,MU",3,0.6,0.75,0.4,0.0,0.23074513684011633,fallback_momentum_proxy,causal_ohlcv_reconstruction_not_exact_replay
2008-01-01,2022-02-16,2022-02-17,2022-02-25,0.01010271672618037,"PBR,VALE,MU",3,0.6,0.75,0.4,0.0,0.2307219172083486,fallback_momentum_proxy,causal_ohlcv_reconstruction_not_exact_replay
2008-01-01,2022-02-24,2022-02-25,2022-03-04,0.012480828449460035,"PBR,VALE,MU",3,0.6,0.75,0.4,0.0,0.23337752831967168,fallback_momentum_proxy,causal_ohlcv_reconstruction_not_exact_replay
2008-01-01,2022-03-03,2022-03-04,2022-03-11,-0.03642432955440328,"VALE,BHP,PBR,MU",4,0.6,0.75,0.4,0.14999999999999997,0.23693418012660664,fallback_momentum_proxy,causal_ohlcv_reconstruction_not_exact_replay
2008-01-01,2022-03-10,2022-03-11,2022-03-18,-0.014347260584997495,"BKR,VALE,PBR,BHP",4,0.6,0.75,0.4,0.15,0.2334939803846433,fallback_momentum_proxy,causal_ohlcv_reconstruction_not_exact_replay
2008-01-01,2022-03-17,2022-03-18,2022-03-25,0.05193989411533357,"BKR,VALE,PBR,BHP",4,0.6,0.75,0.4,0.0,0.22971975512783183,fallback_momentum_proxy,causal_ohlcv_reconstruction_not_exact_replay
2008-01-01,2022-03-24,2022-03-25,2022-04-01,0.009855745471318872,"BKR,VALE,PBR,BHP",4,0.6,0.75,0.4,0.0,0.25570470574113663,fallback_momentum_proxy,causal_ohlcv_reconstruction_not_exact_replay
2008-01-01,2022-03-31,2022-04-01,2022-04-08,0.002051368320987257,"VALE,BKR,PBR,BHP",4,0.6,0.75,0.4,0.0,0.24929554666964987,fallback_momentum_proxy,causal_ohlcv_reconstruction_not_exact_replay
2008-01-01,2022-04-07,2022-04-08,2022-04-18,-0.0029920550339562757,"VALE,PBR,BKR,BHP",4,0.6,0.75,0.4,0.0,0.24937231812751293,fallback_momentum_proxy,causal_ohlcv_reconstruction_not_exact_replay
2008-01-01,2022-04-14,2022-04-18,2022-04-25,-0.07948892370702401,"CCJ,BKR,VALE,PBR",4,0.6,0.75,0.4,0.15,0.18940707504248983,fallback_momentum_proxy,causal_ohlcv_reconstruction_not_exact_replay
2008-01-01,2022-04-22,2022-04-25,2022-05-02,-0.019955463161968428,"CCJ,EXC,VALE,PBR",4,0.6,0.75,0.4,0.15,0.2391997333978921,fallback_momentum_proxy,causal_ohlcv_reconstruction_not_exact_replay
2008-01-01,2022-04-29,2022-05-02,2022-05-09,-0.03189427209732974,"CCJ,AZN,EXC,PBR",4,0.6,0.75,0.4,0.15,0.2416660613439416,fallback_momentum_proxy,causal_ohlcv_reconstruction_not_exact_replay
2008-01-01,2022-05-06,2022-05-09,2022-05-16,0.03477637128928579,"SMCI,PBR,AZN,EXC",4,0.6,0.75,0.4,0.15,0.22309964478696565,fallback_momentum_proxy,causal_ohlcv_reconstruction_not_exact_replay
2008-01-01,2022-05-13,2022-05-16,2022-05-23,0.009536530711512108,"SMCI,AEP,PBR,EXC",4,0.6,0.75,0.4,0.15,0.23917963914356088,fallback_momentum_proxy,causal_ohlcv_reconstruction_not_exact_replay
2008-01-01,2022-05-20,2022-05-23,2022-05-31,-0.00044908038483688125,"SMCI,PBR,AEP,EXC",4,0.6,0.75,0.4,0.0,0.23902399893597173,fallback_momentum_proxy,causal_ohlcv_reconstruction_not_exact_replay
2008-01-01,2022-05-27,2022-05-31,2022-06-07,0.02617599664718113,"BKR,SMCI,AEP,PBR",4,0.6,0.75,0.4,0.15,0.23621178454638303,fallback_momentum_proxy,causal_ohlcv_reconstruction_not_exact_replay
2008-01-01,2022-06-06,2022-06-07,2022-06-14,-0.06541606817119615,"SMCI,CCEP,PBR,AEP",4,0.6,0.75,0.4,0.15,0.2347334910709418,fallback_momentum_proxy,causal_ohlcv_reconstruction_not_exact_replay
2008-01-01,2022-06-13,2022-06-14,2022-06-22,-0.036677667380681095,"PBR,BP,SMCI,CCEP",4,0.6,0.75,0.4,0.15,0.26695310778396264,fallback_momentum_proxy,causal_ohlcv_reconstruction_not_exact_replay
2008-01-01,2022-06-21,2022-06-22,2022-06-29,0.01708955674440804,"MNST,VRTX,CCEP",3,0.6,0.75,0.4,0.44999999999999996,0.24156189757548463,fallback_momentum_proxy,causal_ohlcv_reconstruction_not_exact_replay
2008-01-01,2022-06-28,2022-06-29,2022-07-07,0.015222886729939298,"MNST,CCEP,VRTX",3,0.6,0.75,0.4,0.0,0.24491825325885028,fallback_momentum_proxy,causal_ohlcv_reconstruction_not_exact_replay
2008-01-01,2022-07-06,2022-07-07,2022-07-14,-0.0132827202455678,"MNST,VRTX,CCEP",3,0.6,0.75,0.4,0.0,0.24961761142072514,fallback_momentum_proxy,causal_ohlcv_reconstruction_not_exact_replay
2008-01-01,2022-07-13,2022-07-14,2022-07-21,0.003442135291246951,"MNST,VRTX,CCEP",3,0.6,0.75,0.4,0.0,0.2489980039763781,fallback_momentum_proxy,causal_ohlcv_reconstruction_not_exact_replay
2008-01-01,2022-07-20,2022-07-21,2022-07-28,0.002961418377539643,"QCOM,ON,MNST,VRTX",4,0.6,0.75,0.4,0.3,0.20207481088241297,fallback_momentum_proxy,causal_ohlcv_reconstruction_not_exact_replay
2008-01-01,2022-07-27,2022-07-28,2022-08-04,0.012465175994673311,"SMCI,NFLX,MNST,VRTX",4,0.6,0.75,0.4,0.3,0.1999342975442123,fallback_momentum_proxy,causal_ohlcv_reconstruction_not_exact_replay
2008-01-01,2022-08-03,2022-08-04,2022-08-11,0.007052771188569356,"ON,MSTR,MNST,NFLX",4,0.6,0.75,0.4,0.3,0.19173501518256558,fallback_momentum_proxy,causal_ohlcv_reconstruction_not_exact_replay
2008-01-01,2022-08-10,2022-08-11,2022-08-18,0.0035045049291736966,"MSTR,MELI,NFLX,ON",4,0.6,0.75,0.4,0.15,0.17769811597212695,fallback_momentum_proxy,causal_ohlcv_reconstruction_not_exact_replay
2008-01-01,2022-08-17,2022-08-18,2022-08-25,-0.018584356020191938,"MSTR,SMCI,ON,NFLX",4,0.6,0.75,0.4,0.15,0.17642927533238473,fallback_momentum_proxy,causal_ohlcv_reconstruction_not_exact_replay
2008-01-01,2022-08-24,2022-08-25,2022-09-01,-0.0663846152876153,"SMCI,YPF,ON,MSTR",4,0.6,0.75,0.4,0.15,0.17927274827900144,fallback_momentum_proxy,causal_ohlcv_reconstruction_not_exact_replay
2008-01-01,2022-08-31,2022-09-01,2022-09-09,0.04545296822535402,"YPF,PBR,ON,SMCI",4,0.6,0.75,0.4,0.15,0.20516885129678014,fallback_momentum_proxy,causal_ohlcv_reconstruction_not_exact_replay
2008-01-01,2022-09-08,2022-09-09,2022-09-16,-0.031230650114329843,"YPF,CSGP,SMCI,ON",4,0.6,0.75,0.4,0.15,0.1978967602123656,fallback_momentum_proxy,causal_ohlcv_reconstruction_not_exact_replay
2008-01-01,2022-09-15,2022-09-16,2022-09-23,-0.06652077429260231,"YPF,MELI,SMCI,ON",4,0.6,0.75,0.4,0.15,0.19405834955626708,fallback_momentum_proxy,causal_ohlcv_reconstruction_not_exact_replay
2008-01-01,2022-09-22,2022-09-23,2022-09-30,0.003962882228151193,"YPF,PBR,SMCI,MELI",4,0.6,0.75,0.4,0.15,0.2273712397601439,fallback_momentum_proxy,causal_ohlcv_reconstruction_not_exact_replay
2008-01-01,2022-09-29,2022-09-30,2022-10-07,0.03889067912385521,"YPF,BIIB,SMCI,MELI",4,0.6,0.75,0.4,0.15,0.22328131436068818,fallback_momentum_proxy,causal_ohlcv_reconstruction_not_exact_replay
2008-01-01,2022-10-06,2022-10-07,2022-10-14,-0.04901354544523428,"YPF,PBR,SMCI,MELI",4,0.6,0.75,0.4,0.15,0.24305529217740457,fallback_momentum_proxy,causal_ohlcv_reconstruction_not_exact_replay
2008-01-01,2022-10-13,2022-10-14,2022-10-21,0.08433441291915197,"YPF,PBR,SMCI",3,0.6,0.75,0.4,0.14999999999999997,0.25686366659234944,fallback_momentum_proxy,causal_ohlcv_reconstruction_not_exact_replay
2008-01-01,2022-10-20,2022-10-21,2022-10-28,-0.006302381695511937,"YPF,PBR,SMCI",3,0.6,0.6913187365548804,0.4,0.0,0.3182323700589233,fallback_momentum_proxy,causal_ohlcv_reconstruction_not_exact_replay
2008-01-01,2022-10-27,2022-10-28,2022-11-04,-0.0015206273270316345,"YPF,NFLX,SMCI,PBR",4,0.6,0.6951641333010977,0.4,0.14999999999999997,0.3164720236000884,fallback_momentum_proxy,causal_ohlcv_reconstruction_not_exact_replay
2008-01-01,2022-11-03,2022-11-04,2022-11-11,0.03065138954101647,"YPF,SMCI,NFLX",3,0.6,0.697156454195173,0.4,0.14999999999999997,0.3155676156709721,fallback_momentum_proxy,causal_ohlcv_reconstruction_not_exact_replay
2008-01-01,2022-11-10,2022-11-11,2022-11-18,-0.001827659781805546,"YPF,SMCI,NFLX",3,0.6,0.6803031070073868,0.4,0.0,0.32338526420637265,fallback_momentum_proxy,causal_ohlcv_reconstruction_not_exact_replay
2008-01-01,2022-11-17,2022-11-18,2022-11-28,0.020183458753580998,"BIIB,SMCI,NFLX,YPF",4,0.6,0.684057161484697,0.4,0.14999999999999997,0.3216105500927814,fallback_momentum_proxy,causal_ohlcv_reconstruction_not_exact_replay
2008-01-01,2022-11-25,2022-11-28,2022-12-05,-0.006761761550547918,"SMCI,BIIB,YPF,NFLX",4,0.6,0.75,0.4,0.0,0.2908873802168824,fallback_momentum_proxy,causal_ohlcv_reconstruction_not_exact_replay
2008-01-01,2022-12-02,2022-12-05,2022-12-12,-0.007551168650456191,"VALE,NFLX,YPF,BIIB",4,0.6,0.75,0.4,0.15,0.2782182652872068,fallback_momentum_proxy,causal_ohlcv_reconstruction_not_exact_replay
2008-01-01,2022-12-09,2022-12-12,2022-12-19,-0.007672477263793337,"NFLX,VALE,BIIB,YPF",4,0.6,0.75,0.4,0.0,0.2701288451645425,fallback_momentum_proxy,causal_ohlcv_reconstruction_not_exact_replay
2008-01-01,2022-12-16,2022-12-19,2022-12-27,0.026699034110013377,"NVO,SMCI,YPF,NFLX",4,0.6,0.75,0.4,0.3,0.22618948892801333,fallback_momentum_proxy,causal_ohlcv_reconstruction_not_exact_replay
2008-01-01,2022-12-23,2022-12-27,2023-01-04,0.013921461206042263,"YPF,SMCI,NVO,NFLX",4,0.6,0.75,0.4,0.0,0.22890392487256261,fallback_momentum_proxy,causal_ohlcv_reconstruction_not_exact_replay
2008-01-01,2023-01-03,2023-01-04,2023-01-11,0.01192585157871,"NVO,SMCI,NFLX,YPF",4,0.6,0.75,0.4,0.0,0.22050752381703181,fallback_momentum_proxy,causal_ohlcv_reconstruction_not_exact_replay
2008-01-01,2023-01-10,2023-01-11,2023-01-19,0.02103906013282346,"YPF,ASML,NVO,NFLX",4,0.6,0.75,0.4,0.15,0.18248693329782284,fallback_momentum_proxy,causal_ohlcv_reconstruction_not_exact_replay
2008-01-01,2023-01-18,2023-01-19,2023-01-26,0.04345516251956481,"YPF,ASML,NFLX,NVO",4,0.6,0.75,0.4,0.0,0.10043829545736875,fallback_momentum_proxy,causal_ohlcv_reconstruction_not_exact_replay
2008-01-01,2023-01-25,2023-01-26,2023-02-02,0.0018777998885797613,"YPF,TSM,ASML,NFLX",4,0.6,0.75,0.4,0.15,0.11777202472997768,fallback_momentum_proxy,causal_ohlcv_reconstruction_not_exact_replay
2008-01-01,2023-02-01,2023-02-02,2023-02-09,-0.004064619783069878,"NVDA,TSM,ASML,NFLX",4,0.6,0.75,0.4,0.15,0.11628190713307089,fallback_momentum_proxy,causal_ohlcv_reconstruction_not_exact_replay
2008-01-01,2023-02-08,2023-02-09,2023-02-16,0.018307241856389045,"MSTR,YPF,ASML,TSM",4,0.6,0.75,0.4,0.3,0.11289717314586711,fallback_momentum_proxy,causal_ohlcv_reconstruction_not_exact_replay
2008-01-01,2023-02-15,2023-02-16,2023-02-24,-0.019293235157883774,"MSTR,NVDA,ASML,TSM",4,0.6,0.75,0.4,0.15,0.11144428521216075,fallback_momentum_proxy,causal_ohlcv_reconstruction_not_exact_replay
2008-01-01,2023-02-23,2023-02-24,2023-03-03,0.006146531148393896,"NVDA,MSTR,ASML,TSM",4,0.6,0.75,0.4,0.0,0.12429784227682639,fallback_momentum_proxy,causal_ohlcv_reconstruction_not_exact_replay
2008-01-01,2023-03-02,2023-03-03,2023-03-10,-0.0594727461848084,"NVDA,YPF,MSTR,TSM",4,0.6,0.75,0.4,0.15,0.12041089155662402,fallback_momentum_proxy,causal_ohlcv_reconstruction_not_exact_replay
2008-01-01,2023-03-09,2023-03-10,2023-03-17,0.00014607072056604942,"YPF,NVDA,TSM",3,0.6,0.75,0.4,0.14999999999999997,0.18037395122899694,fallback_momentum_proxy,causal_ohlcv_reconstruction_not_exact_replay
2008-01-01,2023-03-16,2023-03-17,2023-03-24,0.021328108166511185,"NVDA,AMD,TSM,YPF",4,0.6,0.75,0.4,0.14999999999999997,0.17877123066988476,fallback_momentum_proxy,causal_ohlcv_reconstruction_not_exact_replay
2008-01-01,2023-03-23,2023-03-24,2023-03-31,0.008071805714813696,"NVDA,AMD,TSM",3,0.6,0.75,0.4,0.14999999999999997,0.1762565149592932,fallback_momentum_proxy,causal_ohlcv_reconstruction_not_exact_replay
2008-01-01,2023-03-30,2023-03-31,2023-04-10,-0.000892738123182823,"NVDA,MSTR,AMD,TSM",4,0.6,0.75,0.4,0.14999999999999997,0.1753003284311389,fallback_momentum_proxy,causal_ohlcv_reconstruction_not_exact_replay
2008-01-01,2023-04-06,2023-04-10,2023-04-17,-0.013567307810345212,"NVDA,MSTR,AMD,TSM",4,0.6,0.75,0.4,0.0,0.17468820589798484,fallback_momentum_proxy,causal_ohlcv_reconstruction_not_exact_replay
2008-01-01,2023-04-14,2023-04-17,2023-04-24,-0.0225202202455719,"MSTR,NVDA,AMD",3,0.6,0.75,0.4,0.14999999999999997,0.17285544196149136,fallback_momentum_proxy,causal_ohlcv_reconstruction_not_exact_replay
2008-01-01,2023-04-21,2023-04-24,2023-05-01,0.026910246366644318,"NVDA,ISRG,AMD,MSTR",4,0.6,0.75,0.4,0.14999999999999997,0.14973082268198834,fallback_momentum_proxy,causal_ohlcv_reconstruction_not_exact_replay
2008-01-01,2023-04-28,2023-05-01,2023-05-08,0.04002201072419358,"MSTR,SMCI,NVDA,ISRG",4,0.6,0.75,0.4,0.15,0.16270107824044985,fallback_momentum_proxy,causal_ohlcv_reconstruction_not_exact_replay
2008-01-01,2023-05-05,2023-05-08,2023-05-15,-0.003430768874249407,"SMCI,ISRG,NVDA,MSTR",4,0.6,0.75,0.4,0.0,0.1840591351474305,fallback_momentum_proxy,causal_ohlcv_reconstruction_not_exact_replay
2008-01-01,2023-05-12,2023-05-15,2023-05-22,0.05810455875884064,"SMCI,ISRG,NVDA",3,0.6,0.75,0.4,0.14999999999999997,0.17996445634705868,fallback_momentum_proxy,causal_ohlcv_reconstruction_not_exact_replay
2008-01-01,2023-05-19,2023-05-22,2023-05-30,0.10145475093001603,"SMCI,GOOG,NVDA,ISRG",4,0.6,0.75,0.4,0.14999999999999997,0.21015753572091642,fallback_momentum_proxy,causal_ohlcv_reconstruction_not_exact_replay
2008-01-01,2023-05-26,2023-05-30,2023-06-06,0.002103436352381783,"SMCI,NVDA,GOOG,ISRG",4,0.6,0.75,0.4,0.0,0.2848461526000965,fallback_momentum_proxy,causal_ohlcv_reconstruction_not_exact_replay
2008-01-01,2023-06-05,2023-06-06,2023-06-13,0.01213126363645615,"SMCI,NVDA,GOOG,ISRG",4,0.6,0.75,0.4,0.0,0.23982462458106504,fallback_momentum_proxy,causal_ohlcv_reconstruction_not_exact_replay
2008-01-01,2023-06-12,2023-06-13,2023-06-21,-0.0213584710935912,"SMCI,MRVL,GOOG,NVDA",4,0.6,0.75,0.4,0.15,0.23710113434914382,fallback_momentum_proxy,causal_ohlcv_reconstruction_not_exact_replay
2008-01-01,2023-06-20,2023-06-21,2023-06-28,0.006190441862009533,"SMCI,PBR,GOOG,MRVL",4,0.6,0.75,0.4,0.15,0.2502928307273219,fallback_momentum_proxy,causal_ohlcv_reconstruction_not_exact_replay
2008-01-01,2023-06-27,2023-06-28,2023-07-06,-0.0009715058029882754,"SMCI,PBR,GOOG,MRVL",4,0.6,0.75,0.4,0.0,0.25056551306574754,fallback_momentum_proxy,causal_ohlcv_reconstruction_not_exact_replay
2008-01-01,2023-07-05,2023-07-06,2023-07-13,0.0510396782427477,"SMCI,PBR,GOOG,MRVL",4,0.6,0.75,0.4,0.0,0.25058779504346573,fallback_momentum_proxy,causal_ohlcv_reconstruction_not_exact_replay
2008-01-01,2023-07-12,2023-07-13,2023-07-20,-0.008253044192687487,"SMCI,NVDA,GOOG,MRVL",4,0.6,0.75,0.4,0.15,0.25128159141402084,fallback_momentum_proxy,causal_ohlcv_reconstruction_not_exact_replay
2008-01-01,2023-07-19,2023-07-20,2023-07-27,0.021646674779658853,"SMCI,MSTR,GOOG,MRVL",4,0.6,0.75,0.4,0.15,0.24206139768752427,fallback_momentum_proxy,causal_ohlcv_reconstruction_not_exact_replay
2008-01-01,2023-07-26,2023-07-27,2023-08-03,-0.012221263733467174,"SMCI,NVDA,GOOG,MRVL",4,0.6,0.75,0.4,0.15,0.24182547308832156,fallback_momentum_proxy,causal_ohlcv_reconstruction_not_exact_replay
2008-01-01,2023-08-02,2023-08-03,2023-08-10,-0.02941076372301865,"SMCI,ADBE,GOOG,MRVL",4,0.6,0.75,0.4,0.15,0.2469018003635521,fallback_momentum_proxy,causal_ohlcv_reconstruction_not_exact_replay
2008-01-01,2023-08-09,2023-08-10,2023-08-17,-0.022303627764069453,"SMCI,ADBE,GOOG,MRVL",4,0.6,0.75,0.4,0.0,0.2613187411256966,fallback_momentum_proxy,causal_ohlcv_reconstruction_not_exact_replay
2008-01-01,2023-08-16,2023-08-17,2023-08-24,0.01611293572579747,"SMCI,ODFL,GOOG,MRVL",4,0.6,0.75,0.4,0.15,0.25289908235567327,fallback_momentum_proxy,causal_ohlcv_reconstruction_not_exact_replay
2008-01-01,2023-08-23,2023-08-24,2023-08-31,0.015599458211117388,"CCJ,PBR,GOOG,ODFL",4,0.6,0.75,0.4,0.3,0.15497148341549885,fallback_momentum_proxy,causal_ohlcv_reconstruction_not_exact_replay
2008-01-01,2023-08-30,2023-08-31,2023-09-08,0.00475265125782241,"ODFL,PBR,GOOG,CCJ",4,0.6,0.75,0.4,0.0,0.1576146003979538,fallback_momentum_proxy,causal_ohlcv_reconstruction_not_exact_replay
2008-01-01,2023-09-07,2023-09-08,2023-09-15,0.006812003069253246,"ODFL,INTU,GOOG,CCJ",4,0.6,0.75,0.4,0.15,0.15631104594013476,fallback_momentum_proxy,causal_ohlcv_reconstruction_not_exact_replay
2008-01-01,2023-09-14,2023-09-15,2023-09-22,-0.013776323740445705,"CCJ,TM,GOOG,ODFL",4,0.6,0.75,0.4,0.15,0.1481458824022269,fallback_momentum_proxy,causal_ohlcv_reconstruction_not_exact_replay
2008-01-01,2023-09-21,2023-09-22,2023-09-29,-0.001707507356005083,"CCJ,TM,GOOG,ODFL",4,0.6,0.75,0.4,0.0,0.15220413331200844,fallback_momentum_proxy,causal_ohlcv_reconstruction_not_exact_replay
2008-01-01,2023-09-28,2023-09-29,2023-10-06,0.0012594275707829995,"CCJ,AMGN,GOOG,ODFL",4,0.6,0.75,0.4,0.15,0.15228222580390538,fallback_momentum_proxy,causal_ohlcv_reconstruction_not_exact_replay
2008-01-01,2023-10-05,2023-10-06,2023-10-13,0.0010823946644800075,"AMGN,CCJ,GOOG,ODFL",4,0.6,0.75,0.4,0.0,0.10968349927053973,fallback_momentum_proxy,causal_ohlcv_reconstruction_not_exact_replay
2008-01-01,2023-10-12,2023-10-13,2023-10-20,-0.017837869460822386,"AMGN,NVO,GOOG,ODFL",4,0.6,0.75,0.4,0.15,0.10887519314885197,fallback_momentum_proxy,causal_ohlcv_reconstruction_not_exact_replay
2008-01-01,2023-10-19,2023-10-20,2023-10-27,-0.03767333296350474,"NVO,AMGN,GOOG",3,0.6,0.75,0.4,0.14999999999999997,0.10145220661814265,fallback_momentum_proxy,causal_ohlcv_reconstruction_not_exact_replay
2008-01-01,2023-10-26,2023-10-27,2023-11-03,0.03953085543642434,"NVO,MSTR,AMGN",3,0.6,0.75,0.4,0.19999999999999998,0.12088171173480926,fallback_momentum_proxy,causal_ohlcv_reconstruction_not_exact_replay
2008-01-01,2023-11-02,2023-11-03,2023-11-10,0.023413454938218937,"MSTR,CCJ,NVO,AMGN",4,0.6,0.75,0.4,0.14999999999999997,0.14056252123457566,fallback_momentum_proxy,causal_ohlcv_reconstruction_not_exact_replay
2008-01-01,2023-11-09,2023-11-10,2023-11-17,0.0012592250667021973,"MSTR,CCJ,NVO",3,0.6,0.75,0.4,0.14999999999999997,0.13961377835864644,fallback_momentum_proxy,causal_ohlcv_reconstruction_not_exact_replay
2008-01-01,2023-11-16,2023-11-17,2023-11-27,0.01021080704511751,"MSTR,INTC,NVO,CCJ",4,0.6,0.75,0.4,0.14999999999999997,0.13673761500678297,fallback_momentum_proxy,causal_ohlcv_reconstruction_not_exact_replay
2008-01-01,2023-11-24,2023-11-27,2023-12-04,0.012440411262235598,"MSTR,INTC,NVO,CCJ",4,0.6,0.75,0.4,0.0,0.13480503995069554,fallback_momentum_proxy,causal_ohlcv_reconstruction_not_exact_replay
2008-01-01,2023-12-01,2023-12-04,2023-12-11,0.009159733239901678,"MSTR,YPF,NVO,INTC",4,0.6,0.75,0.4,0.15,0.1364830478120431,fallback_momentum_proxy,causal_ohlcv_reconstruction_not_exact_replay
2008-01-01,2023-12-08,2023-12-11,2023-12-18,0.016109559576052222,"MSTR,YPF,INTC",3,0.6,0.75,0.4,0.14999999999999997,0.13691496569882952,fallback_momentum_proxy,causal_ohlcv_reconstruction_not_exact_replay
2008-01-01,2023-12-15,2023-12-18,2023-12-26,0.031671428796435364,"MSTR,YPF,INTC",3,0.6,0.75,0.4,0.0,0.13466539989466755,fallback_momentum_proxy,causal_ohlcv_reconstruction_not_exact_replay
2008-01-01,2023-12-22,2023-12-26,2024-01-03,-0.01797083077961432,"MSTR,AMD,INTC,YPF",4,0.6,0.75,0.4,0.14999999999999997,0.14382775178642204,fallback_momentum_proxy,causal_ohlcv_reconstruction_not_exact_replay
2008-01-01,2024-01-02,2024-01-03,2024-01-10,0.010091079397035007,"MSTR,DXCM,AMD,INTC",4,0.6,0.75,0.4,0.15,0.15232900097163152,fallback_momentum_proxy,causal_ohlcv_reconstruction_not_exact_replay
2008-01-01,2024-01-09,2024-01-10,2024-01-18,-0.00964955182100347,"DXCM,MSTR,INTC,AMD",4,0.6,0.75,0.4,0.0,0.15213968348930731,fallback_momentum_proxy,causal_ohlcv_reconstruction_not_exact_replay
2008-01-01,2024-01-17,2024-01-18,2024-01-25,0.01531206739834653,"AMD,DXCM,INTC,MSTR",4,0.6,0.75,0.4,0.0,0.1472122551799779,fallback_momentum_proxy,causal_ohlcv_reconstruction_not_exact_replay
2008-01-01,2024-01-24,2024-01-25,2024-02-01,0.0024704866832890287,"SMCI,AMD,INTC,DXCM",4,0.6,0.75,0.4,0.15,0.11015089749711436,fallback_momentum_proxy,causal_ohlcv_reconstruction_not_exact_replay
2008-01-01,2024-01-31,2024-02-01,2024-02-08,0.03134061410407182,"SMCI,AMD,INTC,DXCM",4,0.6,0.75,0.4,0.0,0.0931745667872868,fallback_momentum_proxy,causal_ohlcv_reconstruction_not_exact_replay
2008-01-01,2024-02-07,2024-02-08,2024-02-15,0.08429157432493509,"SMCI,NVDA,AMD,INTC",4,0.6,0.75,0.4,0.15,0.09970598469187744,fallback_momentum_proxy,causal_ohlcv_reconstruction_not_exact_replay
2008-01-01,2024-02-14,2024-02-15,2024-02-23,-0.015385497031984422,"SMCI,MSTR,AMD,NVDA",4,0.6,0.75,0.4,0.15,0.17745515159293881,fallback_momentum_proxy,causal_ohlcv_reconstruction_not_exact_replay
2008-01-01,2024-02-22,2024-02-23,2024-03-01,0.12223901326568573,"SMCI,NVDA,AMD,MSTR",4,0.6,0.75,0.4,0.0,0.1882587099504042,fallback_momentum_proxy,causal_ohlcv_reconstruction_not_exact_replay
2008-01-01,2024-02-29,2024-03-01,2024-03-08,0.10005513644064379,"SMCI,MSTR,AMD,NVDA",4,0.6,0.75,0.4,0.0,0.2858253650404738,fallback_momentum_proxy,causal_ohlcv_reconstruction_not_exact_replay
2008-01-01,2024-03-07,2024-03-08,2024-03-15,0.016891935576684655,"SMCI,MSTR,NVDA,AMD",4,0.6,0.6842661712667173,0.4,0.0,0.32151231383064693,fallback_momentum_proxy,causal_ohlcv_reconstruction_not_exact_replay
2008-01-01,2024-03-14,2024-03-15,2024-03-22,-0.033252334663618495,"SMCI,MSTR,NVDA,AMD",4,0.6,0.684589864179273,0.4,0.0,0.3213602939677599,fallback_momentum_proxy,causal_ohlcv_reconstruction_not_exact_replay
2008-01-01,2024-03-21,2024-03-22,2024-04-01,0.017969779554089876,"MSTR,SMCI,NVDA,AMD",4,0.6,0.6361256563758079,0.4,0.0,0.34584362035231175,fallback_momentum_proxy,causal_ohlcv_reconstruction_not_exact_replay
2008-01-01,2024-03-28,2024-04-01,2024-04-08,-0.04341255773290899,"SMCI,MSTR,NVDA,AMD",4,0.6,0.6597745575240694,0.4,0.0,0.3334472320751382,fallback_momentum_proxy,causal_ohlcv_reconstruction_not_exact_replay
2008-01-01,2024-04-05,2024-04-08,2024-04-15,-0.035356547560581986,"SMCI,MSTR,NVDA,AMD",4,0.6,0.6075847364070749,0.4,0.0,0.3620894120891847,fallback_momentum_proxy,causal_ohlcv_reconstruction_not_exact_replay
2008-01-01,2024-04-12,2024-04-15,2024-04-22,-0.053076056365225874,"MSTR,SMCI,NVDA",3,0.5853737869417867,0.5853737869417867,0.41462621305821334,0.14268689347089336,0.37582823984887154,fallback_momentum_proxy,causal_ohlcv_reconstruction_not_exact_replay
2008-01-01,2024-04-19,2024-04-22,2024-04-29,0.05833666483658459,"MSTR,SMCI,NVDA",3,0.5436702920956932,0.5436702920956932,0.4563297079043068,0.020851747423046754,0.4046570195181404,fallback_momentum_proxy,causal_ohlcv_reconstruction_not_exact_replay
2008-01-01,2024-04-26,2024-04-29,2024-05-06,-0.006435920312790902,"MSTR,SMCI,NVDA",3,0.5343929896254577,0.5343929896254577,0.46560701037454233,0.004638651235117766,0.411682047240538,fallback_momentum_proxy,causal_ohlcv_reconstruction_not_exact_replay
2008-01-01,2024-05-03,2024-05-06,2024-05-13,-0.018618319689751778,"MSTR,YPF,NVDA,SMCI",4,0.5308867427265441,0.5308867427265441,0.4691132572734559,0.13447480913109278,0.4144010055141279,fallback_momentum_proxy,causal_ohlcv_reconstruction_not_exact_replay
2008-01-01,2024-05-10,2024-05-13,2024-05-20,0.07375221804938818,"MU,MSTR,NVDA,YPF",4,0.5598158330747701,0.5598158330747701,0.4401841669252299,0.14718623085574903,0.3929863840964576,fallback_momentum_proxy,causal_ohlcv_reconstruction_not_exact_replay
2008-01-01,2024-05-17,2024-05-20,2024-05-28,0.018329177826576882,"MSTR,MU,NVDA,YPF",4,0.5382926296598667,0.5382926296598667,0.4617073703401333,0.010761601707451718,0.40869963264964704,fallback_momentum_proxy,causal_ohlcv_reconstruction_not_exact_replay
2008-01-01,2024-05-24,2024-05-28,2024-06-04,-0.02003396195674252,"MSTR,MU,NVDA,YPF",4,0.6,0.6493574445124591,0.4,0.030853685170066647,0.3387964546478359,fallback_momentum_proxy,causal_ohlcv_reconstruction_not_exact_replay
2008-01-01,2024-06-03,2024-06-04,2024-06-11,0.00806339100342427,"MSTR,NVDA,YPF,MU",4,0.6,0.75,0.4,0.0,0.2760230789501031,fallback_momentum_proxy,causal_ohlcv_reconstruction_not_exact_replay
2008-01-01,2024-06-10,2024-06-11,2024-06-18,0.03578819079517225,"NVDA,MU,MSTR,YPF",4,0.6,0.75,0.4,0.0,0.2739472083185268,fallback_momentum_proxy,causal_ohlcv_reconstruction_not_exact_replay
2008-01-01,2024-06-17,2024-06-18,2024-06-26,-0.04199406608194095,"NVDA,MU",2,0.6,0.75,0.4,0.3,0.2752572568206825,fallback_momentum_proxy,causal_ohlcv_reconstruction_not_exact_replay
2008-01-01,2024-06-25,2024-06-26,2024-07-03,0.007302996084023271,"NVDA,TSM,MU",3,0.6,0.75,0.4,0.2,0.28677461811279004,fallback_momentum_proxy,causal_ohlcv_reconstruction_not_exact_replay
2008-01-01,2024-07-02,2024-07-03,2024-07-11,-0.0024010046107507564,"NVDA,AAPL,TSM,MU",4,0.6,0.75,0.4,0.14999999999999997,0.2725405253648627,fallback_momentum_proxy,causal_ohlcv_reconstruction_not_exact_replay
2008-01-01,2024-07-10,2024-07-11,2024-07-18,-0.034652278352654664,"NVDA,AAPL,TSM,MU",4,0.6,0.75,0.4,0.0,0.26052616751567004,fallback_momentum_proxy,causal_ohlcv_reconstruction_not_exact_replay
2008-01-01,2024-07-17,2024-07-18,2024-07-25,-0.005562665022519088,"SIRI,NVDA,AAPL,TSM",4,0.6,0.75,0.4,0.15,0.24487172832580947,fallback_momentum_proxy,causal_ohlcv_reconstruction_not_exact_replay
2008-01-01,2024-07-24,2024-07-25,2024-08-01,-0.03660697819991236,"SIRI,MSTR,AAPL,TSM",4,0.6,0.75,0.4,0.15,0.21782657913534262,fallback_momentum_proxy,causal_ohlcv_reconstruction_not_exact_replay
2008-01-01,2024-07-31,2024-08-01,2024-08-08,-0.02140313655536584,"MSTR,BKR,AAPL,TSM",4,0.6,0.75,0.4,0.15,0.23030886807054085,fallback_momentum_proxy,causal_ohlcv_reconstruction_not_exact_replay
2008-01-01,2024-08-07,2024-08-08,2024-08-15,0.002037904401656787,"TMUS,GILD,AAPL,MSTR",4,0.6,0.75,0.4,0.3,0.23127663284526287,fallback_momentum_proxy,causal_ohlcv_reconstruction_not_exact_replay
2008-01-01,2024-08-14,2024-08-15,2024-08-22,0.001105172136898897,"SBUX,NVDA,AAPL,GILD",4,0.6,0.75,0.4,0.3,0.1645395987749322,fallback_momentum_proxy,causal_ohlcv_reconstruction_not_exact_replay
2008-01-01,2024-08-21,2024-08-22,2024-08-29,0.005163590955560306,"ILMN,SBUX,AAPL,NVDA",4,0.6,0.75,0.4,0.15,0.15614728367023126,fallback_momentum_proxy,causal_ohlcv_reconstruction_not_exact_replay
2008-01-01,2024-08-28,2024-08-29,2024-09-06,-0.04107849017896441,"ILMN,SBUX,AAPL,NVDA",4,0.6,0.75,0.4,0.0,0.15652765744157843,fallback_momentum_proxy,causal_ohlcv_reconstruction_not_exact_replay
2008-01-01,2024-09-05,2024-09-06,2024-09-13,0.023390671781605015,"MELI,YPF,AAPL,SBUX",4,0.6,0.75,0.4,0.3,0.16645700368114089,fallback_momentum_proxy,causal_ohlcv_reconstruction_not_exact_replay
2008-01-01,2024-09-12,2024-09-13,2024-09-20,0.0007387198297197865,"MELI,GILD,AAPL,SBUX",4,0.6,0.75,0.4,0.15,0.15260603113161325,fallback_momentum_proxy,causal_ohlcv_reconstruction_not_exact_replay
2008-01-01,2024-09-19,2024-09-20,2024-09-27,-0.0015970059297313434,"MELI,GILD,AAPL,SBUX",4,0.6,0.75,0.4,0.0,0.13948284509398423,fallback_momentum_proxy,causal_ohlcv_reconstruction_not_exact_replay
2008-01-01,2024-09-26,2024-09-27,2024-10-04,-0.009213922499655119,"MSTR,MELI,AAPL,SBUX",4,0.6,0.75,0.4,0.15,0.13620347893013443,fallback_momentum_proxy,causal_ohlcv_reconstruction_not_exact_replay
2008-01-01,2024-10-03,2024-10-04,2024-10-11,0.05213225591875139,"MSTR,SBUX,MELI",3,0.6,0.75,0.4,0.14999999999999997,0.1353957999232952,fallback_momentum_proxy,causal_ohlcv_reconstruction_not_exact_replay
2008-01-01,2024-10-10,2024-10-11,2024-10-18,0.004063058599197333,"MSTR,ILMN,SBUX,MELI",4,0.6,0.75,0.4,0.14999999999999997,0.17193527814429754,fallback_momentum_proxy,causal_ohlcv_reconstruction_not_exact_replay
2008-01-01,2024-10-17,2024-10-18,2024-10-25,0.004621056377059004,"CCJ,TSM,SBUX,MSTR",4,0.6,0.75,0.4,0.3,0.1722803007817473,fallback_momentum_proxy,causal_ohlcv_reconstruction_not_exact_replay
2008-01-01,2024-10-24,2024-10-25,2024-11-01,-0.016336435475605565,"MSTR,TMUS,CCJ,TSM",4,0.6,0.75,0.4,0.15,0.1548726594987355,fallback_momentum_proxy,causal_ohlcv_reconstruction_not_exact_replay
2008-01-01,2024-10-31,2024-11-01,2024-11-08,0.03924392105538479,"MSTR,BKNG,CCJ,TSM",4,0.6,0.75,0.4,0.15,0.15190336618954334,fallback_momentum_proxy,causal_ohlcv_reconstruction_not_exact_replay
2008-01-01,2024-11-07,2024-11-08,2024-11-15,0.02108232960962668,"MSTR,MRVL,CCJ,TSM",4,0.6,0.75,0.4,0.15,0.168991029782754,fallback_momentum_proxy,causal_ohlcv_reconstruction_not_exact_replay
2008-01-01,2024-11-14,2024-11-15,2024-11-22,0.08242447903988359,"MSTR,YPF,MRVL,TSM",4,0.6,0.75,0.4,0.15,0.17157122577690503,fallback_momentum_proxy,causal_ohlcv_reconstruction_not_exact_replay
2008-01-01,2024-11-21,2024-11-22,2024-12-02,-0.003609490140015122,"MSTR,YPF,MRVL,TSM",4,0.6,0.75,0.4,0.0,0.22807476500092103,fallback_momentum_proxy,causal_ohlcv_reconstruction_not_exact_replay
2008-01-01,2024-11-29,2024-12-02,2024-12-09,0.014611036873774194,"MSTR,YPF,MRVL,TSM",4,0.6,0.75,0.4,0.0,0.19984970692520004,fallback_momentum_proxy,causal_ohlcv_reconstruction_not_exact_replay
2008-01-01,2024-12-06,2024-12-09,2024-12-16,0.06044772909229669,"MSTR,YPF,MRVL,TSM",4,0.6,0.75,0.4,0.0,0.199286367255261,fallback_momentum_proxy,causal_ohlcv_reconstruction_not_exact_replay
2008-01-01,2024-12-13,2024-12-16,2024-12-23,-0.04464132964122885,"MSTR,YPF,MRVL,TSM",4,0.6,0.75,0.4,0.0,0.21481364439766773,fallback_momentum_proxy,causal_ohlcv_reconstruction_not_exact_replay
2008-01-01,2024-12-20,2024-12-23,2024-12-31,-0.03049497216687736,"MSTR,YPF,MRVL,TSM",4,0.6,0.75,0.4,0.0,0.24860832427302804,fallback_momentum_proxy,causal_ohlcv_reconstruction_not_exact_replay
2008-01-01,2024-12-30,2024-12-31,2025-01-08,0.049589536695881106,"YPF,MSTR,MRVL,TSM",4,0.6,0.75,0.4,0.0,0.26163430796823306,fallback_momentum_proxy,causal_ohlcv_reconstruction_not_exact_replay
2008-01-01,2025-01-07,2025-01-08,2025-01-16,0.015804361998331396,"YPF,MSTR,MRVL,TSM",4,0.6,0.75,0.4,0.0,0.26012770124631013,fallback_momentum_proxy,causal_ohlcv_reconstruction_not_exact_replay
2008-01-01,2025-01-15,2025-01-16,2025-01-24,-0.0020712619899326936,"YPF,MSTR,MRVL,TSM",4,0.6,0.75,0.4,0.0,0.2590224235003886,fallback_momentum_proxy,causal_ohlcv_reconstruction_not_exact_replay
2008-01-01,2025-01-23,2025-01-24,2025-01-31,-0.035452879172891874,"YPF,MRVL,MSTR,TSM",4,0.6,0.75,0.4,0.0,0.2606416841009435,fallback_momentum_proxy,causal_ohlcv_reconstruction_not_exact_replay
2008-01-01,2025-01-30,2025-01-31,2025-02-07,-0.014894228255720891,"YPF,MSTR,MRVL,TSM",4,0.6,0.75,0.4,0.0,0.2732414819664786,fallback_momentum_proxy,causal_ohlcv_reconstruction_not_exact_replay
2008-01-01,2025-02-06,2025-02-07,2025-02-14,0.0073784552916026595,"NFLX,DXCM,MRVL,MSTR",4,0.6,0.75,0.4,0.3,0.2727951034350589,fallback_momentum_proxy,causal_ohlcv_reconstruction_not_exact_replay
2008-01-01,2025-02-13,2025-02-14,2025-02-24,-0.007635269556104328,"SMCI,NFLX,DXCM,MRVL",4,0.6,0.75,0.4,0.15,0.27161667103865256,fallback_momentum_proxy,causal_ohlcv_reconstruction_not_exact_replay
2008-01-01,2025-02-21,2025-02-24,2025-03-03,-0.05654493632750321,"SMCI,SONY,DXCM,NFLX",4,0.6,0.75,0.4,0.15,0.21932805346721315,fallback_momentum_proxy,causal_ohlcv_reconstruction_not_exact_replay
2008-01-01,2025-02-28,2025-03-03,2025-03-10,-0.03809404900596553,"SMCI,GILD,NFLX,DXCM",4,0.6,0.75,0.4,0.15,0.24746077412243583,fallback_momentum_proxy,causal_ohlcv_reconstruction_not_exact_replay
2008-01-01,2025-03-07,2025-03-10,2025-03-17,-0.019991267538784063,"GILD,AMGN",2,0.6,0.75,0.4,0.44999999999999996,0.2528355168201168,fallback_momentum_proxy,causal_ohlcv_reconstruction_not_exact_replay
2008-01-01,2025-03-14,2025-03-17,2025-03-24,-0.015243089920165319,"GILD,EXC,AMGN",3,0.6,0.75,0.4,0.2,0.20463360294868532,fallback_momentum_proxy,causal_ohlcv_reconstruction_not_exact_replay
2008-01-01,2025-03-21,2025-03-24,2025-03-31,0.006825937001618176,"VRTX,AMGN,GILD,EXC",4,0.6,0.75,0.4,0.14999999999999997,0.19414708672163658,fallback_momentum_proxy,causal_ohlcv_reconstruction_not_exact_replay
2008-01-01,2025-03-28,2025-03-31,2025-04-07,-0.03972537405642908,"VRTX,VALE,AMGN,GILD",4,0.6,0.75,0.4,0.15,0.1932408181373875,fallback_momentum_proxy,causal_ohlcv_reconstruction_not_exact_replay
2008-01-01,2025-04-04,2025-04-07,2025-04-14,0.02523392802094053,"EXC,ORLY,AMGN,VRTX",4,0.6,0.75,0.4,0.3,0.15338467942743964,fallback_momentum_proxy,causal_ohlcv_reconstruction_not_exact_replay
2008-01-01,2025-04-11,2025-04-14,2025-04-22,-0.008501357129648522,"EXC,MDLZ,AMGN,ORLY",4,0.6,0.75,0.4,0.15,0.1628841811962225,fallback_momentum_proxy,causal_ohlcv_reconstruction_not_exact_replay
2008-01-01,2025-04-21,2025-04-22,2025-04-29,-0.009110612730833622,"MDLZ,EXC,ORLY",3,0.6,0.75,0.4,0.14999999999999997,0.16102041110645926,fallback_momentum_proxy,causal_ohlcv_reconstruction_not_exact_replay
2008-01-01,2025-04-28,2025-04-29,2025-05-06,-0.008217935808279892,"SMCI,MSTR,MDLZ,ORLY",4,0.6,0.75,0.4,0.3,0.15598469946736415,fallback_momentum_proxy,causal_ohlcv_reconstruction_not_exact_replay
2008-01-01,2025-05-05,2025-05-06,2025-05-13,-7.718037366823919e-05,"MSTR,MNST,MDLZ,ORLY",4,0.6,0.75,0.4,0.15,0.15642134696717003,fallback_momentum_proxy,causal_ohlcv_reconstruction_not_exact_replay
2008-01-01,2025-05-12,2025-05-13,2025-05-20,0.005639345408016294,"MCHP,MSTR,MDLZ,MNST",4,0.6,0.75,0.4,0.15,0.15274362381699585,fallback_momentum_proxy,causal_ohlcv_reconstruction_not_exact_replay
2008-01-01,2025-05-19,2025-05-20,2025-05-28,-0.03033051503710327,"MSTR,CDNS,MDLZ,MNST",4,0.6,0.75,0.4,0.15,0.15745590675553062,fallback_momentum_proxy,causal_ohlcv_reconstruction_not_exact_replay
2008-01-01,2025-05-27,2025-05-28,2025-06-04,0.00759305232744829,"CCJ,MSTR,MDLZ,CDNS",4,0.6,0.75,0.4,0.15,0.13290302821022174,fallback_momentum_proxy,causal_ohlcv_reconstruction_not_exact_replay
2008-01-01,2025-06-03,2025-06-04,2025-06-11,0.023666094447690033,"CCJ,NFLX,CDNS,MSTR",4,0.6,0.75,0.4,0.15,0.12334099586264084,fallback_momentum_proxy,causal_ohlcv_reconstruction_not_exact_replay
2008-01-01,2025-06-10,2025-06-11,2025-06-18,-0.0006143121695343149,"CCJ,MCHP,CDNS,NFLX",4,0.6,0.75,0.4,0.15,0.13389757599056776,fallback_momentum_proxy,causal_ohlcv_reconstruction_not_exact_replay
2008-01-01,2025-06-17,2025-06-18,2025-06-26,0.02927647940044102,"CCJ,MU,CDNS,NFLX",4,0.6,0.75,0.4,0.15,0.1315006346065288,fallback_momentum_proxy,causal_ohlcv_reconstruction_not_exact_replay
2008-01-01,2025-06-25,2025-06-26,2025-07-03,0.0038787958833917157,"CCJ,MU,CDNS,NFLX",4,0.6,0.75,0.4,0.0,0.14515673098984133,fallback_momentum_proxy,causal_ohlcv_reconstruction_not_exact_replay
2008-01-01,2025-07-02,2025-07-03,2025-07-11,-0.0073233902558275665,"MCHP,CCJ,CDNS,NFLX",4,0.6,0.75,0.4,0.15,0.11736008082380327,fallback_momentum_proxy,causal_ohlcv_reconstruction_not_exact_replay
2008-01-01,2025-07-10,2025-07-11,2025-07-18,-0.0011880091119234378,"MCHP,MU,CDNS,CCJ",4,0.6,0.75,0.4,0.15,0.10847826222791648,fallback_momentum_proxy,causal_ohlcv_reconstruction_not_exact_replay
2008-01-01,2025-07-17,2025-07-18,2025-07-25,0.006981780202707911,"CCJ,AMD,CDNS,MCHP",4,0.6,0.75,0.4,0.15,0.10681808222393799,fallback_momentum_proxy,causal_ohlcv_reconstruction_not_exact_replay
2008-01-01,2025-07-24,2025-07-25,2025-08-01,-0.002843991013498238,"CCJ,AMD,MCHP,CDNS",4,0.6,0.75,0.4,0.0,0.10495149905627076,fallback_momentum_proxy,causal_ohlcv_reconstruction_not_exact_replay
2008-01-01,2025-07-31,2025-08-01,2025-08-08,-0.032902271173020595,"SMCI,AMD,CCJ,MCHP",4,0.6,0.75,0.4,0.15,0.10311707450305903,fallback_momentum_proxy,causal_ohlcv_reconstruction_not_exact_replay
2008-01-01,2025-08-07,2025-08-08,2025-08-15,0.013449645275335825,"AMD,CCJ,SMCI,MCHP",4,0.6,0.75,0.4,0.0,0.12552587346136673,fallback_momentum_proxy,causal_ohlcv_reconstruction_not_exact_replay
2008-01-01,2025-08-14,2025-08-15,2025-08-22,-0.000912240485709372,"AMD,CCJ,MCHP",3,0.6,0.75,0.4,0.14999999999999997,0.12794700801172104,fallback_momentum_proxy,causal_ohlcv_reconstruction_not_exact_replay
2008-01-01,2025-08-21,2025-08-22,2025-08-29,-0.008244905608719249,"AMD,IDXX,CCJ,MCHP",4,0.6,0.75,0.4,0.14999999999999997,0.108950583399067,fallback_momentum_proxy,causal_ohlcv_reconstruction_not_exact_replay
2008-01-01,2025-08-28,2025-08-29,2025-09-08,-0.009146244538605562,"AMD,INTC,CCJ,MCHP",4,0.6,0.75,0.4,0.15,0.11077541739913335,fallback_momentum_proxy,causal_ohlcv_reconstruction_not_exact_replay
2008-01-01,2025-09-05,2025-09-08,2025-09-15,0.03397140604071258,"GOOGL,GOOG,AMD,INTC",4,0.6,0.75,0.4,0.3,0.10182446643974931,fallback_momentum_proxy,causal_ohlcv_reconstruction_not_exact_replay
2008-01-01,2025-09-12,2025-09-15,2025-09-22,0.001096858807070461,"WBD,GOOGL,GOOG,AMD",4,0.6,0.75,0.4,0.15,0.1231870854627159,fallback_momentum_proxy,causal_ohlcv_reconstruction_not_exact_replay
2008-01-01,2025-09-19,2025-09-22,2025-09-29,-0.014353854214661625,"WBD,GOOGL,GOOG,AMD",4,0.6,0.75,0.4,0.0,0.10811152602719963,fallback_momentum_proxy,causal_ohlcv_reconstruction_not_exact_replay
2008-01-01,2025-09-26,2025-09-29,2025-10-06,0.01923930155907012,"WBD,INTC,GOOG,GOOGL",4,0.6,0.75,0.4,0.15,0.11114749182454892,fallback_momentum_proxy,causal_ohlcv_reconstruction_not_exact_replay
2008-01-01,2025-10-03,2025-10-06,2025-10-13,-0.01549621696772963,"WBD,INTC,GOOG,GOOGL",4,0.6,0.75,0.4,0.0,0.11781929978602157,fallback_momentum_proxy,causal_ohlcv_reconstruction_not_exact_replay
2008-01-01,2025-10-10,2025-10-13,2025-10-20,0.026586687807953,"INTC,MU,GOOG,WBD",4,0.6,0.75,0.4,0.15,0.12204552751806508,fallback_momentum_proxy,causal_ohlcv_reconstruction_not_exact_replay
2008-01-01,2025-10-17,2025-10-20,2025-10-27,0.04514465227631591,"MU,INTC,GOOG,WBD",4,0.6,0.75,0.4,0.0,0.13318340867194747,fallback_momentum_proxy,causal_ohlcv_reconstruction_not_exact_replay
2008-01-01,2025-10-24,2025-10-27,2025-11-03,0.026595243103343436,"MU,INTC,GOOG,WBD",4,0.6,0.75,0.4,0.0,0.15918759605233931,fallback_momentum_proxy,causal_ohlcv_reconstruction_not_exact_replay
2008-01-01,2025-10-31,2025-11-03,2025-11-10,0.01595933159476528,"MU,INTC,GOOG,WBD",4,0.6,0.75,0.4,0.0,0.14115734707620542,fallback_momentum_proxy,causal_ohlcv_reconstruction_not_exact_replay
2008-01-01,2025-11-07,2025-11-10,2025-11-17,-0.02545403412723201,"WBD,MU,GOOG,INTC",4,0.6,0.75,0.4,0.0,0.14152455284890106,fallback_momentum_proxy,causal_ohlcv_reconstruction_not_exact_replay
2008-01-01,2025-11-14,2025-11-17,2025-11-24,0.011550727678740057,"MU,WBD,GOOG,INTC",4,0.6,0.75,0.4,0.0,0.1573227611326035,fallback_momentum_proxy,causal_ohlcv_reconstruction_not_exact_replay
2008-01-01,2025-11-21,2025-11-24,2025-12-02,0.05241471357981239,"WBD,MU,GOOG,INTC",4,0.6,0.75,0.4,0.0,0.15336713597357116,fallback_momentum_proxy,causal_ohlcv_reconstruction_not_exact_replay
2008-01-01,2025-12-01,2025-12-02,2025-12-09,0.02157835617999334,"WBD,MU,GOOG,INTC",4,0.6,0.75,0.4,0.0,0.16897220012393965,fallback_momentum_proxy,causal_ohlcv_reconstruction_not_exact_replay
2008-01-01,2025-12-08,2025-12-09,2025-12-16,-0.017808395553047987,"AMAT,INTC,GOOG,WBD",4,0.6,0.75,0.4,0.15,0.1646191572576997,fallback_momentum_proxy,causal_ohlcv_reconstruction_not_exact_replay
2008-01-01,2025-12-15,2025-12-16,2025-12-23,0.0021186815072325336,"WBD,AMAT,INTC,GOOG",4,0.6,0.75,0.4,0.0,0.17490124873854354,fallback_momentum_proxy,causal_ohlcv_reconstruction_not_exact_replay
2008-01-01,2025-12-22,2025-12-23,2025-12-31,0.0037290520603451005,"MU,WBD,AMAT,INTC",4,0.6,0.75,0.4,0.15,0.16698108450808075,fallback_momentum_proxy,causal_ohlcv_reconstruction_not_exact_replay
2008-01-01,2025-12-30,2025-12-31,2026-01-08,0.04487185955759984,"MU,WBD,AMAT",3,0.6,0.75,0.4,0.14999999999999997,0.1675457797526436,fallback_momentum_proxy,causal_ohlcv_reconstruction_not_exact_replay
2008-01-01,2026-01-07,2026-01-08,2026-01-15,0.024703594075623975,"MU,ILMN,AMAT,WBD",4,0.6,0.75,0.4,0.14999999999999997,0.16743528126229118,fallback_momentum_proxy,causal_ohlcv_reconstruction_not_exact_replay
2008-01-01,2026-01-14,2026-01-15,2026-01-23,0.030430668345294388,"MU,LRCX,AMAT,WBD",4,0.6,0.75,0.4,0.15,0.16702297185545079,fallback_momentum_proxy,causal_ohlcv_reconstruction_not_exact_replay
2008-01-01,2026-01-22,2026-01-23,2026-01-30,0.02102960478227009,"MU,INTC,AMAT,LRCX",4,0.6,0.75,0.4,0.15,0.15869008315490182,fallback_momentum_proxy,causal_ohlcv_reconstruction_not_exact_replay
2008-01-01,2026-01-29,2026-01-30,2026-02-06,0.004513460287281794,"MU,LRCX,AMAT,INTC",4,0.6,0.75,0.4,0.0,0.15744603407068103,fallback_momentum_proxy,causal_ohlcv_reconstruction_not_exact_replay
2008-01-01,2026-02-05,2026-02-06,2026-02-13,0.017593320288756813,"MU,ODFL,AMAT,LRCX",4,0.6,0.75,0.4,0.15,0.15892401248257515,fallback_momentum_proxy,causal_ohlcv_reconstruction_not_exact_replay
2008-01-01,2026-02-12,2026-02-13,2026-02-23,0.016279920375257904,"MU,LRCX,AMAT,ODFL",4,0.6,0.75,0.4,0.0,0.13312300409594427,fallback_momentum_proxy,causal_ohlcv_reconstruction_not_exact_replay
2008-01-01,2026-02-20,2026-02-23,2026-03-02,0.0002455265732447306,"MU,AMAT,LRCX,ODFL",4,0.6,0.75,0.4,0.0,0.1324528728125288,fallback_momentum_proxy,causal_ohlcv_reconstruction_not_exact_replay
2008-01-01,2026-02-27,2026-03-02,2026-03-09,-0.04201350905704998,"MU,ODFL,AMAT,LRCX",4,0.6,0.75,0.4,0.0,0.11401823947204767,fallback_momentum_proxy,causal_ohlcv_reconstruction_not_exact_replay
2008-01-01,2026-03-06,2026-03-09,2026-03-16,0.020525210817809968,"PBR,MU,AMAT,ODFL",4,0.6,0.75,0.4,0.15,0.15794277411405924,fallback_momentum_proxy,causal_ohlcv_reconstruction_not_exact_replay
2008-01-01,2026-03-13,2026-03-16,2026-03-23,-0.0008440256123187833,"MU,PBR,AMAT,ODFL",4,0.6,0.75,0.4,0.0,0.14812293283710706,fallback_momentum_proxy,causal_ohlcv_reconstruction_not_exact_replay
2008-01-01,2026-03-20,2026-03-23,2026-03-30,-0.03298006654142798,"PBR,MU,AMAT,ODFL",4,0.6,0.75,0.4,0.0,0.14909409491694273,fallback_momentum_proxy,causal_ohlcv_reconstruction_not_exact_replay
2008-01-01,2026-03-27,2026-03-30,2026-04-07,0.020666806609801115,"PBR,BP,AMAT,ODFL",4,0.6,0.75,0.4,0.15,0.17359550516231775,fallback_momentum_proxy,causal_ohlcv_reconstruction_not_exact_replay
2008-01-01,2026-04-06,2026-04-07,2026-04-14,0.024929006781377987,"PBR,BP,AMAT,ODFL",4,0.6,0.75,0.4,0.0,0.157714481463201,fallback_momentum_proxy,causal_ohlcv_reconstruction_not_exact_replay
2008-01-01,2026-04-13,2026-04-14,2026-04-21,0.03008250422299663,"MRVL,PBR,AMAT,ODFL",4,0.6,0.75,0.4,0.15,0.15782671356611444,fallback_momentum_proxy,causal_ohlcv_reconstruction_not_exact_replay
2008-01-01,2026-04-20,2026-04-21,2026-04-28,0.006132014991426821,"MRVL,ON,AMAT,ODFL",4,0.6,0.75,0.4,0.15,0.1576012103913415,fallback_momentum_proxy,causal_ohlcv_reconstruction_not_exact_replay
2008-01-01,2026-04-27,2026-04-28,2026-05-05,0.05144705959648706,"INTC,MRVL,AMAT,ODFL",4,0.6,0.75,0.4,0.15,0.1544849310233355,fallback_momentum_proxy,causal_ohlcv_reconstruction_not_exact_replay
2008-01-01,2026-05-04,2026-05-05,2026-05-12,0.027926641872369505,"INTC,MRVL,AMAT",3,0.6,0.75,0.4,0.14999999999999997,0.17956519274106109,fallback_momentum_proxy,causal_ohlcv_reconstruction_not_exact_replay
2008-01-01,2026-05-11,2026-05-12,2026-05-19,-0.021374497605862935,"INTC,AMD,AMAT,MRVL",4,0.6,0.75,0.4,0.14999999999999997,0.1827759653656926,fallback_momentum_proxy,causal_ohlcv_reconstruction_not_exact_replay
2008-01-01,2026-05-18,2026-05-19,2026-05-27,0.07890472460685534,"INTC,AMD,AMAT,MRVL",4,0.6,0.75,0.4,0.0,0.19249649214832432,fallback_momentum_proxy,causal_ohlcv_reconstruction_not_exact_replay
2008-01-01,2026-05-26,2026-05-27,2026-06-03,0.0983531454086835,"INTC,AMD,AMAT,MRVL",4,0.6,0.75,0.4,0.0,0.23871595077363275,fallback_momentum_proxy,causal_ohlcv_reconstruction_not_exact_replay
2008-01-01,2026-06-02,2026-06-03,2026-06-10,-0.07651757334661136,"MRVL,MU,AMAT,AMD",4,0.6,0.75,0.4,0.15,0.25995054399048456,fallback_momentum_proxy,causal_ohlcv_reconstruction_not_exact_replay
2008-01-01,2026-06-09,2026-06-10,2026-06-17,0.09625711007535916,"MRVL,AMD,AMAT,MU",4,0.6,0.6663317819088813,0.4,0.0,0.3301658512666957,fallback_momentum_proxy,causal_ohlcv_reconstruction_not_exact_replay
2010-01-01,2011-01-03,2011-01-04,2011-01-11,0.08692701965603805,"YPF,NVDA",2,0.6,0.6,0.4,0.3,,fallback_momentum_proxy,causal_ohlcv_reconstruction_not_exact_replay
2010-01-01,2011-01-10,2011-01-11,2011-01-19,0.014460050129662606,"NVDA,ON,YPF",3,0.6,0.6,0.4,0.2,,fallback_momentum_proxy,causal_ohlcv_reconstruction_not_exact_replay
2010-01-01,2011-01-18,2011-01-19,2011-01-26,0.01857065366388717,"NVDA,ON,YPF",3,0.6,0.6,0.4,0.0,,fallback_momentum_proxy,causal_ohlcv_reconstruction_not_exact_replay
2010-01-01,2011-01-25,2011-01-26,2011-02-02,0.009466889170908587,"NVDA,ON,YPF",3,0.6,0.6,0.4,0.0,,fallback_momentum_proxy,causal_ohlcv_reconstruction_not_exact_replay
2010-01-01,2011-02-01,2011-02-02,2011-02-09,-0.023964890125781645,"NVDA,ON,YPF",3,0.6,0.75,0.4,0.0,0.22838281215881054,fallback_momentum_proxy,causal_ohlcv_reconstruction_not_exact_replay
2010-01-01,2011-02-08,2011-02-09,2011-02-16,0.005814685612196285,"NVDA,MU,YPF,ON",4,0.6,0.75,0.4,0.14999999999999997,0.26099522144064324,fallback_momentum_proxy,causal_ohlcv_reconstruction_not_exact_replay
2010-01-01,2011-02-15,2011-02-16,2011-02-24,-0.016400275387401176,"MU,NVDA,ON,YPF",4,0.6,0.75,0.4,0.0,0.24176651814242467,fallback_momentum_proxy,causal_ohlcv_reconstruction_not_exact_replay
2010-01-01,2011-02-23,2011-02-24,2011-03-03,-0.0014572058886767275,"TTWO,NVDA,YPF,ON",4,0.6,0.75,0.4,0.15,0.24057608749308412,fallback_momentum_proxy,causal_ohlcv_reconstruction_not_exact_replay
2010-01-01,2011-03-02,2011-03-03,2011-03-10,-0.05587302932737333,"VRTX,TTWO,ON,NVDA",4,0.6,0.75,0.4,0.15,0.22786784113734315,fallback_momentum_proxy,causal_ohlcv_reconstruction_not_exact_replay
2010-01-01,2011-03-09,2011-03-10,2011-03-17,-0.007134524683176579,"VRTX,REGN,NVDA,TTWO",4,0.6,0.75,0.4,0.15,0.2637977016063628,fallback_momentum_proxy,causal_ohlcv_reconstruction_not_exact_replay
2010-01-01,2011-03-16,2011-03-17,2011-03-24,0.02630898559636108,"VRTX,FTNT,NVDA,TTWO",4,0.6,0.75,0.4,0.15,0.2514528502483902,fallback_momentum_proxy,causal_ohlcv_reconstruction_not_exact_replay
2010-01-01,2011-03-23,2011-03-24,2011-03-31,0.01482470052334046,"MSTR,SMCI,NVDA,TTWO",4,0.6,0.75,0.4,0.3,0.24455505264048025,fallback_momentum_proxy,causal_ohlcv_reconstruction_not_exact_replay
2010-01-01,2011-03-30,2011-03-31,2011-04-07,-0.005705436610100612,"MSTR,REGN,NVDA,TTWO",4,0.6,0.75,0.4,0.15,0.23493523461510651,fallback_momentum_proxy,causal_ohlcv_reconstruction_not_exact_replay
2010-01-01,2011-04-06,2011-04-07,2011-04-14,-0.004477845280651759,"MSTR,REGN,TTWO",3,0.6,0.75,0.4,0.14999999999999997,0.15581826907470991,fallback_momentum_proxy,causal_ohlcv_reconstruction_not_exact_replay
2010-01-01,2011-04-13,2011-04-14,2011-04-21,0.024127477193613543,"MSTR,TMUS,TTWO,REGN",4,0.6,0.75,0.4,0.14999999999999997,0.15179655276015472,fallback_momentum_proxy,causal_ohlcv_reconstruction_not_exact_replay
2010-01-01,2011-04-20,2011-04-21,2011-04-29,0.0229595006493964,"REGN,MELI,TTWO,MSTR",4,0.6,0.75,0.4,0.15,0.15562723251342858,fallback_momentum_proxy,causal_ohlcv_reconstruction_not_exact_replay
2010-01-01,2011-04-28,2011-04-29,2011-05-06,-0.016428993275534265,"REGN,BIIB,MSTR,TTWO",4,0.6,0.75,0.4,0.15,0.1624373841340899,fallback_momentum_proxy,causal_ohlcv_reconstruction_not_exact_replay
2010-01-01,2011-05-05,2011-05-06,2011-05-13,0.012034627791388442,"BIIB,VRTX,TTWO,MSTR",4,0.6,0.75,0.4,0.15,0.15862057143048947,fallback_momentum_proxy,causal_ohlcv_reconstruction_not_exact_replay
2010-01-01,2011-05-12,2011-05-13,2011-05-20,0.007163409803433452,"VRTX,BIIB,TTWO,MSTR",4,0.6,0.75,0.4,0.0,0.1602747418193969,fallback_momentum_proxy,causal_ohlcv_reconstruction_not_exact_replay
2010-01-01,2011-05-19,2011-05-20,2011-05-27,0.000639800333550905,"REGN,BIIB,MSTR,TTWO",4,0.6,0.75,0.4,0.15,0.1570580239603784,fallback_momentum_proxy,causal_ohlcv_reconstruction_not_exact_replay
2010-01-01,2011-05-26,2011-05-27,2011-06-06,-0.028710588903013923,"REGN,SIRI,TTWO,MSTR",4,0.6,0.75,0.4,0.15,0.15695049415024864,fallback_momentum_proxy,causal_ohlcv_reconstruction_not_exact_replay
2010-01-01,2011-06-03,2011-06-06,2011-06-13,-0.016076106746942855,"REGN,NFLX,TTWO,MSTR",4,0.6,0.75,0.4,0.15,0.1185305476583445,fallback_momentum_proxy,causal_ohlcv_reconstruction_not_exact_replay
2010-01-01,2011-06-10,2011-06-13,2011-06-20,-0.012376921359523684,"REGN,MNST,TTWO,NFLX",4,0.6,0.75,0.4,0.15,0.12334683412283744,fallback_momentum_proxy,causal_ohlcv_reconstruction_not_exact_replay
2010-01-01,2011-06-17,2011-06-20,2011-06-27,0.028357045162692725,"REGN,BIIB,MNST,NFLX",4,0.6,0.75,0.4,0.15,0.11559717658808127,fallback_momentum_proxy,causal_ohlcv_reconstruction_not_exact_replay
2010-01-01,2011-06-24,2011-06-27,2011-07-05,0.04644233697822259,"BIIB,MNST,NFLX,REGN",4,0.6,0.75,0.4,0.0,0.12589109570865475,fallback_momentum_proxy,causal_ohlcv_reconstruction_not_exact_replay
2010-01-01,2011-07-01,2011-07-05,2011-07-12,-0.01885456472449455,"BIIB,MNST,NFLX,REGN",4,0.6,0.75,0.4,0.0,0.15374879646954848,fallback_momentum_proxy,causal_ohlcv_reconstruction_not_exact_replay
2010-01-01,2011-07-11,2011-07-12,2011-07-19,0.008951666130365786,"FTNT,BIIB,MNST,NFLX",4,0.6,0.75,0.4,0.15,0.1602453480002453,fallback_momentum_proxy,causal_ohlcv_reconstruction_not_exact_replay
2010-01-01,2011-07-18,2011-07-19,2011-07-26,-0.05957490950188245,"FTNT,MSTR,MNST,NFLX",4,0.6,0.75,0.4,0.15,0.1547906700310539,fallback_momentum_proxy,causal_ohlcv_reconstruction_not_exact_replay
2010-01-01,2011-07-25,2011-07-26,2011-08-02,-0.026491303389877607,"GOOGL,GOOG,MNST,NFLX",4,0.6,0.75,0.4,0.3,0.19138565277923592,fallback_momentum_proxy,causal_ohlcv_reconstruction_not_exact_replay
2010-01-01,2011-08-01,2011-08-02,2011-08-09,-0.012249243138655401,"AAPL,GOOGL,GOOG,MNST",4,0.6,0.75,0.4,0.15,0.19522141048575978,fallback_momentum_proxy,causal_ohlcv_reconstruction_not_exact_replay
2010-01-01,2011-08-08,2011-08-09,2011-08-16,-0.020543988673618264,"GOOG,GOOGL,AAPL",3,0.6,0.75,0.4,0.14999999999999997,0.192081021465752,fallback_momentum_proxy,causal_ohlcv_reconstruction_not_exact_replay
2010-01-01,2011-08-15,2011-08-16,2011-08-23,-0.004938530502294552,"MNST,AAPL,GOOG,GOOGL",4,0.6,0.75,0.4,0.14999999999999997,0.19122747843116145,fallback_momentum_proxy,causal_ohlcv_reconstruction_not_exact_replay
2010-01-01,2011-08-22,2011-08-23,2011-08-30,0.02640255751890794,"MNST,ORLY",2,0.6,0.75,0.4,0.44999999999999996,0.19030369206456346,fallback_momentum_proxy,causal_ohlcv_reconstruction_not_exact_replay
2010-01-01,2011-08-29,2011-08-30,2011-09-07,-1.713516331498799e-07,"MNST,ORLY",2,0.6,0.75,0.4,0.0,0.1979577508545128,fallback_momentum_proxy,causal_ohlcv_reconstruction_not_exact_replay
2010-01-01,2011-09-06,2011-09-07,2011-09-14,-0.010136580751766777,"REGN,MNST,ORLY",3,0.6,0.75,0.4,0.2,0.19667666802828293,fallback_momentum_proxy,causal_ohlcv_reconstruction_not_exact_replay
2010-01-01,2011-09-13,2011-09-14,2011-09-21,0.02738575045683422,"REGN,MNST,ORLY",3,0.6,0.75,0.4,0.0,0.19630065072001002,fallback_momentum_proxy,causal_ohlcv_reconstruction_not_exact_replay
2010-01-01,2011-09-20,2011-09-21,2011-09-28,-0.029336738544986772,"AMZN,AAPL,MNST,REGN",4,0.6,0.75,0.4,0.3,0.19562483986488569,fallback_momentum_proxy,causal_ohlcv_reconstruction_not_exact_replay
2010-01-01,2011-09-27,2011-09-28,2011-10-05,-0.028540049091938087,"AAPL,REGN,AMZN,MNST",4,0.6,0.75,0.4,0.0,0.1679040202887964,fallback_momentum_proxy,causal_ohlcv_reconstruction_not_exact_replay
2010-01-01,2011-10-04,2011-10-05,2011-10-12,0.028076158686032457,"MRVL,ORLY,AAPL,MNST",4,0.6,0.75,0.4,0.3,0.17120731018657467,fallback_momentum_proxy,causal_ohlcv_reconstruction_not_exact_replay
2010-01-01,2011-10-11,2011-10-12,2011-10-19,-0.01144191958025221,"ROST,MNST,AAPL,MRVL",4,0.6,0.75,0.4,0.15,0.1844755294179444,fallback_momentum_proxy,causal_ohlcv_reconstruction_not_exact_replay
2010-01-01,2011-10-18,2011-10-19,2011-10-26,-0.03339710263653475,"MNST,AMZN,AAPL,ROST",4,0.6,0.75,0.4,0.15,0.14901085676895642,fallback_momentum_proxy,causal_ohlcv_reconstruction_not_exact_replay
2010-01-01,2011-10-25,2011-10-26,2011-11-02,0.00960051237754918,"TTWO,ASML,AAPL,MNST",4,0.6,0.75,0.4,0.3,0.15385344782340893,fallback_momentum_proxy,causal_ohlcv_reconstruction_not_exact_replay
2010-01-01,2011-11-01,2011-11-02,2011-11-09,-0.0019356697445674085,"TTWO,FTNT,AAPL,ASML",4,0.6,0.75,0.4,0.15,0.1559875707906254,fallback_momentum_proxy,causal_ohlcv_reconstruction_not_exact_replay
2010-01-01,2011-11-08,2011-11-09,2011-11-16,-0.017323901305808895,"MELI,CSGP,AAPL,TTWO",4,0.6,0.75,0.4,0.3,0.15173764509902465,fallback_momentum_proxy,causal_ohlcv_reconstruction_not_exact_replay
2010-01-01,2011-11-15,2011-11-16,2011-11-23,-0.036098991107031235,"FTNT,MELI,AAPL,TTWO",4,0.6,0.75,0.4,0.15,0.15463163145121694,fallback_momentum_proxy,causal_ohlcv_reconstruction_not_exact_replay
2010-01-01,2011-11-22,2011-11-23,2011-12-01,0.03625724216680839,"MELI,FTNT",2,0.6,0.75,0.4,0.3,0.15261602450250414,fallback_momentum_proxy,causal_ohlcv_reconstruction_not_exact_replay
2010-01-01,2011-11-30,2011-12-01,2011-12-08,-0.003531331424313256,"MELI,CSGP,FTNT",3,0.6,0.75,0.4,0.2,0.17667632320673185,fallback_momentum_proxy,causal_ohlcv_reconstruction_not_exact_replay
2010-01-01,2011-12-07,2011-12-08,2011-12-15,-0.026962814212911423,"MELI,FTNT,CSGP",3,0.6,0.75,0.4,0.0,0.176427483776218,fallback_momentum_proxy,causal_ohlcv_reconstruction_not_exact_replay
2010-01-01,2011-12-14,2011-12-15,2011-12-22,0.0037994659340122973,"MELI,KLAC,FTNT,CSGP",4,0.6,0.75,0.4,0.14999999999999997,0.16611466282197065,fallback_momentum_proxy,causal_ohlcv_reconstruction_not_exact_replay
2010-01-01,2011-12-21,2011-12-22,2011-12-30,0.0011522075677548376,"ODFL,MELI,KLAC,FTNT",4,0.6,0.75,0.4,0.15,0.16209280383333702,fallback_momentum_proxy,causal_ohlcv_reconstruction_not_exact_replay
2010-01-01,2011-12-29,2011-12-30,2012-01-09,0.018418067702787082,"MELI,MU,ODFL,KLAC",4,0.6,0.75,0.4,0.15,0.15549758620006623,fallback_momentum_proxy,causal_ohlcv_reconstruction_not_exact_replay
2010-01-01,2012-01-06,2012-01-09,2012-01-17,0.004979201279811762,"MU,CTAS,ODFL,KLAC",4,0.6,0.75,0.4,0.15,0.1477788512194687,fallback_momentum_proxy,causal_ohlcv_reconstruction_not_exact_replay
2010-01-01,2012-01-13,2012-01-17,2012-01-24,0.020929283838311906,"REGN,ILMN,ODFL,KLAC",4,0.6,0.75,0.4,0.3,0.14835863991945758,fallback_momentum_proxy,causal_ohlcv_reconstruction_not_exact_replay
2010-01-01,2012-01-23,2012-01-24,2012-01-31,0.02047439464255637,"MU,REGN,ODFL,KLAC",4,0.6,0.75,0.4,0.15,0.14062970629545973,fallback_momentum_proxy,causal_ohlcv_reconstruction_not_exact_replay
2010-01-01,2012-01-30,2012-01-31,2012-02-07,0.030269670755656706,"ILMN,NFLX,ODFL,REGN",4,0.6,0.75,0.4,0.3,0.1451834890230656,fallback_momentum_proxy,causal_ohlcv_reconstruction_not_exact_replay
2010-01-01,2012-02-06,2012-02-07,2012-02-14,0.015521333737048407,"REGN,ILMN,ODFL,NFLX",4,0.6,0.75,0.4,0.0,0.15552831433315742,fallback_momentum_proxy,causal_ohlcv_reconstruction_not_exact_replay
2010-01-01,2012-02-13,2012-02-14,2012-02-22,-0.037504800584078686,"REGN,ILMN,ODFL,NFLX",4,0.6,0.75,0.4,0.0,0.14933455121080857,fallback_momentum_proxy,causal_ohlcv_reconstruction_not_exact_replay
2010-01-01,2012-02-21,2012-02-22,2012-02-29,0.006048822180950958,"ILMN,REGN,ODFL,NFLX",4,0.6,0.75,0.4,0.0,0.151112504825503,fallback_momentum_proxy,causal_ohlcv_reconstruction_not_exact_replay
2010-01-01,2012-02-28,2012-02-29,2012-03-07,-0.00450842347708642,"REGN,ILMN,ODFL,NFLX",4,0.6,0.75,0.4,0.0,0.1370977135599061,fallback_momentum_proxy,causal_ohlcv_reconstruction_not_exact_replay
2010-01-01,2012-03-06,2012-03-07,2012-03-14,0.01630795893803496,"REGN,ILMN,ODFL,NFLX",4,0.6,0.75,0.4,0.0,0.13735828657143886,fallback_momentum_proxy,causal_ohlcv_reconstruction_not_exact_replay
2010-01-01,2012-03-13,2012-03-14,2012-03-21,0.03188923435518209,"REGN,ILMN,ODFL,NFLX",4,0.6,0.75,0.4,0.0,0.12061919821106833,fallback_momentum_proxy,causal_ohlcv_reconstruction_not_exact_replay
2010-01-01,2012-03-20,2012-03-21,2012-03-28,-0.005329122826273624,"REGN,ILMN,ODFL,NFLX",4,0.6,0.75,0.4,0.0,0.12908487457473244,fallback_momentum_proxy,causal_ohlcv_reconstruction_not_exact_replay
2010-01-01,2012-03-27,2012-03-28,2012-04-04,0.0034726640466862177,"REGN,NFLX,ODFL,ILMN",4,0.6,0.75,0.4,0.0,0.13170185469480658,fallback_momentum_proxy,causal_ohlcv_reconstruction_not_exact_replay
2010-01-01,2012-04-03,2012-04-04,2012-04-12,-0.007118506816873722,"REGN,BKNG,ODFL,NFLX",4,0.6,0.75,0.4,0.15,0.1308252140815547,fallback_momentum_proxy,causal_ohlcv_reconstruction_not_exact_replay
2010-01-01,2012-04-11,2012-04-12,2012-04-19,0.0015094567857296178,"REGN,BKNG,ODFL,NFLX",4,0.6,0.75,0.4,0.0,0.13442671336238382,fallback_momentum_proxy,causal_ohlcv_reconstruction_not_exact_replay
2010-01-01,2012-04-18,2012-04-19,2012-04-26,-0.018476212698103234,"REGN,BKNG,ODFL,NFLX",4,0.6,0.75,0.4,0.0,0.13158538267171044,fallback_momentum_proxy,causal_ohlcv_reconstruction_not_exact_replay
2010-01-01,2012-04-25,2012-04-26,2012-05-03,-0.0018682452450369698,"REGN,BKNG,ODFL",3,0.6,0.75,0.4,0.14999999999999997,0.13574906322962085,fallback_momentum_proxy,causal_ohlcv_reconstruction_not_exact_replay
2010-01-01,2012-05-02,2012-05-03,2012-05-10,-0.030423656140846606,"BKNG,EC,ODFL,REGN",4,0.6,0.75,0.4,0.14999999999999997,0.12183669136969204,fallback_momentum_proxy,causal_ohlcv_reconstruction_not_exact_replay
2010-01-01,2012-05-09,2012-05-10,2012-05-17,-0.023063420963526267,"VRTX,EC,REGN,BKNG",4,0.6,0.75,0.4,0.15,0.13056423315847843,fallback_momentum_proxy,causal_ohlcv_reconstruction_not_exact_replay
2010-01-01,2012-05-16,2012-05-17,2012-05-24,0.024042112798911972,"VRTX,MNST,REGN,BKNG",4,0.6,0.75,0.4,0.15,0.11688102409893444,fallback_momentum_proxy,causal_ohlcv_reconstruction_not_exact_replay
2010-01-01,2012-05-23,2012-05-24,2012-06-01,-0.035352301947855935,"VRTX,MNST,REGN,BKNG",4,0.6,0.75,0.4,0.0,0.12767379924134037,fallback_momentum_proxy,causal_ohlcv_reconstruction_not_exact_replay
2010-01-01,2012-05-31,2012-06-01,2012-06-08,0.016283146188802243,"VRTX,MNST,REGN",3,0.6,0.75,0.4,0.14999999999999997,0.1448534206095384,fallback_momentum_proxy,causal_ohlcv_reconstruction_not_exact_replay
2010-01-01,2012-06-07,2012-06-08,2012-06-15,-0.01920163712911431,"MNST,VRTX,REGN",3,0.6,0.75,0.4,0.0,0.14483857614566256,fallback_momentum_proxy,causal_ohlcv_reconstruction_not_exact_replay
2010-01-01,2012-06-14,2012-06-15,2012-06-22,0.006962969449183175,"MNST,DXCM,VRTX",3,0.6,0.75,0.4,0.19999999999999998,0.12484813987099015,fallback_momentum_proxy,causal_ohlcv_reconstruction_not_exact_replay
2010-01-01,2012-06-21,2012-06-22,2012-06-29,-0.02309846378769702,"VRTX,DXCM,MNST",3,0.6,0.75,0.4,0.0,0.12832601092296053,fallback_momentum_proxy,causal_ohlcv_reconstruction_not_exact_replay
2010-01-01,2012-06-28,2012-06-29,2012-07-09,-0.0028804498500600013,"DXCM,CSGP,VRTX,MNST",4,0.6,0.75,0.4,0.14999999999999997,0.1299041254081754,fallback_momentum_proxy,causal_ohlcv_reconstruction_not_exact_replay
2010-01-01,2012-07-06,2012-07-09,2012-07-16,-0.007325103827818852,"VRTX,DXCM,MNST,CSGP",4,0.6,0.75,0.4,0.0,0.13046477818375546,fallback_momentum_proxy,causal_ohlcv_reconstruction_not_exact_replay
2010-01-01,2012-07-13,2012-07-16,2012-07-23,-0.03756967309486503,"VRTX,DXCM,MNST,CSGP",4,0.6,0.75,0.4,0.0,0.12861549190651728,fallback_momentum_proxy,causal_ohlcv_reconstruction_not_exact_replay
2010-01-01,2012-07-20,2012-07-23,2012-07-30,0.016448264392991775,"VRTX,ASML,DXCM,CSGP",4,0.6,0.75,0.4,0.15,0.13953450958691013,fallback_momentum_proxy,causal_ohlcv_reconstruction_not_exact_replay
2010-01-01,2012-07-27,2012-07-30,2012-08-06,-0.005169688249117104,"TMUS,ASML,VRTX,CSGP",4,0.6,0.75,0.4,0.15,0.1492377772812675,fallback_momentum_proxy,causal_ohlcv_reconstruction_not_exact_replay
2010-01-01,2012-08-03,2012-08-06,2012-08-13,0.011699498975956856,"TMUS,ASML,CSGP",3,0.6,0.75,0.4,0.14999999999999997,0.14229274955334256,fallback_momentum_proxy,causal_ohlcv_reconstruction_not_exact_replay
2010-01-01,2012-08-10,2012-08-13,2012-08-20,0.01878764303310799,"TMUS,SIRI,ASML,CSGP",4,0.6,0.75,0.4,0.14999999999999997,0.14267681108520328,fallback_momentum_proxy,causal_ohlcv_reconstruction_not_exact_replay
2010-01-01,2012-08-17,2012-08-20,2012-08-27,-0.00743162425290717,"TMUS,SIRI,ASML,CSGP",4,0.6,0.75,0.4,0.0,0.13842746980305665,fallback_momentum_proxy,causal_ohlcv_reconstruction_not_exact_replay
2010-01-01,2012-08-24,2012-08-27,2012-09-04,-0.000520824114885843,"TMUS,SIRI,ASML,CSGP",4,0.6,0.75,0.4,0.0,0.12215778876013346,fallback_momentum_proxy,causal_ohlcv_reconstruction_not_exact_replay
2010-01-01,2012-08-31,2012-09-04,2012-09-11,-0.002717211196451691,"TMUS,SIRI,ASML,CSGP",4,0.6,0.75,0.4,0.0,0.11523203402595787,fallback_momentum_proxy,causal_ohlcv_reconstruction_not_exact_replay
2010-01-01,2012-09-10,2012-09-11,2012-09-18,0.0065028882672952485,"TMUS,REGN,ASML,SIRI",4,0.6,0.75,0.4,0.15,0.11046041171345623,fallback_momentum_proxy,causal_ohlcv_reconstruction_not_exact_replay
2010-01-01,2012-09-17,2012-09-18,2012-09-25,0.0032979347015527063,"TMUS,GILD,ASML,REGN",4,0.6,0.75,0.4,0.15,0.11028905545688314,fallback_momentum_proxy,causal_ohlcv_reconstruction_not_exact_replay
2010-01-01,2012-09-24,2012-09-25,2012-10-02,0.043438095422234445,"TMUS,GILD,ASML,REGN",4,0.6,0.75,0.4,0.0,0.10139795266231498,fallback_momentum_proxy,causal_ohlcv_reconstruction_not_exact_replay
2010-01-01,2012-10-01,2012-10-02,2012-10-09,-0.015920391179253184,"TMUS,GILD,ASML,REGN",4,0.6,0.75,0.4,0.0,0.13370634079432075,fallback_momentum_proxy,causal_ohlcv_reconstruction_not_exact_replay
2010-01-01,2012-10-08,2012-10-09,2012-10-16,-0.015385008858528464,"TMUS,GILD,ASML,REGN",4,0.6,0.75,0.4,0.0,0.13770020946651068,fallback_momentum_proxy,causal_ohlcv_reconstruction_not_exact_replay
2010-01-01,2012-10-15,2012-10-16,2012-10-23,-0.013695410494238058,"TMUS,SIRI,REGN,GILD",4,0.6,0.75,0.4,0.15,0.11488558242764677,fallback_momentum_proxy,causal_ohlcv_reconstruction_not_exact_replay
2010-01-01,2012-10-22,2012-10-23,2012-11-01,0.017181039858183332,"SIRI,NFLX,REGN,GILD",4,0.6,0.75,0.4,0.15,0.11689939487342493,fallback_momentum_proxy,causal_ohlcv_reconstruction_not_exact_replay
2010-01-01,2012-10-31,2012-11-01,2012-11-08,-0.0180211271668339,"NFLX,TTWO,GILD,SIRI",4,0.6,0.75,0.4,0.15,0.11949469572932257,fallback_momentum_proxy,causal_ohlcv_reconstruction_not_exact_replay
2010-01-01,2012-11-07,2012-11-08,2012-11-15,0.03032667437419838,"NFLX,ODFL,TTWO,GILD",4,0.6,0.75,0.4,0.15,0.12547974095309858,fallback_momentum_proxy,causal_ohlcv_reconstruction_not_exact_replay
2010-01-01,2012-11-14,2012-11-15,2012-11-23,0.024087994761844984,"NFLX,GILD,ODFL,TTWO",4,0.6,0.75,0.4,0.0,0.13425205562719145,fallback_momentum_proxy,causal_ohlcv_reconstruction_not_exact_replay
2010-01-01,2012-11-21,2012-11-23,2012-11-30,-0.0052771558694648495,"NFLX,GILD,ODFL,TTWO",4,0.6,0.75,0.4,0.0,0.1390107214982971,fallback_momentum_proxy,causal_ohlcv_reconstruction_not_exact_replay
2010-01-01,2012-11-29,2012-11-30,2012-12-07,0.0005319117230829782,"REGN,GILD,ODFL,TTWO",4,0.6,0.75,0.4,0.15,0.1401303810295012,fallback_momentum_proxy,causal_ohlcv_reconstruction_not_exact_replay
2010-01-01,2012-12-06,2012-12-07,2012-12-14,0.019555602993521944,"NFLX,REGN,ODFL,TTWO",4,0.6,0.75,0.4,0.15,0.1395552007011432,fallback_momentum_proxy,causal_ohlcv_reconstruction_not_exact_replay
2010-01-01,2012-12-13,2012-12-14,2012-12-21,-0.022429337269486142,"NFLX,REGN,ODFL,TTWO",4,0.6,0.75,0.4,0.0,0.14265367851595614,fallback_momentum_proxy,causal_ohlcv_reconstruction_not_exact_replay
2010-01-01,2012-12-20,2012-12-21,2012-12-31,-0.004531054240189481,"NFLX,YPF,ODFL,REGN",4,0.6,0.75,0.4,0.15,0.1534496852580421,fallback_momentum_proxy,causal_ohlcv_reconstruction_not_exact_replay
2010-01-01,2012-12-28,2012-12-31,2013-01-08,0.027941353405367728,"NFLX,YPF,ODFL,REGN",4,0.6,0.75,0.4,0.0,0.12714706487507302,fallback_momentum_proxy,causal_ohlcv_reconstruction_not_exact_replay
2010-01-01,2013-01-07,2013-01-08,2013-01-15,-0.0004724012795307149,"NFLX,YPF,ODFL,REGN",4,0.6,0.75,0.4,0.0,0.1336777283074449,fallback_momentum_proxy,causal_ohlcv_reconstruction_not_exact_replay
2010-01-01,2013-01-14,2013-01-15,2013-01-23,0.013924096739412372,"NFLX,MU,ODFL,REGN",4,0.6,0.75,0.4,0.15,0.1277920936883765,fallback_momentum_proxy,causal_ohlcv_reconstruction_not_exact_replay
2010-01-01,2013-01-22,2013-01-23,2013-01-30,0.091380387256944,"MU,NFLX,ODFL,REGN",4,0.6,0.75,0.4,0.0,0.12239959488919722,fallback_momentum_proxy,causal_ohlcv_reconstruction_not_exact_replay
2010-01-01,2013-01-29,2013-01-30,2013-02-06,0.014215371572022083,"NFLX,SMCI,ODFL,REGN",4,0.6,0.75,0.4,0.15,0.20847372622213303,fallback_momentum_proxy,causal_ohlcv_reconstruction_not_exact_replay
2010-01-01,2013-02-05,2013-02-06,2013-02-13,-0.014858795144223478,"NFLX,SONY,ODFL,REGN",4,0.6,0.75,0.4,0.15,0.1972276446606854,fallback_momentum_proxy,causal_ohlcv_reconstruction_not_exact_replay
2010-01-01,2013-02-12,2013-02-13,2013-02-21,-0.023564768347813216,"NFLX,SMCI,ODFL,REGN",4,0.6,0.75,0.4,0.15,0.2032458440095744,fallback_momentum_proxy,causal_ohlcv_reconstruction_not_exact_replay
2010-01-01,2013-02-20,2013-02-21,2013-02-28,-0.02094817829115743,"NFLX,YPF,ODFL,SMCI",4,0.6,0.75,0.4,0.15,0.21292968342733817,fallback_momentum_proxy,causal_ohlcv_reconstruction_not_exact_replay
2010-01-01,2013-02-27,2013-02-28,2013-03-07,0.0005671863199509856,"NFLX,MU,SMCI,ODFL",4,0.6,0.75,0.4,0.15,0.21936840119893353,fallback_momentum_proxy,causal_ohlcv_reconstruction_not_exact_replay
2010-01-01,2013-03-06,2013-03-07,2013-03-14,0.020771015850460626,"NFLX,SONY,ODFL,SMCI",4,0.6,0.75,0.4,0.15,0.21936409449307787,fallback_momentum_proxy,causal_ohlcv_reconstruction_not_exact_replay
2010-01-01,2013-03-13,2013-03-14,2013-03-21,-0.017319736219461694,"NFLX,MU,ODFL,SMCI",4,0.6,0.75,0.4,0.15,0.2196851297603263,fallback_momentum_proxy,causal_ohlcv_reconstruction_not_exact_replay
2010-01-01,2013-03-20,2013-03-21,2013-03-28,0.008851660058157964,"NFLX,SONY,ODFL,SMCI",4,0.6,0.75,0.4,0.15,0.21695491940078257,fallback_momentum_proxy,causal_ohlcv_reconstruction_not_exact_replay
2010-01-01,2013-03-27,2013-03-28,2013-04-05,-0.04184156266348058,"NFLX,SONY,ODFL,SMCI",4,0.6,0.75,0.4,0.0,0.2154377689941533,fallback_momentum_proxy,causal_ohlcv_reconstruction_not_exact_replay
2010-01-01,2013-04-04,2013-04-05,2013-04-12,0.014956315410068165,"NFLX,SONY,ODFL",3,0.6,0.75,0.4,0.14999999999999997,0.23221261316971561,fallback_momentum_proxy,causal_ohlcv_reconstruction_not_exact_replay
2010-01-01,2013-04-11,2013-04-12,2013-04-19,-0.017504127202438678,"NFLX,SONY,ODFL",3,0.6,0.75,0.4,0.0,0.23337301164739463,fallback_momentum_proxy,causal_ohlcv_reconstruction_not_exact_replay
2010-01-01,2013-04-18,2013-04-19,2013-04-26,0.07199149438899365,"NFLX,BIIB,SONY",3,0.6,0.75,0.4,0.19999999999999998,0.23588339470845757,fallback_momentum_proxy,causal_ohlcv_reconstruction_not_exact_replay
2010-01-01,2013-04-25,2013-04-26,2013-05-03,0.0026701746740180727,"VRTX,BIIB,NFLX,SONY",4,0.6,0.75,0.4,0.14999999999999997,0.20490209761596428,fallback_momentum_proxy,causal_ohlcv_reconstruction_not_exact_replay
2010-01-01,2013-05-02,2013-05-03,2013-05-10,0.01202172636555545,"VRTX,REGN,NFLX,BIIB",4,0.6,0.75,0.4,0.15,0.2026151752515218,fallback_momentum_proxy,causal_ohlcv_reconstruction_not_exact_replay
2010-01-01,2013-05-09,2013-05-10,2013-05-17,0.008811226694234004,"VRTX,AMD,REGN,BIIB",4,0.6,0.75,0.4,0.15,0.20193213481117067,fallback_momentum_proxy,causal_ohlcv_reconstruction_not_exact_replay
2010-01-01,2013-05-16,2013-05-17,2013-05-24,-0.006606841728937561,"VRTX,REGN,AMD,BIIB",4,0.6,0.75,0.4,0.0,0.19513880338208164,fallback_momentum_proxy,causal_ohlcv_reconstruction_not_exact_replay
2010-01-01,2013-05-23,2013-05-24,2013-06-03,-0.020249639268337644,"AMD,SONY,REGN,VRTX",4,0.6,0.75,0.4,0.15,0.18933249338637814,fallback_momentum_proxy,causal_ohlcv_reconstruction_not_exact_replay
2010-01-01,2013-05-31,2013-06-03,2013-06-10,0.026016987065527353,"AMD,VRTX,REGN,SONY",4,0.6,0.75,0.4,0.0,0.19577612011032838,fallback_momentum_proxy,causal_ohlcv_reconstruction_not_exact_replay
2010-01-01,2013-06-07,2013-06-10,2013-06-17,-0.015676695741266226,"VRTX,AMD,REGN,SONY",4,0.6,0.75,0.4,0.0,0.19809966192724243,fallback_momentum_proxy,causal_ohlcv_reconstruction_not_exact_replay
2010-01-01,2013-06-14,2013-06-17,2013-06-24,-0.01070626488192547,"VRTX,MU,AMD,REGN",4,0.6,0.75,0.4,0.15,0.1973777419355333,fallback_momentum_proxy,causal_ohlcv_reconstruction_not_exact_replay
2010-01-01,2013-06-21,2013-06-24,2013-07-01,0.026312457514205564,"AMD,MU,REGN,VRTX",4,0.6,0.75,0.4,0.0,0.19897394450818803,fallback_momentum_proxy,causal_ohlcv_reconstruction_not_exact_replay
2010-01-01,2013-06-28,2013-07-01,2013-07-09,-0.010760656828592048,"AMD,MU,VRTX,REGN",4,0.6,0.75,0.4,0.0,0.17930822317299572,fallback_momentum_proxy,causal_ohlcv_reconstruction_not_exact_replay
2010-01-01,2013-07-08,2013-07-09,2013-07-16,0.04416088074321722,"AMD,MU,REGN,VRTX",4,0.6,0.75,0.4,0.0,0.1820837227374023,fallback_momentum_proxy,causal_ohlcv_reconstruction_not_exact_replay
2010-01-01,2013-07-15,2013-07-16,2013-07-23,-0.02688305741619472,"AMD,NFLX,VRTX,REGN",4,0.6,0.75,0.4,0.15,0.18960697824103626,fallback_momentum_proxy,causal_ohlcv_reconstruction_not_exact_replay
2010-01-01,2013-07-22,2013-07-23,2013-07-30,-0.00024021026478502315,"DXCM,REGN,AMD,NFLX",4,0.6,0.75,0.4,0.15,0.1491068175234652,fallback_momentum_proxy,causal_ohlcv_reconstruction_not_exact_replay
2010-01-01,2013-07-29,2013-07-30,2013-08-06,-0.007313901423319817,"CSGP,EA,AMD,REGN",4,0.6,0.75,0.4,0.3,0.14919894982076826,fallback_momentum_proxy,causal_ohlcv_reconstruction_not_exact_replay
2010-01-01,2013-08-05,2013-08-06,2013-08-13,-0.0005089475834205763,"CSGP,TMUS,REGN,EA",4,0.6,0.75,0.4,0.15,0.14864969956279697,fallback_momentum_proxy,causal_ohlcv_reconstruction_not_exact_replay
2010-01-01,2013-08-12,2013-08-13,2013-08-20,-0.018803326824105442,"CSGP,DXCM,EA,TMUS",4,0.6,0.75,0.4,0.15,0.14756782340917604,fallback_momentum_proxy,causal_ohlcv_reconstruction_not_exact_replay
2010-01-01,2013-08-19,2013-08-20,2013-08-27,-0.0042308584671833065,"CSGP,DXCM,TMUS,EA",4,0.6,0.75,0.4,0.0,0.15180209712699266,fallback_momentum_proxy,causal_ohlcv_reconstruction_not_exact_replay
2010-01-01,2013-08-26,2013-08-27,2013-09-04,0.02268360990499143,"DXCM,NFLX,EA,TMUS",4,0.6,0.75,0.4,0.15,0.14636059358992398,fallback_momentum_proxy,causal_ohlcv_reconstruction_not_exact_replay
2010-01-01,2013-09-03,2013-09-04,2013-09-11,0.0140196902937401,"NFLX,DXCM,TMUS,EA",4,0.6,0.75,0.4,0.0,0.1439348398660186,fallback_momentum_proxy,causal_ohlcv_reconstruction_not_exact_replay
2010-01-01,2013-09-10,2013-09-11,2013-09-18,0.002854438369905537,"NFLX,CSGP,EA,DXCM",4,0.6,0.75,0.4,0.15,0.14222425563276483,fallback_momentum_proxy,causal_ohlcv_reconstruction_not_exact_replay
2010-01-01,2013-09-17,2013-09-18,2013-09-25,-0.012611344606132944,"REGN,NFLX,DXCM,EA",4,0.6,0.75,0.4,0.15,0.1393856465473005,fallback_momentum_proxy,causal_ohlcv_reconstruction_not_exact_replay
2010-01-01,2013-09-24,2013-09-25,2013-10-02,0.02463882070179351,"YPF,NFLX,DXCM,REGN",4,0.6,0.75,0.4,0.15,0.13315788083481186,fallback_momentum_proxy,causal_ohlcv_reconstruction_not_exact_replay
2010-01-01,2013-10-01,2013-10-02,2013-10-09,-0.03788350254406564,"REGN,YPF,DXCM,NFLX",4,0.6,0.75,0.4,0.0,0.13909308245464494,fallback_momentum_proxy,causal_ohlcv_reconstruction_not_exact_replay
2010-01-01,2013-10-08,2013-10-09,2013-10-16,0.03570587127877235,"MU,YPF,DXCM,NFLX",4,0.6,0.75,0.4,0.15,0.13008520681621824,fallback_momentum_proxy,causal_ohlcv_reconstruction_not_exact_replay
2010-01-01,2013-10-15,2013-10-16,2013-10-23,-0.005303393419046176,"YPF,DXCM,NFLX,MU",4,0.6,0.75,0.4,0.0,0.14107443418321863,fallback_momentum_proxy,causal_ohlcv_reconstruction_not_exact_replay
2010-01-01,2013-10-22,2013-10-23,2013-10-30,-0.004181438066146452,"YPF,DXCM,NFLX,MU",4,0.6,0.75,0.4,0.0,0.14170858840092693,fallback_momentum_proxy,causal_ohlcv_reconstruction_not_exact_replay
2010-01-01,2013-10-29,2013-10-30,2013-11-06,0.005141629568459273,"YPF,DXCM,NFLX,MU",4,0.6,0.75,0.4,0.0,0.14103819822407934,fallback_momentum_proxy,causal_ohlcv_reconstruction_not_exact_replay
2010-01-01,2013-11-05,2013-11-06,2013-11-13,0.05013818121442776,"MSTR,NFLX,DXCM,YPF",4,0.6,0.75,0.4,0.15,0.14116243744062731,fallback_momentum_proxy,causal_ohlcv_reconstruction_not_exact_replay
2010-01-01,2013-11-12,2013-11-13,2013-11-20,-0.00023371713483351028,"MSTR,YPF,DXCM,NFLX",4,0.6,0.75,0.4,0.0,0.16271069130346433,fallback_momentum_proxy,causal_ohlcv_reconstruction_not_exact_replay
2010-01-01,2013-11-19,2013-11-20,2013-11-27,0.038406113566706174,"MSTR,MU,DXCM,NFLX",4,0.6,0.75,0.4,0.15,0.16164482529363808,fallback_momentum_proxy,causal_ohlcv_reconstruction_not_exact_replay
2010-01-01,2013-11-26,2013-11-27,2013-12-05,-0.001868231595207992,"YPF,MU,DXCM,NFLX",4,0.6,0.75,0.4,0.15,0.17065606925035942,fallback_momentum_proxy,causal_ohlcv_reconstruction_not_exact_replay
2010-01-01,2013-12-04,2013-12-05,2013-12-12,0.019319635986975614,"YPF,MU,NFLX,DXCM",4,0.6,0.75,0.4,0.0,0.1716562864901173,fallback_momentum_proxy,causal_ohlcv_reconstruction_not_exact_replay
2010-01-01,2013-12-11,2013-12-12,2013-12-19,0.010005990399791661,"YPF,MU,DXCM,NFLX",4,0.6,0.75,0.4,0.0,0.17269257878270539,fallback_momentum_proxy,causal_ohlcv_reconstruction_not_exact_replay
2010-01-01,2013-12-18,2013-12-19,2013-12-27,0.009168360141351183,"YPF,AVGO,NFLX,DXCM",4,0.6,0.75,0.4,0.15,0.1660274422911078,fallback_momentum_proxy,causal_ohlcv_reconstruction_not_exact_replay
2010-01-01,2013-12-26,2013-12-27,2014-01-06,-0.0072386741260040575,"YPF,TMUS,DXCM,NFLX",4,0.6,0.75,0.4,0.15,0.16342649552581326,fallback_momentum_proxy,causal_ohlcv_reconstruction_not_exact_replay
2010-01-01,2014-01-03,2014-01-06,2014-01-13,0.010614058902715795,"YPF,ILMN,TMUS,DXCM",4,0.6,0.75,0.4,0.15,0.1332528263798449,fallback_momentum_proxy,causal_ohlcv_reconstruction_not_exact_replay
2010-01-01,2014-01-10,2014-01-13,2014-01-21,0.03570479317641427,"YPF,ILMN,TMUS,DXCM",4,0.6,0.75,0.4,0.0,0.12326309504359016,fallback_momentum_proxy,causal_ohlcv_reconstruction_not_exact_replay
2010-01-01,2014-01-17,2014-01-21,2014-01-28,-0.025322322513768813,"ILMN,AMD,TMUS,DXCM",4,0.6,0.75,0.4,0.15,0.12773932747480485,fallback_momentum_proxy,causal_ohlcv_reconstruction_not_exact_replay
2010-01-01,2014-01-27,2014-01-28,2014-02-04,-0.0073161185486546754,"SMCI,ILMN,DXCM,TMUS",4,0.6,0.75,0.4,0.15,0.14621124824341925,fallback_momentum_proxy,causal_ohlcv_reconstruction_not_exact_replay
2010-01-01,2014-02-03,2014-02-04,2014-02-11,0.03533671317723627,"ILMN,SMCI,DXCM",3,0.6,0.75,0.4,0.14999999999999997,0.15077533484946778,fallback_momentum_proxy,causal_ohlcv_reconstruction_not_exact_replay
2010-01-01,2014-02-10,2014-02-11,2014-02-19,0.0330654654667625,"ILMN,SMCI,DXCM",3,0.6,0.75,0.4,0.0,0.13629445831537929,fallback_momentum_proxy,causal_ohlcv_reconstruction_not_exact_replay
2010-01-01,2014-02-18,2014-02-19,2014-02-26,0.002973365963615371,"ILMN,SMCI,DXCM",3,0.6,0.75,0.4,0.0,0.14180857898488977,fallback_momentum_proxy,causal_ohlcv_reconstruction_not_exact_replay
2010-01-01,2014-02-25,2014-02-26,2014-03-05,0.0162291601891658,"ILMN,NVO,DXCM,SMCI",4,0.6,0.75,0.4,0.14999999999999997,0.13091291075526568,fallback_momentum_proxy,causal_ohlcv_reconstruction_not_exact_replay
2010-01-01,2014-03-04,2014-03-05,2014-03-12,-0.022689671995402082,"ILMN,AVGO,NVO,DXCM",4,0.6,0.75,0.4,0.15,0.12903613697710292,fallback_momentum_proxy,causal_ohlcv_reconstruction_not_exact_replay
2010-01-01,2014-03-11,2014-03-12,2014-03-19,-0.0033175986736651893,"ILMN,EA,NVO,AVGO",4,0.6,0.75,0.4,0.15,0.1436934540551369,fallback_momentum_proxy,causal_ohlcv_reconstruction_not_exact_replay
2010-01-01,2014-03-18,2014-03-19,2014-03-26,-0.03959338370491463,"ILMN,DXCM,NVO,AVGO",4,0.6,0.75,0.4,0.15,0.1451505806300425,fallback_momentum_proxy,causal_ohlcv_reconstruction_not_exact_replay
2010-01-01,2014-03-25,2014-03-26,2014-04-02,0.013046167166037615,"EXC,AVGO,NVO,DXCM",4,0.6,0.75,0.4,0.15,0.1713415078138219,fallback_momentum_proxy,causal_ohlcv_reconstruction_not_exact_replay
2010-01-01,2014-04-01,2014-04-02,2014-04-09,-0.03637386784941396,"ISRG,ILMN,NVO,AVGO",4,0.6,0.75,0.4,0.3,0.17118140401572446,fallback_momentum_proxy,causal_ohlcv_reconstruction_not_exact_replay
2010-01-01,2014-04-08,2014-04-09,2014-04-16,-0.00922306219958252,"EXC,PBR,NVO,AVGO",4,0.6,0.75,0.4,0.3,0.18816100644008987,fallback_momentum_proxy,causal_ohlcv_reconstruction_not_exact_replay
2010-01-01,2014-04-15,2014-04-16,2014-04-24,0.020376565614976666,"EXC,PBR,NVO,AVGO",4,0.6,0.75,0.4,0.0,0.1719783286603358,fallback_momentum_proxy,causal_ohlcv_reconstruction_not_exact_replay
2010-01-01,2014-04-23,2014-04-24,2014-05-01,-0.00832419959376136,"EXC,BKR,NVO,AVGO",4,0.6,0.75,0.4,0.15,0.17107986349016738,fallback_momentum_proxy,causal_ohlcv_reconstruction_not_exact_replay
2010-01-01,2014-04-30,2014-05-01,2014-05-08,0.01796140481173621,"AZN,PBR,NVO,AVGO",4,0.6,0.75,0.4,0.3,0.1712836982003675,fallback_momentum_proxy,causal_ohlcv_reconstruction_not_exact_replay
2010-01-01,2014-05-07,2014-05-08,2014-05-15,0.002352480670941503,"PBR,AZN,NVO,AVGO",4,0.6,0.75,0.4,0.0,0.1588552932189481,fallback_momentum_proxy,causal_ohlcv_reconstruction_not_exact_replay
2010-01-01,2014-05-14,2014-05-15,2014-05-22,-0.01399154861110932,"PBR,EA,AZN,AVGO",4,0.6,0.75,0.4,0.15,0.14081405455721885,fallback_momentum_proxy,causal_ohlcv_reconstruction_not_exact_replay
2010-01-01,2014-05-21,2014-05-22,2014-05-30,-0.0012895444776087842,"PBR,EA,AZN,AVGO",4,0.6,0.75,0.4,0.0,0.14129371492457593,fallback_momentum_proxy,causal_ohlcv_reconstruction_not_exact_replay
2010-01-01,2014-05-29,2014-05-30,2014-06-06,0.010484379025582856,"PBR,EA,AVGO",3,0.6,0.75,0.4,0.14999999999999997,0.13384665242049806,fallback_momentum_proxy,causal_ohlcv_reconstruction_not_exact_replay
2010-01-01,2014-06-05,2014-06-06,2014-06-13,-0.0016072513159237913,"LRCX,EXC,EA,AVGO",4,0.6,0.75,0.4,0.3,0.1330609796576626,fallback_momentum_proxy,causal_ohlcv_reconstruction_not_exact_replay
2010-01-01,2014-06-12,2014-06-13,2014-06-20,0.02559009068175828,"PBR,SMCI,EA,LRCX",4,0.6,0.75,0.4,0.3,0.133142128169067,fallback_momentum_proxy,causal_ohlcv_reconstruction_not_exact_replay
2010-01-01,2014-06-19,2014-06-20,2014-06-27,-0.025126670654986034,"SMCI,MU,EA,PBR",4,0.6,0.75,0.4,0.15,0.12004671437349554,fallback_momentum_proxy,causal_ohlcv_reconstruction_not_exact_replay
2010-01-01,2014-06-26,2014-06-27,2014-07-07,0.00881118716993387,"SMCI,VRTX,EA,PBR",4,0.6,0.75,0.4,0.15,0.1280905137870152,fallback_momentum_proxy,causal_ohlcv_reconstruction_not_exact_replay
2010-01-01,2014-07-03,2014-07-07,2014-07-14,0.004211708935977882,"VRTX,MU,EA,SMCI",4,0.6,0.75,0.4,0.15,0.1043968615832673,fallback_momentum_proxy,causal_ohlcv_reconstruction_not_exact_replay
2010-01-01,2014-07-11,2014-07-14,2014-07-21,0.009900811518850994,"VRTX,SMCI,EA,MU",4,0.6,0.75,0.4,0.0,0.10143653010580997,fallback_momentum_proxy,causal_ohlcv_reconstruction_not_exact_replay
2010-01-01,2014-07-18,2014-07-21,2014-07-28,-0.026689467988919684,"VRTX,LRCX,EA,SMCI",4,0.6,0.75,0.4,0.15,0.09577975966672747,fallback_momentum_proxy,causal_ohlcv_reconstruction_not_exact_replay
2010-01-01,2014-07-25,2014-07-28,2014-08-04,-0.005471535018596195,"VRTX,ISRG,SMCI,LRCX",4,0.6,0.75,0.4,0.15,0.11055651335235313,fallback_momentum_proxy,causal_ohlcv_reconstruction_not_exact_replay
2010-01-01,2014-08-01,2014-08-04,2014-08-11,-0.009590230127852668,"ISRG,INTC,LRCX,VRTX",4,0.6,0.75,0.4,0.15,0.1045739949934759,fallback_momentum_proxy,causal_ohlcv_reconstruction_not_exact_replay
2010-01-01,2014-08-08,2014-08-11,2014-08-18,0.017654725944117933,"DXCM,SMCI,LRCX,INTC",4,0.6,0.75,0.4,0.3,0.10558484485449085,fallback_momentum_proxy,causal_ohlcv_reconstruction_not_exact_replay
2010-01-01,2014-08-15,2014-08-18,2014-08-25,0.003357675300640966,"MNST,MELI,LRCX,INTC",4,0.6,0.75,0.4,0.3,0.10888042663228693,fallback_momentum_proxy,causal_ohlcv_reconstruction_not_exact_replay
2010-01-01,2014-08-22,2014-08-25,2014-09-02,0.006796143753269812,"MELI,MNST,INTC,LRCX",4,0.6,0.75,0.4,0.0,0.1089298441339,fallback_momentum_proxy,causal_ohlcv_reconstruction_not_exact_replay
2010-01-01,2014-08-29,2014-09-02,2014-09-09,-0.016164185248300295,"PBR,MNST,INTC,MELI",4,0.6,0.75,0.4,0.15,0.10777437483737011,fallback_momentum_proxy,causal_ohlcv_reconstruction_not_exact_replay
2010-01-01,2014-09-08,2014-09-09,2014-09-16,-0.005340347547370894,"MNST,GILD,INTC,MELI",4,0.6,0.75,0.4,0.15,0.11288141101600647,fallback_momentum_proxy,causal_ohlcv_reconstruction_not_exact_replay
2010-01-01,2014-09-15,2014-09-16,2014-09-23,0.015189390442449421,"VRTX,AVGO,MNST,INTC",4,0.6,0.75,0.4,0.3,0.09763462124293504,fallback_momentum_proxy,causal_ohlcv_reconstruction_not_exact_replay
2010-01-01,2014-09-22,2014-09-23,2014-09-30,0.01336056788068482,"MNST,AVGO,INTC,VRTX",4,0.6,0.75,0.4,0.0,0.09113599194696767,fallback_momentum_proxy,causal_ohlcv_reconstruction_not_exact_replay
2010-01-01,2014-09-29,2014-09-30,2014-10-07,-0.02752656210840696,"MNST,VRTX,INTC,AVGO",4,0.6,0.75,0.4,0.0,0.09341643103916648,fallback_momentum_proxy,causal_ohlcv_reconstruction_not_exact_replay
2010-01-01,2014-10-06,2014-10-07,2014-10-14,-0.007063961397189816,"MNST,ISRG,INTC,VRTX",4,0.6,0.75,0.4,0.15,0.10832735064910702,fallback_momentum_proxy,causal_ohlcv_reconstruction_not_exact_replay
2010-01-01,2014-10-13,2014-10-14,2014-10-21,0.02632902208955281,"MNST,ROST,ISRG,VRTX",4,0.6,0.75,0.4,0.15,0.10546029303609014,fallback_momentum_proxy,causal_ohlcv_reconstruction_not_exact_replay
2010-01-01,2014-10-20,2014-10-21,2014-10-28,0.00696896625475148,"MNST,ROST,VRTX,ISRG",4,0.6,0.75,0.4,0.0,0.10776180867153683,fallback_momentum_proxy,causal_ohlcv_reconstruction_not_exact_replay
2010-01-01,2014-10-27,2014-10-28,2014-11-04,-0.0042722679730995685,"MNST,REGN,VRTX,ISRG",4,0.6,0.75,0.4,0.15,0.10739573220353535,fallback_momentum_proxy,causal_ohlcv_reconstruction_not_exact_replay
2010-01-01,2014-11-03,2014-11-04,2014-11-11,0.030898028282842445,"SMCI,MNST,REGN,ISRG",4,0.6,0.75,0.4,0.15,0.10541398873530698,fallback_momentum_proxy,causal_ohlcv_reconstruction_not_exact_replay
2010-01-01,2014-11-10,2014-11-11,2014-11-18,0.0070615672102173396,"SMCI,DXCM,MNST,REGN",4,0.6,0.75,0.4,0.15,0.11642578878702135,fallback_momentum_proxy,causal_ohlcv_reconstruction_not_exact_replay
2010-01-01,2014-11-17,2014-11-18,2014-11-25,-0.004489617682777058,"SMCI,MNST,REGN,DXCM",4,0.6,0.75,0.4,0.0,0.11663389483412546,fallback_momentum_proxy,causal_ohlcv_reconstruction_not_exact_replay
2010-01-01,2014-11-24,2014-11-25,2014-12-03,-8.042536677536124e-05,"SMCI,MELI,MNST,REGN",4,0.6,0.75,0.4,0.15,0.11756502589416774,fallback_momentum_proxy,causal_ohlcv_reconstruction_not_exact_replay
2010-01-01,2014-12-02,2014-12-03,2014-12-10,-0.006918466704175313,"DXCM,VRTX,MNST,MELI",4,0.6,0.75,0.4,0.3,0.11040807682317504,fallback_momentum_proxy,causal_ohlcv_reconstruction_not_exact_replay
2010-01-01,2014-12-09,2014-12-10,2014-12-17,-0.008035780390545082,"DXCM,REGN,MNST,MELI",4,0.6,0.75,0.4,0.15,0.11104522838723978,fallback_momentum_proxy,causal_ohlcv_reconstruction_not_exact_replay
2010-01-01,2014-12-16,2014-12-17,2014-12-24,0.005920033904864447,"DXCM,EA,MNST,REGN",4,0.6,0.75,0.4,0.15,0.11066103941008375,fallback_momentum_proxy,causal_ohlcv_reconstruction_not_exact_replay
2010-01-01,2014-12-23,2014-12-24,2015-01-02,-0.006987765901153424,"EA,DXCM,MNST,REGN",4,0.6,0.75,0.4,0.0,0.10837518700528646,fallback_momentum_proxy,causal_ohlcv_reconstruction_not_exact_replay
2010-01-01,2014-12-31,2015-01-02,2015-01-09,0.013821319979692591,"SMCI,EA,MNST,REGN",4,0.6,0.75,0.4,0.15,0.09078707615572523,fallback_momentum_proxy,causal_ohlcv_reconstruction_not_exact_replay
2010-01-01,2015-01-08,2015-01-09,2015-01-16,0.0017750675643172288,"SMCI,AVGO,EA,REGN",4,0.6,0.75,0.4,0.15,0.09001723418573311,fallback_momentum_proxy,causal_ohlcv_reconstruction_not_exact_replay
2010-01-01,2015-01-15,2015-01-16,2015-01-26,0.02577839571753965,"DXCM,IDXX,EA,REGN",4,0.6,0.75,0.4,0.3,0.07721989349606846,fallback_momentum_proxy,causal_ohlcv_reconstruction_not_exact_replay
2010-01-01,2015-01-23,2015-01-26,2015-02-02,0.0068423047090853725,"DXCM,TTWO,REGN,EA",4,0.6,0.75,0.4,0.15,0.08955374882451367,fallback_momentum_proxy,causal_ohlcv_reconstruction_not_exact_replay
2010-01-01,2015-01-30,2015-02-02,2015-02-09,-0.014405475195790695,"EA,DXCM,TTWO,REGN",4,0.6,0.75,0.4,0.0,0.08753173002879677,fallback_momentum_proxy,causal_ohlcv_reconstruction_not_exact_replay
2010-01-01,2015-02-06,2015-02-09,2015-02-17,0.012153293285878112,"SONY,ON,TTWO,DXCM",4,0.6,0.75,0.4,0.3,0.07634654890551178,fallback_momentum_proxy,causal_ohlcv_reconstruction_not_exact_replay
2010-01-01,2015-02-13,2015-02-17,2015-02-24,0.0015544770636804648,"ON,SONY,TTWO,DXCM",4,0.6,0.75,0.4,0.0,0.07854178443313393,fallback_momentum_proxy,causal_ohlcv_reconstruction_not_exact_replay
2010-01-01,2015-02-23,2015-02-24,2015-03-03,0.004901247231059891,"ON,BIIB,DXCM,SONY",4,0.6,0.75,0.4,0.15,0.07725275680644206,fallback_momentum_proxy,causal_ohlcv_reconstruction_not_exact_replay
2010-01-01,2015-03-02,2015-03-03,2015-03-10,-0.0060264777190181355,"ON,AVGO,DXCM,BIIB",4,0.6,0.75,0.4,0.15,0.07713663619150139,fallback_momentum_proxy,causal_ohlcv_reconstruction_not_exact_replay
2010-01-01,2015-03-09,2015-03-10,2015-03-17,0.00855457316477594,"MNST,AVGO,BIIB,ON",4,0.6,0.75,0.4,0.15,0.07665695590862258,fallback_momentum_proxy,causal_ohlcv_reconstruction_not_exact_replay
2010-01-01,2015-03-16,2015-03-17,2015-03-24,0.013822339088106567,"AVGO,MNST,ON,BIIB",4,0.6,0.75,0.4,0.0,0.07326240503875298,fallback_momentum_proxy,causal_ohlcv_reconstruction_not_exact_replay
2010-01-01,2015-03-23,2015-03-24,2015-03-31,-0.020610284443362294,"BIIB,AVGO,MNST,ON",4,0.6,0.75,0.4,0.0,0.07558679534366383,fallback_momentum_proxy,causal_ohlcv_reconstruction_not_exact_replay
2010-01-01,2015-03-30,2015-03-31,2015-04-08,0.005083235913936513,"NVO,AVGO,MNST,BIIB",4,0.6,0.75,0.4,0.15,0.08878819392209239,fallback_momentum_proxy,causal_ohlcv_reconstruction_not_exact_replay
2010-01-01,2015-04-07,2015-04-08,2015-04-15,0.010387191474589167,"NVO,SONY,AVGO,MNST",4,0.6,0.75,0.4,0.15,0.08627794836639567,fallback_momentum_proxy,causal_ohlcv_reconstruction_not_exact_replay
2010-01-01,2015-04-14,2015-04-15,2015-04-22,0.00890249693340752,"SONY,PBR,NVO,AVGO",4,0.6,0.75,0.4,0.15,0.08732573001753735,fallback_momentum_proxy,causal_ohlcv_reconstruction_not_exact_replay
2010-01-01,2015-04-21,2015-04-22,2015-04-29,-0.006546273900785736,"PBR,NFLX,NVO,AVGO",4,0.6,0.75,0.4,0.15,0.07464730633123166,fallback_momentum_proxy,causal_ohlcv_reconstruction_not_exact_replay
2010-01-01,2015-04-28,2015-04-29,2015-05-06,0.005464836397929523,"PBR,NFLX,NVO,AVGO",4,0.6,0.75,0.4,0.0,0.07610260798454811,fallback_momentum_proxy,causal_ohlcv_reconstruction_not_exact_replay
2010-01-01,2015-05-05,2015-05-06,2015-05-13,-0.01203602340332719,"PBR,VALE,NVO,NFLX",4,0.6,0.75,0.4,0.15,0.06800132744575922,fallback_momentum_proxy,causal_ohlcv_reconstruction_not_exact_replay
2010-01-01,2015-05-12,2015-05-13,2015-05-20,-0.007353180399140286,"PBR,NFLX,NVO,VALE",4,0.6,0.75,0.4,0.0,0.0711208717572539,fallback_momentum_proxy,causal_ohlcv_reconstruction_not_exact_replay
2010-01-01,2015-05-19,2015-05-20,2015-05-28,-0.009325527833259215,"PBR,NFLX,NVO",3,0.6,0.75,0.4,0.14999999999999997,0.07307455933000111,fallback_momentum_proxy,causal_ohlcv_reconstruction_not_exact_replay
2010-01-01,2015-05-27,2015-05-28,2015-06-04,0.00012230650126808236,"NFLX,REGN,NVO,PBR",4,0.6,0.75,0.4,0.14999999999999997,0.07474116547122799,fallback_momentum_proxy,causal_ohlcv_reconstruction_not_exact_replay
2010-01-01,2015-06-03,2015-06-04,2015-06-11,0.01637939404289249,"PBR,NFLX,NVO,REGN",4,0.6,0.75,0.4,0.0,0.07388013677380424,fallback_momentum_proxy,causal_ohlcv_reconstruction_not_exact_replay
2010-01-01,2015-06-10,2015-06-11,2015-06-18,0.011730147859157755,"PBR,NFLX,NVO,REGN",4,0.6,0.75,0.4,0.0,0.07938254081755947,fallback_momentum_proxy,causal_ohlcv_reconstruction_not_exact_replay
2010-01-01,2015-06-17,2015-06-18,2015-06-25,-0.010769358757248082,"PBR,NFLX,NVO,REGN",4,0.6,0.75,0.4,0.0,0.0779411778136578,fallback_momentum_proxy,causal_ohlcv_reconstruction_not_exact_replay
2010-01-01,2015-06-24,2015-06-25,2015-07-02,-0.010445205123238493,"PBR,NFLX,NVO,REGN",4,0.6,0.75,0.4,0.0,0.06845493239804167,fallback_momentum_proxy,causal_ohlcv_reconstruction_not_exact_replay
2010-01-01,2015-07-01,2015-07-02,2015-07-10,0.005766758855255155,"NFLX,DXCM,REGN,PBR",4,0.6,0.75,0.4,0.15,0.07137806760981137,fallback_momentum_proxy,causal_ohlcv_reconstruction_not_exact_replay
2010-01-01,2015-07-09,2015-07-10,2015-07-17,0.041691157605366735,"NFLX,EA,DXCM,REGN",4,0.6,0.75,0.4,0.15,0.06893506834779196,fallback_momentum_proxy,causal_ohlcv_reconstruction_not_exact_replay
2010-01-01,2015-07-16,2015-07-17,2015-07-24,-0.013511972514899495,"NFLX,EA,DXCM,REGN",4,0.6,0.75,0.4,0.0,0.10837165156314929,fallback_momentum_proxy,causal_ohlcv_reconstruction_not_exact_replay
2010-01-01,2015-07-23,2015-07-24,2015-07-31,0.013529174159634448,"NFLX,GOOGL,DXCM,REGN",4,0.6,0.75,0.4,0.15,0.11160869264207927,fallback_momentum_proxy,causal_ohlcv_reconstruction_not_exact_replay
2010-01-01,2015-07-30,2015-07-31,2015-08-07,0.025686364082564552,"NFLX,TTWO,DXCM,GOOGL",4,0.6,0.75,0.4,0.15,0.11398948929442605,fallback_momentum_proxy,causal_ohlcv_reconstruction_not_exact_replay
2010-01-01,2015-08-06,2015-08-07,2015-08-14,0.012448377982746981,"NFLX,DXCM,TTWO,GOOGL",4,0.6,0.75,0.4,0.0,0.11835877548631019,fallback_momentum_proxy,causal_ohlcv_reconstruction_not_exact_replay
2010-01-01,2015-08-13,2015-08-14,2015-08-21,-0.054952302737393495,"DXCM,NFLX,TTWO,GOOGL",4,0.6,0.75,0.4,0.0,0.11574233237641342,fallback_momentum_proxy,causal_ohlcv_reconstruction_not_exact_replay
2010-01-01,2015-08-20,2015-08-21,2015-08-28,0.029151117693184608,"DXCM,MSTR,TTWO,NFLX",4,0.6,0.75,0.4,0.15,0.16762545553129346,fallback_momentum_proxy,causal_ohlcv_reconstruction_not_exact_replay
2010-01-01,2015-08-27,2015-08-28,2015-09-04,-0.05005068476582273,"DXCM,NFLX,MSTR",3,0.6,0.75,0.4,0.14999999999999997,0.1751755718455395,fallback_momentum_proxy,causal_ohlcv_reconstruction_not_exact_replay
2010-01-01,2015-09-03,2015-09-04,2015-09-14,0.018492727068664137,"DXCM,CCEP,MSTR",3,0.6,0.75,0.4,0.19999999999999998,0.20490464861741,fallback_momentum_proxy,causal_ohlcv_reconstruction_not_exact_replay
2010-01-01,2015-09-11,2015-09-14,2015-09-21,0.019802358537805362,"DXCM,AMZN,MSTR,CCEP",4,0.6,0.75,0.4,0.14999999999999997,0.20701142697126784,fallback_momentum_proxy,causal_ohlcv_reconstruction_not_exact_replay
2010-01-01,2015-09-18,2015-09-21,2015-09-28,-0.050807545962519185,"DXCM,AMZN,MSTR,CCEP",4,0.6,0.75,0.4,0.0,0.20870442996365973,fallback_momentum_proxy,causal_ohlcv_reconstruction_not_exact_replay
2010-01-01,2015-09-25,2015-09-28,2015-10-05,0.024188812166558275,"MSTR,AMZN,DXCM,CCEP",4,0.6,0.75,0.4,0.0,0.23404883388173284,fallback_momentum_proxy,causal_ohlcv_reconstruction_not_exact_replay
2010-01-01,2015-10-02,2015-10-05,2015-10-12,0.015471286383852468,"NVDA,AMZN,MSTR,CCEP",4,0.6,0.75,0.4,0.15,0.2389231540796041,fallback_momentum_proxy,causal_ohlcv_reconstruction_not_exact_replay
2010-01-01,2015-10-09,2015-10-12,2015-10-19,0.013575384995549345,"NVDA,AMZN,MSTR,CCEP",4,0.6,0.75,0.4,0.0,0.2250287573897877,fallback_momentum_proxy,causal_ohlcv_reconstruction_not_exact_replay
2010-01-01,2015-10-16,2015-10-19,2015-10-26,0.011751844362794127,"NVDA,INTC,AMZN,MSTR",4,0.6,0.75,0.4,0.15,0.22491523751040937,fallback_momentum_proxy,causal_ohlcv_reconstruction_not_exact_replay
2010-01-01,2015-10-23,2015-10-26,2015-11-02,0.0069433092645913574,"NVDA,KLAC,AMZN,INTC",4,0.6,0.75,0.4,0.15,0.22452670178366352,fallback_momentum_proxy,causal_ohlcv_reconstruction_not_exact_replay
2010-01-01,2015-10-30,2015-11-02,2015-11-09,0.01916767893522942,"KLAC,NVDA,AMZN,INTC",4,0.6,0.75,0.4,0.0,0.21871207590346306,fallback_momentum_proxy,causal_ohlcv_reconstruction_not_exact_replay
2010-01-01,2015-11-06,2015-11-09,2015-11-16,-0.012315568143281597,"NVDA,KLAC,AMZN,INTC",4,0.6,0.75,0.4,0.0,0.2208134330029913,fallback_momentum_proxy,causal_ohlcv_reconstruction_not_exact_replay
2010-01-01,2015-11-13,2015-11-16,2015-11-23,0.022187107986150853,"KLAC,NVDA,AMZN,INTC",4,0.6,0.75,0.4,0.0,0.18865197177789397,fallback_momentum_proxy,causal_ohlcv_reconstruction_not_exact_replay
2010-01-01,2015-11-20,2015-11-23,2015-12-01,0.014337290411852065,"NVDA,KLAC,AMZN,INTC",4,0.6,0.75,0.4,0.0,0.1850702446734322,fallback_momentum_proxy,causal_ohlcv_reconstruction_not_exact_replay
2010-01-01,2015-11-30,2015-12-01,2015-12-08,0.00011287092599795425,"NVDA,ADSK,AMZN,INTC",4,0.6,0.75,0.4,0.15,0.14492527279071932,fallback_momentum_proxy,causal_ohlcv_reconstruction_not_exact_replay
2010-01-01,2015-12-07,2015-12-08,2015-12-15,-0.011650680969454558,"NVDA,ADSK,INTC,AMZN",4,0.6,0.75,0.4,0.0,0.1440972375305863,fallback_momentum_proxy,causal_ohlcv_reconstruction_not_exact_replay
2010-01-01,2015-12-14,2015-12-15,2015-12-22,-0.0019107724506578772,"NVDA,KLAC,ADSK,INTC",4,0.6,0.75,0.4,0.15,0.14564785660522114,fallback_momentum_proxy,causal_ohlcv_reconstruction_not_exact_replay
2010-01-01,2015-12-21,2015-12-22,2015-12-30,0.016918256154804454,"AMD,KLAC,ADSK,INTC",4,0.6,0.75,0.4,0.15,0.08549464604925755,fallback_momentum_proxy,causal_ohlcv_reconstruction_not_exact_replay
2010-01-01,2015-12-29,2015-12-30,2016-01-07,-0.07191869697521242,"AMD,KLAC,INTC,ADSK",4,0.6,0.75,0.4,0.0,0.0808083661936968,fallback_momentum_proxy,causal_ohlcv_reconstruction_not_exact_replay
2010-01-01,2016-01-06,2016-01-07,2016-01-14,-0.007650328191881045,"AMD,KLAC,INTC,ADSK",4,0.6,0.75,0.4,0.0,0.17640342966531541,fallback_momentum_proxy,causal_ohlcv_reconstruction_not_exact_replay
2010-01-01,2016-01-13,2016-01-14,2016-01-22,-0.018183960009973864,"KLAC,ISRG,AMD",3,0.6,0.75,0.4,0.3,0.17470216454774187,fallback_momentum_proxy,causal_ohlcv_reconstruction_not_exact_replay
2010-01-01,2016-01-21,2016-01-22,2016-01-29,-0.04523488038753728,"ISRG,ILMN",2,0.6,0.75,0.4,0.39999999999999997,0.1752950044186393,fallback_momentum_proxy,causal_ohlcv_reconstruction_not_exact_replay
2010-01-01,2016-01-28,2016-01-29,2016-02-05,0.011284479642454048,"XEL,AEP,ISRG",3,0.6,0.75,0.4,0.39999999999999997,0.1916934893711097,fallback_momentum_proxy,causal_ohlcv_reconstruction_not_exact_replay
2010-01-01,2016-02-04,2016-02-05,2016-02-12,-0.02626309713299439,"SMCI,EXC,AEP,XEL",4,0.6,0.75,0.4,0.3,0.1874468341948944,fallback_momentum_proxy,causal_ohlcv_reconstruction_not_exact_replay
2010-01-01,2016-02-11,2016-02-12,2016-02-22,0.025736851862916143,"SMCI,ROST,AEP,XEL",4,0.6,0.75,0.4,0.15,0.19065641768157224,fallback_momentum_proxy,causal_ohlcv_reconstruction_not_exact_replay
2010-01-01,2016-02-19,2016-02-22,2016-02-29,-0.0026521916062277554,"SMCI,FAST,AEP,XEL",4,0.6,0.75,0.4,0.15,0.1933518625415196,fallback_momentum_proxy,causal_ohlcv_reconstruction_not_exact_replay
2010-01-01,2016-02-26,2016-02-29,2016-03-07,0.018830245092422815,"SMCI,EXC,AEP,XEL",4,0.6,0.75,0.4,0.15,0.18712683973734567,fallback_momentum_proxy,causal_ohlcv_reconstruction_not_exact_replay
2010-01-01,2016-03-04,2016-03-07,2016-03-14,-0.025053791613039243,"VALE,PBR,AEP,XEL",4,0.6,0.75,0.4,0.3,0.19545545660228225,fallback_momentum_proxy,causal_ohlcv_reconstruction_not_exact_replay
2010-01-01,2016-03-11,2016-03-14,2016-03-21,0.024312734943864198,"PBR,EC,AEP,XEL",4,0.6,0.75,0.4,0.15,0.1979365485744263,fallback_momentum_proxy,causal_ohlcv_reconstruction_not_exact_replay
2010-01-01,2016-03-18,2016-03-21,2016-03-29,0.006228648779056744,"PBR,VALE,AEP,XEL",4,0.6,0.75,0.4,0.15,0.20943828600872394,fallback_momentum_proxy,causal_ohlcv_reconstruction_not_exact_replay
2010-01-01,2016-03-28,2016-03-29,2016-04-05,-0.016745192878248924,"PBR,VALE,AEP,XEL",4,0.6,0.75,0.4,0.0,0.20488990343987348,fallback_momentum_proxy,causal_ohlcv_reconstruction_not_exact_replay
2010-01-01,2016-04-04,2016-04-05,2016-04-12,0.028922675841154762,"SMCI,PBR,AEP,XEL",4,0.6,0.75,0.4,0.15,0.1552033760548158,fallback_momentum_proxy,causal_ohlcv_reconstruction_not_exact_replay
2010-01-01,2016-04-11,2016-04-12,2016-04-19,0.02399817470318111,"VALE,PBR,AEP,XEL",4,0.6,0.75,0.4,0.15,0.16864000777161858,fallback_momentum_proxy,causal_ohlcv_reconstruction_not_exact_replay
2010-01-01,2016-04-18,2016-04-19,2016-04-26,-0.021563355925527324,"VALE,PBR,AEP,XEL",4,0.6,0.75,0.4,0.0,0.17156037868578988,fallback_momentum_proxy,causal_ohlcv_reconstruction_not_exact_replay
2010-01-01,2016-04-25,2016-04-26,2016-05-03,0.007123450619657856,"VALE,PBR,AEP,XEL",4,0.6,0.75,0.4,0.0,0.14825396197149227,fallback_momentum_proxy,causal_ohlcv_reconstruction_not_exact_replay
2010-01-01,2016-05-02,2016-05-03,2016-05-10,-0.009649277435105137,"PBR,VALE,AEP,XEL",4,0.6,0.75,0.4,0.0,0.14758869112997292,fallback_momentum_proxy,causal_ohlcv_reconstruction_not_exact_replay
2010-01-01,2016-05-09,2016-05-10,2016-05-17,-0.0021833682734667846,"PBR,AMD,AEP,XEL",4,0.6,0.75,0.4,0.15,0.13631891801927465,fallback_momentum_proxy,causal_ohlcv_reconstruction_not_exact_replay
2010-01-01,2016-05-16,2016-05-17,2016-05-24,-0.006173085508713266,"PBR,AMD,XEL,AEP",4,0.6,0.75,0.4,0.0,0.1290396796614597,fallback_momentum_proxy,causal_ohlcv_reconstruction_not_exact_replay
2010-01-01,2016-05-23,2016-05-24,2016-06-01,0.005902266633873641,"AMD,PBR,XEL,AEP",4,0.6,0.75,0.4,0.0,0.12985255710374355,fallback_momentum_proxy,causal_ohlcv_reconstruction_not_exact_replay
2010-01-01,2016-05-31,2016-06-01,2016-06-08,0.0042267695602219045,"AMD,NVDA,XEL,AEP",4,0.6,0.75,0.4,0.15,0.12521048863179185,fallback_momentum_proxy,causal_ohlcv_reconstruction_not_exact_replay
2010-01-01,2016-06-07,2016-06-08,2016-06-15,0.004391415577362028,"AMD,NVDA,XEL,AEP",4,0.6,0.75,0.4,0.0,0.11138107112161535,fallback_momentum_proxy,causal_ohlcv_reconstruction_not_exact_replay
2010-01-01,2016-06-14,2016-06-15,2016-06-22,0.02170806586502403,"AMD,NVDA,XEL,AEP",4,0.6,0.75,0.4,0.0,0.10209477505649552,fallback_momentum_proxy,causal_ohlcv_reconstruction_not_exact_replay
2010-01-01,2016-06-21,2016-06-22,2016-06-29,0.00851599274999607,"AMD,DXCM,NVDA,XEL",4,0.6,0.75,0.4,0.15,0.10925691917214597,fallback_momentum_proxy,causal_ohlcv_reconstruction_not_exact_replay
2010-01-01,2016-06-28,2016-06-29,2016-07-07,0.001232713753212527,"AMD,PBR,NVDA,DXCM",4,0.6,0.75,0.4,0.15,0.1003833540625132,fallback_momentum_proxy,causal_ohlcv_reconstruction_not_exact_replay
2010-01-01,2016-07-06,2016-07-07,2016-07-14,0.0408454268411348,"AMD,NVDA,PBR,DXCM",4,0.6,0.75,0.4,0.0,0.08652101112169652,fallback_momentum_proxy,causal_ohlcv_reconstruction_not_exact_replay
2010-01-01,2016-07-13,2016-07-14,2016-07-21,0.01661343217587629,"AMD,NVDA,PBR,DXCM",4,0.6,0.75,0.4,0.0,0.10798444738319476,fallback_momentum_proxy,causal_ohlcv_reconstruction_not_exact_replay
2010-01-01,2016-07-20,2016-07-21,2016-07-28,0.057502285450865984,"NVDA,AMD,PBR,DXCM",4,0.6,0.75,0.4,0.0,0.09389442996644108,fallback_momentum_proxy,causal_ohlcv_reconstruction_not_exact_replay
2010-01-01,2016-07-27,2016-07-28,2016-08-04,0.00486835881390239,"AMD,NVDA,PBR,DXCM",4,0.6,0.75,0.4,0.0,0.1365300119035526,fallback_momentum_proxy,causal_ohlcv_reconstruction_not_exact_replay
2010-01-01,2016-08-03,2016-08-04,2016-08-11,0.012710609254108845,"AMD,NVDA,PBR,DXCM",4,0.6,0.75,0.4,0.0,0.12947944389366522,fallback_momentum_proxy,causal_ohlcv_reconstruction_not_exact_replay
2010-01-01,2016-08-10,2016-08-11,2016-08-18,0.02980527893969502,"AMD,DXCM,NVDA,PBR",4,0.6,0.75,0.4,0.0,0.1251822670563954,fallback_momentum_proxy,causal_ohlcv_reconstruction_not_exact_replay
2010-01-01,2016-08-17,2016-08-18,2016-08-25,0.0007442031398119822,"AMD,VALE,NVDA,DXCM",4,0.6,0.75,0.4,0.15,0.12003879109282596,fallback_momentum_proxy,causal_ohlcv_reconstruction_not_exact_replay
2010-01-01,2016-08-24,2016-08-25,2016-09-01,-0.004619610544908564,"AMD,PBR,NVDA,VALE",4,0.6,0.75,0.4,0.15,0.12258548887352949,fallback_momentum_proxy,causal_ohlcv_reconstruction_not_exact_replay
2010-01-01,2016-08-31,2016-09-01,2016-09-09,-0.03906200387187069,"AMD,PBR,VALE,NVDA",4,0.6,0.75,0.4,0.0,0.1277185590585818,fallback_momentum_proxy,causal_ohlcv_reconstruction_not_exact_replay
2010-01-01,2016-09-08,2016-09-09,2016-09-16,0.011692277124589983,"PBR,MU,NVDA,AMD",4,0.6,0.75,0.4,0.15,0.16809782925189964,fallback_momentum_proxy,causal_ohlcv_reconstruction_not_exact_replay
2010-01-01,2016-09-15,2016-09-16,2016-09-23,0.018751939561437857,"MU,NVDA,AMD,PBR",4,0.6,0.75,0.4,0.0,0.1669201026471563,fallback_momentum_proxy,causal_ohlcv_reconstruction_not_exact_replay
2010-01-01,2016-09-22,2016-09-23,2016-09-30,0.016289449915921468,"MELI,ADSK,AMD,NVDA",4,0.6,0.75,0.4,0.3,0.167310285052606,fallback_momentum_proxy,causal_ohlcv_reconstruction_not_exact_replay
2010-01-01,2016-09-29,2016-09-30,2016-10-07,-0.006240740249520893,"MU,ON,ADSK,NVDA",4,0.6,0.75,0.4,0.3,0.16556319092267316,fallback_momentum_proxy,causal_ohlcv_reconstruction_not_exact_replay
2010-01-01,2016-10-06,2016-10-07,2016-10-14,-0.015669807188122258,"AMD,ON,ADSK,NVDA",4,0.6,0.75,0.4,0.15,0.1587442317757485,fallback_momentum_proxy,causal_ohlcv_reconstruction_not_exact_replay
2010-01-01,2016-10-13,2016-10-14,2016-10-21,0.016561875286457542,"PBR,BHP,AMD,NVDA",4,0.6,0.75,0.4,0.3,0.1657324033117924,fallback_momentum_proxy,causal_ohlcv_reconstruction_not_exact_replay
2010-01-01,2016-10-20,2016-10-21,2016-10-28,0.017559465449430357,"PBR,NFLX,AMD,NVDA",4,0.6,0.75,0.4,0.15,0.12762462723578047,fallback_momentum_proxy,causal_ohlcv_reconstruction_not_exact_replay
2010-01-01,2016-10-27,2016-10-28,2016-11-04,-0.0407397376629838,"PBR,NFLX,NVDA,AMD",4,0.6,0.75,0.4,0.0,0.1305496520957038,fallback_momentum_proxy,causal_ohlcv_reconstruction_not_exact_replay
2010-01-01,2016-11-03,2016-11-04,2016-11-11,0.062285683245487736,"NFLX,VALE,NVDA,AMD",4,0.6,0.75,0.4,0.15,0.15736186656896214,fallback_momentum_proxy,causal_ohlcv_reconstruction_not_exact_replay
2010-01-01,2016-11-10,2016-11-11,2016-11-18,-0.008735858118502244,"VALE,RIO,NVDA,NFLX",4,0.6,0.75,0.4,0.15,0.19293640762505312,fallback_momentum_proxy,causal_ohlcv_reconstruction_not_exact_replay
2010-01-01,2016-11-17,2016-11-18,2016-11-28,0.05410817440218285,"NVDA,VALE,NFLX,RIO",4,0.6,0.75,0.4,0.0,0.19436413653465193,fallback_momentum_proxy,causal_ohlcv_reconstruction_not_exact_replay
2010-01-01,2016-11-25,2016-11-28,2016-12-05,-0.006937218835613229,"NVDA,VALE,NFLX,RIO",4,0.6,0.75,0.4,0.0,0.2189416867748464,fallback_momentum_proxy,causal_ohlcv_reconstruction_not_exact_replay
2010-01-01,2016-12-02,2016-12-05,2016-12-12,0.010941044281430274,"VALE,NVDA,NFLX,RIO",4,0.6,0.75,0.4,0.0,0.19785216418187074,fallback_momentum_proxy,causal_ohlcv_reconstruction_not_exact_replay
2010-01-01,2016-12-09,2016-12-12,2016-12-19,0.008741135295421908,"AMD,VALE,NVDA,NFLX",4,0.6,0.75,0.4,0.15,0.19782851093695056,fallback_momentum_proxy,causal_ohlcv_reconstruction_not_exact_replay
2010-01-01,2016-12-16,2016-12-19,2016-12-27,0.045464884278411236,"AMD,NVDA,NFLX,VALE",4,0.6,0.75,0.4,0.0,0.19687986122787787,fallback_momentum_proxy,causal_ohlcv_reconstruction_not_exact_replay
2010-01-01,2016-12-23,2016-12-27,2017-01-04,-0.020398393079657212,"AMD,NVDA,NFLX,VALE",4,0.6,0.75,0.4,0.0,0.2097202409583138,fallback_momentum_proxy,causal_ohlcv_reconstruction_not_exact_replay
2010-01-01,2017-01-03,2017-01-04,2017-01-11,0.022829727208511886,"AMD,NVDA,NFLX,VALE",4,0.6,0.75,0.4,0.0,0.21667669759479588,fallback_momentum_proxy,causal_ohlcv_reconstruction_not_exact_replay
2010-01-01,2017-01-10,2017-01-11,2017-01-19,-0.0021650884768872596,"AMD,NVDA,NFLX,VALE",4,0.6,0.75,0.4,0.0,0.21019744186171951,fallback_momentum_proxy,causal_ohlcv_reconstruction_not_exact_replay
2010-01-01,2017-01-18,2017-01-19,2017-01-26,0.031066448278511894,"VALE,NVDA,AMD,NFLX",4,0.6,0.75,0.4,0.0,0.21230816925842433,fallback_momentum_proxy,causal_ohlcv_reconstruction_not_exact_replay
2010-01-01,2017-01-25,2017-01-26,2017-02-02,0.023054460247444942,"VALE,CSX,NVDA,AMD",4,0.6,0.75,0.4,0.15,0.21554685057114753,fallback_momentum_proxy,causal_ohlcv_reconstruction_not_exact_replay
2010-01-01,2017-02-01,2017-02-02,2017-02-09,0.013254517068206035,"AMD,VALE,NVDA,CSX",4,0.6,0.75,0.4,0.0,0.1813647584050165,fallback_momentum_proxy,causal_ohlcv_reconstruction_not_exact_replay
2010-01-01,2017-02-08,2017-02-09,2017-02-16,-0.0034316593313393883,"AMD,NVDA,VALE,CSX",4,0.6,0.75,0.4,0.0,0.15419039336409668,fallback_momentum_proxy,causal_ohlcv_reconstruction_not_exact_replay
2010-01-01,2017-02-15,2017-02-16,2017-02-24,0.0037447769091151395,"AMD,VALE,NVDA,CSX",4,0.6,0.75,0.4,0.0,0.15109243198696676,fallback_momentum_proxy,causal_ohlcv_reconstruction_not_exact_replay
2010-01-01,2017-02-23,2017-02-24,2017-03-03,-0.017812707447417662,"AMD,CSX,NVDA,VALE",4,0.6,0.75,0.4,0.0,0.1253316408099091,fallback_momentum_proxy,causal_ohlcv_reconstruction_not_exact_replay
2010-01-01,2017-03-02,2017-03-03,2017-03-10,-0.00031616347503279907,"AMD,MELI,NVDA,VALE",4,0.6,0.75,0.4,0.15,0.13350155273289738,fallback_momentum_proxy,causal_ohlcv_reconstruction_not_exact_replay
2010-01-01,2017-03-09,2017-03-10,2017-03-17,-0.00017477482195625213,"MELI,ILMN,AMD,VALE",4,0.6,0.75,0.4,0.15,0.13489229976912598,fallback_momentum_proxy,causal_ohlcv_reconstruction_not_exact_replay
2010-01-01,2017-03-16,2017-03-17,2017-03-24,-0.007170232264538879,"YPF,MELI,AMD,VALE",4,0.6,0.75,0.4,0.15,0.1360373094798432,fallback_momentum_proxy,causal_ohlcv_reconstruction_not_exact_replay
2010-01-01,2017-03-23,2017-03-24,2017-03-31,0.016226933500725505,"YPF,MELI,AMD,VALE",4,0.6,0.75,0.4,0.0,0.11129697564359306,fallback_momentum_proxy,causal_ohlcv_reconstruction_not_exact_replay
2010-01-01,2017-03-30,2017-03-31,2017-04-07,0.009867191141845994,"VRTX,YPF,AMD,MELI",4,0.6,0.75,0.4,0.15,0.10058268577198139,fallback_momentum_proxy,causal_ohlcv_reconstruction_not_exact_replay
2010-01-01,2017-04-06,2017-04-07,2017-04-17,-0.015850055201224195,"VRTX,MU,AMD,MELI",4,0.6,0.75,0.4,0.15,0.09465812775012981,fallback_momentum_proxy,causal_ohlcv_reconstruction_not_exact_replay
2010-01-01,2017-04-13,2017-04-17,2017-04-24,0.008703498803848787,"VRTX,YPF,AMD,MELI",4,0.6,0.75,0.4,0.15,0.10302715830532382,fallback_momentum_proxy,causal_ohlcv_reconstruction_not_exact_replay
2010-01-01,2017-04-21,2017-04-24,2017-05-01,0.01719730890424983,"VRTX,IDXX,AMD,MELI",4,0.6,0.75,0.4,0.15,0.08618186652816809,fallback_momentum_proxy,causal_ohlcv_reconstruction_not_exact_replay
2010-01-01,2017-04-28,2017-05-01,2017-05-08,-0.022798815684682856,"VRTX,IDXX,AMD,MELI",4,0.6,0.75,0.4,0.0,0.08075027044402192,fallback_momentum_proxy,causal_ohlcv_reconstruction_not_exact_replay
2010-01-01,2017-05-05,2017-05-08,2017-05-15,0.01791353007024161,"MELI,LRCX,VRTX,IDXX",4,0.6,0.75,0.4,0.15,0.0904072616344688,fallback_momentum_proxy,causal_ohlcv_reconstruction_not_exact_replay
2010-01-01,2017-05-12,2017-05-15,2017-05-22,-0.006820862252370202,"MELI,LRCX,VRTX,IDXX",4,0.6,0.75,0.4,0.0,0.09762475158138852,fallback_momentum_proxy,causal_ohlcv_reconstruction_not_exact_replay
2010-01-01,2017-05-19,2017-05-22,2017-05-30,0.014671574553563915,"NVDA,MELI,LRCX,VRTX",4,0.6,0.75,0.4,0.15,0.0985080799950298,fallback_momentum_proxy,causal_ohlcv_reconstruction_not_exact_replay
2010-01-01,2017-05-26,2017-05-30,2017-06-06,0.016118761420109373,"NVDA,MELI,LRCX,VRTX",4,0.6,0.75,0.4,0.0,0.0943658321705674,fallback_momentum_proxy,causal_ohlcv_reconstruction_not_exact_replay
2010-01-01,2017-06-05,2017-06-06,2017-06-13,-0.011267198111442006,"NVDA,VRTX,LRCX,MELI",4,0.6,0.75,0.4,0.0,0.09777274929698497,fallback_momentum_proxy,causal_ohlcv_reconstruction_not_exact_replay
2010-01-01,2017-06-12,2017-06-13,2017-06-20,0.004544644384151164,"NVDA,VRTX,LRCX,MELI",4,0.6,0.75,0.4,0.0,0.10221873831635009,fallback_momentum_proxy,causal_ohlcv_reconstruction_not_exact_replay
2010-01-01,2017-06-19,2017-06-20,2017-06-27,-0.02056060485014647,"NVDA,VRTX,LRCX,MELI",4,0.6,0.75,0.4,0.0,0.09977244608081191,fallback_momentum_proxy,causal_ohlcv_reconstruction_not_exact_replay
2010-01-01,2017-06-26,2017-06-27,2017-07-05,-0.011297452515976757,"NVDA,REGN,LRCX,MELI",4,0.6,0.75,0.4,0.15,0.10698337187901397,fallback_momentum_proxy,causal_ohlcv_reconstruction_not_exact_replay
2010-01-01,2017-07-03,2017-07-05,2017-07-12,0.04758242666893983,"NVDA,REGN,MELI",3,0.6,0.75,0.4,0.14999999999999997,0.10767539385834822,fallback_momentum_proxy,causal_ohlcv_reconstruction_not_exact_replay
2010-01-01,2017-07-11,2017-07-12,2017-07-19,0.011617184931924008,"NVDA,CSGP,REGN,MELI",4,0.6,0.75,0.4,0.14999999999999997,0.13891051072136282,fallback_momentum_proxy,causal_ohlcv_reconstruction_not_exact_replay
2010-01-01,2017-07-18,2017-07-19,2017-07-26,0.011756805278742032,"NVDA,NFLX,REGN,MELI",4,0.6,0.75,0.4,0.15,0.1394131511544777,fallback_momentum_proxy,causal_ohlcv_reconstruction_not_exact_replay
2010-01-01,2017-07-25,2017-07-26,2017-08-02,-0.014273934345823174,"NVDA,VRTX,NFLX,MELI",4,0.6,0.75,0.4,0.15,0.137718213803846,fallback_momentum_proxy,causal_ohlcv_reconstruction_not_exact_replay
2010-01-01,2017-08-01,2017-08-02,2017-08-09,-0.02016406521506367,"NVDA,VRTX,NFLX,MELI",4,0.6,0.75,0.4,0.0,0.13135342075297676,fallback_momentum_proxy,causal_ohlcv_reconstruction_not_exact_replay
2010-01-01,2017-08-08,2017-08-09,2017-08-16,-0.010473538912216519,"TTWO,VRTX,NFLX,NVDA",4,0.6,0.75,0.4,0.15,0.13693466694142153,fallback_momentum_proxy,causal_ohlcv_reconstruction_not_exact_replay
2010-01-01,2017-08-15,2017-08-16,2017-08-23,0.005653737365431759,"TTWO,VRTX,NVDA,NFLX",4,0.6,0.75,0.4,0.0,0.13812247390181584,fallback_momentum_proxy,causal_ohlcv_reconstruction_not_exact_replay
2010-01-01,2017-08-22,2017-08-23,2017-08-30,0.01070827179553604,"TTWO,VRTX,NVDA",3,0.6,0.75,0.4,0.14999999999999997,0.13554734827934203,fallback_momentum_proxy,causal_ohlcv_reconstruction_not_exact_replay
2010-01-01,2017-08-29,2017-08-30,2017-09-07,0.01816807950677924,"VALE,TTWO,NVDA,VRTX",4,0.6,0.75,0.4,0.14999999999999997,0.13330279081560484,fallback_momentum_proxy,causal_ohlcv_reconstruction_not_exact_replay
2010-01-01,2017-09-06,2017-09-07,2017-09-14,-0.013902220253113546,"VALE,GILD,NVDA,TTWO",4,0.6,0.75,0.4,0.15,0.13511343257775324,fallback_momentum_proxy,causal_ohlcv_reconstruction_not_exact_replay
2010-01-01,2017-09-13,2017-09-14,2017-09-21,0.008310991138941003,"VALE,TTWO,NVDA,GILD",4,0.6,0.75,0.4,0.0,0.1390104465725942,fallback_momentum_proxy,causal_ohlcv_reconstruction_not_exact_replay
2010-01-01,2017-09-20,2017-09-21,2017-09-28,-0.014756500260024633,"TTWO,PBR,NVDA,VALE",4,0.6,0.75,0.4,0.15,0.1310779516235282,fallback_momentum_proxy,causal_ohlcv_reconstruction_not_exact_replay
2010-01-01,2017-09-27,2017-09-28,2017-10-05,0.0238880906673651,"TTWO,ON,NVDA,PBR",4,0.6,0.75,0.4,0.15,0.1329540293494348,fallback_momentum_proxy,causal_ohlcv_reconstruction_not_exact_replay
2010-01-01,2017-10-04,2017-10-05,2017-10-12,0.011957286229508424,"ON,MU,TTWO,NVDA",4,0.6,0.75,0.4,0.15,0.10403923327931583,fallback_momentum_proxy,causal_ohlcv_reconstruction_not_exact_replay
2010-01-01,2017-10-11,2017-10-12,2017-10-19,0.012990845680391848,"MU,TTWO,NVDA,ON",4,0.6,0.75,0.4,0.0,0.10418638461414012,fallback_momentum_proxy,causal_ohlcv_reconstruction_not_exact_replay
2010-01-01,2017-10-18,2017-10-19,2017-10-26,0.002636680618703862,"MU,ON,TTWO,NVDA",4,0.6,0.75,0.4,0.0,0.10474518128699573,fallback_momentum_proxy,causal_ohlcv_reconstruction_not_exact_replay
2010-01-01,2017-10-25,2017-10-26,2017-11-02,0.03221890967983909,"MU,ON,TTWO,NVDA",4,0.6,0.75,0.4,0.0,0.0989665142515026,fallback_momentum_proxy,causal_ohlcv_reconstruction_not_exact_replay
2010-01-01,2017-11-01,2017-11-02,2017-11-09,0.004240170756493994,"MU,INTC,TTWO,NVDA",4,0.6,0.75,0.4,0.15,0.10106958714306068,fallback_momentum_proxy,causal_ohlcv_reconstruction_not_exact_replay
2010-01-01,2017-11-08,2017-11-09,2017-11-16,0.016602275041173935,"MU,INTC,NVDA,TTWO",4,0.6,0.75,0.4,0.0,0.0938652154883183,fallback_momentum_proxy,causal_ohlcv_reconstruction_not_exact_replay
2010-01-01,2017-11-15,2017-11-16,2017-11-24,0.013477610238138316,"MU,QCOM,TTWO,INTC",4,0.6,0.75,0.4,0.15,0.0949518428412513,fallback_momentum_proxy,causal_ohlcv_reconstruction_not_exact_replay
2010-01-01,2017-11-22,2017-11-24,2017-12-01,-0.03990528551353302,"MU,MRVL,INTC,QCOM",4,0.6,0.75,0.4,0.15,0.09527428996616781,fallback_momentum_proxy,causal_ohlcv_reconstruction_not_exact_replay
2010-01-01,2017-11-30,2017-12-01,2017-12-08,-0.00496170742178681,"QCOM,CPRT,INTC,MRVL",4,0.6,0.75,0.4,0.15,0.134861977141006,fallback_momentum_proxy,causal_ohlcv_reconstruction_not_exact_replay
2010-01-01,2017-12-07,2017-12-08,2017-12-15,2.593784301436206e-05,"CPRT,ROST,INTC,MRVL",4,0.6,0.75,0.4,0.15,0.1305952017807557,fallback_momentum_proxy,causal_ohlcv_reconstruction_not_exact_replay
2010-01-01,2017-12-14,2017-12-15,2017-12-22,0.01801456812753992,"CPRT,EC,INTC,MRVL",4,0.6,0.75,0.4,0.15,0.13088205900528838,fallback_momentum_proxy,causal_ohlcv_reconstruction_not_exact_replay
2010-01-01,2017-12-21,2017-12-22,2018-01-02,0.022031372335865582,"EC,MELI,CPRT,INTC",4,0.6,0.75,0.4,0.15,0.1257872116519555,fallback_momentum_proxy,causal_ohlcv_reconstruction_not_exact_replay
2010-01-01,2017-12-29,2018-01-02,2018-01-09,0.013667270322625555,"EC,MAR,CPRT,INTC",4,0.6,0.75,0.4,0.15,0.12479581761283526,fallback_momentum_proxy,causal_ohlcv_reconstruction_not_exact_replay
2010-01-01,2018-01-08,2018-01-09,2018-01-17,0.006224431065787605,"EC,VALE,CPRT,INTC",4,0.6,0.75,0.4,0.15,0.1251099377057073,fallback_momentum_proxy,causal_ohlcv_reconstruction_not_exact_replay
2010-01-01,2018-01-16,2018-01-17,2018-01-24,0.02633751154110535,"EC,VALE,CPRT,INTC",4,0.6,0.75,0.4,0.0,0.12456902629659777,fallback_momentum_proxy,causal_ohlcv_reconstruction_not_exact_replay
2010-01-01,2018-01-23,2018-01-24,2018-01-31,0.010947694408066339,"EC,MELI,CPRT,INTC",4,0.6,0.75,0.4,0.15,0.1297992263265127,fallback_momentum_proxy,causal_ohlcv_reconstruction_not_exact_replay
2010-01-01,2018-01-30,2018-01-31,2018-02-07,-0.04819418239946839,"EC,MELI,CPRT,INTC",4,0.6,0.75,0.4,0.0,0.11985114486308397,fallback_momentum_proxy,causal_ohlcv_reconstruction_not_exact_replay
2010-01-01,2018-02-06,2018-02-07,2018-02-14,0.025184352654894687,"EC,KDP,CPRT,MELI",4,0.6,0.75,0.4,0.15,0.16322328408792852,fallback_momentum_proxy,causal_ohlcv_reconstruction_not_exact_replay
2010-01-01,2018-02-13,2018-02-14,2018-02-22,0.008578930987228416,"KDP,NFLX,CPRT,MELI",4,0.6,0.75,0.4,0.15,0.1672030240428036,fallback_momentum_proxy,causal_ohlcv_reconstruction_not_exact_replay
2010-01-01,2018-02-21,2018-02-22,2018-03-01,0.014370871988618826,"NFLX,KDP,CPRT,MELI",4,0.6,0.75,0.4,0.0,0.16622748567255513,fallback_momentum_proxy,causal_ohlcv_reconstruction_not_exact_replay
2010-01-01,2018-02-28,2018-03-01,2018-03-08,0.028312073731437182,"NFLX,PBR,KDP,CPRT",4,0.6,0.75,0.4,0.15,0.1381105206017284,fallback_momentum_proxy,causal_ohlcv_reconstruction_not_exact_replay
2010-01-01,2018-03-07,2018-03-08,2018-03-15,0.0016445355384874685,"NFLX,MELI,KDP,CPRT",4,0.6,0.75,0.4,0.15,0.14080200435760495,fallback_momentum_proxy,causal_ohlcv_reconstruction_not_exact_replay
2010-01-01,2018-03-14,2018-03-15,2018-03-22,-0.006098086493521725,"NFLX,MU,KDP,CPRT",4,0.6,0.75,0.4,0.15,0.1403184452357348,fallback_momentum_proxy,causal_ohlcv_reconstruction_not_exact_replay
2010-01-01,2018-03-21,2018-03-22,2018-03-29,-0.01916586944225103,"NFLX,MU,KDP,CPRT",4,0.6,0.75,0.4,0.0,0.14299623617119672,fallback_momentum_proxy,causal_ohlcv_reconstruction_not_exact_replay
2010-01-01,2018-03-28,2018-03-29,2018-04-06,-0.014873683347105364,"DXCM,NFLX,KDP,CPRT",4,0.6,0.75,0.4,0.15,0.14962722443540566,fallback_momentum_proxy,causal_ohlcv_reconstruction_not_exact_replay
2010-01-01,2018-04-05,2018-04-06,2018-04-13,0.021608473232359204,"DXCM,NFLX,CPRT,KDP",4,0.6,0.75,0.4,0.0,0.15335393946533207,fallback_momentum_proxy,causal_ohlcv_reconstruction_not_exact_replay
2010-01-01,2018-04-12,2018-04-13,2018-04-20,0.018461281751340597,"EC,NFLX,CPRT,DXCM",4,0.6,0.75,0.4,0.15,0.1578536909047529,fallback_momentum_proxy,causal_ohlcv_reconstruction_not_exact_replay
2010-01-01,2018-04-19,2018-04-20,2018-04-27,-0.0037424137470244583,"NFLX,DXCM,CPRT,EC",4,0.6,0.75,0.4,0.0,0.1537632714611184,fallback_momentum_proxy,causal_ohlcv_reconstruction_not_exact_replay
2010-01-01,2018-04-26,2018-04-27,2018-05-04,0.023572240572266055,"BKR,EC,DXCM,CPRT",4,0.6,0.75,0.4,0.15,0.1534247915575758,fallback_momentum_proxy,causal_ohlcv_reconstruction_not_exact_replay
2010-01-01,2018-05-03,2018-05-04,2018-05-11,0.01118516390513415,"DXCM,EC,CPRT,BKR",4,0.6,0.75,0.4,0.0,0.112561460810887,fallback_momentum_proxy,causal_ohlcv_reconstruction_not_exact_replay
2010-01-01,2018-05-10,2018-05-11,2018-05-18,-0.0014254160434770625,"DXCM,SMCI,CPRT,BKR",4,0.6,0.75,0.4,0.15,0.10668817022378234,fallback_momentum_proxy,causal_ohlcv_reconstruction_not_exact_replay
2010-01-01,2018-05-17,2018-05-18,2018-05-25,-0.001007391267881414,"DXCM,SMCI,CPRT,BKR",4,0.6,0.75,0.4,0.0,0.10789798311019756,fallback_momentum_proxy,causal_ohlcv_reconstruction_not_exact_replay
2010-01-01,2018-05-24,2018-05-25,2018-06-04,0.011054223520922264,"DXCM,SMCI,CPRT,BKR",4,0.6,0.75,0.4,0.0,0.10717393303871917,fallback_momentum_proxy,causal_ohlcv_reconstruction_not_exact_replay
2010-01-01,2018-06-01,2018-06-04,2018-06-11,0.02540597478514297,"DXCM,SMCI,CPRT,BKR",4,0.6,0.75,0.4,0.0,0.09572623821574329,fallback_momentum_proxy,causal_ohlcv_reconstruction_not_exact_replay
2010-01-01,2018-06-08,2018-06-11,2018-06-18,0.019767507196066098,"AMD,DXCM,CPRT,SMCI",4,0.6,0.75,0.4,0.15,0.10506025660068936,fallback_momentum_proxy,causal_ohlcv_reconstruction_not_exact_replay
2010-01-01,2018-06-15,2018-06-18,2018-06-25,-0.035197860811636936,"AMD,DXCM,CPRT,SMCI",4,0.6,0.75,0.4,0.0,0.10542495357247449,fallback_momentum_proxy,causal_ohlcv_reconstruction_not_exact_replay
2010-01-01,2018-06-22,2018-06-25,2018-07-02,0.006815521080271846,"AMD,NFLX,CPRT,DXCM",4,0.6,0.75,0.4,0.15,0.12589745012306658,fallback_momentum_proxy,causal_ohlcv_reconstruction_not_exact_replay
2010-01-01,2018-06-29,2018-07-02,2018-07-10,0.030622898224955154,"AMD,WBD,CPRT,NFLX",4,0.6,0.75,0.4,0.15,0.11726512138970993,fallback_momentum_proxy,causal_ohlcv_reconstruction_not_exact_replay
2010-01-01,2018-07-09,2018-07-10,2018-07-17,-0.019665430919161685,"AMD,NFLX,CPRT,WBD",4,0.6,0.75,0.4,0.0,0.1230195734312263,fallback_momentum_proxy,causal_ohlcv_reconstruction_not_exact_replay
2010-01-01,2018-07-16,2018-07-17,2018-07-24,-0.01625375287339387,"AMD,KDP,WBD,CPRT",4,0.6,0.75,0.4,0.15,0.13309094155469156,fallback_momentum_proxy,causal_ohlcv_reconstruction_not_exact_replay
2010-01-01,2018-07-23,2018-07-24,2018-07-31,0.007336600462838449,"AMD,BIIB,CPRT,WBD",4,0.6,0.75,0.4,0.15,0.1391030902689406,fallback_momentum_proxy,causal_ohlcv_reconstruction_not_exact_replay
2010-01-01,2018-07-30,2018-07-31,2018-08-07,0.0079419800489203,"AMD,KDP,WBD,CPRT",4,0.6,0.75,0.4,0.15,0.13312904467350734,fallback_momentum_proxy,causal_ohlcv_reconstruction_not_exact_replay
2010-01-01,2018-08-06,2018-08-07,2018-08-14,0.012732833563734579,"AMD,DXCM,CPRT,WBD",4,0.6,0.75,0.4,0.15,0.13244333559113944,fallback_momentum_proxy,causal_ohlcv_reconstruction_not_exact_replay
2010-01-01,2018-08-13,2018-08-14,2018-08-21,0.03820191152033527,"AMD,DXCM,WBD,CPRT",4,0.6,0.75,0.4,0.0,0.13341911778937068,fallback_momentum_proxy,causal_ohlcv_reconstruction_not_exact_replay
2010-01-01,2018-08-20,2018-08-21,2018-08-28,0.037768081797427015,"DXCM,AMD,CPRT,WBD",4,0.6,0.75,0.4,0.0,0.148868640202715,fallback_momentum_proxy,causal_ohlcv_reconstruction_not_exact_replay
2010-01-01,2018-08-27,2018-08-28,2018-09-05,0.018169606895315094,"AMD,DXCM,WBD,CPRT",4,0.6,0.75,0.4,0.0,0.16075858111268646,fallback_momentum_proxy,causal_ohlcv_reconstruction_not_exact_replay
2010-01-01,2018-09-04,2018-09-05,2018-09-12,0.04527288552689653,"AMD,DXCM,CPRT,WBD",4,0.6,0.75,0.4,0.0,0.15830823112435335,fallback_momentum_proxy,causal_ohlcv_reconstruction_not_exact_replay
2010-01-01,2018-09-11,2018-09-12,2018-09-19,-0.029544435317734395,"AMD,DXCM,WBD,CPRT",4,0.6,0.75,0.4,0.0,0.17326634175286237,fallback_momentum_proxy,causal_ohlcv_reconstruction_not_exact_replay
2010-01-01,2018-09-18,2018-09-19,2018-09-26,-0.002969013488164901,"AMD,EC,CPRT,WBD",4,0.6,0.75,0.4,0.15,0.16696565362167656,fallback_momentum_proxy,causal_ohlcv_reconstruction_not_exact_replay
2010-01-01,2018-09-25,2018-09-26,2018-10-03,-0.018642903419316396,"AMD,DXCM,WBD,EC",4,0.6,0.75,0.4,0.15,0.16930724493741445,fallback_momentum_proxy,causal_ohlcv_reconstruction_not_exact_replay
2010-01-01,2018-10-02,2018-10-03,2018-10-10,-0.052911304301588205,"AMD,FTNT,WBD,DXCM",4,0.6,0.75,0.4,0.15,0.17275044327488648,fallback_momentum_proxy,causal_ohlcv_reconstruction_not_exact_replay
2010-01-01,2018-10-09,2018-10-10,2018-10-17,0.046464261340048975,"PBR,AMD,WBD,DXCM",4,0.6,0.75,0.4,0.15,0.20452046638338,fallback_momentum_proxy,causal_ohlcv_reconstruction_not_exact_replay
2010-01-01,2018-10-16,2018-10-17,2018-10-24,-0.05713369422169124,"PBR,AMD,WBD,DXCM",4,0.6,0.75,0.4,0.0,0.21560416426734982,fallback_momentum_proxy,causal_ohlcv_reconstruction_not_exact_replay
2010-01-01,2018-10-23,2018-10-24,2018-10-31,0.003628007577669942,"PBR,DXCM,AMD,WBD",4,0.6,0.75,0.4,0.0,0.25300109363112167,fallback_momentum_proxy,causal_ohlcv_reconstruction_not_exact_replay
2010-01-01,2018-10-30,2018-10-31,2018-11-07,0.03561467411259866,"PBR,SBUX,WBD,DXCM",4,0.6,0.75,0.4,0.15,0.25283955433955096,fallback_momentum_proxy,causal_ohlcv_reconstruction_not_exact_replay
2010-01-01,2018-11-06,2018-11-07,2018-11-14,-0.02560456834696243,"PBR,SBUX,WBD,DXCM",4,0.6,0.75,0.4,0.0,0.26048895262034527,fallback_momentum_proxy,causal_ohlcv_reconstruction_not_exact_replay
2010-01-01,2018-11-13,2018-11-14,2018-11-21,-0.035185982582953884,"SBUX,KDP,WBD,DXCM",4,0.6,0.75,0.4,0.15,0.25660615280324994,fallback_momentum_proxy,causal_ohlcv_reconstruction_not_exact_replay
2010-01-01,2018-11-20,2018-11-21,2018-11-29,0.006780109244186593,"SBUX,PBR,KDP",3,0.6,0.75,0.4,0.3,0.2512257302472624,fallback_momentum_proxy,causal_ohlcv_reconstruction_not_exact_replay
2010-01-01,2018-11-28,2018-11-29,2018-12-07,-0.01316576269431805,"SBUX,CCJ,KDP,PBR",4,0.6,0.75,0.4,0.14999999999999997,0.24746102655475702,fallback_momentum_proxy,causal_ohlcv_reconstruction_not_exact_replay
2010-01-01,2018-12-06,2018-12-07,2018-12-14,-0.005448990367922956,"PBR,SBUX,KDP,CCJ",4,0.6,0.75,0.4,0.0,0.21981367113380668,fallback_momentum_proxy,causal_ohlcv_reconstruction_not_exact_replay
2010-01-01,2018-12-13,2018-12-14,2018-12-21,-0.03966398240467187,"CCJ,SBUX,KDP,PBR",4,0.6,0.75,0.4,0.0,0.21665039785824403,fallback_momentum_proxy,causal_ohlcv_reconstruction_not_exact_replay
2010-01-01,2018-12-20,2018-12-21,2018-12-31,0.0037455618042081585,"AEP,XEL,KDP,CCJ",4,0.6,0.75,0.4,0.3,0.223803081858423,fallback_momentum_proxy,causal_ohlcv_reconstruction_not_exact_replay
2010-01-01,2018-12-28,2018-12-31,2019-01-08,-0.015463140534275083,"SBUX,AVGO,AEP,XEL",4,0.6,0.75,0.4,0.3,0.22577014081995725,fallback_momentum_proxy,causal_ohlcv_reconstruction_not_exact_replay
2010-01-01,2019-01-07,2019-01-08,2019-01-15,0.0057144005490183825,"SMCI,NVO,SBUX,AVGO",4,0.6,0.75,0.4,0.3,0.20727798243869228,fallback_momentum_proxy,causal_ohlcv_reconstruction_not_exact_replay
2010-01-01,2019-01-14,2019-01-15,2019-01-23,0.005277541820794828,"DXCM,KDP,NVO,SBUX",4,0.6,0.75,0.4,0.3,0.17418959907358014,fallback_momentum_proxy,causal_ohlcv_reconstruction_not_exact_replay
2010-01-01,2019-01-22,2019-01-23,2019-01-30,0.005673008117036254,"DXCM,FAST,KDP,SBUX",4,0.6,0.75,0.4,0.15,0.14508424142822313,fallback_momentum_proxy,causal_ohlcv_reconstruction_not_exact_replay
2010-01-01,2019-01-29,2019-01-30,2019-02-06,0.015870316053501154,"NFLX,LRCX,KDP,SBUX",4,0.6,0.75,0.4,0.3,0.1457371154709268,fallback_momentum_proxy,causal_ohlcv_reconstruction_not_exact_replay
2010-01-01,2019-02-05,2019-02-06,2019-02-13,0.007472418502915245,"ON,LRCX,SBUX,NFLX",4,0.6,0.75,0.4,0.15,0.1251827363368343,fallback_momentum_proxy,causal_ohlcv_reconstruction_not_exact_replay
2010-01-01,2019-02-12,2019-02-13,2019-02-21,-0.007495989325498631,"ON,MCHP,LRCX,SBUX",4,0.6,0.75,0.4,0.15,0.12190914835723245,fallback_momentum_proxy,causal_ohlcv_reconstruction_not_exact_replay
2010-01-01,2019-02-20,2019-02-21,2019-02-28,-0.011398113067763664,"SMCI,LRCX,SBUX,ON",4,0.6,0.75,0.4,0.15,0.1031084261450971,fallback_momentum_proxy,causal_ohlcv_reconstruction_not_exact_replay
2010-01-01,2019-02-27,2019-02-28,2019-03-07,-0.0066902313557907385,"SMCI,MELI,LRCX,SBUX",4,0.6,0.75,0.4,0.15,0.1023361087990628,fallback_momentum_proxy,causal_ohlcv_reconstruction_not_exact_replay
2010-01-01,2019-03-06,2019-03-07,2019-03-14,0.03307895375617721,"MELI,CDNS,LRCX,SMCI",4,0.6,0.75,0.4,0.15,0.10064282624166204,fallback_momentum_proxy,causal_ohlcv_reconstruction_not_exact_replay
2010-01-01,2019-03-13,2019-03-14,2019-03-21,0.020110342533311863,"MELI,CDNS,SMCI,LRCX",4,0.6,0.75,0.4,0.0,0.1240399149504559,fallback_momentum_proxy,causal_ohlcv_reconstruction_not_exact_replay
2010-01-01,2019-03-20,2019-03-21,2019-03-28,-0.0076547994415407826,"MELI,CDNS,SMCI,LRCX",4,0.6,0.75,0.4,0.0,0.09590779854124269,fallback_momentum_proxy,causal_ohlcv_reconstruction_not_exact_replay
2010-01-01,2019-03-27,2019-03-28,2019-04-04,0.024069078933808996,"MELI,SMCI,CDNS,LRCX",4,0.6,0.75,0.4,0.0,0.0990187488412699,fallback_momentum_proxy,causal_ohlcv_reconstruction_not_exact_replay
2010-01-01,2019-04-03,2019-04-04,2019-04-11,-0.003978157036825275,"MELI,AMD,SMCI,CDNS",4,0.6,0.75,0.4,0.15,0.09718153276872304,fallback_momentum_proxy,causal_ohlcv_reconstruction_not_exact_replay
2010-01-01,2019-04-10,2019-04-11,2019-04-18,-0.007078908832783287,"MELI,AMD,SMCI,CDNS",4,0.6,0.75,0.4,0.0,0.09962733074832346,fallback_momentum_proxy,causal_ohlcv_reconstruction_not_exact_replay
2010-01-01,2019-04-17,2019-04-18,2019-04-26,0.01659533094064666,"QCOM,MRVL,SMCI,AMD",4,0.6,0.75,0.4,0.3,0.10310330261874658,fallback_momentum_proxy,causal_ohlcv_reconstruction_not_exact_replay
2010-01-01,2019-04-25,2019-04-26,2019-05-03,0.006229636504500962,"QCOM,MRVL,AMD,SMCI",4,0.6,0.75,0.4,0.0,0.10560430993537864,fallback_momentum_proxy,causal_ohlcv_reconstruction_not_exact_replay
2010-01-01,2019-05-02,2019-05-03,2019-05-10,-0.03027999539477556,"QCOM,MRVL,AMD,SMCI",4,0.6,0.75,0.4,0.0,0.10345548478686149,fallback_momentum_proxy,causal_ohlcv_reconstruction_not_exact_replay
2010-01-01,2019-05-09,2019-05-10,2019-05-17,-0.011231507101622512,"QCOM,MELI,AMD,MRVL",4,0.6,0.75,0.4,0.15,0.1250773984313516,fallback_momentum_proxy,causal_ohlcv_reconstruction_not_exact_replay
2010-01-01,2019-05-16,2019-05-17,2019-05-24,-0.03387088813778035,"MELI,QCOM,AMD,MRVL",4,0.6,0.75,0.4,0.0,0.12653567970927482,fallback_momentum_proxy,causal_ohlcv_reconstruction_not_exact_replay
2010-01-01,2019-05-23,2019-05-24,2019-06-03,0.004718566596307322,"MELI,TTWO,AMD,MRVL",4,0.6,0.75,0.4,0.15,0.14349444521941782,fallback_momentum_proxy,causal_ohlcv_reconstruction_not_exact_replay
2010-01-01,2019-05-31,2019-06-03,2019-06-10,0.06565381714657555,"MELI,TTWO,AMD,MRVL",4,0.6,0.75,0.4,0.0,0.14301033231636154,fallback_momentum_proxy,causal_ohlcv_reconstruction_not_exact_replay
2010-01-01,2019-06-07,2019-06-10,2019-06-17,-0.02791632156998773,"AMD,CPRT,TTWO,MRVL",4,0.6,0.75,0.4,0.15,0.18372195264361857,fallback_momentum_proxy,causal_ohlcv_reconstruction_not_exact_replay
2010-01-01,2019-06-14,2019-06-17,2019-06-24,0.010029590685698841,"CPRT,IDXX,AMD,TTWO",4,0.6,0.75,0.4,0.15,0.18985960849106795,fallback_momentum_proxy,causal_ohlcv_reconstruction_not_exact_replay
2010-01-01,2019-06-21,2019-06-24,2019-07-01,0.011298196393312521,"DXCM,YPF,CPRT,TTWO",4,0.6,0.75,0.4,0.3,0.19020072628277826,fallback_momentum_proxy,causal_ohlcv_reconstruction_not_exact_replay
2010-01-01,2019-06-28,2019-07-01,2019-07-09,-0.006037597561860907,"QCOM,DXCM,CPRT,TTWO",4,0.6,0.75,0.4,0.15,0.18514732391123584,fallback_momentum_proxy,causal_ohlcv_reconstruction_not_exact_replay
2010-01-01,2019-07-08,2019-07-09,2019-07-16,0.007857321266064116,"QCOM,DXCM,CPRT,TTWO",4,0.6,0.75,0.4,0.0,0.18538509890265978,fallback_momentum_proxy,causal_ohlcv_reconstruction_not_exact_replay
2010-01-01,2019-07-15,2019-07-16,2019-07-23,0.008023800770771495,"DXCM,IDXX,CPRT,TTWO",4,0.6,0.75,0.4,0.15,0.18535869224963736,fallback_momentum_proxy,causal_ohlcv_reconstruction_not_exact_replay
2010-01-01,2019-07-22,2019-07-23,2019-07-30,0.009807255482928412,"MU,DXCM,CPRT,TTWO",4,0.6,0.75,0.4,0.15,0.1830236068302174,fallback_momentum_proxy,causal_ohlcv_reconstruction_not_exact_replay
2010-01-01,2019-07-29,2019-07-30,2019-08-06,-0.01433263939998391,"MELI,SBUX,CPRT,TTWO",4,0.6,0.75,0.4,0.3,0.18365749962976527,fallback_momentum_proxy,causal_ohlcv_reconstruction_not_exact_replay
2010-01-01,2019-08-05,2019-08-06,2019-08-13,0.017590780753894197,"SBUX,CSGP,CPRT,TTWO",4,0.6,0.75,0.4,0.15,0.1745351902960109,fallback_momentum_proxy,causal_ohlcv_reconstruction_not_exact_replay
2010-01-01,2019-08-12,2019-08-13,2019-08-20,0.002946658126326735,"AMGN,KLAC,CPRT,SBUX",4,0.6,0.75,0.4,0.3,0.17451997747097983,fallback_momentum_proxy,causal_ohlcv_reconstruction_not_exact_replay
2010-01-01,2019-08-19,2019-08-20,2019-08-27,0.006606326108225369,"DXCM,KLAC,CPRT,SBUX",4,0.6,0.75,0.4,0.15,0.15371867869420786,fallback_momentum_proxy,causal_ohlcv_reconstruction_not_exact_replay
2010-01-01,2019-08-26,2019-08-27,2019-09-04,0.0054618031287728235,"DXCM,KLAC,SBUX",3,0.6,0.75,0.4,0.14999999999999997,0.15361827189302033,fallback_momentum_proxy,causal_ohlcv_reconstruction_not_exact_replay
2010-01-01,2019-09-03,2019-09-04,2019-09-11,-0.037710555429669765,"DXCM,KLAC,SBUX",3,0.6,0.75,0.4,0.0,0.08786282833289967,fallback_momentum_proxy,causal_ohlcv_reconstruction_not_exact_replay
2010-01-01,2019-09-10,2019-09-11,2019-09-18,0.0096872483496915,"MU,KLAC,SBUX",3,0.6,0.75,0.4,0.19999999999999998,0.10340311462466936,fallback_momentum_proxy,causal_ohlcv_reconstruction_not_exact_replay
2010-01-01,2019-09-17,2019-09-18,2019-09-25,-0.002038651104802635,"MU,KLAC,SBUX",3,0.6,0.75,0.4,0.0,0.10328716341379865,fallback_momentum_proxy,causal_ohlcv_reconstruction_not_exact_replay
2010-01-01,2019-09-24,2019-09-25,2019-10-02,-0.04562913994283225,"KLAC,LRCX,SBUX,MU",4,0.6,0.75,0.4,0.14999999999999997,0.101356096241657,fallback_momentum_proxy,causal_ohlcv_reconstruction_not_exact_replay
2010-01-01,2019-10-01,2019-10-02,2019-10-09,0.011922357347888334,"KLAC,LRCX,MU",3,0.6,0.75,0.4,0.14999999999999997,0.13709827400792252,fallback_momentum_proxy,causal_ohlcv_reconstruction_not_exact_replay
2010-01-01,2019-10-08,2019-10-09,2019-10-16,0.010098873173892553,"KLAC,TSM,LRCX",3,0.6,0.75,0.4,0.19999999999999998,0.13867784930456817,fallback_momentum_proxy,causal_ohlcv_reconstruction_not_exact_replay
2010-01-01,2019-10-15,2019-10-16,2019-10-23,0.00012607844663991001,"KLAC,ASML,LRCX,TSM",4,0.6,0.75,0.4,0.14999999999999997,0.13940735223230075,fallback_momentum_proxy,causal_ohlcv_reconstruction_not_exact_replay
2010-01-01,2019-10-22,2019-10-23,2019-10-30,0.016581699146886415,"BIIB,FAST,ASML,TSM",4,0.6,0.75,0.4,0.3,0.13713103829524653,fallback_momentum_proxy,causal_ohlcv_reconstruction_not_exact_replay
2010-01-01,2019-10-29,2019-10-30,2019-11-06,0.0008478840818921148,"LRCX,BIIB,ASML,TSM",4,0.6,0.75,0.4,0.15,0.1398162767015991,fallback_momentum_proxy,causal_ohlcv_reconstruction_not_exact_replay
2010-01-01,2019-11-05,2019-11-06,2019-11-13,-0.004013033869804206,"LRCX,NVDA,ASML,BIIB",4,0.6,0.75,0.4,0.15,0.13437600697050553,fallback_momentum_proxy,causal_ohlcv_reconstruction_not_exact_replay
2010-01-01,2019-11-12,2019-11-13,2019-11-20,0.015828508827196483,"DXCM,BIIB,LRCX,ASML",4,0.6,0.75,0.4,0.15,0.1340355378852761,fallback_momentum_proxy,causal_ohlcv_reconstruction_not_exact_replay
2010-01-01,2019-11-19,2019-11-20,2019-11-27,-0.0018342611293164447,"AMD,DXCM,LRCX,ASML",4,0.6,0.75,0.4,0.15,0.1379067031422999,fallback_momentum_proxy,causal_ohlcv_reconstruction_not_exact_replay
2010-01-01,2019-11-26,2019-11-27,2019-12-05,0.0011658712124754667,"DXCM,FTNT,AMD,ASML",4,0.6,0.75,0.4,0.15,0.13705870129636571,fallback_momentum_proxy,causal_ohlcv_reconstruction_not_exact_replay
2010-01-01,2019-12-04,2019-12-05,2019-12-12,0.0004877126102726852,"DXCM,VRTX,AMD,ASML",4,0.6,0.75,0.4,0.15,0.11321032281872646,fallback_momentum_proxy,causal_ohlcv_reconstruction_not_exact_replay
2010-01-01,2019-12-11,2019-12-12,2019-12-19,0.014035309477605928,"DXCM,REGN,AMD,ASML",4,0.6,0.75,0.4,0.15,0.11164704786032187,fallback_momentum_proxy,causal_ohlcv_reconstruction_not_exact_replay
2010-01-01,2019-12-18,2019-12-19,2019-12-27,0.015769655980978525,"AMD,DXCM,REGN,ASML",4,0.6,0.75,0.4,0.0,0.11474421289718036,fallback_momentum_proxy,causal_ohlcv_reconstruction_not_exact_replay
2010-01-01,2019-12-26,2019-12-27,2020-01-06,0.0033334550264383644,"AMD,YPF,REGN,DXCM",4,0.6,0.75,0.4,0.15,0.0546857363259915,fallback_momentum_proxy,causal_ohlcv_reconstruction_not_exact_replay
2010-01-01,2020-01-03,2020-01-06,2020-01-13,0.005209056847121112,"AMD,ON,REGN,YPF",4,0.6,0.75,0.4,0.15,0.05383906890981423,fallback_momentum_proxy,causal_ohlcv_reconstruction_not_exact_replay
2010-01-01,2020-01-10,2020-01-13,2020-01-21,-0.004771760343135284,"AMD,DXCM,REGN,ON",4,0.6,0.75,0.4,0.15,0.05311712797814159,fallback_momentum_proxy,causal_ohlcv_reconstruction_not_exact_replay
2010-01-01,2020-01-17,2020-01-21,2020-01-28,-0.006319311587561216,"AMD,SMCI,REGN,DXCM",4,0.6,0.75,0.4,0.15,0.056127268713110204,fallback_momentum_proxy,causal_ohlcv_reconstruction_not_exact_replay
2010-01-01,2020-01-27,2020-01-28,2020-02-04,0.009665978726136552,"DXCM,AMD,REGN,SMCI",4,0.6,0.75,0.4,0.0,0.05457573425779215,fallback_momentum_proxy,causal_ohlcv_reconstruction_not_exact_replay
2010-01-01,2020-02-03,2020-02-04,2020-02-11,0.01955045939846083,"DXCM,SMCI,AMD",3,0.6,0.75,0.4,0.14999999999999997,0.055669569187177165,fallback_momentum_proxy,causal_ohlcv_reconstruction_not_exact_replay
2010-01-01,2020-02-10,2020-02-11,2020-02-19,0.04439535931403677,"AMD,SMCI,DXCM",3,0.6,0.75,0.4,0.0,0.0604876109317146,fallback_momentum_proxy,causal_ohlcv_reconstruction_not_exact_replay
2010-01-01,2020-02-18,2020-02-19,2020-02-26,-0.06399634948497392,"NVDA,DXCM,AMD,SMCI",4,0.6,0.75,0.4,0.14999999999999997,0.09659807815690026,fallback_momentum_proxy,causal_ohlcv_reconstruction_not_exact_replay
2010-01-01,2020-02-25,2020-02-26,2020-03-04,0.02501379189204763,"REGN,DXCM,NVDA,SMCI",4,0.6,0.75,0.4,0.15,0.17374950264564254,fallback_momentum_proxy,causal_ohlcv_reconstruction_not_exact_replay
2010-01-01,2020-03-03,2020-03-04,2020-03-11,-0.059089178322437465,"REGN,NVDA,DXCM,SMCI",4,0.6,0.75,0.4,0.0,0.1789564384193223,fallback_momentum_proxy,causal_ohlcv_reconstruction_not_exact_replay
2010-01-01,2020-03-10,2020-03-11,2020-03-18,-0.10752995372162968,"REGN,DXCM,NVDA,SMCI",4,0.6,0.75,0.4,0.0,0.22035516641670103,fallback_momentum_proxy,causal_ohlcv_reconstruction_not_exact_replay
2010-01-01,2020-03-17,2020-03-18,2020-03-25,-0.07102396370388031,"REGN,GILD",2,0.6,0.7225095261417325,0.4,0.44999999999999996,0.304494255148192,fallback_momentum_proxy,causal_ohlcv_reconstruction_not_exact_replay
2010-01-01,2020-03-24,2020-03-25,2020-04-01,0.058951212909887626,"REGN,GILD",2,0.6,0.6843893009047552,0.4,0.0,0.32145447000583205,fallback_momentum_proxy,causal_ohlcv_reconstruction_not_exact_replay
2010-01-01,2020-03-31,2020-04-01,2020-04-08,0.015666495147101143,"REGN,DXCM,GILD",3,0.6,0.6210520444895236,0.4,0.2,0.35423762300119305,fallback_momentum_proxy,causal_ohlcv_reconstruction_not_exact_replay
2010-01-01,2020-04-07,2020-04-08,2020-04-16,0.022362244408092577,"REGN,GILD",2,0.6,0.6160670402511487,0.4,0.2,0.3571039929523154,fallback_momentum_proxy,causal_ohlcv_reconstruction_not_exact_replay
2010-01-01,2020-04-15,2020-04-16,2020-04-23,0.013003751958728854,"DXCM,NFLX,REGN,GILD",4,0.6,0.6053943448391422,0.4,0.3,0.36339949633730995,fallback_momentum_proxy,causal_ohlcv_reconstruction_not_exact_replay
2010-01-01,2020-04-22,2020-04-23,2020-04-30,0.005202859671723464,"REGN,DXCM,NFLX,GILD",4,0.6,0.6008775738128197,0.4,0.0,0.366131154810801,fallback_momentum_proxy,causal_ohlcv_reconstruction_not_exact_replay
2010-01-01,2020-04-29,2020-04-30,2020-05-07,0.03518095759285706,"DXCM,REGN,NFLX,GILD",4,0.6,0.6022147130702703,0.4,0.0,0.36531820831539363,fallback_momentum_proxy,causal_ohlcv_reconstruction_not_exact_replay
2010-01-01,2020-05-06,2020-05-07,2020-05-14,0.003548461638542429,"DXCM,REGN,GILD,NFLX",4,0.5918410536246642,0.5918410536246642,0.4081589463753358,0.004079473187667881,0.3717214252925421,fallback_momentum_proxy,causal_ohlcv_reconstruction_not_exact_replay
2010-01-01,2020-05-13,2020-05-14,2020-05-21,-0.013144819768313458,"DXCM,REGN,GILD,NFLX",4,0.6,0.6181309173350795,0.4,0.004079473187667881,0.3559116585665643,fallback_momentum_proxy,causal_ohlcv_reconstruction_not_exact_replay
2010-01-01,2020-05-20,2020-05-21,2020-05-29,0.010412551360104121,"FTNT,DXCM,REGN,GILD",4,0.6,0.6537452728788258,0.4,0.15,0.3365225098014251,fallback_momentum_proxy,causal_ohlcv_reconstruction_not_exact_replay
2010-01-01,2020-05-28,2020-05-29,2020-06-05,-0.010355542763402463,"MELI,ILMN,REGN,DXCM",4,0.6,0.6628095335148579,0.4,0.3,0.3319203917199968,fallback_momentum_proxy,causal_ohlcv_reconstruction_not_exact_replay
2010-01-01,2020-06-04,2020-06-05,2020-06-12,-0.019655867385179864,"MRVL,FTNT,DXCM,REGN",4,0.6,0.7038736414426278,0.4,0.3,0.3125560996276234,fallback_momentum_proxy,causal_ohlcv_reconstruction_not_exact_replay
2010-01-01,2020-06-11,2020-06-12,2020-06-19,0.012167547188892468,"MRVL,YPF,DXCM,FTNT",4,0.6,0.75,0.4,0.15,0.22105727883558146,fallback_momentum_proxy,causal_ohlcv_reconstruction_not_exact_replay
2010-01-01,2020-06-18,2020-06-19,2020-06-26,-0.02921876045872922,"MELI,SMCI,MRVL,DXCM",4,0.6,0.75,0.4,0.3,0.14878355841745056,fallback_momentum_proxy,causal_ohlcv_reconstruction_not_exact_replay
2010-01-01,2020-06-25,2020-06-26,2020-07-06,0.020306056768253034,"MELI,ON,SMCI,MRVL",4,0.6,0.75,0.4,0.15,0.1282975912650994,fallback_momentum_proxy,causal_ohlcv_reconstruction_not_exact_replay
2010-01-01,2020-07-02,2020-07-06,2020-07-13,-0.01086490939334812,"MELI,DXCM,SMCI,MRVL",4,0.6,0.75,0.4,0.15,0.1304774448334025,fallback_momentum_proxy,causal_ohlcv_reconstruction_not_exact_replay
2010-01-01,2020-07-10,2020-07-13,2020-07-20,0.020887704358395886,"MELI,YPF,SMCI,MRVL",4,0.6,0.75,0.4,0.15,0.12714378292143963,fallback_momentum_proxy,causal_ohlcv_reconstruction_not_exact_replay
2010-01-01,2020-07-17,2020-07-20,2020-07-27,0.0057787513945947114,"YPF,MELI,SMCI,MRVL",4,0.6,0.75,0.4,0.0,0.1311736932953713,fallback_momentum_proxy,causal_ohlcv_reconstruction_not_exact_replay
2010-01-01,2020-07-24,2020-07-27,2020-08-03,0.03206717164665733,"YPF,MELI,SMCI,MRVL",4,0.6,0.75,0.4,0.0,0.1312388926970418,fallback_momentum_proxy,causal_ohlcv_reconstruction_not_exact_replay
2010-01-01,2020-07-31,2020-08-03,2020-08-10,-0.007308289260783024,"AMD,YPF,SMCI,MELI",4,0.6,0.75,0.4,0.15,0.12794169666720207,fallback_momentum_proxy,causal_ohlcv_reconstruction_not_exact_replay
2010-01-01,2020-08-07,2020-08-10,2020-08-17,-0.012518654234126264,"AMD,TSM,SMCI,MELI",4,0.6,0.75,0.4,0.15,0.12913302574199997,fallback_momentum_proxy,causal_ohlcv_reconstruction_not_exact_replay
2010-01-01,2020-08-14,2020-08-17,2020-08-24,0.0021190803020366463,"AMD,TSM,MELI",3,0.6,0.75,0.4,0.14999999999999997,0.12884314098247215,fallback_momentum_proxy,causal_ohlcv_reconstruction_not_exact_replay
2010-01-01,2020-08-21,2020-08-24,2020-08-31,0.013049581645308356,"AAPL,AMD,TSM,MELI",4,0.6,0.75,0.4,0.14999999999999997,0.12726121597611761,fallback_momentum_proxy,causal_ohlcv_reconstruction_not_exact_replay
2010-01-01,2020-08-28,2020-08-31,2020-09-08,-0.06128998798387633,"AMD,AAPL,TSM,MELI",4,0.6,0.75,0.4,0.0,0.12733142101015935,fallback_momentum_proxy,causal_ohlcv_reconstruction_not_exact_replay
2010-01-01,2020-09-04,2020-09-08,2020-09-15,0.03419541277152925,"AMD,NVDA,AAPL,TSM",4,0.6,0.75,0.4,0.15,0.17606045322922437,fallback_momentum_proxy,causal_ohlcv_reconstruction_not_exact_replay
2010-01-01,2020-09-14,2020-09-15,2020-09-22,-0.019915392442473055,"NVDA,TSM,AAPL,AMD",4,0.6,0.75,0.4,0.0,0.1883704933141022,fallback_momentum_proxy,causal_ohlcv_reconstruction_not_exact_replay
2010-01-01,2020-09-21,2020-09-22,2020-09-29,0.01795091322164859,"AMD,TSM,AAPL,NVDA",4,0.6,0.75,0.4,0.0,0.18281948865993625,fallback_momentum_proxy,causal_ohlcv_reconstruction_not_exact_replay
2010-01-01,2020-09-28,2020-09-29,2020-10-06,0.01440395772940265,"AMD,TSM,AAPL,NVDA",4,0.6,0.75,0.4,0.0,0.18182024871484,fallback_momentum_proxy,causal_ohlcv_reconstruction_not_exact_replay
2010-01-01,2020-10-05,2020-10-06,2020-10-13,0.029299717026646323,"AMD,TSM,AAPL,NVDA",4,0.6,0.75,0.4,0.0,0.18154142491200065,fallback_momentum_proxy,causal_ohlcv_reconstruction_not_exact_replay
2010-01-01,2020-10-12,2020-10-13,2020-10-20,-0.010598644251610978,"AMD,MSTR,AAPL,TSM",4,0.6,0.75,0.4,0.15,0.18580010536916558,fallback_momentum_proxy,causal_ohlcv_reconstruction_not_exact_replay
2010-01-01,2020-10-19,2020-10-20,2020-10-27,-0.014642178457995847,"QCOM,MELI,AAPL,AMD",4,0.6,0.75,0.4,0.3,0.1879698102108615,fallback_momentum_proxy,causal_ohlcv_reconstruction_not_exact_replay
2010-01-01,2020-10-26,2020-10-27,2020-11-03,-0.017413454308951058,"MSTR,ON,AAPL,MELI",4,0.6,0.75,0.4,0.3,0.1791060074293293,fallback_momentum_proxy,causal_ohlcv_reconstruction_not_exact_replay
2010-01-01,2020-11-02,2020-11-03,2020-11-10,0.027764629265984754,"MSTR,ADP,MELI,ON",4,0.6,0.75,0.4,0.15,0.18169562186987057,fallback_momentum_proxy,causal_ohlcv_reconstruction_not_exact_replay
2010-01-01,2020-11-09,2020-11-10,2020-11-17,0.03838474056886856,"MAR,QCOM,ON,MSTR",4,0.6,0.75,0.4,0.3,0.18927878924534158,fallback_momentum_proxy,causal_ohlcv_reconstruction_not_exact_replay
2010-01-01,2020-11-16,2020-11-17,2020-11-24,0.04519175003256351,"MSTR,MU,MAR,ON",4,0.6,0.75,0.4,0.15,0.20328766171409698,fallback_momentum_proxy,causal_ohlcv_reconstruction_not_exact_replay
2010-01-01,2020-11-23,2020-11-24,2020-12-02,0.03990949208130427,"MSTR,BKR,MAR,ON",4,0.6,0.75,0.4,0.15,0.21880703111225178,fallback_momentum_proxy,causal_ohlcv_reconstruction_not_exact_replay
2010-01-01,2020-12-01,2020-12-02,2020-12-09,0.0019425213449522933,"MSTR,VALE,MAR,ON",4,0.6,0.75,0.4,0.15,0.16944518984490206,fallback_momentum_proxy,causal_ohlcv_reconstruction_not_exact_replay
2010-01-01,2020-12-08,2020-12-09,2020-12-16,0.008725549556417578,"MSTR,LRCX,ON,MAR",4,0.6,0.75,0.4,0.15,0.16608346206232724,fallback_momentum_proxy,causal_ohlcv_reconstruction_not_exact_replay
2010-01-01,2020-12-15,2020-12-16,2020-12-23,0.010279554727326237,"MSTR,MELI,LRCX,MAR",4,0.6,0.75,0.4,0.15,0.15082713734812836,fallback_momentum_proxy,causal_ohlcv_reconstruction_not_exact_replay
2010-01-01,2020-12-22,2020-12-23,2020-12-31,0.026452386086533657,"MSTR,VALE,LRCX,MAR",4,0.6,0.75,0.4,0.15,0.15096850481427218,fallback_momentum_proxy,causal_ohlcv_reconstruction_not_exact_replay
2010-01-01,2020-12-30,2020-12-31,2021-01-08,0.07368419468902478,"MSTR,BKR,LRCX,MAR",4,0.6,0.75,0.4,0.15,0.15285494333203817,fallback_momentum_proxy,causal_ohlcv_reconstruction_not_exact_replay
2010-01-01,2021-01-07,2021-01-08,2021-01-15,0.013334662698431653,"MSTR,VALE,LRCX,MAR",4,0.6,0.75,0.4,0.15,0.19110384373586387,fallback_momentum_proxy,causal_ohlcv_reconstruction_not_exact_replay
2010-01-01,2021-01-14,2021-01-15,2021-01-25,0.004463276521589336,"MSTR,WBD,LRCX,MAR",4,0.6,0.75,0.4,0.15,0.18063090096572074,fallback_momentum_proxy,causal_ohlcv_reconstruction_not_exact_replay
2010-01-01,2021-01-22,2021-01-25,2021-02-01,0.0087107535940818,"MSTR,WBD,MAR,LRCX",4,0.6,0.75,0.4,0.0,0.1677901501287519,fallback_momentum_proxy,causal_ohlcv_reconstruction_not_exact_replay
2010-01-01,2021-01-29,2021-02-01,2021-02-08,0.12391789018197791,"MSTR,WBD,MAR,LRCX",4,0.6,0.75,0.4,0.0,0.14756818805899952,fallback_momentum_proxy,causal_ohlcv_reconstruction_not_exact_replay
2010-01-01,2021-02-05,2021-02-08,2021-02-16,0.019963713349772087,"MSTR,WBD,MAR,LRCX",4,0.6,0.75,0.4,0.0,0.24674988420886573,fallback_momentum_proxy,causal_ohlcv_reconstruction_not_exact_replay
2010-01-01,2021-02-12,2021-02-16,2021-02-23,-0.009047304974380582,"MSTR,WBD,MAR,LRCX",4,0.6,0.75,0.4,0.0,0.2477103175869253,fallback_momentum_proxy,causal_ohlcv_reconstruction_not_exact_replay
2010-01-01,2021-02-22,2021-02-23,2021-03-02,0.03249996184787038,"MSTR,WBD,MAR,LRCX",4,0.6,0.75,0.4,0.0,0.2579811727024047,fallback_momentum_proxy,causal_ohlcv_reconstruction_not_exact_replay
2010-01-01,2021-03-01,2021-03-02,2021-03-09,-0.006742069583529091,"MSTR,WBD,MAR,LRCX",4,0.6,0.75,0.4,0.0,0.2567770804615712,fallback_momentum_proxy,causal_ohlcv_reconstruction_not_exact_replay
2010-01-01,2021-03-08,2021-03-09,2021-03-16,0.047885691721838694,"WBD,MSTR,MAR",3,0.6,0.75,0.4,0.14999999999999997,0.26088913994553214,fallback_momentum_proxy,causal_ohlcv_reconstruction_not_exact_replay
2010-01-01,2021-03-15,2021-03-16,2021-03-23,-0.03479684470611761,"WBD,MSTR,MAR",3,0.6,0.75,0.4,0.0,0.26163850384920956,fallback_momentum_proxy,causal_ohlcv_reconstruction_not_exact_replay
2010-01-01,2021-03-22,2021-03-23,2021-03-30,-0.07749615629302735,"WBD,MSTR,MAR",3,0.6,0.75,0.4,0.0,0.28940388122122174,fallback_momentum_proxy,causal_ohlcv_reconstruction_not_exact_replay
2010-01-01,2021-03-29,2021-03-30,2021-04-07,0.01557317767690031,"MSTR,AMAT,WBD,MAR",4,0.6,0.6212812598996992,0.4,0.14999999999999997,0.35410693062835535,fallback_momentum_proxy,causal_ohlcv_reconstruction_not_exact_replay
2010-01-01,2021-04-06,2021-04-07,2021-04-14,0.0004656312895604739,"AMAT,FTNT,WBD,MSTR",4,0.6,0.6635126219808767,0.4,0.15,0.33156867361950604,fallback_momentum_proxy,causal_ohlcv_reconstruction_not_exact_replay
2010-01-01,2021-04-13,2021-04-14,2021-04-21,-0.01915873018210181,"MSTR,AMAT,FTNT",3,0.6,0.6621417168392891,0.4,0.14999999999999997,0.33225515687210055,fallback_momentum_proxy,causal_ohlcv_reconstruction_not_exact_replay
2010-01-01,2021-04-20,2021-04-21,2021-04-28,0.010473106016404554,"FTNT,GOOG,AMAT,MSTR",4,0.6,0.6520541762957027,0.4,0.14999999999999997,0.3373952778737074,fallback_momentum_proxy,causal_ohlcv_reconstruction_not_exact_replay
2010-01-01,2021-04-27,2021-04-28,2021-05-05,-0.011456550429498858,"AMAT,FTNT,GOOG,MSTR",4,0.6,0.6520088100230604,0.4,0.0,0.33741875357822076,fallback_momentum_proxy,causal_ohlcv_reconstruction_not_exact_replay
2010-01-01,2021-05-04,2021-05-05,2021-05-12,-0.03847867885478233,"FTNT,ODFL,AMAT,GOOG",4,0.6,0.75,0.4,0.15,0.22668084844404288,fallback_momentum_proxy,causal_ohlcv_reconstruction_not_exact_replay
2010-01-01,2021-05-11,2021-05-12,2021-05-19,0.014011879087558594,"VALE,CCJ,AMAT,ODFL",4,0.6,0.75,0.4,0.3,0.23129199475254678,fallback_momentum_proxy,causal_ohlcv_reconstruction_not_exact_replay
2010-01-01,2021-05-18,2021-05-19,2021-05-26,0.013875194302306248,"VALE,CCJ,AMAT,ODFL",4,0.6,0.75,0.4,0.0,0.2351670469485987,fallback_momentum_proxy,causal_ohlcv_reconstruction_not_exact_replay
2010-01-01,2021-05-25,2021-05-26,2021-06-03,0.03765025507600627,"PBR,CCJ,AMAT,ODFL",4,0.6,0.75,0.4,0.15,0.2247916295868613,fallback_momentum_proxy,causal_ohlcv_reconstruction_not_exact_replay
2010-01-01,2021-06-02,2021-06-03,2021-06-10,0.0011494337249536198,"PBR,NVDA,AMAT,ODFL",4,0.6,0.75,0.4,0.15,0.24190414633929275,fallback_momentum_proxy,causal_ohlcv_reconstruction_not_exact_replay
2010-01-01,2021-06-09,2021-06-10,2021-06-17,-0.01397735815465792,"BIIB,PBR,AMAT,ODFL",4,0.6,0.75,0.4,0.15,0.21540403818908443,fallback_momentum_proxy,causal_ohlcv_reconstruction_not_exact_replay
2010-01-01,2021-06-16,2021-06-17,2021-06-24,-0.0008004271117576392,"BIIB,PBR,AMAT,ODFL",4,0.6,0.75,0.4,0.0,0.20776934505315417,fallback_momentum_proxy,causal_ohlcv_reconstruction_not_exact_replay
2010-01-01,2021-06-23,2021-06-24,2021-07-01,0.006471086191011754,"PBR,NVDA,AMAT,ODFL",4,0.6,0.75,0.4,0.15,0.13694482184788434,fallback_momentum_proxy,causal_ohlcv_reconstruction_not_exact_replay
2010-01-01,2021-06-30,2021-07-01,2021-07-09,-0.014467259767917212,"NVDA,PBR,AMAT,ODFL",4,0.6,0.75,0.4,0.0,0.1338499198319367,fallback_momentum_proxy,causal_ohlcv_reconstruction_not_exact_replay
2010-01-01,2021-07-08,2021-07-09,2021-07-16,-0.020684485971292386,"IDXX,NVDA,ODFL,PBR",4,0.6,0.75,0.4,0.15,0.13690776240758085,fallback_momentum_proxy,causal_ohlcv_reconstruction_not_exact_replay
2010-01-01,2021-07-15,2021-07-16,2021-07-23,0.0316155354501968,"FTNT,IDXX,ODFL,NVDA",4,0.6,0.75,0.4,0.15,0.13780462691025774,fallback_momentum_proxy,causal_ohlcv_reconstruction_not_exact_replay
2010-01-01,2021-07-22,2021-07-23,2021-07-30,-0.00519187081491671,"FTNT,INTU,NVDA,IDXX",4,0.6,0.75,0.4,0.15,0.1514352124062339,fallback_momentum_proxy,causal_ohlcv_reconstruction_not_exact_replay
2010-01-01,2021-07-29,2021-07-30,2021-08-06,0.02668969707664349,"FTNT,IDXX,NVDA,INTU",4,0.6,0.75,0.4,0.0,0.1498141799555674,fallback_momentum_proxy,causal_ohlcv_reconstruction_not_exact_replay
2010-01-01,2021-08-05,2021-08-06,2021-08-13,-0.006226035892079944,"AMD,DXCM,INTU,NVDA",4,0.6,0.75,0.4,0.3,0.1305972109112622,fallback_momentum_proxy,causal_ohlcv_reconstruction_not_exact_replay
2010-01-01,2021-08-12,2021-08-13,2021-08-20,-0.011219655220225982,"MSTR,FTNT,NVDA,AMD",4,0.6,0.75,0.4,0.3,0.13168432251610113,fallback_momentum_proxy,causal_ohlcv_reconstruction_not_exact_replay
2010-01-01,2021-08-19,2021-08-20,2021-08-27,0.02132779200184958,"MSTR,DXCM,NVDA,AMD",4,0.6,0.75,0.4,0.15,0.13357171688173472,fallback_momentum_proxy,causal_ohlcv_reconstruction_not_exact_replay
2010-01-01,2021-08-26,2021-08-27,2021-09-03,0.010688543668251626,"FTNT,DXCM,NVDA,MSTR",4,0.6,0.75,0.4,0.15,0.11806432669263929,fallback_momentum_proxy,causal_ohlcv_reconstruction_not_exact_replay
2010-01-01,2021-09-02,2021-09-03,2021-09-13,-0.03728731458592668,"MELI,FTNT,NVDA,MSTR",4,0.6,0.75,0.4,0.15,0.11955953406899095,fallback_momentum_proxy,causal_ohlcv_reconstruction_not_exact_replay
2010-01-01,2021-09-10,2021-09-13,2021-09-20,-0.02146694164243603,"CCJ,DXCM,NVDA,FTNT",4,0.6,0.75,0.4,0.3,0.14030089976528337,fallback_momentum_proxy,causal_ohlcv_reconstruction_not_exact_replay
2010-01-01,2021-09-17,2021-09-20,2021-09-27,0.00471063996508464,"ON,CCJ,NVDA,DXCM",4,0.6,0.75,0.4,0.15,0.14675806018619922,fallback_momentum_proxy,causal_ohlcv_reconstruction_not_exact_replay
2010-01-01,2021-09-24,2021-09-27,2021-10-04,-0.02700760852863765,"DXCM,ON,CCJ,NVDA",4,0.6,0.75,0.4,0.0,0.14637758093088502,fallback_momentum_proxy,causal_ohlcv_reconstruction_not_exact_replay
2010-01-01,2021-10-01,2021-10-04,2021-10-11,-0.008897458946685831,"CCJ,ON,DXCM",3,0.6,0.75,0.4,0.14999999999999997,0.15306400023461247,fallback_momentum_proxy,causal_ohlcv_reconstruction_not_exact_replay
2010-01-01,2021-10-08,2021-10-11,2021-10-18,0.04428133842104974,"MSTR,SHEL,CCJ,DXCM",4,0.6,0.75,0.4,0.3,0.14885339848112364,fallback_momentum_proxy,causal_ohlcv_reconstruction_not_exact_replay
2010-01-01,2021-10-15,2021-10-18,2021-10-25,0.010382543576603597,"CCJ,MSTR,DXCM,SHEL",4,0.6,0.75,0.4,0.0,0.16269198372228313,fallback_momentum_proxy,causal_ohlcv_reconstruction_not_exact_replay
2010-01-01,2021-10-22,2021-10-25,2021-11-01,0.007988349072974315,"CCJ,NFLX,DXCM,MSTR",4,0.6,0.75,0.4,0.15,0.1638272673457553,fallback_momentum_proxy,causal_ohlcv_reconstruction_not_exact_replay
2010-01-01,2021-10-29,2021-11-01,2021-11-08,0.03864824881576387,"CCJ,NFLX,DXCM,MSTR",4,0.6,0.75,0.4,0.0,0.15486609357542214,fallback_momentum_proxy,causal_ohlcv_reconstruction_not_exact_replay
2010-01-01,2021-11-05,2021-11-08,2021-11-15,-0.0013559377690008185,"NVDA,CCJ,DXCM,NFLX",4,0.6,0.75,0.4,0.15,0.1731283896511109,fallback_momentum_proxy,causal_ohlcv_reconstruction_not_exact_replay
2010-01-01,2021-11-12,2021-11-15,2021-11-22,-0.014036563219546511,"CCJ,NVDA,DXCM,NFLX",4,0.6,0.75,0.4,0.0,0.17079745551856634,fallback_momentum_proxy,causal_ohlcv_reconstruction_not_exact_replay
2010-01-01,2021-11-19,2021-11-22,2021-11-30,-0.019395769148186852,"NVDA,ON,DXCM,CCJ",4,0.6,0.75,0.4,0.15,0.16933940358476704,fallback_momentum_proxy,causal_ohlcv_reconstruction_not_exact_replay
2010-01-01,2021-11-29,2021-11-30,2021-12-07,-0.013688518751314998,"AMD,NVDA,DXCM,CCJ",4,0.6,0.75,0.4,0.15,0.17212950391851334,fallback_momentum_proxy,causal_ohlcv_reconstruction_not_exact_replay
2010-01-01,2021-12-06,2021-12-07,2021-12-14,-0.04219163857359576,"MRVL,PBR,AMD,NVDA",4,0.6,0.75,0.4,0.3,0.15688862589063254,fallback_momentum_proxy,causal_ohlcv_reconstruction_not_exact_replay
2010-01-01,2021-12-13,2021-12-14,2021-12-21,0.013273249066469024,"MRVL,QCOM,AMD,NVDA",4,0.6,0.75,0.4,0.15,0.173719187167714,fallback_momentum_proxy,causal_ohlcv_reconstruction_not_exact_replay
2010-01-01,2021-12-20,2021-12-21,2021-12-29,0.018961333496928655,"MRVL,AVGO,AMD,NVDA",4,0.6,0.75,0.4,0.15,0.1759156774814495,fallback_momentum_proxy,causal_ohlcv_reconstruction_not_exact_replay
2010-01-01,2021-12-28,2021-12-29,2022-01-05,-0.03501080711347694,"MRVL,ON,NVDA,AMD",4,0.6,0.75,0.4,0.15,0.17023168843928,fallback_momentum_proxy,causal_ohlcv_reconstruction_not_exact_replay
2010-01-01,2022-01-04,2022-01-05,2022-01-12,0.0008911356200889176,"ON,QCOM,AMD,MRVL",4,0.6,0.75,0.4,0.15,0.18531539237277533,fallback_momentum_proxy,causal_ohlcv_reconstruction_not_exact_replay
2010-01-01,2022-01-11,2022-01-12,2022-01-20,-0.07721002518493139,"ON,MU,AMD,MRVL",4,0.6,0.75,0.4,0.15,0.1594195389264273,fallback_momentum_proxy,causal_ohlcv_reconstruction_not_exact_replay
2010-01-01,2022-01-19,2022-01-20,2022-01-27,-0.039645853997451797,"PBR,MU,AMD,MRVL",4,0.6,0.75,0.4,0.15,0.213919584934403,fallback_momentum_proxy,causal_ohlcv_reconstruction_not_exact_replay
2010-01-01,2022-01-26,2022-01-27,2022-02-03,0.009321292437918058,"PBR,VALE,MU",3,0.6,0.75,0.4,0.3,0.21734978564858565,fallback_momentum_proxy,causal_ohlcv_reconstruction_not_exact_replay
2010-01-01,2022-02-02,2022-02-03,2022-02-10,0.04688202196772039,"PBR,VALE,MU",3,0.6,0.75,0.4,0.0,0.19291809704808213,fallback_momentum_proxy,causal_ohlcv_reconstruction_not_exact_replay
2010-01-01,2022-02-09,2022-02-10,2022-02-17,-0.0024585295469110808,"PBR,VALE,MU",3,0.6,0.75,0.4,0.0,0.22992230702357486,fallback_momentum_proxy,causal_ohlcv_reconstruction_not_exact_replay
2010-01-01,2022-02-16,2022-02-17,2022-02-25,0.01010271672618037,"PBR,VALE,MU",3,0.6,0.75,0.4,0.0,0.23077702339271247,fallback_momentum_proxy,causal_ohlcv_reconstruction_not_exact_replay
2010-01-01,2022-02-24,2022-02-25,2022-03-04,0.012480828449460035,"PBR,VALE,MU",3,0.6,0.75,0.4,0.0,0.23397506444050714,fallback_momentum_proxy,causal_ohlcv_reconstruction_not_exact_replay
2010-01-01,2022-03-03,2022-03-04,2022-03-11,-0.03642432955440328,"VALE,BHP,PBR,MU",4,0.6,0.75,0.4,0.14999999999999997,0.237599889446013,fallback_momentum_proxy,causal_ohlcv_reconstruction_not_exact_replay
2010-01-01,2022-03-10,2022-03-11,2022-03-18,-0.014347260584997495,"BKR,VALE,PBR,BHP",4,0.6,0.75,0.4,0.15,0.23415668282648736,fallback_momentum_proxy,causal_ohlcv_reconstruction_not_exact_replay
2010-01-01,2022-03-17,2022-03-18,2022-03-25,0.05193989411533357,"BKR,VALE,PBR,BHP",4,0.6,0.75,0.4,0.0,0.23045554676726537,fallback_momentum_proxy,causal_ohlcv_reconstruction_not_exact_replay
2010-01-01,2022-03-24,2022-03-25,2022-04-01,0.009855745471318872,"BKR,VALE,PBR,BHP",4,0.6,0.75,0.4,0.0,0.25570470574113663,fallback_momentum_proxy,causal_ohlcv_reconstruction_not_exact_replay
2010-01-01,2022-03-31,2022-04-01,2022-04-08,0.002051368320987257,"VALE,BKR,PBR,BHP",4,0.6,0.75,0.4,0.0,0.24929554666964987,fallback_momentum_proxy,causal_ohlcv_reconstruction_not_exact_replay
2010-01-01,2022-04-07,2022-04-08,2022-04-18,-0.002716605236442904,"EC,VALE,PBR,BKR",4,0.6,0.75,0.4,0.15,0.24937231812751293,fallback_momentum_proxy,causal_ohlcv_reconstruction_not_exact_replay
2010-01-01,2022-04-14,2022-04-18,2022-04-25,-0.07948892370702401,"CCJ,BKR,VALE,PBR",4,0.6,0.75,0.4,0.15,0.18936445105516173,fallback_momentum_proxy,causal_ohlcv_reconstruction_not_exact_replay
2010-01-01,2022-04-22,2022-04-25,2022-05-02,-0.019955463161968428,"CCJ,EXC,VALE,PBR",4,0.6,0.75,0.4,0.15,0.2391825535535778,fallback_momentum_proxy,causal_ohlcv_reconstruction_not_exact_replay
2010-01-01,2022-04-29,2022-05-02,2022-05-09,-0.033040045044928044,"CCJ,EC,EXC,PBR",4,0.6,0.75,0.4,0.15,0.24166110748712702,fallback_momentum_proxy,causal_ohlcv_reconstruction_not_exact_replay
2010-01-01,2022-05-06,2022-05-09,2022-05-16,0.032681708313192635,"SMCI,EC,PBR,EXC",4,0.6,0.75,0.4,0.15,0.22366313247983277,fallback_momentum_proxy,causal_ohlcv_reconstruction_not_exact_replay
2010-01-01,2022-05-13,2022-05-16,2022-05-23,0.009536530711512108,"SMCI,AEP,PBR,EXC",4,0.6,0.75,0.4,0.15,0.238264933539349,fallback_momentum_proxy,causal_ohlcv_reconstruction_not_exact_replay
2010-01-01,2022-05-20,2022-05-23,2022-05-31,-0.00044908038483688125,"SMCI,PBR,AEP,EXC",4,0.6,0.75,0.4,0.0,0.23810614948430484,fallback_momentum_proxy,causal_ohlcv_reconstruction_not_exact_replay
2010-01-01,2022-05-27,2022-05-31,2022-06-07,0.02617599664718113,"BKR,SMCI,AEP,PBR",4,0.6,0.75,0.4,0.15,0.23522411798098192,fallback_momentum_proxy,causal_ohlcv_reconstruction_not_exact_replay
2010-01-01,2022-06-06,2022-06-07,2022-06-14,-0.06541606817119615,"SMCI,CCEP,PBR,AEP",4,0.6,0.75,0.4,0.15,0.2340261553062193,fallback_momentum_proxy,causal_ohlcv_reconstruction_not_exact_replay
2010-01-01,2022-06-13,2022-06-14,2022-06-22,-0.036677667380681095,"PBR,BP,SMCI,CCEP",4,0.6,0.75,0.4,0.15,0.26612597322912585,fallback_momentum_proxy,causal_ohlcv_reconstruction_not_exact_replay
2010-01-01,2022-06-21,2022-06-22,2022-06-29,0.01708955674440804,"MNST,VRTX,CCEP",3,0.6,0.75,0.4,0.44999999999999996,0.2402529052026235,fallback_momentum_proxy,causal_ohlcv_reconstruction_not_exact_replay
2010-01-01,2022-06-28,2022-06-29,2022-07-07,0.015222886729939298,"MNST,CCEP,VRTX",3,0.6,0.75,0.4,0.0,0.24365908398416017,fallback_momentum_proxy,causal_ohlcv_reconstruction_not_exact_replay
2010-01-01,2022-07-06,2022-07-07,2022-07-14,-0.0132827202455678,"MNST,VRTX,CCEP",3,0.6,0.75,0.4,0.0,0.24843903793730604,fallback_momentum_proxy,causal_ohlcv_reconstruction_not_exact_replay
2010-01-01,2022-07-13,2022-07-14,2022-07-21,0.003442135291246951,"MNST,VRTX,CCEP",3,0.6,0.75,0.4,0.0,0.2477265652968604,fallback_momentum_proxy,causal_ohlcv_reconstruction_not_exact_replay
2010-01-01,2022-07-20,2022-07-21,2022-07-28,0.002961418377539643,"QCOM,ON,MNST,VRTX",4,0.6,0.75,0.4,0.3,0.2009894503457251,fallback_momentum_proxy,causal_ohlcv_reconstruction_not_exact_replay
2010-01-01,2022-07-27,2022-07-28,2022-08-04,0.012465175994673311,"SMCI,NFLX,MNST,VRTX",4,0.6,0.75,0.4,0.3,0.19897207344102877,fallback_momentum_proxy,causal_ohlcv_reconstruction_not_exact_replay
2010-01-01,2022-08-03,2022-08-04,2022-08-11,0.007052771188569356,"ON,MSTR,MNST,NFLX",4,0.6,0.75,0.4,0.3,0.19015063739398957,fallback_momentum_proxy,causal_ohlcv_reconstruction_not_exact_replay
2010-01-01,2022-08-10,2022-08-11,2022-08-18,0.0035045049291736966,"MSTR,MELI,NFLX,ON",4,0.6,0.75,0.4,0.15,0.17769811597212695,fallback_momentum_proxy,causal_ohlcv_reconstruction_not_exact_replay
2010-01-01,2022-08-17,2022-08-18,2022-08-25,-0.018584356020191938,"MSTR,SMCI,ON,NFLX",4,0.6,0.75,0.4,0.15,0.17642927533238473,fallback_momentum_proxy,causal_ohlcv_reconstruction_not_exact_replay
2010-01-01,2022-08-24,2022-08-25,2022-09-01,-0.0663846152876153,"SMCI,YPF,ON,MSTR",4,0.6,0.75,0.4,0.15,0.17927274827900144,fallback_momentum_proxy,causal_ohlcv_reconstruction_not_exact_replay
2010-01-01,2022-08-31,2022-09-01,2022-09-09,0.04545296822535402,"YPF,PBR,ON,SMCI",4,0.6,0.75,0.4,0.15,0.20516885129678014,fallback_momentum_proxy,causal_ohlcv_reconstruction_not_exact_replay
2010-01-01,2022-09-08,2022-09-09,2022-09-16,-0.031230650114329843,"YPF,CSGP,SMCI,ON",4,0.6,0.75,0.4,0.15,0.1978967602123656,fallback_momentum_proxy,causal_ohlcv_reconstruction_not_exact_replay
2010-01-01,2022-09-15,2022-09-16,2022-09-23,-0.06652077429260231,"YPF,MELI,SMCI,ON",4,0.6,0.75,0.4,0.15,0.19405834955626708,fallback_momentum_proxy,causal_ohlcv_reconstruction_not_exact_replay
2010-01-01,2022-09-22,2022-09-23,2022-09-30,0.003962882228151193,"YPF,PBR,SMCI,MELI",4,0.6,0.75,0.4,0.15,0.2273712397601439,fallback_momentum_proxy,causal_ohlcv_reconstruction_not_exact_replay
2010-01-01,2022-09-29,2022-09-30,2022-10-07,0.03889067912385521,"YPF,BIIB,SMCI,MELI",4,0.6,0.75,0.4,0.15,0.22328131436068818,fallback_momentum_proxy,causal_ohlcv_reconstruction_not_exact_replay
2010-01-01,2022-10-06,2022-10-07,2022-10-14,-0.04901354544523428,"YPF,PBR,SMCI,MELI",4,0.6,0.75,0.4,0.15,0.24305529217740457,fallback_momentum_proxy,causal_ohlcv_reconstruction_not_exact_replay
2010-01-01,2022-10-13,2022-10-14,2022-10-21,0.08433441291915197,"YPF,PBR,SMCI",3,0.6,0.75,0.4,0.14999999999999997,0.25686366659234944,fallback_momentum_proxy,causal_ohlcv_reconstruction_not_exact_replay
2010-01-01,2022-10-20,2022-10-21,2022-10-28,-0.006302381695511937,"YPF,PBR,SMCI",3,0.6,0.6913187365548804,0.4,0.0,0.3182323700589233,fallback_momentum_proxy,causal_ohlcv_reconstruction_not_exact_replay
2010-01-01,2022-10-27,2022-10-28,2022-11-04,-0.0015206273270316345,"YPF,NFLX,SMCI,PBR",4,0.6,0.6951641333010977,0.4,0.14999999999999997,0.3164720236000884,fallback_momentum_proxy,causal_ohlcv_reconstruction_not_exact_replay
2010-01-01,2022-11-03,2022-11-04,2022-11-11,0.03065138954101647,"YPF,SMCI,NFLX",3,0.6,0.697156454195173,0.4,0.14999999999999997,0.3155676156709721,fallback_momentum_proxy,causal_ohlcv_reconstruction_not_exact_replay
2010-01-01,2022-11-10,2022-11-11,2022-11-18,-0.001827659781805546,"YPF,SMCI,NFLX",3,0.6,0.6803031070073868,0.4,0.0,0.32338526420637265,fallback_momentum_proxy,causal_ohlcv_reconstruction_not_exact_replay
2010-01-01,2022-11-17,2022-11-18,2022-11-28,0.020183458753580998,"BIIB,SMCI,NFLX,YPF",4,0.6,0.684057161484697,0.4,0.14999999999999997,0.3216105500927814,fallback_momentum_proxy,causal_ohlcv_reconstruction_not_exact_replay
2010-01-01,2022-11-25,2022-11-28,2022-12-05,-0.006761761550547918,"SMCI,BIIB,YPF,NFLX",4,0.6,0.75,0.4,0.0,0.2908873802168824,fallback_momentum_proxy,causal_ohlcv_reconstruction_not_exact_replay
2010-01-01,2022-12-02,2022-12-05,2022-12-12,-0.007551168650456191,"VALE,NFLX,YPF,BIIB",4,0.6,0.75,0.4,0.15,0.2782182652872068,fallback_momentum_proxy,causal_ohlcv_reconstruction_not_exact_replay
2010-01-01,2022-12-09,2022-12-12,2022-12-19,-0.007672477263793337,"NFLX,VALE,BIIB,YPF",4,0.6,0.75,0.4,0.0,0.2701288451645425,fallback_momentum_proxy,causal_ohlcv_reconstruction_not_exact_replay
2010-01-01,2022-12-16,2022-12-19,2022-12-27,0.026699034110013377,"NVO,SMCI,YPF,NFLX",4,0.6,0.75,0.4,0.3,0.22618948892801333,fallback_momentum_proxy,causal_ohlcv_reconstruction_not_exact_replay
2010-01-01,2022-12-23,2022-12-27,2023-01-04,0.013921461206042263,"YPF,SMCI,NVO,NFLX",4,0.6,0.75,0.4,0.0,0.22890392487256261,fallback_momentum_proxy,causal_ohlcv_reconstruction_not_exact_replay
2010-01-01,2023-01-03,2023-01-04,2023-01-11,0.01192585157871,"NVO,SMCI,NFLX,YPF",4,0.6,0.75,0.4,0.0,0.22050752381703181,fallback_momentum_proxy,causal_ohlcv_reconstruction_not_exact_replay
2010-01-01,2023-01-10,2023-01-11,2023-01-19,0.02103906013282346,"YPF,ASML,NVO,NFLX",4,0.6,0.75,0.4,0.15,0.18248693329782284,fallback_momentum_proxy,causal_ohlcv_reconstruction_not_exact_replay
2010-01-01,2023-01-18,2023-01-19,2023-01-26,0.04345516251956481,"YPF,ASML,NFLX,NVO",4,0.6,0.75,0.4,0.0,0.10043829545736875,fallback_momentum_proxy,causal_ohlcv_reconstruction_not_exact_replay
2010-01-01,2023-01-25,2023-01-26,2023-02-02,0.0018777998885797613,"YPF,TSM,ASML,NFLX",4,0.6,0.75,0.4,0.15,0.11777202472997768,fallback_momentum_proxy,causal_ohlcv_reconstruction_not_exact_replay
2010-01-01,2023-02-01,2023-02-02,2023-02-09,-0.004064619783069878,"NVDA,TSM,ASML,NFLX",4,0.6,0.75,0.4,0.15,0.11628190713307089,fallback_momentum_proxy,causal_ohlcv_reconstruction_not_exact_replay
2010-01-01,2023-02-08,2023-02-09,2023-02-16,0.018307241856389045,"MSTR,YPF,ASML,TSM",4,0.6,0.75,0.4,0.3,0.11289717314586711,fallback_momentum_proxy,causal_ohlcv_reconstruction_not_exact_replay
2010-01-01,2023-02-15,2023-02-16,2023-02-24,-0.019293235157883774,"MSTR,NVDA,ASML,TSM",4,0.6,0.75,0.4,0.15,0.11144428521216075,fallback_momentum_proxy,causal_ohlcv_reconstruction_not_exact_replay
2010-01-01,2023-02-23,2023-02-24,2023-03-03,0.006146531148393896,"NVDA,MSTR,ASML,TSM",4,0.6,0.75,0.4,0.0,0.12429784227682639,fallback_momentum_proxy,causal_ohlcv_reconstruction_not_exact_replay
2010-01-01,2023-03-02,2023-03-03,2023-03-10,-0.0594727461848084,"NVDA,YPF,MSTR,TSM",4,0.6,0.75,0.4,0.15,0.12041089155662402,fallback_momentum_proxy,causal_ohlcv_reconstruction_not_exact_replay
2010-01-01,2023-03-09,2023-03-10,2023-03-17,0.00014607072056604942,"YPF,NVDA,TSM",3,0.6,0.75,0.4,0.14999999999999997,0.18037395122899694,fallback_momentum_proxy,causal_ohlcv_reconstruction_not_exact_replay
2010-01-01,2023-03-16,2023-03-17,2023-03-24,0.021328108166511185,"NVDA,AMD,TSM,YPF",4,0.6,0.75,0.4,0.14999999999999997,0.17877123066988476,fallback_momentum_proxy,causal_ohlcv_reconstruction_not_exact_replay
2010-01-01,2023-03-23,2023-03-24,2023-03-31,0.008071805714813696,"NVDA,AMD,TSM",3,0.6,0.75,0.4,0.14999999999999997,0.1762565149592932,fallback_momentum_proxy,causal_ohlcv_reconstruction_not_exact_replay
2010-01-01,2023-03-30,2023-03-31,2023-04-10,-0.000892738123182823,"NVDA,MSTR,AMD,TSM",4,0.6,0.75,0.4,0.14999999999999997,0.1753003284311389,fallback_momentum_proxy,causal_ohlcv_reconstruction_not_exact_replay
2010-01-01,2023-04-06,2023-04-10,2023-04-17,-0.013567307810345212,"NVDA,MSTR,AMD,TSM",4,0.6,0.75,0.4,0.0,0.17468820589798484,fallback_momentum_proxy,causal_ohlcv_reconstruction_not_exact_replay
2010-01-01,2023-04-14,2023-04-17,2023-04-24,-0.0225202202455719,"MSTR,NVDA,AMD",3,0.6,0.75,0.4,0.14999999999999997,0.17285544196149136,fallback_momentum_proxy,causal_ohlcv_reconstruction_not_exact_replay
2010-01-01,2023-04-21,2023-04-24,2023-05-01,0.026910246366644318,"NVDA,ISRG,AMD,MSTR",4,0.6,0.75,0.4,0.14999999999999997,0.14973082268198834,fallback_momentum_proxy,causal_ohlcv_reconstruction_not_exact_replay
2010-01-01,2023-04-28,2023-05-01,2023-05-08,0.04002201072419358,"MSTR,SMCI,NVDA,ISRG",4,0.6,0.75,0.4,0.15,0.16270107824044985,fallback_momentum_proxy,causal_ohlcv_reconstruction_not_exact_replay
2010-01-01,2023-05-05,2023-05-08,2023-05-15,-0.003430768874249407,"SMCI,ISRG,NVDA,MSTR",4,0.6,0.75,0.4,0.0,0.1840591351474305,fallback_momentum_proxy,causal_ohlcv_reconstruction_not_exact_replay
2010-01-01,2023-05-12,2023-05-15,2023-05-22,0.05810455875884064,"SMCI,ISRG,NVDA",3,0.6,0.75,0.4,0.14999999999999997,0.17996445634705868,fallback_momentum_proxy,causal_ohlcv_reconstruction_not_exact_replay
2010-01-01,2023-05-19,2023-05-22,2023-05-30,0.10145475093001603,"SMCI,GOOG,NVDA,ISRG",4,0.6,0.75,0.4,0.14999999999999997,0.21015753572091642,fallback_momentum_proxy,causal_ohlcv_reconstruction_not_exact_replay
2010-01-01,2023-05-26,2023-05-30,2023-06-06,0.002103436352381783,"SMCI,NVDA,GOOG,ISRG",4,0.6,0.75,0.4,0.0,0.2848461526000965,fallback_momentum_proxy,causal_ohlcv_reconstruction_not_exact_replay
2010-01-01,2023-06-05,2023-06-06,2023-06-13,0.01213126363645615,"SMCI,NVDA,GOOG,ISRG",4,0.6,0.75,0.4,0.0,0.23982462458106504,fallback_momentum_proxy,causal_ohlcv_reconstruction_not_exact_replay
2010-01-01,2023-06-12,2023-06-13,2023-06-21,-0.0213584710935912,"SMCI,MRVL,GOOG,NVDA",4,0.6,0.75,0.4,0.15,0.23710113434914382,fallback_momentum_proxy,causal_ohlcv_reconstruction_not_exact_replay
2010-01-01,2023-06-20,2023-06-21,2023-06-28,0.006190441862009533,"SMCI,PBR,GOOG,MRVL",4,0.6,0.75,0.4,0.15,0.2502928307273219,fallback_momentum_proxy,causal_ohlcv_reconstruction_not_exact_replay
2010-01-01,2023-06-27,2023-06-28,2023-07-06,-0.0009715058029882754,"SMCI,PBR,GOOG,MRVL",4,0.6,0.75,0.4,0.0,0.25056551306574754,fallback_momentum_proxy,causal_ohlcv_reconstruction_not_exact_replay
2010-01-01,2023-07-05,2023-07-06,2023-07-13,0.0510396782427477,"SMCI,PBR,GOOG,MRVL",4,0.6,0.75,0.4,0.0,0.25058779504346573,fallback_momentum_proxy,causal_ohlcv_reconstruction_not_exact_replay
2010-01-01,2023-07-12,2023-07-13,2023-07-20,-0.008253044192687487,"SMCI,NVDA,GOOG,MRVL",4,0.6,0.75,0.4,0.15,0.25128159141402084,fallback_momentum_proxy,causal_ohlcv_reconstruction_not_exact_replay
2010-01-01,2023-07-19,2023-07-20,2023-07-27,0.021646674779658853,"SMCI,MSTR,GOOG,MRVL",4,0.6,0.75,0.4,0.15,0.24206139768752427,fallback_momentum_proxy,causal_ohlcv_reconstruction_not_exact_replay
2010-01-01,2023-07-26,2023-07-27,2023-08-03,-0.012221263733467174,"SMCI,NVDA,GOOG,MRVL",4,0.6,0.75,0.4,0.15,0.24182547308832156,fallback_momentum_proxy,causal_ohlcv_reconstruction_not_exact_replay
2010-01-01,2023-08-02,2023-08-03,2023-08-10,-0.02941076372301865,"SMCI,ADBE,GOOG,MRVL",4,0.6,0.75,0.4,0.15,0.2469018003635521,fallback_momentum_proxy,causal_ohlcv_reconstruction_not_exact_replay
2010-01-01,2023-08-09,2023-08-10,2023-08-17,-0.022303627764069453,"SMCI,ADBE,GOOG,MRVL",4,0.6,0.75,0.4,0.0,0.2613187411256966,fallback_momentum_proxy,causal_ohlcv_reconstruction_not_exact_replay
2010-01-01,2023-08-16,2023-08-17,2023-08-24,0.01611293572579747,"SMCI,ODFL,GOOG,MRVL",4,0.6,0.75,0.4,0.15,0.25289908235567327,fallback_momentum_proxy,causal_ohlcv_reconstruction_not_exact_replay
2010-01-01,2023-08-23,2023-08-24,2023-08-31,0.015599458211117388,"CCJ,PBR,GOOG,ODFL",4,0.6,0.75,0.4,0.3,0.15497148341549885,fallback_momentum_proxy,causal_ohlcv_reconstruction_not_exact_replay
2010-01-01,2023-08-30,2023-08-31,2023-09-08,0.00475265125782241,"ODFL,PBR,GOOG,CCJ",4,0.6,0.75,0.4,0.0,0.1576146003979538,fallback_momentum_proxy,causal_ohlcv_reconstruction_not_exact_replay
2010-01-01,2023-09-07,2023-09-08,2023-09-15,0.006812003069253246,"ODFL,INTU,GOOG,CCJ",4,0.6,0.75,0.4,0.15,0.15631104594013476,fallback_momentum_proxy,causal_ohlcv_reconstruction_not_exact_replay
2010-01-01,2023-09-14,2023-09-15,2023-09-22,-0.013776323740445705,"CCJ,TM,GOOG,ODFL",4,0.6,0.75,0.4,0.15,0.1481458824022269,fallback_momentum_proxy,causal_ohlcv_reconstruction_not_exact_replay
2010-01-01,2023-09-21,2023-09-22,2023-09-29,0.0004331284258009497,"CCJ,EC,GOOG,ODFL",4,0.6,0.75,0.4,0.15,0.15220413331200844,fallback_momentum_proxy,causal_ohlcv_reconstruction_not_exact_replay
2010-01-01,2023-09-28,2023-09-29,2023-10-06,0.0012594275707829995,"CCJ,AMGN,GOOG,ODFL",4,0.6,0.75,0.4,0.15,0.15209425437532723,fallback_momentum_proxy,causal_ohlcv_reconstruction_not_exact_replay
2010-01-01,2023-10-05,2023-10-06,2023-10-13,0.0010823946644800075,"AMGN,CCJ,GOOG,ODFL",4,0.6,0.75,0.4,0.0,0.10977348009101512,fallback_momentum_proxy,causal_ohlcv_reconstruction_not_exact_replay
2010-01-01,2023-10-12,2023-10-13,2023-10-20,-0.017837869460822386,"AMGN,NVO,GOOG,ODFL",4,0.6,0.75,0.4,0.15,0.10889959539073342,fallback_momentum_proxy,causal_ohlcv_reconstruction_not_exact_replay
2010-01-01,2023-10-19,2023-10-20,2023-10-27,-0.03767333296350474,"NVO,AMGN,GOOG",3,0.6,0.75,0.4,0.14999999999999997,0.10177872129188181,fallback_momentum_proxy,causal_ohlcv_reconstruction_not_exact_replay
2010-01-01,2023-10-26,2023-10-27,2023-11-03,0.03953085543642434,"NVO,MSTR,AMGN",3,0.6,0.75,0.4,0.19999999999999998,0.12131815769302463,fallback_momentum_proxy,causal_ohlcv_reconstruction_not_exact_replay
2010-01-01,2023-11-02,2023-11-03,2023-11-10,0.023413454938218937,"MSTR,CCJ,NVO,AMGN",4,0.6,0.75,0.4,0.14999999999999997,0.14055939944056436,fallback_momentum_proxy,causal_ohlcv_reconstruction_not_exact_replay
2010-01-01,2023-11-09,2023-11-10,2023-11-17,0.0012592250667021973,"MSTR,CCJ,NVO",3,0.6,0.75,0.4,0.14999999999999997,0.13935727544523407,fallback_momentum_proxy,causal_ohlcv_reconstruction_not_exact_replay
2010-01-01,2023-11-16,2023-11-17,2023-11-27,0.01021080704511751,"MSTR,INTC,NVO,CCJ",4,0.6,0.75,0.4,0.14999999999999997,0.13655981299481296,fallback_momentum_proxy,causal_ohlcv_reconstruction_not_exact_replay
2010-01-01,2023-11-24,2023-11-27,2023-12-04,0.012440411262235598,"MSTR,INTC,NVO,CCJ",4,0.6,0.75,0.4,0.0,0.1346556233420209,fallback_momentum_proxy,causal_ohlcv_reconstruction_not_exact_replay
2010-01-01,2023-12-01,2023-12-04,2023-12-11,0.009159733239901678,"MSTR,YPF,NVO,INTC",4,0.6,0.75,0.4,0.15,0.13629187448768348,fallback_momentum_proxy,causal_ohlcv_reconstruction_not_exact_replay
2010-01-01,2023-12-08,2023-12-11,2023-12-18,0.016109559576052222,"MSTR,YPF,INTC",3,0.6,0.75,0.4,0.14999999999999997,0.13671112214514494,fallback_momentum_proxy,causal_ohlcv_reconstruction_not_exact_replay
2010-01-01,2023-12-15,2023-12-18,2023-12-26,0.031671428796435364,"MSTR,YPF,INTC",3,0.6,0.75,0.4,0.0,0.13428622043530175,fallback_momentum_proxy,causal_ohlcv_reconstruction_not_exact_replay
2010-01-01,2023-12-22,2023-12-26,2024-01-03,-0.01922424219615702,"MSTR,AVGO,INTC,YPF",4,0.6,0.75,0.4,0.14999999999999997,0.14382775178642204,fallback_momentum_proxy,causal_ohlcv_reconstruction_not_exact_replay
2010-01-01,2024-01-02,2024-01-03,2024-01-10,-0.012344817792087962,"MSTR,DXCM,INTC,YPF",4,0.6,0.75,0.4,0.15,0.15319990488392957,fallback_momentum_proxy,causal_ohlcv_reconstruction_not_exact_replay
2010-01-01,2024-01-09,2024-01-10,2024-01-18,-0.030522213143048788,"DXCM,MSTR,INTC,YPF",4,0.6,0.75,0.4,0.0,0.15729147119123094,fallback_momentum_proxy,causal_ohlcv_reconstruction_not_exact_replay
2010-01-01,2024-01-17,2024-01-18,2024-01-25,0.01531206739834653,"AMD,DXCM,INTC,MSTR",4,0.6,0.75,0.4,0.15,0.16691376711890496,fallback_momentum_proxy,causal_ohlcv_reconstruction_not_exact_replay
2010-01-01,2024-01-24,2024-01-25,2024-02-01,0.0024704866832890287,"SMCI,AMD,INTC,DXCM",4,0.6,0.75,0.4,0.15,0.14151763533472184,fallback_momentum_proxy,causal_ohlcv_reconstruction_not_exact_replay
2010-01-01,2024-01-31,2024-02-01,2024-02-08,0.03134061410407182,"SMCI,AMD,INTC,DXCM",4,0.6,0.75,0.4,0.0,0.12402734794280233,fallback_momentum_proxy,causal_ohlcv_reconstruction_not_exact_replay
2010-01-01,2024-02-07,2024-02-08,2024-02-15,0.08429157432493509,"SMCI,NVDA,AMD,INTC",4,0.6,0.75,0.4,0.15,0.12999112047036798,fallback_momentum_proxy,causal_ohlcv_reconstruction_not_exact_replay
2010-01-01,2024-02-14,2024-02-15,2024-02-23,-0.015385497031984422,"SMCI,MSTR,AMD,NVDA",4,0.6,0.75,0.4,0.15,0.20277825941738845,fallback_momentum_proxy,causal_ohlcv_reconstruction_not_exact_replay
2010-01-01,2024-02-22,2024-02-23,2024-03-01,0.12223901326568573,"SMCI,NVDA,AMD,MSTR",4,0.6,0.75,0.4,0.0,0.21034792885899792,fallback_momentum_proxy,causal_ohlcv_reconstruction_not_exact_replay
2010-01-01,2024-02-29,2024-03-01,2024-03-08,0.10005513644064379,"SMCI,MSTR,AMD,NVDA",4,0.6,0.7174282148615332,0.4,0.0,0.30665088916590905,fallback_momentum_proxy,causal_ohlcv_reconstruction_not_exact_replay
2010-01-01,2024-03-07,2024-03-08,2024-03-15,0.016891935576684655,"SMCI,MSTR,NVDA,AMD",4,0.6,0.6387307641837846,0.4,0.0,0.34443307311357013,fallback_momentum_proxy,causal_ohlcv_reconstruction_not_exact_replay
2010-01-01,2024-03-14,2024-03-15,2024-03-22,-0.033252334663618495,"SMCI,MSTR,NVDA,AMD",4,0.6,0.638926158973897,0.4,0.0,0.34432773945789874,fallback_momentum_proxy,causal_ohlcv_reconstruction_not_exact_replay
2010-01-01,2024-03-21,2024-03-22,2024-04-01,0.017969779554089876,"MSTR,SMCI,NVDA,AMD",4,0.6,0.6036864287553098,0.4,0.0,0.36442760599008245,fallback_momentum_proxy,causal_ohlcv_reconstruction_not_exact_replay
2010-01-01,2024-03-28,2024-04-01,2024-04-08,-0.04341255773290899,"SMCI,MSTR,NVDA,AMD",4,0.6,0.6220767155045841,0.4,0.0,0.3536541306188446,fallback_momentum_proxy,causal_ohlcv_reconstruction_not_exact_replay
2010-01-01,2024-04-05,2024-04-08,2024-04-15,-0.034779904422977306,"SMCI,MSTR,NVDA,AMD",4,0.5902143759378662,0.5902143759378662,0.4097856240621338,0.0048928120310668954,0.37274591905765464,fallback_momentum_proxy,causal_ohlcv_reconstruction_not_exact_replay
2010-01-01,2024-04-12,2024-04-15,2024-04-22,-0.053129679663559456,"MSTR,SMCI,NVDA",3,0.5859651962393773,0.5859651962393773,0.41403480376062274,0.14542900413522208,0.37544891985381,fallback_momentum_proxy,causal_ohlcv_reconstruction_not_exact_replay
2010-01-01,2024-04-19,2024-04-22,2024-04-29,0.0583766515815107,"MSTR,SMCI,NVDA",3,0.5440429497605568,0.5440429497605568,0.4559570502394432,0.02096112323941024,0.4043798382036308,fallback_momentum_proxy,causal_ohlcv_reconstruction_not_exact_replay
2010-01-01,2024-04-26,2024-04-29,2024-05-06,-0.006440337116670346,"MSTR,SMCI,NVDA",3,0.5347597295655149,0.5347597295655149,0.4652402704344851,0.00464161009752094,0.41139971437031553,fallback_momentum_proxy,causal_ohlcv_reconstruction_not_exact_replay
2010-01-01,2024-05-03,2024-05-06,2024-05-13,-0.01863004499618466,"MSTR,YPF,NVDA,SMCI",4,0.5312210806175758,0.5312210806175758,0.4687789193824242,0.13457459462836352,0.41414019139495944,fallback_momentum_proxy,causal_ohlcv_reconstruction_not_exact_replay
2010-01-01,2024-05-10,2024-05-13,2024-05-20,0.07379326208768643,"MU,MSTR,NVDA,YPF",4,0.560127377637095,0.560127377637095,0.43987262236290503,0.14725841866415354,0.39276780386645804,fallback_momentum_proxy,causal_ohlcv_reconstruction_not_exact_replay
2010-01-01,2024-05-17,2024-05-20,2024-05-28,0.01833942621700721,"MSTR,MU,NVDA,YPF",4,0.538593605136602,0.538593605136602,0.46140639486339796,0.010766886250246466,0.4084712441845684,fallback_momentum_proxy,causal_ohlcv_reconstruction_not_exact_replay
2010-01-01,2024-05-24,2024-05-28,2024-06-04,-0.02003396195674252,"MSTR,MU,NVDA,YPF",4,0.6,0.6497583287200649,0.4,0.03070319743169897,0.3385874259332234,fallback_momentum_proxy,causal_ohlcv_reconstruction_not_exact_replay
2010-01-01,2024-06-03,2024-06-04,2024-06-11,0.00806339100342427,"MSTR,NVDA,YPF,MU",4,0.6,0.75,0.4,0.0,0.2758605194420457,fallback_momentum_proxy,causal_ohlcv_reconstruction_not_exact_replay
2010-01-01,2024-06-10,2024-06-11,2024-06-18,0.03578819079517225,"NVDA,MU,MSTR,YPF",4,0.6,0.75,0.4,0.0,0.2737903814417133,fallback_momentum_proxy,causal_ohlcv_reconstruction_not_exact_replay
2010-01-01,2024-06-17,2024-06-18,2024-06-26,-0.050793560822182046,"NVDA,AVGO,MU",3,0.6,0.75,0.4,0.3,0.2750469628945765,fallback_momentum_proxy,causal_ohlcv_reconstruction_not_exact_replay
2010-01-01,2024-06-25,2024-06-26,2024-07-03,0.018406258862243417,"NVDA,TSM,MU,AVGO",4,0.6,0.75,0.4,0.14999999999999997,0.2924159606674711,fallback_momentum_proxy,causal_ohlcv_reconstruction_not_exact_replay
2010-01-01,2024-07-02,2024-07-03,2024-07-11,-0.008495368208248722,"NVDA,AVGO,TSM,MU",4,0.6,0.75,0.4,0.0,0.2808832801899978,fallback_momentum_proxy,causal_ohlcv_reconstruction_not_exact_replay
2010-01-01,2024-07-10,2024-07-11,2024-07-18,-0.034652278352654664,"NVDA,AAPL,TSM,MU",4,0.6,0.75,0.4,0.15,0.2704942610423026,fallback_momentum_proxy,causal_ohlcv_reconstruction_not_exact_replay
2010-01-01,2024-07-17,2024-07-18,2024-07-25,-0.005562665022519088,"SIRI,NVDA,AAPL,TSM",4,0.6,0.75,0.4,0.15,0.25549568184665156,fallback_momentum_proxy,causal_ohlcv_reconstruction_not_exact_replay
2010-01-01,2024-07-24,2024-07-25,2024-08-01,-0.03660697819991236,"SIRI,MSTR,AAPL,TSM",4,0.6,0.75,0.4,0.15,0.22928779198865704,fallback_momentum_proxy,causal_ohlcv_reconstruction_not_exact_replay
2010-01-01,2024-07-31,2024-08-01,2024-08-08,-0.02140313655536584,"MSTR,BKR,AAPL,TSM",4,0.6,0.75,0.4,0.15,0.2410075400082475,fallback_momentum_proxy,causal_ohlcv_reconstruction_not_exact_replay
2010-01-01,2024-08-07,2024-08-08,2024-08-15,0.01482708335298997,"FTNT,TMUS,AAPL,MSTR",4,0.6,0.75,0.4,0.3,0.2419134138997709,fallback_momentum_proxy,causal_ohlcv_reconstruction_not_exact_replay
2010-01-01,2024-08-14,2024-08-15,2024-08-22,0.0005055294997445447,"SBUX,FTNT,AAPL,TMUS",4,0.6,0.75,0.4,0.15,0.18340129449276177,fallback_momentum_proxy,causal_ohlcv_reconstruction_not_exact_replay
2010-01-01,2024-08-21,2024-08-22,2024-08-29,0.016203116104040384,"FTNT,ILMN,AAPL,SBUX",4,0.6,0.75,0.4,0.15,0.17608829302825668,fallback_momentum_proxy,causal_ohlcv_reconstruction_not_exact_replay
2010-01-01,2024-08-28,2024-08-29,2024-09-06,-0.0244333807275263,"FTNT,ILMN,AAPL,SBUX",4,0.6,0.75,0.4,0.0,0.18040888281963058,fallback_momentum_proxy,causal_ohlcv_reconstruction_not_exact_replay
2010-01-01,2024-09-05,2024-09-06,2024-09-13,0.023390671781605015,"MELI,YPF,AAPL,SBUX",4,0.6,0.75,0.4,0.3,0.18159217257972327,fallback_momentum_proxy,causal_ohlcv_reconstruction_not_exact_replay
2010-01-01,2024-09-12,2024-09-13,2024-09-20,0.0007387198297197865,"MELI,GILD,AAPL,SBUX",4,0.6,0.75,0.4,0.15,0.16993959989889063,fallback_momentum_proxy,causal_ohlcv_reconstruction_not_exact_replay
2010-01-01,2024-09-19,2024-09-20,2024-09-27,-0.0015970059297313434,"MELI,GILD,AAPL,SBUX",4,0.6,0.75,0.4,0.0,0.1441711890776544,fallback_momentum_proxy,causal_ohlcv_reconstruction_not_exact_replay
2010-01-01,2024-09-26,2024-09-27,2024-10-04,-0.009213922499655119,"MSTR,MELI,AAPL,SBUX",4,0.6,0.75,0.4,0.15,0.1354959109175853,fallback_momentum_proxy,causal_ohlcv_reconstruction_not_exact_replay
2010-01-01,2024-10-03,2024-10-04,2024-10-11,0.05213225591875139,"MSTR,SBUX,MELI",3,0.6,0.75,0.4,0.14999999999999997,0.13555107301761868,fallback_momentum_proxy,causal_ohlcv_reconstruction_not_exact_replay
2010-01-01,2024-10-10,2024-10-11,2024-10-18,0.00025868198669252724,"FTNT,MSTR,SBUX,MELI",4,0.6,0.75,0.4,0.14999999999999997,0.16463471244603328,fallback_momentum_proxy,causal_ohlcv_reconstruction_not_exact_replay
2010-01-01,2024-10-17,2024-10-18,2024-10-25,0.00128309631188713,"FTNT,CCJ,SBUX,MSTR",4,0.6,0.75,0.4,0.15,0.16407558590322405,fallback_momentum_proxy,causal_ohlcv_reconstruction_not_exact_replay
2010-01-01,2024-10-24,2024-10-25,2024-11-01,-0.007031539299330808,"MSTR,FTNT,CCJ,SBUX",4,0.6,0.75,0.4,0.0,0.14211783430109526,fallback_momentum_proxy,causal_ohlcv_reconstruction_not_exact_replay
2010-01-01,2024-10-31,2024-11-01,2024-11-08,0.05803337946026903,"MSTR,BKNG,CCJ,FTNT",4,0.6,0.75,0.4,0.15,0.13343596570925834,fallback_momentum_proxy,causal_ohlcv_reconstruction_not_exact_replay
2010-01-01,2024-11-07,2024-11-08,2024-11-15,0.03592707458266321,"MSTR,MRVL,CCJ,FTNT",4,0.6,0.75,0.4,0.15,0.16935119392895265,fallback_momentum_proxy,causal_ohlcv_reconstruction_not_exact_replay
2010-01-01,2024-11-14,2024-11-15,2024-11-22,0.0768653242721654,"MSTR,YPF,MRVL,FTNT",4,0.6,0.75,0.4,0.15,0.17606239453201636,fallback_momentum_proxy,causal_ohlcv_reconstruction_not_exact_replay
2010-01-01,2024-11-21,2024-11-22,2024-12-02,-0.0028954761050567785,"MSTR,YPF,MRVL,FTNT",4,0.6,0.75,0.4,0.0,0.21852004940357553,fallback_momentum_proxy,causal_ohlcv_reconstruction_not_exact_replay
2010-01-01,2024-11-29,2024-12-02,2024-12-09,0.01363715421178405,"MSTR,YPF,MRVL,FTNT",4,0.6,0.75,0.4,0.0,0.2045067574571806,fallback_momentum_proxy,causal_ohlcv_reconstruction_not_exact_replay
2010-01-01,2024-12-06,2024-12-09,2024-12-16,0.05939832333622507,"MSTR,YPF,MRVL,FTNT",4,0.6,0.75,0.4,0.0,0.2045213537314952,fallback_momentum_proxy,causal_ohlcv_reconstruction_not_exact_replay
2010-01-01,2024-12-13,2024-12-16,2024-12-23,-0.05111293871740252,"MSTR,YPF,MRVL,FTNT",4,0.6,0.75,0.4,0.0,0.21594278669833714,fallback_momentum_proxy,causal_ohlcv_reconstruction_not_exact_replay
2010-01-01,2024-12-20,2024-12-23,2024-12-31,-0.026373255447030838,"MSTR,YPF,MRVL,FTNT",4,0.6,0.75,0.4,0.0,0.2587557100979673,fallback_momentum_proxy,causal_ohlcv_reconstruction_not_exact_replay
2010-01-01,2024-12-30,2024-12-31,2025-01-08,0.04475197001830206,"YPF,MSTR,MRVL,FTNT",4,0.6,0.75,0.4,0.0,0.2689070759252432,fallback_momentum_proxy,causal_ohlcv_reconstruction_not_exact_replay
2010-01-01,2025-01-07,2025-01-08,2025-01-16,0.007141534541188949,"YPF,MSTR,MRVL,FTNT",4,0.6,0.75,0.4,0.0,0.26516572696931473,fallback_momentum_proxy,causal_ohlcv_reconstruction_not_exact_replay
2010-01-01,2025-01-15,2025-01-16,2025-01-24,-0.002477155168013046,"YPF,MSTR,MRVL,FTNT",4,0.6,0.75,0.4,0.0,0.2636449374941723,fallback_momentum_proxy,causal_ohlcv_reconstruction_not_exact_replay
2010-01-01,2025-01-23,2025-01-24,2025-01-31,-0.02080084098079446,"YPF,MRVL,MSTR,FTNT",4,0.6,0.75,0.4,0.0,0.2647494836392543,fallback_momentum_proxy,causal_ohlcv_reconstruction_not_exact_replay
2010-01-01,2025-01-30,2025-01-31,2025-02-07,-0.002519777325267352,"YPF,MSTR,MRVL,FTNT",4,0.6,0.75,0.4,0.0,0.2715358469986675,fallback_momentum_proxy,causal_ohlcv_reconstruction_not_exact_replay
2010-01-01,2025-02-06,2025-02-07,2025-02-14,0.0073784552916026595,"NFLX,DXCM,MRVL,MSTR",4,0.6,0.75,0.4,0.3,0.25737500919044176,fallback_momentum_proxy,causal_ohlcv_reconstruction_not_exact_replay
2010-01-01,2025-02-13,2025-02-14,2025-02-24,0.004350703424814336,"SMCI,EC,DXCM,MRVL",4,0.6,0.75,0.4,0.3,0.25159971193685526,fallback_momentum_proxy,causal_ohlcv_reconstruction_not_exact_replay
2010-01-01,2025-02-21,2025-02-24,2025-03-03,-0.08842060071097803,"SMCI,EC,DXCM",3,0.6,0.75,0.4,0.14999999999999997,0.20316736190616813,fallback_momentum_proxy,causal_ohlcv_reconstruction_not_exact_replay
2010-01-01,2025-02-28,2025-03-03,2025-03-10,-0.01733078378415267,"SMCI,GILD,DXCM,EC",4,0.6,0.75,0.4,0.14999999999999997,0.27269171918341606,fallback_momentum_proxy,causal_ohlcv_reconstruction_not_exact_replay
2010-01-01,2025-03-07,2025-03-10,2025-03-17,0.008443559285690185,"GILD,EC",2,0.6,0.75,0.4,0.3,0.27070089414558346,fallback_momentum_proxy,causal_ohlcv_reconstruction_not_exact_replay
2010-01-01,2025-03-14,2025-03-17,2025-03-24,-0.01888918184009418,"GILD,EXC,EC",3,0.6,0.75,0.4,0.2,0.23280087272867123,fallback_momentum_proxy,causal_ohlcv_reconstruction_not_exact_replay
2010-01-01,2025-03-21,2025-03-24,2025-03-31,0.013533359450880555,"EC,VRTX,GILD,EXC",4,0.6,0.75,0.4,0.14999999999999997,0.21733404428722441,fallback_momentum_proxy,causal_ohlcv_reconstruction_not_exact_replay
2010-01-01,2025-03-28,2025-03-31,2025-04-07,-0.03349471078653994,"EC,VRTX,GILD,EXC",4,0.6,0.75,0.4,0.0,0.21784749368898876,fallback_momentum_proxy,causal_ohlcv_reconstruction_not_exact_replay
2010-01-01,2025-04-04,2025-04-07,2025-04-14,0.02443675790577292,"EXC,ORLY,VRTX,GILD",4,0.6,0.75,0.4,0.15,0.19433345102821586,fallback_momentum_proxy,causal_ohlcv_reconstruction_not_exact_replay
2010-01-01,2025-04-11,2025-04-14,2025-04-22,-0.0019751722610968523,"EXC,MDLZ,ORLY,GILD",4,0.6,0.75,0.4,0.15,0.20447840486986082,fallback_momentum_proxy,causal_ohlcv_reconstruction_not_exact_replay
2010-01-01,2025-04-21,2025-04-22,2025-04-29,-0.008681130184564277,"MDLZ,EXC,ORLY,GILD",4,0.6,0.75,0.4,0.0,0.20456599542661003,fallback_momentum_proxy,causal_ohlcv_reconstruction_not_exact_replay
2010-01-01,2025-04-28,2025-04-29,2025-05-06,-0.008217935808279892,"SMCI,MSTR,MDLZ,ORLY",4,0.6,0.75,0.4,0.3,0.20332857922457265,fallback_momentum_proxy,causal_ohlcv_reconstruction_not_exact_replay
2010-01-01,2025-05-05,2025-05-06,2025-05-13,-7.718037366823919e-05,"MSTR,MNST,MDLZ,ORLY",4,0.6,0.75,0.4,0.15,0.2028058072878613,fallback_momentum_proxy,causal_ohlcv_reconstruction_not_exact_replay
2010-01-01,2025-05-12,2025-05-13,2025-05-20,0.005639345408016294,"MCHP,MSTR,MDLZ,MNST",4,0.6,0.75,0.4,0.15,0.20058460105599663,fallback_momentum_proxy,causal_ohlcv_reconstruction_not_exact_replay
2010-01-01,2025-05-19,2025-05-20,2025-05-28,-0.03033051503710327,"MSTR,CDNS,MDLZ,MNST",4,0.6,0.75,0.4,0.15,0.20101476189477224,fallback_momentum_proxy,causal_ohlcv_reconstruction_not_exact_replay
2010-01-01,2025-05-27,2025-05-28,2025-06-04,0.00759305232744829,"CCJ,MSTR,MDLZ,CDNS",4,0.6,0.75,0.4,0.15,0.12058841574888594,fallback_momentum_proxy,causal_ohlcv_reconstruction_not_exact_replay
2010-01-01,2025-06-03,2025-06-04,2025-06-11,0.021365565725846747,"CCJ,AVGO,CDNS,MSTR",4,0.6,0.75,0.4,0.15,0.12029363620761388,fallback_momentum_proxy,causal_ohlcv_reconstruction_not_exact_replay
2010-01-01,2025-06-10,2025-06-11,2025-06-18,-0.0018892559362690467,"CCJ,MCHP,CDNS,AVGO",4,0.6,0.75,0.4,0.15,0.1283416759996486,fallback_momentum_proxy,causal_ohlcv_reconstruction_not_exact_replay
2010-01-01,2025-06-17,2025-06-18,2025-06-26,0.03059004634794804,"CCJ,MU,CDNS,AVGO",4,0.6,0.75,0.4,0.15,0.12326316609081213,fallback_momentum_proxy,causal_ohlcv_reconstruction_not_exact_replay
2010-01-01,2025-06-25,2025-06-26,2025-07-03,0.007749785632953031,"CCJ,MU,CDNS,AVGO",4,0.6,0.75,0.4,0.0,0.13601118457054295,fallback_momentum_proxy,causal_ohlcv_reconstruction_not_exact_replay
2010-01-01,2025-07-02,2025-07-03,2025-07-11,-0.0017383310846977196,"MCHP,CCJ,CDNS,AVGO",4,0.6,0.75,0.4,0.15,0.11461129332176022,fallback_momentum_proxy,causal_ohlcv_reconstruction_not_exact_replay
2010-01-01,2025-07-10,2025-07-11,2025-07-18,-0.0011880091119234378,"MCHP,MU,CDNS,CCJ",4,0.6,0.75,0.4,0.15,0.10576956006544981,fallback_momentum_proxy,causal_ohlcv_reconstruction_not_exact_replay
2010-01-01,2025-07-17,2025-07-18,2025-07-25,0.006981780202707911,"CCJ,AMD,CDNS,MCHP",4,0.6,0.75,0.4,0.15,0.10566361783850792,fallback_momentum_proxy,causal_ohlcv_reconstruction_not_exact_replay
2010-01-01,2025-07-24,2025-07-25,2025-08-01,-0.002843991013498238,"CCJ,AMD,MCHP,CDNS",4,0.6,0.75,0.4,0.0,0.1035635275476461,fallback_momentum_proxy,causal_ohlcv_reconstruction_not_exact_replay
2010-01-01,2025-07-31,2025-08-01,2025-08-08,-0.032902271173020595,"SMCI,AMD,CCJ,MCHP",4,0.6,0.75,0.4,0.15,0.1015667088947056,fallback_momentum_proxy,causal_ohlcv_reconstruction_not_exact_replay
2010-01-01,2025-08-07,2025-08-08,2025-08-15,0.013449645275335825,"AMD,CCJ,SMCI,MCHP",4,0.6,0.75,0.4,0.0,0.12493983287594912,fallback_momentum_proxy,causal_ohlcv_reconstruction_not_exact_replay
2010-01-01,2025-08-14,2025-08-15,2025-08-22,-0.000912240485709372,"AMD,CCJ,MCHP",3,0.6,0.75,0.4,0.14999999999999997,0.12721270874615231,fallback_momentum_proxy,causal_ohlcv_reconstruction_not_exact_replay
2010-01-01,2025-08-21,2025-08-22,2025-08-29,-0.008244905608719249,"AMD,IDXX,CCJ,MCHP",4,0.6,0.75,0.4,0.14999999999999997,0.1073779094394274,fallback_momentum_proxy,causal_ohlcv_reconstruction_not_exact_replay
2010-01-01,2025-08-28,2025-08-29,2025-09-08,-0.009146244538605562,"AMD,INTC,CCJ,MCHP",4,0.6,0.75,0.4,0.15,0.10960506057069375,fallback_momentum_proxy,causal_ohlcv_reconstruction_not_exact_replay
2010-01-01,2025-09-05,2025-09-08,2025-09-15,0.03069939242132108,"GOOGL,AVGO,AMD,INTC",4,0.6,0.75,0.4,0.3,0.10359425459089844,fallback_momentum_proxy,causal_ohlcv_reconstruction_not_exact_replay
2010-01-01,2025-09-12,2025-09-15,2025-09-22,0.013859284400217225,"WBD,AVGO,INTC,AMD",4,0.6,0.75,0.4,0.15,0.12007901287136352,fallback_momentum_proxy,causal_ohlcv_reconstruction_not_exact_replay
2010-01-01,2025-09-19,2025-09-22,2025-09-29,0.014237626036668966,"WBD,GOOGL,INTC,AVGO",4,0.6,0.75,0.4,0.15,0.10718188378866464,fallback_momentum_proxy,causal_ohlcv_reconstruction_not_exact_replay
2010-01-01,2025-09-26,2025-09-29,2025-10-06,0.018322380410043658,"WBD,INTC,GOOGL,AVGO",4,0.6,0.75,0.4,0.0,0.10962228582515769,fallback_momentum_proxy,causal_ohlcv_reconstruction_not_exact_replay
2010-01-01,2025-10-03,2025-10-06,2025-10-13,-0.0019158237756120946,"WBD,INTC,AVGO,GOOGL",4,0.6,0.75,0.4,0.0,0.11397798233981378,fallback_momentum_proxy,causal_ohlcv_reconstruction_not_exact_replay
2010-01-01,2025-10-10,2025-10-13,2025-10-20,0.015858853669540245,"INTC,MU,WBD,AVGO",4,0.6,0.75,0.4,0.15,0.11411756884253994,fallback_momentum_proxy,causal_ohlcv_reconstruction_not_exact_replay
2010-01-01,2025-10-17,2025-10-20,2025-10-27,0.043112179710035746,"MU,INTC,WBD,AVGO",4,0.6,0.75,0.4,0.0,0.11664635787261841,fallback_momentum_proxy,causal_ohlcv_reconstruction_not_exact_replay
2010-01-01,2025-10-24,2025-10-27,2025-11-03,0.018917001186991883,"MU,INTC,WBD,AVGO",4,0.6,0.75,0.4,0.0,0.13852078803061638,fallback_momentum_proxy,causal_ohlcv_reconstruction_not_exact_replay
2010-01-01,2025-10-31,2025-11-03,2025-11-10,0.010822389162325802,"MU,INTC,WBD,AVGO",4,0.6,0.75,0.4,0.0,0.10709576551001397,fallback_momentum_proxy,causal_ohlcv_reconstruction_not_exact_replay
2010-01-01,2025-11-07,2025-11-10,2025-11-17,-0.02946604266840575,"WBD,MU,INTC,AVGO",4,0.6,0.75,0.4,0.0,0.10710720428814934,fallback_momentum_proxy,causal_ohlcv_reconstruction_not_exact_replay
2010-01-01,2025-11-14,2025-11-17,2025-11-24,0.009744539199096024,"MU,WBD,INTC,AVGO",4,0.6,0.75,0.4,0.0,0.13393702857211304,fallback_momentum_proxy,causal_ohlcv_reconstruction_not_exact_replay
2010-01-01,2025-11-21,2025-11-24,2025-12-02,0.05500137316044039,"WBD,MU,INTC,AVGO",4,0.6,0.75,0.4,0.0,0.1281340344877386,fallback_momentum_proxy,causal_ohlcv_reconstruction_not_exact_replay
2010-01-01,2025-12-01,2025-12-02,2025-12-09,0.030376550886347928,"WBD,MU,INTC,AVGO",4,0.6,0.75,0.4,0.0,0.1463638425471597,fallback_momentum_proxy,causal_ohlcv_reconstruction_not_exact_replay
2010-01-01,2025-12-08,2025-12-09,2025-12-16,-0.037072219671043544,"AMAT,INTC,WBD,AVGO",4,0.6,0.75,0.4,0.15,0.14623042530379604,fallback_momentum_proxy,causal_ohlcv_reconstruction_not_exact_replay
2010-01-01,2025-12-15,2025-12-16,2025-12-23,-0.002341945881694141,"WBD,AMAT,INTC",3,0.6,0.75,0.4,0.14999999999999997,0.1813422062088612,fallback_momentum_proxy,causal_ohlcv_reconstruction_not_exact_replay
2010-01-01,2025-12-22,2025-12-23,2025-12-31,0.0037290520603451005,"MU,WBD,AMAT,INTC",4,0.6,0.75,0.4,0.14999999999999997,0.183582485888782,fallback_momentum_proxy,causal_ohlcv_reconstruction_not_exact_replay
2010-01-01,2025-12-30,2025-12-31,2026-01-08,0.04487185955759984,"MU,WBD,AMAT",3,0.6,0.75,0.4,0.14999999999999997,0.1833456274908879,fallback_momentum_proxy,causal_ohlcv_reconstruction_not_exact_replay
2010-01-01,2026-01-07,2026-01-08,2026-01-15,0.024703594075623975,"MU,ILMN,AMAT,WBD",4,0.6,0.75,0.4,0.14999999999999997,0.19387794558475271,fallback_momentum_proxy,causal_ohlcv_reconstruction_not_exact_replay
2010-01-01,2026-01-14,2026-01-15,2026-01-23,0.030430668345294388,"MU,LRCX,AMAT,WBD",4,0.6,0.75,0.4,0.15,0.1951161061981208,fallback_momentum_proxy,causal_ohlcv_reconstruction_not_exact_replay
2010-01-01,2026-01-22,2026-01-23,2026-01-30,0.02102960478227009,"MU,INTC,AMAT,LRCX",4,0.6,0.75,0.4,0.15,0.1885464890140749,fallback_momentum_proxy,causal_ohlcv_reconstruction_not_exact_replay
2010-01-01,2026-01-29,2026-01-30,2026-02-06,0.004513460287281794,"MU,LRCX,AMAT,INTC",4,0.6,0.75,0.4,0.0,0.18886548560864605,fallback_momentum_proxy,causal_ohlcv_reconstruction_not_exact_replay
2010-01-01,2026-02-05,2026-02-06,2026-02-13,0.017593320288756813,"MU,ODFL,AMAT,LRCX",4,0.6,0.75,0.4,0.15,0.189667877856607,fallback_momentum_proxy,causal_ohlcv_reconstruction_not_exact_replay
2010-01-01,2026-02-12,2026-02-13,2026-02-23,0.016279920375257904,"MU,LRCX,AMAT,ODFL",4,0.6,0.75,0.4,0.0,0.16573272689836244,fallback_momentum_proxy,causal_ohlcv_reconstruction_not_exact_replay
2010-01-01,2026-02-20,2026-02-23,2026-03-02,0.0002455265732447306,"MU,AMAT,LRCX,ODFL",4,0.6,0.75,0.4,0.0,0.16502348062842997,fallback_momentum_proxy,causal_ohlcv_reconstruction_not_exact_replay
2010-01-01,2026-02-27,2026-03-02,2026-03-09,-0.04201350905704998,"MU,ODFL,AMAT,LRCX",4,0.6,0.75,0.4,0.0,0.14598282853402633,fallback_momentum_proxy,causal_ohlcv_reconstruction_not_exact_replay
2010-01-01,2026-03-06,2026-03-09,2026-03-16,0.020525210817809968,"PBR,MU,AMAT,ODFL",4,0.6,0.75,0.4,0.15,0.17646308833412716,fallback_momentum_proxy,causal_ohlcv_reconstruction_not_exact_replay
2010-01-01,2026-03-13,2026-03-16,2026-03-23,-0.0008440256123187833,"MU,PBR,AMAT,ODFL",4,0.6,0.75,0.4,0.0,0.14967139734242488,fallback_momentum_proxy,causal_ohlcv_reconstruction_not_exact_replay
2010-01-01,2026-03-20,2026-03-23,2026-03-30,0.004616055715694772,"PBR,EC,AMAT,ODFL",4,0.6,0.75,0.4,0.15,0.14909409491694273,fallback_momentum_proxy,causal_ohlcv_reconstruction_not_exact_replay
2010-01-01,2026-03-27,2026-03-30,2026-04-07,0.01831166913794146,"PBR,EC,AMAT,ODFL",4,0.6,0.75,0.4,0.0,0.14889752514769455,fallback_momentum_proxy,causal_ohlcv_reconstruction_not_exact_replay
2010-01-01,2026-04-06,2026-04-07,2026-04-14,0.024929006781377987,"PBR,BP,AMAT,ODFL",4,0.6,0.75,0.4,0.15,0.1317825583165756,fallback_momentum_proxy,causal_ohlcv_reconstruction_not_exact_replay
2010-01-01,2026-04-13,2026-04-14,2026-04-21,0.03008250422299663,"MRVL,PBR,AMAT,ODFL",4,0.6,0.75,0.4,0.15,0.13189510743084626,fallback_momentum_proxy,causal_ohlcv_reconstruction_not_exact_replay
2010-01-01,2026-04-20,2026-04-21,2026-04-28,0.006132014991426821,"MRVL,ON,AMAT,ODFL",4,0.6,0.75,0.4,0.15,0.13165884238180753,fallback_momentum_proxy,causal_ohlcv_reconstruction_not_exact_replay
2010-01-01,2026-04-27,2026-04-28,2026-05-05,0.05144705959648706,"INTC,MRVL,AMAT,ODFL",4,0.6,0.75,0.4,0.15,0.1293857564900804,fallback_momentum_proxy,causal_ohlcv_reconstruction_not_exact_replay
2010-01-01,2026-05-04,2026-05-05,2026-05-12,0.027926641872369505,"INTC,MRVL,AMAT",3,0.6,0.75,0.4,0.14999999999999997,0.154674473917757,fallback_momentum_proxy,causal_ohlcv_reconstruction_not_exact_replay
2010-01-01,2026-05-11,2026-05-12,2026-05-19,-0.021374497605862935,"INTC,AMD,AMAT,MRVL",4,0.6,0.75,0.4,0.14999999999999997,0.15755819904969204,fallback_momentum_proxy,causal_ohlcv_reconstruction_not_exact_replay
2010-01-01,2026-05-18,2026-05-19,2026-05-27,0.07890472460685534,"INTC,AMD,AMAT,MRVL",4,0.6,0.75,0.4,0.0,0.17155408948430212,fallback_momentum_proxy,causal_ohlcv_reconstruction_not_exact_replay
2010-01-01,2026-05-26,2026-05-27,2026-06-03,0.0983531454086835,"INTC,AMD,AMAT,MRVL",4,0.6,0.75,0.4,0.0,0.21762167021919668,fallback_momentum_proxy,causal_ohlcv_reconstruction_not_exact_replay
2010-01-01,2026-06-02,2026-06-03,2026-06-10,-0.07651757334661136,"MRVL,MU,AMAT,AMD",4,0.6,0.75,0.4,0.15,0.2331857293308719,fallback_momentum_proxy,causal_ohlcv_reconstruction_not_exact_replay
2010-01-01,2026-06-09,2026-06-10,2026-06-17,0.09625711007535916,"MRVL,AMD,AMAT,MU",4,0.6,0.7017599050873404,0.4,0.0,0.31349753442043543,fallback_momentum_proxy,causal_ohlcv_reconstruction_not_exact_replay
2015-01-01,2016-01-04,2016-01-05,2016-01-12,-0.05232175119700817,"AMD,KLAC",2,0.6,0.6,0.4,0.3,,fallback_momentum_proxy,causal_ohlcv_reconstruction_not_exact_replay
2015-01-01,2016-01-11,2016-01-12,2016-01-20,-0.046881959317817176,"KLAC,ISRG,AMD",3,0.6,0.6,0.4,0.2,,fallback_momentum_proxy,causal_ohlcv_reconstruction_not_exact_replay
2015-01-01,2016-01-19,2016-01-20,2016-01-27,-0.026928619761946247,"ILMN,ISRG",2,0.6,0.6,0.4,0.39999999999999997,,fallback_momentum_proxy,causal_ohlcv_reconstruction_not_exact_replay
2015-01-01,2016-01-26,2016-01-27,2016-02-03,-0.017713471673701665,"ILMN,ISRG",2,0.6,0.6,0.4,0.0,,fallback_momentum_proxy,causal_ohlcv_reconstruction_not_exact_replay
2015-01-01,2016-02-02,2016-02-03,2016-02-10,-0.04166347577022744,"SMCI,META,ISRG",3,0.6,0.75,0.4,0.39999999999999997,0.10207580655380995,fallback_momentum_proxy,causal_ohlcv_reconstruction_not_exact_replay
2015-01-01,2016-02-09,2016-02-10,2016-02-18,0.028798045643798686,"SMCI,EXC",2,0.6,0.75,0.4,0.39999999999999997,0.09276898811036098,fallback_momentum_proxy,causal_ohlcv_reconstruction_not_exact_replay
2015-01-01,2016-02-17,2016-02-18,2016-02-25,0.0036313421979603517,"SMCI,FAST,EXC",3,0.6,0.75,0.4,0.2,0.19630685790374178,fallback_momentum_proxy,causal_ohlcv_reconstruction_not_exact_replay
2015-01-01,2016-02-24,2016-02-25,2016-03-03,0.024136615595466267,"SMCI,EXC,FAST",3,0.6,0.75,0.4,0.0,0.19663834782515743,fallback_momentum_proxy,causal_ohlcv_reconstruction_not_exact_replay
2015-01-01,2016-03-02,2016-03-03,2016-03-10,-0.00933455872787373,"VALE,FAST,SMCI,EXC",4,0.6,0.75,0.4,0.14999999999999997,0.2141746154119505,fallback_momentum_proxy,causal_ohlcv_reconstruction_not_exact_replay
2015-01-01,2016-03-09,2016-03-10,2016-03-17,0.033506978913265664,"VALE,PBR,FAST,SMCI",4,0.6,0.75,0.4,0.15,0.2025100791055123,fallback_momentum_proxy,causal_ohlcv_reconstruction_not_exact_replay
2015-01-01,2016-03-16,2016-03-17,2016-03-24,-0.01514409542713823,"PBR,VALE,SMCI,FAST",4,0.6,0.75,0.4,0.0,0.21928742728211176,fallback_momentum_proxy,causal_ohlcv_reconstruction_not_exact_replay
2015-01-01,2016-03-23,2016-03-24,2016-04-01,0.032679300139780654,"PBR,VALE,SMCI,FAST",4,0.6,0.75,0.4,0.0,0.2093060838462563,fallback_momentum_proxy,causal_ohlcv_reconstruction_not_exact_replay
2015-01-01,2016-03-31,2016-04-01,2016-04-08,-0.007899978851356827,"PBR,SMCI,VALE,FAST",4,0.6,0.75,0.4,0.0,0.2184092980795229,fallback_momentum_proxy,causal_ohlcv_reconstruction_not_exact_replay
2015-01-01,2016-04-07,2016-04-08,2016-04-15,0.018646329936567438,"VALE,SMCI,FAST,PBR",4,0.6,0.75,0.4,0.0,0.19543906667799257,fallback_momentum_proxy,causal_ohlcv_reconstruction_not_exact_replay
2015-01-01,2016-04-14,2016-04-15,2016-04-22,0.024431409362000577,"VALE,PBR,FAST,SMCI",4,0.6,0.75,0.4,0.0,0.1750838889380663,fallback_momentum_proxy,causal_ohlcv_reconstruction_not_exact_replay
2015-01-01,2016-04-21,2016-04-22,2016-04-29,0.028476179094893393,"VALE,PBR,FAST",3,0.6,0.75,0.4,0.14999999999999997,0.16823637264896826,fallback_momentum_proxy,causal_ohlcv_reconstruction_not_exact_replay
2015-01-01,2016-04-28,2016-04-29,2016-05-06,-0.04253291220563813,"VALE,PBR,FAST",3,0.6,0.75,0.4,0.0,0.1649733317526452,fallback_momentum_proxy,causal_ohlcv_reconstruction_not_exact_replay
2015-01-01,2016-05-05,2016-05-06,2016-05-13,-0.03327261259925513,"PBR,AMD,VALE,FAST",4,0.6,0.75,0.4,0.14999999999999997,0.1661585356586775,fallback_momentum_proxy,causal_ohlcv_reconstruction_not_exact_replay
2015-01-01,2016-05-12,2016-05-13,2016-05-20,-0.008693421599880985,"PBR,AMD,VALE,FAST",4,0.6,0.75,0.4,0.0,0.18103380722662546,fallback_momentum_proxy,causal_ohlcv_reconstruction_not_exact_replay
2015-01-01,2016-05-19,2016-05-20,2016-05-27,0.018811432116638313,"AMD,PBR,VALE",3,0.6,0.75,0.4,0.14999999999999997,0.18302729881113755,fallback_momentum_proxy,causal_ohlcv_reconstruction_not_exact_replay
2015-01-01,2016-05-26,2016-05-27,2016-06-06,0.008842908932699766,"AMD,NVDA,PBR",3,0.6,0.75,0.4,0.19999999999999998,0.1807505381484937,fallback_momentum_proxy,causal_ohlcv_reconstruction_not_exact_replay
2015-01-01,2016-06-03,2016-06-06,2016-06-13,-0.0013961011980821998,"AMD,NVDA,PBR",3,0.6,0.75,0.4,0.0,0.17886269620676895,fallback_momentum_proxy,causal_ohlcv_reconstruction_not_exact_replay
2015-01-01,2016-06-10,2016-06-13,2016-06-20,0.05769004746902277,"AMD,NVDA,PBR",3,0.6,0.75,0.4,0.0,0.16779032804993105,fallback_momentum_proxy,causal_ohlcv_reconstruction_not_exact_replay
2015-01-01,2016-06-17,2016-06-20,2016-06-27,-0.041469649998232834,"AMD,NVDA,PBR",3,0.6,0.75,0.4,0.0,0.1961095311619351,fallback_momentum_proxy,causal_ohlcv_reconstruction_not_exact_replay
2015-01-01,2016-06-24,2016-06-27,2016-07-05,0.023989514265587465,"AMD,MU,NVDA,PBR",4,0.6,0.75,0.4,0.14999999999999997,0.21077792045592728,fallback_momentum_proxy,causal_ohlcv_reconstruction_not_exact_replay
2015-01-01,2016-07-01,2016-07-05,2016-07-12,0.06549604535079596,"AMD,PBR,NVDA,MU",4,0.6,0.75,0.4,0.0,0.21397483593518124,fallback_momentum_proxy,causal_ohlcv_reconstruction_not_exact_replay
2015-01-01,2016-07-11,2016-07-12,2016-07-19,0.01705151840367861,"AMD,NVDA,PBR,MU",4,0.6,0.75,0.4,0.0,0.2454869173212751,fallback_momentum_proxy,causal_ohlcv_reconstruction_not_exact_replay
2015-01-01,2016-07-18,2016-07-19,2016-07-26,0.06763669412153091,"AMD,NVDA,PBR,MU",4,0.6,0.75,0.4,0.0,0.24382890385602554,fallback_momentum_proxy,causal_ohlcv_reconstruction_not_exact_replay
2015-01-01,2016-07-25,2016-07-26,2016-08-02,-0.0389392372715953,"AMD,NVDA,PBR,MU",4,0.6,0.75,0.4,0.0,0.269404158101371,fallback_momentum_proxy,causal_ohlcv_reconstruction_not_exact_replay
2015-01-01,2016-08-01,2016-08-02,2016-08-09,0.04284603867637206,"AMD,NVDA,PBR,MU",4,0.6,0.75,0.4,0.0,0.2663873289535519,fallback_momentum_proxy,causal_ohlcv_reconstruction_not_exact_replay
2015-01-01,2016-08-08,2016-08-09,2016-08-16,0.03210693326434417,"AMD,NVDA,PBR,MU",4,0.6,0.75,0.4,0.0,0.2540965209960045,fallback_momentum_proxy,causal_ohlcv_reconstruction_not_exact_replay
2015-01-01,2016-08-15,2016-08-16,2016-08-23,0.02886476404622876,"AMD,MU,NVDA,PBR",4,0.6,0.75,0.4,0.0,0.24871755768771875,fallback_momentum_proxy,causal_ohlcv_reconstruction_not_exact_replay
2015-01-01,2016-08-22,2016-08-23,2016-08-30,0.0007251913953120201,"AMD,PBR,NVDA,MU",4,0.6,0.75,0.4,0.0,0.24913123005270907,fallback_momentum_proxy,causal_ohlcv_reconstruction_not_exact_replay
2015-01-01,2016-08-29,2016-08-30,2016-09-07,-6.338167913347813e-05,"AMD,PBR,NVDA,MU",4,0.6,0.75,0.4,0.0,0.2514881096550344,fallback_momentum_proxy,causal_ohlcv_reconstruction_not_exact_replay
2015-01-01,2016-09-06,2016-09-07,2016-09-14,-0.037991270297960955,"AMD,PBR,NVDA,MU",4,0.6,0.75,0.4,0.0,0.25098235004005104,fallback_momentum_proxy,causal_ohlcv_reconstruction_not_exact_replay
2015-01-01,2016-09-13,2016-09-14,2016-09-21,0.03979281334614866,"MU,MELI,NVDA,PBR",4,0.6,0.75,0.4,0.15,0.2630676628961048,fallback_momentum_proxy,causal_ohlcv_reconstruction_not_exact_replay
2015-01-01,2016-09-20,2016-09-21,2016-09-28,0.003120919435416308,"MELI,NVDA,PBR,MU",4,0.6,0.75,0.4,0.0,0.23837848585357987,fallback_momentum_proxy,causal_ohlcv_reconstruction_not_exact_replay
2015-01-01,2016-09-27,2016-09-28,2016-10-05,0.011490628123009487,"MU,NVDA,MELI,PBR",4,0.6,0.75,0.4,0.0,0.24053168877748318,fallback_momentum_proxy,causal_ohlcv_reconstruction_not_exact_replay
2015-01-01,2016-10-04,2016-10-05,2016-10-12,-0.014040845161070297,"MU,NXPI,NVDA,MELI",4,0.6,0.75,0.4,0.15,0.2176963265351878,fallback_momentum_proxy,causal_ohlcv_reconstruction_not_exact_replay
2015-01-01,2016-10-11,2016-10-12,2016-10-19,0.0034785054655775798,"PBR,NXPI,NVDA,MELI",4,0.6,0.75,0.4,0.15,0.22445264474076337,fallback_momentum_proxy,causal_ohlcv_reconstruction_not_exact_replay
2015-01-01,2016-10-18,2016-10-19,2016-10-26,0.007373957640030364,"PBR,NFLX,NXPI,MELI",4,0.6,0.75,0.4,0.15,0.1881543718957623,fallback_momentum_proxy,causal_ohlcv_reconstruction_not_exact_replay
2015-01-01,2016-10-25,2016-10-26,2016-11-02,-0.026098166513952185,"PBR,NFLX,NXPI,MELI",4,0.6,0.75,0.4,0.0,0.1609495136934459,fallback_momentum_proxy,causal_ohlcv_reconstruction_not_exact_replay
2015-01-01,2016-11-01,2016-11-02,2016-11-09,0.007217610271651374,"NFLX,PBR,NXPI",3,0.6,0.75,0.4,0.14999999999999997,0.15825790044850038,fallback_momentum_proxy,causal_ohlcv_reconstruction_not_exact_replay
2015-01-01,2016-11-08,2016-11-09,2016-11-16,-0.0361873242288655,"VALE,NFLX,NXPI,PBR",4,0.6,0.75,0.4,0.14999999999999997,0.146482271699664,fallback_momentum_proxy,causal_ohlcv_reconstruction_not_exact_replay
2015-01-01,2016-11-15,2016-11-16,2016-11-23,0.03177777329824994,"NVDA,VALE,NXPI,NFLX",4,0.6,0.75,0.4,0.15,0.15203481559550674,fallback_momentum_proxy,causal_ohlcv_reconstruction_not_exact_replay
2015-01-01,2016-11-22,2016-11-23,2016-12-01,-0.01630745143751084,"NVDA,VALE,NXPI,NFLX",4,0.6,0.75,0.4,0.0,0.16752189563125172,fallback_momentum_proxy,causal_ohlcv_reconstruction_not_exact_replay
2015-01-01,2016-11-30,2016-12-01,2016-12-08,0.032630813199751474,"NVDA,VALE,NXPI,NFLX",4,0.6,0.75,0.4,0.0,0.17029923339253356,fallback_momentum_proxy,causal_ohlcv_reconstruction_not_exact_replay
2015-01-01,2016-12-07,2016-12-08,2016-12-15,0.0008987395231679074,"VALE,AMD,NXPI,NFLX",4,0.6,0.75,0.4,0.15,0.16402890719683136,fallback_momentum_proxy,causal_ohlcv_reconstruction_not_exact_replay
2015-01-01,2016-12-14,2016-12-15,2016-12-22,-0.0006455670216665317,"AMD,VALE,NXPI,NFLX",4,0.6,0.75,0.4,0.0,0.1440277254881491,fallback_momentum_proxy,causal_ohlcv_reconstruction_not_exact_replay
2015-01-01,2016-12-21,2016-12-22,2016-12-30,-0.005807228626364713,"AMD,NVDA,NXPI,NFLX",4,0.6,0.75,0.4,0.15,0.14392021691454535,fallback_momentum_proxy,causal_ohlcv_reconstruction_not_exact_replay
2015-01-01,2016-12-29,2016-12-30,2017-01-09,0.015208146102342467,"AMD,NVDA,NFLX",3,0.6,0.75,0.4,0.14999999999999997,0.14212252835941933,fallback_momentum_proxy,causal_ohlcv_reconstruction_not_exact_replay
2015-01-01,2017-01-06,2017-01-09,2017-01-17,-0.0376082583850696,"AMD,NVDA,NFLX",3,0.6,0.75,0.4,0.0,0.1427223759681503,fallback_momentum_proxy,causal_ohlcv_reconstruction_not_exact_replay
2015-01-01,2017-01-13,2017-01-17,2017-01-24,0.03371892491348377,"CCJ,VALE,AMD,NFLX",4,0.6,0.75,0.4,0.3,0.16198273225853677,fallback_momentum_proxy,causal_ohlcv_reconstruction_not_exact_replay
2015-01-01,2017-01-23,2017-01-24,2017-01-31,-0.01237164577382026,"VALE,CSX,AMD,CCJ",4,0.6,0.75,0.4,0.15,0.1766440874569872,fallback_momentum_proxy,causal_ohlcv_reconstruction_not_exact_replay
2015-01-01,2017-01-30,2017-01-31,2017-02-07,0.013951300832158535,"CCJ,CSX,AMD,VALE",4,0.6,0.75,0.4,0.0,0.16987867572253013,fallback_momentum_proxy,causal_ohlcv_reconstruction_not_exact_replay
2015-01-01,2017-02-06,2017-02-07,2017-02-14,0.03405668864800144,"AMD,NVDA,CCJ,VALE",4,0.6,0.75,0.4,0.15,0.17146187838727284,fallback_momentum_proxy,causal_ohlcv_reconstruction_not_exact_replay
2015-01-01,2017-02-13,2017-02-14,2017-02-22,0.0040076141451904895,"AMD,VALE,CCJ,NVDA",4,0.6,0.75,0.4,0.0,0.16121979979475298,fallback_momentum_proxy,causal_ohlcv_reconstruction_not_exact_replay
2015-01-01,2017-02-21,2017-02-22,2017-03-01,-0.021397395036158073,"AMD,TSLA,NVDA,CCJ",4,0.6,0.75,0.4,0.15,0.1523223545444088,fallback_momentum_proxy,causal_ohlcv_reconstruction_not_exact_replay
2015-01-01,2017-02-28,2017-03-01,2017-03-08,-0.019154945052793453,"AMD,MELI,TSLA,CCJ",4,0.6,0.75,0.4,0.15,0.15572832006393458,fallback_momentum_proxy,causal_ohlcv_reconstruction_not_exact_replay
2015-01-01,2017-03-07,2017-03-08,2017-03-15,0.017317145790924436,"ILMN,ON,TSLA,AMD",4,0.6,0.75,0.4,0.3,0.14959045951207708,fallback_momentum_proxy,causal_ohlcv_reconstruction_not_exact_replay
2015-01-01,2017-03-14,2017-03-15,2017-03-22,0.004301449057953155,"MELI,YPF,TSLA,AMD",4,0.6,0.75,0.4,0.3,0.15335701008713692,fallback_momentum_proxy,causal_ohlcv_reconstruction_not_exact_replay
2015-01-01,2017-03-21,2017-03-22,2017-03-29,0.01703112887547159,"YPF,MELI,TSLA,AMD",4,0.6,0.75,0.4,0.0,0.15333588943228382,fallback_momentum_proxy,causal_ohlcv_reconstruction_not_exact_replay
2015-01-01,2017-03-28,2017-03-29,2017-04-05,0.01933583843077321,"YPF,MU,TSLA,AMD",4,0.6,0.75,0.4,0.15,0.154925200577095,fallback_momentum_proxy,causal_ohlcv_reconstruction_not_exact_replay
2015-01-01,2017-04-04,2017-04-05,2017-04-12,-0.006414327779989371,"YPF,VRTX,TSLA,AMD",4,0.6,0.75,0.4,0.15,0.15642022947045323,fallback_momentum_proxy,causal_ohlcv_reconstruction_not_exact_replay
2015-01-01,2017-04-11,2017-04-12,2017-04-20,0.007333928396622008,"VRTX,TSLA,AMD,YPF",4,0.6,0.75,0.4,0.0,0.13025721779200303,fallback_momentum_proxy,causal_ohlcv_reconstruction_not_exact_replay
2015-01-01,2017-04-19,2017-04-20,2017-04-27,0.009251540303073435,"VRTX,TSLA,AMD,YPF",4,0.6,0.75,0.4,0.0,0.1167464615140393,fallback_momentum_proxy,causal_ohlcv_reconstruction_not_exact_replay
2015-01-01,2017-04-26,2017-04-27,2017-05-04,-0.04860284733063268,"VRTX,IDXX,TSLA,AMD",4,0.6,0.75,0.4,0.15,0.11073760905526636,fallback_momentum_proxy,causal_ohlcv_reconstruction_not_exact_replay
2015-01-01,2017-05-03,2017-05-04,2017-05-11,0.014551081663211611,"VRTX,LRCX,TSLA,IDXX",4,0.6,0.75,0.4,0.15,0.15440135236587943,fallback_momentum_proxy,causal_ohlcv_reconstruction_not_exact_replay
2015-01-01,2017-05-10,2017-05-11,2017-05-18,-0.006801997317605373,"MELI,LRCX,TSLA,VRTX",4,0.6,0.75,0.4,0.15,0.14083416220006706,fallback_momentum_proxy,causal_ohlcv_reconstruction_not_exact_replay
2015-01-01,2017-05-17,2017-05-18,2017-05-25,0.023885589270526943,"MELI,NVDA,TSLA,LRCX",4,0.6,0.75,0.4,0.15,0.14108122650015623,fallback_momentum_proxy,causal_ohlcv_reconstruction_not_exact_replay
2015-01-01,2017-05-24,2017-05-25,2017-06-02,0.015271628027585693,"NVDA,MELI,TSLA,LRCX",4,0.6,0.75,0.4,0.0,0.14172155448262339,fallback_momentum_proxy,causal_ohlcv_reconstruction_not_exact_replay
2015-01-01,2017-06-01,2017-06-02,2017-06-09,0.004205017120046701,"NVDA,ADSK,TSLA,LRCX",4,0.6,0.75,0.4,0.15,0.13520807091260606,fallback_momentum_proxy,causal_ohlcv_reconstruction_not_exact_replay
2015-01-01,2017-06-08,2017-06-09,2017-06-16,-0.00267693175928747,"NVDA,TSLA,ADSK,LRCX",4,0.6,0.75,0.4,0.0,0.1327615676893794,fallback_momentum_proxy,causal_ohlcv_reconstruction_not_exact_replay
2015-01-01,2017-06-15,2017-06-16,2017-06-23,0.014770940133804644,"TSLA,NVDA,ADSK,LRCX",4,0.6,0.75,0.4,0.0,0.13352076489761466,fallback_momentum_proxy,causal_ohlcv_reconstruction_not_exact_replay
2015-01-01,2017-06-22,2017-06-23,2017-06-30,-0.03243227951397642,"VRTX,NVDA,TSLA,ADSK",4,0.6,0.75,0.4,0.15,0.13262792902478945,fallback_momentum_proxy,causal_ohlcv_reconstruction_not_exact_replay
2015-01-01,2017-06-29,2017-06-30,2017-07-10,0.01668186621804379,"NVDA,BABA,ADSK,VRTX",4,0.6,0.75,0.4,0.15,0.14563476748652976,fallback_momentum_proxy,causal_ohlcv_reconstruction_not_exact_replay
2015-01-01,2017-07-07,2017-07-10,2017-07-17,0.022122283931209352,"NVDA,REGN,ADSK,BABA",4,0.6,0.75,0.4,0.15,0.14890338698753103,fallback_momentum_proxy,causal_ohlcv_reconstruction_not_exact_replay
2015-01-01,2017-07-14,2017-07-17,2017-07-24,0.015144362967339776,"NVDA,BABA,ADSK,REGN",4,0.6,0.75,0.4,0.0,0.15432434599908837,fallback_momentum_proxy,causal_ohlcv_reconstruction_not_exact_replay
2015-01-01,2017-07-21,2017-07-24,2017-07-31,-0.02473585720298773,"NVDA,VRTX,ADSK,REGN",4,0.6,0.75,0.4,0.15,0.155877477612375,fallback_momentum_proxy,causal_ohlcv_reconstruction_not_exact_replay
2015-01-01,2017-07-28,2017-07-31,2017-08-07,0.005797453521708229,"NVDA,VRTX,ADSK,REGN",4,0.6,0.75,0.4,0.0,0.1260339022251605,fallback_momentum_proxy,causal_ohlcv_reconstruction_not_exact_replay
2015-01-01,2017-08-04,2017-08-07,2017-08-14,-0.005175826346279949,"NVDA,VRTX,ADSK,REGN",4,0.6,0.75,0.4,0.0,0.12435529327975509,fallback_momentum_proxy,causal_ohlcv_reconstruction_not_exact_replay
2015-01-01,2017-08-11,2017-08-14,2017-08-21,-0.010289112258054196,"VRTX,TTWO,ADSK,NVDA",4,0.6,0.75,0.4,0.15,0.12376877454882187,fallback_momentum_proxy,causal_ohlcv_reconstruction_not_exact_replay
2015-01-01,2017-08-18,2017-08-21,2017-08-28,0.015445371072973113,"BABA,TTWO,NVDA,VRTX",4,0.6,0.75,0.4,0.15,0.11911376807172937,fallback_momentum_proxy,causal_ohlcv_reconstruction_not_exact_replay
2015-01-01,2017-08-25,2017-08-28,2017-09-05,0.012065942880203285,"BABA,VALE,TTWO,NVDA",4,0.6,0.75,0.4,0.15,0.11920092628347037,fallback_momentum_proxy,causal_ohlcv_reconstruction_not_exact_replay
2015-01-01,2017-09-01,2017-09-05,2017-09-12,0.010120349719880805,"VALE,GILD,NVDA,TTWO",4,0.6,0.75,0.4,0.15,0.12097000163803459,fallback_momentum_proxy,causal_ohlcv_reconstruction_not_exact_replay
2015-01-01,2017-09-11,2017-09-12,2017-09-19,0.009532819972089887,"VALE,TTWO,NVDA,GILD",4,0.6,0.75,0.4,0.0,0.12141018612177056,fallback_momentum_proxy,causal_ohlcv_reconstruction_not_exact_replay
2015-01-01,2017-09-18,2017-09-19,2017-09-26,-0.029066336594331693,"TTWO,VALE,NVDA,GILD",4,0.6,0.75,0.4,0.0,0.11970111239257944,fallback_momentum_proxy,causal_ohlcv_reconstruction_not_exact_replay
2015-01-01,2017-09-25,2017-09-26,2017-10-03,0.02260314868042796,"PBR,TTWO,NVDA,VALE",4,0.6,0.75,0.4,0.15,0.11551594948465015,fallback_momentum_proxy,causal_ohlcv_reconstruction_not_exact_replay
2015-01-01,2017-10-02,2017-10-03,2017-10-10,0.015638498827599892,"MU,TTWO,NVDA,PBR",4,0.6,0.75,0.4,0.15,0.11907267695120216,fallback_momentum_proxy,causal_ohlcv_reconstruction_not_exact_replay
2015-01-01,2017-10-09,2017-10-10,2017-10-17,0.0034048785458917707,"MU,TTWO,NVDA,PBR",4,0.6,0.75,0.4,0.0,0.11535241983513028,fallback_momentum_proxy,causal_ohlcv_reconstruction_not_exact_replay
2015-01-01,2017-10-16,2017-10-17,2017-10-24,0.012997678230863953,"MU,ON,TTWO,NVDA",4,0.6,0.75,0.4,0.15,0.11237074377239628,fallback_momentum_proxy,causal_ohlcv_reconstruction_not_exact_replay
2015-01-01,2017-10-23,2017-10-24,2017-10-31,0.030646173985115575,"MU,ON,TTWO,NVDA",4,0.6,0.75,0.4,0.0,0.09748380422018883,fallback_momentum_proxy,causal_ohlcv_reconstruction_not_exact_replay
2015-01-01,2017-10-30,2017-10-31,2017-11-07,-0.0011672444411612642,"MU,ON,TTWO,NVDA",4,0.6,0.75,0.4,0.0,0.10987415383386362,fallback_momentum_proxy,causal_ohlcv_reconstruction_not_exact_replay
2015-01-01,2017-11-06,2017-11-07,2017-11-14,0.02181663795548707,"MU,EC,TTWO,NVDA",4,0.6,0.75,0.4,0.15,0.10817485016971409,fallback_momentum_proxy,causal_ohlcv_reconstruction_not_exact_replay
2015-01-01,2017-11-13,2017-11-14,2017-11-21,0.014799477730578357,"MU,QCOM,TTWO,NVDA",4,0.6,0.75,0.4,0.15,0.10393104711117059,fallback_momentum_proxy,causal_ohlcv_reconstruction_not_exact_replay
2015-01-01,2017-11-20,2017-11-21,2017-11-29,-0.03933565136507534,"MU,QCOM,NVDA,TTWO",4,0.6,0.75,0.4,0.0,0.10380135594780907,fallback_momentum_proxy,causal_ohlcv_reconstruction_not_exact_replay
2015-01-01,2017-11-28,2017-11-29,2017-12-06,-0.025177052564064842,"MU,QCOM,TTWO,NVDA",4,0.6,0.75,0.4,0.0,0.14309231609960785,fallback_momentum_proxy,causal_ohlcv_reconstruction_not_exact_replay
2015-01-01,2017-12-05,2017-12-06,2017-12-13,-0.00047656404172767856,"CPRT,ROST,NVDA,QCOM",4,0.6,0.75,0.4,0.3,0.15544685699335448,fallback_momentum_proxy,causal_ohlcv_reconstruction_not_exact_replay
2015-01-01,2017-12-12,2017-12-13,2017-12-20,0.011435534171971044,"CPRT,EC,QCOM,ROST",4,0.6,0.75,0.4,0.15,0.154919315458363,fallback_momentum_proxy,causal_ohlcv_reconstruction_not_exact_replay
2015-01-01,2017-12-19,2017-12-20,2017-12-28,0.009786265110562197,"EC,CPRT,ROST,QCOM",4,0.6,0.75,0.4,0.0,0.13975959953320582,fallback_momentum_proxy,causal_ohlcv_reconstruction_not_exact_replay
2015-01-01,2017-12-27,2017-12-28,2018-01-05,0.04180976640198097,"EC,MELI,CPRT,QCOM",4,0.6,0.75,0.4,0.15,0.13526431364154676,fallback_momentum_proxy,causal_ohlcv_reconstruction_not_exact_replay
2015-01-01,2018-01-04,2018-01-05,2018-01-12,0.012400528482487554,"EC,VALE,CPRT,MELI",4,0.6,0.75,0.4,0.15,0.15341639422229575,fallback_momentum_proxy,causal_ohlcv_reconstruction_not_exact_replay
2015-01-01,2018-01-11,2018-01-12,2018-01-22,0.015874075899489207,"EC,MELI,CPRT,VALE",4,0.6,0.75,0.4,0.0,0.153623646967565,fallback_momentum_proxy,causal_ohlcv_reconstruction_not_exact_replay
2015-01-01,2018-01-19,2018-01-22,2018-01-29,0.02200913228648733,"EC,MELI,CPRT,VALE",4,0.6,0.75,0.4,0.0,0.15417880851848603,fallback_momentum_proxy,causal_ohlcv_reconstruction_not_exact_replay
2015-01-01,2018-01-26,2018-01-29,2018-02-05,-0.04934025435902475,"EC,MELI,CPRT,VALE",4,0.6,0.75,0.4,0.0,0.14949876286767907,fallback_momentum_proxy,causal_ohlcv_reconstruction_not_exact_replay
2015-01-01,2018-02-02,2018-02-05,2018-02-12,0.005581542688035485,"EC,KDP,CPRT,VALE",4,0.6,0.75,0.4,0.15,0.18700257179991958,fallback_momentum_proxy,causal_ohlcv_reconstruction_not_exact_replay
2015-01-01,2018-02-09,2018-02-12,2018-02-20,0.028124319501838732,"KDP,EC,CPRT,VALE",4,0.6,0.75,0.4,0.0,0.18266008426575545,fallback_momentum_proxy,causal_ohlcv_reconstruction_not_exact_replay
2015-01-01,2018-02-16,2018-02-20,2018-02-27,0.01823216139903404,"NFLX,EC,KDP,CPRT",4,0.6,0.75,0.4,0.15,0.1886602141834345,fallback_momentum_proxy,causal_ohlcv_reconstruction_not_exact_replay
2015-01-01,2018-02-26,2018-02-27,2018-03-06,0.015812104077098692,"EC,NFLX,KDP,CPRT",4,0.6,0.75,0.4,0.0,0.16665003766284178,fallback_momentum_proxy,causal_ohlcv_reconstruction_not_exact_replay
2015-01-01,2018-03-05,2018-03-06,2018-03-13,0.0007396677024086419,"NFLX,PBR,KDP,CPRT",4,0.6,0.75,0.4,0.15,0.1510965031849047,fallback_momentum_proxy,causal_ohlcv_reconstruction_not_exact_replay
2015-01-01,2018-03-12,2018-03-13,2018-03-20,0.008228043169554345,"NFLX,MU,KDP,CPRT",4,0.6,0.75,0.4,0.15,0.15071734585845645,fallback_momentum_proxy,causal_ohlcv_reconstruction_not_exact_replay
2015-01-01,2018-03-19,2018-03-20,2018-03-27,-0.03327366130691936,"NFLX,MU,KDP,CPRT",4,0.6,0.75,0.4,0.0,0.15081629317953532,fallback_momentum_proxy,causal_ohlcv_reconstruction_not_exact_replay
2015-01-01,2018-03-26,2018-03-27,2018-04-04,-0.007219479175672422,"NFLX,PBR,KDP,CPRT",4,0.6,0.75,0.4,0.15,0.17458045345179599,fallback_momentum_proxy,causal_ohlcv_reconstruction_not_exact_replay
2015-01-01,2018-04-03,2018-04-04,2018-04-11,0.007114546622702761,"DXCM,NFLX,KDP,CPRT",4,0.6,0.75,0.4,0.15,0.15910207039208096,fallback_momentum_proxy,causal_ohlcv_reconstruction_not_exact_replay
2015-01-01,2018-04-10,2018-04-11,2018-04-18,0.02409316440763402,"NFLX,DXCM,CPRT,KDP",4,0.6,0.75,0.4,0.0,0.15810839079335023,fallback_momentum_proxy,causal_ohlcv_reconstruction_not_exact_replay
2015-01-01,2018-04-17,2018-04-18,2018-04-25,-0.01418234812189884,"NFLX,DXCM,CPRT,KDP",4,0.6,0.75,0.4,0.0,0.1618891324033654,fallback_momentum_proxy,causal_ohlcv_reconstruction_not_exact_replay
2015-01-01,2018-04-24,2018-04-25,2018-05-02,0.005863837668636812,"DXCM,KDP,CPRT,NFLX",4,0.6,0.75,0.4,0.0,0.15986183407480123,fallback_momentum_proxy,causal_ohlcv_reconstruction_not_exact_replay
2015-01-01,2018-05-01,2018-05-02,2018-05-09,0.009714394757247346,"CCJ,BKR,KDP,CPRT",4,0.6,0.75,0.4,0.3,0.11789448901171183,fallback_momentum_proxy,causal_ohlcv_reconstruction_not_exact_replay
2015-01-01,2018-05-08,2018-05-09,2018-05-16,0.00782607664693884,"DXCM,SMCI,CPRT,KDP",4,0.6,0.75,0.4,0.3,0.11828115886031607,fallback_momentum_proxy,causal_ohlcv_reconstruction_not_exact_replay
2015-01-01,2018-05-15,2018-05-16,2018-05-23,-0.023656326965364797,"DXCM,PBR,KDP,CPRT",4,0.6,0.75,0.4,0.15,0.10773426856271062,fallback_momentum_proxy,causal_ohlcv_reconstruction_not_exact_replay
2015-01-01,2018-05-22,2018-05-23,2018-05-31,0.008362388445619495,"DXCM,SMCI,KDP,CPRT",4,0.6,0.75,0.4,0.15,0.11513878682464686,fallback_momentum_proxy,causal_ohlcv_reconstruction_not_exact_replay
2015-01-01,2018-05-30,2018-05-31,2018-06-07,0.01916539784985888,"DXCM,SMCI,KDP,CPRT",4,0.6,0.75,0.4,0.0,0.11163421991988504,fallback_momentum_proxy,causal_ohlcv_reconstruction_not_exact_replay
2015-01-01,2018-06-06,2018-06-07,2018-06-14,0.03203171473450426,"AMD,DXCM,KDP,CPRT",4,0.6,0.75,0.4,0.15,0.1183805153064648,fallback_momentum_proxy,causal_ohlcv_reconstruction_not_exact_replay
2015-01-01,2018-06-13,2018-06-14,2018-06-21,0.0020418058937700994,"AMD,DXCM,CPRT,KDP",4,0.6,0.75,0.4,0.0,0.1332485688997211,fallback_momentum_proxy,causal_ohlcv_reconstruction_not_exact_replay
2015-01-01,2018-06-20,2018-06-21,2018-06-28,-0.0230896541086437,"AMD,DXCM,CPRT,KDP",4,0.6,0.75,0.4,0.0,0.10775513862137547,fallback_momentum_proxy,causal_ohlcv_reconstruction_not_exact_replay
2015-01-01,2018-06-27,2018-06-28,2018-07-06,0.019909334580625437,"AMD,WBD,CPRT,DXCM",4,0.6,0.75,0.4,0.15,0.12008400185899354,fallback_momentum_proxy,causal_ohlcv_reconstruction_not_exact_replay
2015-01-01,2018-07-05,2018-07-06,2018-07-13,-0.004352404327100184,"AMD,NFLX,CPRT,WBD",4,0.6,0.75,0.4,0.15,0.12388904111639489,fallback_momentum_proxy,causal_ohlcv_reconstruction_not_exact_replay
2015-01-01,2018-07-12,2018-07-13,2018-07-20,-0.0014359426403560474,"AMD,KDP,WBD,CPRT",4,0.6,0.75,0.4,0.15,0.11841286367298381,fallback_momentum_proxy,causal_ohlcv_reconstruction_not_exact_replay
2015-01-01,2018-07-19,2018-07-20,2018-07-27,0.006233186115155271,"AMD,BIIB,CPRT,WBD",4,0.6,0.75,0.4,0.15,0.1128512595093454,fallback_momentum_proxy,causal_ohlcv_reconstruction_not_exact_replay
2015-01-01,2018-07-26,2018-07-27,2018-08-03,0.0476791831738042,"AMD,DXCM,WBD,CPRT",4,0.6,0.75,0.4,0.15,0.11287491439485298,fallback_momentum_proxy,causal_ohlcv_reconstruction_not_exact_replay
2015-01-01,2018-08-02,2018-08-03,2018-08-10,0.006030426225698437,"AMD,DXCM,CPRT,WBD",4,0.6,0.75,0.4,0.0,0.14218286618258072,fallback_momentum_proxy,causal_ohlcv_reconstruction_not_exact_replay
2015-01-01,2018-08-09,2018-08-10,2018-08-17,0.02225022925842569,"AMD,DXCM,WBD,CPRT",4,0.6,0.75,0.4,0.0,0.14221331776656596,fallback_momentum_proxy,causal_ohlcv_reconstruction_not_exact_replay
2015-01-01,2018-08-16,2018-08-17,2018-08-24,0.05124746872857132,"DXCM,AMD,CPRT,WBD",4,0.6,0.75,0.4,0.0,0.1274198399590193,fallback_momentum_proxy,causal_ohlcv_reconstruction_not_exact_replay
2015-01-01,2018-08-23,2018-08-24,2018-08-31,0.016347376610135505,"DXCM,AMD,WBD,CPRT",4,0.6,0.75,0.4,0.0,0.14991133416203956,fallback_momentum_proxy,causal_ohlcv_reconstruction_not_exact_replay
2015-01-01,2018-08-30,2018-08-31,2018-09-10,0.03519385304211954,"AMD,DXCM,CPRT,WBD",4,0.6,0.75,0.4,0.0,0.14966149280363628,fallback_momentum_proxy,causal_ohlcv_reconstruction_not_exact_replay
2015-01-01,2018-09-07,2018-09-10,2018-09-17,0.02004149584354502,"AMD,DXCM,WBD,CPRT",4,0.6,0.75,0.4,0.0,0.1513826360620791,fallback_momentum_proxy,causal_ohlcv_reconstruction_not_exact_replay
2015-01-01,2018-09-14,2018-09-17,2018-09-24,-0.030221699360460683,"AMD,FTNT,CPRT,WBD",4,0.6,0.75,0.4,0.15,0.14902181402390885,fallback_momentum_proxy,causal_ohlcv_reconstruction_not_exact_replay
2015-01-01,2018-09-21,2018-09-24,2018-10-01,-0.0032047776045830145,"AMD,DXCM,WBD,FTNT",4,0.6,0.75,0.4,0.15,0.1576280748437278,fallback_momentum_proxy,causal_ohlcv_reconstruction_not_exact_replay
2015-01-01,2018-09-28,2018-10-01,2018-10-08,-0.04652777656467475,"AMD,FTNT,WBD,DXCM",4,0.6,0.75,0.4,0.0,0.16166111768463293,fallback_momentum_proxy,causal_ohlcv_reconstruction_not_exact_replay
2015-01-01,2018-10-05,2018-10-08,2018-10-15,-0.001928299588742821,"AMD,PBR,WBD,DXCM",4,0.6,0.75,0.4,0.15,0.19960302503349364,fallback_momentum_proxy,causal_ohlcv_reconstruction_not_exact_replay
2015-01-01,2018-10-12,2018-10-15,2018-10-22,0.011635727680758035,"PBR,AMD,WBD,DXCM",4,0.6,0.75,0.4,0.0,0.1997308705183545,fallback_momentum_proxy,causal_ohlcv_reconstruction_not_exact_replay
2015-01-01,2018-10-19,2018-10-22,2018-10-29,-0.0748411689722061,"PBR,WBD,AMD,DXCM",4,0.6,0.75,0.4,0.0,0.19954882979846283,fallback_momentum_proxy,causal_ohlcv_reconstruction_not_exact_replay
2015-01-01,2018-10-26,2018-10-29,2018-11-05,0.05069825195182242,"PBR,SBUX,WBD",3,0.6,0.75,0.4,0.3,0.24534523982243717,fallback_momentum_proxy,causal_ohlcv_reconstruction_not_exact_replay
2015-01-01,2018-11-02,2018-11-05,2018-11-12,-0.014826473866418043,"PBR,SBUX,WBD",3,0.6,0.75,0.4,0.0,0.26506589817584925,fallback_momentum_proxy,causal_ohlcv_reconstruction_not_exact_replay
2015-01-01,2018-11-09,2018-11-12,2018-11-19,-0.012478200005102656,"SBUX,KDP,WBD,PBR",4,0.6,0.75,0.4,0.14999999999999997,0.26443931297067563,fallback_momentum_proxy,causal_ohlcv_reconstruction_not_exact_replay
2015-01-01,2018-11-16,2018-11-19,2018-11-27,-0.017656306396245134,"PBR,SBUX,WBD,KDP",4,0.6,0.75,0.4,0.0,0.241624378590617,fallback_momentum_proxy,causal_ohlcv_reconstruction_not_exact_replay
2015-01-01,2018-11-26,2018-11-27,2018-12-04,-0.0039462813668274255,"SBUX,KDP,WBD,PBR",4,0.6,0.75,0.4,0.0,0.23859384237129933,fallback_momentum_proxy,causal_ohlcv_reconstruction_not_exact_replay
2015-01-01,2018-12-03,2018-12-04,2018-12-12,0.00029013957937131245,"TSLA,WDAY,KDP,SBUX",4,0.6,0.75,0.4,0.3,0.22067224536202473,fallback_momentum_proxy,causal_ohlcv_reconstruction_not_exact_replay
2015-01-01,2018-12-11,2018-12-12,2018-12-19,-0.03772384467827374,"TSLA,PBR,WDAY,SBUX",4,0.6,0.75,0.4,0.15,0.212266277100592,fallback_momentum_proxy,causal_ohlcv_reconstruction_not_exact_replay
2015-01-01,2018-12-18,2018-12-19,2018-12-27,-0.0059503728029665585,"WDAY,CCJ,TSLA,SBUX",4,0.6,0.75,0.4,0.15,0.21557056387705284,fallback_momentum_proxy,causal_ohlcv_reconstruction_not_exact_replay
2015-01-01,2018-12-26,2018-12-27,2019-01-04,0.00829071121684386,"TSLA,WDAY,SBUX",3,0.6,0.75,0.4,0.14999999999999997,0.2151241993948811,fallback_momentum_proxy,causal_ohlcv_reconstruction_not_exact_replay
2015-01-01,2019-01-03,2019-01-04,2019-01-11,0.021077280028283303,"SMCI,KDP,TSLA,WDAY",4,0.6,0.75,0.4,0.3,0.20537207566105312,fallback_momentum_proxy,causal_ohlcv_reconstruction_not_exact_replay
2015-01-01,2019-01-10,2019-01-11,2019-01-18,-0.01743231962857403,"WDAY,TSLA,KDP,SMCI",4,0.6,0.75,0.4,0.0,0.21338012320971228,fallback_momentum_proxy,causal_ohlcv_reconstruction_not_exact_replay
2015-01-01,2019-01-17,2019-01-18,2019-01-28,-0.003145801276409094,"DXCM,GLOB,TSLA,WDAY",4,0.6,0.75,0.4,0.3,0.21064791841030378,fallback_momentum_proxy,causal_ohlcv_reconstruction_not_exact_replay
2015-01-01,2019-01-25,2019-01-28,2019-02-04,0.02139495126180155,"GLOB,WDAY,DXCM",3,0.6,0.75,0.4,0.14999999999999997,0.15394252872838657,fallback_momentum_proxy,causal_ohlcv_reconstruction_not_exact_replay
2015-01-01,2019-02-01,2019-02-04,2019-02-11,0.000534112100416268,"WDAY,AMD,GLOB,DXCM",4,0.6,0.75,0.4,0.14999999999999997,0.1163594708277805,fallback_momentum_proxy,causal_ohlcv_reconstruction_not_exact_replay
2015-01-01,2019-02-08,2019-02-11,2019-02-19,0.020298599335720535,"WDAY,ON,GLOB,AMD",4,0.6,0.75,0.4,0.15,0.11485635310987885,fallback_momentum_proxy,causal_ohlcv_reconstruction_not_exact_replay
2015-01-01,2019-02-15,2019-02-19,2019-02-26,-0.006427487300216233,"SMCI,WDAY,GLOB,ON",4,0.6,0.75,0.4,0.15,0.12256166847415265,fallback_momentum_proxy,causal_ohlcv_reconstruction_not_exact_replay
2015-01-01,2019-02-25,2019-02-26,2019-03-05,-0.009852085404152812,"SMCI,WDAY,ON,GLOB",4,0.6,0.75,0.4,0.0,0.11797136288752182,fallback_momentum_proxy,causal_ohlcv_reconstruction_not_exact_replay
2015-01-01,2019-03-04,2019-03-05,2019-03-12,0.006582965704152533,"SMCI,MELI,WDAY,GLOB",4,0.6,0.75,0.4,0.15,0.11935696233060152,fallback_momentum_proxy,causal_ohlcv_reconstruction_not_exact_replay
2015-01-01,2019-03-11,2019-03-12,2019-03-19,0.006995651971881027,"MELI,CDNS,WDAY,GLOB",4,0.6,0.75,0.4,0.15,0.12024351013271327,fallback_momentum_proxy,causal_ohlcv_reconstruction_not_exact_replay
2015-01-01,2019-03-18,2019-03-19,2019-03-26,0.006613333477031413,"MELI,CDNS,WDAY,GLOB",4,0.6,0.75,0.4,0.0,0.0886436567953088,fallback_momentum_proxy,causal_ohlcv_reconstruction_not_exact_replay
2015-01-01,2019-03-25,2019-03-26,2019-04-02,0.01917404763925086,"MELI,SMCI,WDAY,CDNS",4,0.6,0.75,0.4,0.15,0.08632710533490531,fallback_momentum_proxy,causal_ohlcv_reconstruction_not_exact_replay
2015-01-01,2019-04-01,2019-04-02,2019-04-09,-0.004144617922191401,"MELI,CDNS,SMCI,WDAY",4,0.6,0.75,0.4,0.0,0.09095661656065332,fallback_momentum_proxy,causal_ohlcv_reconstruction_not_exact_replay
2015-01-01,2019-04-08,2019-04-09,2019-04-16,0.0038213463203733136,"AMD,MELI,SMCI,CDNS",4,0.6,0.75,0.4,0.15,0.08597427452326382,fallback_momentum_proxy,causal_ohlcv_reconstruction_not_exact_replay
2015-01-01,2019-04-15,2019-04-16,2019-04-24,0.008496738650511142,"MRVL,SMCI,AMD,MELI",4,0.6,0.75,0.4,0.15,0.0731561578042432,fallback_momentum_proxy,causal_ohlcv_reconstruction_not_exact_replay
2015-01-01,2019-04-23,2019-04-24,2019-05-01,-0.014538600186027976,"QCOM,MRVL,AMD,MELI",4,0.6,0.75,0.4,0.15,0.0710831313586979,fallback_momentum_proxy,causal_ohlcv_reconstruction_not_exact_replay
2015-01-01,2019-04-30,2019-05-01,2019-05-08,0.009288650928016385,"QCOM,MRVL,AMD,MELI",4,0.6,0.75,0.4,0.0,0.07366186832665804,fallback_momentum_proxy,causal_ohlcv_reconstruction_not_exact_replay
2015-01-01,2019-05-07,2019-05-08,2019-05-15,0.011304086879629555,"QCOM,MELI,AMD,MRVL",4,0.6,0.75,0.4,0.0,0.07438810836219646,fallback_momentum_proxy,causal_ohlcv_reconstruction_not_exact_replay
2015-01-01,2019-05-14,2019-05-15,2019-05-22,-0.03454684805243776,"QCOM,MELI,AMD,MRVL",4,0.6,0.75,0.4,0.0,0.06762725081420748,fallback_momentum_proxy,causal_ohlcv_reconstruction_not_exact_replay
2015-01-01,2019-05-21,2019-05-22,2019-05-30,-0.0028970431940651188,"MELI,QCOM,AMD,MRVL",4,0.6,0.75,0.4,0.0,0.10019206643565981,fallback_momentum_proxy,causal_ohlcv_reconstruction_not_exact_replay
2015-01-01,2019-05-29,2019-05-30,2019-06-06,0.03646280455724928,"MELI,TTWO,AMD,MRVL",4,0.6,0.75,0.4,0.15,0.09793138848715956,fallback_momentum_proxy,causal_ohlcv_reconstruction_not_exact_replay
2015-01-01,2019-06-05,2019-06-06,2019-06-13,0.0176844216819299,"GLOB,AMD,TTWO,MRVL",4,0.6,0.75,0.4,0.15,0.12038763430249402,fallback_momentum_proxy,causal_ohlcv_reconstruction_not_exact_replay
2015-01-01,2019-06-12,2019-06-13,2019-06-20,-0.0030016746812686125,"GLOB,AMD,TTWO,MRVL",4,0.6,0.75,0.4,0.0,0.12344927912804107,fallback_momentum_proxy,causal_ohlcv_reconstruction_not_exact_replay
2015-01-01,2019-06-19,2019-06-20,2019-06-27,-0.014529178556920826,"GLOB,DXCM,TTWO,MRVL",4,0.6,0.75,0.4,0.15,0.12429691184682874,fallback_momentum_proxy,causal_ohlcv_reconstruction_not_exact_replay
2015-01-01,2019-06-26,2019-06-27,2019-07-05,0.016693994915117038,"GLOB,QCOM,TTWO,DXCM",4,0.6,0.75,0.4,0.15,0.12452997584645707,fallback_momentum_proxy,causal_ohlcv_reconstruction_not_exact_replay
2015-01-01,2019-07-03,2019-07-05,2019-07-12,0.002356287765159432,"GLOB,QCOM,TTWO,DXCM",4,0.6,0.75,0.4,0.0,0.1276026935038419,fallback_momentum_proxy,causal_ohlcv_reconstruction_not_exact_replay
2015-01-01,2019-07-11,2019-07-12,2019-07-19,-0.0012981587344739584,"GLOB,QCOM,TTWO,DXCM",4,0.6,0.75,0.4,0.0,0.12758793417800166,fallback_momentum_proxy,causal_ohlcv_reconstruction_not_exact_replay
2015-01-01,2019-07-18,2019-07-19,2019-07-26,0.022492367947819863,"IDXX,MELI,GLOB,TTWO",4,0.6,0.75,0.4,0.3,0.12716264855154846,fallback_momentum_proxy,causal_ohlcv_reconstruction_not_exact_replay
2015-01-01,2019-07-25,2019-07-26,2019-08-02,-0.02113872447624785,"MELI,CSGP,GLOB,TTWO",4,0.6,0.75,0.4,0.15,0.12781594040797473,fallback_momentum_proxy,causal_ohlcv_reconstruction_not_exact_replay
2015-01-01,2019-08-01,2019-08-02,2019-08-09,0.02792369699275652,"GLOB,SBUX,TTWO,MELI",4,0.6,0.75,0.4,0.15,0.1374182568032782,fallback_momentum_proxy,causal_ohlcv_reconstruction_not_exact_replay
2015-01-01,2019-08-08,2019-08-09,2019-08-16,-0.012762025819736306,"TTWO,KLAC,GLOB,SBUX",4,0.6,0.75,0.4,0.15,0.14578777277618257,fallback_momentum_proxy,causal_ohlcv_reconstruction_not_exact_replay
2015-01-01,2019-08-15,2019-08-16,2019-08-23,0.002889442321109381,"DXCM,SBUX,GLOB,TTWO",4,0.6,0.75,0.4,0.15,0.1260546766633182,fallback_momentum_proxy,causal_ohlcv_reconstruction_not_exact_replay
2015-01-01,2019-08-22,2019-08-23,2019-08-30,0.010107753704815441,"DXCM,KLAC,GLOB,SBUX",4,0.6,0.75,0.4,0.15,0.12487343291901733,fallback_momentum_proxy,causal_ohlcv_reconstruction_not_exact_replay
2015-01-01,2019-08-29,2019-08-30,2019-09-09,-0.03202259303226296,"DXCM,KLAC,SBUX",3,0.6,0.75,0.4,0.14999999999999997,0.10690259492233133,fallback_momentum_proxy,causal_ohlcv_reconstruction_not_exact_replay
2015-01-01,2019-09-06,2019-09-09,2019-09-16,-0.00034369162267892635,"MU,KLAC,SBUX,DXCM",4,0.6,0.75,0.4,0.14999999999999997,0.12380075259416151,fallback_momentum_proxy,causal_ohlcv_reconstruction_not_exact_replay
2015-01-01,2019-09-13,2019-09-16,2019-09-23,0.009368453220118655,"MU,KLAC,SBUX",3,0.6,0.75,0.4,0.14999999999999997,0.12365248554857423,fallback_momentum_proxy,causal_ohlcv_reconstruction_not_exact_replay
2015-01-01,2019-09-20,2019-09-23,2019-09-30,-0.030108151476755694,"KLAC,MU,SBUX",3,0.6,0.75,0.4,0.0,0.12059398800804447,fallback_momentum_proxy,causal_ohlcv_reconstruction_not_exact_replay
2015-01-01,2019-09-27,2019-09-30,2019-10-07,0.009012603594043211,"KLAC,LRCX,MU",3,0.6,0.75,0.4,0.19999999999999998,0.13150166795679422,fallback_momentum_proxy,causal_ohlcv_reconstruction_not_exact_replay
2015-01-01,2019-10-04,2019-10-07,2019-10-14,0.0015316111243148913,"KLAC,LRCX",2,0.6,0.75,0.4,0.2,0.1330900027560894,fallback_momentum_proxy,causal_ohlcv_reconstruction_not_exact_replay
2015-01-01,2019-10-11,2019-10-14,2019-10-21,0.015870311309653173,"FAST,KLAC,LRCX",3,0.6,0.75,0.4,0.2,0.13321175699309776,fallback_momentum_proxy,causal_ohlcv_reconstruction_not_exact_replay
2015-01-01,2019-10-18,2019-10-21,2019-10-28,0.04175168239634887,"FAST,TSM,LRCX,KLAC",4,0.6,0.75,0.4,0.14999999999999997,0.12871009389996477,fallback_momentum_proxy,causal_ohlcv_reconstruction_not_exact_replay
2015-01-01,2019-10-25,2019-10-28,2019-11-04,-0.0006462519373076015,"TSLA,LRCX,TSM,KLAC",4,0.6,0.75,0.4,0.15,0.14713618373895884,fallback_momentum_proxy,causal_ohlcv_reconstruction_not_exact_replay
2015-01-01,2019-11-01,2019-11-04,2019-11-11,0.007218274626883691,"TSLA,LRCX,TSM,KLAC",4,0.6,0.75,0.4,0.0,0.13736464717300434,fallback_momentum_proxy,causal_ohlcv_reconstruction_not_exact_replay
2015-01-01,2019-11-08,2019-11-11,2019-11-18,0.004919525702804173,"TSLA,BIIB,LRCX,TSM",4,0.6,0.75,0.4,0.15,0.13428890772557517,fallback_momentum_proxy,causal_ohlcv_reconstruction_not_exact_replay
2015-01-01,2019-11-15,2019-11-18,2019-11-25,-0.0015496432401753291,"TSLA,LRCX,TSM,BIIB",4,0.6,0.75,0.4,0.0,0.1343500856903926,fallback_momentum_proxy,causal_ohlcv_reconstruction_not_exact_replay
2015-01-01,2019-11-22,2019-11-25,2019-12-03,-0.006965771470306852,"DXCM,FTNT,TSLA,LRCX",4,0.6,0.75,0.4,0.3,0.13370565111949984,fallback_momentum_proxy,causal_ohlcv_reconstruction_not_exact_replay
2015-01-01,2019-12-02,2019-12-03,2019-12-10,0.0038259394330558243,"DXCM,TSLA,LRCX,FTNT",4,0.6,0.75,0.4,0.0,0.11386257825882527,fallback_momentum_proxy,causal_ohlcv_reconstruction_not_exact_replay
2015-01-01,2019-12-09,2019-12-10,2019-12-17,0.030307053979582943,"DXCM,TSLA,LRCX,FTNT",4,0.6,0.75,0.4,0.0,0.1134485770091498,fallback_momentum_proxy,causal_ohlcv_reconstruction_not_exact_replay
2015-01-01,2019-12-16,2019-12-17,2019-12-24,0.032907613441656346,"TSLA,AMD,LRCX,DXCM",4,0.6,0.75,0.4,0.15,0.12446731419080174,fallback_momentum_proxy,causal_ohlcv_reconstruction_not_exact_replay
2015-01-01,2019-12-23,2019-12-24,2020-01-02,0.013820727921669052,"TSLA,AMD,DXCM,LRCX",4,0.6,0.75,0.4,0.0,0.1067783993066505,fallback_momentum_proxy,causal_ohlcv_reconstruction_not_exact_replay
2015-01-01,2019-12-31,2020-01-02,2020-01-09,0.03103053597174913,"TSLA,AMD,DXCM,LRCX",4,0.6,0.75,0.4,0.0,0.10672005669827721,fallback_momentum_proxy,causal_ohlcv_reconstruction_not_exact_replay
2015-01-01,2020-01-08,2020-01-09,2020-01-16,0.01346047912967092,"TSLA,AMD,DXCM,LRCX",4,0.6,0.75,0.4,0.0,0.11041249629008593,fallback_momentum_proxy,causal_ohlcv_reconstruction_not_exact_replay
2015-01-01,2020-01-15,2020-01-16,2020-01-24,0.016731027776227647,"TSLA,AMD,DXCM,LRCX",4,0.6,0.75,0.4,0.0,0.11037544965377545,fallback_momentum_proxy,causal_ohlcv_reconstruction_not_exact_replay
2015-01-01,2020-01-23,2020-01-24,2020-01-31,0.013082951526517582,"TSLA,AMD,DXCM,LRCX",4,0.6,0.75,0.4,0.0,0.0932160932060024,fallback_momentum_proxy,causal_ohlcv_reconstruction_not_exact_replay
2015-01-01,2020-01-30,2020-01-31,2020-02-07,0.03950942407856475,"TSLA,DXCM,AMD,LRCX",4,0.6,0.75,0.4,0.0,0.0890097201880015,fallback_momentum_proxy,causal_ohlcv_reconstruction_not_exact_replay
2015-01-01,2020-02-06,2020-02-07,2020-02-14,0.05708992889813774,"TSLA,SMCI,AMD,DXCM",4,0.6,0.75,0.4,0.15,0.10188988349029306,fallback_momentum_proxy,causal_ohlcv_reconstruction_not_exact_replay
2015-01-01,2020-02-13,2020-02-14,2020-02-24,-0.010828185572626792,"TSLA,AMD,DXCM,SMCI",4,0.6,0.75,0.4,0.0,0.127348549751571,fallback_momentum_proxy,causal_ohlcv_reconstruction_not_exact_replay
2015-01-01,2020-02-21,2020-02-24,2020-03-02,-0.023715350323577116,"TSLA,NVDA,AMD,DXCM",4,0.6,0.75,0.4,0.15,0.1353303418165247,fallback_momentum_proxy,causal_ohlcv_reconstruction_not_exact_replay
2015-01-01,2020-02-28,2020-03-02,2020-03-09,-0.05428813354298667,"TSLA,REGN,AMD,NVDA",4,0.6,0.75,0.4,0.15,0.15254576742746784,fallback_momentum_proxy,causal_ohlcv_reconstruction_not_exact_replay
2015-01-01,2020-03-06,2020-03-09,2020-03-16,-0.09660114162285381,"TSLA,REGN,AMD,NVDA",4,0.6,0.75,0.4,0.0,0.2094648334410462,fallback_momentum_proxy,causal_ohlcv_reconstruction_not_exact_replay
2015-01-01,2020-03-13,2020-03-16,2020-03-23,0.002805671216170002,"REGN,TSLA",2,0.6,0.7370267275461646,0.4,0.3,0.29849663760832884,fallback_momentum_proxy,causal_ohlcv_reconstruction_not_exact_replay
2015-01-01,2020-03-20,2020-03-23,2020-03-30,0.025154017468538004,"REGN,GILD",2,0.6,0.75,0.4,0.3,0.29122939679357596,fallback_momentum_proxy,causal_ohlcv_reconstruction_not_exact_replay
2015-01-01,2020-03-27,2020-03-30,2020-04-06,0.02694478406694729,"REGN,GILD",2,0.6,0.7473096275707458,0.4,0.0,0.29438935600916394,fallback_momentum_proxy,causal_ohlcv_reconstruction_not_exact_replay
2015-01-01,2020-04-03,2020-04-06,2020-04-14,0.012314659690348683,"REGN,GILD",2,0.6,0.75,0.4,0.0,0.2926982220998829,fallback_momentum_proxy,causal_ohlcv_reconstruction_not_exact_replay
2015-01-01,2020-04-13,2020-04-14,2020-04-21,0.002955234484594449,"REGN,TSLA,GILD",3,0.6,0.75,0.4,0.2,0.2924919309358608,fallback_momentum_proxy,causal_ohlcv_reconstruction_not_exact_replay
2015-01-01,2020-04-20,2020-04-21,2020-04-28,0.01853241466305528,"TSLA,REGN,GILD",3,0.6,0.75,0.4,0.0,0.29049854921550694,fallback_momentum_proxy,causal_ohlcv_reconstruction_not_exact_replay
2015-01-01,2020-04-27,2020-04-28,2020-05-05,0.01827154180335335,"REGN,TSLA,GILD",3,0.6,0.75,0.4,0.0,0.29179994082295413,fallback_momentum_proxy,causal_ohlcv_reconstruction_not_exact_replay
2015-01-01,2020-05-04,2020-05-05,2020-05-12,0.02054949646105511,"DXCM,REGN,TSLA,GILD",4,0.6,0.75,0.4,0.14999999999999997,0.28224945397624174,fallback_momentum_proxy,causal_ohlcv_reconstruction_not_exact_replay
2015-01-01,2020-05-11,2020-05-12,2020-05-19,-0.013313506547297758,"DXCM,REGN,TSLA,GILD",4,0.6,0.75,0.4,0.0,0.25753680917477423,fallback_momentum_proxy,causal_ohlcv_reconstruction_not_exact_replay
2015-01-01,2020-05-18,2020-05-19,2020-05-27,-0.02916866218692067,"DXCM,FTNT,REGN,GILD",4,0.6,0.75,0.4,0.15,0.25783529651725534,fallback_momentum_proxy,causal_ohlcv_reconstruction_not_exact_replay
2015-01-01,2020-05-26,2020-05-27,2020-06-03,0.03861796614899516,"MELI,FTNT,REGN,DXCM",4,0.6,0.75,0.4,0.15,0.2597694301040353,fallback_momentum_proxy,causal_ohlcv_reconstruction_not_exact_replay
2015-01-01,2020-06-02,2020-06-03,2020-06-10,0.008824347633553047,"FTNT,MELI,DXCM,REGN",4,0.6,0.75,0.4,0.0,0.24994507555495368,fallback_momentum_proxy,causal_ohlcv_reconstruction_not_exact_replay
2015-01-01,2020-06-09,2020-06-10,2020-06-17,0.004128219255374572,"FANG,MRVL,MELI,DXCM",4,0.6,0.75,0.4,0.3,0.1276640991692888,fallback_momentum_proxy,causal_ohlcv_reconstruction_not_exact_replay
2015-01-01,2020-06-16,2020-06-17,2020-06-24,-0.0287559748233942,"FANG,TSLA,MRVL,DXCM",4,0.6,0.75,0.4,0.15,0.12732116868394872,fallback_momentum_proxy,causal_ohlcv_reconstruction_not_exact_replay
2015-01-01,2020-06-23,2020-06-24,2020-07-01,0.03401173482185702,"MELI,TSLA,MRVL,DXCM",4,0.6,0.75,0.4,0.15,0.14564529544061178,fallback_momentum_proxy,causal_ohlcv_reconstruction_not_exact_replay
2015-01-01,2020-06-30,2020-07-01,2020-07-09,0.07445043369653474,"TSLA,MELI,MRVL,DXCM",4,0.6,0.75,0.4,0.0,0.1505105035492827,fallback_momentum_proxy,causal_ohlcv_reconstruction_not_exact_replay
2015-01-01,2020-07-08,2020-07-09,2020-07-16,-0.012608480613806067,"TSLA,MELI,MRVL,DXCM",4,0.6,0.75,0.4,0.0,0.2017880403184954,fallback_momentum_proxy,causal_ohlcv_reconstruction_not_exact_replay
2015-01-01,2020-07-15,2020-07-16,2020-07-23,0.005213715901641514,"TSLA,YPF,MRVL,DXCM",4,0.6,0.75,0.4,0.15,0.20726305113330726,fallback_momentum_proxy,causal_ohlcv_reconstruction_not_exact_replay
2015-01-01,2020-07-22,2020-07-23,2020-07-30,-0.006465325168146596,"TSLA,YPF,MRVL,DXCM",4,0.6,0.75,0.4,0.0,0.20690081610975966,fallback_momentum_proxy,causal_ohlcv_reconstruction_not_exact_replay
2015-01-01,2020-07-29,2020-07-30,2020-08-06,0.006854520764347316,"TSLA,TSM,MRVL,DXCM",4,0.6,0.75,0.4,0.15,0.2084927852499016,fallback_momentum_proxy,causal_ohlcv_reconstruction_not_exact_replay
2015-01-01,2020-08-05,2020-08-06,2020-08-13,-0.0005973866539597313,"AMD,TSLA,TSM,DXCM",4,0.6,0.75,0.4,0.15,0.20668730016107484,fallback_momentum_proxy,causal_ohlcv_reconstruction_not_exact_replay
2015-01-01,2020-08-12,2020-08-13,2020-08-20,0.032918697485441656,"TSLA,AMD,TSM,DXCM",4,0.6,0.75,0.4,0.0,0.2028387905916867,fallback_momentum_proxy,causal_ohlcv_reconstruction_not_exact_replay
2015-01-01,2020-08-19,2020-08-20,2020-08-27,0.02558640898427473,"TSLA,AMD,TSM,DXCM",4,0.6,0.75,0.4,0.0,0.19110935885419753,fallback_momentum_proxy,causal_ohlcv_reconstruction_not_exact_replay
2015-01-01,2020-08-26,2020-08-27,2020-09-03,-0.019783163110670896,"TSLA,AAPL,AMD,TSM",4,0.6,0.75,0.4,0.15,0.18522860087194168,fallback_momentum_proxy,causal_ohlcv_reconstruction_not_exact_replay
2015-01-01,2020-09-02,2020-09-03,2020-09-11,-0.03782129367372551,"TSLA,NVDA,AAPL,TSM",4,0.6,0.75,0.4,0.15,0.19580279184674618,fallback_momentum_proxy,causal_ohlcv_reconstruction_not_exact_replay
2015-01-01,2020-09-10,2020-09-11,2020-09-18,0.021732343199114545,"TSLA,AMD,AAPL,TSM",4,0.6,0.75,0.4,0.15,0.21751036840463114,fallback_momentum_proxy,causal_ohlcv_reconstruction_not_exact_replay
2015-01-01,2020-09-17,2020-09-18,2020-09-25,-0.020718681321258665,"TSLA,MSTR,AMD,TSM",4,0.6,0.75,0.4,0.15,0.20540597732431023,fallback_momentum_proxy,causal_ohlcv_reconstruction_not_exact_replay
2015-01-01,2020-09-24,2020-09-25,2020-10-02,0.014030534390044602,"TSLA,TSM,AMD,MSTR",4,0.6,0.75,0.4,0.0,0.20697494716971648,fallback_momentum_proxy,causal_ohlcv_reconstruction_not_exact_replay
2015-01-01,2020-10-01,2020-10-02,2020-10-09,0.04274322324516859,"TSLA,AMD,TSM,MSTR",4,0.6,0.75,0.4,0.0,0.14613299175703057,fallback_momentum_proxy,causal_ohlcv_reconstruction_not_exact_replay
2015-01-01,2020-10-08,2020-10-09,2020-10-16,-0.001455582637018238,"AMD,MSTR,TSLA,TSM",4,0.6,0.75,0.4,0.0,0.16475144379759438,fallback_momentum_proxy,causal_ohlcv_reconstruction_not_exact_replay
2015-01-01,2020-10-15,2020-10-16,2020-10-23,-0.0060669345209871,"QCOM,TSLA,AMD,TSM",4,0.6,0.75,0.4,0.15,0.16530323333186575,fallback_momentum_proxy,causal_ohlcv_reconstruction_not_exact_replay
2015-01-01,2020-10-22,2020-10-23,2020-10-30,-0.04539397318039522,"MSTR,TSLA,AMD,TSM",4,0.6,0.75,0.4,0.15,0.16518795066691702,fallback_momentum_proxy,causal_ohlcv_reconstruction_not_exact_replay
2015-01-01,2020-10-29,2020-10-30,2020-11-06,0.0617873308011708,"MSTR,TSLA,TSM",3,0.6,0.75,0.4,0.14999999999999997,0.1928570175388069,fallback_momentum_proxy,causal_ohlcv_reconstruction_not_exact_replay
2015-01-01,2020-11-05,2020-11-06,2020-11-13,-0.01773470895319259,"MELI,TSLA,TSM,MSTR",4,0.6,0.75,0.4,0.14999999999999997,0.22824771632944205,fallback_momentum_proxy,causal_ohlcv_reconstruction_not_exact_replay
2015-01-01,2020-11-12,2020-11-13,2020-11-20,0.05829871563073896,"MSTR,QCOM,TSLA,TSM",4,0.6,0.75,0.4,0.15,0.2242970016133452,fallback_momentum_proxy,causal_ohlcv_reconstruction_not_exact_replay
2015-01-01,2020-11-19,2020-11-20,2020-11-30,0.11461102212407172,"MSTR,MU,TSLA,TSM",4,0.6,0.75,0.4,0.15,0.24781911850049582,fallback_momentum_proxy,causal_ohlcv_reconstruction_not_exact_replay
2015-01-01,2020-11-27,2020-11-30,2020-12-07,0.05253998652654597,"MSTR,FANG,TSLA,TSM",4,0.6,0.6779626296638297,0.4,0.15,0.32450166185278945,fallback_momentum_proxy,causal_ohlcv_reconstruction_not_exact_replay
2015-01-01,2020-12-04,2020-12-07,2020-12-14,-0.025427181350934032,"MSTR,FANG,TSLA,TSM",4,0.6,0.7096503250803239,0.4,0.0,0.310011835723599,fallback_momentum_proxy,causal_ohlcv_reconstruction_not_exact_replay
2015-01-01,2020-12-11,2020-12-14,2020-12-21,0.01909436127048495,"MSTR,FANG,TSLA,TSM",4,0.6,0.6776312348237176,0.4,0.0,0.32466035904798857,fallback_momentum_proxy,causal_ohlcv_reconstruction_not_exact_replay
2015-01-01,2020-12-18,2020-12-21,2020-12-29,0.03425675548814118,"MSTR,TSLA,TSM,FANG",4,0.6,0.7026980664806792,0.4,0.0,0.3130789886783457,fallback_momentum_proxy,causal_ohlcv_reconstruction_not_exact_replay
2015-01-01,2020-12-28,2020-12-29,2021-01-06,0.11120303335851678,"MSTR,FANG,TSLA,TSM",4,0.6,0.702040076598056,0.4,0.0,0.3133724232184513,fallback_momentum_proxy,causal_ohlcv_reconstruction_not_exact_replay
2015-01-01,2021-01-05,2021-01-06,2021-01-13,0.05021282208938221,"MSTR,TSLA,TSM,FANG",4,0.6,0.6149746629384913,0.4,0.0,0.35773831550846186,fallback_momentum_proxy,causal_ohlcv_reconstruction_not_exact_replay
2015-01-01,2021-01-12,2021-01-13,2021-01-21,0.015623415518774934,"MSTR,FANG,TSLA,TSM",4,0.6,0.6231133643999024,0.4,0.0,0.35306577032234565,fallback_momentum_proxy,causal_ohlcv_reconstruction_not_exact_replay
2015-01-01,2021-01-20,2021-01-21,2021-01-28,0.004522497992347472,"MSTR,FANG,TSLA,TSM",4,0.6,0.6377426622531762,0.4,0.0,0.3449667287785471,fallback_momentum_proxy,causal_ohlcv_reconstruction_not_exact_replay
2015-01-01,2021-01-27,2021-01-28,2021-02-04,0.05426090853651687,"MSTR,WBD,TSLA,TSM",4,0.6,0.7183514242776329,0.4,0.15,0.30625678820255675,fallback_momentum_proxy,causal_ohlcv_reconstruction_not_exact_replay
2015-01-01,2021-02-03,2021-02-04,2021-02-11,0.06286581758832266,"MSTR,FANG,TSLA,WBD",4,0.6,0.7229977739003358,0.4,0.15,0.304288627077193,fallback_momentum_proxy,causal_ohlcv_reconstruction_not_exact_replay
2015-01-01,2021-02-10,2021-02-11,2021-02-19,-8.912239917707558e-05,"MSTR,WBD,TSLA,FANG",4,0.6,0.75,0.4,0.0,0.2802927763567265,fallback_momentum_proxy,causal_ohlcv_reconstruction_not_exact_replay
2015-01-01,2021-02-18,2021-02-19,2021-02-26,-0.03841076650471664,"MSTR,WBD,TSLA,FANG",4,0.6,0.75,0.4,0.0,0.2930614749006182,fallback_momentum_proxy,causal_ohlcv_reconstruction_not_exact_replay
2015-01-01,2021-02-25,2021-02-26,2021-03-05,0.0241626171458109,"MSTR,WBD,TSLA,FANG",4,0.6,0.75,0.4,0.0,0.2854123100439946,fallback_momentum_proxy,causal_ohlcv_reconstruction_not_exact_replay
2015-01-01,2021-03-04,2021-03-05,2021-03-12,0.06648202052008213,"WBD,FANG,MSTR",3,0.6,0.75,0.4,0.14999999999999997,0.28056902041439463,fallback_momentum_proxy,causal_ohlcv_reconstruction_not_exact_replay
2015-01-01,2021-03-11,2021-03-12,2021-03-19,0.0004602155853587371,"MSTR,WBD,FANG",3,0.6,0.75,0.4,0.0,0.2670039920738368,fallback_momentum_proxy,causal_ohlcv_reconstruction_not_exact_replay
2015-01-01,2021-03-18,2021-03-19,2021-03-26,-0.13099237664710664,"WBD,MSTR,FANG",3,0.6,0.75,0.4,0.0,0.27390922060834155,fallback_momentum_proxy,causal_ohlcv_reconstruction_not_exact_replay
2015-01-01,2021-03-25,2021-03-26,2021-04-05,0.024751474849654474,"WBD,FANG,MSTR",3,0.5178982796368921,0.5178982796368921,0.48210172036310794,0.04105086018155396,0.42479384205378323,fallback_momentum_proxy,causal_ohlcv_reconstruction_not_exact_replay
2015-01-01,2021-04-01,2021-04-05,2021-04-12,-0.016121264183990035,"AMAT,MSTR,WBD,FANG",4,0.586772748015751,0.586772748015751,0.41322725198424903,0.11225595281450827,0.3749322045782782,fallback_momentum_proxy,causal_ohlcv_reconstruction_not_exact_replay
2015-01-01,2021-04-09,2021-04-12,2021-04-19,-0.020226484716550194,"AMAT,LRCX,MSTR,FANG",4,0.5974421564691703,0.5974421564691703,0.4025578435308297,0.15202789123064742,0.3682364855205068,fallback_momentum_proxy,causal_ohlcv_reconstruction_not_exact_replay
2015-01-01,2021-04-16,2021-04-19,2021-04-26,0.011503655029777456,"FTNT,CDW,AMAT,LRCX",4,0.5930863496998452,0.5930863496998452,0.4069136503001548,0.29872107823458516,0.3709409264120473,fallback_momentum_proxy,causal_ohlcv_reconstruction_not_exact_replay
2015-01-01,2021-04-23,2021-04-26,2021-05-03,-0.01445679281823334,"FTNT,CDW,AMAT,LRCX",4,0.5924246134787983,0.5924246134787983,0.40757538652120173,0.00033086811052346343,0.371355266129356,fallback_momentum_proxy,causal_ohlcv_reconstruction_not_exact_replay
2015-01-01,2021-04-30,2021-05-03,2021-05-10,-0.001242322585868559,"FTNT,VALE,AMAT,LRCX",4,0.6,0.6191295543505397,0.4,0.15189384663030042,0.35533758395813886,fallback_momentum_proxy,causal_ohlcv_reconstruction_not_exact_replay
2015-01-01,2021-05-07,2021-05-10,2021-05-17,-0.003002386974438226,"VALE,FTNT,AMAT,LRCX",4,0.6,0.6748680231671843,0.4,0.0,0.3259896638272038,fallback_momentum_proxy,causal_ohlcv_reconstruction_not_exact_replay
2015-01-01,2021-05-14,2021-05-17,2021-05-24,0.012966677681234506,"CCJ,ODFL,AMAT,LRCX",4,0.6,0.6753836185610255,0.4,0.3,0.32574079967875547,fallback_momentum_proxy,causal_ohlcv_reconstruction_not_exact_replay
2015-01-01,2021-05-21,2021-05-24,2021-06-01,0.022299466426380952,"CCJ,FTNT,AMAT,ODFL",4,0.6,0.6851893437580494,0.4,0.15,0.3210791323656155,fallback_momentum_proxy,causal_ohlcv_reconstruction_not_exact_replay
2015-01-01,2021-05-28,2021-06-01,2021-06-08,0.014912189277797805,"PBR,FTNT,AMAT,ODFL",4,0.6,0.6866491810615745,0.4,0.15,0.32039650824293603,fallback_momentum_proxy,causal_ohlcv_reconstruction_not_exact_replay
2015-01-01,2021-06-07,2021-06-08,2021-06-15,0.0015317458311498611,"BIIB,PBR,AMAT,ODFL",4,0.6,0.75,0.4,0.15,0.28588882579330344,fallback_momentum_proxy,causal_ohlcv_reconstruction_not_exact_replay
2015-01-01,2021-06-14,2021-06-15,2021-06-22,-0.004859751796485473,"BIIB,NVDA,AMAT,ODFL",4,0.6,0.75,0.4,0.15,0.28603843145938695,fallback_momentum_proxy,causal_ohlcv_reconstruction_not_exact_replay
2015-01-01,2021-06-21,2021-06-22,2021-06-29,0.0018546806022461323,"PBR,NVDA,ODFL,BIIB",4,0.6,0.75,0.4,0.15,0.10370110892150496,fallback_momentum_proxy,causal_ohlcv_reconstruction_not_exact_replay
2015-01-01,2021-06-28,2021-06-29,2021-07-07,-0.003746726539203226,"NVDA,PBR,ODFL,BIIB",4,0.6,0.75,0.4,0.0,0.09158989221162385,fallback_momentum_proxy,causal_ohlcv_reconstruction_not_exact_replay
2015-01-01,2021-07-06,2021-07-07,2021-07-14,-0.006753061830734475,"NVDA,IDXX,ODFL,BIIB",4,0.6,0.75,0.4,0.15,0.08498188036401348,fallback_momentum_proxy,causal_ohlcv_reconstruction_not_exact_replay
2015-01-01,2021-07-13,2021-07-14,2021-07-21,-0.024493691893600414,"NVDA,PBR,ODFL,BIIB",4,0.6,0.75,0.4,0.15,0.07355644503225688,fallback_momentum_proxy,causal_ohlcv_reconstruction_not_exact_replay
2015-01-01,2021-07-20,2021-07-21,2021-07-28,0.012442177364420859,"FTNT,INTU,NVDA,BIIB",4,0.6,0.75,0.4,0.3,0.08817623408954176,fallback_momentum_proxy,causal_ohlcv_reconstruction_not_exact_replay
2015-01-01,2021-07-27,2021-07-28,2021-08-04,0.02925510230270468,"FTNT,INTU,NVDA,BIIB",4,0.6,0.75,0.4,0.0,0.08588292637493629,fallback_momentum_proxy,causal_ohlcv_reconstruction_not_exact_replay
2015-01-01,2021-08-03,2021-08-04,2021-08-11,-0.024914240268673754,"DXCM,AMD,NVDA,BIIB",4,0.6,0.75,0.4,0.3,0.10128912845807618,fallback_momentum_proxy,causal_ohlcv_reconstruction_not_exact_replay
2015-01-01,2021-08-10,2021-08-11,2021-08-18,-0.023575558355246457,"MSTR,DXCM,NVDA,AMD",4,0.6,0.75,0.4,0.15,0.11647391500211604,fallback_momentum_proxy,causal_ohlcv_reconstruction_not_exact_replay
2015-01-01,2021-08-17,2021-08-18,2021-08-25,0.05081528383173804,"MSTR,DXCM,NVDA,AMD",4,0.6,0.75,0.4,0.0,0.12477452624279456,fallback_momentum_proxy,causal_ohlcv_reconstruction_not_exact_replay
2015-01-01,2021-08-24,2021-08-25,2021-09-01,0.011449435305935413,"GLOB,MSTR,NVDA,DXCM",4,0.6,0.75,0.4,0.15,0.1563146749335358,fallback_momentum_proxy,causal_ohlcv_reconstruction_not_exact_replay
2015-01-01,2021-08-31,2021-09-01,2021-09-09,-0.012249686875864196,"GLOB,MSTR,NVDA,DXCM",4,0.6,0.75,0.4,0.0,0.15521138653971786,fallback_momentum_proxy,causal_ohlcv_reconstruction_not_exact_replay
2015-01-01,2021-09-08,2021-09-09,2021-09-16,0.009420672826228643,"GLOB,PANW,NVDA,DXCM",4,0.6,0.75,0.4,0.15,0.1576427148463429,fallback_momentum_proxy,causal_ohlcv_reconstruction_not_exact_replay
2015-01-01,2021-09-15,2021-09-16,2021-09-23,-0.013673046914980712,"CCJ,GLOB,NVDA,PANW",4,0.6,0.75,0.4,0.15,0.1581326787493684,fallback_momentum_proxy,causal_ohlcv_reconstruction_not_exact_replay
2015-01-01,2021-09-22,2021-09-23,2021-09-30,-0.03761788133949042,"GLOB,DXCM,CCJ,NVDA",4,0.6,0.75,0.4,0.15,0.161036729054305,fallback_momentum_proxy,causal_ohlcv_reconstruction_not_exact_replay
2015-01-01,2021-09-29,2021-09-30,2021-10-07,0.005258969393941826,"DXCM,TSLA,GLOB,CCJ",4,0.6,0.75,0.4,0.15,0.17800873867729122,fallback_momentum_proxy,causal_ohlcv_reconstruction_not_exact_replay
2015-01-01,2021-10-06,2021-10-07,2021-10-14,0.022479104085916635,"FANG,PANW,TSLA,GLOB",4,0.6,0.75,0.4,0.3,0.17837203091118098,fallback_momentum_proxy,causal_ohlcv_reconstruction_not_exact_replay
2015-01-01,2021-10-13,2021-10-14,2021-10-21,0.02445609507063281,"FANG,CCJ,TSLA,GLOB",4,0.6,0.75,0.4,0.15,0.17668164084962693,fallback_momentum_proxy,causal_ohlcv_reconstruction_not_exact_replay
2015-01-01,2021-10-20,2021-10-21,2021-10-28,0.029826174864099435,"CCJ,FANG,TSLA,GLOB",4,0.6,0.75,0.4,0.0,0.1811982572079751,fallback_momentum_proxy,causal_ohlcv_reconstruction_not_exact_replay
2015-01-01,2021-10-27,2021-10-28,2021-11-04,0.04712243206048687,"TSLA,CCJ,GLOB,FANG",4,0.6,0.75,0.4,0.0,0.18155424233303882,fallback_momentum_proxy,causal_ohlcv_reconstruction_not_exact_replay
2015-01-01,2021-11-03,2021-11-04,2021-11-11,-0.024911468116419238,"TSLA,CCJ,GLOB,FANG",4,0.6,0.75,0.4,0.0,0.18934703578907067,fallback_momentum_proxy,causal_ohlcv_reconstruction_not_exact_replay
2015-01-01,2021-11-10,2021-11-11,2021-11-18,-0.0036035677983831836,"TSLA,NVDA,GLOB,CCJ",4,0.6,0.75,0.4,0.15,0.1903734648801382,fallback_momentum_proxy,causal_ohlcv_reconstruction_not_exact_replay
2015-01-01,2021-11-17,2021-11-18,2021-11-26,-0.04980866979488312,"TSLA,ON,GLOB,CCJ",4,0.6,0.75,0.4,0.15,0.1686893213022535,fallback_momentum_proxy,causal_ohlcv_reconstruction_not_exact_replay
2015-01-01,2021-11-24,2021-11-26,2021-12-03,-0.016702230038595244,"NVDA,ON,TSLA,CCJ",4,0.6,0.75,0.4,0.15,0.19961880399990362,fallback_momentum_proxy,causal_ohlcv_reconstruction_not_exact_replay
2015-01-01,2021-12-02,2021-12-03,2021-12-10,-0.004968053498879216,"NVDA,AMD,TSLA,ON",4,0.6,0.75,0.4,0.15,0.2009689071891556,fallback_momentum_proxy,causal_ohlcv_reconstruction_not_exact_replay
2015-01-01,2021-12-09,2021-12-10,2021-12-17,-0.027506692124240742,"MRVL,QCOM,TSLA,AMD",4,0.6,0.75,0.4,0.3,0.19988882044494477,fallback_momentum_proxy,causal_ohlcv_reconstruction_not_exact_replay
2015-01-01,2021-12-16,2021-12-17,2021-12-27,0.06017716706421304,"MRVL,PBR,TSLA,AMD",4,0.6,0.75,0.4,0.15,0.2052651106341202,fallback_momentum_proxy,causal_ohlcv_reconstruction_not_exact_replay
2015-01-01,2021-12-23,2021-12-27,2022-01-03,0.009067939164822292,"MRVL,ON,TSLA,AMD",4,0.6,0.75,0.4,0.15,0.22534694969487895,fallback_momentum_proxy,causal_ohlcv_reconstruction_not_exact_replay
2015-01-01,2021-12-31,2022-01-03,2022-01-10,-0.058728401072969616,"ON,MRVL,TSLA,AMD",4,0.6,0.75,0.4,0.0,0.2254826422213908,fallback_momentum_proxy,causal_ohlcv_reconstruction_not_exact_replay
2015-01-01,2022-01-07,2022-01-10,2022-01-18,-0.010437313524343302,"ON,MU,TSLA,AMD",4,0.6,0.75,0.4,0.15,0.25508077628250586,fallback_momentum_proxy,causal_ohlcv_reconstruction_not_exact_replay
2015-01-01,2022-01-14,2022-01-18,2022-01-25,-0.08269977228920591,"MU,ON,TSLA,AMD",4,0.6,0.75,0.4,0.0,0.2492272353975654,fallback_momentum_proxy,causal_ohlcv_reconstruction_not_exact_replay
2015-01-01,2022-01-24,2022-01-25,2022-02-01,0.039280620028470305,"PBR,VRTX,ON,MU",4,0.6,0.75,0.4,0.3,0.2814636145685117,fallback_momentum_proxy,causal_ohlcv_reconstruction_not_exact_replay
2015-01-01,2022-01-31,2022-02-01,2022-02-08,-0.0052287272594756734,"PBR,VRTX,MU",3,0.6,0.75,0.4,0.14999999999999997,0.27448193790433173,fallback_momentum_proxy,causal_ohlcv_reconstruction_not_exact_replay
2015-01-01,2022-02-07,2022-02-08,2022-02-15,0.01930114033022092,"PBR,VALE,VRTX,MU",4,0.6,0.75,0.4,0.14999999999999997,0.2739676487599902,fallback_momentum_proxy,causal_ohlcv_reconstruction_not_exact_replay
2015-01-01,2022-02-14,2022-02-15,2022-02-23,-0.005582704345517759,"PBR,VALE,MU,VRTX",4,0.6,0.75,0.4,0.0,0.28094013869424,fallback_momentum_proxy,causal_ohlcv_reconstruction_not_exact_replay
2015-01-01,2022-02-22,2022-02-23,2022-03-02,0.03285917428213096,"PBR,VALE,VRTX,MU",4,0.6,0.75,0.4,0.0,0.2677723845999318,fallback_momentum_proxy,causal_ohlcv_reconstruction_not_exact_replay
2015-01-01,2022-03-01,2022-03-02,2022-03-09,-0.027677064831054952,"VALE,PBR,MU,VRTX",4,0.6,0.75,0.4,0.0,0.27801564197878903,fallback_momentum_proxy,causal_ohlcv_reconstruction_not_exact_replay
2015-01-01,2022-03-08,2022-03-09,2022-03-16,-0.009157341466830247,"BKR,VALE,VRTX,PBR",4,0.6,0.75,0.4,0.15,0.2824069221122414,fallback_momentum_proxy,causal_ohlcv_reconstruction_not_exact_replay
2015-01-01,2022-03-15,2022-03-16,2022-03-23,0.06451328361154013,"BKR,EC,VALE,PBR",4,0.6,0.75,0.4,0.15,0.27834238155164565,fallback_momentum_proxy,causal_ohlcv_reconstruction_not_exact_replay
2015-01-01,2022-03-22,2022-03-23,2022-03-30,-0.003929286618048122,"BKR,CCJ,VALE,EC",4,0.6,0.75,0.4,0.15,0.28272281833398916,fallback_momentum_proxy,causal_ohlcv_reconstruction_not_exact_replay
2015-01-01,2022-03-29,2022-03-30,2022-04-06,-0.0012316323368319335,"BKR,VALE,CCJ,EC",4,0.6,0.75,0.4,0.0,0.2815280248274533,fallback_momentum_proxy,causal_ohlcv_reconstruction_not_exact_replay
2015-01-01,2022-04-05,2022-04-06,2022-04-13,0.02253022976944585,"EC,VALE,CCJ,BKR",4,0.6,0.75,0.4,0.0,0.2551410018215066,fallback_momentum_proxy,causal_ohlcv_reconstruction_not_exact_replay
2015-01-01,2022-04-12,2022-04-13,2022-04-21,-0.052793963427093124,"CCJ,VALE,BKR,EC",4,0.6,0.75,0.4,0.0,0.2572813522631772,fallback_momentum_proxy,causal_ohlcv_reconstruction_not_exact_replay
2015-01-01,2022-04-20,2022-04-21,2022-04-28,-0.026665797293299924,"CCJ,EC,VALE,BKR",4,0.6,0.75,0.4,0.0,0.2176777088652152,fallback_momentum_proxy,causal_ohlcv_reconstruction_not_exact_replay
2015-01-01,2022-04-27,2022-04-28,2022-05-05,-0.02241468733130566,"CCJ,EC,VALE,BKR",4,0.6,0.75,0.4,0.0,0.21372770437764552,fallback_momentum_proxy,causal_ohlcv_reconstruction_not_exact_replay
2015-01-01,2022-05-04,2022-05-05,2022-05-12,-0.042759863949871454,"SMCI,CCJ,BKR,EC",4,0.6,0.75,0.4,0.15,0.21844371203679439,fallback_momentum_proxy,causal_ohlcv_reconstruction_not_exact_replay
2015-01-01,2022-05-11,2022-05-12,2022-05-19,0.002605594366047027,"SMCI,AEP,EC,BKR",4,0.6,0.75,0.4,0.15,0.22842116008742905,fallback_momentum_proxy,causal_ohlcv_reconstruction_not_exact_replay
2015-01-01,2022-05-18,2022-05-19,2022-05-26,0.014845439730514751,"SMCI,BKR,AEP",3,0.6,0.75,0.4,0.14999999999999997,0.22907204452563146,fallback_momentum_proxy,causal_ohlcv_reconstruction_not_exact_replay
2015-01-01,2022-05-25,2022-05-26,2022-06-03,0.026180608190476802,"BKR,SMCI,AEP",3,0.6,0.75,0.4,0.0,0.2186293900719956,fallback_momentum_proxy,causal_ohlcv_reconstruction_not_exact_replay
2015-01-01,2022-06-02,2022-06-03,2022-06-10,-0.04711415469246907,"SMCI,BKNG,AEP,BKR",4,0.6,0.75,0.4,0.14999999999999997,0.22270368524506393,fallback_momentum_proxy,causal_ohlcv_reconstruction_not_exact_replay
2015-01-01,2022-06-09,2022-06-10,2022-06-17,-0.07155907149231891,"BABA,FANG,AEP,BKNG",4,0.6,0.75,0.4,0.3,0.23991040918379886,fallback_momentum_proxy,causal_ohlcv_reconstruction_not_exact_replay
2015-01-01,2022-06-16,2022-06-17,2022-06-27,0.025884797057500842,"MNST,FANG",2,0.6,0.75,0.4,0.44999999999999996,0.22026388019140963,fallback_momentum_proxy,causal_ohlcv_reconstruction_not_exact_replay
2015-01-01,2022-06-24,2022-06-27,2022-07-05,0.009587758506502463,"BABA,MNST",2,0.6,0.75,0.4,0.3,0.23534626797620803,fallback_momentum_proxy,causal_ohlcv_reconstruction_not_exact_replay
2015-01-01,2022-07-01,2022-07-05,2022-07-12,-0.025272723038300592,"MNST,BABA",2,0.6,0.75,0.4,0.0,0.2389251357490465,fallback_momentum_proxy,causal_ohlcv_reconstruction_not_exact_replay
2015-01-01,2022-07-11,2022-07-12,2022-07-19,-0.00946343874529678,"MNST,VRTX,BABA",3,0.6,0.75,0.4,0.2,0.22637684173353634,fallback_momentum_proxy,causal_ohlcv_reconstruction_not_exact_replay
2015-01-01,2022-07-18,2022-07-19,2022-07-26,-0.008041592420792032,"MNST,BABA,VRTX",3,0.6,0.75,0.4,0.0,0.2131527083455179,fallback_momentum_proxy,causal_ohlcv_reconstruction_not_exact_replay
2015-01-01,2022-07-25,2022-07-26,2022-08-02,0.004105944066379619,"SMCI,QCOM,MNST,VRTX",4,0.6,0.75,0.4,0.3,0.21152436871875782,fallback_momentum_proxy,causal_ohlcv_reconstruction_not_exact_replay
2015-01-01,2022-08-01,2022-08-02,2022-08-09,-0.004422093942305294,"SNPS,CDNS,MNST,SMCI",4,0.6,0.75,0.4,0.3,0.21262660922408294,fallback_momentum_proxy,causal_ohlcv_reconstruction_not_exact_replay
2015-01-01,2022-08-08,2022-08-09,2022-08-16,0.03147525126686761,"MSTR,MELI,SNPS,CDNS",4,0.6,0.75,0.4,0.3,0.200477628224252,fallback_momentum_proxy,causal_ohlcv_reconstruction_not_exact_replay
2015-01-01,2022-08-15,2022-08-16,2022-08-23,-0.07504679301844686,"MSTR,MELI,SNPS,CDNS",4,0.6,0.75,0.4,0.0,0.21419017975951504,fallback_momentum_proxy,causal_ohlcv_reconstruction_not_exact_replay
2015-01-01,2022-08-22,2022-08-23,2022-08-30,-0.0097555935250486,"SMCI,YPF,SNPS,CDNS",4,0.6,0.75,0.4,0.3,0.2508335543229827,fallback_momentum_proxy,causal_ohlcv_reconstruction_not_exact_replay
2015-01-01,2022-08-29,2022-08-30,2022-09-07,0.0158968388969417,"YPF,PBR,SNPS,CDNS",4,0.6,0.75,0.4,0.15,0.2369897996436079,fallback_momentum_proxy,causal_ohlcv_reconstruction_not_exact_replay
2015-01-01,2022-09-06,2022-09-07,2022-09-14,0.0010063492106748236,"YPF,CSGP,CDNS,PBR",4,0.6,0.75,0.4,0.15,0.23319694354738127,fallback_momentum_proxy,causal_ohlcv_reconstruction_not_exact_replay
2015-01-01,2022-09-13,2022-09-14,2022-09-21,-0.025685714921945994,"YPF,CCJ,CDNS,PBR",4,0.6,0.75,0.4,0.15,0.1908018839932109,fallback_momentum_proxy,causal_ohlcv_reconstruction_not_exact_replay
2015-01-01,2022-09-20,2022-09-21,2022-09-28,-0.031126523783463877,"YPF,PBR,CCJ",3,0.6,0.75,0.4,0.14999999999999997,0.18373895855522948,fallback_momentum_proxy,causal_ohlcv_reconstruction_not_exact_replay
2015-01-01,2022-09-27,2022-09-28,2022-10-05,0.058438788140375744,"YPF,ON,CCJ,PBR",4,0.6,0.75,0.4,0.14999999999999997,0.18479691961494746,fallback_momentum_proxy,causal_ohlcv_reconstruction_not_exact_replay
2015-01-01,2022-10-04,2022-10-05,2022-10-12,-0.08698036815463557,"YPF,MELI,CCJ,ON",4,0.6,0.75,0.4,0.15,0.22779957557209596,fallback_momentum_proxy,causal_ohlcv_reconstruction_not_exact_replay
2015-01-01,2022-10-11,2022-10-12,2022-10-19,0.022928628116541224,"YPF,PBR,CCJ,MELI",4,0.6,0.75,0.4,0.15,0.2813771020206529,fallback_momentum_proxy,causal_ohlcv_reconstruction_not_exact_replay
2015-01-01,2022-10-18,2022-10-19,2022-10-26,0.01460844474958202,"YPF,BIIB,MELI,PBR",4,0.6,0.75,0.4,0.15,0.2893707082127884,fallback_momentum_proxy,causal_ohlcv_reconstruction_not_exact_replay
2015-01-01,2022-10-25,2022-10-26,2022-11-02,-0.0036317390471611423,"YPF,BIIB,MELI,PBR",4,0.6,0.75,0.4,0.0,0.2920607219744537,fallback_momentum_proxy,causal_ohlcv_reconstruction_not_exact_replay
2015-01-01,2022-11-01,2022-11-02,2022-11-09,-0.022427644153785686,"YPF,DXCM,BIIB",3,0.6,0.75,0.4,0.3,0.29209975381472086,fallback_momentum_proxy,causal_ohlcv_reconstruction_not_exact_replay
2015-01-01,2022-11-08,2022-11-09,2022-11-16,0.026326052407034353,"YPF,BKR,DXCM,BIIB",4,0.6,0.75,0.4,0.14999999999999997,0.2806044451484075,fallback_momentum_proxy,causal_ohlcv_reconstruction_not_exact_replay
2015-01-01,2022-11-15,2022-11-16,2022-11-23,0.016061209676184733,"YPF,SMCI,DXCM,BIIB",4,0.6,0.75,0.4,0.15,0.25299338310973746,fallback_momentum_proxy,causal_ohlcv_reconstruction_not_exact_replay
2015-01-01,2022-11-22,2022-11-23,2022-12-01,0.009184541818651176,"BIIB,GILD,SMCI,DXCM",4,0.6,0.75,0.4,0.15,0.25538934774913474,fallback_momentum_proxy,causal_ohlcv_reconstruction_not_exact_replay
2015-01-01,2022-11-30,2022-12-01,2022-12-08,-0.0058806150866492005,"SMCI,BIIB,DXCM,GILD",4,0.6,0.75,0.4,0.0,0.25378575311129936,fallback_momentum_proxy,causal_ohlcv_reconstruction_not_exact_replay
2015-01-01,2022-12-07,2022-12-08,2022-12-15,-0.02481383195823239,"NFLX,ROST,DXCM,BIIB",4,0.6,0.75,0.4,0.3,0.2538298873146325,fallback_momentum_proxy,causal_ohlcv_reconstruction_not_exact_replay
2015-01-01,2022-12-14,2022-12-15,2022-12-22,0.0030637019440096667,"SMCI,NVO,DXCM,NFLX",4,0.6,0.75,0.4,0.3,0.2534882437276873,fallback_momentum_proxy,causal_ohlcv_reconstruction_not_exact_replay
2015-01-01,2022-12-21,2022-12-22,2022-12-30,0.006254845283158155,"SMCI,YPF,NVO,NFLX",4,0.6,0.75,0.4,0.15,0.2456641594004475,fallback_momentum_proxy,causal_ohlcv_reconstruction_not_exact_replay
2015-01-01,2022-12-29,2022-12-30,2023-01-09,0.026434448683895516,"YPF,NVO,NFLX,SMCI",4,0.6,0.75,0.4,0.0,0.2121261547679199,fallback_momentum_proxy,causal_ohlcv_reconstruction_not_exact_replay
2015-01-01,2023-01-06,2023-01-09,2023-01-17,0.012448744672751576,"TCEHY,BABA,SMCI,NVO",4,0.6,0.75,0.4,0.3,0.11961404330059051,fallback_momentum_proxy,causal_ohlcv_reconstruction_not_exact_replay
2015-01-01,2023-01-13,2023-01-17,2023-01-24,-0.007808258903040234,"YPF,BABA,SMCI,NVO",4,0.6,0.75,0.4,0.15,0.11479010922900623,fallback_momentum_proxy,causal_ohlcv_reconstruction_not_exact_replay
2015-01-01,2023-01-23,2023-01-24,2023-01-31,-0.030461000337223616,"TCEHY,BABA,SMCI,NVO",4,0.6,0.75,0.4,0.15,0.11518565410342366,fallback_momentum_proxy,causal_ohlcv_reconstruction_not_exact_replay
2015-01-01,2023-01-30,2023-01-31,2023-02-07,-0.00929079106156352,"TCEHY,BABA,NVO",3,0.6,0.75,0.4,0.14999999999999997,0.1328672705671772,fallback_momentum_proxy,causal_ohlcv_reconstruction_not_exact_replay
2015-01-01,2023-02-06,2023-02-07,2023-02-14,-0.012122175945287632,"META,MSTR,NVO,TCEHY",4,0.6,0.75,0.4,0.3,0.12532457463834323,fallback_momentum_proxy,causal_ohlcv_reconstruction_not_exact_replay
2015-01-01,2023-02-13,2023-02-14,2023-02-22,-0.020471200000056332,"META,MSTR,NVO,TCEHY",4,0.6,0.75,0.4,0.0,0.11577340618908094,fallback_momentum_proxy,causal_ohlcv_reconstruction_not_exact_replay
2015-01-01,2023-02-21,2023-02-22,2023-03-01,0.0026291858349517462,"META,MSTR,NVO,TCEHY",4,0.6,0.75,0.4,0.0,0.11477369514588663,fallback_momentum_proxy,causal_ohlcv_reconstruction_not_exact_replay
2015-01-01,2023-02-28,2023-03-01,2023-03-08,0.003697373716867274,"META,NVDA,NVO,MSTR",4,0.6,0.75,0.4,0.15,0.11211059805644116,fallback_momentum_proxy,causal_ohlcv_reconstruction_not_exact_replay
2015-01-01,2023-03-07,2023-03-08,2023-03-15,-0.028083288215662108,"META,YPF,NVO,MSTR",4,0.6,0.75,0.4,0.15,0.11340285465367991,fallback_momentum_proxy,causal_ohlcv_reconstruction_not_exact_replay
2015-01-01,2023-03-14,2023-03-15,2023-03-22,0.020073018151902638,"META,MELI,NVO,MSTR",4,0.6,0.75,0.4,0.15,0.11613214352588626,fallback_momentum_proxy,causal_ohlcv_reconstruction_not_exact_replay
2015-01-01,2023-03-21,2023-03-22,2023-03-29,0.04106504490159648,"META,NVDA,NVO,MSTR",4,0.6,0.75,0.4,0.15,0.12548832480803043,fallback_momentum_proxy,causal_ohlcv_reconstruction_not_exact_replay
2015-01-01,2023-03-28,2023-03-29,2023-04-05,0.008766081793670793,"NVDA,MSTR,META,NVO",4,0.6,0.75,0.4,0.0,0.15287352675296703,fallback_momentum_proxy,causal_ohlcv_reconstruction_not_exact_replay
2015-01-01,2023-04-04,2023-04-05,2023-04-13,0.038937049971043275,"MSTR,NVDA,META,NVO",4,0.6,0.75,0.4,0.0,0.14331234392317563,fallback_momentum_proxy,causal_ohlcv_reconstruction_not_exact_replay
2015-01-01,2023-04-12,2023-04-13,2023-04-20,-0.023609107022469558,"MSTR,NVDA,META,NVO",4,0.6,0.75,0.4,0.0,0.16296440889759076,fallback_momentum_proxy,causal_ohlcv_reconstruction_not_exact_replay
2015-01-01,2023-04-19,2023-04-20,2023-04-27,0.031389318186088144,"META,NVDA,MSTR,NVO",4,0.6,0.75,0.4,0.0,0.1694033470987605,fallback_momentum_proxy,causal_ohlcv_reconstruction_not_exact_replay
2015-01-01,2023-04-26,2023-04-27,2023-05-04,-0.009381235025733813,"META,NVDA,NVO,MSTR",4,0.6,0.75,0.4,0.0,0.16721571275729546,fallback_momentum_proxy,causal_ohlcv_reconstruction_not_exact_replay
2015-01-01,2023-05-03,2023-05-04,2023-05-11,0.00962322135274476,"SMCI,ISRG,META,NVO",4,0.6,0.75,0.4,0.3,0.16724793084560888,fallback_momentum_proxy,causal_ohlcv_reconstruction_not_exact_replay
2015-01-01,2023-05-10,2023-05-11,2023-05-18,0.05384457640339699,"SMCI,NVDA,META,NVO",4,0.6,0.75,0.4,0.15,0.1635084063136699,fallback_momentum_proxy,causal_ohlcv_reconstruction_not_exact_replay
2015-01-01,2023-05-17,2023-05-18,2023-05-25,0.06650943141175741,"SMCI,NVDA,META,NVO",4,0.6,0.75,0.4,0.0,0.17743214473841706,fallback_momentum_proxy,causal_ohlcv_reconstruction_not_exact_replay
2015-01-01,2023-05-24,2023-05-25,2023-06-02,0.023185465343821505,"SMCI,META,NVO,NVDA",4,0.6,0.75,0.4,0.0,0.205609277662306,fallback_momentum_proxy,causal_ohlcv_reconstruction_not_exact_replay
2015-01-01,2023-06-01,2023-06-02,2023-06-09,0.021389756792052444,"SMCI,NVDA,META,NVO",4,0.6,0.75,0.4,0.0,0.2035010972588373,fallback_momentum_proxy,causal_ohlcv_reconstruction_not_exact_replay
2015-01-01,2023-06-08,2023-06-09,2023-06-16,-0.002771974331144652,"SMCI,MRVL,META,NVO",4,0.6,0.75,0.4,0.15,0.1754792426608143,fallback_momentum_proxy,causal_ohlcv_reconstruction_not_exact_replay
2015-01-01,2023-06-15,2023-06-16,2023-06-26,-0.02164897921487347,"SMCI,NVDA,META,NVO",4,0.6,0.75,0.4,0.15,0.18314237259132887,fallback_momentum_proxy,causal_ohlcv_reconstruction_not_exact_replay
2015-01-01,2023-06-23,2023-06-26,2023-07-03,0.035406066597566635,"SMCI,NVDA,META,NVO",4,0.6,0.75,0.4,0.0,0.1964000270315799,fallback_momentum_proxy,causal_ohlcv_reconstruction_not_exact_replay
2015-01-01,2023-06-30,2023-07-03,2023-07-11,0.008369197172163948,"SMCI,PBR,META,NVO",4,0.6,0.75,0.4,0.15,0.19909894925058708,fallback_momentum_proxy,causal_ohlcv_reconstruction_not_exact_replay
2015-01-01,2023-07-10,2023-07-11,2023-07-18,0.049309063453326196,"SMCI,NVDA,META,PBR",4,0.6,0.75,0.4,0.15,0.19482578134116404,fallback_momentum_proxy,causal_ohlcv_reconstruction_not_exact_replay
2015-01-01,2023-07-17,2023-07-18,2023-07-25,-0.01581467907911141,"SMCI,MSTR,META,NVDA",4,0.6,0.75,0.4,0.15,0.1844729109088684,fallback_momentum_proxy,causal_ohlcv_reconstruction_not_exact_replay
2015-01-01,2023-07-24,2023-07-25,2023-08-01,0.020284690220955796,"SMCI,SIRI,META,NVDA",4,0.6,0.75,0.4,0.15,0.19769110298471007,fallback_momentum_proxy,causal_ohlcv_reconstruction_not_exact_replay
2015-01-01,2023-07-31,2023-08-01,2023-08-08,-0.010346611941524104,"SMCI,NVDA,META,SIRI",4,0.6,0.75,0.4,0.0,0.18839976957273416,fallback_momentum_proxy,causal_ohlcv_reconstruction_not_exact_replay
2015-01-01,2023-08-07,2023-08-08,2023-08-15,-0.04689906239697213,"SMCI,NVDA,META,SIRI",4,0.6,0.75,0.4,0.0,0.19744708502040234,fallback_momentum_proxy,causal_ohlcv_reconstruction_not_exact_replay
2015-01-01,2023-08-14,2023-08-15,2023-08-22,-0.004484220514305565,"SMCI,ADBE,META,NVDA",4,0.6,0.75,0.4,0.15,0.2210354833151173,fallback_momentum_proxy,causal_ohlcv_reconstruction_not_exact_replay
2015-01-01,2023-08-21,2023-08-22,2023-08-29,0.023800919457120016,"NVDA,ADBE,META,SMCI",4,0.6,0.75,0.4,0.0,0.18564898095833843,fallback_momentum_proxy,causal_ohlcv_reconstruction_not_exact_replay
2015-01-01,2023-08-28,2023-08-29,2023-09-06,-0.011439147946752215,"CHTR,PBR,META,NVDA",4,0.6,0.75,0.4,0.3,0.18591889706791545,fallback_momentum_proxy,causal_ohlcv_reconstruction_not_exact_replay
2015-01-01,2023-09-05,2023-09-06,2023-09-13,0.004565311466860017,"INTU,ODFL,META,CHTR",4,0.6,0.75,0.4,0.3,0.18466978173251553,fallback_momentum_proxy,causal_ohlcv_reconstruction_not_exact_replay
2015-01-01,2023-09-12,2023-09-13,2023-09-20,-0.007573926110996076,"ODFL,CHTR,META,INTU",4,0.6,0.75,0.4,0.0,0.18443039573621994,fallback_momentum_proxy,causal_ohlcv_reconstruction_not_exact_replay
2015-01-01,2023-09-19,2023-09-20,2023-09-27,-0.013895490424183064,"CHTR,TM,META,ODFL",4,0.6,0.75,0.4,0.15,0.17845028590165193,fallback_momentum_proxy,causal_ohlcv_reconstruction_not_exact_replay
2015-01-01,2023-09-26,2023-09-27,2023-10-04,-0.01380128876657272,"CCJ,AMGN,META,CHTR",4,0.6,0.75,0.4,0.3,0.16727186043614856,fallback_momentum_proxy,causal_ohlcv_reconstruction_not_exact_replay
2015-01-01,2023-10-03,2023-10-04,2023-10-11,0.03146066566537885,"CCJ,CHTR,META,AMGN",4,0.6,0.75,0.4,0.0,0.1681018078414541,fallback_momentum_proxy,causal_ohlcv_reconstruction_not_exact_replay
2015-01-01,2023-10-10,2023-10-11,2023-10-18,-0.002855820921283419,"AMGN,CHTR,META,CCJ",4,0.6,0.75,0.4,0.0,0.14682388701063107,fallback_momentum_proxy,causal_ohlcv_reconstruction_not_exact_replay
2015-01-01,2023-10-17,2023-10-18,2023-10-25,-0.027204481013418075,"NVO,AMGN,META,CHTR",4,0.6,0.75,0.4,0.15,0.1444344466124138,fallback_momentum_proxy,causal_ohlcv_reconstruction_not_exact_replay
2015-01-01,2023-10-24,2023-10-25,2023-11-01,-0.005780289869717908,"NVO,AMGN,META,CHTR",4,0.6,0.75,0.4,0.0,0.14283340930246938,fallback_momentum_proxy,causal_ohlcv_reconstruction_not_exact_replay
2015-01-01,2023-10-31,2023-11-01,2023-11-08,0.028030302242671952,"MSTR,CCJ,NVO,AMGN",4,0.6,0.75,0.4,0.3,0.1425980361955463,fallback_momentum_proxy,causal_ohlcv_reconstruction_not_exact_replay
2015-01-01,2023-11-07,2023-11-08,2023-11-15,0.012045607693580795,"MSTR,CCJ,NVO,AMGN",4,0.6,0.75,0.4,0.0,0.12724206123044882,fallback_momentum_proxy,causal_ohlcv_reconstruction_not_exact_replay
2015-01-01,2023-11-14,2023-11-15,2023-11-22,0.014061151716872371,"MSTR,CCJ,NVO,AMGN",4,0.6,0.75,0.4,0.0,0.1289328151889339,fallback_momentum_proxy,causal_ohlcv_reconstruction_not_exact_replay
2015-01-01,2023-11-21,2023-11-22,2023-11-30,0.00201078228489549,"MSTR,INTC,NVO,CCJ",4,0.6,0.75,0.4,0.15,0.12293690382951367,fallback_momentum_proxy,causal_ohlcv_reconstruction_not_exact_replay
2015-01-01,2023-11-29,2023-11-30,2023-12-07,0.004952403692668994,"YPF,MSTR,NVO,INTC",4,0.6,0.75,0.4,0.15,0.12010285535263716,fallback_momentum_proxy,causal_ohlcv_reconstruction_not_exact_replay
2015-01-01,2023-12-06,2023-12-07,2023-12-14,0.029600289269784773,"MSTR,YPF,INTC",3,0.6,0.75,0.4,0.14999999999999997,0.12014457286322637,fallback_momentum_proxy,causal_ohlcv_reconstruction_not_exact_replay
2015-01-01,2023-12-13,2023-12-14,2023-12-21,0.010790953673327318,"MSTR,YPF,INTC",3,0.6,0.75,0.4,0.0,0.13003076293056148,fallback_momentum_proxy,causal_ohlcv_reconstruction_not_exact_replay
2015-01-01,2023-12-20,2023-12-21,2023-12-29,0.025324157505901668,"MSTR,YPF,INTC",3,0.6,0.75,0.4,0.0,0.1237360665633461,fallback_momentum_proxy,causal_ohlcv_reconstruction_not_exact_replay
2015-01-01,2023-12-28,2023-12-29,2024-01-08,-0.018795105273595635,"MSTR,AMD,INTC,YPF",4,0.6,0.75,0.4,0.14999999999999997,0.11982208917413946,fallback_momentum_proxy,causal_ohlcv_reconstruction_not_exact_replay
2015-01-01,2024-01-05,2024-01-08,2024-01-16,-0.026461461796708177,"MSTR,DXCM,AMD,INTC",4,0.6,0.75,0.4,0.15,0.12300796592341337,fallback_momentum_proxy,causal_ohlcv_reconstruction_not_exact_replay
2015-01-01,2024-01-12,2024-01-16,2024-01-23,0.008245780632861544,"DXCM,AMD,INTC,MSTR",4,0.6,0.75,0.4,0.0,0.13841675370950773,fallback_momentum_proxy,causal_ohlcv_reconstruction_not_exact_replay
2015-01-01,2024-01-22,2024-01-23,2024-01-30,-0.004313039923702537,"SMCI,AMD,INTC,DXCM",4,0.6,0.75,0.4,0.15,0.12062065110706245,fallback_momentum_proxy,causal_ohlcv_reconstruction_not_exact_replay
2015-01-01,2024-01-29,2024-01-30,2024-02-06,0.05060038437826595,"SMCI,AMD,INTC,DXCM",4,0.6,0.75,0.4,0.0,0.1199806260785669,fallback_momentum_proxy,causal_ohlcv_reconstruction_not_exact_replay
2015-01-01,2024-02-05,2024-02-06,2024-02-13,0.03751612141529739,"SMCI,NVDA,AMD,INTC",4,0.6,0.75,0.4,0.15,0.14320684168421274,fallback_momentum_proxy,causal_ohlcv_reconstruction_not_exact_replay
2015-01-01,2024-02-12,2024-02-13,2024-02-21,-0.019015868779141198,"SMCI,MSTR,AMD,INTC",4,0.6,0.75,0.4,0.15,0.15413088362808466,fallback_momentum_proxy,causal_ohlcv_reconstruction_not_exact_replay
2015-01-01,2024-02-20,2024-02-21,2024-02-28,0.12360308452266644,"SMCI,MSTR,AMD",3,0.6,0.75,0.4,0.14999999999999997,0.1651101758710839,fallback_momentum_proxy,causal_ohlcv_reconstruction_not_exact_replay
2015-01-01,2024-02-27,2024-02-28,2024-03-06,0.17293134925363757,"SMCI,MSTR,AMD",3,0.6,0.75,0.4,0.0,0.2815790134324892,fallback_momentum_proxy,causal_ohlcv_reconstruction_not_exact_replay
2015-01-01,2024-03-05,2024-03-06,2024-03-13,0.0705120017175786,"SMCI,MSTR,AMD",3,0.5310199818671564,0.5310199818671564,0.4689800181328436,0.03449000906642179,0.4142970274422493,fallback_momentum_proxy,causal_ohlcv_reconstruction_not_exact_replay
2015-01-01,2024-03-12,2024-03-13,2024-03-20,-0.0778767431404675,"SMCI,MSTR,AMD",3,0.5225348466853387,0.5225348466853387,0.47746515331466133,0.004242567590908852,0.42102455251655235,fallback_momentum_proxy,causal_ohlcv_reconstruction_not_exact_replay
2015-01-01,2024-03-19,2024-03-20,2024-03-27,0.05863868161134097,"MSTR,SMCI,AMD",3,0.46094644881837443,0.46094644881837443,0.5390535511816256,0.03079419893348212,0.47727886951719645,fallback_momentum_proxy,causal_ohlcv_reconstruction_not_exact_replay
2015-01-01,2024-03-26,2024-03-27,2024-04-04,-0.045547768623852666,"SMCI,MSTR,AMD",3,0.4574602863833345,0.4574602863833345,0.5425397136166654,0.001743081217519954,0.48091606320477026,fallback_momentum_proxy,causal_ohlcv_reconstruction_not_exact_replay
2015-01-01,2024-04-03,2024-04-04,2024-04-11,-0.004857191125861141,"SMCI,MSTR,AMD",3,0.44379940090726155,0.44379940090726155,0.5562005990927384,0.006830442738036471,0.4957194614284129,fallback_momentum_proxy,causal_ohlcv_reconstruction_not_exact_replay
2015-01-01,2024-04-10,2024-04-11,2024-04-18,-0.04837629805508932,"MSTR,SMCI,AMD",3,0.4517212210929688,0.4517212210929688,0.5482787789070311,0.003960910092853626,0.48702604555016415,fallback_momentum_proxy,causal_ohlcv_reconstruction_not_exact_replay
2015-01-01,2024-04-17,2024-04-18,2024-04-25,-0.026967273604672264,"MSTR,SMCI",2,0.4306020264783013,0.4306020264783013,0.5693979735216987,0.14001414305698917,0.5109125978790212,fallback_momentum_proxy,causal_ohlcv_reconstruction_not_exact_replay
2015-01-01,2024-04-24,2024-04-25,2024-05-02,-0.0235823646922305,"MSTR,FANG,SMCI",3,0.4241358103040266,0.4241358103040266,0.5758641896959734,0.1446117115218129,0.5187017805506705,fallback_momentum_proxy,causal_ohlcv_reconstruction_not_exact_replay
2015-01-01,2024-05-01,2024-05-02,2024-05-09,0.033623658673124675,"MSTR,YPF,FANG",3,0.42030490281345184,0.42030490281345184,0.5796950971865482,0.142017088016438,0.523429535385755,fallback_momentum_proxy,causal_ohlcv_reconstruction_not_exact_replay
2015-01-01,2024-05-08,2024-05-09,2024-05-16,0.010357126325774874,"MSTR,YPF,FANG",3,0.42076237279144774,0.42076237279144774,0.5792376272085522,0.00022873498899797506,0.5228604414897235,fallback_momentum_proxy,causal_ohlcv_reconstruction_not_exact_replay
2015-01-01,2024-05-15,2024-05-16,2024-05-23,-0.010146204086632006,"MSTR,TCEHY,YPF,FANG",4,0.4254045943681375,0.4254045943681375,0.5745954056318625,0.10403003780368951,0.5171547343694552,fallback_momentum_proxy,causal_ohlcv_reconstruction_not_exact_replay
2015-01-01,2024-05-22,2024-05-23,2024-05-31,0.0032622039154007144,"MSTR,MU,YPF,TCEHY",4,0.4704847002924281,0.4704847002924281,0.5295152997075718,0.12889120155417969,0.4676028781876643,fallback_momentum_proxy,causal_ohlcv_reconstruction_not_exact_replay
2015-01-01,2024-05-30,2024-05-31,2024-06-07,0.004353290479064725,"MSTR,NVDA,TCEHY,YPF",4,0.6,0.6204847002924281,0.4,0.18237882492689295,0.30337218837259194,fallback_momentum_proxy,causal_ohlcv_reconstruction_not_exact_replay
2015-01-01,2024-06-06,2024-06-07,2024-06-14,0.02257352779301794,"NVDA,MU,YPF,MSTR",4,0.6,0.75,0.4,0.15,0.2570571776259659,fallback_momentum_proxy,causal_ohlcv_reconstruction_not_exact_replay
2015-01-01,2024-06-13,2024-06-14,2024-06-24,-0.03132165165101172,"NVDA,MU,MSTR,YPF",4,0.6,0.75,0.4,0.0,0.21813803544304305,fallback_momentum_proxy,causal_ohlcv_reconstruction_not_exact_replay
2015-01-01,2024-06-21,2024-06-24,2024-07-01,0.005809072463473177,"NVDA,AVGO,MU",3,0.6,0.75,0.4,0.3,0.17966674250349118,fallback_momentum_proxy,causal_ohlcv_reconstruction_not_exact_replay
2015-01-01,2024-06-28,2024-07-01,2024-07-09,0.014621565615862826,"NVDA,PANW,MU,AVGO",4,0.6,0.75,0.4,0.14999999999999997,0.16373725514396237,fallback_momentum_proxy,causal_ohlcv_reconstruction_not_exact_replay
2015-01-01,2024-07-08,2024-07-09,2024-07-16,-0.011414779016517478,"TSLA,NVDA,AVGO,PANW",4,0.6,0.75,0.4,0.15,0.16856842347466328,fallback_momentum_proxy,causal_ohlcv_reconstruction_not_exact_replay
2015-01-01,2024-07-15,2024-07-16,2024-07-23,-0.014822707100469124,"TSLA,SIRI,NVDA,PANW",4,0.6,0.75,0.4,0.15,0.13988522036103831,fallback_momentum_proxy,causal_ohlcv_reconstruction_not_exact_replay
2015-01-01,2024-07-22,2024-07-23,2024-07-30,-0.055864977836190655,"TSLA,MSTR,NVDA,PANW",4,0.6,0.75,0.4,0.15,0.1318818430146029,fallback_momentum_proxy,causal_ohlcv_reconstruction_not_exact_replay
2015-01-01,2024-07-29,2024-07-30,2024-08-06,-0.04631474553754281,"MSTR,CHTR,TSLA,NVDA",4,0.6,0.75,0.4,0.15,0.16795152137475933,fallback_momentum_proxy,causal_ohlcv_reconstruction_not_exact_replay
2015-01-01,2024-08-05,2024-08-06,2024-08-13,-0.0026937620713116004,"CHTR,GILD,MSTR",3,0.6,0.75,0.4,0.3,0.16918576488136963,fallback_momentum_proxy,causal_ohlcv_reconstruction_not_exact_replay
2015-01-01,2024-08-12,2024-08-13,2024-08-20,0.008043297043599584,"CHTR,FTNT,GILD",3,0.6,0.75,0.4,0.19999999999999998,0.16462804556265578,fallback_momentum_proxy,causal_ohlcv_reconstruction_not_exact_replay
2015-01-01,2024-08-19,2024-08-20,2024-08-27,0.00973906188752549,"ILMN,NVDA,CHTR,GILD",4,0.6,0.75,0.4,0.3,0.16858031926832157,fallback_momentum_proxy,causal_ohlcv_reconstruction_not_exact_replay
2015-01-01,2024-08-26,2024-08-27,2024-09-04,-0.04569928733963877,"FTNT,SBUX,CHTR,NVDA",4,0.6,0.75,0.4,0.3,0.17103941250263358,fallback_momentum_proxy,causal_ohlcv_reconstruction_not_exact_replay
2015-01-01,2024-09-03,2024-09-04,2024-09-11,0.005450385783833044,"FTNT,WDAY,CHTR,SBUX",4,0.6,0.75,0.4,0.15,0.18384905983372538,fallback_momentum_proxy,causal_ohlcv_reconstruction_not_exact_replay
2015-01-01,2024-09-10,2024-09-11,2024-09-18,-0.004289042142688476,"WDAY,GILD,SBUX,FTNT",4,0.6,0.75,0.4,0.15,0.1726065984156851,fallback_momentum_proxy,causal_ohlcv_reconstruction_not_exact_replay
2015-01-01,2024-09-17,2024-09-18,2024-09-25,0.0020612857994160953,"MELI,FTNT,WDAY,SBUX",4,0.6,0.75,0.4,0.15,0.16902271457683102,fallback_momentum_proxy,causal_ohlcv_reconstruction_not_exact_replay
2015-01-01,2024-09-24,2024-09-25,2024-10-02,0.023974703128537795,"BABA,TSLA,WDAY,SBUX",4,0.6,0.75,0.4,0.3,0.16752249248959533,fallback_momentum_proxy,causal_ohlcv_reconstruction_not_exact_replay
2015-01-01,2024-10-01,2024-10-02,2024-10-09,0.010021582632074005,"BABA,MSTR,TSLA,WDAY",4,0.6,0.75,0.4,0.15,0.174786195318624,fallback_momentum_proxy,causal_ohlcv_reconstruction_not_exact_replay
2015-01-01,2024-10-08,2024-10-09,2024-10-16,-0.021481042554610474,"BABA,MSTR,TSLA",3,0.6,0.75,0.4,0.14999999999999997,0.17971042980848548,fallback_momentum_proxy,causal_ohlcv_reconstruction_not_exact_replay
2015-01-01,2024-10-15,2024-10-16,2024-10-23,0.00803980385099272,"FTNT,BABA,MSTR",3,0.6,0.75,0.4,0.19999999999999998,0.1810978471034489,fallback_momentum_proxy,causal_ohlcv_reconstruction_not_exact_replay
2015-01-01,2024-10-22,2024-10-23,2024-10-30,0.028557171451751826,"MSTR,FTNT,BABA",3,0.6,0.75,0.4,0.0,0.15323287639463698,fallback_momentum_proxy,causal_ohlcv_reconstruction_not_exact_replay
2015-01-01,2024-10-29,2024-10-30,2024-11-06,0.021617051107010638,"MSTR,MRVL,FTNT,BABA",4,0.6,0.75,0.4,0.14999999999999997,0.13626650810283147,fallback_momentum_proxy,causal_ohlcv_reconstruction_not_exact_replay
2015-01-01,2024-11-05,2024-11-06,2024-11-13,0.06434821964083001,"MSTR,MRVL,FTNT,BABA",4,0.6,0.75,0.4,0.0,0.14130541151801643,fallback_momentum_proxy,causal_ohlcv_reconstruction_not_exact_replay
2015-01-01,2024-11-12,2024-11-13,2024-11-20,0.06312384152092512,"MSTR,TSLA,MRVL,FTNT",4,0.6,0.75,0.4,0.15,0.18604589052527698,fallback_momentum_proxy,causal_ohlcv_reconstruction_not_exact_replay
2015-01-01,2024-11-19,2024-11-20,2024-11-27,-0.027900769768138975,"MSTR,TSLA,MRVL,FTNT",4,0.6,0.75,0.4,0.0,0.21562424932869778,fallback_momentum_proxy,causal_ohlcv_reconstruction_not_exact_replay
2015-01-01,2024-11-26,2024-11-27,2024-12-05,0.049569216603783654,"MSTR,YPF,TSLA,MRVL",4,0.6,0.75,0.4,0.15,0.19672599246335723,fallback_momentum_proxy,causal_ohlcv_reconstruction_not_exact_replay
2015-01-01,2024-12-04,2024-12-05,2024-12-12,0.037663779675822254,"MSTR,YPF,TSLA,MRVL",4,0.6,0.75,0.4,0.0,0.20733520157313284,fallback_momentum_proxy,causal_ohlcv_reconstruction_not_exact_replay
2015-01-01,2024-12-11,2024-12-12,2024-12-19,-0.027186078827562136,"MSTR,YPF,TSLA,MRVL",4,0.6,0.75,0.4,0.0,0.20451235411561808,fallback_momentum_proxy,causal_ohlcv_reconstruction_not_exact_replay
2015-01-01,2024-12-18,2024-12-19,2024-12-27,0.010693853444171592,"MSTR,YPF,TSLA,MRVL",4,0.6,0.75,0.4,0.0,0.22401815348315054,fallback_momentum_proxy,causal_ohlcv_reconstruction_not_exact_replay
2015-01-01,2024-12-26,2024-12-27,2025-01-06,0.030604810803522273,"MSTR,YPF,TSLA,MRVL",4,0.6,0.75,0.4,0.0,0.2243539214289426,fallback_momentum_proxy,causal_ohlcv_reconstruction_not_exact_replay
2015-01-01,2025-01-03,2025-01-06,2025-01-14,-0.024731031453059722,"YPF,TSLA,MRVL,MSTR",4,0.6,0.75,0.4,0.0,0.22489660004889397,fallback_momentum_proxy,causal_ohlcv_reconstruction_not_exact_replay
2015-01-01,2025-01-13,2025-01-14,2025-01-22,0.028934280774904682,"TSLA,YPF,MRVL,MSTR",4,0.6,0.75,0.4,0.0,0.2275594415588459,fallback_momentum_proxy,causal_ohlcv_reconstruction_not_exact_replay
2015-01-01,2025-01-21,2025-01-22,2025-01-29,-0.0563313127418021,"TSLA,MSTR,MRVL,YPF",4,0.6,0.75,0.4,0.0,0.22679545795355083,fallback_momentum_proxy,causal_ohlcv_reconstruction_not_exact_replay
2015-01-01,2025-01-28,2025-01-29,2025-02-05,0.0019691834340113067,"YPF,TSLA,MRVL,MSTR",4,0.6,0.75,0.4,0.0,0.27331737758224445,fallback_momentum_proxy,causal_ohlcv_reconstruction_not_exact_replay
2015-01-01,2025-02-04,2025-02-05,2025-02-12,-0.04409243706642217,"MSTR,TSLA,MRVL,YPF",4,0.6,0.75,0.4,0.0,0.2738118274244557,fallback_momentum_proxy,causal_ohlcv_reconstruction_not_exact_replay
2015-01-01,2025-02-11,2025-02-12,2025-02-20,0.10990878101032706,"SMCI,BABA,MRVL,YPF",4,0.6,0.75,0.4,0.3,0.27021323632794436,fallback_momentum_proxy,causal_ohlcv_reconstruction_not_exact_replay
2015-01-01,2025-02-19,2025-02-20,2025-02-27,-0.09296217644977904,"SMCI,BABA,MRVL",3,0.6,0.6761245541548612,0.4,0.14999999999999997,0.3253838344548728,fallback_momentum_proxy,causal_ohlcv_reconstruction_not_exact_replay
2015-01-01,2025-02-26,2025-02-27,2025-03-06,-0.032760935660364324,"SMCI,BABA",2,0.5825733222968433,0.5825733222968433,0.41742667770315667,0.1912866611484217,0.3776348685735074,fallback_momentum_proxy,causal_ohlcv_reconstruction_not_exact_replay
2015-01-01,2025-03-05,2025-03-06,2025-03-13,0.001038506572032357,"BABA,TCEHY,SMCI",3,0.5974527784032517,0.5974527784032517,0.4025472215967483,0.19171119808121306,0.3682299387542736,fallback_momentum_proxy,causal_ohlcv_reconstruction_not_exact_replay
2015-01-01,2025-03-12,2025-03-13,2025-03-20,-0.0025221751558897943,"BABA,TCEHY,SMCI",3,0.6,0.616305438059659,0.4,0.0012736107983741252,0.3569658588323275,fallback_momentum_proxy,causal_ohlcv_reconstruction_not_exact_replay
2015-01-01,2025-03-19,2025-03-20,2025-03-27,-0.0232155830496666,"BABA,TCEHY,SMCI",3,0.6,0.6204682808705596,0.4,0.0,0.3545709052061854,fallback_momentum_proxy,causal_ohlcv_reconstruction_not_exact_replay
2015-01-01,2025-03-26,2025-03-27,2025-04-03,-0.023359766289461147,"BABA,EC,TCEHY",3,0.6,0.621199299916508,0.4,0.19999999999999998,0.35415365089685225,fallback_momentum_proxy,causal_ohlcv_reconstruction_not_exact_replay
2015-01-01,2025-04-02,2025-04-03,2025-04-10,-0.09205807075548561,"BABA,EC,TCEHY",3,0.6,0.638770500475626,0.4,0.0,0.3444116468061516,fallback_momentum_proxy,causal_ohlcv_reconstruction_not_exact_replay
2015-01-01,2025-04-09,2025-04-10,2025-04-17,0.029233669610083054,"EXC,MNST,EC,TCEHY",4,0.5810294760256922,0.5810294760256922,0.4189705239743078,0.3,0.3786382775359781,fallback_momentum_proxy,causal_ohlcv_reconstruction_not_exact_replay
2015-01-01,2025-04-16,2025-04-17,2025-04-25,0.0036832902446383414,"MDLZ,EXC,MNST,TCEHY",4,0.5807780039717056,0.5807780039717056,0.41922199602829435,0.1453202370199197,0.3788022247666218,fallback_momentum_proxy,causal_ohlcv_reconstruction_not_exact_replay
2015-01-01,2025-04-24,2025-04-25,2025-05-02,0.0016966508877936702,"EA,SMCI,MDLZ,MNST",4,0.5916680187403465,0.5916680187403465,0.40833198125965353,0.29583400937017323,0.3718301362111428,fallback_momentum_proxy,causal_ohlcv_reconstruction_not_exact_replay
2015-01-01,2025-05-01,2025-05-02,2025-05-09,0.010525926601975915,"TTWO,MELI,SMCI,MNST",4,0.5917469049076545,0.5917469049076545,0.40825309509234553,0.29587345245382723,0.3717805672922485,fallback_momentum_proxy,causal_ohlcv_reconstruction_not_exact_replay
2015-01-01,2025-05-08,2025-05-09,2025-05-16,0.007074647974804637,"MSTR,MELI,MNST,TTWO",4,0.5971652343745685,0.5971652343745685,0.4028347656254315,0.15064589096037062,0.3684072469999254,fallback_momentum_proxy,causal_ohlcv_reconstruction_not_exact_replay
2015-01-01,2025-05-15,2025-05-16,2025-05-23,-0.01580244745343734,"MSTR,MELI,MNST,TTWO",4,0.6,0.7471652343745685,0.4,0.0014173828127157506,0.26748320781669876,fallback_momentum_proxy,causal_ohlcv_reconstruction_not_exact_replay
2015-01-01,2025-05-22,2025-05-23,2025-06-02,0.00545398263110144,"MSTR,TSLA,MNST,TTWO",4,0.6,0.75,0.4,0.15,0.2119800905482574,fallback_momentum_proxy,causal_ohlcv_reconstruction_not_exact_replay
2015-01-01,2025-05-30,2025-06-02,2025-06-09,0.002955041183637176,"CCJ,AVGO,TSLA,MNST",4,0.6,0.75,0.4,0.3,0.20893215802356238,fallback_momentum_proxy,causal_ohlcv_reconstruction_not_exact_replay
2015-01-01,2025-06-06,2025-06-09,2025-06-16,0.01788559049572681,"CCJ,MCHP,TSLA,MNST",4,0.6,0.75,0.4,0.15,0.20933342447032605,fallback_momentum_proxy,causal_ohlcv_reconstruction_not_exact_replay
2015-01-01,2025-06-13,2025-06-16,2025-06-24,0.009117478060262533,"CCJ,INTU,TSLA,MNST",4,0.6,0.75,0.4,0.15,0.21551938332441894,fallback_momentum_proxy,causal_ohlcv_reconstruction_not_exact_replay
2015-01-01,2025-06-23,2025-06-24,2025-07-01,-0.02720937213072816,"CCJ,MU,TSLA,MNST",4,0.6,0.75,0.4,0.15,0.21417009018617317,fallback_momentum_proxy,causal_ohlcv_reconstruction_not_exact_replay
2015-01-01,2025-06-30,2025-07-01,2025-07-09,-0.0045760982836599955,"CCJ,AVGO,TSLA,MNST",4,0.6,0.75,0.4,0.15,0.21583755078394498,fallback_momentum_proxy,causal_ohlcv_reconstruction_not_exact_replay
2015-01-01,2025-07-08,2025-07-09,2025-07-16,0.01998325982410498,"CCJ,MCHP,TSLA,MNST",4,0.6,0.75,0.4,0.15,0.10093006871955379,fallback_momentum_proxy,causal_ohlcv_reconstruction_not_exact_replay
2015-01-01,2025-07-15,2025-07-16,2025-07-23,0.0011417418078355727,"MCHP,AMD,TSLA,CCJ",4,0.6,0.75,0.4,0.15,0.09192716038692936,fallback_momentum_proxy,causal_ohlcv_reconstruction_not_exact_replay
2015-01-01,2025-07-22,2025-07-23,2025-07-30,0.011056719168783745,"CCJ,AMD,TSLA,MCHP",4,0.6,0.75,0.4,0.0,0.09193282085636108,fallback_momentum_proxy,causal_ohlcv_reconstruction_not_exact_replay
2015-01-01,2025-07-29,2025-07-30,2025-08-06,-0.049994691988764474,"AMD,SMCI,TSLA,CCJ",4,0.6,0.75,0.4,0.15,0.09352186741231568,fallback_momentum_proxy,causal_ohlcv_reconstruction_not_exact_replay
2015-01-01,2025-08-05,2025-08-06,2025-08-13,0.02454621487440009,"SMCI,AMD,TSLA,CCJ",4,0.6,0.75,0.4,0.0,0.1393497634251814,fallback_momentum_proxy,causal_ohlcv_reconstruction_not_exact_replay
2015-01-01,2025-08-12,2025-08-13,2025-08-20,-0.0435376663149144,"AMD,CCJ,TSLA",3,0.6,0.75,0.4,0.14999999999999997,0.14829458391943762,fallback_momentum_proxy,causal_ohlcv_reconstruction_not_exact_replay
2015-01-01,2025-08-19,2025-08-20,2025-08-27,0.01630344641870276,"AMD,IDXX,CCJ",3,0.6,0.75,0.4,0.19999999999999998,0.16951793178465543,fallback_momentum_proxy,causal_ohlcv_reconstruction_not_exact_replay
2015-01-01,2025-08-26,2025-08-27,2025-09-04,-0.004287337805796709,"AMD,INTC,CCJ,IDXX",4,0.6,0.75,0.4,0.14999999999999997,0.17313782317352883,fallback_momentum_proxy,causal_ohlcv_reconstruction_not_exact_replay
2015-01-01,2025-09-03,2025-09-04,2025-09-11,0.0050495914250724035,"GOOGL,GOOG,AMD,INTC",4,0.6,0.75,0.4,0.3,0.1728663829618381,fallback_momentum_proxy,causal_ohlcv_reconstruction_not_exact_replay
2015-01-01,2025-09-10,2025-09-11,2025-09-18,0.010683573129921981,"AVGO,GOOGL,GOOG,AMD",4,0.6,0.75,0.4,0.15,0.16814707582672533,fallback_momentum_proxy,causal_ohlcv_reconstruction_not_exact_replay
2015-01-01,2025-09-17,2025-09-18,2025-09-25,0.02041325794068964,"WBD,BABA,GOOG,AMD",4,0.6,0.75,0.4,0.3,0.16868579200882824,fallback_momentum_proxy,causal_ohlcv_reconstruction_not_exact_replay
2015-01-01,2025-09-24,2025-09-25,2025-10-02,0.01554526972162374,"WBD,BABA,GOOG,AMD",4,0.6,0.75,0.4,0.0,0.16624718384708687,fallback_momentum_proxy,causal_ohlcv_reconstruction_not_exact_replay
2015-01-01,2025-10-01,2025-10-02,2025-10-09,0.028603030490681015,"WBD,BABA,GOOG,AMD",4,0.6,0.75,0.4,0.0,0.16837397944722715,fallback_momentum_proxy,causal_ohlcv_reconstruction_not_exact_replay
2015-01-01,2025-10-08,2025-10-09,2025-10-16,0.015397305209294354,"INTC,MU,GOOG,WBD",4,0.6,0.75,0.4,0.3,0.17311930519758675,fallback_momentum_proxy,causal_ohlcv_reconstruction_not_exact_replay
2015-01-01,2025-10-15,2025-10-16,2025-10-23,0.03384770511163383,"INTC,MU,GOOG,WBD",4,0.6,0.75,0.4,0.0,0.17479375897771296,fallback_momentum_proxy,causal_ohlcv_reconstruction_not_exact_replay
2015-01-01,2025-10-22,2025-10-23,2025-10-30,0.03968074614870308,"INTC,MU,GOOG,WBD",4,0.6,0.75,0.4,0.0,0.18433861314355512,fallback_momentum_proxy,causal_ohlcv_reconstruction_not_exact_replay
2015-01-01,2025-10-29,2025-10-30,2025-11-06,0.006063351002182037,"MU,INTC,GOOG,WBD",4,0.6,0.75,0.4,0.0,0.14956212811018496,fallback_momentum_proxy,causal_ohlcv_reconstruction_not_exact_replay
2015-01-01,2025-11-05,2025-11-06,2025-11-13,-0.011368818994831286,"WBD,MU,GOOG,INTC",4,0.6,0.75,0.4,0.0,0.1481878610696593,fallback_momentum_proxy,causal_ohlcv_reconstruction_not_exact_replay
2015-01-01,2025-11-12,2025-11-13,2025-11-20,-0.021239553116696862,"MU,WBD,GOOG,INTC",4,0.6,0.75,0.4,0.0,0.10291764689873176,fallback_momentum_proxy,causal_ohlcv_reconstruction_not_exact_replay
2015-01-01,2025-11-19,2025-11-20,2025-11-28,0.08005044269738641,"WBD,MU,GOOG,INTC",4,0.6,0.75,0.4,0.0,0.1251254016387849,fallback_momentum_proxy,causal_ohlcv_reconstruction_not_exact_replay
2015-01-01,2025-11-26,2025-11-28,2025-12-05,0.017535963412649826,"WBD,MU,GOOG,INTC",4,0.6,0.75,0.4,0.0,0.17985325303439217,fallback_momentum_proxy,causal_ohlcv_reconstruction_not_exact_replay
2015-01-01,2025-12-04,2025-12-05,2025-12-12,-0.0008230128171621744,"WBD,AMAT,GOOG,INTC",4,0.6,0.75,0.4,0.15,0.177494829919428,fallback_momentum_proxy,causal_ohlcv_reconstruction_not_exact_replay
2015-01-01,2025-12-11,2025-12-12,2025-12-19,-0.001190912869010536,"WBD,MU,AMAT,INTC",4,0.6,0.75,0.4,0.15,0.1814376597554876,fallback_momentum_proxy,causal_ohlcv_reconstruction_not_exact_replay
2015-01-01,2025-12-18,2025-12-19,2025-12-29,0.02493872876422757,"MU,WBD,AMAT,INTC",4,0.6,0.75,0.4,0.0,0.1855855677703964,fallback_momentum_proxy,causal_ohlcv_reconstruction_not_exact_replay
2015-01-01,2025-12-26,2025-12-29,2026-01-06,0.056169081407769925,"MU,WBD,AMAT",3,0.6,0.75,0.4,0.14999999999999997,0.18624432956194226,fallback_momentum_proxy,causal_ohlcv_reconstruction_not_exact_replay
2015-01-01,2026-01-05,2026-01-06,2026-01-13,0.005639500618356896,"MU,WBD,AMAT",3,0.6,0.75,0.4,0.0,0.2008188384813866,fallback_momentum_proxy,causal_ohlcv_reconstruction_not_exact_replay
2015-01-01,2026-01-12,2026-01-13,2026-01-21,0.04072537460994559,"MU,LRCX,AMAT,WBD",4,0.6,0.75,0.4,0.14999999999999997,0.20270432120898815,fallback_momentum_proxy,causal_ohlcv_reconstruction_not_exact_replay
2015-01-01,2026-01-20,2026-01-21,2026-01-28,0.02756427882528423,"MU,LRCX,AMAT,WBD",4,0.6,0.75,0.4,0.0,0.20531800490815752,fallback_momentum_proxy,causal_ohlcv_reconstruction_not_exact_replay
2015-01-01,2026-01-27,2026-01-28,2026-02-04,-0.06044589966813426,"MU,LRCX,AMAT,WBD",4,0.6,0.75,0.4,0.0,0.20159007175148777,fallback_momentum_proxy,causal_ohlcv_reconstruction_not_exact_replay
2015-01-01,2026-02-03,2026-02-04,2026-02-11,0.0547447207641317,"MU,VALE,AMAT,LRCX",4,0.6,0.75,0.4,0.15,0.2558855607264848,fallback_momentum_proxy,causal_ohlcv_reconstruction_not_exact_replay
2015-01-01,2026-02-10,2026-02-11,2026-02-19,0.006384995717696834,"MU,VALE,AMAT,LRCX",4,0.6,0.75,0.4,0.0,0.2623028840600793,fallback_momentum_proxy,causal_ohlcv_reconstruction_not_exact_replay
2015-01-01,2026-02-18,2026-02-19,2026-02-26,0.014080429846089537,"MU,AMAT,LRCX,VALE",4,0.6,0.75,0.4,0.0,0.249572874275193,fallback_momentum_proxy,causal_ohlcv_reconstruction_not_exact_replay
2015-01-01,2026-02-25,2026-02-26,2026-03-05,-0.04985446808761128,"MU,AMAT,LRCX,VALE",4,0.6,0.75,0.4,0.0,0.21395962384388278,fallback_momentum_proxy,causal_ohlcv_reconstruction_not_exact_replay
2015-01-01,2026-03-04,2026-03-05,2026-03-12,-0.02901959661522998,"MU,ODFL,AMAT,LRCX",4,0.6,0.75,0.4,0.15,0.2501927384629634,fallback_momentum_proxy,causal_ohlcv_reconstruction_not_exact_replay
2015-01-01,2026-03-11,2026-03-12,2026-03-19,0.034884309798753,"PBR,MU,AMAT,ODFL",4,0.6,0.75,0.4,0.15,0.26145217240054314,fallback_momentum_proxy,causal_ohlcv_reconstruction_not_exact_replay
2015-01-01,2026-03-18,2026-03-19,2026-03-26,-0.02906842277765343,"MU,PBR,AMAT,ODFL",4,0.6,0.75,0.4,0.0,0.26611354004650495,fallback_momentum_proxy,causal_ohlcv_reconstruction_not_exact_replay
2015-01-01,2026-03-25,2026-03-26,2026-04-02,0.01757573279186615,"PBR,EC,AMAT,ODFL",4,0.6,0.75,0.4,0.15,0.2750216541395452,fallback_momentum_proxy,causal_ohlcv_reconstruction_not_exact_replay
2015-01-01,2026-04-01,2026-04-02,2026-04-10,0.026429750673148723,"PBR,EC,AMAT,ODFL",4,0.6,0.75,0.4,0.0,0.2544946567651925,fallback_momentum_proxy,causal_ohlcv_reconstruction_not_exact_replay
2015-01-01,2026-04-09,2026-04-10,2026-04-17,0.011500226964470218,"PBR,MRVL,AMAT,ODFL",4,0.6,0.75,0.4,0.15,0.2588473116359646,fallback_momentum_proxy,causal_ohlcv_reconstruction_not_exact_replay
2015-01-01,2026-04-16,2026-04-17,2026-04-24,0.06630643755234937,"MRVL,INTC,AMAT,ODFL",4,0.6,0.75,0.4,0.15,0.24742541900537923,fallback_momentum_proxy,causal_ohlcv_reconstruction_not_exact_replay
2015-01-01,2026-04-23,2026-04-24,2026-05-01,0.029019445246574134,"MRVL,ON,INTC,ODFL",4,0.6,0.75,0.4,0.15,0.27521509670851896,fallback_momentum_proxy,causal_ohlcv_reconstruction_not_exact_replay
2015-01-01,2026-04-30,2026-05-01,2026-05-08,0.037601153468288975,"INTC,MRVL,ODFL,ON",4,0.6,0.75,0.4,0.0,0.23783467875961412,fallback_momentum_proxy,causal_ohlcv_reconstruction_not_exact_replay
2015-01-01,2026-05-07,2026-05-08,2026-05-15,-0.009273365719506675,"INTC,AMD,MRVL,ON",4,0.6,0.75,0.4,0.15,0.22692091227976732,fallback_momentum_proxy,causal_ohlcv_reconstruction_not_exact_replay
2015-01-01,2026-05-14,2026-05-15,2026-05-22,0.051202448484998504,"INTC,AMD,MRVL,ON",4,0.6,0.75,0.4,0.0,0.23051406795561055,fallback_momentum_proxy,causal_ohlcv_reconstruction_not_exact_replay
2015-01-01,2026-05-21,2026-05-22,2026-06-01,0.02426133266869592,"INTC,MRVL,AMD,ON",4,0.6,0.75,0.4,0.0,0.24478263176284526,fallback_momentum_proxy,causal_ohlcv_reconstruction_not_exact_replay
2015-01-01,2026-05-29,2026-06-01,2026-06-08,0.030432781276635016,"MU,AMD,INTC,MRVL",4,0.6,0.75,0.4,0.15,0.2032117818485492,fallback_momentum_proxy,causal_ohlcv_reconstruction_not_exact_replay
2015-01-01,2026-06-05,2026-06-08,2026-06-15,0.07366324331844742,"MRVL,AMD,INTC,MU",4,0.6,0.75,0.4,0.0,0.1744880397162891,fallback_momentum_proxy,causal_ohlcv_reconstruction_not_exact_replay
2020-01-01,2020-12-31,2021-01-04,2021-01-11,0.15269420635233014,"KEEL,JMIA",2,0.6,0.6,0.4,0.3,,fallback_momentum_proxy,causal_ohlcv_reconstruction_not_exact_replay
2020-01-01,2021-01-08,2021-01-11,2021-01-19,0.12390222364276825,"KEEL,MSTR,JMIA",3,0.6,0.6,0.4,0.2,,fallback_momentum_proxy,causal_ohlcv_reconstruction_not_exact_replay
2020-01-01,2021-01-15,2021-01-19,2021-01-26,-0.03180478018220512,"KEEL,MSTR,JMIA",3,0.6,0.6,0.4,0.0,,fallback_momentum_proxy,causal_ohlcv_reconstruction_not_exact_replay
2020-01-01,2021-01-25,2021-01-26,2021-02-02,0.1356202617309229,"KEEL,MSTR,JMIA",3,0.6,0.6,0.4,0.0,,fallback_momentum_proxy,causal_ohlcv_reconstruction_not_exact_replay
2020-01-01,2021-02-01,2021-02-02,2021-02-09,0.1785381573062907,"KEEL,MSTR,JMIA",3,0.44999999999999996,0.44999999999999996,0.55,0.07499999999999998,0.5334921569304863,fallback_momentum_proxy,causal_ohlcv_reconstruction_not_exact_replay
2020-01-01,2021-02-08,2021-02-09,2021-02-17,-0.007961071952450395,"KEEL,MSTR,JMIA",3,0.41165730573883846,0.41165730573883846,0.5883426942611616,0.019171347130580774,0.5344251078093857,fallback_momentum_proxy,causal_ohlcv_reconstruction_not_exact_replay
2020-01-01,2021-02-16,2021-02-17,2021-02-24,-0.01705945644651335,"KEEL,MSTR,JMIA",3,0.4,0.4,0.6,0.005828652869419221,0.5844463128550961,fallback_momentum_proxy,causal_ohlcv_reconstruction_not_exact_replay
2020-01-01,2021-02-23,2021-02-24,2021-03-03,-0.03586123540535036,"KEEL,MSTR,JMIA",3,0.4,0.4,0.6,0.0,0.6068606681694838,fallback_momentum_proxy,causal_ohlcv_reconstruction_not_exact_replay
2020-01-01,2021-03-02,2021-03-03,2021-03-10,-0.004186211208983407,"KEEL,MSTR,JMIA",3,0.4,0.4,0.6,0.0,0.6275056841067692,fallback_momentum_proxy,causal_ohlcv_reconstruction_not_exact_replay
2020-01-01,2021-03-09,2021-03-10,2021-03-17,0.03868362249566993,"KEEL,WBD,JMIA,MSTR",4,0.4,0.4,0.6,0.09999999999999999,0.6104801184776729,fallback_momentum_proxy,causal_ohlcv_reconstruction_not_exact_replay
2020-01-01,2021-03-16,2021-03-17,2021-03-24,-0.06757536518326027,"KEEL,WBD,JMIA,MSTR",4,0.4,0.4,0.6,0.0,0.5802106592512772,fallback_momentum_proxy,causal_ohlcv_reconstruction_not_exact_replay
2020-01-01,2021-03-23,2021-03-24,2021-03-31,-0.03326608621455276,"KEEL,WBD,MSTR",3,0.4,0.4,0.6,0.09999999999999999,0.6072772905277589,fallback_momentum_proxy,causal_ohlcv_reconstruction_not_exact_replay
2020-01-01,2021-03-30,2021-03-31,2021-04-08,0.0015839298995114744,"KEEL,MSTR,WBD",3,0.4,0.4,0.6,0.0,0.6005988554312441,fallback_momentum_proxy,causal_ohlcv_reconstruction_not_exact_replay
2020-01-01,2021-04-07,2021-04-08,2021-04-15,-0.022195942470685924,"KEEL,AMAT,WBD,MSTR",4,0.402626286755464,0.402626286755464,0.597373713244536,0.09934342831113399,0.5464124108061963,fallback_momentum_proxy,causal_ohlcv_reconstruction_not_exact_replay
2020-01-01,2021-04-14,2021-04-15,2021-04-22,-0.02528146060612268,"CDW,FTNT,AMAT,MSTR",4,0.43474664136661967,0.43474664136661967,0.5652533586333803,0.21737332068330983,0.5060418622405759,fallback_momentum_proxy,causal_ohlcv_reconstruction_not_exact_replay
2020-01-01,2021-04-21,2021-04-22,2021-04-29,0.011279659497271112,"CDW,FTNT,AMAT,MSTR",4,0.436680259759547,0.436680259759547,0.5633197402404531,0.0009668091964636638,0.5038011109573409,fallback_momentum_proxy,causal_ohlcv_reconstruction_not_exact_replay
2020-01-01,2021-04-28,2021-04-29,2021-05-06,-0.009425228921840608,"KEEL,FANG,AMAT,MSTR",4,0.5160466701943184,0.5160466701943184,0.4839533298056816,0.2580233350971592,0.4263180303385323,fallback_momentum_proxy,causal_ohlcv_reconstruction_not_exact_replay
2020-01-01,2021-05-05,2021-05-06,2021-05-13,-0.03027930094133554,"KEEL,FTNT,AMAT,FANG",4,0.6,0.6660466701943184,0.4,0.1709883324514204,0.183062660115589,fallback_momentum_proxy,causal_ohlcv_reconstruction_not_exact_replay
2020-01-01,2021-05-12,2021-05-13,2021-05-20,-0.007096034722329272,"KEEL,VALE,FTNT,FANG",4,0.6,0.75,0.4,0.15,0.18512107390572316,fallback_momentum_proxy,causal_ohlcv_reconstruction_not_exact_replay
2020-01-01,2021-05-19,2021-05-20,2021-05-27,0.010042963490809725,"CCJ,ODFL,VALE,FTNT",4,0.6,0.75,0.4,0.3,0.1859678504568381,fallback_momentum_proxy,causal_ohlcv_reconstruction_not_exact_replay
2020-01-01,2021-05-26,2021-05-27,2021-06-04,0.053449771597109424,"VIST,PBR,ODFL,CCJ",4,0.6,0.75,0.4,0.3,0.1864803850462924,fallback_momentum_proxy,causal_ohlcv_reconstruction_not_exact_replay
2020-01-01,2021-06-03,2021-06-04,2021-06-11,-0.016476166457361816,"VIST,PBR,ODFL,CCJ",4,0.6,0.75,0.4,0.0,0.22718222771048663,fallback_momentum_proxy,causal_ohlcv_reconstruction_not_exact_replay
2020-01-01,2021-06-10,2021-06-11,2021-06-18,-0.016716661522200863,"BIIB,SPCE,ODFL,CCJ",4,0.6,0.75,0.4,0.3,0.20497491845157884,fallback_momentum_proxy,causal_ohlcv_reconstruction_not_exact_replay
2020-01-01,2021-06-17,2021-06-18,2021-06-25,0.07567755960052971,"SPCE,BIIB,CCJ,ODFL",4,0.6,0.75,0.4,0.0,0.16574452974708298,fallback_momentum_proxy,causal_ohlcv_reconstruction_not_exact_replay
2020-01-01,2021-06-24,2021-06-25,2021-07-02,-0.023964395925790857,"MRNA,NET,SPCE,CCJ",4,0.6,0.75,0.4,0.3,0.22326331884360925,fallback_momentum_proxy,causal_ohlcv_reconstruction_not_exact_replay
2020-01-01,2021-07-01,2021-07-02,2021-07-12,-0.01794909648871107,"MRNA,SPCE,NET,CCJ",4,0.6,0.75,0.4,0.0,0.22921989866033607,fallback_momentum_proxy,causal_ohlcv_reconstruction_not_exact_replay
2020-01-01,2021-07-09,2021-07-12,2021-07-19,-0.07492535044739392,"SPCE,ASTS,CCJ,NET",4,0.6,0.75,0.4,0.15,0.22759499514480705,fallback_momentum_proxy,causal_ohlcv_reconstruction_not_exact_replay
2020-01-01,2021-07-16,2021-07-19,2021-07-26,0.032165820089789264,"MRNA,NET,SPCE,ASTS",4,0.6,0.75,0.4,0.15,0.2694128828002692,fallback_momentum_proxy,causal_ohlcv_reconstruction_not_exact_replay
2020-01-01,2021-07-23,2021-07-26,2021-08-02,0.02962950133023955,"MRNA,VIST,NET,SPCE",4,0.6,0.75,0.4,0.15,0.27759238333057434,fallback_momentum_proxy,causal_ohlcv_reconstruction_not_exact_replay
2020-01-01,2021-07-30,2021-08-02,2021-08-09,0.07837124951317753,"MRNA,VIST,NET,SPCE",4,0.6,0.75,0.4,0.0,0.2839809869189572,fallback_momentum_proxy,causal_ohlcv_reconstruction_not_exact_replay
2020-01-01,2021-08-06,2021-08-09,2021-08-16,-0.08164273445519032,"MRNA,VIST,NET,SPCE",4,0.6,0.7029042107488824,0.4,0.0,0.31298717042199736,fallback_momentum_proxy,causal_ohlcv_reconstruction_not_exact_replay
2020-01-01,2021-08-13,2021-08-16,2021-08-23,-0.0017303222115109661,"MRNA,KEEL,NET,VIST",4,0.6,0.6073742213806417,0.4,0.15,0.3622149117555747,fallback_momentum_proxy,causal_ohlcv_reconstruction_not_exact_replay
2020-01-01,2021-08-20,2021-08-23,2021-08-30,-0.0013891232188278334,"MRNA,KEEL,NET,VIST",4,0.6,0.6075337064043831,0.4,0.0,0.3621198259139302,fallback_momentum_proxy,causal_ohlcv_reconstruction_not_exact_replay
2020-01-01,2021-08-27,2021-08-30,2021-09-07,0.03783713067664894,"MRNA,GLOB,KEEL,NET",4,0.6,0.6374943275384432,0.4,0.15,0.34510110991808507,fallback_momentum_proxy,causal_ohlcv_reconstruction_not_exact_replay
2020-01-01,2021-09-03,2021-09-07,2021-09-14,-0.006358684419747296,"MRNA,MDB,GLOB,NET",4,0.6,0.6252616706373947,0.4,0.15,0.3518526887722559,fallback_momentum_proxy,causal_ohlcv_reconstruction_not_exact_replay
2020-01-01,2021-09-13,2021-09-14,2021-09-21,-0.022371677197581433,"MRNA,CCJ,MDB,GLOB",4,0.6,0.628670744781805,0.4,0.15,0.34994470766467145,fallback_momentum_proxy,causal_ohlcv_reconstruction_not_exact_replay
2020-01-01,2021-09-20,2021-09-21,2021-09-28,-0.04995901868540118,"MRNA,TEAM,MDB,GLOB",4,0.6,0.6971709019703356,0.4,0.15,0.3155610760263212,fallback_momentum_proxy,causal_ohlcv_reconstruction_not_exact_replay
2020-01-01,2021-09-27,2021-09-28,2021-10-05,-0.027666265785737276,"MRNA,TEAM,MDB,GLOB",4,0.6,0.6735695703313369,0.4,0.0,0.3266180802849799,fallback_momentum_proxy,causal_ohlcv_reconstruction_not_exact_replay
2020-01-01,2021-10-04,2021-10-05,2021-10-12,0.00925020898222194,"VIST,TEAM,MDB,GLOB",4,0.6,0.6693879520827392,0.4,0.15,0.3286584398710646,fallback_momentum_proxy,causal_ohlcv_reconstruction_not_exact_replay
2020-01-01,2021-10-11,2021-10-12,2021-10-19,0.04666459906397538,"VIST,FANG,MDB,GLOB",4,0.6,0.7464955496292641,0.4,0.15,0.2947103972813498,fallback_momentum_proxy,causal_ohlcv_reconstruction_not_exact_replay
2020-01-01,2021-10-18,2021-10-19,2021-10-26,-0.009631234818649087,"VIST,KEEL,MDB,GLOB",4,0.6,0.7262208236840889,0.4,0.15,0.3029381598890939,fallback_momentum_proxy,causal_ohlcv_reconstruction_not_exact_replay
2020-01-01,2021-10-25,2021-10-26,2021-11-02,0.0002233522111829006,"NET,VIST,MDB,GLOB",4,0.6,0.7411392780507083,0.4,0.15,0.29684029239231297,fallback_momentum_proxy,causal_ohlcv_reconstruction_not_exact_replay
2020-01-01,2021-11-01,2021-11-02,2021-11-09,0.020169152585421853,"TSLA,NET,MDB,GLOB",4,0.6,0.75,0.4,0.15,0.24016208175175852,fallback_momentum_proxy,causal_ohlcv_reconstruction_not_exact_replay
2020-01-01,2021-11-08,2021-11-09,2021-11-16,-0.00463621665601374,"NET,TSLA,GLOB,MDB",4,0.6,0.75,0.4,0.0,0.18618436901852234,fallback_momentum_proxy,causal_ohlcv_reconstruction_not_exact_replay
2020-01-01,2021-11-15,2021-11-16,2021-11-23,-0.034361057645418594,"KEEL,NET,TSLA,GLOB",4,0.6,0.75,0.4,0.15,0.1863634224916435,fallback_momentum_proxy,causal_ohlcv_reconstruction_not_exact_replay
2020-01-01,2021-11-22,2021-11-23,2021-12-01,-0.028162237921712123,"TSLA,NVDA,NET,KEEL",4,0.6,0.75,0.4,0.15,0.19813963760311526,fallback_momentum_proxy,causal_ohlcv_reconstruction_not_exact_replay
2020-01-01,2021-11-30,2021-12-01,2021-12-08,-0.009038215601957177,"AMD,NVDA,TSLA,NET",4,0.6,0.75,0.4,0.15,0.181583806902029,fallback_momentum_proxy,causal_ohlcv_reconstruction_not_exact_replay
2020-01-01,2021-12-07,2021-12-08,2021-12-15,-0.022985367570963835,"MRVL,NVDA,TSLA,AMD",4,0.6,0.75,0.4,0.15,0.181499607283373,fallback_momentum_proxy,causal_ohlcv_reconstruction_not_exact_replay
2020-01-01,2021-12-14,2021-12-15,2021-12-22,-0.004025620794360824,"MRVL,QCOM,TSLA,AMD",4,0.6,0.75,0.4,0.15,0.18169768747939655,fallback_momentum_proxy,causal_ohlcv_reconstruction_not_exact_replay
2020-01-01,2021-12-21,2021-12-22,2021-12-30,0.011281282538125924,"MRVL,AVGO,TSLA,AMD",4,0.6,0.75,0.4,0.15,0.1586200939058556,fallback_momentum_proxy,causal_ohlcv_reconstruction_not_exact_replay
2020-01-01,2021-12-29,2021-12-30,2022-01-06,-0.013979000692393346,"MRVL,ON,TSLA,AMD",4,0.6,0.75,0.4,0.15,0.15379551271083544,fallback_momentum_proxy,causal_ohlcv_reconstruction_not_exact_replay
2020-01-01,2022-01-05,2022-01-06,2022-01-13,-0.01599497280060803,"ON,QCOM,TSLA,AMD",4,0.6,0.75,0.4,0.15,0.15333157568763586,fallback_momentum_proxy,causal_ohlcv_reconstruction_not_exact_replay
2020-01-01,2022-01-12,2022-01-13,2022-01-21,-0.07296029230091644,"ON,MU,TSLA,AMD",4,0.6,0.75,0.4,0.15,0.10756978752229984,fallback_momentum_proxy,causal_ohlcv_reconstruction_not_exact_replay
2020-01-01,2022-01-20,2022-01-21,2022-01-28,-0.011601992039489249,"PBR,BHP,TSLA,ON",4,0.6,0.75,0.4,0.3,0.16644808334252725,fallback_momentum_proxy,causal_ohlcv_reconstruction_not_exact_replay
2020-01-01,2022-01-27,2022-01-28,2022-02-04,0.021344723848466217,"PBR,VALE,BHP",3,0.6,0.75,0.4,0.3,0.16354658601102245,fallback_momentum_proxy,causal_ohlcv_reconstruction_not_exact_replay
2020-01-01,2022-02-03,2022-02-04,2022-02-11,0.029568967487318826,"PBR,VALE,BHP",3,0.6,0.75,0.4,0.0,0.1646712871635651,fallback_momentum_proxy,causal_ohlcv_reconstruction_not_exact_replay
2020-01-01,2022-02-10,2022-02-11,2022-02-18,-0.011551263356985973,"PBR,VALE,BHP",3,0.6,0.75,0.4,0.0,0.18698358254477282,fallback_momentum_proxy,causal_ohlcv_reconstruction_not_exact_replay
2020-01-01,2022-02-17,2022-02-18,2022-02-28,0.052359347113779646,"PBR,VIST,VALE,BHP",4,0.6,0.75,0.4,0.14999999999999997,0.18089501758014484,fallback_momentum_proxy,causal_ohlcv_reconstruction_not_exact_replay
2020-01-01,2022-02-25,2022-02-28,2022-03-07,0.02046507411133809,"VIST,VALE,PBR,BHP",4,0.6,0.75,0.4,0.0,0.21511509518978053,fallback_momentum_proxy,causal_ohlcv_reconstruction_not_exact_replay
2020-01-01,2022-03-04,2022-03-07,2022-03-14,-0.036819096609523844,"VIST,VALE,PBR,BHP",4,0.6,0.75,0.4,0.0,0.22007943124068266,fallback_momentum_proxy,causal_ohlcv_reconstruction_not_exact_replay
2020-01-01,2022-03-11,2022-03-14,2022-03-21,0.02795760392533674,"BKR,VIST,VALE,PBR",4,0.6,0.75,0.4,0.15,0.22753080779281332,fallback_momentum_proxy,causal_ohlcv_reconstruction_not_exact_replay
2020-01-01,2022-03-18,2022-03-21,2022-03-28,0.020737970180858514,"BKR,VIST,VALE,PBR",4,0.6,0.75,0.4,0.0,0.23548855935261748,fallback_momentum_proxy,causal_ohlcv_reconstruction_not_exact_replay
2020-01-01,2022-03-25,2022-03-28,2022-04-04,0.026564703606521408,"VIST,BKR,VALE,PBR",4,0.6,0.75,0.4,0.0,0.23818942759864697,fallback_momentum_proxy,causal_ohlcv_reconstruction_not_exact_replay
2020-01-01,2022-04-01,2022-04-04,2022-04-11,-0.029497735832811907,"ASTS,VIST,VALE,PBR",4,0.6,0.75,0.4,0.15,0.2409830259768325,fallback_momentum_proxy,causal_ohlcv_reconstruction_not_exact_replay
2020-01-01,2022-04-08,2022-04-11,2022-04-19,-0.020020911602080898,"VIST,ASTS,VALE,PBR",4,0.6,0.75,0.4,0.0,0.24729969160513685,fallback_momentum_proxy,causal_ohlcv_reconstruction_not_exact_replay
2020-01-01,2022-04-18,2022-04-19,2022-04-26,-0.07922214862035157,"VIST,CCJ,VALE,ASTS",4,0.6,0.75,0.4,0.15,0.19343395690496956,fallback_momentum_proxy,causal_ohlcv_reconstruction_not_exact_replay
2020-01-01,2022-04-25,2022-04-26,2022-05-03,0.04706204833437683,"CCJ,ASTS,VIST",3,0.6,0.75,0.4,0.14999999999999997,0.2583604543873607,fallback_momentum_proxy,causal_ohlcv_reconstruction_not_exact_replay
2020-01-01,2022-05-02,2022-05-03,2022-05-10,-0.09263809361750397,"ASTS,VIST,CCJ",3,0.6,0.75,0.4,0.0,0.27152925603344935,fallback_momentum_proxy,causal_ohlcv_reconstruction_not_exact_replay
2020-01-01,2022-05-09,2022-05-10,2022-05-17,0.024446146058704186,"SMCI,KHC,ASTS",3,0.6,0.6759292136040965,0.4,0.39999999999999997,0.3254778689427349,fallback_momentum_proxy,causal_ohlcv_reconstruction_not_exact_replay
2020-01-01,2022-05-16,2022-05-17,2022-05-24,-0.04956021814968512,"SMCI,KHC,ASTS",3,0.6,0.6650840344480597,0.4,0.0,0.33078526713180495,fallback_momentum_proxy,causal_ohlcv_reconstruction_not_exact_replay
2020-01-01,2022-05-23,2022-05-24,2022-06-01,0.04426923665699251,"PBR,SMCI,ASTS",3,0.6,0.69023565801677,0.4,0.19999999999999998,0.31873172219487805,fallback_momentum_proxy,causal_ohlcv_reconstruction_not_exact_replay
2020-01-01,2022-05-31,2022-06-01,2022-06-08,0.0395251050848401,"SMCI,PDD,PBR,ASTS",4,0.6,0.6618865881857509,0.4,0.14999999999999997,0.3323832268652338,fallback_momentum_proxy,causal_ohlcv_reconstruction_not_exact_replay
2020-01-01,2022-06-07,2022-06-08,2022-06-15,-0.055613852671940495,"PDD,SMCI,PBR",3,0.6,0.6467657615710286,0.4,0.14999999999999997,0.3401540605142861,fallback_momentum_proxy,causal_ohlcv_reconstruction_not_exact_replay
2020-01-01,2022-06-14,2022-06-15,2022-06-23,-0.05523925275772888,"PDD,FANG,PBR,SMCI",4,0.6,0.6330804590970593,0.4,0.14999999999999997,0.3475071720169319,fallback_momentum_proxy,causal_ohlcv_reconstruction_not_exact_replay
2020-01-01,2022-06-22,2022-06-23,2022-06-30,-0.009657525033481806,"PDD,MNST",2,0.6,0.626695661570888,0.4,0.44999999999999996,0.351047587354512,fallback_momentum_proxy,causal_ohlcv_reconstruction_not_exact_replay
2020-01-01,2022-06-29,2022-06-30,2022-07-08,0.019778907124711507,"PDD,BABA,MNST",3,0.6,0.6490927424665548,0.4,0.2,0.3389346168992727,fallback_momentum_proxy,causal_ohlcv_reconstruction_not_exact_replay
2020-01-01,2022-07-07,2022-07-08,2022-07-15,-0.05124756776101404,"PDD,BABA,MNST",3,0.6,0.6342172353198805,0.4,0.0,0.3468842972850438,fallback_momentum_proxy,causal_ohlcv_reconstruction_not_exact_replay
2020-01-01,2022-07-14,2022-07-15,2022-07-22,-0.009061241993212742,"PDD,MNST,BABA",3,0.6,0.6212461018449025,0.4,0.0,0.35412697053014947,fallback_momentum_proxy,causal_ohlcv_reconstruction_not_exact_replay
2020-01-01,2022-07-21,2022-07-22,2022-07-29,-0.014661391299091804,"PDD,SMCI,BABA,MNST",4,0.6,0.6699387106150059,0.4,0.14999999999999997,0.3283882488265819,fallback_momentum_proxy,causal_ohlcv_reconstruction_not_exact_replay
2020-01-01,2022-07-28,2022-07-29,2022-08-05,0.00826792159206205,"SMCI,SNPS,MNST,PDD",4,0.6,0.7284838913402523,0.4,0.15,0.3019970690020993,fallback_momentum_proxy,causal_ohlcv_reconstruction_not_exact_replay
2020-01-01,2022-08-04,2022-08-05,2022-08-12,0.02022585509377539,"MSTR,UBER,SNPS,MNST",4,0.6,0.75,0.4,0.3,0.2567353103651751,fallback_momentum_proxy,causal_ohlcv_reconstruction_not_exact_replay
2020-01-01,2022-08-11,2022-08-12,2022-08-19,-0.04589491697725599,"MSTR,ASTS,UBER,SNPS",4,0.6,0.75,0.4,0.15,0.25447622581796425,fallback_momentum_proxy,causal_ohlcv_reconstruction_not_exact_replay
2020-01-01,2022-08-18,2022-08-19,2022-08-26,-0.01749979132968073,"ASTS,TEAM,UBER,SNPS",4,0.6,0.75,0.4,0.15,0.2520639750304611,fallback_momentum_proxy,causal_ohlcv_reconstruction_not_exact_replay
2020-01-01,2022-08-25,2022-08-26,2022-09-02,-0.030829406243384923,"SMCI,ASTS,UBER,SNPS",4,0.6,0.75,0.4,0.15,0.22386787910237524,fallback_momentum_proxy,causal_ohlcv_reconstruction_not_exact_replay
2020-01-01,2022-09-01,2022-09-02,2022-09-12,0.05216227705475385,"ASTS,YPF,UBER,SMCI",4,0.6,0.75,0.4,0.15,0.19231647970504248,fallback_momentum_proxy,causal_ohlcv_reconstruction_not_exact_replay
2020-01-01,2022-09-09,2022-09-12,2022-09-19,-0.04907682996122742,"YPF,ASTS,UBER,SMCI",4,0.6,0.75,0.4,0.0,0.22354365088467595,fallback_momentum_proxy,causal_ohlcv_reconstruction_not_exact_replay
2020-01-01,2022-09-16,2022-09-19,2022-09-26,-0.08540062965520236,"YPF,UBER,ASTS,SMCI",4,0.6,0.75,0.4,0.0,0.21855723846661557,fallback_momentum_proxy,causal_ohlcv_reconstruction_not_exact_replay
2020-01-01,2022-09-23,2022-09-26,2022-10-03,0.03760248056004278,"YPF,REGN,UBER,SMCI",4,0.6,0.75,0.4,0.15,0.2644262299172637,fallback_momentum_proxy,causal_ohlcv_reconstruction_not_exact_replay
2020-01-01,2022-09-30,2022-10-03,2022-10-10,-0.00039519664260780345,"YPF,BIIB,UBER,REGN",4,0.6,0.75,0.4,0.15,0.27722657699446207,fallback_momentum_proxy,causal_ohlcv_reconstruction_not_exact_replay
2020-01-01,2022-10-07,2022-10-10,2022-10-17,-0.0009843181028914613,"YPF,VIST,UBER,REGN",4,0.6,0.75,0.4,0.15,0.26711488130783156,fallback_momentum_proxy,causal_ohlcv_reconstruction_not_exact_replay
2020-01-01,2022-10-14,2022-10-17,2022-10-24,0.030619256720804656,"YPF,VIST,REGN",3,0.6,0.75,0.4,0.14999999999999997,0.26788084285087266,fallback_momentum_proxy,causal_ohlcv_reconstruction_not_exact_replay
2020-01-01,2022-10-21,2022-10-24,2022-10-31,0.01647051047738981,"YPF,VIST,REGN",3,0.6,0.75,0.4,0.0,0.2797986821714878,fallback_momentum_proxy,causal_ohlcv_reconstruction_not_exact_replay
2020-01-01,2022-10-28,2022-10-31,2022-11-07,0.017546568161296693,"YPF,VIST,REGN",3,0.6,0.75,0.4,0.0,0.2821761477971778,fallback_momentum_proxy,causal_ohlcv_reconstruction_not_exact_replay
2020-01-01,2022-11-04,2022-11-07,2022-11-14,0.00848517736648775,"YPF,VIST,REGN",3,0.6,0.75,0.4,0.0,0.2811422767236955,fallback_momentum_proxy,causal_ohlcv_reconstruction_not_exact_replay
2020-01-01,2022-11-11,2022-11-14,2022-11-21,-0.04134494388967897,"VIST,YPF,REGN",3,0.6,0.75,0.4,0.0,0.26857010840779405,fallback_momentum_proxy,causal_ohlcv_reconstruction_not_exact_replay
2020-01-01,2022-11-18,2022-11-21,2022-11-29,0.008406671905416887,"BIIB,MRNA,REGN,VIST",4,0.6,0.75,0.4,0.3,0.2786361957388933,fallback_momentum_proxy,causal_ohlcv_reconstruction_not_exact_replay
2020-01-01,2022-11-28,2022-11-29,2022-12-06,-0.022759763595490867,"SMCI,YPF,REGN,BIIB",4,0.6,0.75,0.4,0.3,0.2730368330460521,fallback_momentum_proxy,causal_ohlcv_reconstruction_not_exact_replay
2020-01-01,2022-12-05,2022-12-06,2022-12-13,0.007686960309739304,"PDD,NFLX,REGN,YPF",4,0.6,0.75,0.4,0.3,0.2503127283308486,fallback_momentum_proxy,causal_ohlcv_reconstruction_not_exact_replay
2020-01-01,2022-12-12,2022-12-13,2022-12-20,-0.034258014596082235,"PDD,SMCI,REGN,NFLX",4,0.6,0.75,0.4,0.15,0.23372149604477982,fallback_momentum_proxy,causal_ohlcv_reconstruction_not_exact_replay
2020-01-01,2022-12-19,2022-12-20,2022-12-28,-0.0041770060096919135,"VIST,PDD,NFLX,REGN",4,0.6,0.75,0.4,0.15,0.16748633740795488,fallback_momentum_proxy,causal_ohlcv_reconstruction_not_exact_replay
2020-01-01,2022-12-27,2022-12-28,2023-01-05,0.010898760734575502,"VIST,MRNA,REGN,NFLX",4,0.6,0.75,0.4,0.15,0.14895241842899512,fallback_momentum_proxy,causal_ohlcv_reconstruction_not_exact_replay
2020-01-01,2023-01-04,2023-01-05,2023-01-12,0.040428022886910164,"TCEHY,MRNA,NFLX,VIST",4,0.6,0.75,0.4,0.15,0.15091305137315453,fallback_momentum_proxy,causal_ohlcv_reconstruction_not_exact_replay
2020-01-01,2023-01-11,2023-01-12,2023-01-20,0.01868072981394307,"TCEHY,PDD,NFLX,VIST",4,0.6,0.75,0.4,0.15,0.171276833266587,fallback_momentum_proxy,causal_ohlcv_reconstruction_not_exact_replay
2020-01-01,2023-01-19,2023-01-20,2023-01-27,0.00689227724531391,"KEEL,TCEHY,NFLX,VIST",4,0.6,0.75,0.4,0.15,0.16450374958014483,fallback_momentum_proxy,causal_ohlcv_reconstruction_not_exact_replay
2020-01-01,2023-01-26,2023-01-27,2023-02-03,-0.021361272341961866,"TCEHY,KEEL,NFLX,VIST",4,0.6,0.75,0.4,0.0,0.16198445742213463,fallback_momentum_proxy,causal_ohlcv_reconstruction_not_exact_replay
2020-01-01,2023-02-02,2023-02-03,2023-02-10,-0.02636765783669509,"META,KEEL,NFLX,VIST",4,0.6,0.75,0.4,0.15,0.16370311975492596,fallback_momentum_proxy,causal_ohlcv_reconstruction_not_exact_replay
2020-01-01,2023-02-09,2023-02-10,2023-02-17,0.004061968044126935,"META,SPOT,NFLX,VIST",4,0.6,0.75,0.4,0.15,0.16880885495275894,fallback_momentum_proxy,causal_ohlcv_reconstruction_not_exact_replay
2020-01-01,2023-02-16,2023-02-17,2023-02-27,-0.041864230314151644,"SPOT,MSTR,META,NFLX",4,0.6,0.75,0.4,0.15,0.14931259665919855,fallback_momentum_proxy,causal_ohlcv_reconstruction_not_exact_replay
2020-01-01,2023-02-24,2023-02-27,2023-03-06,0.008434723591233862,"META,SPOT,NFLX,MSTR",4,0.6,0.75,0.4,0.0,0.16804516673755016,fallback_momentum_proxy,causal_ohlcv_reconstruction_not_exact_replay
2020-01-01,2023-03-03,2023-03-06,2023-03-13,-0.050874807933680426,"TWLO,VIST,META,MSTR",4,0.6,0.75,0.4,0.3,0.16538239191101417,fallback_momentum_proxy,causal_ohlcv_reconstruction_not_exact_replay
2020-01-01,2023-03-10,2023-03-13,2023-03-20,0.009559150856149131,"META,VIST,TWLO",3,0.6,0.75,0.4,0.14999999999999997,0.18911318157574517,fallback_momentum_proxy,causal_ohlcv_reconstruction_not_exact_replay
2020-01-01,2023-03-17,2023-03-20,2023-03-27,0.016178650525362295,"KEEL,META,VIST,TWLO",4,0.6,0.75,0.4,0.14999999999999997,0.1822451634716681,fallback_momentum_proxy,causal_ohlcv_reconstruction_not_exact_replay
2020-01-01,2023-03-24,2023-03-27,2023-04-03,0.027977851180951318,"KEEL,NVDA,META,TWLO",4,0.6,0.75,0.4,0.15,0.18653151068943855,fallback_momentum_proxy,causal_ohlcv_reconstruction_not_exact_replay
2020-01-01,2023-03-31,2023-04-03,2023-04-11,0.009461460353239791,"NVDA,KEEL,META,TWLO",4,0.6,0.75,0.4,0.0,0.19462372131174155,fallback_momentum_proxy,causal_ohlcv_reconstruction_not_exact_replay
2020-01-01,2023-04-10,2023-04-11,2023-04-18,0.007224205854298954,"MSTR,NVDA,META,TWLO",4,0.6,0.75,0.4,0.15,0.17507972378540437,fallback_momentum_proxy,causal_ohlcv_reconstruction_not_exact_replay
2020-01-01,2023-04-17,2023-04-18,2023-04-25,-0.06181199901864565,"META,SMCI,NVDA,MSTR",4,0.6,0.75,0.4,0.15,0.17027901299198234,fallback_momentum_proxy,causal_ohlcv_reconstruction_not_exact_replay
2020-01-01,2023-04-24,2023-04-25,2023-05-02,0.04761527506479879,"VIST,META,MSTR,NVDA",4,0.6,0.75,0.4,0.15,0.20279645543606833,fallback_momentum_proxy,causal_ohlcv_reconstruction_not_exact_replay
2020-01-01,2023-05-01,2023-05-02,2023-05-09,0.0002075642561004329,"META,NVDA,MSTR,VIST",4,0.6,0.75,0.4,0.0,0.23065727455261079,fallback_momentum_proxy,causal_ohlcv_reconstruction_not_exact_replay
2020-01-01,2023-05-08,2023-05-09,2023-05-16,-0.004759628137552409,"SMCI,SHOP,META,MSTR",4,0.6,0.75,0.4,0.3,0.22561606829967715,fallback_momentum_proxy,causal_ohlcv_reconstruction_not_exact_replay
2020-01-01,2023-05-15,2023-05-16,2023-05-23,0.022715720754909817,"SMCI,SHOP,META",3,0.6,0.75,0.4,0.14999999999999997,0.22527616836834646,fallback_momentum_proxy,causal_ohlcv_reconstruction_not_exact_replay
2020-01-01,2023-05-22,2023-05-23,2023-05-31,0.08730041688847436,"SMCI,SHOP,META",3,0.6,0.75,0.4,0.0,0.21309055503741398,fallback_momentum_proxy,causal_ohlcv_reconstruction_not_exact_replay
2020-01-01,2023-05-30,2023-05-31,2023-06-07,0.01477630407274856,"SMCI,NVDA,META,SHOP",4,0.6,0.75,0.4,0.14999999999999997,0.2721407294604836,fallback_momentum_proxy,causal_ohlcv_reconstruction_not_exact_replay
2020-01-01,2023-06-06,2023-06-07,2023-06-14,0.035103417606733675,"SMCI,MDB,META,NVDA",4,0.6,0.75,0.4,0.15,0.23870758172015322,fallback_momentum_proxy,causal_ohlcv_reconstruction_not_exact_replay
2020-01-01,2023-06-13,2023-06-14,2023-06-22,-0.0009623248409518448,"SMCI,MDB,META,NVDA",4,0.6,0.75,0.4,0.0,0.24173186168451938,fallback_momentum_proxy,causal_ohlcv_reconstruction_not_exact_replay
2020-01-01,2023-06-21,2023-06-22,2023-06-29,0.006583129168703178,"SMCI,PBR,MDB,META",4,0.6,0.75,0.4,0.15,0.24433277900728664,fallback_momentum_proxy,causal_ohlcv_reconstruction_not_exact_replay
2020-01-01,2023-06-28,2023-06-29,2023-07-07,0.007219424145790338,"SMCI,MDB,META,PBR",4,0.6,0.75,0.4,0.0,0.24328024489189973,fallback_momentum_proxy,causal_ohlcv_reconstruction_not_exact_replay
2020-01-01,2023-07-06,2023-07-07,2023-07-14,0.05656386638414208,"SMCI,KEEL,MDB,META",4,0.6,0.75,0.4,0.15,0.2434873123169519,fallback_momentum_proxy,causal_ohlcv_reconstruction_not_exact_replay
2020-01-01,2023-07-13,2023-07-14,2023-07-21,-0.016485844657951495,"SMCI,KEEL,MDB,META",4,0.6,0.75,0.4,0.0,0.2574889511267249,fallback_momentum_proxy,causal_ohlcv_reconstruction_not_exact_replay
2020-01-01,2023-07-20,2023-07-21,2023-07-28,-0.021241294069312446,"SMCI,SIRI,MDB,KEEL",4,0.6,0.75,0.4,0.15,0.20805629381608504,fallback_momentum_proxy,causal_ohlcv_reconstruction_not_exact_replay
2020-01-01,2023-07-27,2023-07-28,2023-08-04,-0.032117408289845606,"SMCI,ZS,MDB,KEEL",4,0.6,0.75,0.4,0.15,0.2154776029136192,fallback_momentum_proxy,causal_ohlcv_reconstruction_not_exact_replay
2020-01-01,2023-08-03,2023-08-04,2023-08-11,-0.06547534508493404,"SMCI,JMIA,MDB,KEEL",4,0.6,0.75,0.4,0.15,0.234284421508802,fallback_momentum_proxy,causal_ohlcv_reconstruction_not_exact_replay
2020-01-01,2023-08-10,2023-08-11,2023-08-18,-0.03156323321727337,"SMCI,ADBE,MDB,KEEL",4,0.6,0.75,0.4,0.15,0.2807496401098426,fallback_momentum_proxy,causal_ohlcv_reconstruction_not_exact_replay
2020-01-01,2023-08-17,2023-08-18,2023-08-25,0.010861964040693733,"ADBE,NVDA,MDB,KEEL",4,0.6,0.75,0.4,0.15,0.2890010764520788,fallback_momentum_proxy,causal_ohlcv_reconstruction_not_exact_replay
2020-01-01,2023-08-24,2023-08-25,2023-09-01,0.02614753833131755,"PBR,CCJ,MDB,NVDA",4,0.6,0.75,0.4,0.3,0.22602827552401128,fallback_momentum_proxy,causal_ohlcv_reconstruction_not_exact_replay
2020-01-01,2023-08-31,2023-09-01,2023-09-11,-0.02152816795272028,"PDD,ODFL,CCJ,NVDA",4,0.6,0.75,0.4,0.3,0.23099855421030405,fallback_momentum_proxy,causal_ohlcv_reconstruction_not_exact_replay
2020-01-01,2023-09-08,2023-09-11,2023-09-18,0.005666833806649824,"ODFL,PDD,CCJ,NVDA",4,0.6,0.75,0.4,0.0,0.21870824462744592,fallback_momentum_proxy,causal_ohlcv_reconstruction_not_exact_replay
2020-01-01,2023-09-15,2023-09-18,2023-09-25,-0.007116814978900571,"PDD,CCJ,ODFL,NVDA",4,0.6,0.75,0.4,0.0,0.21987531202456045,fallback_momentum_proxy,causal_ohlcv_reconstruction_not_exact_replay
2020-01-01,2023-09-22,2023-09-25,2023-10-02,-0.015336713992737812,"PDD,CCJ,ODFL",3,0.6,0.75,0.4,0.14999999999999997,0.21809019395334084,fallback_momentum_proxy,causal_ohlcv_reconstruction_not_exact_replay
2020-01-01,2023-09-29,2023-10-02,2023-10-09,0.02292532628271302,"PDD,CCJ,ODFL",3,0.6,0.75,0.4,0.0,0.21615282370163255,fallback_momentum_proxy,causal_ohlcv_reconstruction_not_exact_replay
2020-01-01,2023-10-06,2023-10-09,2023-10-16,-0.007925706646234702,"PDD,VIST,ODFL,CCJ",4,0.6,0.75,0.4,0.14999999999999997,0.17892641294857928,fallback_momentum_proxy,causal_ohlcv_reconstruction_not_exact_replay
2020-01-01,2023-10-13,2023-10-16,2023-10-23,-0.008815558017319513,"PDD,CRWD,ODFL,CCJ",4,0.6,0.75,0.4,0.15,0.1788316070801017,fallback_momentum_proxy,causal_ohlcv_reconstruction_not_exact_replay
2020-01-01,2023-10-20,2023-10-23,2023-10-30,-0.018141984700839758,"VIST,PBR,CRWD,CCJ",4,0.6,0.75,0.4,0.3,0.17757638940146622,fallback_momentum_proxy,causal_ohlcv_reconstruction_not_exact_replay
2020-01-01,2023-10-27,2023-10-30,2023-11-06,0.03355377758879214,"PDD,NVO,CRWD,CCJ",4,0.6,0.75,0.4,0.3,0.17225998610476892,fallback_momentum_proxy,causal_ohlcv_reconstruction_not_exact_replay
2020-01-01,2023-11-03,2023-11-06,2023-11-13,0.03644252920867977,"MSTR,CRWD,NVO,CCJ",4,0.6,0.75,0.4,0.15,0.14255768116612932,fallback_momentum_proxy,causal_ohlcv_reconstruction_not_exact_replay
2020-01-01,2023-11-10,2023-11-13,2023-11-20,0.021603197229650182,"MSTR,SNAP,CRWD,NVO",4,0.6,0.75,0.4,0.15,0.14368083751437824,fallback_momentum_proxy,causal_ohlcv_reconstruction_not_exact_replay
2020-01-01,2023-11-17,2023-11-20,2023-11-28,-0.006852404570465254,"ASTS,MSTR,CRWD,NVO",4,0.6,0.75,0.4,0.15,0.14721926714815237,fallback_momentum_proxy,causal_ohlcv_reconstruction_not_exact_replay
2020-01-01,2023-11-27,2023-11-28,2023-12-05,0.027009840226826898,"ASTS,YPF,CRWD,NVO",4,0.6,0.75,0.4,0.15,0.14187740582195577,fallback_momentum_proxy,causal_ohlcv_reconstruction_not_exact_replay
2020-01-01,2023-12-04,2023-12-05,2023-12-12,0.05524518191190735,"KEEL,SNAP,CRWD,NVO",4,0.6,0.75,0.4,0.3,0.13864669316171627,fallback_momentum_proxy,causal_ohlcv_reconstruction_not_exact_replay
2020-01-01,2023-12-11,2023-12-12,2023-12-19,0.047945133133477744,"KEEL,SNAP,CRWD",3,0.6,0.75,0.4,0.14999999999999997,0.16866893506835842,fallback_momentum_proxy,causal_ohlcv_reconstruction_not_exact_replay
2020-01-01,2023-12-18,2023-12-19,2023-12-27,0.049058531338912865,"KEEL,SNAP,CRWD",3,0.6,0.75,0.4,0.0,0.17839105203121375,fallback_momentum_proxy,causal_ohlcv_reconstruction_not_exact_replay
2020-01-01,2023-12-26,2023-12-27,2024-01-04,-0.050968414249596944,"KEEL,SNAP,CRWD",3,0.6,0.75,0.4,0.0,0.17609254331267377,fallback_momentum_proxy,causal_ohlcv_reconstruction_not_exact_replay
2020-01-01,2024-01-03,2024-01-04,2024-01-11,-0.01228083288103179,"KEEL,MSTR,CRWD,SNAP",4,0.6,0.75,0.4,0.14999999999999997,0.22686471798625682,fallback_momentum_proxy,causal_ohlcv_reconstruction_not_exact_replay
2020-01-01,2024-01-10,2024-01-11,2024-01-19,-0.047566917718894035,"KEEL,SNAP,CRWD,MSTR",4,0.6,0.75,0.4,0.0,0.22891582209178515,fallback_momentum_proxy,causal_ohlcv_reconstruction_not_exact_replay
2020-01-01,2024-01-18,2024-01-19,2024-01-26,0.023916133401465076,"KEEL,AMD,CRWD,MSTR",4,0.6,0.75,0.4,0.15,0.2572784540737239,fallback_momentum_proxy,causal_ohlcv_reconstruction_not_exact_replay
2020-01-01,2024-01-25,2024-01-26,2024-02-02,0.03477347395535708,"SMCI,AMD,CRWD,KEEL",4,0.6,0.75,0.4,0.15,0.25000734901369065,fallback_momentum_proxy,causal_ohlcv_reconstruction_not_exact_replay
2020-01-01,2024-02-01,2024-02-02,2024-02-09,0.08207931224805537,"SMCI,KEEL,CRWD,AMD",4,0.6,0.75,0.4,0.0,0.25041617328346955,fallback_momentum_proxy,causal_ohlcv_reconstruction_not_exact_replay
2020-01-01,2024-02-08,2024-02-09,2024-02-16,0.06301551068736361,"SMCI,KEEL,CRWD,AMD",4,0.6,0.75,0.4,0.0,0.2819882738346063,fallback_momentum_proxy,causal_ohlcv_reconstruction_not_exact_replay
2020-01-01,2024-02-15,2024-02-16,2024-02-26,0.011324935309357076,"SMCI,KEEL,CRWD,AMD",4,0.6,0.7442260863372807,0.4,0.0,0.2956090951913996,fallback_momentum_proxy,causal_ohlcv_reconstruction_not_exact_replay
2020-01-01,2024-02-23,2024-02-26,2024-03-04,0.015113559965694285,"SMCI,KEEL,CRWD,AMD",4,0.6,0.75,0.4,0.0,0.29005836796958384,fallback_momentum_proxy,causal_ohlcv_reconstruction_not_exact_replay
2020-01-01,2024-03-01,2024-03-04,2024-03-11,-0.023630353225047973,"SMCI,JMIA,CRWD,KEEL",4,0.6,0.75,0.4,0.15,0.29042637049846326,fallback_momentum_proxy,causal_ohlcv_reconstruction_not_exact_replay
2020-01-01,2024-03-08,2024-03-11,2024-03-18,-0.017470113961557832,"SMCI,MSTR,CRWD,KEEL",4,0.6,0.7468570364575448,0.4,0.15,0.2945677542833272,fallback_momentum_proxy,causal_ohlcv_reconstruction_not_exact_replay
2020-01-01,2024-03-15,2024-03-18,2024-03-25,0.057733317495489926,"MSTR,SMCI,CRWD",3,0.6,0.75,0.4,0.14999999999999997,0.2927354538160532,fallback_momentum_proxy,causal_ohlcv_reconstruction_not_exact_replay
2020-01-01,2024-03-22,2024-03-25,2024-04-02,-0.03938216722047696,"SMCI,MSTR,CRWD",3,0.6,0.7379256318633998,0.4,0.0,0.2981330238447728,fallback_momentum_proxy,causal_ohlcv_reconstruction_not_exact_replay
2020-01-01,2024-04-01,2024-04-02,2024-04-09,-0.043886984262157494,"SMCI,MSTR,CRWD",3,0.6,0.75,0.4,0.0,0.2883751507107916,fallback_momentum_proxy,causal_ohlcv_reconstruction_not_exact_replay
2020-01-01,2024-04-08,2024-04-09,2024-04-16,-0.01748285553801563,"MSTR,SMCI,CRWD",3,0.6,0.7180880065790519,0.4,0.0,0.3063691330092991,fallback_momentum_proxy,causal_ohlcv_reconstruction_not_exact_replay
2020-01-01,2024-04-15,2024-04-16,2024-04-23,-0.030100748700825214,"SMCI,MSTR,CRWD",3,0.6,0.75,0.4,0.0,0.2872877504225878,fallback_momentum_proxy,causal_ohlcv_reconstruction_not_exact_replay
2020-01-01,2024-04-22,2024-04-23,2024-04-30,-0.011624717362689132,"MSTR,SE,SMCI",3,0.6,0.7389873860994474,0.4,0.19999999999999998,0.2977046755306782,fallback_momentum_proxy,causal_ohlcv_reconstruction_not_exact_replay
2020-01-01,2024-04-29,2024-04-30,2024-05-07,0.033168179179046645,"MSTR,SE,SMCI",3,0.6,0.7489658299871256,0.4,0.0,0.29373836721467217,fallback_momentum_proxy,causal_ohlcv_reconstruction_not_exact_replay
2020-01-01,2024-05-06,2024-05-07,2024-05-14,-0.0054130573150427685,"MSTR,SNAP,SE,SMCI",4,0.6,0.75,0.4,0.14999999999999997,0.25021146872806105,fallback_momentum_proxy,causal_ohlcv_reconstruction_not_exact_replay
2020-01-01,2024-05-13,2024-05-14,2024-05-21,0.07640208917960982,"SNAP,MSTR,SE",3,0.6,0.75,0.4,0.14999999999999997,0.2089859673912774,fallback_momentum_proxy,causal_ohlcv_reconstruction_not_exact_replay
2020-01-01,2024-05-20,2024-05-21,2024-05-29,0.11879679596131712,"ASTS,MSTR,SE,SNAP",4,0.6,0.75,0.4,0.14999999999999997,0.26505194561993484,fallback_momentum_proxy,causal_ohlcv_reconstruction_not_exact_replay
2020-01-01,2024-05-28,2024-05-29,2024-06-05,0.01697727760829611,"ASTS,MRNA,SE,MSTR",4,0.6,0.6172670875744082,0.4,0.15,0.3564097364473206,fallback_momentum_proxy,causal_ohlcv_reconstruction_not_exact_replay
2020-01-01,2024-06-04,2024-06-05,2024-06-12,0.007398376858548605,"ASTS,MRNA,SE,MSTR",4,0.6,0.6287929067441183,0.4,0.0,0.34987672036435213,fallback_momentum_proxy,causal_ohlcv_reconstruction_not_exact_replay
2020-01-01,2024-06-11,2024-06-12,2024-06-20,-0.015855662069683377,"ASTS,JMIA,SE,MSTR",4,0.6,0.6387377389778583,0.4,0.15,0.3444293120241424,fallback_momentum_proxy,causal_ohlcv_reconstruction_not_exact_replay
2020-01-01,2024-06-18,2024-06-20,2024-06-27,-0.03767285633985492,"ASTS,KEEL,JMIA,SE",4,0.6,0.6574847552348795,0.4,0.15,0.3346085186741818,fallback_momentum_proxy,causal_ohlcv_reconstruction_not_exact_replay
2020-01-01,2024-06-26,2024-06-27,2024-07-05,0.040152029713049486,"ASTS,SNAP,KEEL,JMIA",4,0.6,0.6594954399694092,0.4,0.15,0.3335883565930414,fallback_momentum_proxy,causal_ohlcv_reconstruction_not_exact_replay
2020-01-01,2024-07-03,2024-07-05,2024-07-12,0.07928937218358965,"ASTS,TSLA,KEEL,JMIA",4,0.6,0.6893020370459123,0.4,0.15,0.31916342644631773,fallback_momentum_proxy,causal_ohlcv_reconstruction_not_exact_replay
2020-01-01,2024-07-11,2024-07-12,2024-07-19,0.0011123633998077528,"ASTS,JMIA,TSLA,KEEL",4,0.6,0.6568224488964393,0.4,0.0,0.33494592087958197,fallback_momentum_proxy,causal_ohlcv_reconstruction_not_exact_replay
2020-01-01,2024-07-18,2024-07-19,2024-07-26,0.06012975877615848,"ASTS,JMIA,TSLA,KEEL",4,0.6,0.6895388997827404,0.4,0.0,0.3190537909743997,fallback_momentum_proxy,causal_ohlcv_reconstruction_not_exact_replay
2020-01-01,2024-07-25,2024-07-26,2024-08-02,-0.06693945989521782,"ASTS,JMIA,TSLA,KEEL",4,0.6,0.6980443580985355,0.4,0.0,0.3151662175155708,fallback_momentum_proxy,causal_ohlcv_reconstruction_not_exact_replay
2020-01-01,2024-08-01,2024-08-02,2024-08-09,-0.06195487950396154,"ASTS,JMIA,TSLA,KEEL",4,0.5934338818665552,0.5934338818665552,0.4065661181334448,0.0032830590667223825,0.3707236926008063,fallback_momentum_proxy,causal_ohlcv_reconstruction_not_exact_replay
2020-01-01,2024-08-08,2024-08-09,2024-08-16,0.07687088668090339,"ASTS,CHTR,TSLA,KEEL",4,0.5432643426858286,0.5432643426858286,0.45673565731417143,0.16090085526182046,0.40495939584834245,fallback_momentum_proxy,causal_ohlcv_reconstruction_not_exact_replay
2020-01-01,2024-08-15,2024-08-16,2024-08-23,0.007751289059890014,"ASTS,SBUX,TSLA,CHTR",4,0.5428713243334378,0.5428713243334378,0.45712867566656223,0.13591434025955484,0.40525257116891567,fallback_momentum_proxy,causal_ohlcv_reconstruction_not_exact_replay
2020-01-01,2024-08-22,2024-08-23,2024-08-30,-0.01820311760256748,"ASTS,FTNT,TSLA,CHTR",4,0.6,0.6448590018735249,0.4,0.16428216891664055,0.3411598494567472,fallback_momentum_proxy,causal_ohlcv_reconstruction_not_exact_replay
2020-01-01,2024-08-29,2024-08-30,2024-09-09,-0.027444814959769585,"ASTS,FTNT,TSLA,CHTR",4,0.6,0.6381364534468137,0.4,0.0,0.34475385133022524,fallback_momentum_proxy,causal_ohlcv_reconstruction_not_exact_replay
2020-01-01,2024-09-06,2024-09-09,2024-09-16,0.04021430295158847,"ASTS,MDB,TSLA,CHTR",4,0.6,0.6266372655077426,0.4,0.15,0.3510803013314913,fallback_momentum_proxy,causal_ohlcv_reconstruction_not_exact_replay
2020-01-01,2024-09-13,2024-09-16,2024-09-23,-0.01147732886744031,"ASTS,MDB,CHTR,TSLA",4,0.6,0.618473803742018,0.4,0.0,0.3557143385361038,fallback_momentum_proxy,causal_ohlcv_reconstruction_not_exact_replay
2020-01-01,2024-09-20,2024-09-23,2024-09-30,-0.010208471404602633,"ASTS,PYPL,MDB,CHTR",4,0.6,0.6379078286353951,0.4,0.15,0.3448774103785831,fallback_momentum_proxy,causal_ohlcv_reconstruction_not_exact_replay
2020-01-01,2024-09-27,2024-09-30,2024-10-07,0.0031745583605791144,"ASTS,BABA,MDB,CHTR",4,0.6,0.6463981042632058,0.4,0.15,0.34034753281148017,fallback_momentum_proxy,causal_ohlcv_reconstruction_not_exact_replay
2020-01-01,2024-10-04,2024-10-07,2024-10-14,0.009383873273138638,"ASTS,BABA,MDB,CHTR",4,0.6,0.7319279377731366,0.4,0.0,0.3005760384954587,fallback_momentum_proxy,causal_ohlcv_reconstruction_not_exact_replay
2020-01-01,2024-10-11,2024-10-14,2024-10-21,0.009363397575629222,"ASTS,MSTR,MDB,BABA",4,0.6,0.7303404665580724,0.4,0.15,0.3012293718802269,fallback_momentum_proxy,causal_ohlcv_reconstruction_not_exact_replay
2020-01-01,2024-10-18,2024-10-21,2024-10-28,0.01868153362136173,"ASTS,MSTR,MDB,BABA",4,0.6,0.75,0.4,0.0,0.2730721139206869,fallback_momentum_proxy,causal_ohlcv_reconstruction_not_exact_replay
2020-01-01,2024-10-25,2024-10-28,2024-11-04,-0.04345092661729444,"MSTR,SE,MDB,ASTS",4,0.6,0.75,0.4,0.15,0.23890438991484061,fallback_momentum_proxy,causal_ohlcv_reconstruction_not_exact_replay
2020-01-01,2024-11-01,2024-11-04,2024-11-11,0.1142724764066689,"MSTR,TEAM,MDB,SE",4,0.6,0.75,0.4,0.15,0.21912713886431226,fallback_momentum_proxy,causal_ohlcv_reconstruction_not_exact_replay
2020-01-01,2024-11-08,2024-11-11,2024-11-18,0.02845302028367924,"MSTR,TSLA,MDB,SE",4,0.6,0.75,0.4,0.15,0.2775148226353399,fallback_momentum_proxy,causal_ohlcv_reconstruction_not_exact_replay
2020-01-01,2024-11-15,2024-11-18,2024-11-25,0.028625457872944272,"MSTR,TWLO,TSLA,SE",4,0.6,0.75,0.4,0.15,0.280590721000613,fallback_momentum_proxy,causal_ohlcv_reconstruction_not_exact_replay
2020-01-01,2024-11-22,2024-11-25,2024-12-03,-0.003097639951310217,"MSTR,YPF,TWLO,SE",4,0.6,0.75,0.4,0.15,0.2761170824955541,fallback_momentum_proxy,causal_ohlcv_reconstruction_not_exact_replay
2020-01-01,2024-12-02,2024-12-03,2024-12-10,0.0005436889165695846,"MSTR,YPF,TWLO,SE",4,0.6,0.75,0.4,0.0,0.26457140318422306,fallback_momentum_proxy,causal_ohlcv_reconstruction_not_exact_replay
2020-01-01,2024-12-09,2024-12-10,2024-12-17,0.026059059651748193,"MSTR,YPF,TWLO,SE",4,0.6,0.75,0.4,0.0,0.2601789442422405,fallback_momentum_proxy,causal_ohlcv_reconstruction_not_exact_replay
2020-01-01,2024-12-16,2024-12-17,2024-12-24,-0.01983994516762627,"MSTR,TSLA,TWLO,SE",4,0.6,0.75,0.4,0.15,0.256213160294749,fallback_momentum_proxy,causal_ohlcv_reconstruction_not_exact_replay
2020-01-01,2024-12-23,2024-12-24,2025-01-02,-0.053828759247756264,"YPF,TSLA,SE,MSTR",4,0.6,0.75,0.4,0.15,0.2610180261095983,fallback_momentum_proxy,causal_ohlcv_reconstruction_not_exact_replay
2020-01-01,2024-12-31,2025-01-02,2025-01-10,0.029159548595012998,"YPF,TSLA,SE,MSTR",4,0.6,0.7477745614524782,0.4,0.0,0.2942063174396729,fallback_momentum_proxy,causal_ohlcv_reconstruction_not_exact_replay
2020-01-01,2025-01-08,2025-01-10,2025-01-17,0.04257736803794101,"YPF,TSLA,SE,MSTR",4,0.6,0.7413071419266831,0.4,0.0,0.29677307496082167,fallback_momentum_proxy,causal_ohlcv_reconstruction_not_exact_replay
2020-01-01,2025-01-16,2025-01-17,2025-01-27,-0.04066088194815519,"TSLA,YPF,SE,MSTR",4,0.6,0.7256552541028066,0.4,0.0,0.3031742673344327,fallback_momentum_proxy,causal_ohlcv_reconstruction_not_exact_replay
2020-01-01,2025-01-24,2025-01-27,2025-02-03,0.03294447502970109,"TWLO,MRVL,TSLA,SE",4,0.6,0.6838308260062208,0.4,0.3,0.3217169972942967,fallback_momentum_proxy,causal_ohlcv_reconstruction_not_exact_replay
2020-01-01,2025-01-31,2025-02-03,2025-02-10,0.04007438134665972,"TWLO,NET,MRVL,SE",4,0.6,0.7256637124887487,0.4,0.15,0.30317073351440466,fallback_momentum_proxy,causal_ohlcv_reconstruction_not_exact_replay
2020-01-01,2025-02-07,2025-02-10,2025-02-18,-0.014159147595779596,"NET,TWLO,MRVL,SE",4,0.6,0.75,0.4,0.0,0.22410464402276814,fallback_momentum_proxy,causal_ohlcv_reconstruction_not_exact_replay
2020-01-01,2025-02-14,2025-02-18,2025-02-25,-0.08268373536178392,"SMCI,NET,TWLO,MRVL",4,0.6,0.75,0.4,0.15,0.22437504477044187,fallback_momentum_proxy,causal_ohlcv_reconstruction_not_exact_replay
2020-01-01,2025-02-24,2025-02-25,2025-03-04,-0.02869028397450225,"SMCI,BABA,TWLO,NET",4,0.6,0.75,0.4,0.15,0.27828588111687996,fallback_momentum_proxy,causal_ohlcv_reconstruction_not_exact_replay
2020-01-01,2025-03-03,2025-03-04,2025-03-11,-0.006792593139066817,"BABA,NET,SMCI",3,0.6,0.75,0.4,0.14999999999999997,0.28273428749445134,fallback_momentum_proxy,causal_ohlcv_reconstruction_not_exact_replay
2020-01-01,2025-03-10,2025-03-11,2025-03-18,-0.0009551834041807029,"BABA,GILD",2,0.6,0.75,0.4,0.39999999999999997,0.2824091597148379,fallback_momentum_proxy,causal_ohlcv_reconstruction_not_exact_replay
2020-01-01,2025-03-17,2025-03-18,2025-03-25,-0.03165517582445201,"BABA,TCEHY,GILD",3,0.6,0.75,0.4,0.2,0.2739945849547934,fallback_momentum_proxy,causal_ohlcv_reconstruction_not_exact_replay
2020-01-01,2025-03-24,2025-03-25,2025-04-01,-0.011545773308264584,"BABA,SPOT,GILD,TCEHY",4,0.6,0.75,0.4,0.14999999999999997,0.2770946678338835,fallback_momentum_proxy,causal_ohlcv_reconstruction_not_exact_replay
2020-01-01,2025-03-31,2025-04-01,2025-04-08,-0.08706159939575778,"BABA,EC,GILD,SPOT",4,0.6,0.75,0.4,0.15,0.26011395438767426,fallback_momentum_proxy,causal_ohlcv_reconstruction_not_exact_replay
2020-01-01,2025-04-07,2025-04-08,2025-04-15,0.04633136031225287,"EXC,BABA,SPOT,GILD",4,0.6,0.75,0.4,0.15,0.293029944608622,fallback_momentum_proxy,causal_ohlcv_reconstruction_not_exact_replay
2020-01-01,2025-04-14,2025-04-15,2025-04-23,0.015445991134011494,"EXC,BABA,GILD,SPOT",4,0.6,0.7423832002250875,0.4,0.0,0.296342912842447,fallback_momentum_proxy,causal_ohlcv_reconstruction_not_exact_replay
2020-01-01,2025-04-22,2025-04-23,2025-04-30,0.007350986197485931,"EXC,EA,SPOT,GILD",4,0.6,0.7414410316310727,0.4,0.15,0.29671948356571115,fallback_momentum_proxy,causal_ohlcv_reconstruction_not_exact_replay
2020-01-01,2025-04-29,2025-04-30,2025-05-07,0.00039984285123657,"MSTR,TTWO,EA,GILD",4,0.6,0.75,0.4,0.3,0.2845297046510918,fallback_momentum_proxy,causal_ohlcv_reconstruction_not_exact_replay
2020-01-01,2025-05-06,2025-05-07,2025-05-14,0.016562806627462158,"MSTR,BABA,TTWO,EA",4,0.6,0.75,0.4,0.15,0.26269342241209914,fallback_momentum_proxy,causal_ohlcv_reconstruction_not_exact_replay
2020-01-01,2025-05-13,2025-05-14,2025-05-21,-0.006982407059417616,"MCHP,MSTR,TTWO,EA",4,0.6,0.75,0.4,0.15,0.27072463120186036,fallback_momentum_proxy,causal_ohlcv_reconstruction_not_exact_replay
2020-01-01,2025-05-20,2025-05-21,2025-05-29,-0.02218211144133313,"MSTR,SE,TTWO,EA",4,0.6,0.75,0.4,0.15,0.22524692533670662,fallback_momentum_proxy,causal_ohlcv_reconstruction_not_exact_replay
2020-01-01,2025-05-28,2025-05-29,2025-06-05,0.01783792380652486,"CCJ,JMIA,TTWO,SE",4,0.6,0.75,0.4,0.3,0.222930230207302,fallback_momentum_proxy,causal_ohlcv_reconstruction_not_exact_replay
2020-01-01,2025-06-04,2025-06-05,2025-06-12,-0.021995892174230435,"NET,ZS,JMIA,SE",4,0.6,0.75,0.4,0.3,0.2282544300631421,fallback_momentum_proxy,causal_ohlcv_reconstruction_not_exact_replay
2020-01-01,2025-06-11,2025-06-12,2025-06-20,0.013459069813161195,"CCJ,NET,JMIA,SE",4,0.6,0.75,0.4,0.15,0.23059693109106286,fallback_momentum_proxy,causal_ohlcv_reconstruction_not_exact_replay
2020-01-01,2025-06-18,2025-06-20,2025-06-27,0.054989081558896334,"ASTS,CCJ,JMIA,NET",4,0.6,0.75,0.4,0.15,0.22673261493476765,fallback_momentum_proxy,causal_ohlcv_reconstruction_not_exact_replay
2020-01-01,2025-06-26,2025-06-27,2025-07-07,0.01644049476408682,"ASTS,CCJ,JMIA,NET",4,0.6,0.75,0.4,0.0,0.2527657029581943,fallback_momentum_proxy,causal_ohlcv_reconstruction_not_exact_replay
2020-01-01,2025-07-03,2025-07-07,2025-07-14,-0.0007148302452874178,"JMIA,ASTS,NET,CCJ",4,0.6,0.75,0.4,0.0,0.16060723348533365,fallback_momentum_proxy,causal_ohlcv_reconstruction_not_exact_replay
2020-01-01,2025-07-11,2025-07-14,2025-07-21,0.0581081561440924,"JMIA,ASTS,CCJ,NET",4,0.6,0.75,0.4,0.0,0.14273405589776192,fallback_momentum_proxy,causal_ohlcv_reconstruction_not_exact_replay
2020-01-01,2025-07-18,2025-07-21,2025-07-28,0.008090205673095914,"ASTS,JMIA,CCJ,NET",4,0.6,0.75,0.4,0.0,0.174704926108991,fallback_momentum_proxy,causal_ohlcv_reconstruction_not_exact_replay
2020-01-01,2025-07-25,2025-07-28,2025-08-04,-0.011474215389576839,"ASTS,JMIA,CCJ,NET",4,0.6,0.75,0.4,0.0,0.17464227568609023,fallback_momentum_proxy,causal_ohlcv_reconstruction_not_exact_replay
2020-01-01,2025-08-01,2025-08-04,2025-08-11,-0.020436339603197233,"ASTS,AMD,CCJ,NET",4,0.6,0.75,0.4,0.15,0.17935463356319933,fallback_momentum_proxy,causal_ohlcv_reconstruction_not_exact_replay
2020-01-01,2025-08-08,2025-08-11,2025-08-18,0.046070476182008956,"JMIA,ASTS,AMD,CCJ",4,0.6,0.75,0.4,0.15,0.18856966725989088,fallback_momentum_proxy,causal_ohlcv_reconstruction_not_exact_replay
2020-01-01,2025-08-15,2025-08-18,2025-08-25,-0.0048108991908473,"JMIA,ASTS,CCJ,AMD",4,0.6,0.75,0.4,0.0,0.20066421790766198,fallback_momentum_proxy,causal_ohlcv_reconstruction_not_exact_replay
2020-01-01,2025-08-22,2025-08-25,2025-09-02,-0.007262557037727357,"JMIA,ASTS,CCJ,AMD",4,0.6,0.75,0.4,0.0,0.19076560025293554,fallback_momentum_proxy,causal_ohlcv_reconstruction_not_exact_replay
2020-01-01,2025-08-29,2025-09-02,2025-09-09,0.03506164663659761,"JMIA,MDB,CCJ,AMD",4,0.6,0.75,0.4,0.15,0.1945091313946467,fallback_momentum_proxy,causal_ohlcv_reconstruction_not_exact_replay
2020-01-01,2025-09-08,2025-09-09,2025-09-16,0.04208223798344308,"JMIA,MDB,AMD,CCJ",4,0.6,0.75,0.4,0.0,0.1857755187649922,fallback_momentum_proxy,causal_ohlcv_reconstruction_not_exact_replay
2020-01-01,2025-09-15,2025-09-16,2025-09-23,-0.026317862895622816,"KEEL,JMIA,MDB,AMD",4,0.6,0.75,0.4,0.15,0.19294872955856743,fallback_momentum_proxy,causal_ohlcv_reconstruction_not_exact_replay
2020-01-01,2025-09-22,2025-09-23,2025-09-30,0.013822158844193987,"KEEL,JMIA,MDB,AMD",4,0.6,0.75,0.4,0.0,0.1934749240526688,fallback_momentum_proxy,causal_ohlcv_reconstruction_not_exact_replay
2020-01-01,2025-09-29,2025-09-30,2025-10-07,0.08819373342499326,"KEEL,JMIA,MDB,AMD",4,0.6,0.75,0.4,0.0,0.1932399684312497,fallback_momentum_proxy,causal_ohlcv_reconstruction_not_exact_replay
2020-01-01,2025-10-06,2025-10-07,2025-10-14,0.1140257594759772,"KEEL,JMIA,MDB,AMD",4,0.6,0.75,0.4,0.0,0.24433639734781734,fallback_momentum_proxy,causal_ohlcv_reconstruction_not_exact_replay
2020-01-01,2025-10-13,2025-10-14,2025-10-21,-0.03744892603793168,"KEEL,JMIA,MDB,AMD",4,0.6,0.7278917589704026,0.4,0.0,0.3022427404744743,fallback_momentum_proxy,causal_ohlcv_reconstruction_not_exact_replay
2020-01-01,2025-10-20,2025-10-21,2025-10-28,0.02338946248945543,"KEEL,JMIA,MDB,AMD",4,0.6,0.6773010230993527,0.4,0.0,0.32481864414329753,fallback_momentum_proxy,causal_ohlcv_reconstruction_not_exact_replay
2020-01-01,2025-10-27,2025-10-28,2025-11-04,-0.022423904996717932,"KEEL,JMIA,MDB,AMD",4,0.6,0.6921141811912557,0.4,0.0,0.3178666266039219,fallback_momentum_proxy,causal_ohlcv_reconstruction_not_exact_replay
2020-01-01,2025-11-03,2025-11-04,2025-11-11,-0.016321588662090797,"KEEL,WBD,MDB,AMD",4,0.6,0.6895593806671725,0.4,0.15,0.31904431462761396,fallback_momentum_proxy,causal_ohlcv_reconstruction_not_exact_replay
2020-01-01,2025-11-10,2025-11-11,2025-11-18,-0.04482994084436112,"KEEL,MU,MDB,WBD",4,0.6,0.6813603331490057,0.4,0.15,0.3228834866028054,fallback_momentum_proxy,causal_ohlcv_reconstruction_not_exact_replay
2020-01-01,2025-11-17,2025-11-18,2025-11-25,-0.008850090629692293,"MU,WBD,MDB,KEEL",4,0.6,0.6401140770627091,0.4,0.0,0.34368873905962793,fallback_momentum_proxy,causal_ohlcv_reconstruction_not_exact_replay
2020-01-01,2025-11-24,2025-11-25,2025-12-03,0.06890813398513398,"WBD,MU,MDB,KEEL",4,0.6,0.6393145239376697,0.4,0.0,0.34411857037905963,fallback_momentum_proxy,causal_ohlcv_reconstruction_not_exact_replay
2020-01-01,2025-12-02,2025-12-03,2025-12-10,0.04894427146690074,"KEEL,WBD,MDB,MU",4,0.6,0.6117428771323723,0.4,0.0,0.359628216729355,fallback_momentum_proxy,causal_ohlcv_reconstruction_not_exact_replay
2020-01-01,2025-12-09,2025-12-10,2025-12-17,-0.06200720848699959,"ASTS,INTC,MDB,WBD",4,0.6,0.6076986725269578,0.4,0.3,0.3620215247224203,fallback_momentum_proxy,causal_ohlcv_reconstruction_not_exact_replay
2020-01-01,2025-12-16,2025-12-17,2025-12-24,0.05080526589598854,"WBD,ASTS,MDB,INTC",4,0.5690957477725721,0.5690957477725721,0.4309042522274279,0.015452126113713938,0.38657818277693173,fallback_momentum_proxy,causal_ohlcv_reconstruction_not_exact_replay
2020-01-01,2025-12-23,2025-12-24,2026-01-02,0.008827476801812225,"ASTS,MU,MDB,WBD",4,0.5590023881594844,0.5590023881594844,0.44099761184051556,0.14479727684641494,0.39355824708432835,fallback_momentum_proxy,causal_ohlcv_reconstruction_not_exact_replay
2020-01-01,2025-12-31,2026-01-02,2026-01-09,0.044806223800306855,"WBD,MU,MDB,ASTS",4,0.6,0.6081930652457394,0.4,0.020498805920257768,0.3617272418440177,fallback_momentum_proxy,causal_ohlcv_reconstruction_not_exact_replay
2020-01-01,2026-01-08,2026-01-09,2026-01-16,0.0036107894700326,"MU,ILMN,MDB,WBD",4,0.6,0.7432073454880339,0.4,0.15,0.29601429713471816,fallback_momentum_proxy,causal_ohlcv_reconstruction_not_exact_replay
2020-01-01,2026-01-15,2026-01-16,2026-01-26,0.013358108695738108,"MU,LRCX,MDB,WBD",4,0.6,0.75,0.4,0.15,0.2817793961314781,fallback_momentum_proxy,causal_ohlcv_reconstruction_not_exact_replay
2020-01-01,2026-01-23,2026-01-26,2026-02-02,-0.002446660022779752,"MRNA,MU,MDB,LRCX",4,0.6,0.75,0.4,0.15,0.28009488154863016,fallback_momentum_proxy,causal_ohlcv_reconstruction_not_exact_replay
2020-01-01,2026-01-30,2026-02-02,2026-02-09,-0.03454814804487383,"MRNA,MU,LRCX",3,0.6,0.75,0.4,0.14999999999999997,0.27373735140045363,fallback_momentum_proxy,causal_ohlcv_reconstruction_not_exact_replay
2020-01-01,2026-02-06,2026-02-09,2026-02-17,0.023425486503652636,"MRNA,MU,LRCX",3,0.6,0.75,0.4,0.0,0.283212933873899,fallback_momentum_proxy,causal_ohlcv_reconstruction_not_exact_replay
2020-01-01,2026-02-13,2026-02-17,2026-02-24,0.04648285732961423,"MU,MRNA,LRCX",3,0.6,0.75,0.4,0.0,0.2606308217649658,fallback_momentum_proxy,causal_ohlcv_reconstruction_not_exact_replay
2020-01-01,2026-02-23,2026-02-24,2026-03-03,-0.043162976263646756,"MRNA,MU,LRCX",3,0.6,0.75,0.4,0.0,0.2639292873129692,fallback_momentum_proxy,causal_ohlcv_reconstruction_not_exact_replay
2020-01-01,2026-03-02,2026-03-03,2026-03-10,0.03137174955463753,"MRNA,MU,LRCX",3,0.6,0.75,0.4,0.0,0.263877162299617,fallback_momentum_proxy,causal_ohlcv_reconstruction_not_exact_replay
2020-01-01,2026-03-09,2026-03-10,2026-03-17,0.039440541614383165,"MRNA,PBR,LRCX,MU",4,0.6,0.75,0.4,0.14999999999999997,0.2542611493652669,fallback_momentum_proxy,causal_ohlcv_reconstruction_not_exact_replay
2020-01-01,2026-03-16,2026-03-17,2026-03-24,-0.018660385759279977,"MRNA,MU,LRCX,PBR",4,0.6,0.75,0.4,0.0,0.21239609087060202,fallback_momentum_proxy,causal_ohlcv_reconstruction_not_exact_replay
2020-01-01,2026-03-23,2026-03-24,2026-03-31,-0.03162113801942448,"PBR,MRNA,LRCX,MU",4,0.6,0.75,0.4,0.0,0.20693667887821157,fallback_momentum_proxy,causal_ohlcv_reconstruction_not_exact_replay
2020-01-01,2026-03-30,2026-03-31,2026-04-08,0.0017035437668572744,"PBR,VIST,LRCX,MRNA",4,0.6,0.75,0.4,0.15,0.22251694004399958,fallback_momentum_proxy,causal_ohlcv_reconstruction_not_exact_replay
2020-01-01,2026-04-07,2026-04-08,2026-04-15,0.018537599455164346,"PBR,VIST,LRCX,MRNA",4,0.6,0.75,0.4,0.0,0.20591013518459383,fallback_momentum_proxy,causal_ohlcv_reconstruction_not_exact_replay
2020-01-01,2026-04-14,2026-04-15,2026-04-22,0.04077790245290529,"MRVL,PBR,LRCX,VIST",4,0.6,0.75,0.4,0.15,0.20842027288675538,fallback_momentum_proxy,causal_ohlcv_reconstruction_not_exact_replay
2020-01-01,2026-04-21,2026-04-22,2026-04-29,0.06992444259001834,"MRVL,INTC,LRCX,VIST",4,0.6,0.75,0.4,0.15,0.22075082741382612,fallback_momentum_proxy,causal_ohlcv_reconstruction_not_exact_replay
2020-01-01,2026-04-28,2026-04-29,2026-05-06,0.061373930121933276,"INTC,MRVL,LRCX,VIST",4,0.6,0.75,0.4,0.0,0.25352402546449027,fallback_momentum_proxy,causal_ohlcv_reconstruction_not_exact_replay
2020-01-01,2026-05-05,2026-05-06,2026-05-13,0.013427852180966227,"INTC,MRVL,LRCX,VIST",4,0.6,0.75,0.4,0.0,0.24929733711960922,fallback_momentum_proxy,causal_ohlcv_reconstruction_not_exact_replay
2020-01-01,2026-05-12,2026-05-13,2026-05-20,0.004800959049443066,"INTC,AMD,LRCX,MRVL",4,0.6,0.75,0.4,0.15,0.24949239784013813,fallback_momentum_proxy,causal_ohlcv_reconstruction_not_exact_replay
2020-01-01,2026-05-19,2026-05-20,2026-05-28,0.049729780137542444,"INTC,DDOG,AMD,MRVL",4,0.6,0.75,0.4,0.15,0.2434497245747986,fallback_momentum_proxy,causal_ohlcv_reconstruction_not_exact_replay
2020-01-01,2026-05-27,2026-05-28,2026-06-04,0.08017612523899607,"KEEL,INTC,AMD,MRVL",4,0.6,0.75,0.4,0.15,0.21491413146518956,fallback_momentum_proxy,causal_ohlcv_reconstruction_not_exact_replay
2020-01-01,2026-06-03,2026-06-04,2026-06-11,-0.03031522187095748,"MRVL,KEEL,AMD,INTC",4,0.6,0.75,0.4,0.0,0.24294232096435525,fallback_momentum_proxy,causal_ohlcv_reconstruction_not_exact_replay
2020-01-01,2026-06-10,2026-06-11,2026-06-18,0.07374905794075393,"MRVL,KEEL,INTC,AMD",4,0.6,0.75,0.4,0.0,0.26666651623442034,fallback_momentum_proxy,causal_ohlcv_reconstruction_not_exact_replay
2022-01-03,2023-01-04,2023-01-05,2023-01-12,0.03447591901746596,"TCEHY,MRNA",2,0.6,0.6,0.4,0.3,,fallback_momentum_proxy,causal_ohlcv_reconstruction_not_exact_replay
2022-01-03,2023-01-11,2023-01-12,2023-01-20,0.02196928276133818,"TCEHY,PDD,MRNA",3,0.6,0.6,0.4,0.2,,fallback_momentum_proxy,causal_ohlcv_reconstruction_not_exact_replay
2022-01-03,2023-01-19,2023-01-20,2023-01-27,0.01536447141357741,"KEEL,TCEHY,PDD,MRNA",4,0.6,0.6,0.4,0.14999999999999997,,fallback_momentum_proxy,causal_ohlcv_reconstruction_not_exact_replay
2022-01-03,2023-01-26,2023-01-27,2023-02-03,-0.0434221639158694,"TCEHY,KEEL,PDD,MRNA",4,0.6,0.6,0.4,0.0,,fallback_momentum_proxy,causal_ohlcv_reconstruction_not_exact_replay
2022-01-03,2023-02-02,2023-02-03,2023-02-10,-0.06679392754213219,"META,COIN,KEEL,TCEHY",4,0.6,0.75,0.4,0.3,0.21607232838986995,fallback_momentum_proxy,causal_ohlcv_reconstruction_not_exact_replay
2022-01-03,2023-02-09,2023-02-10,2023-02-17,0.029818825797330584,"META,SPOT,KEEL,TCEHY",4,0.6,0.75,0.4,0.15,0.2877077711060111,fallback_momentum_proxy,causal_ohlcv_reconstruction_not_exact_replay
2022-01-03,2023-02-16,2023-02-17,2023-02-27,-0.0393482278574755,"SPOT,MSTR,META,TCEHY",4,0.6,0.75,0.4,0.15,0.2813114121065955,fallback_momentum_proxy,causal_ohlcv_reconstruction_not_exact_replay
2022-01-03,2023-02-24,2023-02-27,2023-03-06,0.018687211476712613,"META,SPOT,MSTR,TCEHY",4,0.6,0.75,0.4,0.0,0.2774621801495711,fallback_momentum_proxy,causal_ohlcv_reconstruction_not_exact_replay
2022-01-03,2023-03-03,2023-03-06,2023-03-13,-0.050874807933680426,"TWLO,VIST,META,MSTR",4,0.6,0.75,0.4,0.3,0.266590723275878,fallback_momentum_proxy,causal_ohlcv_reconstruction_not_exact_replay
2022-01-03,2023-03-10,2023-03-13,2023-03-20,0.009559150856149131,"META,VIST,TWLO",3,0.6,0.75,0.4,0.14999999999999997,0.27317523389213055,fallback_momentum_proxy,causal_ohlcv_reconstruction_not_exact_replay
2022-01-03,2023-03-17,2023-03-20,2023-03-27,-0.008399126608426994,"COIN,KEEL,META,VIST",4,0.6,0.75,0.4,0.3,0.2622162304628132,fallback_momentum_proxy,causal_ohlcv_reconstruction_not_exact_replay
2022-01-03,2023-03-24,2023-03-27,2023-04-03,0.03994279418378141,"KEEL,COIN,META,VIST",4,0.6,0.75,0.4,0.0,0.2500288602437067,fallback_momentum_proxy,causal_ohlcv_reconstruction_not_exact_replay
2022-01-03,2023-03-31,2023-04-03,2023-04-11,0.02389116909822108,"NVDA,KEEL,META,VIST",4,0.6,0.75,0.4,0.15,0.25714758138947774,fallback_momentum_proxy,causal_ohlcv_reconstruction_not_exact_replay
2022-01-03,2023-04-10,2023-04-11,2023-04-18,0.010873501749926578,"MSTR,NVDA,META,VIST",4,0.6,0.75,0.4,0.15,0.2512150243202912,fallback_momentum_proxy,causal_ohlcv_reconstruction_not_exact_replay
2022-01-03,2023-04-17,2023-04-18,2023-04-25,-0.06181199901864565,"META,SMCI,NVDA,MSTR",4,0.6,0.75,0.4,0.15,0.24715961214169876,fallback_momentum_proxy,causal_ohlcv_reconstruction_not_exact_replay
2022-01-03,2023-04-24,2023-04-25,2023-05-02,0.04761527506479879,"VIST,META,MSTR,NVDA",4,0.6,0.75,0.4,0.15,0.26662171302089294,fallback_momentum_proxy,causal_ohlcv_reconstruction_not_exact_replay
2022-01-03,2023-05-01,2023-05-02,2023-05-09,0.0002075642561004329,"META,NVDA,MSTR,VIST",4,0.6,0.75,0.4,0.0,0.2807380091630129,fallback_momentum_proxy,causal_ohlcv_reconstruction_not_exact_replay
2022-01-03,2023-05-08,2023-05-09,2023-05-16,-0.004759628137552409,"SMCI,SHOP,META,MSTR",4,0.6,0.75,0.4,0.3,0.24520736606165755,fallback_momentum_proxy,causal_ohlcv_reconstruction_not_exact_replay
2022-01-03,2023-05-15,2023-05-16,2023-05-23,0.022715720754909817,"SMCI,SHOP,META",3,0.6,0.75,0.4,0.14999999999999997,0.23757842708555238,fallback_momentum_proxy,causal_ohlcv_reconstruction_not_exact_replay
2022-01-03,2023-05-22,2023-05-23,2023-05-31,0.09004018179530787,"SMCI,PLTR,META,SHOP",4,0.6,0.75,0.4,0.14999999999999997,0.226330634793069,fallback_momentum_proxy,causal_ohlcv_reconstruction_not_exact_replay
2022-01-03,2023-05-30,2023-05-31,2023-06-07,0.015980357256249758,"SMCI,PLTR,META,SHOP",4,0.6,0.75,0.4,0.0,0.2838129284314189,fallback_momentum_proxy,causal_ohlcv_reconstruction_not_exact_replay
2022-01-03,2023-06-06,2023-06-07,2023-06-14,0.03892069915433973,"SMCI,PLTR,META,SHOP",4,0.6,0.75,0.4,0.0,0.2511589325353718,fallback_momentum_proxy,causal_ohlcv_reconstruction_not_exact_replay
2022-01-03,2023-06-13,2023-06-14,2023-06-22,-0.04105086946800875,"RGTI,SMCI,META,SHOP",4,0.6,0.75,0.4,0.15,0.2549442905274928,fallback_momentum_proxy,causal_ohlcv_reconstruction_not_exact_replay
2022-01-03,2023-06-21,2023-06-22,2023-06-29,0.0015940649673208906,"SMCI,PBR,META,SHOP",4,0.6,0.75,0.4,0.15,0.2769178887471105,fallback_momentum_proxy,causal_ohlcv_reconstruction_not_exact_replay
2022-01-03,2023-06-28,2023-06-29,2023-07-07,0.009839190391299536,"SMCI,MDB,META,SHOP",4,0.6,0.75,0.4,0.15,0.2725918605683147,fallback_momentum_proxy,causal_ohlcv_reconstruction_not_exact_replay
2022-01-03,2023-07-06,2023-07-07,2023-07-14,0.076457578397753,"RGTI,SMCI,MDB,META",4,0.6,0.75,0.4,0.15,0.27137558930190187,fallback_momentum_proxy,causal_ohlcv_reconstruction_not_exact_replay
2022-01-03,2023-07-13,2023-07-14,2023-07-21,-0.009200426293747321,"RGTI,SMCI,MDB,META",4,0.6,0.7303153501522254,0.4,0.0,0.3012397315134396,fallback_momentum_proxy,causal_ohlcv_reconstruction_not_exact_replay
2022-01-03,2023-07-20,2023-07-21,2023-07-28,0.08331967864401023,"RGTI,SMCI,MDB,META",4,0.6,0.75,0.4,0.0,0.2571347470918759,fallback_momentum_proxy,causal_ohlcv_reconstruction_not_exact_replay
2022-01-03,2023-07-27,2023-07-28,2023-08-04,0.0279680334902295,"RGTI,SMCI,MDB,META",4,0.6,0.75,0.4,0.0,0.28197825618871925,fallback_momentum_proxy,causal_ohlcv_reconstruction_not_exact_replay
2022-01-03,2023-08-03,2023-08-04,2023-08-11,-0.0695048097633638,"RGTI,PLTR,MDB,META",4,0.6,0.75,0.4,0.15,0.2773582101905278,fallback_momentum_proxy,causal_ohlcv_reconstruction_not_exact_replay
2022-01-03,2023-08-10,2023-08-11,2023-08-18,-0.03230271192947163,"RGTI,SMCI,MDB,META",4,0.6,0.6608344632051933,0.4,0.15,0.3329124194476047,fallback_momentum_proxy,causal_ohlcv_reconstruction_not_exact_replay
2022-01-03,2023-08-17,2023-08-18,2023-08-25,-0.011711687350091975,"RGTI,ADBE,MDB,META",4,0.6,0.6302687951237356,0.4,0.15,0.34905742074190615,fallback_momentum_proxy,causal_ohlcv_reconstruction_not_exact_replay
2022-01-03,2023-08-24,2023-08-25,2023-09-01,0.028365421178238287,"RGTI,PBR,MDB,META",4,0.6,0.7039164291103422,0.4,0.15,0.3125371008573433,fallback_momentum_proxy,causal_ohlcv_reconstruction_not_exact_replay
2022-01-03,2023-08-31,2023-09-01,2023-09-11,0.004751009924878969,"COIN,PDD,META,PBR",4,0.6,0.6985139683143377,0.4,0.3,0.31495433159469477,fallback_momentum_proxy,causal_ohlcv_reconstruction_not_exact_replay
2022-01-03,2023-09-08,2023-09-11,2023-09-18,-0.012459668685458308,"RGTI,COIN,META,PBR",4,0.6,0.7143666865060044,0.4,0.15,0.30796508873619044,fallback_momentum_proxy,causal_ohlcv_reconstruction_not_exact_replay
2022-01-03,2023-09-15,2023-09-18,2023-09-25,-0.05063071527921974,"RGTI,PDD,META,COIN",4,0.6,0.7480110757265456,0.4,0.15,0.2941132920877051,fallback_momentum_proxy,causal_ohlcv_reconstruction_not_exact_replay
2022-01-03,2023-09-22,2023-09-25,2023-10-02,-0.024028113842178622,"PDD,CCJ,META,RGTI",4,0.6,0.6947357986925315,0.4,0.15,0.31666714226333564,fallback_momentum_proxy,causal_ohlcv_reconstruction_not_exact_replay
2022-01-03,2023-09-29,2023-10-02,2023-10-09,0.021032663302025776,"PDD,CCJ,META",3,0.6,0.6853474546231384,0.4,0.14999999999999997,0.3210050588441661,fallback_momentum_proxy,causal_ohlcv_reconstruction_not_exact_replay
2022-01-03,2023-10-06,2023-10-09,2023-10-16,-0.003146887274876797,"PDD,VIST,META,CCJ",4,0.6,0.75,0.4,0.14999999999999997,0.28100093304861506,fallback_momentum_proxy,causal_ohlcv_reconstruction_not_exact_replay
2022-01-03,2023-10-13,2023-10-16,2023-10-23,-0.0031450364695081827,"PDD,CRWD,META,CCJ",4,0.6,0.75,0.4,0.15,0.2807463609650392,fallback_momentum_proxy,causal_ohlcv_reconstruction_not_exact_replay
2022-01-03,2023-10-20,2023-10-23,2023-10-30,-0.021956769456626116,"VIST,PBR,CRWD,META",4,0.6,0.75,0.4,0.3,0.209007740552307,fallback_momentum_proxy,causal_ohlcv_reconstruction_not_exact_replay
2022-01-03,2023-10-27,2023-10-30,2023-11-06,0.016491737447239543,"PDD,NVO,CRWD,VIST",4,0.6,0.75,0.4,0.3,0.19231055556171825,fallback_momentum_proxy,causal_ohlcv_reconstruction_not_exact_replay
2022-01-03,2023-11-03,2023-11-06,2023-11-13,0.035175851890597784,"MSTR,PLTR,CRWD,NVO",4,0.6,0.75,0.4,0.3,0.15940535486126298,fallback_momentum_proxy,causal_ohlcv_reconstruction_not_exact_replay
2022-01-03,2023-11-10,2023-11-13,2023-11-20,0.00687486024735795,"MSTR,RBLX,CRWD,NVO",4,0.6,0.75,0.4,0.15,0.17009016484150802,fallback_momentum_proxy,causal_ohlcv_reconstruction_not_exact_replay
2022-01-03,2023-11-17,2023-11-20,2023-11-28,-0.006852404570465254,"ASTS,MSTR,CRWD,NVO",4,0.6,0.75,0.4,0.15,0.1694159499147695,fallback_momentum_proxy,causal_ohlcv_reconstruction_not_exact_replay
2022-01-03,2023-11-27,2023-11-28,2023-12-05,0.03828071216673633,"COIN,ASTS,CRWD,NVO",4,0.6,0.75,0.4,0.15,0.15780592652202569,fallback_momentum_proxy,causal_ohlcv_reconstruction_not_exact_replay
2022-01-03,2023-12-04,2023-12-05,2023-12-12,0.04178217243873935,"COIN,KEEL,CRWD,NVO",4,0.6,0.75,0.4,0.15,0.1779513113434242,fallback_momentum_proxy,causal_ohlcv_reconstruction_not_exact_replay
2022-01-03,2023-12-11,2023-12-12,2023-12-19,0.06201799177576723,"KEEL,COIN,CRWD",3,0.6,0.75,0.4,0.14999999999999997,0.1940808098386136,fallback_momentum_proxy,causal_ohlcv_reconstruction_not_exact_replay
2022-01-03,2023-12-18,2023-12-19,2023-12-27,0.08161940531294272,"KEEL,COIN,CRWD",3,0.6,0.75,0.4,0.0,0.1859721562960241,fallback_momentum_proxy,causal_ohlcv_reconstruction_not_exact_replay
2022-01-03,2023-12-26,2023-12-27,2024-01-04,-0.07412058300649171,"KEEL,COIN,CRWD",3,0.6,0.75,0.4,0.0,0.210997200321906,fallback_momentum_proxy,causal_ohlcv_reconstruction_not_exact_replay
2022-01-03,2024-01-03,2024-01-04,2024-01-11,-0.009439372992828425,"KEEL,COIN,CRWD",3,0.6,0.75,0.4,0.0,0.28560368734513086,fallback_momentum_proxy,causal_ohlcv_reconstruction_not_exact_replay
2022-01-03,2024-01-10,2024-01-11,2024-01-19,-0.05824928469594041,"KEEL,COIN,CRWD",3,0.6,0.75,0.4,0.0,0.28754942143112305,fallback_momentum_proxy,causal_ohlcv_reconstruction_not_exact_replay
2022-01-03,2024-01-18,2024-01-19,2024-01-26,0.020247225415125445,"KEEL,AMD,CRWD,COIN",4,0.6,0.6858823360217916,0.4,0.14999999999999997,0.32075472489352785,fallback_momentum_proxy,causal_ohlcv_reconstruction_not_exact_replay
2022-01-03,2024-01-25,2024-01-26,2024-02-02,0.03477347395535708,"SMCI,AMD,CRWD,KEEL",4,0.6,0.7008880690218945,0.4,0.15,0.31388749462808674,fallback_momentum_proxy,causal_ohlcv_reconstruction_not_exact_replay
2022-01-03,2024-02-01,2024-02-02,2024-02-09,0.08207931224805537,"SMCI,KEEL,CRWD,AMD",4,0.6,0.6941932909801131,0.4,0.0,0.3169146156532107,fallback_momentum_proxy,causal_ohlcv_reconstruction_not_exact_replay
2022-01-03,2024-02-08,2024-02-09,2024-02-16,0.06301551068736361,"SMCI,KEEL,CRWD,AMD",4,0.6,0.6414179839571299,0.4,0.0,0.34299007122117736,fallback_momentum_proxy,causal_ohlcv_reconstruction_not_exact_replay
2022-01-03,2024-02-15,2024-02-16,2024-02-26,0.011324935309357076,"SMCI,KEEL,CRWD,AMD",4,0.6,0.6231854981867273,0.4,0.0,0.35302490292237293,fallback_momentum_proxy,causal_ohlcv_reconstruction_not_exact_replay
2022-01-03,2024-02-23,2024-02-26,2024-03-04,0.015113559965694285,"SMCI,KEEL,CRWD,AMD",4,0.6,0.6318101770946467,0.4,0.0,0.3482058503895284,fallback_momentum_proxy,causal_ohlcv_reconstruction_not_exact_replay
2022-01-03,2024-03-01,2024-03-04,2024-03-11,-0.023630353225047973,"SMCI,JMIA,CRWD,KEEL",4,0.6,0.6335004412536908,0.4,0.15,0.34727679047014126,fallback_momentum_proxy,causal_ohlcv_reconstruction_not_exact_replay
2022-01-03,2024-03-08,2024-03-11,2024-03-18,-0.017470113961557832,"SMCI,MSTR,CRWD,KEEL",4,0.6,0.6181286369928252,0.4,0.15,0.3559129715625093,fallback_momentum_proxy,causal_ohlcv_reconstruction_not_exact_replay
2022-01-03,2024-03-15,2024-03-18,2024-03-25,0.057733317495489926,"MSTR,SMCI,CRWD",3,0.6,0.6329726516571753,0.4,0.14999999999999997,0.3475663591847477,fallback_momentum_proxy,causal_ohlcv_reconstruction_not_exact_replay
2022-01-03,2024-03-22,2024-03-25,2024-04-02,-0.03938216722047696,"SMCI,MSTR,CRWD",3,0.6,0.668407837802231,0.4,0.0,0.32914036544420916,fallback_momentum_proxy,causal_ohlcv_reconstruction_not_exact_replay
2022-01-03,2024-04-01,2024-04-02,2024-04-09,-0.043886984262157494,"SMCI,MSTR,CRWD",3,0.6,0.740492159021671,0.4,0.0,0.297099702298889,fallback_momentum_proxy,causal_ohlcv_reconstruction_not_exact_replay
2022-01-03,2024-04-08,2024-04-09,2024-04-16,-0.01748285553801563,"MSTR,SMCI,CRWD",3,0.6,0.6985488757903852,0.4,0.0,0.31493859288095943,fallback_momentum_proxy,causal_ohlcv_reconstruction_not_exact_replay
2022-01-03,2024-04-15,2024-04-16,2024-04-23,-0.030100748700825214,"SMCI,MSTR,CRWD",3,0.6,0.75,0.4,0.0,0.2867305284797924,fallback_momentum_proxy,causal_ohlcv_reconstruction_not_exact_replay
2022-01-03,2024-04-22,2024-04-23,2024-04-30,-0.04292283808315965,"MSTR,COIN,SMCI",3,0.6,0.7389873860994474,0.4,0.19999999999999998,0.2977046755306782,fallback_momentum_proxy,causal_ohlcv_reconstruction_not_exact_replay
2022-01-03,2024-04-29,2024-04-30,2024-05-07,0.03253317653305299,"MSTR,SE,SMCI,COIN",4,0.6,0.7161935215291715,0.4,0.14999999999999997,0.3071795448948907,fallback_momentum_proxy,causal_ohlcv_reconstruction_not_exact_replay
2022-01-03,2024-05-06,2024-05-07,2024-05-14,-0.0054130573150427685,"MSTR,SNAP,SE,SMCI",4,0.6,0.75,0.4,0.15,0.2634017091600505,fallback_momentum_proxy,causal_ohlcv_reconstruction_not_exact_replay
2022-01-03,2024-05-13,2024-05-14,2024-05-21,0.07640208917960982,"SNAP,MSTR,SE",3,0.6,0.75,0.4,0.14999999999999997,0.22106935725943072,fallback_momentum_proxy,causal_ohlcv_reconstruction_not_exact_replay
2022-01-03,2024-05-20,2024-05-21,2024-05-29,0.11879679596131712,"ASTS,MSTR,SE,SNAP",4,0.6,0.75,0.4,0.14999999999999997,0.2773984898129575,fallback_momentum_proxy,causal_ohlcv_reconstruction_not_exact_replay
2022-01-03,2024-05-28,2024-05-29,2024-06-05,0.016872679975374547,"ASTS,MRNA,SE,MSTR",4,0.5963033778912662,0.5963033778912662,0.4036966221087338,0.15092415552718344,0.36893971786307106,fallback_momentum_proxy,causal_ohlcv_reconstruction_not_exact_replay
2022-01-03,2024-06-04,2024-06-05,2024-06-12,0.007398376858548605,"ASTS,MRNA,SE,MSTR",4,0.6,0.6045427580664798,0.4,0.0018483110543668912,0.36391139760507596,fallback_momentum_proxy,causal_ohlcv_reconstruction_not_exact_replay
2022-01-03,2024-06-11,2024-06-12,2024-06-20,-0.015855662069683377,"ASTS,JMIA,SE,MSTR",4,0.6,0.6119977504980876,0.4,0.15,0.3594784455023703,fallback_momentum_proxy,causal_ohlcv_reconstruction_not_exact_replay
2022-01-03,2024-06-18,2024-06-20,2024-06-27,-0.03767285633985492,"ASTS,KEEL,JMIA,SE",4,0.6,0.6328391836381848,0.4,0.15,0.3476396621574895,fallback_momentum_proxy,causal_ohlcv_reconstruction_not_exact_replay
2022-01-03,2024-06-26,2024-06-27,2024-07-05,0.040152029713049486,"ASTS,SNAP,KEEL,JMIA",4,0.6,0.6345271148471191,0.4,0.15,0.3467148918498244,fallback_momentum_proxy,causal_ohlcv_reconstruction_not_exact_replay
2022-01-03,2024-07-03,2024-07-05,2024-07-12,0.07928937218358965,"ASTS,TSLA,KEEL,JMIA",4,0.6,0.6552152096738044,0.4,0.15,0.3357675413388616,fallback_momentum_proxy,causal_ohlcv_reconstruction_not_exact_replay
2022-01-03,2024-07-11,2024-07-12,2024-07-19,0.0011123633998077528,"ASTS,JMIA,TSLA,KEEL",4,0.6,0.6215024807936713,0.4,0.0,0.35398088792671517,fallback_momentum_proxy,causal_ohlcv_reconstruction_not_exact_replay
2022-01-03,2024-07-18,2024-07-19,2024-07-26,0.06012975877615848,"ASTS,JMIA,TSLA,KEEL",4,0.6,0.6469714080458224,0.4,0.0,0.34004593906940983,fallback_momentum_proxy,causal_ohlcv_reconstruction_not_exact_replay
2022-01-03,2024-07-25,2024-07-26,2024-08-02,-0.06693945989521782,"ASTS,JMIA,TSLA,KEEL",4,0.6,0.6980313437424734,0.4,0.0,0.3151720935917817,fallback_momentum_proxy,causal_ohlcv_reconstruction_not_exact_replay
2022-01-03,2024-08-01,2024-08-02,2024-08-09,-0.061953666793435,"ASTS,JMIA,TSLA,KEEL",4,0.5934222659370095,0.5934222659370095,0.40657773406299047,0.003288867031495224,0.37073094932260686,fallback_momentum_proxy,causal_ohlcv_reconstruction_not_exact_replay
2022-01-03,2024-08-08,2024-08-09,2024-08-16,0.07687082401931898,"ASTS,CHTR,TSLA,KEEL",4,0.5432638998419129,0.5432638998419129,0.4567361001580871,0.16089515800802653,0.40495972595274393,fallback_momentum_proxy,causal_ohlcv_reconstruction_not_exact_replay
2022-01-03,2024-08-15,2024-08-16,2024-08-23,0.007612969841570699,"ASTS,PLTR,TSLA,CHTR",4,0.5428708772727504,0.5428708772727504,0.4571291227272496,0.13591423060276886,0.4052529048992752,fallback_momentum_proxy,causal_ohlcv_reconstruction_not_exact_replay
2022-01-03,2024-08-22,2024-08-23,2024-08-30,-0.037048107162136634,"ASTS,RKLB,TSLA,CHTR",4,0.6,0.644877113021963,0.4,0.1642822806818124,0.3411502681015558,fallback_momentum_proxy,causal_ohlcv_reconstruction_not_exact_replay
2022-01-03,2024-08-29,2024-08-30,2024-09-09,-0.027406643751894492,"ASTS,RKLB,TSLA,CHTR",4,0.6,0.6242164749711182,0.4,0.0,0.352441835198565,fallback_momentum_proxy,causal_ohlcv_reconstruction_not_exact_replay
2022-01-03,2024-09-06,2024-09-09,2024-09-16,0.06844691650950592,"ASTS,RKLB,TSLA,CHTR",4,0.6,0.6146062999210048,0.4,0.0,0.3579527252295926,fallback_momentum_proxy,causal_ohlcv_reconstruction_not_exact_replay
2022-01-03,2024-09-13,2024-09-16,2024-09-23,-0.002074088334354896,"ASTS,RKLB,TSLA,CHTR",4,0.5804319196817083,0.5804319196817083,0.41956808031829174,0.009784040159145857,0.37902808674037347,fallback_momentum_proxy,causal_ohlcv_reconstruction_not_exact_replay
2022-01-03,2024-09-20,2024-09-23,2024-09-30,-0.0019899736062876988,"ASTS,PLTR,TSLA,CHTR",4,0.6,0.6000198562160057,0.4,0.15489202007957292,0.3666545327139982,fallback_momentum_proxy,causal_ohlcv_reconstruction_not_exact_replay
2022-01-03,2024-09-27,2024-09-30,2024-10-07,-0.019582043686059123,"RKLB,ASTS,TSLA,CHTR",4,0.6,0.6077643520325525,0.4,0.15,0.3619824020021111,fallback_momentum_proxy,causal_ohlcv_reconstruction_not_exact_replay
2022-01-03,2024-10-04,2024-10-07,2024-10-14,-0.005792007681367683,"RKLB,ASTS,TSLA,CHTR",4,0.6,0.6670382775682168,0.4,0.0,0.3298161550818963,fallback_momentum_proxy,causal_ohlcv_reconstruction_not_exact_replay
2022-01-03,2024-10-11,2024-10-14,2024-10-21,0.07199836008155062,"RKLB,ASTS",2,0.6,0.6667051633401876,0.4,0.3,0.32998094524692406,fallback_momentum_proxy,causal_ohlcv_reconstruction_not_exact_replay
2022-01-03,2024-10-18,2024-10-21,2024-10-28,0.013047798118435636,"OKLO,RKLB,ASTS",3,0.6,0.6467362327600844,0.4,0.2,0.34016959133571845,fallback_momentum_proxy,causal_ohlcv_reconstruction_not_exact_replay
2022-01-03,2024-10-25,2024-10-28,2024-11-04,-0.04921630930130118,"OKLO,RKLB,ASTS",3,0.6,0.7152752475433921,0.4,0.0,0.30757390355054015,fallback_momentum_proxy,causal_ohlcv_reconstruction_not_exact_replay
2022-01-03,2024-11-01,2024-11-04,2024-11-11,0.09820458562112204,"OKLO,RKLB,ASTS",3,0.6,0.7430925682899374,0.4,0.0,0.29606001915250096,fallback_momentum_proxy,causal_ohlcv_reconstruction_not_exact_replay
2022-01-03,2024-11-08,2024-11-11,2024-11-18,0.04927333081503772,"OKLO,RKLB",2,0.6,0.6881368145509935,0.4,0.2,0.3197038660742909,fallback_momentum_proxy,causal_ohlcv_reconstruction_not_exact_replay
2022-01-03,2024-11-15,2024-11-18,2024-11-25,0.08082837884012938,"RKLB,MSTR,OKLO",3,0.6,0.6683345763417288,0.4,0.2,0.32917644513353883,fallback_momentum_proxy,causal_ohlcv_reconstruction_not_exact_replay
2022-01-03,2024-11-22,2024-11-25,2024-12-03,-0.04787871281471068,"RKLB,OKLO,MSTR",3,0.6,0.6566047695078772,0.4,0.0,0.3350569630569226,fallback_momentum_proxy,causal_ohlcv_reconstruction_not_exact_replay
2022-01-03,2024-12-02,2024-12-03,2024-12-10,0.14780918026576242,"RGTI,RKLB,OKLO,MSTR",4,0.6,0.6276307939003953,0.4,0.14999999999999997,0.3505245474537916,fallback_momentum_proxy,causal_ohlcv_reconstruction_not_exact_replay
2022-01-03,2024-12-09,2024-12-10,2024-12-17,0.12045397419151019,"RGTI,RKLB,OKLO,MSTR",4,0.5180659037711549,0.5180659037711549,0.4819340962288451,0.04096704811442253,0.42465639679923917,fallback_momentum_proxy,causal_ohlcv_reconstruction_not_exact_replay
2022-01-03,2024-12-16,2024-12-17,2024-12-24,0.023089464962765274,"RGTI,RKLB,OKLO,MSTR",4,0.482203522870012,0.482203522870012,0.517796477129988,0.017931190450571455,0.456238889941303,fallback_momentum_proxy,causal_ohlcv_reconstruction_not_exact_replay
2022-01-03,2024-12-23,2024-12-24,2025-01-02,0.05672995850097984,"RGTI,RKLB,OKLO,MSTR",4,0.4895670266095376,0.4895670266095376,0.5104329733904625,0.0036817518697628004,0.4493766696740071,fallback_momentum_proxy,causal_ohlcv_reconstruction_not_exact_replay
2022-01-03,2024-12-31,2025-01-02,2025-01-10,-0.0290138426618047,"RGTI,RKLB,OKLO,MSTR",4,0.5107410798759956,0.5107410798759956,0.4892589201240044,0.010587026633228996,0.43074663203792907,fallback_momentum_proxy,causal_ohlcv_reconstruction_not_exact_replay
2022-01-03,2025-01-08,2025-01-10,2025-01-17,0.02889623925587886,"RGTI,OKLO,MSTR,RKLB",4,0.4941413271894414,0.4941413271894414,0.5058586728105585,0.008299876343277085,0.44521675863726634,fallback_momentum_proxy,causal_ohlcv_reconstruction_not_exact_replay
2022-01-03,2025-01-16,2025-01-17,2025-01-27,0.07024282974173568,"RGTI,RKLB,OKLO,MSTR",4,0.49773405190877895,0.49773405190877895,0.502265948091221,0.0017963623596687628,0.4420031122168832,fallback_momentum_proxy,causal_ohlcv_reconstruction_not_exact_replay
2022-01-03,2025-01-24,2025-01-27,2025-02-03,0.0648798139712437,"RGTI,RKLB,OKLO,MSTR",4,0.4988468736474329,0.4988468736474329,0.501153126352567,0.0005564108693269787,0.44101709687267304,fallback_momentum_proxy,causal_ohlcv_reconstruction_not_exact_replay
2022-01-03,2025-01-31,2025-02-03,2025-02-10,0.018178560614764434,"RGTI,RKLB,OKLO,MSTR",4,0.5637953368572269,0.5637953368572269,0.43620466314277306,0.032474231604897014,0.39021252149113084,fallback_momentum_proxy,causal_ohlcv_reconstruction_not_exact_replay
2022-01-03,2025-02-07,2025-02-10,2025-02-18,-0.04425209634585249,"RGTI,OKLO,MSTR,RKLB",4,0.5719732722233554,0.5719732722233554,0.42802672777664463,0.004088967683064215,0.38463335733298054,fallback_momentum_proxy,causal_ohlcv_reconstruction_not_exact_replay
2022-01-03,2025-02-14,2025-02-18,2025-02-25,-0.13257416694145607,"RGTI,OKLO,RKLB",3,0.5154591194294875,0.5154591194294875,0.4845408805705125,0.1147362416589049,0.42680397282232,fallback_momentum_proxy,causal_ohlcv_reconstruction_not_exact_replay
2022-01-03,2025-02-24,2025-02-25,2025-03-04,-0.04173100071224431,"RGTI,SMCI,OKLO",3,0.40917701928378886,0.40917701928378886,0.5908229807162111,0.18953338983411228,0.5376646039043966,fallback_momentum_proxy,causal_ohlcv_reconstruction_not_exact_replay
2022-01-03,2025-03-03,2025-03-04,2025-03-11,-0.0039153700485853055,"RGTI,BABA,OKLO,SMCI",4,0.41176960476863533,0.41176960476863533,0.5882303952313647,0.10164610844973558,0.5342793578064446,fallback_momentum_proxy,causal_ohlcv_reconstruction_not_exact_replay
2022-01-03,2025-03-10,2025-03-11,2025-03-18,0.0717246172343014,"BABA,RGTI",2,0.4761122493101905,0.4761122493101905,0.5238877506898094,0.23805612465509526,0.4620759081891809,fallback_momentum_proxy,causal_ohlcv_reconstruction_not_exact_replay
2022-01-03,2025-03-17,2025-03-18,2025-03-25,-0.031391342853930734,"BABA,TCEHY,RGTI",3,0.5233855272659229,0.5233855272659229,0.4766144727340771,0.1508252034441081,0.4203402435471279,fallback_momentum_proxy,causal_ohlcv_reconstruction_not_exact_replay
2022-01-03,2025-03-24,2025-03-25,2025-04-01,-0.03888233567407577,"BABA,OKLO,TCEHY",3,0.5173814112318192,0.5173814112318192,0.48261858876818076,0.17546252842765825,0.42521821469427756,fallback_momentum_proxy,causal_ohlcv_reconstruction_not_exact_replay
2022-01-03,2025-03-31,2025-04-01,2025-04-08,-0.10806238768913226,"BABA,EC,TCEHY",3,0.5304167919260637,0.5304167919260637,0.4695832080739363,0.17897816075772865,0.4147681659947644,fallback_momentum_proxy,causal_ohlcv_reconstruction_not_exact_replay
2022-01-03,2025-04-07,2025-04-08,2025-04-15,0.05894066524518368,"EXC,PLTR,EC,TCEHY",4,0.47684567614443935,0.47684567614443935,0.5231543238555607,0.26520839596303186,0.46136519844076496,fallback_momentum_proxy,causal_ohlcv_reconstruction_not_exact_replay
2022-01-03,2025-04-14,2025-04-15,2025-04-23,0.01262177232515688,"PLTR,EXC,TCEHY,EC",4,0.4615956172262669,0.4615956172262669,0.538404382773733,0.007625029459086219,0.4766076448515313,fallback_momentum_proxy,causal_ohlcv_reconstruction_not_exact_replay
2022-01-03,2025-04-22,2025-04-23,2025-04-30,-0.007006470054164497,"EXC,EA,TCEHY,EC",4,0.491440186265476,0.491440186265476,0.508559813734524,0.13032118882617127,0.4476638381403266,fallback_momentum_proxy,causal_ohlcv_reconstruction_not_exact_replay
2022-01-03,2025-04-29,2025-04-30,2025-05-07,0.008036737071162208,"PLTR,MSTR,EA,TCEHY",4,0.5313155797264782,0.5313155797264782,0.46868442027352175,0.2656577898632391,0.41406653295063583,fallback_momentum_proxy,causal_ohlcv_reconstruction_not_exact_replay
2022-01-03,2025-05-06,2025-05-07,2025-05-14,0.024484016617175208,"MSTR,BABA,TCEHY,EA",4,0.5360158218080031,0.5360158218080031,0.4639841781919969,0.135179015972382,0.4104356458321157,fallback_momentum_proxy,causal_ohlcv_reconstruction_not_exact_replay
2022-01-03,2025-05-13,2025-05-14,2025-05-21,-0.006718770573558151,"MCHP,MSTR,EA,TCEHY",4,0.5280227052597153,0.5280227052597153,0.4719772947402847,0.13600223458907273,0.4166487497763755,fallback_momentum_proxy,causal_ohlcv_reconstruction_not_exact_replay
2022-01-03,2025-05-20,2025-05-21,2025-05-29,-0.021624289867912167,"MSTR,PLTR,TCEHY,EA",4,0.6,0.6664347947588525,0.4,0.16799432368507117,0.33011481652845925,fallback_momentum_proxy,causal_ohlcv_reconstruction_not_exact_replay
2022-01-03,2025-05-28,2025-05-29,2025-06-05,-0.037583270990495944,"OKLO,RGTI,EA,MSTR",4,0.6,0.6815079293179939,0.4,0.3,0.32281355878010226,fallback_momentum_proxy,causal_ohlcv_reconstruction_not_exact_replay
2022-01-03,2025-06-04,2025-06-05,2025-06-12,0.06320109764820712,"OKLO,RBLX,MSTR,EA",4,0.6,0.6668582191442751,0.4,0.15,0.3299052087598292,fallback_momentum_proxy,causal_ohlcv_reconstruction_not_exact_replay
2022-01-03,2025-06-11,2025-06-12,2025-06-20,-0.007646182596584516,"OKLO,RBLX,MSTR,EA",4,0.6,0.6842893413563336,0.4,0.0,0.32150142739902515,fallback_momentum_proxy,causal_ohlcv_reconstruction_not_exact_replay
2022-01-03,2025-06-18,2025-06-20,2025-06-27,0.017110431382616042,"OKLO,ASTS,MSTR,EA",4,0.6,0.6936817908002187,0.4,0.15,0.31714829900062963,fallback_momentum_proxy,causal_ohlcv_reconstruction_not_exact_replay
2022-01-03,2025-06-26,2025-06-27,2025-07-07,-0.008703431916258202,"ASTS,OKLO,EA,MSTR",4,0.6,0.7078226666755744,0.4,0.0,0.3108123126845774,fallback_momentum_proxy,causal_ohlcv_reconstruction_not_exact_replay
2022-01-03,2025-07-03,2025-07-07,2025-07-14,0.019881088338574368,"JMIA,ASTS,EA,OKLO",4,0.6,0.75,0.4,0.15,0.20753290204585634,fallback_momentum_proxy,causal_ohlcv_reconstruction_not_exact_replay
2022-01-03,2025-07-11,2025-07-14,2025-07-21,0.026742170453292514,"COIN,OKLO,EA,JMIA",4,0.6,0.75,0.4,0.15,0.178496049279452,fallback_momentum_proxy,causal_ohlcv_reconstruction_not_exact_replay
2022-01-03,2025-07-18,2025-07-21,2025-07-28,0.032505175947100604,"OKLO,RKLB,EA,JMIA",4,0.6,0.75,0.4,0.15,0.18337346105491323,fallback_momentum_proxy,causal_ohlcv_reconstruction_not_exact_replay
2022-01-03,2025-07-25,2025-07-28,2025-08-04,0.004264118809869799,"OKLO,RKLB,JMIA,EA",4,0.6,0.75,0.4,0.0,0.18821639694157752,fallback_momentum_proxy,causal_ohlcv_reconstruction_not_exact_replay
2022-01-03,2025-08-01,2025-08-04,2025-08-11,0.0259196411711181,"OKLO,ASTS,JMIA,RKLB",4,0.6,0.75,0.4,0.15,0.18846228437945586,fallback_momentum_proxy,causal_ohlcv_reconstruction_not_exact_replay
2022-01-03,2025-08-08,2025-08-11,2025-08-18,0.03819382131588689,"OKLO,RKLB,JMIA,ASTS",4,0.6,0.75,0.4,0.0,0.18900009942490217,fallback_momentum_proxy,causal_ohlcv_reconstruction_not_exact_replay
2022-01-03,2025-08-15,2025-08-18,2025-08-25,0.021973143997944034,"JMIA,OKLO,RKLB,ASTS",4,0.6,0.75,0.4,0.0,0.19400080568212366,fallback_momentum_proxy,causal_ohlcv_reconstruction_not_exact_replay
2022-01-03,2025-08-22,2025-08-25,2025-09-02,0.004488032654004509,"JMIA,ASTS,OKLO,RKLB",4,0.6,0.75,0.4,0.0,0.17950380009294534,fallback_momentum_proxy,causal_ohlcv_reconstruction_not_exact_replay
2022-01-03,2025-08-29,2025-09-02,2025-09-09,0.030989093163944548,"JMIA,MDB,OKLO,RKLB",4,0.6,0.75,0.4,0.15,0.1399920860748151,fallback_momentum_proxy,causal_ohlcv_reconstruction_not_exact_replay
2022-01-03,2025-09-08,2025-09-09,2025-09-16,0.04372890530958202,"JMIA,MDB,RKLB",3,0.6,0.75,0.4,0.14999999999999997,0.10775321748490813,fallback_momentum_proxy,causal_ohlcv_reconstruction_not_exact_replay
2022-01-03,2025-09-15,2025-09-16,2025-09-23,-0.00874313477773538,"KEEL,JMIA,MDB,RKLB",4,0.6,0.75,0.4,0.14999999999999997,0.10515509734758545,fallback_momentum_proxy,causal_ohlcv_reconstruction_not_exact_replay
2022-01-03,2025-09-22,2025-09-23,2025-09-30,-0.0011825627272708632,"KEEL,JMIA,MDB,RKLB",4,0.6,0.75,0.4,0.0,0.12115795431919826,fallback_momentum_proxy,causal_ohlcv_reconstruction_not_exact_replay
2022-01-03,2025-09-29,2025-09-30,2025-10-07,0.08467677079541389,"KEEL,JMIA,MDB,RKLB",4,0.6,0.75,0.4,0.0,0.11437048363267567,fallback_momentum_proxy,causal_ohlcv_reconstruction_not_exact_replay
2022-01-03,2025-10-06,2025-10-07,2025-10-14,0.15106962559932846,"RGTI,KEEL,MDB,JMIA",4,0.6,0.75,0.4,0.15,0.1724795072417881,fallback_momentum_proxy,causal_ohlcv_reconstruction_not_exact_replay
2022-01-03,2025-10-13,2025-10-14,2025-10-21,-0.09424969120371188,"KEEL,RGTI,MDB,JMIA",4,0.6,0.7225473481719242,0.4,0.0,0.3044783162745105,fallback_momentum_proxy,causal_ohlcv_reconstruction_not_exact_replay
2022-01-03,2025-10-20,2025-10-21,2025-10-28,-0.000173159534964119,"KEEL,RGTI,MDB,JMIA",4,0.550016815406924,0.550016815406924,0.44998318459307596,0.024991592296537968,0.3999877709870295,fallback_momentum_proxy,causal_ohlcv_reconstruction_not_exact_replay
2022-01-03,2025-10-27,2025-10-28,2025-11-04,-0.023260427641486617,"KEEL,RGTI,MDB,JMIA",4,0.548511662464916,0.548511662464916,0.451488337535084,0.0007525764710040184,0.4010853643682949,fallback_momentum_proxy,causal_ohlcv_reconstruction_not_exact_replay
2022-01-03,2025-11-03,2025-11-04,2025-11-11,-0.027179598870400036,"KEEL,RGTI,MDB,JMIA",4,0.533629426899563,0.533629426899563,0.46637057310043695,0.007441117782676476,0.4122711172024763,fallback_momentum_proxy,causal_ohlcv_reconstruction_not_exact_replay
2022-01-03,2025-11-10,2025-11-11,2025-11-18,-0.044682716638058985,"KEEL,MU,MDB,JMIA",4,0.5229356885370966,0.5229356885370966,0.4770643114629034,0.13608079131550738,0.4207018278202548,fallback_momentum_proxy,causal_ohlcv_reconstruction_not_exact_replay
2022-01-03,2025-11-17,2025-11-18,2025-11-25,0.004853116629660117,"MU,WBD,MDB,JMIA",4,0.5037699672447764,0.5037699672447764,0.4962300327552236,0.1355253524573542,0.43670725589940607,fallback_momentum_proxy,causal_ohlcv_reconstruction_not_exact_replay
2022-01-03,2025-11-24,2025-11-25,2025-12-03,0.043166832401129354,"WBD,MU,MDB,JMIA",4,0.5037907297837774,0.5037907297837774,0.49620927021622263,1.0381269500481238e-05,0.4366892580465347,fallback_momentum_proxy,causal_ohlcv_reconstruction_not_exact_replay
2022-01-03,2025-12-02,2025-12-03,2025-12-10,0.03626389072770432,"KEEL,WBD,MDB,JMIA",4,0.5000796831469382,0.5000796831469382,0.4999203168530618,0.12687544410515414,0.4399298900038646,fallback_momentum_proxy,causal_ohlcv_reconstruction_not_exact_replay
2022-01-03,2025-12-09,2025-12-10,2025-12-17,-0.051938848300208715,"ASTS,INTC,MDB,WBD",4,0.5025755833962259,0.5025755833962259,0.4974244166037741,0.25128779169811294,0.4377451019671882,fallback_momentum_proxy,causal_ohlcv_reconstruction_not_exact_replay
2022-01-03,2025-12-16,2025-12-17,2025-12-24,0.04326555433779251,"WBD,ASTS,MDB,INTC",4,0.4846395853742593,0.4846395853742593,0.5153604146257407,0.008967999010983302,0.453945584800108,fallback_momentum_proxy,causal_ohlcv_reconstruction_not_exact_replay
2022-01-03,2025-12-23,2025-12-24,2026-01-02,-0.006340151062912405,"RKLB,ASTS,MDB,WBD",4,0.4789684785880371,0.4789684785880371,0.521031521411963,0.12257767304012036,0.4593204142546987,fallback_momentum_proxy,causal_ohlcv_reconstruction_not_exact_replay
2022-01-03,2025-12-31,2026-01-02,2026-01-09,0.04106691708753875,"RKLB,WBD,MDB,ASTS",4,0.5113590424311071,0.5113590424311071,0.4886409575688929,0.016195281921534993,0.43022608724014016,fallback_momentum_proxy,causal_ohlcv_reconstruction_not_exact_replay
2022-01-03,2026-01-08,2026-01-09,2026-01-16,0.02323569995880504,"MU,RKLB,MDB,WBD",4,0.6,0.6613590424311071,0.4,0.17216023939222322,0.30262847259652764,fallback_momentum_proxy,causal_ohlcv_reconstruction_not_exact_replay
2022-01-03,2026-01-15,2026-01-16,2026-01-26,-0.011223085974564286,"MU,RKLB,MDB,WBD",4,0.6,0.75,0.4,0.0,0.23909631372152998,fallback_momentum_proxy,causal_ohlcv_reconstruction_not_exact_replay
2022-01-03,2026-01-23,2026-01-26,2026-02-02,-0.016117564485316576,"MRNA,MU,MDB,WBD",4,0.6,0.75,0.4,0.15,0.24077813938294784,fallback_momentum_proxy,causal_ohlcv_reconstruction_not_exact_replay
2022-01-03,2026-01-30,2026-02-02,2026-02-09,-0.02987896596753088,"MRNA,MU,WBD",3,0.6,0.75,0.4,0.14999999999999997,0.23789995143193704,fallback_momentum_proxy,causal_ohlcv_reconstruction_not_exact_replay
2022-01-03,2026-02-06,2026-02-09,2026-02-17,0.029249403169059194,"MRNA,MU,WBD",3,0.6,0.75,0.4,0.0,0.23943306000887582,fallback_momentum_proxy,causal_ohlcv_reconstruction_not_exact_replay
2022-01-03,2026-02-13,2026-02-17,2026-02-24,0.04190490206059243,"MU,MRNA,WBD",3,0.6,0.75,0.4,0.0,0.22072356746334215,fallback_momentum_proxy,causal_ohlcv_reconstruction_not_exact_replay
2022-01-03,2026-02-23,2026-02-24,2026-03-03,-0.02758886222785628,"MRNA,MU,WBD",3,0.6,0.75,0.4,0.0,0.23001003877550716,fallback_momentum_proxy,causal_ohlcv_reconstruction_not_exact_replay
2022-01-03,2026-03-02,2026-03-03,2026-03-10,0.029891656394266785,"MRNA,MU,WBD",3,0.6,0.75,0.4,0.0,0.23153892104698923,fallback_momentum_proxy,causal_ohlcv_reconstruction_not_exact_replay
2022-01-03,2026-03-09,2026-03-10,2026-03-17,0.04214274963801019,"MRNA,PBR,MU",3,0.6,0.75,0.4,0.19999999999999998,0.22825368698364695,fallback_momentum_proxy,causal_ohlcv_reconstruction_not_exact_replay
2022-01-03,2026-03-16,2026-03-17,2026-03-24,-0.035804703351666294,"MRNA,MU,PBR",3,0.6,0.75,0.4,0.0,0.20113997888274088,fallback_momentum_proxy,causal_ohlcv_reconstruction_not_exact_replay
2022-01-03,2026-03-23,2026-03-24,2026-03-31,-0.021076270325681087,"PBR,MRNA,MU",3,0.6,0.75,0.4,0.0,0.21156051893824926,fallback_momentum_proxy,causal_ohlcv_reconstruction_not_exact_replay
2022-01-03,2026-03-30,2026-03-31,2026-04-08,-0.028459685850964915,"PBR,VIST,MRNA",3,0.6,0.75,0.4,0.19999999999999998,0.21745643215064198,fallback_momentum_proxy,causal_ohlcv_reconstruction_not_exact_replay
2022-01-03,2026-04-07,2026-04-08,2026-04-15,0.009568110072470978,"PBR,VIST,MRNA",3,0.6,0.75,0.4,0.0,0.212244031900284,fallback_momentum_proxy,causal_ohlcv_reconstruction_not_exact_replay
2022-01-03,2026-04-14,2026-04-15,2026-04-22,0.04426167683068949,"MRVL,PBR,VIST,MRNA",4,0.6,0.75,0.4,0.14999999999999997,0.2073655220919588,fallback_momentum_proxy,causal_ohlcv_reconstruction_not_exact_replay
2022-01-03,2026-04-21,2026-04-22,2026-04-29,0.08506665312519236,"MRVL,INTC,VIST,PBR",4,0.6,0.75,0.4,0.15,0.22478725096782703,fallback_momentum_proxy,causal_ohlcv_reconstruction_not_exact_replay
2022-01-03,2026-04-28,2026-04-29,2026-05-06,0.02572284480893578,"INTC,MRVL,VIST,PBR",4,0.6,0.75,0.4,0.0,0.27254398123760837,fallback_momentum_proxy,causal_ohlcv_reconstruction_not_exact_replay
2022-01-03,2026-05-05,2026-05-06,2026-05-13,0.004831948412626691,"INTC,MRVL,PBR,VIST",4,0.6,0.75,0.4,0.0,0.2580107165779813,fallback_momentum_proxy,causal_ohlcv_reconstruction_not_exact_replay
2022-01-03,2026-05-12,2026-05-13,2026-05-20,0.008339462423210714,"INTC,AMD,MRVL,PBR",4,0.6,0.75,0.4,0.15,0.257264002124691,fallback_momentum_proxy,causal_ohlcv_reconstruction_not_exact_replay
2022-01-03,2026-05-19,2026-05-20,2026-05-28,0.049729780137542444,"INTC,DDOG,AMD,MRVL",4,0.6,0.75,0.4,0.15,0.2502041890518758,fallback_momentum_proxy,causal_ohlcv_reconstruction_not_exact_replay
2022-01-03,2026-05-27,2026-05-28,2026-06-04,0.08017612523899607,"KEEL,INTC,AMD,MRVL",4,0.6,0.75,0.4,0.15,0.24539191234380645,fallback_momentum_proxy,causal_ohlcv_reconstruction_not_exact_replay
2022-01-03,2026-06-03,2026-06-04,2026-06-11,-0.03031522187095748,"MRVL,KEEL,AMD,INTC",4,0.6,0.75,0.4,0.0,0.2747877126914949,fallback_momentum_proxy,causal_ohlcv_reconstruction_not_exact_replay
2022-01-03,2026-06-10,2026-06-11,2026-06-18,0.07374905794075393,"MRVL,KEEL,INTC,AMD",4,0.6,0.75,0.4,0.0,0.28937890847970116,fallback_momentum_proxy,causal_ohlcv_reconstruction_not_exact_replay
